"muni_id","clues_total","clues_publico","pob_adulta","clues_por_10k","clues_publico_por_10k"
"01005",16,10,78636,2.03469148990284,1.27168218118928
"01008",8,7,5599,14.2882657617432,12.5022325415253
"01001",199,74,622312,3.19775289565363,1.18911414210235
"01004",5,4,10098,4.95147553971083,3.96118043176867
"01011",10,5,35850,2.78940027894003,1.39470013947001
"01006",11,6,28725,3.82941688424717,2.088772845953
"01003",26,23,36132,7.19583748477804,6.36554854422672
"01010",6,6,12574,4.7717512327024,4.7717512327024
"01002",16,13,29968,5.33902829684997,4.3379604911906
"01009",8,6,13257,6.03454778607528,4.52591083955646
"01007",22,17,33786,6.51157284082164,5.03166992245309
"02003",25,10,73831,3.38611152496919,1.35444460998767
"02004",468,89,1306507,3.58207036012819,0.681205688144036
"02001",139,61,303492,4.58002187866567,2.00993765898277
"02006",38,28,70106,5.42036344963341,3.99395201551936
"02007",6,5,NA,NA,NA
"02002",284,96,726926,3.906862596743,1.32062961016665
"02005",39,10,85997,4.53504192006698,1.16283126155564
"03002",42,35,41750,10.059880239521,8.38323353293413
"03009",9,6,12021,7.48689792862491,4.99126528574994
"03008",99,41,226002,4.38049220803356,1.81414323767046
"03003",126,68,203489,6.1919808933161,3.34170397417059
"03001",42,29,48821,8.60285532864956,5.94006677454374
"04003",95,43,165121,5.75335662938088,2.60415089540398
"04007",12,10,5549,21.6255181113714,18.0212650928095
"04013",4,3,NA,NA,NA
"04005",14,12,20745,6.74861412388527,5.78452639190166
"04004",40,32,48868,8.18531554391422,6.54825243513137
"04011",37,34,27620,13.3960897900072,12.3099203475742
"04012",4,4,10344,3.86697602474865,3.86697602474865
"04002",126,65,203346,6.19633531025936,3.19652218386396
"04006",19,18,25075,7.57726819541376,7.17846460618146
"04001",15,11,38793,3.86667697780527,2.8355631170572
"04010",19,18,17366,10.9409190371991,10.365081193136
"04009",27,22,36568,7.38350470356596,6.01618901772041
"04008",6,6,7416,8.09061488673139,8.09061488673139
"05005",2,2,1041,19.2122958693564,19.2122958693564
"05017",24,19,74972,3.20119511284213,2.53427946433335
"05018",56,22,158386,3.53566603108861,1.38901165507052
"05014",6,6,6058,9.90425883129746,9.90425883129746
"05035",148,45,480975,3.07708300847237,0.93559956338687
"05013",1,1,962,10.3950103950104,10.3950103950104
"05015",3,3,1038,28.9017341040462,28.9017341040462
"05020",19,14,45312,4.19314971751412,3.08968926553672
"05024",20,14,28789,6.94709784987322,4.86296849491125
"05026",3,3,2082,14.4092219020173,14.4092219020173
"05027",25,14,77562,3.22322786931745,1.80500760681777
"05025",50,17,113481,4.40602391589782,1.49804813140526
"05028",14,6,42829,3.26881318732634,1.40091993742558
"05030",170,61,572783,2.96796518053085,1.0649757412493
"05031",9,7,16511,5.45091151353643,4.23959784386167
"05016",1,1,1217,8.21692686935086,8.21692686935086
"05004",17,16,19153,8.87589411580431,8.35378269722759
"05002",29,13,102135,2.83937925294953,1.27282518235668
"05032",16,12,28658,5.58308325772908,4.18731244329681
"05033",31,27,63199,4.90514090412823,4.27221949714394
"05009",21,16,36925,5.68720379146919,4.3331076506432
"05012",2,2,1099,18.1983621474067,18.1983621474067
"05006",8,7,18685,4.28150923200428,3.74632057800375
"05003",10,6,14857,6.73083395032645,4.03850037019587
"05023",12,12,5938,20.2088245200404,20.2088245200404
"05008",3,3,1949,15.3925089789636,15.3925089789636
"05022",3,2,20620,1.454898157129,0.969932104752667
"05019",2,2,5080,3.93700787401575,3.93700787401575
"05007",11,10,8010,13.7328339575531,12.4843945068664
"05034",8,8,4223,18.9438787591759,18.9438787591759
"05037",4,3,3870,10.3359173126615,7.75193798449612
"05029",2,2,1616,12.3762376237624,12.3762376237624
"05001",2,2,742,26.9541778975741,26.9541778975741
"05038",6,6,8377,7.16246866419959,7.16246866419959
"05021",3,3,4447,6.74612098043625,6.74612098043625
"05010",13,5,53321,2.43806380225427,0.937716847020874
"05011",12,12,7577,15.8374026659628,15.8374026659628
"05036",12,12,12560,9.55414012738854,9.55414012738854
"06006",6,6,3894,15.4083204930663,15.4083204930663
"06002",78,48,110739,7.04358897949232,4.3345162950722
"06005",13,11,21376,6.0815868263473,5.14595808383234
"06008",8,8,6519,12.2718208314159,12.2718208314159
"06001",12,11,18105,6.62800331400166,6.07566970450152
"06004",10,9,13941,7.17308657915501,6.45577792123951
"06010",27,11,103104,2.61871508379888,1.06688392302917
"06003",9,9,14705,6.12036722203332,6.12036722203332
"06007",69,43,128451,5.37169815727398,3.3475800110548
"06009",47,34,74775,6.28552323637579,4.54697425610164
"07019",64,34,104521,6.1231714200974,3.25293481692674
"07090",2,2,2488,8.03858520900322,8.03858520900322
"07020",20,18,29731,6.72698530153712,6.0542867713834
"07021",12,12,13394,8.9592354785725,8.9592354785725
"07079",13,9,25295,5.13935560387428,3.55801541806681
"07109",19,15,22366,8.49503710989895,6.70660824465707
"07108",44,35,68763,6.39879004697294,5.08994662827393
"07107",29,26,39764,7.29302887033498,6.53857760788653
"07106",21,19,41131,5.10563808319759,4.61938683717877
"07104",9,8,10521,8.55431993156544,7.60383993916928
"07103",11,11,18041,6.09722299207361,6.09722299207361
"07102",16,13,25500,6.27450980392157,5.09803921568627
"07101",236,45,405097,5.82576518710334,1.11084505686292
"07120",3,3,2306,13.009540329575,13.009540329575
"07074",18,13,26969,6.67432978605065,4.82034928992547
"07075",7,5,17052,4.10509031198686,2.9322073657049
"07057",38,33,42423,8.95740518115173,7.77879923626335
"07007",3,3,6105,4.91400491400491,4.91400491400491
"07111",11,10,23843,4.61351340015938,4.19410309105398
"07054",14,13,17678,7.91944790134631,7.35377305125014
"07076",12,12,16274,7.37372496005899,7.37372496005899
"07081",19,19,25612,7.41839762611276,7.41839762611276
"07063",3,3,2342,12.8095644748079,12.8095644748079
"07110",2,2,4138,4.83325277912035,4.83325277912035
"07051",23,19,28272,8.13525749858517,6.72043010752688
"07070",9,9,6578,13.6819702037093,13.6819702037093
"07112",14,14,16898,8.28500414250207,8.28500414250207
"07050",4,4,3531,11.328235627301,11.328235627301
"07022",9,9,9530,9.44386149003148,9.44386149003148
"07053",8,8,4417,18.1118406158026,18.1118406158026
"07080",19,18,13776,13.7921022067364,13.0662020905923
"07049",10,10,13759,7.26797005596337,7.26797005596337
"07065",58,48,75964,7.63519561897741,6.31878258122268
"07086",5,2,15662,3.19244030136636,1.27697612054655
"07062",13,12,10558,12.3129380564501,11.3657889751847
"07077",33,31,36031,9.15877993949655,8.60370236740584
"07082",12,12,7333,16.3643801991,16.3643801991
"07024",5,5,5491,9.10580950646512,9.10580950646512
"07121",1,1,4145,2.41254523522316,2.41254523522316
"07042",6,6,6122,9.80071871937275,9.80071871937275
"07025",4,4,4232,9.45179584120983,9.45179584120983
"07018",6,6,5575,10.762331838565,10.762331838565
"07052",73,71,75944,9.61234593911303,9.34899399557569
"07026",21,21,22794,9.21295077652014,9.21295077652014
"07083",10,10,11787,8.48392296597947,8.48392296597947
"07084",5,5,4824,10.3648424543947,10.3648424543947
"07089",143,68,222515,6.42653304271622,3.05597375457834
"07068",19,16,20112,9.44709626093874,7.95544948289578
"07027",51,45,70149,7.27023906256682,6.4149168199119
"07048",12,11,13715,8.74954429456799,8.02041560335399
"07046",22,20,26194,8.39886997022219,7.63533633656563
"07105",8,7,9850,8.12182741116751,7.10659898477157
"07100",15,15,20563,7.29465544910762,7.29465544910762
"07045",5,5,3704,13.4989200863931,13.4989200863931
"07114",8,7,12348,6.47878198898607,5.66893424036281
"07028",3,2,3941,7.61228114691703,5.07485409794468
"07029",3,3,3247,9.23929781336618,9.23929781336618
"07091",6,4,7944,7.55287009063444,5.03524672708963
"07073",6,5,5827,10.2968937703793,8.58074480864939
"07030",14,14,21215,6.59910440725901,6.59910440725901
"07044",9,9,16516,5.44926132235408,5.44926132235408
"07008",12,10,18186,6.59848234905972,5.4987352908831
"07009",20,17,27048,7.39426205264715,6.28512274475007
"07031",74,73,65437,11.3085868850956,11.1557681434051
"07043",7,6,6441,10.8678776587486,9.31532370749884
"07017",39,28,54285,7.18430505664548,5.15796260477112
"07119",2,2,2227,8.98069151324652,8.98069151324652
"07116",7,7,6568,10.6577344701583,10.6577344701583
"07060",5,5,6458,7.74233508826262,7.74233508826262
"07058",2,2,2571,7.77907429015947,7.77907429015947
"07041",16,16,28002,5.71387758017284,5.71387758017284
"07040",25,17,33277,7.51269645701235,5.1086335907684
"07056",5,5,5947,8.40760047082563,8.40760047082563
"07039",16,16,14760,10.840108401084,10.840108401084
"07099",37,36,50297,7.35630355687218,7.15748454182158
"07097",57,39,58430,9.75526270751326,6.67465343145644
"07096",28,28,38819,7.21296272443906,7.21296272443906
"07118",3,3,2904,10.3305785123967,10.3305785123967
"07122",6,5,9765,6.14439324116743,5.12032770097286
"07038",15,15,12081,12.4161907126893,12.4161907126893
"07001",9,8,10246,8.78391567440953,7.80792504391958
"07036",3,3,4023,7.45712155108128,7.45712155108128
"07002",7,4,12862,5.44238843103716,3.10993624630695
"07003",18,17,16759,10.7404976430575,10.1438033295543
"07011",13,13,11458,11.345784604643,11.345784604643
"07012",16,11,38181,4.1905659883188,2.88101411696917
"07072",10,10,14872,6.72404518558365,6.72404518558365
"07037",13,11,22484,5.78188934353318,4.89236790606654
"07023",38,38,50043,7.59346961613013,7.59346961613013
"07010",4,4,4052,9.87166831194472,9.87166831194472
"07004",17,15,18819,9.03342366757001,7.97066794197354
"07005",12,12,13217,9.07921616100477,9.07921616100477
"07035",5,4,8656,5.77634011090573,4.62107208872458
"07032",17,15,18162,9.36020262085673,8.25900231252065
"07013",16,12,17839,8.96911261842031,6.72683446381524
"07014",9,8,12337,7.29512847531815,6.48455864472724
"07069",45,34,32428,13.8768965091896,10.4847662513877
"07094",11,10,26346,4.17520686252182,3.79564260229257
"07092",10,10,12733,7.85360873321291,7.85360873321291
"07015",16,14,29811,5.36714635537218,4.69625306095066
"07016",10,9,11701,8.54627809588924,7.69165028630032
"07047",6,6,11636,5.15641113784806,5.15641113784806
"07006",15,15,18227,8.22954956932024,8.22954956932024
"07078",65,27,132991,4.88754878149649,2.03021257077547
"07033",5,5,3935,12.7064803049555,12.7064803049555
"07117",7,7,4563,15.3407845715538,15.3407845715538
"07115",9,9,7230,12.448132780083,12.448132780083
"07071",14,13,18602,7.52607246532631,6.98849586066014
"07066",11,11,12174,9.03564974535896,9.03564974535896
"07113",4,4,3764,10.6269925611052,10.6269925611052
"07098",3,3,4137,7.25163161711385,7.25163161711385
"07093",12,12,23219,5.1681812308885,5.1681812308885
"07064",23,22,25572,8.99421241983419,8.60315970592836
"07059",100,91,117242,8.5293666092356,7.76172361440439
"07061",34,26,56571,6.0101465415142,4.5959944140991
"07088",2,2,1364,14.6627565982405,14.6627565982405
"07087",16,13,24275,6.59114315139032,5.35530381050463
"07085",3,3,6227,4.81772924361651,4.81772924361651
"07124",10,9,13111,7.62718328121425,6.86446495309282
"07067",6,6,6617,9.06755327187547,9.06755327187547
"07125",12,12,6262,19.163206643245,19.163206643245
"07055",2,2,3585,5.57880055788006,5.57880055788006
"07123",6,5,6823,8.79378572475451,7.32815477062876
"07034",33,27,48031,6.87056276154983,5.62136953217714
"08067",2,2,3296,6.06796116504854,6.06796116504854
"08043",3,3,1935,15.5038759689922,15.5038759689922
"08058",2,2,1916,10.4384133611691,10.4384133611691
"08056",3,3,1501,19.9866755496336,19.9866755496336
"08054",4,3,4626,8.64677907479464,6.48508430609598
"08018",4,4,3458,11.5673799884326,11.5673799884326
"08007",16,16,9337,17.1361250937132,17.1361250937132
"08001",5,5,8699,5.74778710196574,5.74778710196574
"08041",3,3,819,36.6300366300366,36.6300366300366
"08057",3,3,1602,18.7265917602996,18.7265917602996
"08053",3,3,3347,8.9632506722438,8.9632506722438
"08051",10,10,4764,20.9907640638119,20.9907640638119
"08050",27,10,42755,6.31505087124313,2.33890773009005
"08031",26,24,23292,11.1626309462476,10.3039670273055
"08055",5,5,11301,4.4243872223697,4.4243872223697
"08025",9,9,4822,18.6644545831605,18.6644545831605
"08023",2,2,3670,5.44959128065395,5.44959128065395
"08022",4,4,1892,21.1416490486258,21.1416490486258
"08014",2,2,1405,14.2348754448399,14.2348754448399
"08003",4,4,5905,6.77392040643522,6.77392040643522
"08021",39,16,100568,3.87797311271975,1.59096332829528
"08020",10,10,3812,26.2329485834208,26.2329485834208
"08017",52,28,116705,4.45567884837839,2.39921168758836
"08016",1,1,2480,4.03225806451613,4.03225806451613
"08015",3,3,861,34.8432055749129,34.8432055749129
"08052",9,8,16326,5.51267916207277,4.90015925517579
"08013",3,3,7505,3.99733510992672,3.99733510992672
"08012",11,11,4728,23.2656514382403,23.2656514382403
"08011",23,14,33091,6.95053035568584,4.23075760780877
"08010",9,8,15430,5.83279325988334,5.18470511989631
"08009",23,21,14398,15.9744408945687,14.5853590776497
"08008",13,13,5923,21.9483369913895,21.9483369913895
"08006",4,4,4057,9.8595020951442,9.8595020951442
"08004",3,3,15905,1.88619930839359,1.88619930839359
"08005",11,7,15616,7.04405737704918,4.48258196721311
"08032",32,17,77438,4.13233812856737,2.19530463080142
"08042",2,2,894,22.3713646532438,22.3713646532438
"08040",16,16,16243,9.85039709413286,9.85039709413286
"08039",3,3,2765,10.8499095840868,10.8499095840868
"08038",1,1,3357,2.97885016383676,2.97885016383676
"08035",3,3,6559,4.573867967678,4.573867967678
"08034",4,3,3739,10.6980476063118,8.02353570473389
"08033",1,1,574,17.4216027874564,17.4216027874564
"08063",6,6,3622,16.5654334621756,16.5654334621756
"08061",3,3,2531,11.8530225207428,11.8530225207428
"08062",8,7,19885,4.0231330148353,3.52024138798089
"08030",10,10,4641,21.5470803706098,21.5470803706098
"08028",3,2,2708,11.0782865583456,7.38552437223043
"08027",35,34,28734,12.1806918632978,11.832672095775
"08026",3,3,1857,16.1550888529887,16.1550888529887
"08019",290,79,649211,4.46696066456052,1.21686169827683
"08064",1,1,1017,9.83284169124877,9.83284169124877
"08024",2,2,2742,7.29394602479942,7.29394602479942
"08037",290,67,989047,2.93211546064039,0.677419778837608
"08059",4,4,3311,12.0809423135005,12.0809423135005
"08066",13,13,3937,33.0200660401321,33.0200660401321
"08065",21,21,9694,21.6628842583041,21.6628842583041
"08060",5,4,7591,6.58674746410223,5.26939797128178
"08044",4,4,2931,13.6472193790515,13.6472193790515
"08045",10,6,29095,3.43701666953085,2.06221000171851
"08046",12,12,3988,30.0902708124373,30.0902708124373
"08047",6,6,2731,21.9699743683632,21.9699743683632
"08048",13,11,15314,8.48896434634974,7.18296983152671
"08029",36,36,26860,13.4028294862249,13.4028294862249
"08036",12,7,26018,4.61219155968945,2.69044507648551
"08049",4,4,1786,22.3964165733483,22.3964165733483
"08002",7,5,16998,4.11813154488763,2.9415225320626
"09012",243,67,517290,4.69755842950763,1.29521158344449
"09009",40,18,102915,3.88670261866589,1.74901617839965
"09015",395,104,430559,9.17412015542585,2.41546454725136
"09007",512,97,1325063,3.86396722269054,0.732040665236294
"09008",74,27,181312,4.08136251323685,1.48914578185669
"09010",209,51,567410,3.68340353536244,0.898820958389877
"09003",224,55,483593,4.63199425963569,1.13732001910698
"09016",214,49,323455,6.61606714998995,1.51489388013789
"09004",68,19,155487,4.37335597188189,1.22196710979053
"09006",120,20,307446,3.90312445112312,0.650520741853854
"09011",105,25,275728,3.80810073695816,0.906690651656705
"09013",108,27,317964,3.39661093708722,0.849152734271804
"09005",428,103,876439,4.88339747546606,1.17521014012384
"09002",135,41,333491,4.04808525567407,1.22941848505657
"09017",177,44,335098,5.28203689666903,1.31304872007592
"09014",298,45,363902,8.18901792240768,1.23659666613539
"10006",8,8,6148,13.0123617436565,13.0123617436565
"10008",12,9,23738,5.05518577807734,3.79138933355801
"10009",13,13,6225,20.8835341365462,20.8835341365462
"10010",6,6,2620,22.9007633587786,22.9007633587786
"10029",2,2,1328,15.0602409638554,15.0602409638554
"10031",5,5,4271,11.706860220089,11.706860220089
"10011",8,8,3195,25.0391236306729,25.0391236306729
"10038",12,6,14906,8.05044948342949,4.02522474171475
"10030",3,3,1092,27.4725274725275,27.4725274725275
"10023",30,28,28368,10.575296108291,9.8702763677383
"10025",7,7,2020,34.6534653465347,34.6534653465347
"10032",28,22,30911,9.05826404839701,7.11720746659765
"10027",11,11,3296,33.373786407767,33.373786407767
"10007",73,39,236920,3.08120884686814,1.64612527435421
"10015",9,9,8102,11.1083683041224,11.1083683041224
"10035",10,9,7401,13.5116876097825,12.1605188488042
"10022",7,6,16428,4.26101777453129,3.65230094959825
"10028",8,8,7591,10.5387959425636,10.5387959425636
"10017",11,11,5462,20.1391431709996,20.1391431709996
"10001",18,15,20413,8.81791015529319,7.34825846274433
"10005",231,92,444733,5.19412771258261,2.06865692449177
"10037",8,8,5470,14.6252285191956,14.6252285191956
"10033",6,6,4307,13.9308103087996,13.9308103087996
"10036",11,10,12976,8.47718865598027,7.70653514180025
"10012",36,22,103996,3.46167160275395,2.11546597946075
"10014",46,45,21794,21.1067266220061,20.647884738919
"10026",23,23,10142,22.6779727864327,22.6779727864327
"10019",5,5,2825,17.6991150442478,17.6991150442478
"10034",25,25,14559,17.1715090322138,17.1715090322138
"10013",15,14,15690,9.56022944550669,8.92288081580625
"10016",11,10,12058,9.12257422458119,8.29324929507381
"10018",9,9,7022,12.8168612930789,12.8168612930789
"10020",7,6,8330,8.40336134453782,7.20288115246098
"10002",6,6,2521,23.8000793335978,23.8000793335978
"10039",12,10,16528,7.26040658276863,6.05033881897386
"10021",4,4,6929,5.77283879347669,5.77283879347669
"10003",4,4,2432,16.4473684210526,16.4473684210526
"10024",10,10,8034,12.4470998257406,12.4470998257406
"10004",18,18,21775,8.26636050516647,8.26636050516647
"11019",24,21,31449,7.63140322426786,6.67747782123438
"11020",326,96,1114073,2.92619962964725,0.86170295842373
"11021",27,7,33891,7.96671682747632,2.06544510341979
"11023",57,37,99607,5.72248938327628,3.71459837160039
"11038",10,5,7505,13.3244503664224,6.66222518321119
"11039",16,15,24354,6.56976266732364,6.15915250061592
"11040",9,8,11669,7.71274316565258,6.8557717028023
"11041",15,6,42534,3.52659049231203,1.41063619692481
"11002",45,26,73460,6.12578273890553,3.5393411380343
"11012",11,5,19631,5.60338240537925,2.54699200244511
"11013",8,6,16218,4.93279072635343,3.69959304476508
"11014",44,23,96323,4.56796403766494,2.38779938332485
"11022",11,9,16175,6.80061823802164,5.56414219474498
"11024",8,4,8081,9.89976488058409,4.94988244029204
"11030",32,25,69841,4.58183588436592,3.57955928466087
"11036",5,4,4696,10.6473594548552,8.51788756388416
"11007",120,33,347178,3.45644021222543,0.950521058361993
"11027",67,25,185376,3.61427585016399,1.34861039185224
"11035",18,9,51252,3.51205806602669,1.75602903301335
"11011",27,12,64836,4.16435313714603,1.85082361650935
"11031",38,15,81647,4.65418202750867,1.83717711612184
"11025",17,11,50657,3.35590342894368,2.17146692461062
"11026",17,14,40426,4.20521446593776,3.46311779547816
"11028",35,20,64341,5.43976624547334,3.10843785455619
"11029",17,13,24573,6.9181622105563,5.29035933748423
"11032",22,13,54202,4.05889081583705,2.39843548208553
"11033",40,23,76060,5.25900604785696,3.02392847751775
"11034",4,4,3464,11.5473441108545,11.5473441108545
"11037",38,19,124569,3.05051818670777,1.52525909335388
"11042",38,17,98508,3.85755471636821,1.72574816258578
"11043",11,11,12594,8.73431792917262,8.73431792917262
"11045",14,13,6524,21.4592274678112,19.9264255058246
"11044",14,8,41694,3.35779728498105,1.91874130570346
"11046",27,17,45582,5.9233908121627,3.72954236321355
"11001",20,12,58279,3.43176787522092,2.05906072513255
"11003",45,27,110872,4.0587343964211,2.43524063785266
"11004",20,11,39991,5.00112525318197,2.75061888925008
"11005",27,17,71701,3.76563785721259,2.37095716935608
"11006",6,6,3322,18.0614087898856,18.0614087898856
"11008",18,11,25811,6.97377087288365,4.26174886676223
"11009",19,12,50418,3.76849537863461,2.38010234440081
"11010",3,3,6982,4.29676310512747,4.29676310512747
"11015",56,31,129547,4.32275544782974,2.39295390862004
"11016",8,3,13575,5.89318600368324,2.20994475138122
"11017",138,41,388285,3.55409042327157,1.05592541560967
"11018",14,9,25301,5.53337812734675,3.55717165329434
"12033",12,11,10520,11.4068441064639,10.4562737642586
"12031",5,5,3776,13.2415254237288,13.2415254237288
"12083",5,5,NA,NA,NA
"12082",5,5,NA,NA,NA
"12073",10,10,10470,9.55109837631328,9.55109837631328
"12065",8,8,4462,17.9291797400269,17.9291797400269
"12047",5,5,4066,12.2970978848992,12.2970978848992
"12054",15,15,13496,11.1144042679312,11.1144042679312
"12053",18,16,30464,5.90861344537815,5.25210084033613
"12066",31,26,53286,5.81766317606876,4.87933040573509
"12048",22,16,27583,7.97592720153718,5.80067432839068
"12007",14,12,20569,6.80635908405853,5.83402207205017
"12012",21,20,37305,5.62927221552071,5.36121163382925
"12006",5,5,6684,7.48055056852184,7.48055056852184
"12010",15,15,14206,10.5589187667183,10.5589187667183
"12011",33,29,38528,8.56519933554817,7.52699335548173
"12032",23,22,18932,12.1487428692161,11.6205366575111
"12028",44,39,68658,6.40857583966908,5.68032858516123
"12029",100,59,180089,5.55280999950025,3.27615789970515
"12004",16,16,10307,15.5234306781799,15.5234306781799
"12068",21,20,16916,12.4142823362497,11.8231260345235
"12039",13,11,16391,7.93118174608017,6.71099993899091
"12038",45,28,81168,5.54405677114134,3.44963532426572
"12043",16,16,8612,18.578727357176,18.578727357176
"12030",5,4,13155,3.80083618396047,3.04066894716838
"12064",8,7,7618,10.5014439485429,9.18876345497506
"12067",12,12,13890,8.63930885529158,8.63930885529158
"12001",280,143,517363,5.41206077744253,2.76401675419386
"12019",7,7,8594,8.14521759367,8.14521759367
"12045",20,19,15844,12.6230749810654,11.9919212320121
"12008",8,8,5632,14.2045454545455,14.2045454545455
"12009",7,7,3013,23.2326584799203,23.2326584799203
"12046",28,21,39667,7.05876421206545,5.29407315904908
"12036",7,7,6706,10.4384133611691,10.4384133611691
"12044",4,4,7771,5.14734268433921,5.14734268433921
"12042",11,11,10381,10.5962816684327,10.5962816684327
"12040",8,8,15031,5.32233384339033,5.32233384339033
"12076",22,22,18688,11.7722602739726,11.7722602739726
"12075",21,18,32186,6.52457590256633,5.59249363077114
"12074",7,7,12069,5.79998342861878,5.79998342861878
"12072",8,8,6287,12.7246699538731,12.7246699538731
"12071",11,11,17061,6.44745325596389,6.44745325596389
"12070",4,4,4979,8.03374171520386,8.03374171520386
"12069",10,10,6351,15.7455518815934,15.7455518815934
"12052",17,16,24665,6.89235759172917,6.48692479221569
"12041",17,17,15034,11.3077025409073,11.3077025409073
"12062",11,11,11554,9.52051237666609,9.52051237666609
"12023",11,9,15702,7.00547700929818,5.73175391669851
"12013",8,7,9391,8.51879459056543,7.45394526674476
"12024",9,9,4344,20.7182320441989,20.7182320441989
"12027",15,14,13356,11.2309074573226,10.482180293501
"12037",4,4,4043,9.8936433341578,9.8936433341578
"12055",42,32,69441,6.04829999567979,4.60822856813698
"12025",6,6,9672,6.20347394540943,6.20347394540943
"12026",6,6,5347,11.221245558257,11.221245558257
"12059",15,15,19965,7.51314800901578,7.51314800901578
"12077",3,3,8605,3.48634514816967,3.48634514816967
"12078",8,8,9262,8.63744331677823,8.63744331677823
"12061",11,10,27119,4.05619676241749,3.68745160219772
"12018",6,5,8881,6.75599594640243,5.62999662200203
"12056",24,23,26763,8.96760452864029,8.59395433994694
"12003",16,15,22327,7.16621131365611,6.7183231065526
"12002",16,16,13607,11.7586536341589,11.7586536341589
"12035",38,22,100513,3.78060549381672,2.18877160168336
"12016",13,13,7542,17.2368072129409,17.2368072129409
"12017",7,6,9780,7.15746421267894,6.13496932515337
"12020",16,16,10687,14.97146065313,14.97146065313
"12057",31,25,42497,7.29463256229852,5.88276819540203
"12021",33,30,46088,7.16021524040965,6.50928658219059
"12022",20,19,23683,8.44487607144365,8.02263226787147
"12060",6,6,8261,7.26304321510713,7.26304321510713
"12063",7,7,5485,12.7620783956244,12.7620783956244
"12058",28,26,32806,8.5350240809608,7.92537950374931
"12051",16,15,20126,7.94991553214747,7.45304581138825
"12050",16,11,24455,6.54262931915764,4.49805765692088
"12081",8,8,6127,13.056960992329,13.056960992329
"12080",2,2,4625,4.32432432432432,4.32432432432432
"12005",4,4,4531,8.82807327300817,8.82807327300817
"12014",9,8,10690,8.41908325537886,7.48362956033676
"12015",6,6,8576,6.99626865671642,6.99626865671642
"12049",5,4,7928,6.30676084762866,5.04540867810293
"12079",5,5,8960,5.58035714285714,5.58035714285714
"12034",18,15,23475,7.66773162939297,6.38977635782748
"12085",2,2,NA,NA,NA
"12084",3,3,NA,NA,NA
"13004",7,7,6407,10.9255501794912,10.9255501794912
"13010",11,8,21416,5.13634665670527,3.73552484124019
"13081",13,11,24153,5.38235415890366,4.55429967291848
"13034",10,10,5891,16.9750466813784,16.9750466813784
"13080",14,14,14709,9.51798218777619,9.51798218777619
"13079",6,6,4751,12.6289202273206,12.6289202273206
"13041",24,14,31711,7.56835167607455,4.41487181104349
"13032",4,4,6468,6.18429189857761,6.18429189857761
"13019",11,8,12253,8.97739329143883,6.5290133028646
"13082",8,4,14256,5.61167227833895,2.80583613916947
"13050",8,2,16046,4.98566620964726,1.24641655241182
"13083",11,8,38988,2.82138093772443,2.05191340925413
"13018",17,15,14009,12.1350560354058,10.7074023841816
"13035",3,3,8005,3.74765771392879,3.74765771392879
"13036",5,5,6488,7.70653514180025,7.70653514180025
"13037",18,17,14224,12.6546681664792,11.9516310461192
"13020",6,6,1855,32.3450134770889,32.3450134770889
"13022",5,5,10955,4.56412596987677,4.56412596987677
"13023",9,7,24507,3.67242012486228,2.85632676378178
"13052",10,6,25807,3.87491765799977,2.32495059479986
"13024",5,3,11001,4.54504135987638,2.72702481592582
"13009",7,7,12737,5.49579963884745,5.49579963884745
"13038",6,6,5659,10.6025799611239,10.6025799611239
"13071",11,11,6015,18.2876142975894,18.2876142975894
"13064",7,5,7363,9.50699443161755,6.79071030829825
"13053",18,18,10997,16.3681003910157,16.3681003910157
"13008",20,12,31042,6.44288383480446,3.86573030088267
"13007",3,3,8071,3.71701152273572,3.71701152273572
"13068",13,13,8907,14.5952621533625,14.5952621533625
"13069",30,10,106228,2.82411416952216,0.94137138984072
"13076",53,29,78807,6.72529090055452,3.67987615313361
"13078",12,12,10783,11.1286283965501,11.1286283965501
"13074",15,7,19141,7.83658116085889,3.65707120840082
"13051",26,10,138100,1.88269370021723,0.724112961622013
"13030",42,32,63757,6.58751195947112,5.01905673102561
"13031",13,12,8323,15.6193680163403,14.4178781689295
"13029",22,19,31260,7.03774792066539,6.07805502239283
"13070",7,4,12518,5.59194759546253,3.19539862597859
"13025",16,15,13625,11.743119266055,11.0091743119266
"13054",15,14,24321,6.16750955963982,5.75634225566383
"13055",9,9,11954,7.52886063242429,7.52886063242429
"13006",10,8,12607,7.93210121361149,6.34568097088919
"13048",127,56,221322,5.73824563305952,2.53025004292388
"13026",7,7,7631,9.17310968418294,9.17310968418294
"13027",17,17,14100,12.0567375886525,12.0567375886525
"13028",50,33,77372,6.46228609833015,4.2651088248979
"13043",11,10,3956,27.8058645096057,25.2780586450961
"13065",2,2,7826,2.55558395093279,2.55558395093279
"13063",20,13,59508,3.36089265308866,2.18458022450763
"13033",4,4,1944,20.5761316872428,20.5761316872428
"13013",10,6,39559,2.52786976414975,1.51672185848985
"13014",13,10,10429,12.4652411544731,9.58864704190239
"13015",19,19,12719,14.9382813114239,14.9382813114239
"13016",18,13,38016,4.73484848484848,3.41961279461279
"13021",4,4,10068,3.97298371076679,3.97298371076679
"13005",5,4,12750,3.92156862745098,3.13725490196078
"13017",7,5,8629,8.11217985861629,5.79441418472592
"13066",4,2,8519,4.69538678248621,2.3476933912431
"13067",24,12,35386,6.78234329961002,3.39117164980501
"13044",12,8,11483,10.4502307759296,6.96682051728642
"13045",4,3,5991,6.67668168920047,5.00751126690035
"13046",17,16,23814,7.13865793230873,6.71873687746704
"13039",3,3,9830,3.05188199389624,3.05188199389624
"13047",4,4,3138,12.7469725940089,12.7469725940089
"13049",10,10,10315,9.69461948618517,9.69461948618517
"13077",52,13,110411,4.70967566637382,1.17741891659346
"13062",23,22,17479,13.158647519881,12.586532410321
"13003",31,16,40220,7.70760815514669,3.97812033814023
"13002",19,18,25966,7.3172610336594,6.93214203188785
"13001",12,10,13691,8.76488203929589,7.30406836607991
"13061",22,11,39063,5.63192791132273,2.81596395566137
"13058",10,9,11651,8.58295425285383,7.72465882756845
"13073",22,22,22089,9.95970845217076,9.95970845217076
"13072",2,2,7742,2.58331180573495,2.58331180573495
"13059",17,15,24280,7.00164744645799,6.17792421746293
"13060",12,12,10803,11.1080255484588,11.1080255484588
"13012",11,10,19498,5.64160426710432,5.12873115191302
"13011",13,12,12700,10.2362204724409,9.44881889763779
"13040",7,7,6368,10.9924623115578,10.9924623115578
"13042",10,10,7506,13.3226751931788,13.3226751931788
"13056",7,7,25820,2.71107668474051,2.71107668474051
"13057",6,6,9697,6.18748066412292,6.18748066412292
"13084",23,19,25847,8.89851820327311,7.35094982009518
"13075",3,3,13998,2.14316330904415,2.14316330904415
"14122",4,4,4649,8.60400086040009,8.60400086040009
"14019",9,9,3542,25.4093732354602,25.4093732354602
"14065",9,8,7533,11.94743130227,10.6199389353511
"14101",63,23,359758,1.75117718021559,0.63931865309458
"14076",4,4,1918,20.8550573514077,20.8550573514077
"14023",33,16,78663,4.1951107890622,2.03399310984834
"14074",4,3,10960,3.64963503649635,2.73722627737226
"14073",18,12,44565,4.03904409289801,2.69269606193201
"14062",2,2,2446,8.17661488143908,8.17661488143908
"14113",10,9,10584,9.44822373393802,8.50340136054422
"14087",7,6,11007,6.3595893522304,5.45107658762606
"14014",4,4,5804,6.89179875947622,6.89179875947622
"14015",29,20,42884,6.76242887790318,4.66374405372633
"14097",78,26,442756,1.76169267045506,0.587230890151686
"14055",7,6,13372,5.234819024828,4.48698773556686
"14063",24,11,68692,3.49385663541606,1.60135095789903
"14086",8,8,12445,6.42828445158698,6.42828445158698
"14043",16,15,14850,10.7744107744108,10.1010101010101
"14116",7,3,12316,5.68366352711919,2.4358557973368
"14012",3,3,2897,10.3555402140145,10.3555402140145
"14117",2,2,2956,6.765899864682,6.765899864682
"14118",11,7,15201,7.23636602855075,4.60496019998684
"14017",8,8,8329,9.60499459719054,9.60499459719054
"14119",10,9,19703,5.07536923311171,4.56783230980054
"14120",298,73,993837,2.99847962995944,0.734526889218252
"14121",9,7,22336,4.02936962750716,3.13395415472779
"14123",6,6,12223,4.90877853227522,4.90877853227522
"14069",6,6,5293,11.3357264311355,11.3357264311355
"14112",5,3,4146,12.0598166907863,7.23589001447178
"14111",2,1,4251,4.70477534697718,2.35238767348859
"14079",5,5,10452,4.78377344048986,4.78377344048986
"14078",7,7,20301,3.44810600463031,3.44810600463031
"14077",11,10,18902,5.81949000105809,5.29044545550735
"14075",1,1,2435,4.10677618069815,4.10677618069815
"14098",99,29,446087,2.21929802930818,0.65009740252462
"14105",5,4,14766,3.38615738859542,2.70892591087634
"14104",3,3,2866,10.4675505931612,10.4675505931612
"14103",4,4,5082,7.87091696182605,7.87091696182605
"14024",11,9,19231,5.71993136082367,4.67994384067391
"14102",2,2,4140,4.83091787439614,4.83091787439614
"14100",15,14,22588,6.64069417389764,6.19798122897113
"14099",5,5,6898,7.24847781965787,7.24847781965787
"14093",38,21,96194,3.95035033370065,2.18308834230825
"14124",21,13,40502,5.18492913930176,3.20971803861538
"14115",4,4,3425,11.6788321167883,11.6788321167883
"14021",7,6,13341,5.24698298478375,4.4974139869575
"14070",32,12,145655,2.19697229755244,0.823864611582163
"14020",6,5,6890,8.70827285921625,7.25689404934688
"14018",28,24,43245,6.47473696381085,5.5497745404093
"14051",5,5,18480,2.70562770562771,2.70562770562771
"14044",14,11,40951,3.41871993357916,2.68613709066934
"14039",436,115,1002987,4.34701546480662,1.14657517993753
"14022",12,10,25205,4.76096012695894,3.96746677246578
"14016",11,10,25275,4.35212660731949,3.95647873392681
"14080",3,3,3409,8.80023467292461,8.80023467292461
"14125",4,3,11094,3.60555255092843,2.70416441319632
"14072",2,2,4614,4.33463372345037,4.33463372345037
"14066",15,12,30884,4.85688382333895,3.88550705867116
"14110",6,5,9135,6.56814449917898,5.47345374931582
"14092",6,6,7619,7.87504921905762,7.87504921905762
"14091",15,10,25064,5.98467922119374,3.9897861474625
"14002",7,5,15146,4.62168229235442,3.30120163739601
"14003",11,7,15523,7.08625909940089,4.50943760870966
"14005",5,4,10132,4.93485984998026,3.94788787998421
"14109",9,9,11756,7.65566519224226,7.65566519224226
"14108",7,5,24232,2.88874215912843,2.0633872565203
"14088",7,7,10999,6.36421492862988,6.36421492862988
"14090",5,5,4909,10.1853738032186,10.1853738032186
"14071",2,2,1864,10.7296137339056,10.7296137339056
"14068",9,8,7250,12.4137931034483,11.0344827586207
"14067",64,21,195461,3.27431047625869,1.07438312502238
"14114",11,9,12101,9.09015783819519,7.43740186761425
"14107",3,3,4100,7.31707317073171,7.31707317073171
"14106",3,3,3398,8.82872277810477,8.82872277810477
"14025",16,15,12928,12.3762376237624,11.6027227722772
"14027",13,13,11168,11.6404011461318,11.6404011461318
"14028",3,3,1486,20.1884253028264,20.1884253028264
"14011",3,3,3617,8.29416643627316,8.29416643627316
"14064",14,12,19472,7.18981101068201,6.16269515201315
"14032",3,3,3509,8.5494442861214,8.5494442861214
"14030",19,10,37339,5.08851335065213,2.67816492139586
"14029",9,9,11486,7.83562597945325,7.83562597945325
"14094",12,7,27068,4.4332791488104,2.58607950347274
"14095",5,5,6420,7.78816199376947,7.78816199376947
"14096",8,5,14291,5.59792876635645,3.49870547897278
"14061",23,23,10367,22.1857818076589,22.1857818076589
"14060",2,2,3542,5.64652738565782,5.64652738565782
"14059",5,4,8885,5.6274620146314,4.50196961170512
"14058",7,7,9662,7.24487683709377,7.24487683709377
"14057",2,2,2786,7.17875089734386,7.17875089734386
"14056",3,3,1236,24.2718446601942,24.2718446601942
"14054",4,4,3842,10.4112441436752,10.4112441436752
"14085",18,18,26251,6.85688164260409,6.85688164260409
"14084",7,7,9793,7.14796283059328,7.14796283059328
"14053",39,27,107640,3.6231884057971,2.50836120401338
"14052",3,2,3528,8.50340136054422,5.66893424036281
"14050",13,11,28914,4.4960918586152,3.80438541882825
"14031",5,5,1882,26.567481402763,26.567481402763
"14049",5,5,6100,8.19672131147541,8.19672131147541
"14048",8,8,11906,6.71930119267596,6.71930119267596
"14047",6,5,15609,3.84393619065923,3.2032801588827
"14046",11,7,20245,5.43344035564337,3.45764386268214
"14045",9,8,12933,6.9589422407794,6.18572643624836
"14042",8,7,6058,13.2056784417299,11.5549686365137
"14041",5,5,4043,12.3670541676973,12.3670541676973
"14040",4,4,5406,7.39918608953015,7.39918608953015
"14038",5,5,2810,17.7935943060498,17.7935943060498
"14037",9,8,17061,5.27518902760682,4.68905691342829
"14036",5,4,12746,3.92279930958732,3.13823944766986
"14035",16,12,33443,4.78425978530634,3.58819483897976
"14034",2,2,1403,14.2551674982181,14.2551674982181
"14033",8,7,13387,5.97594681407335,5.22895346231419
"14010",2,2,4454,4.49034575662326,4.49034575662326
"14013",18,12,40554,4.43852640923213,2.95901760615476
"14089",3,3,2618,11.4591291061879,11.4591291061879
"14026",2,2,4189,4.7744091668656,4.7744091668656
"14083",18,12,55226,3.25933437149169,2.17288958099446
"14082",8,5,24078,3.32253509427693,2.07658443392308
"14081",4,4,2384,16.7785234899329,16.7785234899329
"14009",5,5,13037,3.83523816829025,3.83523816829025
"14008",21,12,51004,4.11732413144067,2.35275664653753
"14007",4,4,5997,6.67000166750042,6.67000166750042
"14006",24,18,40340,5.9494298463064,4.4620723847298
"14004",2,2,3677,5.4392167527876,5.4392167527876
"14001",5,4,14317,3.49235174966823,2.79388139973458
"15021",16,14,22104,7.23850886717336,6.33369525877669
"15011",12,10,48570,2.47066090179123,2.05888408482602
"15004",7,7,9286,7.5382295929356,7.5382295929356
"15002",29,15,115547,2.50980120643548,1.29817303781145
"15034",3,3,6500,4.61538461538461,4.61538461538461
"15030",6,3,18157,3.30451065704687,1.65225532852343
"15068",7,5,19807,3.53410410460948,2.52436007472106
"15082",36,30,46123,7.80521648635171,6.50434707195976
"15028",8,8,19942,4.01163373783973,4.01163373783973
"15019",12,7,23891,5.02281193754971,2.92997363023733
"15118",39,21,130379,2.99127927043466,1.61068883792635
"15094",8,5,13300,6.01503759398496,3.7593984962406
"15074",53,44,82064,6.45837395203743,5.3616689413141
"15036",10,9,29876,3.3471682956219,3.01245146605971
"15041",5,5,3754,13.319126265317,13.319126265317
"15085",24,20,41044,5.84738329597505,4.87281941331254
"15096",9,6,25996,3.46207108785967,2.30804739190645
"15104",169,47,495816,3.40852251641738,0.947932297465189
"15076",28,9,62556,4.475989513396,1.43871091502014
"15010",9,6,20923,4.30148640252354,2.86765760168236
"15023",6,3,25957,2.31151519821243,1.15575759910621
"15025",69,32,256735,2.68759615946404,1.24642140728767
"15103",9,7,33844,2.65926013473585,2.06831343812788
"15100",5,4,30471,1.64090446654196,1.31272357323357
"15040",18,12,22912,7.85614525139665,5.23743016759777
"15107",5,4,8554,5.84521861117606,4.67617488894085
"15052",11,10,17579,6.25746629501109,5.68860572273736
"15109",67,26,359127,1.865635276657,0.723977868553464
"15012",4,2,8023,4.98566620964726,2.49283310482363
"15014",51,36,67532,7.55197535982941,5.33080613635017
"15003",25,23,30434,8.21449694420714,7.55733718867057
"15015",6,5,20312,2.95391886569516,2.46159905474596
"15016",9,9,18731,4.80486893385297,4.80486893385297
"15005",41,30,108839,3.76703203814809,2.75636490596202
"15024",45,21,124284,3.62073959640823,1.68967847832384
"15008",18,18,15806,11.3880804757687,11.3880804757687
"15007",16,15,14142,11.31381699901,10.6067034365719
"15120",41,20,176931,2.31728753016713,1.13038416105714
"15042",57,46,100349,5.68017618511395,4.58400183360073
"15084",10,9,27719,3.60763375302139,3.24687037771925
"15047",21,21,45841,4.58105189677363,4.58105189677363
"15022",4,3,10049,3.98049557169868,2.98537167877401
"15020",41,13,213067,1.92427733999165,0.610136717558327
"15062",15,10,47899,3.13158938599971,2.08772625733314
"15050",4,3,17164,2.33045910044279,1.74784432533209
"15061",3,3,6734,4.45500445500446,4.45500445500446
"15101",25,15,53181,4.7009270228089,2.82055621368534
"15057",228,75,593843,3.83939862893054,1.2629600753061
"15105",24,24,19529,12.2894157406933,12.2894157406933
"15106",289,132,613714,4.70903384964332,2.15083899014851
"15116",2,2,2972,6.72947510094213,6.72947510094213
"15097",10,10,10622,9.41442289587648,9.41442289587648
"15079",7,6,9203,7.60621536455504,6.5196131696186
"15119",8,8,10757,7.43701775587989,7.43701775587989
"15081",66,24,366718,1.79974803527506,0.654453831009113
"15035",25,12,101435,2.46463252329078,1.18302361117957
"15064",22,20,22733,9.67756125456385,8.79778295869441
"15083",6,5,8916,6.72947510094213,5.60789591745177
"15102",9,8,10691,8.41829576279113,7.48292956692545
"15087",32,26,63156,5.0668186712268,4.11679017037178
"15066",3,3,2863,10.4785190359762,10.4785190359762
"15108",21,9,105766,1.98551519391865,0.850935083107993
"15089",4,3,7447,5.37129045253122,4.02846783939842
"15051",36,21,110873,3.24695823149008,1.89405896836922
"15046",4,4,12879,3.10583119807438,3.10583119807438
"15037",60,28,198481,3.02295937646425,1.41071437568331
"15038",3,2,7581,3.95726157499011,2.63817438332674
"15039",62,34,361661,1.71431257448273,0.94010689568408
"15017",2,2,6587,3.0362835888872,3.0362835888872
"15069",1,1,3237,3.08928019771393,3.08928019771393
"15065",13,8,23874,5.44525425148697,3.35092569322275
"15048",25,22,44291,5.64448759341627,4.96714908220632
"15121",80,24,398313,2.00847072528388,0.602541217585165
"15080",16,16,14122,11.3298399660105,11.3298399660105
"15071",10,10,9736,10.2711585866886,10.2711585866886
"15075",8,6,19364,4.13137781450114,3.09853336087585
"15072",4,3,10217,3.91504355485955,2.93628266614466
"15056",13,12,19921,6.52577681843281,6.02379398624567
"15067",17,14,55442,3.06626745066917,2.52516142996284
"15088",24,16,65119,3.68556028194536,2.45704018796357
"15070",35,11,198033,1.7673822039761,0.55546297839249
"15078",5,5,5930,8.43170320404722,8.43170320404722
"15111",18,16,30345,5.93178447849728,5.27269731421981
"15112",12,11,31085,3.86038282129645,3.53868425285507
"15091",11,6,42337,2.59820015589201,1.41720008503201
"15113",16,13,40326,3.96766354213163,3.22372662798195
"15006",2,1,8099,2.46944067168786,1.23472033584393
"15123",18,18,16558,10.8708781253775,10.8708781253775
"15099",71,33,187125,3.79425517702071,1.76352705410822
"15060",58,24,286787,2.02240687339384,0.836858016576763
"15122",42,14,252647,1.6623985244234,0.554132841474468
"15044",4,4,19175,2.08604954367666,2.08604954367666
"15110",26,19,39241,6.6257230957417,4.84187456996509
"15045",35,29,56710,6.17175101393052,5.11373655439958
"15098",3,2,3706,8.09498111171074,5.39665407447383
"15115",13,6,34886,3.72642320701714,1.71988763400791
"15117",9,9,8250,10.9090909090909,10.9090909090909
"15124",46,43,54360,8.46210448859456,7.91022810890361
"15029",25,11,131607,1.89959500634465,0.835821802791645
"15058",151,41,772824,1.95387306812418,0.530521826444313
"15092",18,12,39016,4.61349190075866,3.07566126717244
"15077",6,6,3955,15.1706700379267,15.1706700379267
"15055",3,2,9000,3.33333333333333,2.22222222222222
"15054",89,31,172326,5.16462982950919,1.79891600803129
"15049",5,5,9463,5.28373665856494,5.28373665856494
"15026",11,11,19277,5.7062820978368,5.7062820978368
"15001",31,28,41053,7.55121428397437,6.82045161133169
"15059",9,4,35517,2.53399780386857,1.12622124616381
"15086",22,18,20469,10.7479603302555,8.79378572475451
"15053",10,7,39855,2.50909547108267,1.75636682975787
"15090",21,16,56514,3.71589340694341,2.8311568814807
"15032",14,14,20680,6.76982591876209,6.76982591876209
"15125",2,1,9657,2.07103655379517,1.03551827689759
"15114",32,28,60042,5.32960261150528,4.66340228506712
"15093",8,6,21149,3.78268476050877,2.83701357038158
"15063",13,12,21486,6.05045145676254,5.58503211393466
"15073",5,4,20288,2.46451104100946,1.97160883280757
"15033",188,79,1152767,1.63085862103964,0.685307612032614
"15013",113,33,373892,3.02226311341243,0.882607811881506
"15027",2,1,8194,2.44081034903588,1.22040517451794
"15018",10,6,44309,2.25687783520278,1.35412670112167
"15009",16,10,35696,4.48229493500672,2.8014343343792
"15031",59,22,447797,1.31756130568092,0.491294046186107
"15043",8,7,19126,4.18278782808742,3.65993934957649
"15095",17,10,69361,2.45094505557878,1.44173238563458
"16074",2,2,6857,2.9167274318215,2.9167274318215
"16090",4,3,10001,3.999600039996,2.999700029997
"16002",9,9,8765,10.2681118083286,10.2681118083286
"16003",12,10,14434,8.31370375502286,6.92808646251905
"16004",8,6,9986,8.01121570198278,6.00841177648708
"16005",3,3,6554,4.5773573390296,4.5773573390296
"16006",38,13,78067,4.86761371642307,1.66523627140789
"16007",1,1,2172,4.60405156537753,4.60405156537753
"16008",20,20,13576,14.7318797878609,14.7318797878609
"16009",14,9,22175,6.31341600901917,4.05862457722661
"16096",5,5,3667,13.6351240796291,13.6351240796291
"16097",13,13,17214,7.55199256419194,7.55199256419194
"16106",11,6,20180,5.45094152626363,2.97324083250743
"16107",36,15,50619,7.11195400936407,2.96331417056836
"16108",47,15,132180,3.55575730065063,1.13481615978212
"16109",2,2,2401,8.32986255726781,8.32986255726781
"16110",21,15,31564,6.65314915726777,4.75224939804841
"16010",12,11,12572,9.54502068087814,8.74960229080496
"16011",5,5,7369,6.78518116433709,6.78518116433709
"16098",11,7,16188,6.79515690635038,4.32419075858661
"16031",10,9,9945,10.0553041729512,9.04977375565611
"16032",4,3,10062,3.97535281256211,2.98151460942159
"16077",10,10,11556,8.65351332641052,8.65351332641052
"16099",12,10,8756,13.7048880767474,11.4207400639561
"16001",5,2,7171,6.97252823873937,2.78901129549575
"16043",9,4,42664,2.10950684417776,0.937558597412338
"16044",8,5,8960,8.92857142857143,5.58035714285714
"16045",13,8,24230,5.36524969046636,3.30169211721007
"16012",10,9,27906,3.58345875438974,3.22511287895076
"16013",5,5,5345,9.35453695042095,9.35453695042095
"16021",4,4,8553,4.67672161814568,4.67672161814568
"16020",10,7,19095,5.2369730295889,3.66588112071223
"16019",8,6,13038,6.13591041570793,4.60193281178095
"16018",4,3,6085,6.57354149548069,4.93015612161052
"16087",5,4,9851,5.07562683991473,4.06050147193178
"16086",7,6,10132,6.90880378997236,5.92183181997631
"16072",7,4,8919,7.84841349927122,4.48480771386927
"16067",12,11,11329,10.5922852855504,9.70959484508783
"16022",11,9,16811,6.54333472131343,5.35363749925644
"16079",15,11,30262,4.95671138721829,3.63492168396008
"16078",6,5,8715,6.88468158347676,5.7372346528973
"16075",26,15,48915,5.31534294183788,3.06654400490647
"16076",16,6,50826,3.14799512060756,1.18049817022784
"16033",9,9,13488,6.67259786476868,6.67259786476868
"16035",17,16,18590,9.14470145239376,8.60677783754707
"16036",8,6,7924,10.0959111559818,7.57193336698637
"16037",7,6,5738,12.1993726036947,10.4566050888811
"16038",30,21,27401,10.9485055289953,7.6639538702967
"16039",5,4,5389,9.2781592132121,7.42252737056968
"16040",7,4,11606,6.0313630880579,3.44649319317594
"16041",6,5,9888,6.06796116504854,5.05663430420712
"16042",5,5,9367,5.33788833137611,5.33788833137611
"16049",13,10,10982,11.8375523584047,9.10580950646512
"16050",40,20,54546,7.33326000073333,3.66663000036666
"16051",5,4,9262,5.3984020729864,4.31872165838912
"16052",70,27,126210,5.54631170271769,2.13929165676254
"16053",266,90,579386,4.59106709516626,1.5533685660337
"16014",8,8,10476,7.63650248186331,7.63650248186331
"16015",10,8,11962,8.35980605249958,6.68784484199967
"16016",15,11,14397,10.418837257762,7.64048065569216
"16017",16,15,20856,7.67165324127349,7.1921749136939
"16083",11,10,19586,5.61625650975186,5.10568773613806
"16082",25,16,47682,5.24306866322721,3.35556394446542
"16081",6,6,5411,11.0885233783035,11.0885233783035
"16056",10,8,19470,5.13610683102209,4.10888546481767
"16080",10,10,11752,8.50918992511913,8.50918992511913
"16057",7,7,4746,14.7492625368732,14.7492625368732
"16034",36,21,77700,4.63320463320463,2.7027027027027
"16058",3,2,12823,2.33954612805116,1.55969741870077
"16059",8,8,5703,14.0277047168157,14.0277047168157
"16060",5,4,6264,7.98212005108557,6.38569604086845
"16062",7,6,12840,5.45171339563863,4.67289719626168
"16063",11,10,9923,11.0853572508314,10.0775975007558
"16064",7,7,16189,4.32392365186238,4.32392365186238
"16105",10,8,13326,7.5041272699985,6.0033018159988
"16065",13,9,24748,5.25294973331178,3.63665750767739
"16089",10,8,15618,6.40286848508132,5.12229478806505
"16061",6,6,13621,4.40496292489538,4.40496292489538
"16055",14,8,27832,5.03018108651911,2.87438919229664
"16054",9,8,5403,16.6574125485841,14.8065889320748
"16030",5,5,8466,5.90597684857075,5.90597684857075
"16029",6,6,7315,8.20232399179768,8.20232399179768
"16028",5,4,3720,13.4408602150538,10.752688172043
"16027",5,4,3465,14.4300144300144,11.5440115440115
"16026",7,7,2901,24.1296104791451,24.1296104791451
"16025",14,13,25067,5.58503211393466,5.18610124865361
"16024",6,5,12291,4.88162069807176,4.06801724839313
"16023",3,3,6929,4.32962909510752,4.32962909510752
"16066",37,19,61578,6.00863944915392,3.08551755497093
"16068",10,7,18001,5.55524693072607,3.88867285150825
"16069",32,11,70183,4.55950871293618,1.56733112007181
"16070",9,5,10636,8.46182775479503,4.70101541933058
"16071",35,21,44612,7.84542275620909,4.70725365372545
"16073",13,6,17606,7.38384641599455,3.40792911507441
"16091",5,4,9707,5.15092201504069,4.12073761203255
"16113",9,8,17573,5.12149319979514,4.5524383998179
"16112",50,30,98397,5.08145573543909,3.04887344126345
"16085",12,9,22609,5.30762085894998,3.98071564421248
"16088",22,12,72655,3.02800908402725,1.65164131856032
"16092",10,9,7634,13.0992926381975,11.7893633743778
"16093",11,9,17212,6.39089007669068,5.22891006274692
"16111",5,5,10878,4.59643316786174,4.59643316786174
"16101",8,8,5134,15.5823918971562,15.5823918971562
"16100",6,5,9525,6.2992125984252,5.249343832021
"16095",3,3,8270,3.62756952841596,3.62756952841596
"16084",10,7,19106,5.23395791897833,3.66377054328483
"16102",68,22,228680,2.97358754591569,0.962043029560959
"16103",10,8,15188,6.58414537792994,5.26731630234396
"16104",9,9,10734,8.38457238680827,8.38457238680827
"16094",7,6,4504,15.5417406749556,13.3214920071048
"16047",8,7,11915,6.71422576584138,5.8749475451112
"16046",5,4,9191,5.44010445000544,4.35208356000435
"16048",2,1,3606,5.54631170271769,2.77315585135885
"17002",6,5,16526,3.6306426237444,3.025535519787
"17006",75,20,127350,5.88928150765607,1.57047506870828
"17028",24,11,48647,4.93350052418443,2.2611877402512
"17022",5,3,8984,5.56544968833482,3.33926981300089
"17009",8,6,16046,4.98566620964726,3.73924965723545
"17016",6,6,12125,4.94845360824742,4.94845360824742
"17008",26,14,71605,3.63103135255918,1.9551707283011
"17003",16,10,24679,6.48324486405446,4.05202804003404
"17036",1,1,4835,2.06825232678387,2.06825232678387
"17035",4,2,17564,2.27738556137554,1.13869278068777
"17025",16,15,23094,6.92820646055252,6.49519355676799
"17001",8,8,11360,7.04225352112676,7.04225352112676
"17020",14,10,37152,3.76830318690784,2.6916451335056
"17034",1,1,7063,1.41582896786068,1.41582896786068
"17027",4,3,8066,4.95908752789487,3.71931564592115
"17030",15,11,35695,4.20226922538171,3.08166409861325
"17026",10,8,12783,7.82288977548306,6.25831182038645
"17031",16,7,25283,6.32836293161413,2.76865878258118
"17021",7,6,5172,13.5344160866203,11.6009280742459
"17019",12,10,18631,6.44087810638184,5.36739842198486
"17023",4,4,4920,8.13008130081301,8.13008130081301
"17017",19,10,26395,7.19833301761697,3.78859632506156
"17015",7,5,10432,6.7101226993865,4.79294478527607
"17013",8,7,11134,7.18519849110832,6.28704867971978
"17011",53,21,149427,3.54688242419375,1.40536850769941
"17010",6,5,11976,5.01002004008016,4.1750167000668
"17018",35,20,81095,4.31592576607682,2.46624329490104
"17029",33,16,70278,4.69563732604798,2.27667264293235
"17012",36,18,39932,9.0153260542923,4.50766302714615
"17024",17,12,34998,4.85742042402423,3.42876735813475
"17007",175,53,272940,6.411665567524,1.94181871473584
"17005",7,7,6439,10.8712533002019,10.8712533002019
"17004",22,17,57947,3.79657273025351,2.93371529155953
"17014",3,2,6480,4.62962962962963,3.08641975308642
"17032",4,4,6646,6.01865783930184,6.01865783930184
"17033",5,4,10777,4.63951006773685,3.71160805418948
"18001",34,25,24212,14.0426234924831,10.3254584503552
"18009",55,55,21787,25.2444118052049,25.2444118052049
"18010",26,25,21841,11.9042168398883,11.4463623460464
"18011",15,12,14995,10.0033344448149,8.00266755585195
"18017",151,72,286167,5.27663916524267,2.51601337680445
"18018",18,12,20625,8.72727272727273,5.81818181818182
"18019",21,21,7624,27.5445960125918,27.5445960125918
"18004",45,33,50515,8.90824507572008,6.53271305552806
"18013",7,7,5302,13.202565069785,13.202565069785
"18008",21,15,41791,5.02500538393434,3.5892895599531
"18005",14,14,6458,21.6785382471353,21.6785382471353
"18006",19,12,18939,10.0322086699403,6.33613179154126
"18007",13,12,11383,11.4205394008609,10.5420363700255
"18014",16,15,16159,9.9016028219568,9.2827526455845
"18015",50,43,62715,7.97257434425576,6.85641393605995
"18016",27,21,25220,10.7057890563045,8.32672482157018
"18003",13,13,7807,16.6517228128603,16.6517228128603
"18012",25,25,27293,9.15985783900634,9.15985783900634
"18020",56,30,117901,4.74974766965505,2.54450768017235
"18002",12,11,10417,11.5196313717961,10.5596620908131
"19029",5,4,4788,10.4427736006683,8.35421888053467
"19048",53,16,208260,2.54489580332277,0.76827043119178
"19044",23,18,23890,9.62745918794475,7.53453327752198
"19042",5,5,3882,12.8799587841319,12.8799587841319
"19023",1,1,1354,7.38552437223043,7.38552437223043
"19022",12,11,9836,12.2000813338756,11.1834078893859
"19047",5,4,10768,4.64338781575037,3.7147102526003
"19049",21,15,32595,6.44270593649333,4.60193281178095
"19009",41,22,80799,5.07432022673548,2.72280597532148
"19032",6,6,3488,17.2018348623853,17.2018348623853
"19031",47,13,288883,1.62695624180031,0.450009173263917
"19027",1,1,1470,6.80272108843537,6.80272108843537
"19020",4,3,3612,11.0741971207087,8.30564784053156
"19041",17,6,90298,1.88265520831026,0.664466544109504
"19040",2,2,663,30.1659125188537,30.1659125188537
"19039",390,121,826865,4.71661032937662,1.4633585893707
"19046",109,20,316445,3.44451642465515,0.632021362322047
"19019",66,9,97239,6.78740011723691,0.925554561441397
"19037",2,2,3834,5.21648408972353,5.21648408972353
"19010",14,8,62201,2.25076767254546,1.28615295574026
"19021",76,20,309836,2.45291057204457,0.645502782116991
"19012",7,4,41725,1.67765128819652,0.958657878969443
"19002",5,5,2495,20.0400801603206,20.0400801603206
"19005",9,9,11534,7.80301716663777,7.80301716663777
"19024",8,8,3823,20.9259743656814,20.9259743656814
"19026",180,69,465389,3.86773215525077,1.48263065951279
"19003",0,0,1023,0,0
"19004",14,9,23656,5.91816029759892,3.80453161988502
"19025",12,5,61743,1.94354015839852,0.809808399332718
"19015",1,1,973,10.2774922918808,10.2774922918808
"19007",17,16,9761,17.4162483352116,16.3917631390226
"19018",34,7,239002,1.42258223780554,0.292884578371729
"19051",4,4,2546,15.7109190887667,15.7109190887667
"19006",106,29,432132,2.45295418992345,0.671091240639434
"19011",6,6,4993,12.0168235529742,12.0168235529742
"19001",1,1,1897,5.27148128624143,5.27148128624143
"19017",38,37,25812,14.7218348055168,14.3344181001085
"19016",2,2,2160,9.25925925925926,9.25925925925926
"19050",4,4,1119,35.7462019660411,35.7462019660411
"19034",1,1,3335,2.99850074962519,2.99850074962519
"19035",1,1,1072,9.32835820895522,9.32835820895522
"19028",1,1,932,10.7296137339056,10.7296137339056
"19033",43,30,56259,7.6432215289998,5.33248013651149
"19036",8,8,4407,18.1529385069208,18.1529385069208
"19043",4,4,1627,24.5851259987707,24.5851259987707
"19014",47,47,21934,21.4279201240084,21.4279201240084
"19038",32,20,45455,7.03992960070399,4.39995600044
"19008",1,1,2445,4.08997955010225,4.08997955010225
"19013",9,5,6827,13.182950051267,7.32386113959279
"19045",16,10,53687,2.98023730139512,1.86264831337195
"19030",6,6,2165,27.7136258660508,27.7136258660508
"20125",12,12,6973,17.2092356231177,17.2092356231177
"20481",2,2,1272,15.7232704402516,15.7232704402516
"20517",1,1,3450,2.89855072463768,2.89855072463768
"20524",1,1,261,38.3141762452107,38.3141762452107
"20378",3,3,2327,12.8921357971637,12.8921357971637
"20054",1,1,283,35.3356890459364,35.3356890459364
"20542",1,1,603,16.5837479270315,16.5837479270315
"20237",1,1,1037,9.64320154291225,9.64320154291225
"20489",3,3,2911,10.3057368601855,10.3057368601855
"20544",2,2,710,28.169014084507,28.169014084507
"20490",1,1,1671,5.98444045481747,5.98444045481747
"20333",2,2,2270,8.81057268722467,8.81057268722467
"20334",21,20,31760,6.61209068010076,6.29722921914358
"20562",1,1,1064,9.3984962406015,9.3984962406015
"20133",3,3,2391,12.5470514429109,12.5470514429109
"20134",7,7,15894,4.40417767711086,4.40417767711086
"20138",1,1,332,30.1204819277108,30.1204819277108
"20149",1,1,1155,8.65800865800866,8.65800865800866
"20161",3,3,1834,16.3576881134133,16.3576881134133
"20159",6,6,3084,19.4552529182879,19.4552529182879
"20437",5,5,5750,8.69565217391304,8.69565217391304
"20441",4,2,5153,7.76246846497186,3.88123423248593
"20446",5,5,3954,12.6454223571067,12.6454223571067
"20447",9,8,10354,8.69229283368746,7.7264825188333
"20469",17,15,19533,8.70322019147084,7.67931193365074
"20511",4,4,1893,21.1304807184363,21.1304807184363
"20513",4,3,5540,7.22021660649819,5.41516245487365
"20278",17,16,23195,7.32916576848459,6.89803837033844
"20457",3,3,2156,13.9146567717996,13.9146567717996
"20163",2,2,959,20.8550573514077,20.8550573514077
"20166",4,4,7442,5.37489922063961,5.37489922063961
"20506",1,1,562,17.7935943060498,17.7935943060498
"20482",35,25,35036,9.98972485443544,7.13551775316817
"20508",1,1,1150,8.69565217391304,8.69565217391304
"20205",10,10,10232,9.77326035965598,9.77326035965598
"20271",2,2,1711,11.6890707188778,11.6890707188778
"20329",1,1,766,13.0548302872063,13.0548302872063
"20330",5,5,2676,18.6846038863976,18.6846038863976
"20246",1,1,409,24.4498777506112,24.4498777506112
"20277",10,10,7421,13.4752728742757,13.4752728742757
"20545",6,5,6262,9.58160332162248,7.9846694346854
"20546",1,1,4532,2.20653133274492,2.20653133274492
"20547",1,1,673,14.8588410104012,14.8588410104012
"20170",2,2,2270,8.81057268722467,8.81057268722467
"20230",1,1,626,15.9744408945687,15.9744408945687
"20168",1,1,547,18.2815356489945,18.2815356489945
"20184",53,27,104227,5.08505473629674,2.59049958264173
"20185",2,2,5564,3.59453630481668,3.59453630481668
"20404",1,1,548,18.2481751824818,18.2481751824818
"20407",9,9,4458,20.1884253028264,20.1884253028264
"20186",1,1,350,28.5714285714286,28.5714285714286
"20214",1,1,1356,7.37463126843658,7.37463126843658
"20220",3,3,1745,17.1919770773639,17.1919770773639
"20227",7,3,12327,5.6785917092561,2.43368216110976
"20261",4,4,3960,10.1010101010101,10.1010101010101
"20552",1,1,281,35.5871886120996,35.5871886120996
"20262",2,2,654,30.5810397553517,30.5810397553517
"20266",4,4,5392,7.41839762611276,7.41839762611276
"20550",2,2,3946,5.06842372022301,5.06842372022301
"20253",2,2,1371,14.5878920495988,14.5878920495988
"20254",1,1,2038,4.90677134445535,4.90677134445535
"20272",1,1,3278,3.05064063453325,3.05064063453325
"20273",4,4,2078,19.2492781520693,19.2492781520693
"20275",4,4,4556,8.77963125548727,8.77963125548727
"20551",17,11,19720,8.62068965517241,5.57809330628803
"20357",1,1,643,15.552099533437,15.552099533437
"20502",4,4,3071,13.0250732660371,13.0250732660371
"20553",2,1,8021,2.49345468146116,1.24672734073058
"20265",8,8,3904,20.4918032786885,20.4918032786885
"20493",1,1,378,26.4550264550265,26.4550264550265
"20318",25,14,31577,7.91715489121829,4.43360673908224
"20327",7,6,9829,7.1217824804151,6.10438498321294
"20554",3,3,3510,8.54700854700855,8.54700854700855
"20555",3,3,2340,12.8205128205128,12.8205128205128
"20556",0,0,199,0,0
"20018",1,1,488,20.4918032786885,20.4918032786885
"20036",6,6,3195,18.7793427230047,18.7793427230047
"20338",7,3,6977,10.0329654579332,4.29984233911423
"20344",3,3,1677,17.8890876565295,17.8890876565295
"20366",2,2,1992,10.0401606425703,10.0401606425703
"20377",9,9,6458,13.9362031588727,13.9362031588727
"20451",2,2,685,29.1970802919708,29.1970802919708
"20005",10,7,10813,9.24812725423102,6.47368907796171
"20558",1,1,951,10.515247108307,10.515247108307
"20561",1,1,1837,5.44365813826892,5.44365813826892
"20056",1,1,886,11.2866817155756,11.2866817155756
"20563",1,1,877,11.4025085518814,11.4025085518814
"20497",1,1,2291,4.36490615451768,4.36490615451768
"20549",6,6,7569,7.92707094728498,7.92707094728498
"20564",1,1,760,13.1578947368421,13.1578947368421
"20565",9,3,29157,3.08673731865418,1.02891243955139
"20099",1,1,235,42.5531914893617,42.5531914893617
"20491",5,5,2479,20.1694231544978,20.1694231544978
"20031",11,11,4523,24.3201414990051,24.3201414990051
"20279",2,2,1843,10.851871947911,10.851871947911
"20401",9,6,16530,5.44464609800363,3.62976406533575
"20367",1,1,2909,3.43760742523204,3.43760742523204
"20500",5,5,4982,10.0361300682457,10.0361300682457
"20503",1,1,310,32.258064516129,32.258064516129
"20379",1,1,1702,5.87544065804935,5.87544065804935
"20494",8,8,3423,23.37131171487,23.37131171487
"20499",2,2,1275,15.6862745098039,15.6862745098039
"20058",10,10,7508,13.319126265317,13.319126265317
"20059",14,9,31377,4.46186697262326,2.86834305382924
"20177",10,9,6794,14.7188695908154,13.2469826317339
"20359",1,1,499,20.0400801603206,20.0400801603206
"20364",9,8,10901,8.25612329144115,7.3387762590588
"20569",1,1,951,10.515247108307,10.515247108307
"20570",12,8,14313,8.38398658562146,5.58932439041431
"20567",2,2,2037,9.81836033382425,9.81836033382425
"20057",20,9,24870,8.04181745074387,3.61881785283474
"20423",2,2,340,58.8235294117647,58.8235294117647
"20112",1,1,1974,5.06585612968592,5.06585612968592
"20510",1,1,487,20.5338809034908,20.5338809034908
"20371",2,2,676,29.585798816568,29.585798816568
"20424",3,3,2147,13.9729855612483,13.9729855612483
"20406",14,14,12490,11.208967173739,11.208967173739
"20410",7,7,2027,34.5337937839171,34.5337937839171
"20435",1,1,2060,4.85436893203883,4.85436893203883
"20417",5,5,6033,8.28775070445881,8.28775070445881
"20422",2,2,415,48.1927710843374,48.1927710843374
"20439",13,12,14967,8.68577537248614,8.01763880537182
"20450",10,10,6352,15.7430730478589,15.7430730478589
"20075",1,1,1933,5.17330574236937,5.17330574236937
"20501",1,1,707,14.1442715700141,14.1442715700141
"20504",1,1,954,10.482180293501,10.482180293501
"20505",3,3,5375,5.58139534883721,5.58139534883721
"20251",1,1,692,14.4508670520231,14.4508670520231
"20459",4,4,3359,11.9083060434653,11.9083060434653
"20477",1,1,865,11.5606936416185,11.5606936416185
"20484",2,2,2690,7.43494423791822,7.43494423791822
"20485",1,1,1724,5.80046403712297,5.80046403712297
"20492",6,6,1785,33.6134453781513,33.6134453781513
"20495",3,3,1712,17.5233644859813,17.5233644859813
"20534",1,1,2027,4.93339911198816,4.93339911198816
"20537",9,8,4485,20.066889632107,17.8372352285396
"20543",2,2,3716,5.38213132400431,5.38213132400431
"20548",2,2,1181,16.9348010160881,16.9348010160881
"20463",1,1,408,24.5098039215686,24.5098039215686
"20467",6,4,11946,5.02260170768458,3.34840113845639
"20559",16,15,14821,10.7954928817219,10.1207745766143
"20169",1,1,2433,4.1101520756268,4.1101520756268
"20117",1,1,1329,7.52445447705041,7.52445447705041
"20512",1,1,617,16.2074554294976,16.2074554294976
"20514",1,1,558,17.921146953405,17.921146953405
"20118",1,1,1642,6.09013398294762,6.09013398294762
"20518",0,0,84,0,0
"20440",1,1,576,17.3611111111111,17.3611111111111
"20568",1,1,1062,9.41619585687382,9.41619585687382
"20521",1,1,174,57.4712643678161,57.4712643678161
"20001",1,1,503,19.8807157057654,19.8807157057654
"20256",1,1,149,67.1140939597315,67.1140939597315
"20003",3,3,1698,17.6678445229682,17.6678445229682
"20263",3,3,1768,16.9683257918552,16.9683257918552
"20004",1,1,734,13.6239782016349,13.6239782016349
"20007",1,1,1713,5.83771161704612,5.83771161704612
"20267",0,0,175,0,0
"20011",1,1,822,12.1654501216545,12.1654501216545
"20027",1,1,1469,6.8073519400953,6.8073519400953
"20030",6,2,6249,9.60153624579933,3.20051208193311
"20519",1,1,2354,4.24808836023789,4.24808836023789
"20034",1,1,835,11.9760479041916,11.9760479041916
"20013",1,1,2136,4.68164794007491,4.68164794007491
"20460",4,4,3117,12.8328521013795,12.8328521013795
"20044",12,8,26757,4.48480771386927,2.98987180924618
"20017",2,2,2357,8.48536274925753,8.48536274925753
"20507",1,1,1863,5.36768652710682,5.36768652710682
"20049",1,1,759,13.1752305665349,13.1752305665349
"20520",5,4,4739,10.5507491031863,8.44059928254906
"20019",2,2,1845,10.840108401084,10.840108401084
"20022",1,1,580,17.2413793103448,17.2413793103448
"20024",3,3,2269,13.2216835610401,13.2216835610401
"20025",4,2,7324,5.46149645002731,2.73074822501365
"20026",4,4,5711,7.00402731570653,7.00402731570653
"20029",3,3,2442,12.2850122850123,12.2850122850123
"20032",1,1,714,14.0056022408964,14.0056022408964
"20515",27,20,44663,6.04527237310525,4.47797953563352
"20516",3,3,2957,10.1454176530267,10.1454176530267
"20033",1,1,2041,4.89955903968643,4.89955903968643
"20050",1,1,2156,4.63821892393321,4.63821892393321
"20035",2,2,389,51.413881748072,51.413881748072
"20051",1,1,2796,3.57653791130186,3.57653791130186
"20536",0,0,337,0,0
"20047",0,0,64,0,0
"20037",5,5,2600,19.2307692307692,19.2307692307692
"20040",2,2,3435,5.82241630276565,5.82241630276565
"20041",11,9,19673,5.59141971229604,4.57479794642403
"20042",8,8,5152,15.527950310559,15.527950310559
"20045",2,2,5280,3.78787878787879,3.78787878787879
"20053",1,1,923,10.8342361863489,10.8342361863489
"20046",2,2,2039,9.80872976949485,9.80872976949485
"20523",1,1,1090,9.1743119266055,9.1743119266055
"20048",1,1,706,14.1643059490085,14.1643059490085
"20522",1,1,727,13.7551581843191,13.7551581843191
"20456",1,1,1112,8.99280575539568,8.99280575539568
"20060",2,2,1576,12.6903553299492,12.6903553299492
"20061",2,2,1750,11.4285714285714,11.4285714285714
"20062",1,1,357,28.0112044817927,28.0112044817927
"20063",1,1,3019,3.31235508446505,3.31235508446505
"20065",1,1,784,12.7551020408163,12.7551020408163
"20069",1,1,1680,5.95238095238095,5.95238095238095
"20070",2,2,3927,5.09294626941686,5.09294626941686
"20071",2,2,1988,10.0603621730382,10.0603621730382
"20096",1,1,499,20.0400801603206,20.0400801603206
"20072",3,3,4833,6.20732464307883,6.20732464307883
"20097",1,1,1207,8.28500414250207,8.28500414250207
"20098",2,2,2556,7.82472613458529,7.82472613458529
"20074",1,1,264,37.8787878787879,37.8787878787879
"20076",2,2,2131,9.38526513374003,9.38526513374003
"20190",16,14,13987,11.4391935368557,10.0092943447487
"20078",1,1,951,10.515247108307,10.515247108307
"20077",2,2,2907,6.87994496044032,6.87994496044032
"20081",2,2,1313,15.2322924600152,15.2322924600152
"20094",3,3,1195,25.1046025104602,25.1046025104602
"20080",1,1,1128,8.86524822695035,8.86524822695035
"20084",1,1,2960,3.37837837837838,3.37837837837838
"20082",2,2,2615,7.64818355640535,7.64818355640535
"20086",1,1,633,15.7977883096367,15.7977883096367
"20083",4,1,7199,5.55632726767607,1.38908181691902
"20092",1,1,1227,8.14995925020375,8.14995925020375
"20087",2,1,3551,5.63221627710504,2.81610813855252
"20089",1,1,1537,6.50618087182824,6.50618087182824
"20090",4,3,3960,10.1010101010101,7.57575757575758
"20091",2,1,4419,4.52591083955646,2.26295541977823
"20095",1,1,2674,3.7397157816006,3.7397157816006
"20100",1,1,308,32.4675324675325,32.4675324675325
"20101",1,1,520,19.2307692307692,19.2307692307692
"20102",1,1,3549,2.81769512538743,2.81769512538743
"20233",1,1,1248,8.01282051282051,8.01282051282051
"20103",1,1,4039,2.47586036147561,2.47586036147561
"20104",2,2,1580,12.6582278481013,12.6582278481013
"20105",4,4,4536,8.81834215167549,8.81834215167549
"20107",4,1,16814,2.37896990603069,0.594742476507672
"20108",3,3,1834,16.3576881134133,16.3576881134133
"20109",1,1,816,12.2549019607843,12.2549019607843
"20110",1,1,875,11.4285714285714,11.4285714285714
"20111",2,2,2812,7.11237553342816,7.11237553342816
"20527",1,1,1388,7.20461095100865,7.20461095100865
"20116",1,1,2409,4.151100041511,4.151100041511
"20114",1,1,503,19.8807157057654,19.8807157057654
"20172",1,1,327,30.5810397553517,30.5810397553517
"20115",15,13,6896,21.7517401392111,18.8515081206497
"20413",23,12,32962,6.97773193374188,3.6405557915175
"20119",1,1,568,17.6056338028169,17.6056338028169
"20120",1,1,225,44.4444444444444,44.4444444444444
"20121",0,0,438,0,0
"20014",15,7,19140,7.83699059561128,3.65726227795193
"20015",2,2,3228,6.19578686493185,6.19578686493185
"20123",1,1,1727,5.79038795599305,5.79038795599305
"20122",1,1,429,23.3100233100233,23.3100233100233
"20528",1,1,626,15.9744408945687,15.9744408945687
"20124",6,4,12422,4.83014007406215,3.2200933827081
"20129",1,1,233,42.9184549356223,42.9184549356223
"20206",2,2,1583,12.6342387871131,12.6342387871131
"20126",1,1,3056,3.27225130890052,3.27225130890052
"20020",4,4,2493,16.0449257922182,16.0449257922182
"20127",1,1,766,13.0548302872063,13.0548302872063
"20128",1,1,956,10.4602510460251,10.4602510460251
"20529",2,2,700,28.5714285714286,28.5714285714286
"20131",5,5,7554,6.6190097961345,6.6190097961345
"20130",2,2,3247,6.15953187557746,6.15953187557746
"20152",1,1,1292,7.73993808049536,7.73993808049536
"20153",1,1,2877,3.47584289190129,3.47584289190129
"20132",1,1,946,10.5708245243129,10.5708245243129
"20135",3,3,5215,5.75263662511985,5.75263662511985
"20136",7,7,7270,9.62861072902338,9.62861072902338
"20137",3,3,2030,14.7783251231527,14.7783251231527
"20139",3,3,1208,24.8344370860927,24.8344370860927
"20142",2,2,595,33.6134453781513,33.6134453781513
"20140",1,1,533,18.7617260787992,18.7617260787992
"20141",3,3,5112,5.86854460093897,5.86854460093897
"20160",1,1,941,10.6269925611052,10.6269925611052
"20143",6,5,6325,9.48616600790514,7.90513833992095
"20144",1,1,712,14.0449438202247,14.0449438202247
"20145",1,1,3454,2.89519397799653,2.89519397799653
"20531",1,1,1736,5.76036866359447,5.76036866359447
"20146",1,1,1521,6.57462195923734,6.57462195923734
"20147",0,0,244,0,0
"20148",2,2,1149,17.4064403829417,17.4064403829417
"20150",7,4,8735,8.01373783629078,4.57927876359473
"20151",2,2,211,94.7867298578199,94.7867298578199
"20157",5,1,11402,4.38519557972286,0.877039115944571
"20248",5,5,8901,5.6173463655769,5.6173463655769
"20158",2,2,1336,14.9700598802395,14.9700598802395
"20162",1,1,1155,8.65800865800866,8.65800865800866
"20164",3,3,1785,16.8067226890756,16.8067226890756
"20176",4,4,1778,22.4971878515186,22.4971878515186
"20165",1,1,969,10.3199174406605,10.3199174406605
"20167",1,1,1262,7.92393026941363,7.92393026941363
"20530",2,2,2446,8.17661488143908,8.17661488143908
"20187",1,1,1193,8.38222967309304,8.38222967309304
"20171",13,13,10142,12.8179846184185,12.8179846184185
"20188",4,4,5602,7.14030703320243,7.14030703320243
"20173",1,1,1009,9.91080277502478,9.91080277502478
"20174",2,1,3103,6.44537544311956,3.22268772155978
"20191",1,1,218,45.8715596330275,45.8715596330275
"20196",1,1,298,33.5570469798658,33.5570469798658
"20178",2,2,4414,4.53103760761214,4.53103760761214
"20197",1,1,2300,4.34782608695652,4.34782608695652
"20180",2,2,1531,13.0633572828217,13.0633572828217
"20204",1,1,450,22.2222222222222,22.2222222222222
"20181",1,1,332,30.1204819277108,30.1204819277108
"20480",1,1,923,10.8342361863489,10.8342361863489
"20182",1,1,1223,8.17661488143908,8.17661488143908
"20183",1,1,874,11.441647597254,11.441647597254
"20189",2,2,1760,11.3636363636364,11.3636363636364
"20192",1,1,1127,8.87311446317658,8.87311446317658
"20193",1,1,1877,5.3276505061268,5.3276505061268
"20464",1,1,223,44.8430493273543,44.8430493273543
"20194",1,1,1012,9.88142292490119,9.88142292490119
"20195",1,1,751,13.3155792276964,13.3155792276964
"20199",1,1,343,29.1545189504373,29.1545189504373
"20200",2,2,2338,8.55431993156544,8.55431993156544
"20201",1,1,1118,8.94454382826476,8.94454382826476
"20202",3,3,2593,11.5696104897802,11.5696104897802
"20203",1,1,1999,5.00250125062531,5.00250125062531
"20210",8,8,3773,21.203286509409,21.203286509409
"20208",7,7,5063,13.8257949832115,13.8257949832115
"20209",1,1,430,23.2558139534884,23.2558139534884
"20566",2,2,1862,10.7411385606874,10.7411385606874
"20215",0,0,549,0,0
"20218",1,1,378,26.4550264550265,26.4550264550265
"20284",1,1,1814,5.51267916207277,5.51267916207277
"20216",1,1,806,12.4069478908189,12.4069478908189
"20217",4,4,1932,20.703933747412,20.703933747412
"20219",1,1,1844,5.42299349240781,5.42299349240781
"20221",1,1,975,10.2564102564103,10.2564102564103
"20222",2,2,937,21.3447171824973,21.3447171824973
"20223",1,1,289,34.6020761245675,34.6020761245675
"20541",1,1,1081,9.25069380203515,9.25069380203515
"20498",6,6,4666,12.8589798542649,12.8589798542649
"20224",1,1,474,21.0970464135021,21.0970464135021
"20225",3,3,3550,8.45070422535211,8.45070422535211
"20016",7,7,4493,15.5797907856666,15.5797907856666
"20226",2,2,1981,10.0959111559818,10.0959111559818
"20228",1,1,426,23.4741784037559,23.4741784037559
"20229",4,4,4367,9.15960613693611,9.15960613693611
"20231",1,1,1854,5.39374325782093,5.39374325782093
"20232",8,8,13013,6.14769845539076,6.14769845539076
"20234",7,7,4030,17.3697270471464,17.3697270471464
"20235",2,2,2376,8.41750841750842,8.41750841750842
"20236",1,1,730,13.6986301369863,13.6986301369863
"20239",1,1,693,14.4300144300144,14.4300144300144
"20240",2,2,1498,13.3511348464619,13.3511348464619
"20241",1,1,713,14.0252454417952,14.0252454417952
"20242",7,7,5901,11.8623962040332,11.8623962040332
"20243",1,1,1324,7.55287009063444,7.55287009063444
"20244",3,3,2331,12.8700128700129,12.8700128700129
"20249",2,2,2193,9.11992704058368,9.11992704058368
"20525",6,5,8265,7.25952813067151,6.04960677555959
"20526",6,6,9895,6.06366851945427,6.06366851945427
"20245",2,2,838,23.8663484486874,23.8663484486874
"20269",3,3,2797,10.7257776188774,10.7257776188774
"20247",1,1,1037,9.64320154291225,9.64320154291225
"20250",1,1,825,12.1212121212121,12.1212121212121
"20255",1,1,1229,8.1366965012205,8.1366965012205
"20252",2,2,1393,14.3575017946877,14.3575017946877
"20257",1,1,745,13.4228187919463,13.4228187919463
"20258",1,1,498,20.0803212851406,20.0803212851406
"20259",1,1,1267,7.89265982636148,7.89265982636148
"20260",2,2,1398,14.3061516452074,14.3061516452074
"20268",1,1,708,14.1242937853107,14.1242937853107
"20276",1,1,487,20.5338809034908,20.5338809034908
"20281",0,0,231,0,0
"20274",1,1,814,12.2850122850123,12.2850122850123
"20532",4,4,2499,16.0064025610244,16.0064025610244
"20280",2,2,1397,14.3163922691482,14.3163922691482
"20533",1,1,1719,5.8173356602676,5.8173356602676
"20368",1,1,1360,7.35294117647059,7.35294117647059
"20282",1,1,460,21.7391304347826,21.7391304347826
"20052",3,3,4036,7.43310208126858,7.43310208126858
"20283",1,1,680,14.7058823529412,14.7058823529412
"20535",2,2,1829,10.9349371241115,10.9349371241115
"20286",1,1,2072,4.82625482625483,4.82625482625483
"20285",1,1,2290,4.36681222707424,4.36681222707424
"20288",1,1,379,26.3852242744063,26.3852242744063
"20289",1,1,792,12.6262626262626,12.6262626262626
"20290",1,1,647,15.4559505409583,15.4559505409583
"20292",2,2,848,23.5849056603774,23.5849056603774
"20380",1,1,1500,6.66666666666667,6.66666666666667
"20294",2,2,4768,4.19463087248322,4.19463087248322
"20043",40,24,73866,5.4152113286221,3.24912679717326
"20295",5,4,6664,7.50300120048019,6.00240096038415
"20538",0,0,436,0,0
"20296",2,2,682,29.3255131964809,29.3255131964809
"20297",1,1,1524,6.56167979002625,6.56167979002625
"20304",1,1,478,20.9205020920502,20.9205020920502
"20299",1,1,741,13.4952766531714,13.4952766531714
"20300",2,2,4063,4.9224710804824,4.9224710804824
"20308",1,1,2104,4.75285171102662,4.75285171102662
"20301",1,1,1108,9.02527075812274,9.02527075812274
"20311",1,1,328,30.4878048780488,30.4878048780488
"20302",1,1,2465,4.05679513184584,4.05679513184584
"20303",1,1,746,13.4048257372654,13.4048257372654
"20305",2,2,3016,6.63129973474801,6.63129973474801
"20321",1,1,456,21.9298245614035,21.9298245614035
"20332",1,1,264,37.8787878787879,37.8787878787879
"20307",9,9,6319,14.2427599303687,14.2427599303687
"20312",3,3,6246,4.8030739673391,4.8030739673391
"20313",1,1,544,18.3823529411765,18.3823529411765
"20314",1,1,1171,8.5397096498719,8.5397096498719
"20079",28,13,57712,4.85167729415026,2.25256445799834
"20331",1,1,654,15.2905198776758,15.2905198776758
"20315",1,1,1214,8.23723228995058,8.23723228995058
"20316",1,1,491,20.3665987780041,20.3665987780041
"20207",10,10,11100,9.00900900900901,9.00900900900901
"20317",1,1,816,12.2549019607843,12.2549019607843
"20356",1,1,1507,6.635700066357,6.635700066357
"20319",1,1,633,15.7977883096367,15.7977883096367
"20320",1,1,473,21.1416490486258,21.1416490486258
"20322",1,1,517,19.3423597678917,19.3423597678917
"20323",2,2,1494,13.3868808567604,13.3868808567604
"20325",6,6,7335,8.1799591002045,8.1799591002045
"20326",4,4,2771,14.4352219415374,14.4352219415374
"20328",1,1,837,11.94743130227,11.94743130227
"20335",2,2,523,38.2409177820268,38.2409177820268
"20336",3,3,1143,26.246719160105,26.246719160105
"20339",2,2,2881,6.94203401596668,6.94203401596668
"20340",3,3,1276,23.5109717868339,23.5109717868339
"20341",0,0,163,0,0
"20342",3,1,2768,10.8381502890173,3.61271676300578
"20343",1,1,1438,6.95410292072323,6.95410292072323
"20345",2,2,2638,7.58150113722517,7.58150113722517
"20346",1,1,1031,9.69932104752667,9.69932104752667
"20347",2,2,2560,7.8125,7.8125
"20539",1,1,4234,2.36183278223902,2.36183278223902
"20211",4,4,1702,23.5017626321974,23.5017626321974
"20212",2,2,1670,11.9760479041916,11.9760479041916
"20213",2,2,2158,9.2678405931418,9.2678405931418
"20348",5,5,5387,9.28160386114721,9.28160386114721
"20349",1,1,1498,6.67556742323097,6.67556742323097
"20540",4,4,5345,7.48362956033676,7.48362956033676
"20350",8,3,12316,6.49561545956479,2.4358557973368
"20352",3,3,2341,12.8150363092695,12.8150363092695
"20353",1,1,1475,6.77966101694915,6.77966101694915
"20354",1,1,313,31.9488817891374,31.9488817891374
"20355",1,1,447,22.3713646532438,22.3713646532438
"20358",1,1,1367,7.31528895391368,7.31528895391368
"20360",1,1,2670,3.74531835205992,3.74531835205992
"20361",1,1,552,18.1159420289855,18.1159420289855
"20362",1,1,1038,9.63391136801541,9.63391136801541
"20363",4,4,1843,21.703743895822,21.703743895822
"20369",1,1,1487,6.72494956287828,6.72494956287828
"20370",1,1,436,22.9357798165138,22.9357798165138
"20381",2,2,1823,10.9709270433352,10.9709270433352
"20372",1,1,900,11.1111111111111,11.1111111111111
"20373",1,1,267,37.4531835205993,37.4531835205993
"20374",1,1,903,11.0741971207087,11.0741971207087
"20293",4,1,11452,3.49283967865875,0.873209919664687
"20375",2,1,8795,2.2740193291643,1.13700966458215
"20376",1,1,237,42.1940928270042,42.1940928270042
"20382",1,1,769,13.0039011703511,13.0039011703511
"20383",1,1,395,25.3164556962025,25.3164556962025
"20384",1,1,2904,3.4435261707989,3.4435261707989
"20386",15,15,10241,14.6470071282101,14.6470071282101
"20387",1,1,1970,5.0761421319797,5.0761421319797
"20179",1,1,908,11.0132158590308,11.0132158590308
"20388",1,1,1562,6.40204865556978,6.40204865556978
"20390",17,3,35189,4.83105515928273,0.852539145755776
"20408",0,0,329,0,0
"20391",2,2,1815,11.0192837465565,11.0192837465565
"20418",3,2,7867,3.81339773738401,2.54226515825601
"20392",7,7,4007,17.4694285001248,17.4694285001248
"20393",1,1,2713,3.68595650571323,3.68595650571323
"20394",3,3,1832,16.3755458515284,16.3755458515284
"20395",2,2,1044,19.1570881226054,19.1570881226054
"20396",1,1,1963,5.09424350483953,5.09424350483953
"20397",14,8,24917,5.61865393105109,3.21065938917205
"20398",1,1,3273,3.05530094714329,3.05530094714329
"20399",5,2,27059,1.84781403599542,0.739125614398167
"20400",1,1,1161,8.61326442721792,8.61326442721792
"20402",1,1,671,14.903129657228,14.903129657228
"20154",2,2,1389,14.3988480921526,14.3988480921526
"20155",0,0,594,0,0
"20156",2,2,2498,8.00640512409928,8.00640512409928
"20403",2,1,2448,8.16993464052288,4.08496732026144
"20419",1,1,396,25.2525252525253,25.2525252525253
"20405",1,1,1197,8.35421888053467,8.35421888053467
"20409",3,2,6250,4.8,3.2
"20264",3,3,1277,23.4925606891151,23.4925606891151
"20411",1,1,640,15.625,15.625
"20106",0,0,168,0,0
"20198",17,17,19415,8.75611640484162,8.75611640484162
"20365",3,3,757,39.6301188903567,39.6301188903567
"20002",20,18,29155,6.8598868118676,6.17389813068084
"20006",12,8,12590,9.53137410643368,6.35424940428912
"20008",1,1,524,19.0839694656489,19.0839694656489
"20009",5,5,4209,11.8793062485151,11.8793062485151
"20010",6,5,9566,6.27221409157433,5.22684507631194
"20055",1,1,2316,4.31778929188256,4.31778929188256
"20412",1,1,1882,5.3134962805526,5.3134962805526
"20414",3,3,7755,3.86847195357834,3.86847195357834
"20415",2,2,2931,6.82360968952576,6.82360968952576
"20287",1,1,231,43.2900432900433,43.2900432900433
"20291",3,3,2512,11.9426751592357,11.9426751592357
"20298",3,3,9094,3.29887838135034,3.29887838135034
"20385",26,12,66681,3.89916168023875,1.79961308318711
"20416",1,1,349,28.6532951289398,28.6532951289398
"20420",1,1,971,10.2986611740474,10.2986611740474
"20023",5,4,17293,2.89134331810559,2.31307465448447
"20306",1,1,2450,4.08163265306122,4.08163265306122
"20310",1,1,8636,1.15794349235757,1.15794349235757
"20421",1,1,3209,3.11623558741041,3.11623558741041
"20309",7,7,5979,11.7076434186319,11.7076434186319
"20324",24,17,29746,8.06831170577557,5.71505412492436
"20337",5,5,3394,14.7318797878609,14.7318797878609
"20351",2,2,1805,11.0803324099723,11.0803324099723
"20425",1,1,1318,7.58725341426404,7.58725341426404
"20426",5,5,4842,10.3263114415531,10.3263114415531
"20427",2,2,9782,2.04457166223676,2.04457166223676
"20428",1,1,1195,8.36820083682008,8.36820083682008
"20432",1,1,667,14.9925037481259,14.9925037481259
"20429",1,1,998,10.0200400801603,10.0200400801603
"20430",0,0,231,0,0
"20431",1,1,1189,8.41042893187553,8.41042893187553
"20021",7,6,9255,7.5634792004322,6.48298217179903
"20175",1,1,923,10.8342361863489,10.8342361863489
"20270",2,2,761,26.281208935611,26.281208935611
"20433",2,2,1330,15.0375939849624,15.0375939849624
"20436",1,1,587,17.0357751277683,17.0357751277683
"20452",1,1,2989,3.34560053529609,3.34560053529609
"20442",1,1,174,57.4712643678161,57.4712643678161
"20438",1,1,1053,9.49667616334283,9.49667616334283
"20434",3,3,2242,13.3809099018733,13.3809099018733
"20444",1,1,293,34.1296928327645,34.1296928327645
"20443",1,1,303,33.003300330033,33.003300330033
"20445",1,1,1055,9.47867298578199,9.47867298578199
"20448",1,1,1156,8.65051903114187,8.65051903114187
"20449",1,1,2209,4.52693526482571,4.52693526482571
"20462",1,1,3033,3.29706561160567,3.29706561160567
"20453",2,2,2604,7.68049155145929,7.68049155145929
"20454",2,2,2209,9.05387052965143,9.05387052965143
"20455",1,1,1693,5.90667454223272,5.90667454223272
"20458",1,1,776,12.8865979381443,12.8865979381443
"20461",1,1,385,25.974025974026,25.974025974026
"20465",3,3,892,33.6322869955157,33.6322869955157
"20466",9,9,7406,12.1523089386984,12.1523089386984
"20468",8,8,7825,10.223642172524,10.223642172524
"20470",5,5,3053,16.3773337700622,16.3773337700622
"20471",1,1,276,36.231884057971,36.231884057971
"20472",2,2,2328,8.59106529209622,8.59106529209622
"20473",2,2,861,23.2288037166086,23.2288037166086
"20474",3,3,2202,13.6239782016349,13.6239782016349
"20475",6,3,6625,9.05660377358491,4.52830188679245
"20476",0,0,290,0,0
"20389",1,1,696,14.367816091954,14.367816091954
"20478",2,2,1149,17.4064403829417,17.4064403829417
"20479",1,1,136,73.5294117647059,73.5294117647059
"20012",4,4,5823,6.86931135153701,6.86931135153701
"20028",3,2,14587,2.05662576266539,1.37108384177692
"20039",37,19,49662,7.45036446377512,3.82586283274939
"20064",7,7,5691,12.30012300123,12.30012300123
"20066",5,3,3626,13.7892995035852,8.27357970215113
"20067",199,73,188033,10.5832486850712,3.88229725633267
"20068",10,4,15471,6.46370628918622,2.58548251567449
"20073",25,20,21333,11.7189331083298,9.37514648666385
"20085",15,15,13127,11.4268301973033,11.4268301973033
"20088",1,1,1768,5.65610859728507,5.65610859728507
"20483",2,2,7195,2.77970813064628,2.77970813064628
"20486",2,2,1602,12.4843945068664,12.4843945068664
"20093",1,1,359,27.8551532033426,27.8551532033426
"20113",2,2,1905,10.498687664042,10.498687664042
"20487",1,1,1255,7.96812749003984,7.96812749003984
"20488",0,0,87,0,0
"20496",2,2,1226,16.3132137030995,16.3132137030995
"20509",5,5,5953,8.39912649084495,8.39912649084495
"20557",5,3,10006,4.99700179892065,2.99820107935239
"20560",3,3,4424,6.78119349005425,6.78119349005425
"20038",1,1,1281,7.8064012490242,7.8064012490242
"20238",1,1,641,15.600624024961,15.600624024961
"21180",10,9,25378,3.94042083694539,3.54637875325085
"21080",1,1,1668,5.99520383693046,5.99520383693046
"21087",4,4,8192,4.8828125,4.8828125
"21088",3,3,2850,10.5263157894737,10.5263157894737
"21081",3,3,2538,11.8203309692671,11.8203309692671
"21083",21,21,15371,13.6620909504912,13.6620909504912
"21197",27,16,49114,5.49741417925642,3.25772692104084
"21193",3,3,4014,7.47384155455904,7.47384155455904
"21192",2,2,3977,5.02891626854413,5.02891626854413
"21215",2,2,3155,6.3391442155309,6.3391442155309
"21191",6,4,6264,9.57854406130268,6.38569604086845
"21216",1,1,1537,6.50618087182824,6.50618087182824
"21199",13,11,24473,5.31197646385813,4.49474931557226
"21198",2,2,825,24.2424242424242,24.2424242424242
"21178",7,7,9606,7.28711222152821,7.28711222152821
"21105",3,3,3185,9.41915227629513,9.41915227629513
"21132",55,15,100667,5.46355806768852,1.49006129118778
"21143",7,6,21773,3.21499104395352,2.75570660910302
"21176",1,1,6061,1.6498927569708,1.6498927569708
"21174",30,13,67386,4.45196331582228,1.92918410352299
"21171",1,1,2466,4.0551500405515,4.0551500405515
"21103",3,2,3920,7.6530612244898,5.10204081632653
"21102",3,2,8193,3.66166239472721,2.44110826315147
"21142",9,7,19015,4.73310544307126,3.68130423349987
"21101",2,2,2166,9.23361034164358,9.23361034164358
"21100",6,6,5521,10.8675964499185,10.8675964499185
"21099",6,6,12164,4.93258796448537,4.93258796448537
"21098",3,2,4184,7.17017208413002,4.78011472275335
"21001",16,12,41329,3.87137361174962,2.90353020881221
"21182",1,1,3159,3.16555872111428,3.16555872111428
"21201",1,1,2070,4.83091787439614,4.83091787439614
"21110",11,8,28523,3.85653682992673,2.80475405812853
"21109",8,8,11883,6.73230665656821,6.73230665656821
"21067",4,3,11155,3.58583594800538,2.68937696100403
"21147",2,2,3989,5.01378791677112,5.01378791677112
"21204",4,4,4967,8.05315079524864,8.05315079524864
"21108",7,5,11890,5.88730025231287,4.20521446593776
"21066",5,5,4186,11.9445771619685,11.9445771619685
"21167",8,8,5902,13.5547272111149,13.5547272111149
"21166",3,2,5640,5.31914893617021,3.54609929078014
"21065",8,6,13176,6.07164541590771,4.55373406193078
"21181",1,1,4376,2.28519195612431,2.28519195612431
"21064",8,8,11705,6.83468603161042,6.83468603161042
"21148",4,4,6728,5.94530321046373,5.94530321046373
"21063",5,4,8997,5.55740802489719,4.44592641991775
"21217",10,9,11122,8.99118863513756,8.09206977162381
"21207",29,22,35052,8.27342234394614,6.27638936437293
"21214",3,1,11763,2.55036980362153,0.850123267873842
"21059",3,2,1801,16.6574125485841,11.1049416990561
"21058",7,7,11235,6.23052959501558,6.23052959501558
"21057",4,4,3894,10.2722136620442,10.2722136620442
"21056",2,2,923,21.6684723726977,21.6684723726977
"21107",6,6,6876,8.7260034904014,8.7260034904014
"21106",5,4,26174,1.91029265683503,1.52823412546802
"21055",3,3,3192,9.3984962406015,9.3984962406015
"21200",3,3,2202,13.6239782016349,13.6239782016349
"21051",11,9,23888,4.60482250502344,3.76758204956464
"21050",8,8,14315,5.588543485854,5.588543485854
"21096",2,2,1952,10.2459016393443,10.2459016393443
"21095",1,1,414,24.1545893719807,24.1545893719807
"21094",16,10,22056,7.25426187885383,4.53391367428364
"21093",4,4,4681,8.54518265327921,8.54518265327921
"21092",3,3,3177,9.44287063267233,9.44287063267233
"21091",4,3,6492,6.16142945163278,4.62107208872458
"21208",36,28,53435,6.73715729390849,5.24001122859549
"21090",5,2,14789,3.38089120292109,1.35235648116844
"21037",1,1,1620,6.17283950617284,6.17283950617284
"21035",10,10,13064,7.65462339252909,7.65462339252909
"21034",6,3,29829,2.0114653525093,1.00573267625465
"21033",1,1,3428,2.9171528588098,2.9171528588098
"21032",1,1,933,10.7181136120043,10.7181136120043
"21031",1,1,1754,5.70125427594071,5.70125427594071
"21030",1,1,505,19.8019801980198,19.8019801980198
"21029",1,1,2463,4.06008932196508,4.06008932196508
"21028",1,1,1580,6.32911392405063,6.32911392405063
"21020",1,1,4567,2.18962119553317,2.18962119553317
"21077",2,2,3618,5.52791597567717,5.52791597567717
"21074",23,13,56883,4.04338730376387,2.28539282386653
"21022",5,4,8022,6.232859636001,4.9862877088008
"21025",4,4,5157,7.75644754702346,7.75644754702346
"21177",12,7,30011,3.998533870914,2.3324780913665
"21075",3,3,7458,4.02252614641995,4.02252614641995
"21078",4,4,8827,4.5315509233035,4.5315509233035
"21079",1,1,3545,2.82087447108604,2.82087447108604
"21187",5,5,3127,15.9897665494084,15.9897665494084
"21188",5,4,11658,4.28890032595642,3.43112026076514
"21189",5,4,13551,3.68976459301897,2.95181167441517
"21190",1,1,819,12.2100122100122,12.2100122100122
"21194",10,8,17729,5.64047605617914,4.51238084494331
"21184",2,2,3785,5.28401585204756,5.28401585204756
"21185",2,2,6244,3.20307495195388,3.20307495195388
"21082",3,3,5478,5.47645125958379,5.47645125958379
"21085",37,21,52451,7.05420297039141,4.00373682103296
"21104",5,4,18841,2.65378695398333,2.12302956318667
"21122",1,1,6897,1.44990575612585,1.44990575612585
"21123",3,3,2338,12.8314798973482,12.8314798973482
"21012",3,3,4355,6.8886337543054,6.8886337543054
"21013",3,2,14042,2.13644779945877,1.42429853297251
"21007",1,1,1941,5.15198351365276,5.15198351365276
"21011",1,1,1160,8.62068965517241,8.62068965517241
"21018",4,4,2350,17.0212765957447,17.0212765957447
"21054",9,7,19978,4.5049554509961,3.50385423966363
"21127",2,2,2488,8.03858520900322,8.03858520900322
"21129",4,4,8843,4.52335180368653,4.52335180368653
"21130",1,1,2393,4.17885499373172,4.17885499373172
"21213",7,7,7234,9.67652750898535,9.67652750898535
"21124",4,3,10130,3.94866732477789,2.96150049358342
"21169",9,8,14103,6.38162093171666,5.67255193930369
"21159",1,1,2741,3.64830353885443,3.64830353885443
"21156",89,25,208952,4.25935142999349,1.19644703089705
"21155",5,5,4085,12.2399020807834,12.2399020807834
"21154",35,13,48522,7.21322286797741,2.67919706524875
"21172",17,15,17157,9.90849216063414,8.74278720055954
"21179",13,12,18950,6.86015831134565,6.33245382585752
"21153",8,6,14399,5.55594138481839,4.16695603861379
"21151",2,2,5757,3.47403161368768,3.47403161368768
"21121",1,1,801,12.4843945068664,12.4843945068664
"21202",4,4,7720,5.18134715025907,5.18134715025907
"21203",1,1,4221,2.36910684671879,2.36910684671879
"21073",3,3,6181,4.85358356253033,4.85358356253033
"21097",1,1,1677,5.96302921884317,5.96302921884317
"21036",6,6,7809,7.68344218209758,7.68344218209758
"21044",7,7,10286,6.80536651759673,6.80536651759673
"21060",2,2,4655,4.29645542427497,4.29645542427497
"21061",7,7,7877,8.8866319664847,8.8866319664847
"21062",3,3,3097,9.6867936712948,9.6867936712948
"21068",5,5,4227,11.8287201324817,11.8287201324817
"21072",13,12,10396,12.5048095421316,11.5429011158138
"21160",2,2,2347,8.52151682999574,8.52151682999574
"21161",7,7,13487,5.19018313931934,5.19018313931934
"21024",1,1,687,14.5560407569141,14.5560407569141
"21186",19,18,34248,5.54776921280075,5.25578135949544
"21170",6,6,11486,5.22375065296883,5.22375065296883
"21196",1,1,1048,9.54198473282443,9.54198473282443
"21117",7,4,9706,7.21203379352978,4.1211621677313
"21017",8,7,16777,4.76843297371401,4.17237885199976
"21019",55,20,92107,5.97131596947029,2.17138762526192
"21173",1,1,4185,2.389486260454,2.389486260454
"21175",2,2,8965,2.23089793641941,2.23089793641941
"21052",1,1,876,11.4155251141553,11.4155251141553
"21069",8,6,17965,4.45310325633176,3.33982744224882
"21168",2,2,4471,4.47327219861329,4.47327219861329
"21157",4,3,8089,4.94498701940907,3.70874026455681
"21162",1,1,2548,3.92464678178964,3.92464678178964
"21209",4,4,5499,7.27404982724132,7.27404982724132
"21118",10,4,16911,5.91331086275205,2.36532434510082
"21119",57,11,107133,5.32048948503262,1.02676112869051
"21120",1,1,3442,2.90528762347472,2.90528762347472
"21125",5,3,6369,7.85052598524101,4.71031559114461
"21126",2,2,3918,5.10464522715671,5.10464522715671
"21128",5,5,6194,8.07232805941234,8.07232805941234
"21158",4,4,4571,8.75082038941151,8.75082038941151
"21053",30,26,40508,7.40594450478918,6.41848523748395
"21002",3,3,6002,4.99833388870377,4.99833388870377
"21003",29,15,24156,12.0052988905448,6.20963735717834
"21004",26,6,36166,7.18907260963336,1.65901675606924
"21005",1,1,2169,4.61041954817888,4.61041954817888
"21006",9,8,8633,10.4251129387235,9.26676705664311
"21008",5,5,6943,7.20149791156561,7.20149791156561
"21133",1,1,458,21.8340611353712,21.8340611353712
"21134",4,3,13506,2.96164667555161,2.22123500666371
"21135",1,1,377,26.525198938992,26.525198938992
"21137",3,3,6214,4.82780817508851,4.82780817508851
"21138",3,3,7158,4.19111483654652,4.19111483654652
"21139",2,2,2427,8.24062628759786,8.24062628759786
"21140",42,14,93694,4.4826776527846,1.49422588426153
"21141",2,2,2275,8.79120879120879,8.79120879120879
"21205",5,4,15036,3.32535248736366,2.66028198989093
"21023",3,3,5096,5.88697017268446,5.88697017268446
"21116",13,13,12261,10.6027240844956,10.6027240844956
"21115",9,7,32482,2.77076534696139,2.15503971430331
"21114",506,118,1175383,4.30497973851927,1.00392808131477
"21144",3,1,9972,3.00842358604091,1.00280786201364
"21145",13,13,7440,17.4731182795699,17.4731182795699
"21146",1,1,527,18.9753320683112,18.9753320683112
"21149",2,1,18077,1.10637827073076,0.553189135365381
"21150",1,1,3721,2.68744961031981,2.68744961031981
"21010",23,20,42071,5.46694872952865,4.7538684604597
"21014",2,2,2980,6.71140939597315,6.71140939597315
"21015",26,8,77544,3.35293510780976,1.03167234086454
"21016",3,3,5568,5.38793103448276,5.38793103448276
"21021",1,1,945,10.5820105820106,10.5820105820106
"21026",4,3,9794,4.08413314274045,3.06309985705534
"21027",3,3,2729,10.9930377427629,10.9930377427629
"21165",1,1,696,14.367816091954,14.367816091954
"21152",4,4,7862,5.08776392775375,5.08776392775375
"21206",2,2,2822,7.0871722182849,7.0871722182849
"21211",8,4,10588,7.55572346052135,3.77786173026067
"21212",11,10,12119,9.07665648980939,8.25150589982672
"21163",3,2,11159,2.68841294022762,1.79227529348508
"21049",7,7,9162,7.640253219821,7.640253219821
"21048",6,4,13766,4.35856457939852,2.90570971959901
"21047",10,7,13878,7.20564922899553,5.04395446029687
"21195",10,10,14552,6.8719076415613,6.8719076415613
"21164",44,16,49997,8.8005280316819,3.20019201152069
"21046",1,1,4680,2.13675213675214,2.13675213675214
"21210",3,3,3609,8.31255195344971,8.31255195344971
"21136",3,2,7956,3.77073906485671,2.51382604323781
"21045",17,12,29755,5.71332549151403,4.03293564106873
"21043",23,20,30047,7.65467434352847,6.65623855958998
"21084",1,1,4189,2.3872045834328,2.3872045834328
"21086",5,5,7344,6.8082788671024,6.8082788671024
"21042",4,4,2122,18.8501413760603,18.8501413760603
"21113",4,4,3115,12.8410914927769,12.8410914927769
"21131",1,1,602,16.6112956810631,16.6112956810631
"21089",5,5,7329,6.82221312593805,6.82221312593805
"21041",24,5,91875,2.61224489795918,0.54421768707483
"21040",1,1,7157,1.39723347771413,1.39723347771413
"21039",5,5,5976,8.36680053547523,8.36680053547523
"21038",2,1,6040,3.3112582781457,1.65562913907285
"21112",3,3,5894,5.08992195453003,5.08992195453003
"21009",1,1,1408,7.10227272727273,7.10227272727273
"21076",10,10,17341,5.76668012225362,5.76668012225362
"21183",10,10,11442,8.73973081629086,8.73973081629086
"21071",35,22,63942,5.47371055018611,3.44061806011698
"21070",4,4,3988,10.0300902708124,10.0300902708124
"21111",8,8,11995,6.66944560233431,6.66944560233431
"22002",16,16,15566,10.2788127971219,10.2788127971219
"22010",15,15,11677,12.8457651794125,12.8457651794125
"22006",53,11,147667,3.58915668361922,0.744919311694556
"22003",11,11,8283,13.2802124833997,13.2802124833997
"22011",36,20,152745,2.35686929195718,1.3093718288651
"22012",21,14,48340,4.3442283822921,2.8961522548614
"22015",9,9,4830,18.6335403726708,18.6335403726708
"22016",61,29,195850,3.11462854225172,1.48072504467705
"22017",22,11,47374,4.64389749651708,2.32194874825854
"22018",11,11,16625,6.61654135338346,6.61654135338346
"22007",16,9,27870,5.74094007893793,3.22927879440258
"22001",30,23,39188,7.65540471572931,5.86914361539247
"22014",286,78,731292,3.91088648583603,1.06660540522801
"22005",13,13,40223,3.23198170201129,3.23198170201129
"22004",31,27,41963,7.38746038176489,6.43423968734361
"22013",17,17,11585,14.6741476046612,14.6741476046612
"22008",13,12,22090,5.88501584427343,5.43232231779086
"22009",25,20,16864,14.8244781783681,11.8595825426945
"23001",29,8,59546,4.87018439525745,1.3434991435193
"23003",11,6,14797,7.43393931202271,4.05487598837602
"23002",58,50,49769,11.6538407442384,10.0464144346883
"23005",274,46,618075,4.43311895805525,0.744246248432634
"23004",129,81,158144,8.15712262242007,5.12191420477539
"23011",13,3,18292,7.10693199212771,1.64006122895255
"23008",106,14,217615,4.87098775360154,0.643338005192657
"23010",36,31,25277,14.2421964631879,12.2641136210785
"23007",21,17,17867,11.7535120613421,9.51474785918173
"23006",25,22,23030,10.8554059921841,9.55275727312202
"23009",17,5,29602,5.74285521248564,1.68907506249578
"24050",16,14,31423,5.09181173026127,4.45533526397861
"24052",5,4,6755,7.4019245003701,5.92153960029608
"24053",20,17,20465,9.77278279990227,8.30686537991693
"24054",25,24,29301,8.53213200914645,8.19084672878059
"24055",8,8,16405,4.87656202377324,4.87656202377324
"24048",1,1,3401,2.94031167303734,2.94031167303734
"24015",8,7,14173,5.64453538418119,4.93896846115854
"24013",57,37,121272,4.70017811201267,3.05099280955208
"24009",4,4,3278,12.202562538133,12.202562538133
"24043",4,4,5060,7.90513833992095,7.90513833992095
"24042",5,4,8714,5.73789304567363,4.5903144365389
"24012",15,14,12443,12.054970666238,11.2513059551555
"24011",10,8,30762,3.25076392952344,2.60061114361875
"24010",12,10,18630,6.44122383252818,5.36768652710682
"24008",13,8,14552,8.93347993402969,5.49752611324904
"24007",8,7,12265,6.52262535670607,5.70729718711782
"24035",40,15,217179,1.84179870061102,0.690674512729131
"24041",13,13,11027,11.7892445814818,11.7892445814818
"24040",15,12,24015,6.24609618988132,4.99687695190506
"24039",12,10,8391,14.3010368251698,11.9175306876415
"24038",8,7,9293,8.60863015172711,7.53255138276122
"24037",45,40,58260,7.72399588053553,6.86577411603158
"24036",15,14,18571,8.07710947175704,7.53863550697324
"24006",9,9,5957,15.1082759778412,15.1082759778412
"24028",195,68,627477,3.10768362824454,1.08370506010579
"24031",9,9,6803,13.2294575922387,13.2294575922387
"24030",4,4,3408,11.7370892018779,11.7370892018779
"24029",14,14,12170,11.5036976170912,11.5036976170912
"24026",5,5,5751,8.69414014953921,8.69414014953921
"24005",7,5,11962,5.85186423674971,4.17990302624979
"24024",37,25,63797,5.79964575136762,3.91867956173488
"24023",9,8,9931,9.06253146712315,8.05558352633169
"24022",8,7,11717,6.82768626781599,5.97422548433899
"24021",15,14,36675,4.08997955010225,3.8173142467621
"24017",13,13,15595,8.33600512984931,8.33600512984931
"24016",12,10,26524,4.52420449404313,3.77017041170261
"24014",8,8,10058,7.95386756810499,7.95386756810499
"24033",8,8,6846,11.685655857435,11.685655857435
"24001",9,5,11483,7.83767308194723,4.35426282330401
"24057",11,10,16799,6.54800881004822,5.95273528186202
"24051",9,7,10164,8.85478158205431,6.8870523415978
"24058",9,7,13310,6.7618332081142,5.25920360631104
"24032",16,14,24914,6.42209199646785,5.61933049690937
"24027",6,5,6692,8.96592946802152,7.47160789001793
"24025",11,9,18414,5.97371565113501,4.88758553274682
"24056",5,4,10252,4.87709715177526,3.90167772142021
"24047",7,7,5939,11.7864960431049,11.7864960431049
"24059",20,7,NA,NA,NA
"24034",7,6,9769,7.16552359504555,6.1418773671819
"24002",5,5,4943,10.1153145862836,10.1153145862836
"24003",22,21,27548,7.98606069406128,7.62305793524031
"24004",5,5,2761,18.1093806591815,18.1093806591815
"24046",6,5,10890,5.50964187327824,4.59136822773186
"24018",8,6,9475,8.44327176781003,6.33245382585752
"24019",5,5,3747,13.3440085401655,13.3440085401655
"24020",35,21,66072,5.29725148323041,3.17835088993825
"24044",8,8,4580,17.4672489082969,17.4672489082969
"24045",9,7,9400,9.57446808510638,7.4468085106383
"24049",11,11,22600,4.86725663716814,4.86725663716814
"25010",37,32,63873,5.79274497831635,5.00994160286819
"25008",15,13,33876,4.42791356712717,3.83752509151021
"25016",21,19,12893,16.2879081672225,14.7366788179632
"25018",36,23,96221,3.74138701530851,2.39033059311377
"25003",32,31,16255,19.6862503844971,19.0710550599815
"25014",25,22,33862,7.38290709349714,6.49695824227748
"25001",121,53,309976,3.90352801507213,1.70980979172581
"25002",19,14,30572,6.21483710584849,4.57935365694099
"25020",10,8,NA,NA,NA
"25019",14,7,NA,NA,NA
"25009",30,18,37957,7.90368048054377,4.74220828832626
"25004",19,17,16179,11.7436182705977,10.5074479263242
"25005",19,16,10083,18.8435981354756,15.8682931667163
"25012",150,43,343729,4.36390295843528,1.25098551475145
"25007",32,28,18383,17.4073872599684,15.2314638524724
"25013",34,28,27463,12.3802934857809,10.1955358118195
"25015",39,18,53068,7.3490615813673,3.39187457601568
"25006",318,107,667604,4.76330279626845,1.60274653836706
"25017",39,37,50323,7.74993541720486,7.35250283170717
"25011",75,43,193916,3.86765403576806,2.21745498050702
"26066",8,7,6237,12.8266794933462,11.2233445566779
"26038",5,5,3423,14.6070698217937,14.6070698217937
"26033",40,31,52467,7.62383974688852,5.9084758038386
"26056",4,4,6205,6.4464141821112,6.4464141821112
"26031",2,2,803,24.906600249066,24.906600249066
"26032",2,2,629,31.7965023847377,31.7965023847377
"26070",4,3,8231,4.85967683149071,3.64475762361803
"26064",2,2,939,21.2992545260916,21.2992545260916
"26062",1,1,774,12.9198966408269,12.9198966408269
"26052",6,6,3710,16.1725067385445,16.1725067385445
"26051",7,7,3223,21.718895439032,21.718895439032
"26037",2,2,824,24.2718446601942,24.2718446601942
"26021",5,5,1366,36.6032210834553,36.6032210834553
"26041",4,3,9183,4.35587498638789,3.26690623979092
"26043",49,16,170032,2.88181048273266,0.940999341300461
"26034",3,3,674,44.5103857566766,44.5103857566766
"26016",4,4,3286,12.1728545343883,12.1728545343883
"26014",3,3,2226,13.4770889487871,13.4770889487871
"26015",2,2,750,26.6666666666667,26.6666666666667
"26069",5,5,3123,16.010246557797,16.010246557797
"26009",2,2,547,36.563071297989,36.563071297989
"26029",50,33,105184,4.7535746881655,3.13735929418923
"26002",22,9,57807,3.80576746760773,1.55690487311225
"26057",3,3,1087,27.5988960441582,27.5988960441582
"26055",44,15,130576,3.36968508761181,1.14875627986766
"26024",1,1,516,19.3798449612403,19.3798449612403
"26023",6,6,4060,14.7783251231527,14.7783251231527
"26001",4,4,1762,22.7014755959137,22.7014755959137
"26003",27,26,16502,16.3616531329536,15.7556659798812
"26030",210,90,633920,3.31272084805654,1.41973750630994
"26022",1,1,612,16.3398692810458,16.3398692810458
"26025",18,12,34016,5.29162746942615,3.5277516462841
"26027",6,5,5556,10.7991360691145,8.99928005759539
"26005",3,3,813,36.90036900369,36.90036900369
"26006",4,4,1980,20.2020202020202,20.2020202020202
"26035",8,7,7936,10.0806451612903,8.82056451612903
"26068",3,3,785,38.2165605095541,38.2165605095541
"26046",1,1,363,27.5482093663912,27.5482093663912
"26026",27,24,39794,6.78494245363623,6.03105995878776
"26049",4,4,2017,19.8314328210213,19.8314328210213
"26071",7,6,14069,4.97547800127941,4.26469542966806
"26004",4,3,5764,6.93962526023595,5.20471894517696
"26063",1,1,878,11.3895216400911,11.3895216400911
"26028",2,2,705,28.3687943262411,28.3687943262411
"26048",23,9,39981,5.75273254796028,2.2510692578975
"26017",30,18,57753,5.19453534881305,3.11672120928783
"26012",11,11,15417,7.13498086527859,7.13498086527859
"26044",1,1,254,39.3700787401575,39.3700787401575
"26036",13,7,21348,6.08956342514521,3.27899569046281
"26013",1,1,1227,8.14995925020375,8.14995925020375
"26010",2,2,808,24.7524752475248,24.7524752475248
"26050",1,1,1092,9.15750915750916,9.15750915750916
"26072",5,5,9236,5.413598960589,5.413598960589
"26061",5,5,989,50.5561172901921,50.5561172901921
"26011",2,2,1052,19.0114068441065,19.0114068441065
"26018",104,47,299872,3.46814640913456,1.56733539643581
"26047",6,6,6137,9.77676389115203,9.77676389115203
"26019",11,8,25337,4.34147689150255,3.15743773927458
"26020",2,2,3168,6.31313131313131,6.31313131313131
"26053",1,1,247,40.4858299595142,40.4858299595142
"26042",71,54,110250,6.43990929705215,4.89795918367347
"26008",1,1,714,14.0056022408964,14.0056022408964
"26060",2,2,1334,14.9925037481259,14.9925037481259
"26039",3,3,3494,8.58614768174013,8.58614768174013
"26059",2,2,1174,17.0357751277683,17.0357751277683
"26040",2,2,1067,18.7441424554827,18.7441424554827
"26067",2,2,996,20.0803212851406,20.0803212851406
"26065",3,3,1032,29.0697674418605,29.0697674418605
"26007",1,1,441,22.6757369614512,22.6757369614512
"26045",3,3,1706,17.5849941383353,17.5849941383353
"26054",1,1,332,30.1204819277108,30.1204819277108
"26058",13,10,10651,12.2054267204957,9.38878978499671
"27006",58,42,84997,6.82377025071473,4.94135087120722
"27001",38,34,36527,10.4032633394475,9.30818298792674
"27016",29,24,37810,7.66992859032002,6.34752710923036
"27015",36,33,29742,12.1040952188824,11.0954206173089
"27014",33,20,62818,5.25327135534401,3.18380082142061
"27012",90,72,100155,8.98607158903699,7.18885727122959
"27002",107,66,148692,7.19608317865117,4.43870551206521
"27003",56,45,65153,8.59515294767701,6.90681933295474
"27004",303,139,464945,6.51689984836916,2.98960092053899
"27005",95,47,135066,7.03359838893578,3.47978025557875
"27007",22,17,21039,10.4567707590665,8.08023195018775
"27008",80,64,113845,7.02709824761737,5.6216785980939
"27009",21,20,25189,8.33697248799079,7.93997379808647
"27010",40,30,56990,7.01877522372346,5.2640814177926
"27011",28,25,19427,14.4129304576105,12.8686879085808
"27013",49,35,97519,5.02466186076559,3.58904418626114
"27017",41,35,39492,10.381849488504,8.86255444140585
"28003",59,25,175188,3.36781058063338,1.42703838162431
"28041",109,55,236996,4.59923374234164,2.32071427365863
"28010",3,3,1173,25.5754475703325,25.5754475703325
"28024",4,4,4889,8.18163223563101,8.18163223563101
"28015",7,5,10439,6.70562314397931,4.78973081712808
"28025",18,9,19538,9.21281605077285,4.60640802538643
"28040",28,19,39552,7.07928802588997,4.80380258899676
"28023",4,4,2914,13.7268359643102,13.7268359643102
"28031",2,2,1248,16.025641025641,16.025641025641
"28039",18,16,17495,10.2886539011146,9.14547013432409
"28038",114,33,215100,5.29986052998605,1.53417015341702
"28037",21,18,15714,13.3638793432608,11.454753722795
"28007",12,7,11507,10.4284348657339,6.08325367167811
"28005",6,6,2958,20.2839756592292,20.2839756592292
"28032",185,50,460827,4.0145217185625,1.08500586988176
"28033",41,16,85355,4.80346786948626,1.87452404662879
"28029",10,9,8824,11.3327289211242,10.1994560290118
"28030",7,5,8854,7.90603117235148,5.6471651231082
"28034",13,13,5156,25.2133436772692,25.2133436772692
"28035",43,35,33066,13.0042944414202,10.5848908244118
"28022",171,66,355934,4.80426146420404,1.85427635460507
"28036",2,2,594,33.6700336700337,33.6700336700337
"28028",3,3,2423,12.3813454395378,12.3813454395378
"28021",52,38,73895,7.03701197645308,5.14243182894648
"28011",8,8,5670,14.1093474426808,14.1093474426808
"28012",16,11,26567,6.0225091278654,4.14047502540746
"28027",84,34,273910,3.06670074111935,1.24128363331021
"28013",9,9,9864,9.12408759124088,9.12408759124088
"28004",5,5,5961,8.38785438684784,8.38785438684784
"28006",7,7,4625,15.1351351351351,15.1351351351351
"28016",15,15,11699,12.8216086845029,12.8216086845029
"28019",11,10,10086,10.9062066230418,9.9147332936744
"28017",17,16,10174,16.7092588952231,15.7263613131512
"28020",4,4,1419,28.1888653981677,28.1888653981677
"28008",5,5,2526,19.7941409342835,19.7941409342835
"28043",9,6,15301,5.88196849879093,3.92131233252729
"28042",9,8,3697,24.344062753584,21.6391668920747
"28014",3,3,2921,10.2704553235193,10.2704553235193
"28009",49,11,149646,3.27439423706614,0.735068094035257
"28026",5,5,2255,22.1729490022173,22.1729490022173
"28001",10,9,6442,15.5231294628997,13.9708165166097
"28002",18,14,18912,9.51776649746193,7.40270727580372
"28018",5,5,4257,11.7453605825699,11.7453605825699
"29019",4,3,14241,2.80879151744962,2.10659363808721
"29045",1,1,3817,2.61985852763951,2.61985852763951
"29047",1,1,2163,4.62320850670365,4.62320850670365
"29033",48,22,69934,6.86361426487831,3.14582320473589
"29059",1,1,4712,2.12224108658744,2.12224108658744
"29004",7,7,11163,6.27071575741288,6.27071575741288
"29054",1,1,3810,2.6246719160105,2.6246719160105
"29042",4,2,9536,4.19463087248322,2.09731543624161
"29044",13,5,29998,4.33362224148277,1.66677778518568
"29053",1,1,4966,2.01369311316955,2.01369311316955
"29008",3,3,9734,3.08198068625437,3.08198068625437
"29029",3,3,8631,3.47584289190129,3.47584289190129
"29046",2,2,2914,6.86341798215511,6.86341798215511
"29025",14,6,49980,2.80112044817927,1.20048019207683
"29058",2,1,6209,3.22113061684651,1.61056530842326
"29014",5,5,9652,5.18027351844177,5.18027351844177
"29028",4,2,15743,2.5408117893667,1.27040589468335
"29040",4,4,6949,5.75622391711038,5.75622391711038
"29060",2,1,3446,5.80383052814858,2.90191526407429
"29015",9,9,25750,3.49514563106796,3.49514563106796
"29057",1,1,3051,3.27761389708292,3.27761389708292
"29056",1,1,5233,1.91094974202178,1.91094974202178
"29051",1,1,2741,3.64830353885443,3.64830353885443
"29041",8,3,21478,3.72474159605177,1.39677809851942
"29038",5,5,11576,4.31928127159641,4.31928127159641
"29023",10,8,16967,5.89379383509165,4.71503506807332
"29020",2,2,5987,3.34057123768164,3.34057123768164
"29017",1,1,7155,1.39762403913347,1.39762403913347
"29022",1,1,4067,2.4588148512417,2.4588148512417
"29001",4,3,7588,5.27148128624143,3.95361096468108
"29006",14,9,32157,4.35363995397581,2.79876854184159
"29016",1,1,4933,2.0271639975674,2.0271639975674
"29049",1,1,3942,2.53678335870117,2.53678335870117
"29043",6,4,28073,2.13728493570334,1.42485662380223
"29013",31,19,60826,5.09650478413836,3.12366422253642
"29002",14,13,10615,13.1888836552049,12.246820536976
"29005",39,18,54992,7.09194064591213,3.27320337503637
"29018",7,5,25229,2.77458480320266,1.9818462880019
"29003",4,4,4412,9.06618313689937,9.06618313689937
"29011",2,2,3023,6.61594442606682,6.61594442606682
"29009",3,3,3796,7.90305584826133,7.90305584826133
"29010",22,12,47175,4.66348701642819,2.54372019077901
"29007",3,2,10362,2.89519397799653,1.93012931866435
"29021",5,4,11966,4.17850576633796,3.34280461307037
"29012",5,5,5790,8.63557858376511,8.63557858376511
"29031",5,4,22443,2.22786614980172,1.78229291984138
"29032",4,4,8995,4.44691495275153,4.44691495275153
"29034",20,18,27902,7.16794495018278,6.4511504551645
"29035",1,1,3963,2.52334090335604,2.52334090335604
"29030",4,4,9163,4.36538251664302,4.36538251664302
"29026",5,4,15522,3.22123437701327,2.57698750161062
"29050",1,1,7457,1.3410218586563,1.3410218586563
"29052",1,1,4015,2.4906600249066,2.4906600249066
"29027",2,1,8240,2.42718446601942,1.21359223300971
"29055",1,1,2037,4.90918016691213,4.90918016691213
"29024",7,6,19077,3.6693400429837,3.14514860827174
"29037",2,2,5496,3.63901018922853,3.63901018922853
"29048",4,2,1061,37.7002827521206,18.8501413760603
"29039",8,3,15724,5.08776392775375,1.90791147290766
"29036",4,1,15197,2.63209844048167,0.658024610120418
"30162",1,1,4202,2.37981913374584,2.37981913374584
"30169",12,11,15325,7.83034257748777,7.17781402936378
"30185",1,1,3402,2.93944738389183,2.93944738389183
"30187",2,2,3490,5.73065902578797,5.73065902578797
"30188",5,5,11330,4.41306266548985,4.41306266548985
"30189",46,24,107274,4.28808471763894,2.23726159181162
"30190",2,2,1643,12.1728545343883,12.1728545343883
"30078",7,7,8399,8.33432551494226,8.33432551494226
"30191",11,8,21907,5.02122609211667,3.65180079426667
"30079",4,4,7070,5.65770862800566,5.65770862800566
"30192",10,7,14021,7.13215890450039,4.99251123315027
"30194",2,2,6828,2.92911540714704,2.92911540714704
"30031",8,8,12156,6.58111220796315,6.58111220796315
"30195",2,2,3479,5.74877838459327,5.74877838459327
"30199",3,2,7338,4.08830744071954,2.72553829381303
"30206",6,2,20478,2.92997363023733,0.976657876745776
"30210",16,16,18096,8.84173297966401,8.84173297966401
"30211",8,5,21296,3.75657400450789,2.34785875281743
"30212",8,7,8043,9.94653736168097,8.70322019147084
"30103",3,3,7126,4.20993544765647,4.20993544765647
"30141",45,28,106643,4.21968624288514,2.62558255112853
"30140",1,1,1904,5.25210084033613,5.25210084033613
"30138",10,6,29655,3.37211262856179,2.02326757713708
"30136",2,1,5245,3.81315538608198,1.90657769304099
"30131",64,16,134823,4.74696453869147,1.18674113467287
"30116",3,2,11272,2.66146202980837,1.77430801987225
"30109",21,17,44388,4.73100838064342,3.82986392718753
"30107",2,2,1595,12.5391849529781,12.5391849529781
"30203",4,4,8771,4.56048341124159,4.56048341124159
"30205",9,7,13078,6.88178620584187,5.35250038232146
"30071",18,11,38292,4.70072077718584,2.87266269716912
"30069",9,8,16918,5.31977775150727,4.72869133467313
"30098",1,1,1874,5.33617929562433,5.33617929562433
"30075",5,4,11373,4.39637738503473,3.51710190802779
"30074",2,2,4863,4.11268764137364,4.11268764137364
"30073",13,12,27051,4.80573731100514,4.43606521015859
"30072",21,21,13356,15.7232704402516,15.7232704402516
"30149",14,13,19597,7.14395060468439,6.63366841863551
"30150",4,4,7920,5.05050505050505,5.05050505050505
"30148",10,8,19312,5.17812758906379,4.14250207125104
"30147",9,9,13632,6.60211267605634,6.60211267605634
"30146",1,1,2389,4.18585182084554,4.18585182084554
"30145",3,2,11139,2.69323996768112,1.79549331178741
"30004",18,16,30373,5.92631613604188,5.26783656537056
"30070",13,12,11512,11.2925642807505,10.4239054899236
"30068",11,4,45570,2.41386877331578,0.877770463023919
"30067",3,3,9414,3.18674314850223,3.18674314850223
"30066",13,13,17169,7.57178635913565,7.57178635913565
"30065",17,12,59044,2.87920872569609,2.03238262990312
"30064",1,1,2498,4.00320256204964,4.00320256204964
"30173",21,19,34347,6.11407109791248,5.53177861239701
"30209",8,7,9327,8.57724884743219,7.50509274150316
"30032",18,11,31910,5.640864932623,3.44719523660295
"30040",9,7,37318,2.41170480733158,1.87577040570234
"30039",76,31,218979,3.47065243699168,1.41566086245713
"30038",20,9,65547,3.0512456710452,1.37306055197034
"30037",3,3,4841,6.1970667217517,6.1970667217517
"30036",2,1,6637,3.01340967304505,1.50670483652253
"30035",3,3,7161,4.18935902806871,4.18935902806871
"30034",11,7,17547,6.26887787086112,3.98928591782071
"30033",10,9,15714,6.36375206821942,5.72737686139748
"30030",13,6,28458,4.56813549792677,2.10837022981236
"30029",5,5,7268,6.87947165657677,6.87947165657677
"30028",49,13,108963,4.49693932802878,1.19306553600764
"30027",9,9,10220,8.80626223091977,8.80626223091977
"30026",5,2,17457,2.86418055794237,1.14567222317695
"30025",7,7,14685,4.76676881171263,4.76676881171263
"30024",4,3,10227,3.91121541018872,2.93341155764154
"30023",25,22,30700,8.14332247557003,7.16612377850163
"30022",4,4,13742,2.910784456411,2.910784456411
"30168",7,6,9236,7.5790385448246,6.4963187527068
"30166",3,3,6417,4.67508181393174,4.67508181393174
"30165",4,4,5611,7.1288540367136,7.1288540367136
"30164",3,2,11475,2.61437908496732,1.74291938997821
"30126",10,7,23568,4.24304141208418,2.97012898845893
"30050",4,4,9974,4.01042711048727,4.01042711048727
"30046",4,4,10436,3.83288616328095,3.83288616328095
"30021",9,6,16022,5.6172762451629,3.7448508301086
"30128",21,11,47127,4.45604430581195,2.3341184459015
"30020",5,5,6581,7.59762953958365,7.59762953958365
"30101",10,7,23512,4.25314732902348,2.97720313031643
"30018",1,1,1086,9.20810313075506,9.20810313075506
"30009",11,11,19888,5.53097345132743,5.53097345132743
"30112",8,7,15364,5.20697734964853,4.55610518094246
"30008",6,6,5857,10.2441522963975,10.2441522963975
"30007",3,3,4455,6.73400673400673,6.73400673400673
"30006",8,7,13811,5.79248425168344,5.06842372022301
"30111",7,6,10843,6.45577792123951,5.53352393249101
"30110",5,5,6602,7.57346258709482,7.57346258709482
"30005",4,4,3635,11.0041265474553,11.0041265474553
"30051",7,6,14391,4.86415120561462,4.16927246195539
"30045",26,19,38866,6.68965162352699,4.88859157103895
"30013",13,6,18600,6.98924731182796,3.2258064516129
"30014",10,7,31960,3.12891113892365,2.19023779724656
"30002",1,1,2171,4.60617227084293,4.60617227084293
"30001",4,3,6050,6.61157024793388,4.95867768595041
"30003",33,13,54230,6.08519269776876,2.39719712336345
"30120",2,1,6868,2.9120559114735,1.45602795573675
"30127",9,8,13844,6.50101126841953,5.77867668303958
"30048",23,17,89342,2.57437711266817,1.90280047458082
"30059",8,7,15249,5.24624565545282,4.59046494852121
"30100",7,6,16763,4.17586350891845,3.57931157907296
"30087",139,45,347901,3.99538949298795,1.29347141859322
"30097",5,3,14013,3.56811532148719,2.14086919289231
"30010",20,15,37226,5.37258905066351,4.02944178799764
"30108",59,31,100917,5.84638861638773,3.07183130691558
"30011",19,11,40915,4.64377367713552,2.68850054992057
"30012",4,3,5631,7.10353400816906,5.3276505061268
"30015",9,7,23844,3.77453447408153,2.93574903539675
"30016",13,6,20071,6.47700662647601,2.98938767375816
"30017",1,1,3309,3.02206104563312,3.02206104563312
"30117",7,7,15569,4.49611407283705,4.49611407283705
"30113",2,2,2877,6.95168578380257,6.95168578380257
"30114",8,8,7205,11.1034004163775,11.1034004163775
"30115",9,6,24900,3.6144578313253,2.40963855421687
"30163",2,2,3064,6.52741514360313,6.52741514360313
"30019",4,4,3767,10.6185293336873,10.6185293336873
"30042",3,3,3835,7.82268578878748,7.82268578878748
"30043",7,6,12835,5.45383716400467,4.67471756914686
"30044",64,20,141129,4.53485817939616,1.4171431810613
"30047",14,12,33092,4.23062975945848,3.62625407953584
"30049",10,7,15148,6.60153155532083,4.62107208872458
"30052",4,4,7800,5.12820512820513,5.12820512820513
"30099",5,3,11030,4.53309156844968,2.71985494106981
"30105",18,8,66785,2.69521599161488,1.19787377405106
"30184",5,5,4534,11.0277900308778,11.0277900308778
"30175",23,18,61066,3.76641666393738,2.94763043264664
"30178",4,3,9455,4.23056583818086,3.17292437863564
"30180",11,11,6814,16.1432345171705,16.1432345171705
"30137",3,3,3605,8.32177531206657,8.32177531206657
"30196",4,3,12255,3.26397388820889,2.44798041615667
"30197",5,4,7479,6.68538574675759,5.34830859740607
"30198",7,7,4262,16.424213984045,16.424213984045
"30139",3,3,4346,6.90289921767142,6.90289921767142
"30186",2,2,4865,4.11099691675231,4.11099691675231
"30200",4,4,8613,4.64414257517706,4.64414257517706
"30202",7,7,8369,8.36420121878361,8.36420121878361
"30204",14,8,30485,4.59242250287026,2.62424143021158
"30207",14,10,30083,4.65379117774158,3.3241365555297
"30208",4,2,16776,2.38435860753457,1.19217930376729
"30201",24,23,27632,8.68558193398958,8.32368268674001
"30181",17,13,26498,6.415578534229,4.90603064382218
"30182",3,3,12451,2.40944502449602,2.40944502449602
"30183",17,12,39550,4.29835651074589,3.03413400758533
"30076",8,8,7956,10.0553041729512,10.0553041729512
"30077",16,10,28553,5.60361433124365,3.50225895702728
"30080",7,7,14294,4.89715964740451,4.89715964740451
"30081",5,3,17854,2.80049288674807,1.68029573204884
"30082",4,3,10561,3.78752012120064,2.84064009090048
"30083",24,24,33205,7.2278271344677,7.2278271344677
"30084",3,3,3993,7.51314800901578,7.51314800901578
"30085",16,12,49461,3.23487191928995,2.42615393946746
"30086",10,7,26574,3.76307669150297,2.63415368405208
"30088",2,2,3657,5.46896363139185,5.46896363139185
"30089",13,8,26963,4.82142194859622,2.96702889144383
"30090",4,3,7735,5.17129928894635,3.87847446670976
"30091",14,13,18077,7.74464789511534,7.19145875974996
"30092",7,6,25610,2.73330730183522,2.34283483014447
"30041",2,2,1511,13.2362673726009,13.2362673726009
"30053",10,6,18367,5.44454728589318,3.26672837153591
"30054",6,4,8208,7.30994152046784,4.87329434697856
"30055",5,5,8896,5.6205035971223,5.6205035971223
"30056",5,5,4115,12.1506682867558,12.1506682867558
"30057",6,6,8193,7.32332478945441,7.32332478945441
"30058",31,29,37036,8.37023436656226,7.83021924613889
"30060",3,3,10553,2.84279351843078,2.84279351843078
"30061",34,27,49045,6.93240901213172,5.50514833316342
"30062",3,2,13000,2.30769230769231,1.53846153846154
"30063",7,7,8872,7.88999098286745,7.88999098286745
"30093",2,2,11253,1.77730383008975,1.77730383008975
"30094",13,10,25447,5.10865720910127,3.92973631469328
"30095",12,8,10075,11.9106699751861,7.94044665012407
"30096",1,1,1094,9.14076782449726,9.14076782449726
"30104",8,8,10659,7.50539450229853,7.50539450229853
"30118",50,13,89398,5.59296628559923,1.4541712342558
"30119",3,2,3801,7.89265982636148,5.26177321757432
"30121",12,11,15683,7.65159727093031,7.01396416501945
"30123",36,31,64029,5.62245232628965,4.84155616986053
"30124",50,41,108192,4.62141378290447,3.78955930198166
"30125",13,11,21012,6.18694079573577,5.23510375023796
"30129",11,10,11764,9.35056103366202,8.50051003060184
"30130",23,16,25429,9.04479137992056,6.2920287860317
"30122",5,4,11643,4.29442583526582,3.43554066821266
"30132",3,2,12106,2.47811002808525,1.65207335205683
"30133",12,9,38214,3.1402103940964,2.3551577955723
"30134",4,4,16384,2.44140625,2.44140625
"30135",3,2,14763,2.03210729526519,1.35473819684346
"30106",1,1,2883,3.46860908775581,3.46860908775581
"30102",30,12,72483,4.13890153553247,1.65556061421299
"30170",7,7,6129,11.4211127426986,11.4211127426986
"30171",1,1,3333,3.000300030003,3.000300030003
"30172",6,6,13021,4.60794101835496,4.60794101835496
"30174",41,27,66034,6.20892267619711,4.08880273798346
"30176",3,2,2979,10.0704934541793,6.71366230278617
"30179",1,1,2793,3.58037952022914,3.58037952022914
"30177",5,5,6633,7.53806723955978,7.53806723955978
"30193",156,42,439906,3.54621214532196,0.954749423740526
"30143",24,18,38653,6.20909114428376,4.65681835821282
"30144",14,12,20552,6.81198910081744,5.83884780070066
"30142",10,10,21608,4.6279155868197,4.6279155868197
"30151",15,14,15819,9.48226815854352,8.85011694797396
"30152",10,9,8199,12.1966093426028,10.9769484083425
"30153",3,3,3948,7.59878419452887,7.59878419452887
"30154",9,9,8329,10.8056189218394,10.8056189218394
"30155",33,28,60835,5.4245089175639,4.60261362702392
"30156",2,2,3394,5.89275191514437,5.89275191514437
"30157",8,8,13510,5.92153960029608,5.92153960029608
"30158",9,8,16890,5.32859680284192,4.73653049141504
"30159",9,8,15210,5.91715976331361,5.25969756738987
"30160",38,33,71453,5.31818118203574,4.61842050018894
"30161",15,13,22568,6.64657922722439,5.76036866359447
"30167",6,6,9532,6.29458665547629,6.29458665547629
"31009",1,1,3126,3.19897632757518,3.19897632757518
"31007",2,1,5047,3.96275014860313,1.98137507430157
"31019",10,10,21164,4.72500472500472,4.72500472500472
"31101",11,4,45738,2.40500240500241,0.874546329091784
"31106",2,2,1516,13.1926121372032,13.1926121372032
"31105",1,1,2252,4.4404973357016,4.4404973357016
"31103",1,1,2238,4.46827524575514,4.46827524575514
"31097",1,1,2380,4.20168067226891,4.20168067226891
"31095",1,1,4089,2.44558571777941,2.44558571777941
"31081",2,2,2010,9.9502487562189,9.9502487562189
"31090",2,1,4959,4.03307118370639,2.0165355918532
"31088",1,1,1263,7.91765637371338,7.91765637371338
"31087",1,1,3512,2.84738041002278,2.84738041002278
"31066",2,2,2710,7.38007380073801,7.38007380073801
"31086",1,1,1433,6.97836706210747,6.97836706210747
"31083",2,1,1304,15.3374233128834,7.66871165644172
"31082",1,1,2543,3.93236335037357,3.93236335037357
"31080",2,1,7161,2.79290601871247,1.39645300935624
"31102",44,27,53956,8.15479279412855,5.00407739639706
"31071",1,1,1192,8.38926174496644,8.38926174496644
"31069",5,4,5620,8.89679715302491,7.11743772241993
"31078",1,1,2574,3.88500388500389,3.88500388500389
"31037",1,1,3513,2.84656988329063,2.84656988329063
"31027",3,2,5883,5.09943906170321,3.39962604113548
"31058",7,6,15556,4.49987143224479,3.85703265620982
"31055",2,2,4693,4.26166631152781,4.26166631152781
"31036",2,1,5365,3.72786579683131,1.86393289841566
"31032",5,4,10108,4.94657696873763,3.95726157499011
"31077",1,1,1799,5.55864369093941,5.55864369093941
"31074",2,1,2661,7.51597143930853,3.75798571965427
"31026",1,1,2582,3.87296669248644,3.87296669248644
"31025",2,1,3771,5.30363298859719,2.65181649429859
"31001",2,2,4308,4.64252553389044,4.64252553389044
"31050",318,73,715821,4.44245139497165,1.01980802463186
"31023",1,1,3350,2.98507462686567,2.98507462686567
"31035",2,1,4346,4.60193281178095,2.30096640589047
"31034",3,2,4240,7.07547169811321,4.71698113207547
"31016",1,1,1854,5.39374325782093,5.39374325782093
"31015",2,1,3679,5.43625985322098,2.71812992661049
"31013",4,3,11555,3.46170488965816,2.59627866724362
"31049",1,1,2154,4.64252553389044,4.64252553389044
"31065",1,1,1429,6.99790062981106,6.99790062981106
"31064",1,1,1120,8.92857142857143,8.92857142857143
"31073",2,2,2910,6.87285223367698,6.87285223367698
"31072",1,1,1313,7.61614623000762,7.61614623000762
"31093",5,4,12861,3.88772257211725,3.1101780576938
"31061",2,2,2703,7.39918608953015,7.39918608953015
"31014",1,1,1095,9.1324200913242,9.1324200913242
"31089",15,12,26684,5.62134612501874,4.49707690001499
"31070",1,1,2678,3.73412994772218,3.73412994772218
"31068",2,2,2268,8.81834215167549,8.81834215167549
"31012",2,2,2522,7.93021411578113,7.93021411578113
"31010",1,1,1578,6.33713561470215,6.33713561470215
"31002",3,2,11311,2.65228538590752,1.76819025727168
"31063",3,3,3702,8.10372771474878,8.10372771474878
"31060",1,1,643,15.552099533437,15.552099533437
"31054",1,1,2074,4.82160077145612,4.82160077145612
"31053",3,2,9151,3.27833023713255,2.1855534914217
"31076",5,3,11944,4.18620227729404,2.51172136637642
"31098",8,8,9271,8.62905835400712,8.62905835400712
"31042",3,2,3532,8.49377123442809,5.66251415628539
"31052",11,7,25248,4.35678073510773,2.77249683143219
"31006",2,2,6018,3.32336324360253,3.32336324360253
"31056",11,8,20856,5.27426160337553,3.83582662063675
"31057",4,3,5170,7.73694390715667,5.8027079303675
"31028",1,1,1945,5.1413881748072,5.1413881748072
"31062",1,1,3191,3.13381385145722,3.13381385145722
"31051",1,1,2428,4.11861614497529,4.11861614497529
"31040",7,5,18810,3.72142477405635,2.6581605528974
"31085",7,6,10323,6.78097452291001,5.81226387678001
"31104",9,9,9608,9.36719400499584,9.36719400499584
"31091",5,4,7918,6.31472594089417,5.05178075271533
"31048",6,5,15665,3.830194701564,3.19182891797
"31096",31,24,50740,6.10957824201813,4.72999605833662
"31099",2,2,2601,7.68935024990388,7.68935024990388
"31005",1,1,1525,6.55737704918033,6.55737704918033
"31047",2,2,3947,5.06713959969597,5.06713959969597
"31046",1,1,2141,4.67071461933676,4.67071461933676
"31045",1,1,1850,5.40540540540541,5.40540540540541
"31044",2,2,4852,4.12201154163232,4.12201154163232
"31100",1,1,2707,3.6941263391208,3.6941263391208
"31043",2,2,2027,9.86679822397632,9.86679822397632
"31020",2,1,3097,6.45786244752987,3.22893122376493
"31067",1,1,6730,1.48588410104012,1.48588410104012
"31075",1,1,4238,2.35960358659745,2.35960358659745
"31004",2,1,4276,4.67726847521048,2.33863423760524
"31003",2,2,7656,2.6123301985371,2.6123301985371
"31022",2,2,2457,8.14000814000814,8.14000814000814
"31033",6,5,13867,4.32681906684935,3.6056825557078
"31079",15,12,28427,5.27667358497203,4.22133886797763
"31059",17,10,44954,3.78164345775682,2.22449615162166
"31094",1,1,3264,3.06372549019608,3.06372549019608
"31084",1,1,4621,2.16403375892664,2.16403375892664
"31029",2,1,4322,4.62748727441,2.313743637205
"31041",12,3,91066,1.31772560560473,0.329431401401182
"31038",7,5,22734,3.07908858977743,2.19934899269816
"31030",4,3,2511,15.9299084030267,11.94743130227
"31021",3,3,5337,5.62113546936481,5.62113546936481
"31039",1,1,2850,3.50877192982456,3.50877192982456
"31092",5,5,4464,11.2007168458781,11.2007168458781
"31018",2,2,2194,9.11577028258888,9.11577028258888
"31017",6,6,2854,21.0231254379818,21.0231254379818
"31024",2,2,2127,9.40291490362012,9.40291490362012
"31031",1,1,1894,5.27983104540655,5.27983104540655
"31011",1,1,5354,1.8677624206201,1.8677624206201
"31008",2,2,2631,7.60167236792094,7.60167236792094
"32027",4,4,1721,23.2423009877978,23.2423009877978
"32019",16,13,15906,10.0590971960267,8.17301647177166
"32003",2,2,1595,12.5391849529781,12.5391849529781
"32058",1,1,1836,5.44662309368192,5.44662309368192
"32036",18,14,25801,6.97647378008604,5.42614627340026
"32035",8,8,9586,8.34550385979554,8.34550385979554
"32037",6,6,10560,5.68181818181818,5.68181818181818
"32040",15,12,13047,11.4968958381237,9.19751667049897
"32033",4,4,3109,12.8658732711483,12.8658732711483
"32020",28,17,40275,6.95220360024829,4.22098075729361
"32010",75,45,149476,5.01752789745511,3.01051673847307
"32034",14,12,18456,7.58560901603814,6.50195058517555
"32005",11,7,27164,4.04947724930055,2.57694006773671
"32045",9,7,5478,16.4293537787514,12.7783862723622
"32038",33,31,42955,7.68245838668374,7.21685484809685
"32051",18,17,21184,8.49697885196375,8.02492447129909
"32050",6,6,6248,9.60307298335467,9.60307298335467
"32049",24,22,20481,11.7181778233485,10.7416630047361
"32048",18,14,17412,10.3376981392143,8.04043188605559
"32046",8,8,4607,17.3648795311483,17.3648795311483
"32025",7,6,7929,8.82835162063312,7.56715853197124
"32044",9,8,10463,8.60173946286916,7.64599063366147
"32043",1,1,934,10.7066381156317,10.7066381156317
"32054",11,10,11319,9.71817298347911,8.83470271225373
"32042",28,22,39884,7.02035904121954,5.51599638952964
"32041",3,3,1627,18.4388444990781,18.4388444990781
"32016",11,11,14231,7.72960438479376,7.72960438479376
"32014",17,16,13000,13.0769230769231,12.3076923076923
"32013",3,2,4123,7.27625515401407,4.85083676934271
"32009",9,8,6543,13.7551581843191,12.2268072749503
"32017",73,34,134642,5.42178517847328,2.52521501463139
"32057",4,3,11886,3.36530371866061,2.52397778899546
"32030",3,3,1661,18.0614087898856,18.0614087898856
"32032",6,5,8472,7.08215297450425,5.90179414542021
"32056",57,25,101884,5.59459777786502,2.45377095520396
"32018",5,5,3062,16.3291966035271,16.3291966035271
"32022",9,7,12563,7.16389397436918,5.57191753562047
"32002",2,2,3040,6.57894736842105,6.57894736842105
"32001",5,4,4096,12.20703125,9.765625
"32015",2,2,1136,17.6056338028169,17.6056338028169
"32028",1,1,1623,6.16142945163278,6.16142945163278
"32026",19,19,10929,17.384939152713,17.384939152713
"32052",9,8,11803,7.62518003897314,6.77793781242057
"32024",19,13,31241,6.0817515444448,4.16119842514644
"32004",3,3,2726,11.0051357300073,11.0051357300073
"32029",8,6,13845,5.77825929938606,4.33369447453954
"32053",7,6,7774,9.00437355286854,7.71803447388732
"32023",7,6,8281,8.4530853761623,7.24550175099626
"32039",31,20,41533,7.46394433342162,4.8154479570462
"32055",15,12,20776,7.21986907970735,5.77589526376588
"32031",9,8,5909,15.2310035539008,13.5386698256896
"32021",4,4,2629,15.2149106124002,15.2149106124002
"32008",5,4,8032,6.22509960159363,4.9800796812749
"32007",14,13,8006,17.4868848363727,16.2378216337747
"32047",7,6,3512,19.9316628701595,17.0842824601367
"32012",5,5,4776,10.4690117252931,10.4690117252931
"32006",6,6,5219,11.4964552596283,11.4964552596283
"32011",2,2,2231,8.96458987001345,8.96458987001345
