"muni_idx","prev","prev_q025","prev_q975","n_directo","fuente","suprimir_privacidad","ancho_ic95","cve_ent","cve_mun","nomgeo"
1,0.585038302716184,0.365907821766006,0.784191754707679,3,"muestra_directa",TRUE,0.418283932941673,"01","005","Jesús María"
2,0.546005795022455,0.297668399525085,0.774833290150917,NA,"sintetico_postestratificado",FALSE,0.477164890625832,"01","008","San José de Gracia"
3,0.707706584250422,0.616747802879822,0.786924682965123,121,"muestra_directa",FALSE,0.170176880085301,"01","001","Aguascalientes"
4,0.483057973472414,0.27874500813192,0.701071648234282,3,"muestra_directa",TRUE,0.422326640102362,"01","004","Cosío"
5,0.56890754166285,0.331291282165387,0.785092887897895,NA,"sintetico_postestratificado",FALSE,0.453801605732508,"01","011","San Francisco de los Romo"
6,0.515273480097047,0.317833486348065,0.705969268363951,9,"muestra_directa",TRUE,0.388135782015886,"01","006","Pabellón de Arteaga"
7,0.561644966238266,0.328570764007126,0.796530917606466,NA,"sintetico_postestratificado",FALSE,0.467960153599341,"01","003","Calvillo"
8,0.547430472191122,0.303294200746508,0.775825668749641,NA,"sintetico_postestratificado",FALSE,0.472531468003133,"01","010","El Llano"
9,0.621394352846846,0.439106116435876,0.781335471231428,10,"muestra_directa",FALSE,0.342229354795552,"01","002","Asientos"
10,0.671807667220891,0.520524698839858,0.802176902545734,24,"muestra_directa",FALSE,0.281652203705876,"01","009","Tepezalá"
11,0.571197030007612,0.320049290518477,0.792855343395096,NA,"sintetico_postestratificado",FALSE,0.47280605287662,"01","007","Rincón de Romos"
12,0.636133178568478,0.427155823743542,0.813881956499941,8,"muestra_directa",TRUE,0.386726132756399,"02","003","Tecate"
13,0.723700625028793,0.616638657166971,0.816488123764448,65,"muestra_directa",FALSE,0.199849466597477,"02","004","Tijuana"
14,0.544221399086803,0.375437563317493,0.693731110579535,18,"muestra_directa",FALSE,0.318293547262042,"02","001","Ensenada"
15,0.482541846647929,0.277038306990109,0.720458681730973,4,"muestra_directa",TRUE,0.443420374740864,"02","006","San Quintín"
17,0.57012840233985,0.451718302663627,0.699802565629719,46,"muestra_directa",FALSE,0.248084262966092,"02","002","Mexicali"
18,0.588781723464949,0.370680196265837,0.77653510560496,7,"muestra_directa",TRUE,0.405854909339123,"02","005","Playas de Rosarito"
19,0.586850251738273,0.404771856771338,0.751615114955119,13,"muestra_directa",FALSE,0.346843258183781,"03","002","Mulegé"
20,0.602285020018808,0.346416941636388,0.819768897219371,NA,"sintetico_postestratificado",FALSE,0.473351955582984,"03","009","Loreto"
21,0.522628706151947,0.39717011418177,0.645540890857982,56,"muestra_directa",FALSE,0.248370776676211,"03","008","Los Cabos"
22,0.583005263600476,0.481168319411204,0.675082884686196,89,"muestra_directa",FALSE,0.193914565274992,"03","003","La Paz"
23,0.741243161420902,0.619450887356564,0.843719388680453,46,"muestra_directa",FALSE,0.224268501323889,"03","001","Comondú"
24,0.637641218318146,0.508581136046599,0.751219664306977,45,"muestra_directa",FALSE,0.242638528260378,"04","003","Carmen"
25,0.575193374300921,0.341960513346257,0.766435001355566,4,"muestra_directa",TRUE,0.424474488009309,"04","007","Palizada"
27,0.512936983516684,0.267623278150972,0.762293476558077,NA,"sintetico_postestratificado",FALSE,0.494670198407105,"04","005","Hecelchakán"
28,0.443557589387937,0.287013289763559,0.613136529376532,17,"muestra_directa",FALSE,0.326123239612973,"04","004","Champotón"
29,0.521525822834761,0.32029547817104,0.716900963922794,8,"muestra_directa",TRUE,0.396605485751754,"04","011","Candelaria"
30,0.4847809890617,0.256995891130966,0.711233633436173,3,"muestra_directa",TRUE,0.454237742305207,"04","012","Seybaplaya"
31,0.565875027489087,0.464390540664845,0.660685261306616,89,"muestra_directa",FALSE,0.196294720641771,"04","002","Campeche"
32,0.419082947738015,0.230874956817037,0.634778544073331,3,"muestra_directa",TRUE,0.403903587256294,"04","006","Hopelchén"
33,0.429080253910161,0.265810469850232,0.611454880304826,14,"muestra_directa",FALSE,0.345644410454594,"04","001","Calkiní"
34,0.509970762462754,0.261491947721775,0.751602461121255,NA,"sintetico_postestratificado",FALSE,0.49011051339948,"04","010","Calakmul"
35,0.700672465586066,0.526830068349522,0.844828107477751,12,"muestra_directa",FALSE,0.31799803912823,"04","009","Escárcega"
36,0.401961270731049,0.2251901555799,0.602105582313461,7,"muestra_directa",TRUE,0.376915426733561,"04","008","Tenabo"
37,0.544959441209628,0.314204456415076,0.77117106485333,NA,"sintetico_postestratificado",FALSE,0.456966608438254,"05","005","Candela"
38,0.601035411487856,0.442688283447724,0.739409019741436,23,"muestra_directa",FALSE,0.296720736293712,"05","017","Matamoros"
39,0.530557712495567,0.331021606974995,0.722188871530639,7,"muestra_directa",TRUE,0.391167264555644,"05","018","Monclova"
40,0.565077761902742,0.326346139677815,0.797648612464774,NA,"sintetico_postestratificado",FALSE,0.471302472786959,"05","014","Jiménez"
41,0.560507780330799,0.417853954344373,0.689494073539137,37,"muestra_directa",FALSE,0.271640119194765,"05","035","Torreón"
42,0.55484862834258,0.299058179944563,0.802131270935843,NA,"sintetico_postestratificado",FALSE,0.50307309099128,"05","013","Hidalgo"
43,0.595729876454729,0.345259120431884,0.809472101325128,NA,"sintetico_postestratificado",FALSE,0.464212980893244,"05","015","Juárez"
44,0.555257722313825,0.306425217308876,0.766365986562158,NA,"sintetico_postestratificado",FALSE,0.459940769253282,"05","020","Múzquiz"
45,0.610147169118058,0.418477040672702,0.787779545746304,10,"muestra_directa",FALSE,0.369302505073602,"05","024","Parras"
46,0.623112360284625,0.38274631320628,0.824027538705823,1,"muestra_directa",TRUE,0.441281225499543,"05","026","Progreso"
47,0.717082915964463,0.525373329256512,0.860703718721129,8,"muestra_directa",TRUE,0.335330389464617,"05","027","Ramos Arizpe"
48,0.614874796634543,0.410856781890574,0.802898025244511,5,"muestra_directa",TRUE,0.392041243353937,"05","025","Piedras Negras"
49,0.583115198961861,0.323527509762459,0.798806293929489,NA,"sintetico_postestratificado",FALSE,0.47527878416703,"05","028","Sabinas"
50,0.452187938446624,0.318480357643494,0.591749487114289,35,"muestra_directa",FALSE,0.273269129470795,"05","030","Saltillo"
51,0.555607493155218,0.315403708317128,0.786358426333711,NA,"sintetico_postestratificado",FALSE,0.470954718016584,"05","031","San Buenaventura"
52,0.568599159317234,0.332795869576023,0.796672646635442,NA,"sintetico_postestratificado",FALSE,0.463876777059418,"05","016","Lamadrid"
53,0.572344038874439,0.33760616425887,0.799170075433541,NA,"sintetico_postestratificado",FALSE,0.461563911174671,"05","004","Arteaga"
54,0.537006922716017,0.362620612440804,0.709078209542597,13,"muestra_directa",FALSE,0.346457597101793,"05","002","Acuña"
55,0.561867100685786,0.316275972305573,0.798600452877163,NA,"sintetico_postestratificado",FALSE,0.48232448057159,"05","032","San Juan de Sabinas"
56,0.459837065387055,0.270700321583944,0.663462577345184,9,"muestra_directa",TRUE,0.392762255761241,"05","033","San Pedro"
57,0.580787602168323,0.350365214406394,0.794500635041988,NA,"sintetico_postestratificado",FALSE,0.444135420635594,"05","009","Francisco I. Madero"
58,0.568725708197078,0.339354350586568,0.793171582859751,NA,"sintetico_postestratificado",FALSE,0.453817232273183,"05","012","Guerrero"
59,0.557190745971276,0.321294773941222,0.782584927320348,NA,"sintetico_postestratificado",FALSE,0.461290153379126,"05","006","Castaños"
60,0.561523265507038,0.328005570186228,0.782039796284298,NA,"sintetico_postestratificado",FALSE,0.454034226098071,"05","003","Allende"
61,0.549102924927804,0.30712173322456,0.796415753485113,NA,"sintetico_postestratificado",FALSE,0.489294020260553,"05","023","Ocampo"
62,0.559975913079277,0.316129131209594,0.780708502428977,NA,"sintetico_postestratificado",FALSE,0.464579371219383,"05","008","Escobedo"
63,0.558529302199846,0.308655138797307,0.790246360780824,NA,"sintetico_postestratificado",FALSE,0.481591221983517,"05","022","Nava"
64,0.532297919340373,0.30241699928655,0.773698708228363,NA,"sintetico_postestratificado",FALSE,0.471281708941813,"05","019","Morelos"
65,0.547091133749291,0.309934220009346,0.76711727492427,NA,"sintetico_postestratificado",FALSE,0.457183054914924,"05","007","Cuatro Ciénegas"
66,0.558967352794209,0.32198394052012,0.782557532411037,NA,"sintetico_postestratificado",FALSE,0.460573591890917,"05","034","Sierra Mojada"
67,0.568695090378056,0.317024593105162,0.80645135221702,NA,"sintetico_postestratificado",FALSE,0.489426759111858,"05","037","Villa Unión"
68,0.579741745664845,0.338492858559451,0.794503501035438,NA,"sintetico_postestratificado",FALSE,0.456010642475988,"05","029","Sacramento"
69,0.512439669816683,0.271555072860428,0.753188834467947,NA,"sintetico_postestratificado",FALSE,0.48163376160752,"05","001","Abasolo"
70,0.44927766216578,0.271719464644838,0.637702044353783,6,"muestra_directa",TRUE,0.365982579708945,"05","038","Zaragoza"
71,0.559266721874961,0.328779246347192,0.794179335047559,NA,"sintetico_postestratificado",FALSE,0.465400088700367,"05","021","Nadadores"
72,0.581481644723142,0.330214700272789,0.803070617232288,NA,"sintetico_postestratificado",FALSE,0.472855916959498,"05","010","Frontera"
73,0.600648988034104,0.342033754486957,0.819650437892135,NA,"sintetico_postestratificado",FALSE,0.477616683405178,"05","011","General Cepeda"
74,0.553784956015981,0.316731654612412,0.772901686232451,NA,"sintetico_postestratificado",FALSE,0.45617003162004,"05","036","Viesca"
75,0.563478986628718,0.30542798561923,0.801628897485312,NA,"sintetico_postestratificado",FALSE,0.496200911866082,"06","006","Ixtlahuacán"
76,0.630782903081487,0.449238386987309,0.789983987286801,13,"muestra_directa",FALSE,0.340745600299491,"06","002","Colima"
77,0.582758222163778,0.364702198343866,0.793913893702987,3,"muestra_directa",TRUE,0.429211695359121,"06","005","Cuauhtémoc"
78,0.530094032263324,0.307258953253215,0.756009810171535,2,"muestra_directa",TRUE,0.44875085691832,"06","008","Minatitlán"
79,0.563010705955907,0.345754430713145,0.778181475717174,4,"muestra_directa",TRUE,0.43242704500403,"06","001","Armería"
80,0.592663218421858,0.350942230082448,0.807047049329981,1,"muestra_directa",TRUE,0.456104819247533,"06","004","Coquimatlán"
81,0.412493647482046,0.273197735010138,0.572014804252044,24,"muestra_directa",FALSE,0.298817069241906,"06","010","Villa de Álvarez"
82,0.606047318837977,0.43451949799857,0.758835897508803,16,"muestra_directa",FALSE,0.324316399510233,"06","003","Comala"
83,0.64486405804124,0.494560449741235,0.775170771036378,32,"muestra_directa",FALSE,0.280610321295143,"06","007","Manzanillo"
84,0.521568039875118,0.383825395804172,0.6653724802797,28,"muestra_directa",FALSE,0.281547084475528,"06","009","Tecomán"
85,0.450693069068233,0.2505905128292,0.653336858490085,7,"muestra_directa",TRUE,0.402746345660885,"07","019","Comitán de Domínguez"
86,0.548452173622154,0.292849651770994,0.78527087104966,NA,"sintetico_postestratificado",FALSE,0.492421219278666,"07","090","Tapalapa"
87,0.549515671202371,0.336808849207266,0.758955562965861,4,"muestra_directa",TRUE,0.422146713758595,"07","020","La Concordia"
88,0.535359617264212,0.286968825772071,0.774622453240418,NA,"sintetico_postestratificado",FALSE,0.487653627468347,"07","021","Copainalá"
89,0.519092213583829,0.267679017016168,0.761625773809228,NA,"sintetico_postestratificado",FALSE,0.49394675679306,"07","079","San Fernando"
90,0.532785904028066,0.284881727459955,0.765117014382544,NA,"sintetico_postestratificado",FALSE,0.480235286922589,"07","109","Yajalón"
91,0.456865502339625,0.254730339514577,0.66094852652311,5,"muestra_directa",TRUE,0.406218187008533,"07","108","Villaflores"
92,0.469704339219783,0.285415087516661,0.665508041601695,8,"muestra_directa",TRUE,0.380092954085034,"07","107","Villa Corzo"
93,0.552810205419565,0.312774362309735,0.778615254343718,NA,"sintetico_postestratificado",FALSE,0.465840892033983,"07","106","Venustiano Carranza"
94,0.529465472349928,0.27209583722269,0.777335777780419,NA,"sintetico_postestratificado",FALSE,0.50523994055773,"07","104","Tzimol"
95,0.630434026804892,0.4334800708978,0.794089483493414,8,"muestra_directa",TRUE,0.360609412595614,"07","103","Tuzantán"
96,0.544567744235283,0.280014033096363,0.799097800061833,NA,"sintetico_postestratificado",FALSE,0.51908376696547,"07","102","Tuxtla Chico"
97,0.551695140173875,0.372358265706038,0.725060925668442,14,"muestra_directa",FALSE,0.352702659962404,"07","101","Tuxtla Gutiérrez"
98,0.555601118893224,0.300901639059321,0.794009291585979,NA,"sintetico_postestratificado",FALSE,0.493107652526658,"07","120","Capitán Luis Ángel Vidal"
99,0.58451615800068,0.337548125764137,0.806930272494629,NA,"sintetico_postestratificado",FALSE,0.469382146730492,"07","074","Reforma"
100,0.56972958686688,0.332375875345828,0.788756235845755,NA,"sintetico_postestratificado",FALSE,0.456380360499926,"07","075","Las Rosas"
101,0.378673561177571,0.204321636782955,0.582562388769632,7,"muestra_directa",TRUE,0.378240751986677,"07","057","Motozintla"
102,0.546581799622172,0.284068869181021,0.78227253761005,NA,"sintetico_postestratificado",FALSE,0.498203668429029,"07","007","Amatenango del Valle"
103,0.533833438838648,0.290519190860047,0.770951076131295,NA,"sintetico_postestratificado",FALSE,0.480431885271248,"07","111","Zinacantán"
104,0.52951907412478,0.292702155536565,0.751930228071051,NA,"sintetico_postestratificado",FALSE,0.459228072534486,"07","054","Mazatán"
105,0.575195959983083,0.315925289541023,0.782129740597133,1,"muestra_directa",TRUE,0.46620445105611,"07","076","Sabanilla"
106,0.514259039709435,0.26443994129331,0.73524270893234,NA,"sintetico_postestratificado",FALSE,0.47080276763903,"07","081","Simojovel"
107,0.492928931444918,0.238802657429735,0.721774426214182,NA,"sintetico_postestratificado",FALSE,0.482971768784447,"07","063","Osumacinta"
108,0.542030728661866,0.291171545622991,0.778806686437654,NA,"sintetico_postestratificado",FALSE,0.487635140814663,"07","110","San Lucas"
109,0.480522794444492,0.282678114452295,0.694868425599327,7,"muestra_directa",TRUE,0.412190311147032,"07","051","Mapastepec"
110,0.570220435068237,0.314000660311008,0.810687397358334,NA,"sintetico_postestratificado",FALSE,0.496686737047325,"07","070","El Porvenir"
111,0.561318599457243,0.321468885483609,0.777089833853878,NA,"sintetico_postestratificado",FALSE,0.455620948370269,"07","112","San Juan Cancuc"
112,0.548653745071798,0.308129006790557,0.777549479519764,NA,"sintetico_postestratificado",FALSE,0.469420472729207,"07","050","La Libertad"
113,0.517246928103363,0.286931505884694,0.756834888259526,2,"muestra_directa",TRUE,0.469903382374832,"07","022","Chalchihuitán"
114,0.500939402243596,0.25501213803291,0.752785845707209,NA,"sintetico_postestratificado",FALSE,0.497773707674298,"07","053","Mazapa de Madero"
115,0.580209002192903,0.348583450499199,0.799303362792932,NA,"sintetico_postestratificado",FALSE,0.450719912293733,"07","080","Siltepec"
116,0.601898271262707,0.356348250814759,0.811411554110589,NA,"sintetico_postestratificado",FALSE,0.45506330329583,"07","049","Larráinzar"
117,0.538247797001017,0.292535552680545,0.764251382603953,NA,"sintetico_postestratificado",FALSE,0.471715829923408,"07","065","Palenque"
118,0.552401128943046,0.30955317946058,0.785615276414887,NA,"sintetico_postestratificado",FALSE,0.476062096954307,"07","086","Suchiapa"
119,0.545291508641402,0.285068145520088,0.782833306505961,NA,"sintetico_postestratificado",FALSE,0.497765160985873,"07","062","Ostuacán"
120,0.552679962646718,0.29629259083307,0.767143459519927,NA,"sintetico_postestratificado",FALSE,0.470850868686857,"07","077","Salto de Agua"
121,0.535974045780578,0.305637778355574,0.765430591412542,NA,"sintetico_postestratificado",FALSE,0.459792813056968,"07","082","Sitalá"
122,0.53044652419147,0.288193387255341,0.776265281846078,NA,"sintetico_postestratificado",FALSE,0.488071894590737,"07","024","Chanal"
123,0.51797946945777,0.271640782422523,0.764961190882555,NA,"sintetico_postestratificado",FALSE,0.493320408460032,"07","121","Rincón Chamula San Pedro"
124,0.528353589538693,0.288168523311615,0.752590908481318,NA,"sintetico_postestratificado",FALSE,0.464422385169702,"07","042","Ixhuatán"
125,0.535212771108791,0.28630505788771,0.77251051762504,NA,"sintetico_postestratificado",FALSE,0.486205459737329,"07","025","Chapultenango"
126,0.514530503397979,0.266262808697925,0.764331140245317,NA,"sintetico_postestratificado",FALSE,0.498068331547392,"07","018","Coapilla"
127,0.481729507638814,0.297086131442588,0.681961328483459,8,"muestra_directa",TRUE,0.384875197040872,"07","052","Las Margaritas"
128,0.536820887294881,0.269466002004774,0.758401911389876,NA,"sintetico_postestratificado",FALSE,0.488935909385102,"07","026","Chenalhó"
129,0.56770120366287,0.342582023050826,0.773180317332976,2,"muestra_directa",TRUE,0.43059829428215,"07","083","Socoltenango"
130,0.532571986602954,0.298549630519214,0.767781168524859,NA,"sintetico_postestratificado",FALSE,0.469231538005645,"07","084","Solosuchiapa"
131,0.540105529461563,0.321905020894841,0.737757479769359,5,"muestra_directa",TRUE,0.415852458874518,"07","089","Tapachula"
132,0.553643346203205,0.307660281979295,0.782545809886269,NA,"sintetico_postestratificado",FALSE,0.474885527906974,"07","068","Pichucalco"
133,0.588348026744449,0.368955694995551,0.78308904082447,4,"muestra_directa",TRUE,0.414133345828918,"07","027","Chiapa de Corzo"
134,0.526718364096259,0.286818891038342,0.766308002106695,NA,"sintetico_postestratificado",FALSE,0.479489111068353,"07","048","Juárez"
135,0.47787177626567,0.283286442919073,0.692864133936,3,"muestra_directa",TRUE,0.409577691016927,"07","046","Jiquipilas"
136,0.490684742328537,0.221085579040371,0.740294772975311,NA,"sintetico_postestratificado",FALSE,0.51920919393494,"07","105","Unión Juárez"
137,0.509775843194581,0.279789761684422,0.740488662510404,NA,"sintetico_postestratificado",FALSE,0.460698900825982,"07","100","Tumbalá"
138,0.509218488151503,0.267489387781848,0.750429196726201,NA,"sintetico_postestratificado",FALSE,0.482939808944353,"07","045","Ixtapangajoya"
139,0.519255983523693,0.270026388080164,0.753494569284956,NA,"sintetico_postestratificado",FALSE,0.483468181204791,"07","114","Benemérito de las Américas"
140,0.520319832328211,0.264220167341661,0.758361060527332,NA,"sintetico_postestratificado",FALSE,0.494140893185671,"07","028","Chiapilla"
141,0.55645294837614,0.322106004788888,0.786256885372474,NA,"sintetico_postestratificado",FALSE,0.464150880583586,"07","029","Chicoasén"
142,0.515837771277434,0.258094214359287,0.768547600046766,NA,"sintetico_postestratificado",FALSE,0.510453385687478,"07","091","Tapilula"
143,0.565257617997686,0.327834233608506,0.782593581388972,NA,"sintetico_postestratificado",FALSE,0.454759347780466,"07","073","Rayón"
144,0.571692669776593,0.311138503727727,0.793052626471582,NA,"sintetico_postestratificado",FALSE,0.481914122743854,"07","030","Chicomuselo"
145,0.588323535716858,0.333294153844809,0.789442616909459,NA,"sintetico_postestratificado",FALSE,0.45614846306465,"07","044","Ixtapa"
146,0.387626597200425,0.194573175533175,0.600022090456385,6,"muestra_directa",TRUE,0.405448914923211,"07","008","Ángel Albino Corzo"
147,0.552076146395833,0.309701680818593,0.775999408928219,NA,"sintetico_postestratificado",FALSE,0.466297728109626,"07","009","Arriaga"
148,0.636654128030154,0.435884769509173,0.804689922666928,9,"muestra_directa",TRUE,0.368805153157755,"07","031","Chilón"
149,0.527053002219351,0.279371492457846,0.76173317052638,NA,"sintetico_postestratificado",FALSE,0.482361678068534,"07","043","Ixtacomitán"
150,0.544110846608362,0.302604365305758,0.774117166960305,NA,"sintetico_postestratificado",FALSE,0.471512801654547,"07","017","Cintalapa de Figueroa"
151,0.559485960274045,0.309459322482954,0.793900344932166,NA,"sintetico_postestratificado",FALSE,0.484441022449212,"07","119","Santiago el Pinar"
152,0.589217484875844,0.346261616718325,0.809503959375616,NA,"sintetico_postestratificado",FALSE,0.463242342657291,"07","116","Marqués de Comillas"
153,0.572417236261125,0.32497045874971,0.797330681684858,NA,"sintetico_postestratificado",FALSE,0.472360222935148,"07","060","Ocotepec"
154,0.530266048448862,0.286312383847276,0.765961357086161,1,"muestra_directa",TRUE,0.479648973238885,"07","058","Nicolás Ruíz"
155,0.558968620696229,0.298315137118295,0.808773461300531,NA,"sintetico_postestratificado",FALSE,0.510458324182235,"07","041","La Independencia"
156,0.511531925836881,0.311810532596351,0.702907565168005,8,"muestra_directa",TRUE,0.391097032571654,"07","040","Huixtla"
157,0.606149575991893,0.373845526833205,0.811426539351543,NA,"sintetico_postestratificado",FALSE,0.437581012518337,"07","056","Mitontic"
158,0.578264804244618,0.38840654224098,0.745205176574934,11,"muestra_directa",FALSE,0.356798634333953,"07","039","Huitiupán"
159,0.501808506239194,0.319164486250266,0.675646110748535,14,"muestra_directa",FALSE,0.356481624498269,"07","099","La Trinitaria"
160,0.557581030716973,0.31377457895533,0.787876569338257,NA,"sintetico_postestratificado",FALSE,0.474101990382926,"07","097","Tonalá"
161,0.557807433702062,0.293660267538455,0.782569948483975,NA,"sintetico_postestratificado",FALSE,0.48890968094552,"07","096","Tila"
162,0.541430158115263,0.28351616618751,0.780298068269538,NA,"sintetico_postestratificado",FALSE,0.496781902082028,"07","118","San Andrés Duraznal"
163,0.557739829687788,0.311540974024904,0.793745266134705,NA,"sintetico_postestratificado",FALSE,0.482204292109802,"07","122","El Parral"
164,0.538979483271818,0.290035177915199,0.764217233553836,NA,"sintetico_postestratificado",FALSE,0.474182055638637,"07","038","Huixtán"
165,0.527653162918622,0.281274809016207,0.76973829754057,NA,"sintetico_postestratificado",FALSE,0.488463488524363,"07","001","Acacoyagua"
166,0.512221147759699,0.245418535151453,0.766156929099838,NA,"sintetico_postestratificado",FALSE,0.520738393948385,"07","036","La Grandeza"
167,0.510880101289526,0.268346462411453,0.750481471830112,NA,"sintetico_postestratificado",FALSE,0.482135009418659,"07","002","Acala"
168,0.510036779773805,0.276804878622888,0.735094937838,NA,"sintetico_postestratificado",FALSE,0.458290059215112,"07","003","Acapetahua"
169,0.511339763063526,0.262561483345136,0.741568783516655,NA,"sintetico_postestratificado",FALSE,0.479007300171519,"07","011","Bella Vista"
170,0.531780248696305,0.276269176330585,0.769629341894157,NA,"sintetico_postestratificado",FALSE,0.493360165563572,"07","012","Berriozábal"
171,0.552845776775938,0.292529720851847,0.786728849974712,NA,"sintetico_postestratificado",FALSE,0.494199129122865,"07","072","Pueblo Nuevo Solistahuacán"
172,0.545564254464583,0.275161257102121,0.787708590029149,NA,"sintetico_postestratificado",FALSE,0.512547332927027,"07","037","Huehuetán"
173,0.576122190676882,0.333995785481936,0.800731850516708,NA,"sintetico_postestratificado",FALSE,0.466736065034772,"07","023","Chamula"
174,0.491374323548594,0.264353165657175,0.715357814957809,NA,"sintetico_postestratificado",FALSE,0.451004649300634,"07","010","Bejucal de Ocampo"
175,0.535918451820415,0.304243616649615,0.766786244439404,NA,"sintetico_postestratificado",FALSE,0.462542627789789,"07","004","Altamirano"
176,0.555154359857111,0.293627502299332,0.778957378046983,NA,"sintetico_postestratificado",FALSE,0.485329875747651,"07","005","Amatán"
177,0.529689915320332,0.278061192405423,0.763838785721048,NA,"sintetico_postestratificado",FALSE,0.485777593315625,"07","035","Frontera Hidalgo"
178,0.519638887589741,0.280786026355916,0.763569361793875,NA,"sintetico_postestratificado",FALSE,0.482783335437959,"07","032","Escuintla"
179,0.528867689341225,0.312899822384993,0.741863074488596,6,"muestra_directa",TRUE,0.428963252103603,"07","013","Bochil"
180,0.538201014101301,0.301168858129655,0.765750589661121,NA,"sintetico_postestratificado",FALSE,0.464581731531466,"07","014","El Bosque"
181,0.543777528757546,0.300322692821175,0.784990532537709,NA,"sintetico_postestratificado",FALSE,0.484667839716534,"07","069","Pijijiapan"
182,0.62995753718529,0.411785576292848,0.810794744098646,7,"muestra_directa",TRUE,0.399009167805798,"07","094","Teopisca"
183,0.561931247764887,0.307947914074672,0.784160786859505,NA,"sintetico_postestratificado",FALSE,0.476212872784832,"07","092","Tecpatán"
184,0.566091431795326,0.289487540046174,0.804429874488178,NA,"sintetico_postestratificado",FALSE,0.514942334442004,"07","015","Cacahoatán"
185,0.545625162512053,0.295506686015306,0.773288249084034,NA,"sintetico_postestratificado",FALSE,0.477781563068727,"07","016","Catazajá"
186,0.530184548743094,0.278819368090671,0.760962333460898,NA,"sintetico_postestratificado",FALSE,0.482142965370227,"07","047","Jitotol"
187,0.507111433446493,0.266865281143053,0.741961572939343,NA,"sintetico_postestratificado",FALSE,0.475096291796289,"07","006","Amatenango de la Frontera"
188,0.570277453451493,0.366014926175399,0.768772778276166,7,"muestra_directa",TRUE,0.402757852100767,"07","078","San Cristóbal de las Casas"
189,0.515976874938583,0.268883891298329,0.756985384553096,NA,"sintetico_postestratificado",FALSE,0.488101493254767,"07","033","Francisco León"
190,0.508430912410132,0.262198280432732,0.774596508816282,NA,"sintetico_postestratificado",FALSE,0.51239822838355,"07","117","Montecristo de Guerrero"
191,0.463742062593522,0.245169206246604,0.686340089995442,4,"muestra_directa",TRUE,0.441170883748838,"07","115","Maravilla Tenejapa"
192,0.558217039974719,0.309285061166652,0.793323702505202,NA,"sintetico_postestratificado",FALSE,0.48403864133855,"07","071","Villa Comaltitlán"
193,0.520257080056465,0.273155442629371,0.752800637347809,NA,"sintetico_postestratificado",FALSE,0.479645194718439,"07","066","Pantelhó"
194,0.540653166520177,0.297399471810443,0.768268062314177,NA,"sintetico_postestratificado",FALSE,0.470868590503734,"07","113","Aldama"
195,0.527793843338288,0.28015589039539,0.765094451005186,NA,"sintetico_postestratificado",FALSE,0.484938560609796,"07","098","Totolapa"
196,0.54551181522316,0.294490435470907,0.785834262455145,NA,"sintetico_postestratificado",FALSE,0.491343826984238,"07","093","Tenejapa"
197,0.536680994578342,0.299813613270004,0.774273527994006,NA,"sintetico_postestratificado",FALSE,0.474459914724003,"07","064","Oxchuc"
198,0.5407362631541,0.300360164022524,0.792836855583223,NA,"sintetico_postestratificado",FALSE,0.492476691560699,"07","059","Ocosingo"
199,0.463274273122265,0.242832270758616,0.674944876891423,3,"muestra_directa",TRUE,0.432112606132807,"07","061","Ocozocoautla de Espinosa"
200,0.588205915102674,0.341682917636477,0.802059751262609,NA,"sintetico_postestratificado",FALSE,0.460376833626132,"07","088","Sunuapa"
201,0.501701188835904,0.291030484491906,0.725700405588941,4,"muestra_directa",TRUE,0.434669921097035,"07","087","Suchiate"
202,0.47285561749607,0.230858190903233,0.711906862110371,NA,"sintetico_postestratificado",FALSE,0.481048671207138,"07","085","Soyaló"
203,0.515851822245665,0.266726797453507,0.760719102222175,NA,"sintetico_postestratificado",FALSE,0.493992304768668,"07","124","Mezcalapa"
204,0.557822484465254,0.311919736140909,0.783107625517555,NA,"sintetico_postestratificado",FALSE,0.471187889376646,"07","067","Pantepec"
205,0.479044117802916,0.236090639183643,0.728527277337505,NA,"sintetico_postestratificado",FALSE,0.492436638153863,"07","125","Honduras de la Sierra"
206,0.541278912147411,0.281916817205907,0.789111706483393,NA,"sintetico_postestratificado",FALSE,0.507194889277486,"07","055","Metapa"
207,0.53614731160841,0.294213219170178,0.775133017192335,NA,"sintetico_postestratificado",FALSE,0.480919798022157,"07","123","Emiliano Zapata"
208,0.529803336127633,0.295550255145285,0.782080341486395,NA,"sintetico_postestratificado",FALSE,0.48653008634111,"07","034","Frontera Comalapa"
209,0.538716973639648,0.298429944877083,0.774624566159154,NA,"sintetico_postestratificado",FALSE,0.476194621282071,"08","067","Valle de Zaragoza"
210,0.599466354442728,0.337749188427812,0.811486909011028,NA,"sintetico_postestratificado",FALSE,0.473737720583216,"08","043","Matachí"
211,0.536317311639812,0.302943386307665,0.769349169969817,NA,"sintetico_postestratificado",FALSE,0.466405783662152,"08","058","San Francisco de Conchos"
212,0.590774734915984,0.356240938870933,0.811722686002244,NA,"sintetico_postestratificado",FALSE,0.455481747131311,"08","056","Rosario"
213,0.535885893375326,0.284785255516262,0.77648941482904,NA,"sintetico_postestratificado",FALSE,0.491704159312777,"08","054","Riva Palacio"
214,0.572766981421865,0.326738124552139,0.799064582218735,NA,"sintetico_postestratificado",FALSE,0.472326457666596,"08","018","Cusihuiriachi"
215,0.545640130570185,0.307636119730109,0.753303808281924,NA,"sintetico_postestratificado",FALSE,0.445667688551815,"08","007","Balleza"
216,0.554673738843936,0.310752060781503,0.7761580879077,NA,"sintetico_postestratificado",FALSE,0.465406027126196,"08","001","Ahumada"
217,0.548783073799364,0.309160918765175,0.774327168253352,NA,"sintetico_postestratificado",FALSE,0.465166249488178,"08","041","Maguarichi"
218,0.521853828408722,0.285710774499726,0.739421289136953,NA,"sintetico_postestratificado",FALSE,0.453710514637228,"08","057","San Francisco de Borja"
219,0.511521564552085,0.256366006259781,0.758574351683883,NA,"sintetico_postestratificado",FALSE,0.502208345424101,"08","053","Praxedis G. Guerrero"
220,0.546120900693306,0.311380914694795,0.759675169462614,NA,"sintetico_postestratificado",FALSE,0.448294254767819,"08","051","Ocampo"
221,0.616628800028384,0.461116782308383,0.757807618123589,21,"muestra_directa",FALSE,0.296690835815206,"08","050","Nuevo Casas Grandes"
222,0.511810714332404,0.295014532917019,0.731441259820523,3,"muestra_directa",TRUE,0.436426726903504,"08","031","Guerrero"
223,0.521037982922524,0.279657405475553,0.746331577380148,1,"muestra_directa",TRUE,0.466674171904595,"08","055","Rosales"
224,0.436329811546429,0.231748018132434,0.66606244525829,3,"muestra_directa",TRUE,0.434314427125856,"08","025","Gómez Farías"
225,0.58708517133375,0.369105544814786,0.770661282287822,4,"muestra_directa",TRUE,0.401555737473036,"08","023","Galeana"
226,0.550133104842474,0.31448723330342,0.78364825935848,NA,"sintetico_postestratificado",FALSE,0.46916102605506,"08","022","Dr. Belisario Domínguez"
227,0.543318696832255,0.302600860192588,0.774359235619732,NA,"sintetico_postestratificado",FALSE,0.471758375427144,"08","014","Coronado"
228,0.542922609934548,0.302288694102913,0.756377651834407,NA,"sintetico_postestratificado",FALSE,0.454088957731494,"08","003","Allende"
229,0.553081748749806,0.388857926979207,0.72130555031022,20,"muestra_directa",FALSE,0.332447623331013,"08","021","Delicias"
230,0.551216475180832,0.300910741205018,0.784134703199944,NA,"sintetico_postestratificado",FALSE,0.483223961994926,"08","020","Chínipas"
231,0.646094583927145,0.453295301276798,0.819178164741336,7,"muestra_directa",TRUE,0.365882863464538,"08","017","Cuauhtémoc"
232,0.556622366560947,0.289339045916102,0.793313846910876,NA,"sintetico_postestratificado",FALSE,0.503974800994775,"08","016","La Cruz"
233,0.535752716530866,0.288887093060365,0.78159186686828,NA,"sintetico_postestratificado",FALSE,0.492704773807915,"08","015","Coyame del Sotol"
234,0.509117443582751,0.309709297755731,0.695631352202378,6,"muestra_directa",TRUE,0.385922054446648,"08","052","Ojinaga"
235,0.596298881622065,0.360721123923276,0.804986629525839,1,"muestra_directa",TRUE,0.444265505602562,"08","013","Casas Grandes"
236,0.580999563606974,0.33867521787388,0.801185750637189,NA,"sintetico_postestratificado",FALSE,0.462510532763309,"08","012","Carichí"
237,0.499150864247459,0.341246297351537,0.661983563780777,15,"muestra_directa",FALSE,0.32073726642924,"08","011","Camargo"
238,0.529280165445755,0.293400886491535,0.760796650663466,NA,"sintetico_postestratificado",FALSE,0.467395764171931,"08","010","Buenaventura"
239,0.541228317829402,0.283006891848704,0.766402133070276,NA,"sintetico_postestratificado",FALSE,0.483395241221573,"08","009","Bocoyna"
240,0.534084811344437,0.302413813596154,0.762651974274195,NA,"sintetico_postestratificado",FALSE,0.46023816067804,"08","008","Batopilas de Manuel Gómez Morín"
241,0.55230067128403,0.317509645792455,0.779948855988874,1,"muestra_directa",TRUE,0.462439210196419,"08","006","Bachíniva"
242,0.608757454084549,0.373366342071807,0.798055244717217,2,"muestra_directa",TRUE,0.424688902645409,"08","004","Aquiles Serdán"
243,0.591711534930689,0.354448947969577,0.806397973927052,NA,"sintetico_postestratificado",FALSE,0.451949025957474,"08","005","Ascensión"
244,0.677461372961813,0.481446663286863,0.837018298743496,9,"muestra_directa",TRUE,0.355571635456633,"08","032","Hidalgo del Parral"
245,0.556596002140014,0.299997873308616,0.782088743104599,NA,"sintetico_postestratificado",FALSE,0.482090869795983,"08","042","Manuel Benavides"
246,0.549471759819881,0.320769779542277,0.780298944340388,NA,"sintetico_postestratificado",FALSE,0.459529164798111,"08","040","Madera"
247,0.537803102282637,0.291926556747423,0.776919853358029,NA,"sintetico_postestratificado",FALSE,0.484993296610606,"08","039","López"
248,0.547243199208394,0.315690952141831,0.776728653755626,NA,"sintetico_postestratificado",FALSE,0.461037701613795,"08","038","Julimes"
249,0.546345253935602,0.309366418623181,0.754827437385147,NA,"sintetico_postestratificado",FALSE,0.445461018761967,"08","035","Janos"
250,0.569097197854242,0.32956954569698,0.799366124528508,NA,"sintetico_postestratificado",FALSE,0.469796578831527,"08","034","Ignacio Zaragoza"
251,0.564363080091211,0.314680788867265,0.786428495418652,NA,"sintetico_postestratificado",FALSE,0.471747706551387,"08","033","Huejotitán"
252,0.556132466754059,0.314315558250957,0.782369884016865,NA,"sintetico_postestratificado",FALSE,0.468054325765908,"08","063","Temósachic"
253,0.567978625941996,0.322215660068626,0.782762658380383,NA,"sintetico_postestratificado",FALSE,0.460546998311757,"08","061","Satevó"
254,0.567694132147586,0.32009954676987,0.782377274619746,NA,"sintetico_postestratificado",FALSE,0.462277727849877,"08","062","Saucillo"
255,0.573502934520707,0.313879809554882,0.796177521018979,NA,"sintetico_postestratificado",FALSE,0.482297711464097,"08","030","Guazapares"
256,0.591983159640134,0.33145202773259,0.814236539812157,NA,"sintetico_postestratificado",FALSE,0.482784512079567,"08","028","Guadalupe"
257,0.586654442673149,0.345261336430815,0.805841869107768,NA,"sintetico_postestratificado",FALSE,0.460580532676953,"08","027","Guachochi"
258,0.545130381508612,0.309887708284013,0.757562429811489,NA,"sintetico_postestratificado",FALSE,0.447674721527477,"08","026","Gran Morelos"
259,0.476871033416566,0.361782760218956,0.598282257058645,57,"muestra_directa",FALSE,0.236499496839689,"08","019","Chihuahua"
260,0.548526944775756,0.353593092621497,0.737371413996626,7,"muestra_directa",TRUE,0.383778321375129,"08","064","El Tule"
261,0.581440244300627,0.349728557517551,0.791886226649705,NA,"sintetico_postestratificado",FALSE,0.442157669132154,"08","024","Santa Isabel"
262,0.559429046642977,0.451550104607284,0.660922689258541,69,"muestra_directa",FALSE,0.209372584651256,"08","037","Juárez"
263,0.584329822305697,0.346854000438692,0.80287242971881,NA,"sintetico_postestratificado",FALSE,0.456018429280117,"08","059","San Francisco del Oro"
264,0.579553021453486,0.33507037346334,0.811899760536753,NA,"sintetico_postestratificado",FALSE,0.476829387073413,"08","066","Uruachi"
265,0.555721409110353,0.305509904763884,0.789611063703167,NA,"sintetico_postestratificado",FALSE,0.484101158939282,"08","065","Urique"
266,0.577987010496924,0.337617331449894,0.787408060405161,NA,"sintetico_postestratificado",FALSE,0.449790728955268,"08","060","Santa Bárbara"
267,0.580038301610828,0.338833831510748,0.788636202765598,NA,"sintetico_postestratificado",FALSE,0.44980237125485,"08","044","Matamoros"
268,0.58375783690646,0.338870023875859,0.818066570324627,NA,"sintetico_postestratificado",FALSE,0.479196546448768,"08","045","Meoqui"
269,0.562459239057025,0.307350034117328,0.804503952246883,NA,"sintetico_postestratificado",FALSE,0.497153918129555,"08","046","Morelos"
270,0.559692616676979,0.314545950502059,0.78526145299496,NA,"sintetico_postestratificado",FALSE,0.4707155024929,"08","047","Moris"
271,0.54302979399476,0.307853381883767,0.769735084895675,NA,"sintetico_postestratificado",FALSE,0.461881703011907,"08","048","Namiquipa"
272,0.554250327135053,0.31214062865641,0.778724771164674,NA,"sintetico_postestratificado",FALSE,0.466584142508264,"08","029","Guadalupe y Calvo"
273,0.612346017654691,0.407041010634041,0.788760182564869,10,"muestra_directa",FALSE,0.381719171930829,"08","036","Jiménez"
274,0.535858720897716,0.290806673869863,0.762625728648632,NA,"sintetico_postestratificado",FALSE,0.471819054778769,"08","049","Nonoava"
275,0.593485379349689,0.401214738283425,0.757868898044926,13,"muestra_directa",FALSE,0.356654159761501,"08","002","Aldama"
276,0.722260587702463,0.599377064637428,0.826745868819367,41,"muestra_directa",FALSE,0.227368804181939,"09","012","Tlalpan"
277,0.725617561967664,0.559800476892655,0.857831636790562,15,"muestra_directa",FALSE,0.298031159897907,"09","009","Milpa Alta"
278,0.725895638898703,0.558487856546466,0.856883924915616,16,"muestra_directa",FALSE,0.29839606836915,"09","015","Cuauhtémoc"
279,0.780558390940079,0.707648962856756,0.844030123565166,138,"muestra_directa",FALSE,0.136381160708409,"09","007","Iztapalapa"
280,0.68507959556628,0.535108192129712,0.829856427306832,22,"muestra_directa",FALSE,0.29474823517712,"09","008","La Magdalena Contreras"
281,0.598451023495018,0.465207093772715,0.720063729388293,40,"muestra_directa",FALSE,0.254856635615577,"09","010","Álvaro Obregón"
282,0.654936245780037,0.475591590011467,0.80755346367303,17,"muestra_directa",FALSE,0.331961873661563,"09","003","Coyoacán"
283,0.648977702204144,0.464845768298128,0.800308527548891,13,"muestra_directa",FALSE,0.335462759250763,"09","016","Miguel Hidalgo"
284,0.663414256584855,0.444409835540897,0.844550844931166,3,"muestra_directa",TRUE,0.400141009390269,"09","004","Cuajimalpa de Morelos"
285,0.679314497620922,0.544416690519283,0.795852132053878,34,"muestra_directa",FALSE,0.251435441534595,"09","006","Iztacalco"
286,0.758940269479205,0.603996528020296,0.875964021436275,21,"muestra_directa",FALSE,0.271967493415979,"09","011","Tláhuac"
287,0.529555578676506,0.387689071069812,0.662643617677603,28,"muestra_directa",FALSE,0.274954546607791,"09","013","Xochimilco"
288,0.572828777217486,0.474863079689765,0.672480523371829,72,"muestra_directa",FALSE,0.197617443682064,"09","005","Gustavo A. Madero"
289,0.710677903261721,0.560768624770571,0.845729110430544,22,"muestra_directa",FALSE,0.284960485659972,"09","002","Azcapotzalco"
290,0.519606405587929,0.38660195395231,0.642721735167439,36,"muestra_directa",FALSE,0.256119781215129,"09","017","Venustiano Carranza"
291,0.521190376203748,0.325239422148347,0.703745923532458,9,"muestra_directa",TRUE,0.378506501384111,"09","014","Benito Juárez"
292,0.692511279761401,0.511226874987063,0.838189871761818,13,"muestra_directa",FALSE,0.326962996774755,"10","006","General Simón Bolívar"
293,0.568689481574003,0.391851964439345,0.727946348687346,17,"muestra_directa",FALSE,0.336094384248001,"10","008","Guadalupe Victoria"
294,0.542648704869032,0.291359461381389,0.772389040234122,NA,"sintetico_postestratificado",FALSE,0.481029578852733,"10","009","Guanaceví"
295,0.604713258019682,0.355117767812671,0.814160700900536,NA,"sintetico_postestratificado",FALSE,0.459042933087865,"10","010","Hidalgo"
296,0.549259526314342,0.281258865443118,0.801449376628594,NA,"sintetico_postestratificado",FALSE,0.520190511185476,"10","029","San Luis del Cordero"
297,0.56839018751995,0.321256080737412,0.798069215071615,NA,"sintetico_postestratificado",FALSE,0.476813134334203,"10","031","Santa Clara"
298,0.527600920188221,0.272904166427539,0.750625215017019,NA,"sintetico_postestratificado",FALSE,0.477721048589481,"10","011","Indé"
299,0.543066218256769,0.339843663007939,0.739582874498486,7,"muestra_directa",TRUE,0.399739211490547,"10","038","Vicente Guerrero"
300,0.54725101621367,0.311278490330637,0.76854541706804,NA,"sintetico_postestratificado",FALSE,0.457266926737403,"10","030","San Pedro del Gallo"
301,0.605745428284907,0.367993784674475,0.823455303959428,NA,"sintetico_postestratificado",FALSE,0.455461519284953,"10","023","Pueblo Nuevo"
302,0.576813053121303,0.332073608263662,0.796177874807112,NA,"sintetico_postestratificado",FALSE,0.46410426654345,"10","025","San Bernardo"
303,0.420085343046989,0.209757238881941,0.640241728781939,4,"muestra_directa",TRUE,0.430484489899998,"10","032","Santiago Papasquiaro"
304,0.581693781676922,0.338249054003273,0.79846524374412,NA,"sintetico_postestratificado",FALSE,0.460216189740846,"10","027","San Juan de Guadalupe"
305,0.530255272334731,0.411403749642728,0.646920399349388,46,"muestra_directa",FALSE,0.23551664970666,"10","007","Gómez Palacio"
306,0.555941397302244,0.314218890088893,0.790091409760882,NA,"sintetico_postestratificado",FALSE,0.475872519671989,"10","015","Nazas"
307,0.591074961966697,0.354563276748007,0.816741107336627,NA,"sintetico_postestratificado",FALSE,0.46217783058862,"10","035","Tepehuanes"
308,0.628505115215232,0.421951099678132,0.820272904930701,3,"muestra_directa",TRUE,0.398321805252569,"10","022","Poanas"
309,0.735938429369291,0.546907211036001,0.871055162200911,9,"muestra_directa",TRUE,0.324147951164909,"10","028","San Juan del Río"
310,0.547109942448826,0.290339318431847,0.776778319730834,NA,"sintetico_postestratificado",FALSE,0.486439001298988,"10","017","Ocampo"
311,0.534300661017134,0.291866164999652,0.7705849998581,NA,"sintetico_postestratificado",FALSE,0.478718834858448,"10","001","Canatlán"
312,0.677197931323155,0.578197306917992,0.770133163835354,75,"muestra_directa",FALSE,0.191935856917362,"10","005","Durango"
313,0.542515526151067,0.287020918558854,0.766387605457524,NA,"sintetico_postestratificado",FALSE,0.47936668689867,"10","037","Topia"
314,0.576098951135191,0.396014869265043,0.751359916161708,12,"muestra_directa",FALSE,0.355345046896665,"10","033","Súchil"
315,0.555107551406916,0.318639718431589,0.777746746957345,NA,"sintetico_postestratificado",FALSE,0.459107028525755,"10","036","Tlahualilo"
316,0.625789080165964,0.476176256867231,0.761994740972546,29,"muestra_directa",FALSE,0.285818484105315,"10","012","Lerdo"
317,0.554566387713895,0.302225416565816,0.789754513599186,NA,"sintetico_postestratificado",FALSE,0.48752909703337,"10","014","Mezquital"
318,0.539349166394624,0.298402144585271,0.761789248589567,NA,"sintetico_postestratificado",FALSE,0.463387104004296,"10","026","San Dimas"
319,0.569623463077494,0.308078969542887,0.79246764198289,NA,"sintetico_postestratificado",FALSE,0.484388672440003,"10","019","Otáez"
320,0.533212814101757,0.295562709383501,0.757304024238646,NA,"sintetico_postestratificado",FALSE,0.461741314855144,"10","034","Tamazula"
321,0.625561968511534,0.437609901398744,0.791958071897676,7,"muestra_directa",TRUE,0.354348170498933,"10","013","Mapimí"
322,0.631345002315334,0.442978011977777,0.802618509420388,10,"muestra_directa",FALSE,0.359640497442612,"10","016","Nombre de Dios"
323,0.580293917942005,0.362447852517121,0.792220601625678,NA,"sintetico_postestratificado",FALSE,0.429772749108556,"10","018","El Oro"
324,0.569831181523201,0.3275020238706,0.788467659162466,NA,"sintetico_postestratificado",FALSE,0.460965635291866,"10","020","Pánuco de Coronado"
325,0.547885717620106,0.304425334953952,0.777001623465427,NA,"sintetico_postestratificado",FALSE,0.472576288511475,"10","002","Canelas"
326,0.552059749140948,0.328309211302366,0.766322843354524,4,"muestra_directa",TRUE,0.438013632052158,"10","039","Nuevo Ideal"
327,0.53758855024545,0.31593717266797,0.747340302773786,3,"muestra_directa",TRUE,0.431403130105816,"10","021","Peñón Blanco"
328,0.605067031485772,0.36325427573739,0.814589587172365,NA,"sintetico_postestratificado",FALSE,0.451335311434976,"10","003","Coneto de Comonfort"
329,0.567210522930109,0.333304576893961,0.79974738359356,NA,"sintetico_postestratificado",FALSE,0.466442806699599,"10","024","Rodeo"
330,0.568136083295209,0.323302114691156,0.799197094007315,NA,"sintetico_postestratificado",FALSE,0.475894979316159,"10","004","Cuencamé"
331,0.505401653988769,0.318426557983219,0.679880344543975,11,"muestra_directa",FALSE,0.361453786560756,"11","019","Jerécuaro"
332,0.686544420652108,0.60836123261263,0.755679368500803,179,"muestra_directa",FALSE,0.147318135888173,"11","020","León"
333,0.565273662001854,0.312547129123336,0.800108845132101,NA,"sintetico_postestratificado",FALSE,0.487561716008765,"11","021","Moroleón"
334,0.637442218943227,0.487768673183572,0.772163379178389,26,"muestra_directa",FALSE,0.284394705994817,"11","023","Pénjamo"
335,0.576155019516809,0.326445194250687,0.793587232576198,NA,"sintetico_postestratificado",FALSE,0.467142038325511,"11","038","Tarandacuao"
336,0.653415351923042,0.471894305241633,0.811615431003884,11,"muestra_directa",FALSE,0.339721125762251,"11","039","Tarimoro"
337,0.603175188616972,0.352660915781263,0.811631131463311,NA,"sintetico_postestratificado",FALSE,0.458970215682048,"11","040","Tierra Blanca"
338,0.61442109028744,0.45619036520256,0.751863802631669,17,"muestra_directa",FALSE,0.295673437429109,"11","041","Uriangato"
339,0.650896586373194,0.46770628578991,0.804812304813309,12,"muestra_directa",FALSE,0.3371060190234,"11","002","Acámbaro"
340,0.432315231645816,0.244811297622524,0.619991485837767,7,"muestra_directa",TRUE,0.375180188215243,"11","012","Cuerámaro"
341,0.542591605563003,0.365544790348437,0.704258567889481,11,"muestra_directa",FALSE,0.338713777541044,"11","013","Doctor Mora"
342,0.74098062373859,0.591279356009565,0.857386837702319,21,"muestra_directa",FALSE,0.266107481692754,"11","014","Dolores Hidalgo Cuna de la Independencia Nacional"
343,0.581334060886413,0.401756146084217,0.749331093080511,11,"muestra_directa",FALSE,0.347574946996294,"11","022","Ocampo"
344,0.563166188636112,0.343888554675456,0.783280869054964,NA,"sintetico_postestratificado",FALSE,0.439392314379508,"11","024","Pueblo Nuevo"
345,0.601097810415509,0.445418061056072,0.741878521610093,20,"muestra_directa",FALSE,0.296460460554021,"11","030","San Felipe"
346,0.558627238171723,0.293886809458763,0.787635231954817,NA,"sintetico_postestratificado",FALSE,0.493748422496054,"11","036","Santiago Maravatío"
347,0.540486714455341,0.422198488550615,0.646670177528471,55,"muestra_directa",FALSE,0.224471688977856,"11","007","Celaya"
348,0.43254428189486,0.294132049650157,0.571246823780815,25,"muestra_directa",FALSE,0.277114774130658,"11","027","Salamanca"
349,0.611295745965909,0.382283962377976,0.807179065732571,2,"muestra_directa",TRUE,0.424895103354596,"11","035","Santa Cruz de Juventino Rosas"
350,0.619504783845608,0.380257141703388,0.814221900190908,2,"muestra_directa",TRUE,0.43396475848752,"11","011","Cortazar"
351,0.632497096840503,0.437346594977844,0.787368220589711,9,"muestra_directa",TRUE,0.350021625611867,"11","031","San Francisco del Rincón"
352,0.580102369358079,0.390577471750318,0.755216414583401,12,"muestra_directa",FALSE,0.364638942833083,"11","025","Purísima del Rincón"
353,0.573414565393093,0.349995392658309,0.775898254306168,3,"muestra_directa",TRUE,0.425902861647858,"11","026","Romita"
354,0.606632354240186,0.400723436227954,0.780816644469319,9,"muestra_directa",TRUE,0.380093208241365,"11","028","Salvatierra"
355,0.647777156316275,0.434006192643853,0.830217140442511,2,"muestra_directa",TRUE,0.396210947798658,"11","029","San Diego de la Unión"
356,0.597884822472197,0.424894155981091,0.766500160461371,14,"muestra_directa",FALSE,0.34160600448028,"11","032","San José Iturbide"
357,0.511035096333647,0.343928723462252,0.676506097304147,13,"muestra_directa",FALSE,0.332577373841896,"11","033","San Luis de la Paz"
358,0.607205649594553,0.361210331581279,0.810316634774066,NA,"sintetico_postestratificado",FALSE,0.449106303192786,"11","034","Santa Catarina"
359,0.667962365693786,0.509317101005935,0.803999906259596,25,"muestra_directa",FALSE,0.294682805253661,"11","037","Silao de la Victoria"
360,0.608432033280055,0.451413259315444,0.751692313176674,21,"muestra_directa",FALSE,0.300279053861231,"11","042","Valle de Santiago"
361,0.615945920908159,0.369942826050029,0.810437049196736,2,"muestra_directa",TRUE,0.440494223146707,"11","043","Victoria"
362,0.538236957137564,0.297422603410261,0.770739982963055,NA,"sintetico_postestratificado",FALSE,0.473317379552795,"11","045","Xichú"
363,0.552509801684856,0.368634382130646,0.72094733974062,15,"muestra_directa",FALSE,0.352312957609974,"11","044","Villagrán"
364,0.60326045450145,0.405918839227267,0.780546878791978,6,"muestra_directa",TRUE,0.37462803956471,"11","046","Yuriria"
365,0.635283983295009,0.434104278441173,0.812805219625599,7,"muestra_directa",TRUE,0.378700941184427,"11","001","Abasolo"
366,0.436241438191658,0.271879395246798,0.606034542111885,14,"muestra_directa",FALSE,0.334155146865087,"11","003","San Miguel de Allende"
367,0.72272875619698,0.551169447189115,0.864366103800207,13,"muestra_directa",FALSE,0.313196656611092,"11","004","Apaseo el Alto"
368,0.594412940012373,0.414658722605734,0.752352595734872,18,"muestra_directa",FALSE,0.337693873129138,"11","005","Apaseo el Grande"
369,0.537966044029084,0.277801660328132,0.775924464297713,NA,"sintetico_postestratificado",FALSE,0.498122803969581,"11","006","Atarjea"
370,0.586338466796979,0.348592267819008,0.800841964454113,1,"muestra_directa",TRUE,0.452249696635105,"11","008","Manuel Doblado"
371,0.682876678120422,0.493198196993275,0.835653205151486,9,"muestra_directa",TRUE,0.34245500815821,"11","009","Comonfort"
372,0.575371395275532,0.331996705365937,0.796379788535301,NA,"sintetico_postestratificado",FALSE,0.464383083169364,"11","010","Coroneo"
373,0.660779134214628,0.512257452230085,0.789822742547949,29,"muestra_directa",FALSE,0.277565290317864,"11","015","Guanajuato"
374,0.525300027073084,0.33473877409424,0.706000056992052,11,"muestra_directa",FALSE,0.371261282897813,"11","016","Huanímaro"
375,0.619966282391683,0.493148168493637,0.726243098719832,60,"muestra_directa",FALSE,0.233094930226195,"11","017","Irapuato"
376,0.662597983105013,0.464852910172982,0.818071476456769,11,"muestra_directa",FALSE,0.353218566283787,"11","018","Jaral del Progreso"
377,0.563173341880223,0.311403372743592,0.785589403028191,NA,"sintetico_postestratificado",FALSE,0.474186030284599,"12","033","Huamuxtitlán"
378,0.550948934622415,0.31175978769616,0.776422077199376,2,"muestra_directa",TRUE,0.464662289503216,"12","031","General Canuto A. Neri"
381,0.553143226384565,0.293907945203813,0.787087303036476,NA,"sintetico_postestratificado",FALSE,0.493179357832663,"12","073","Zirándaro"
382,0.529249828209896,0.285925973614049,0.752534914566166,NA,"sintetico_postestratificado",FALSE,0.466608940952117,"12","065","Tlalixtaquilla de Maldonado"
383,0.507581076275957,0.267516749431558,0.732434815053839,NA,"sintetico_postestratificado",FALSE,0.464918065622281,"12","047","Pedro Ascencio Alquisiras"
384,0.581212571372146,0.338487365331902,0.795992115282798,NA,"sintetico_postestratificado",FALSE,0.457504749950896,"12","054","San Miguel Totolapan"
385,0.583946417066378,0.324281764185227,0.799824764534885,1,"muestra_directa",TRUE,0.475543000349658,"12","053","San Marcos"
386,0.589930497031899,0.348848306794544,0.80402292475661,NA,"sintetico_postestratificado",FALSE,0.455174617962066,"12","066","Tlapa de Comonfort"
387,0.579483143225923,0.327406918707636,0.807732089885137,NA,"sintetico_postestratificado",FALSE,0.480325171177501,"12","048","Petatlán"
388,0.662177897369232,0.477002735321332,0.817056395703253,9,"muestra_directa",TRUE,0.340053660381921,"12","007","Arcelia"
389,0.537160965311477,0.330758192517941,0.730084858257899,7,"muestra_directa",TRUE,0.399326665739957,"12","012","Ayutla de los Libres"
390,0.58383146737088,0.341774586288173,0.790860476635152,NA,"sintetico_postestratificado",FALSE,0.44908589034698,"12","006","Apaxtla"
391,0.56592708176578,0.326832297241603,0.79059342869943,NA,"sintetico_postestratificado",FALSE,0.463761131457827,"12","010","Atlixtac"
392,0.597247956568367,0.35915622433658,0.797635284468301,3,"muestra_directa",TRUE,0.438479060131722,"12","011","Atoyac de Álvarez"
393,0.659037923035606,0.448524501967276,0.819295223923321,9,"muestra_directa",TRUE,0.370770721956045,"12","032","General Heliodoro Castillo"
394,0.576657521367748,0.332158219907461,0.800622854573567,NA,"sintetico_postestratificado",FALSE,0.468464634666106,"12","028","Chilapa de Álvarez"
395,0.570015504057889,0.390964760869373,0.717700772785738,13,"muestra_directa",FALSE,0.326736011916365,"12","029","Chilpancingo de los Bravo"
396,0.579425832430611,0.337956855736819,0.812151970994079,NA,"sintetico_postestratificado",FALSE,0.47419511525726,"12","004","Alcozauca de Guerrero"
397,0.565228132388921,0.316890420813988,0.786658598825187,NA,"sintetico_postestratificado",FALSE,0.469768178011199,"12","068","La Unión de Isidoro Montes de Oca"
398,0.574965116222673,0.376666163587563,0.762043860156683,9,"muestra_directa",TRUE,0.38537769656912,"12","039","Juan R. Escudero"
399,0.666969267141393,0.471350926071011,0.826208961849391,9,"muestra_directa",TRUE,0.35485803577838,"12","038","Zihuatanejo de Azueta"
400,0.572502776858466,0.335251467119184,0.797883156035857,NA,"sintetico_postestratificado",FALSE,0.462631688916673,"12","043","Metlatónoc"
401,0.557826314865519,0.302064604879493,0.776592218683649,NA,"sintetico_postestratificado",FALSE,0.474527613804155,"12","030","Florencio Villarreal"
402,0.542721376150266,0.302574749746232,0.76194847403562,2,"muestra_directa",TRUE,0.459373724289389,"12","064","Tlalchapa"
403,0.579854718810435,0.320154773700758,0.809484781463681,NA,"sintetico_postestratificado",FALSE,0.489330007762923,"12","067","Tlapehuala"
404,0.571498938611021,0.440021445034924,0.70002756440351,39,"muestra_directa",FALSE,0.260006119368586,"12","001","Acapulco de Juárez"
405,0.588364645674464,0.324920495140367,0.802506645300102,NA,"sintetico_postestratificado",FALSE,0.477586150159735,"12","019","Copalillo"
406,0.598165911157504,0.354319866971193,0.809674291918646,NA,"sintetico_postestratificado",FALSE,0.455354424947454,"12","045","Olinalá"
407,0.566866384304534,0.321291934974696,0.788261120243966,NA,"sintetico_postestratificado",FALSE,0.46696918526927,"12","008","Atenango del Río"
408,0.537707176828578,0.284428933375779,0.766729818838841,NA,"sintetico_postestratificado",FALSE,0.482300885463062,"12","009","Atlamajalcingo del Monte"
409,0.572203312290204,0.327380166088067,0.78029164810049,NA,"sintetico_postestratificado",FALSE,0.452911482012423,"12","046","Ometepec"
410,0.549187872168909,0.313111509827673,0.78085207238962,NA,"sintetico_postestratificado",FALSE,0.467740562561947,"12","036","Igualapa"
411,0.56013143709014,0.320079088753435,0.788908807544896,NA,"sintetico_postestratificado",FALSE,0.468829718791461,"12","044","Mochitlán"
412,0.571415767197126,0.380031837779395,0.760284535469545,7,"muestra_directa",TRUE,0.380252697690149,"12","042","Mártir de Cuilapan"
413,0.557423192887827,0.312092953792266,0.773942397741299,NA,"sintetico_postestratificado",FALSE,0.461849443949033,"12","040","Leonardo Bravo"
414,0.575327582535194,0.32667007377376,0.800605405555388,NA,"sintetico_postestratificado",FALSE,0.473935331781627,"12","076","Acatepec"
415,0.464294612089426,0.266292318960231,0.651402476278969,9,"muestra_directa",TRUE,0.385110157318738,"12","075","Eduardo Neri"
416,0.586720727660503,0.339810157309487,0.799229268634298,NA,"sintetico_postestratificado",FALSE,0.459419111324811,"12","074","Zitlala"
417,0.581581765276719,0.345159398631979,0.793554698544593,NA,"sintetico_postestratificado",FALSE,0.448395299912614,"12","072","Zapotitlán Tablas"
418,0.569292792358067,0.326616629673726,0.804239127264617,NA,"sintetico_postestratificado",FALSE,0.477622497590891,"12","071","Xochistlahuaca"
419,0.581856049777451,0.341493344912925,0.794249558853218,NA,"sintetico_postestratificado",FALSE,0.452756213940293,"12","070","Xochihuehuetlán"
420,0.556006946239756,0.303026233368008,0.792597485453871,NA,"sintetico_postestratificado",FALSE,0.489571252085864,"12","069","Xalpatláhuac"
421,0.578591574145688,0.33113049326341,0.791464413682799,NA,"sintetico_postestratificado",FALSE,0.460333920419388,"12","052","San Luis Acatlán"
422,0.569015203117022,0.328195792854317,0.784693668404376,NA,"sintetico_postestratificado",FALSE,0.456497875550059,"12","041","Malinaltepec"
423,0.510572653575035,0.294780651413482,0.714160771226892,3,"muestra_directa",TRUE,0.419380119813409,"12","062","Tlacoachistlahuaca"
424,0.578349563779328,0.323737029277062,0.80263239576012,NA,"sintetico_postestratificado",FALSE,0.478895366483058,"12","023","Cuajinicuilapa"
425,0.541550013813678,0.29099434417816,0.78888323196246,NA,"sintetico_postestratificado",FALSE,0.4978888877843,"12","013","Azoyú"
426,0.549313729115153,0.293095779936169,0.788652677844112,NA,"sintetico_postestratificado",FALSE,0.495556897907943,"12","024","Cualác"
427,0.5594933547485,0.369696294281456,0.7542121565768,13,"muestra_directa",FALSE,0.384515862295344,"12","027","Cutzamala de Pinzón"
428,0.561887319882857,0.309760983807456,0.793218629886769,NA,"sintetico_postestratificado",FALSE,0.483457646079314,"12","037","Ixcateopan de Cuauhtémoc"
429,0.570119483243354,0.320015699068752,0.803647154828256,NA,"sintetico_postestratificado",FALSE,0.483631455759505,"12","055","Taxco de Alarcón"
430,0.560117614807788,0.324394286369189,0.794205545293069,NA,"sintetico_postestratificado",FALSE,0.46981125892388,"12","025","Cuautepec"
431,0.571498265296042,0.333683060285916,0.793942431996299,NA,"sintetico_postestratificado",FALSE,0.460259371710383,"12","026","Cuetzala del Progreso"
432,0.553368477089305,0.320577775844846,0.78667211754371,NA,"sintetico_postestratificado",FALSE,0.466094341698864,"12","059","Tepecoacuilco de Trujano"
433,0.559344912609868,0.315143528211679,0.791551891637917,NA,"sintetico_postestratificado",FALSE,0.476408363426237,"12","077","Marquelia"
434,0.56781911444893,0.313544337079554,0.796874474375667,NA,"sintetico_postestratificado",FALSE,0.483330137296113,"12","078","Cochoapa el Grande"
435,0.566635765968123,0.359158327554524,0.764031763535278,8,"muestra_directa",TRUE,0.404873435980754,"12","061","Tixtla de Guerrero"
436,0.561188639254534,0.308136159528121,0.794799631638628,NA,"sintetico_postestratificado",FALSE,0.486663472110507,"12","018","Copala"
437,0.507885876147553,0.291929411339795,0.719533592169349,4,"muestra_directa",TRUE,0.427604180829554,"12","056","Tecoanapa"
438,0.551283017287517,0.318303254042453,0.769473279696906,NA,"sintetico_postestratificado",FALSE,0.451170025654454,"12","003","Ajuchitlán del Progreso"
439,0.517542008361934,0.268081687144645,0.757379612505281,NA,"sintetico_postestratificado",FALSE,0.489297925360636,"12","002","Ahuacuotzingo"
440,0.526554016370044,0.33980366521409,0.705124243789643,11,"muestra_directa",FALSE,0.365320578575553,"12","035","Iguala de la Independencia"
441,0.540567780331246,0.29497541528675,0.774525102551101,NA,"sintetico_postestratificado",FALSE,0.479549687264351,"12","016","Coahuayutla de José María Izazaga"
442,0.541950037463117,0.297744189386104,0.776863709455465,NA,"sintetico_postestratificado",FALSE,0.479119520069361,"12","017","Cocula"
443,0.557183508443913,0.299500721796706,0.781865495512304,NA,"sintetico_postestratificado",FALSE,0.482364773715598,"12","020","Copanatoyac"
444,0.572713100611144,0.33174505810637,0.794668485554544,NA,"sintetico_postestratificado",FALSE,0.462923427448174,"12","057","Técpan de Galeana"
445,0.568095992623811,0.326701672031728,0.794519709344147,NA,"sintetico_postestratificado",FALSE,0.467818037312419,"12","021","Coyuca de Benítez"
446,0.57025081939222,0.340843215282687,0.78776700951079,NA,"sintetico_postestratificado",FALSE,0.446923794228103,"12","022","Coyuca de Catalán"
447,0.580141336718546,0.325489203675647,0.813115577026334,NA,"sintetico_postestratificado",FALSE,0.487626373350686,"12","060","Tetipac"
448,0.55872019466113,0.300313080142116,0.788691589194498,NA,"sintetico_postestratificado",FALSE,0.488378509052382,"12","063","Tlacoapa"
449,0.577115308746799,0.32684257894293,0.799941966434928,NA,"sintetico_postestratificado",FALSE,0.473099387491998,"12","058","Teloloapan"
450,0.490314896099426,0.313771124078053,0.669747856781221,10,"muestra_directa",FALSE,0.355976732703168,"12","051","Quechultenango"
451,0.567807317699453,0.338562015795516,0.778322698332663,NA,"sintetico_postestratificado",FALSE,0.439760682537148,"12","050","Pungarabato"
452,0.544734012161906,0.307106596331667,0.773317012721817,NA,"sintetico_postestratificado",FALSE,0.46621041639015,"12","081","Iliatenco"
453,0.552766052209394,0.3134725573436,0.777105133588778,NA,"sintetico_postestratificado",FALSE,0.463632576245177,"12","080","Juchitán"
454,0.558999224251415,0.33531194801044,0.781636155187982,NA,"sintetico_postestratificado",FALSE,0.446324207177542,"12","005","Alpoyeca"
455,0.572074123463672,0.350169311280634,0.769541673458444,7,"muestra_directa",TRUE,0.41937236217781,"12","014","Benito Juárez"
456,0.564576940401449,0.326211685407652,0.777757629625639,NA,"sintetico_postestratificado",FALSE,0.451545944217987,"12","015","Buenavista de Cuéllar"
457,0.557149864322738,0.319837861392503,0.778491190423795,NA,"sintetico_postestratificado",FALSE,0.458653329031292,"12","049","Pilcaya"
458,0.530800217817175,0.268311537825874,0.774485669820613,NA,"sintetico_postestratificado",FALSE,0.506174131994738,"12","079","José Joaquín de Herrera"
459,0.579417146705736,0.350411974309328,0.805017649496955,NA,"sintetico_postestratificado",FALSE,0.454605675187627,"12","034","Huitzuco de los Figueroa"
462,0.541769798384836,0.30685813665705,0.769907797476312,NA,"sintetico_postestratificado",FALSE,0.463049660819262,"13","004","Agua Blanca de Iturbide"
463,0.651293250370722,0.44256441835593,0.821613644351808,6,"muestra_directa",TRUE,0.379049225995878,"13","010","Atitalaquia"
464,0.58284672090724,0.354800144061084,0.790510741184602,NA,"sintetico_postestratificado",FALSE,0.435710597123519,"13","081","Zacualtipán de Ángeles"
465,0.532803147912864,0.283049869911009,0.747380371787275,NA,"sintetico_postestratificado",FALSE,0.464330501876265,"13","034","Lolotla"
466,0.476151009941041,0.256084566448862,0.684367186634381,4,"muestra_directa",TRUE,0.428282620185519,"13","080","Yahualica"
467,0.504223441763935,0.269868190038835,0.733641615518336,NA,"sintetico_postestratificado",FALSE,0.463773425479501,"13","079","Xochicoatlán"
468,0.460507210400774,0.28557461816283,0.63209980998702,10,"muestra_directa",FALSE,0.346525191824191,"13","041","Mixquiahuala de Juárez"
469,0.556730516857695,0.315557870671045,0.802303981731996,NA,"sintetico_postestratificado",FALSE,0.48674611106095,"13","032","Jaltocán"
470,0.548888521008099,0.300636267795648,0.766039530113407,NA,"sintetico_postestratificado",FALSE,0.46540326231776,"13","019","Chilcuautla"
471,0.593879900880137,0.341406325109285,0.816184703724191,NA,"sintetico_postestratificado",FALSE,0.474778378614906,"13","082","Zapotlán de Juárez"
472,0.573762334054742,0.318307899321232,0.794441731581113,NA,"sintetico_postestratificado",FALSE,0.476133832259881,"13","050","Progreso de Obregón"
473,0.569759896743108,0.324216043163205,0.793620510639415,NA,"sintetico_postestratificado",FALSE,0.46940446747621,"13","083","Zempoala"
474,0.499545772402243,0.282308381119014,0.708713170324531,6,"muestra_directa",TRUE,0.426404789205517,"13","018","Chapulhuacán"
475,0.639735933525366,0.405218720332252,0.828795360178277,3,"muestra_directa",TRUE,0.423576639846025,"13","035","Metepec"
476,0.571907405532521,0.335526280455939,0.801280395054818,NA,"sintetico_postestratificado",FALSE,0.465754114598879,"13","036","San Agustín Metzquititlán"
477,0.701415338355011,0.518766299077502,0.851173887145453,11,"muestra_directa",FALSE,0.332407588067951,"13","037","Metztitlán"
478,0.580531446653105,0.334865139913718,0.810300645437078,NA,"sintetico_postestratificado",FALSE,0.475435505523361,"13","020","Eloxochitlán"
479,0.565917032289603,0.307775571707891,0.784501458254423,NA,"sintetico_postestratificado",FALSE,0.476725886546532,"13","022","Epazoyucan"
480,0.569126339198419,0.319951184269464,0.798948601224649,NA,"sintetico_postestratificado",FALSE,0.478997416955185,"13","023","Francisco I. Madero"
481,0.563119047580199,0.326201853550227,0.794830668806714,NA,"sintetico_postestratificado",FALSE,0.468628815256486,"13","052","San Agustín Tlaxiaca"
482,0.611142168940377,0.378955619786697,0.801292745835948,4,"muestra_directa",TRUE,0.422337126049251,"13","024","Huasca de Ocampo"
483,0.582655247896408,0.322556456418524,0.800938331495766,NA,"sintetico_postestratificado",FALSE,0.478381875077243,"13","009","El Arenal"
484,0.587028945009113,0.344441823175363,0.791352187722532,NA,"sintetico_postestratificado",FALSE,0.44691036454717,"13","038","Mineral del Chico"
485,0.585492168037396,0.354360001027418,0.805048373993182,NA,"sintetico_postestratificado",FALSE,0.450688372965764,"13","071","Tlahuiltepa"
486,0.586100748263533,0.342299676174755,0.811228178110792,NA,"sintetico_postestratificado",FALSE,0.468928501936038,"13","064","Tepetitlán"
487,0.579199895061656,0.348885339104652,0.80331356723987,NA,"sintetico_postestratificado",FALSE,0.454428228135218,"13","053","San Bartolo Tutotepec"
488,0.652937015752283,0.442565100630316,0.828108710560365,6,"muestra_directa",TRUE,0.385543609930049,"13","008","Apan"
489,0.56928683277575,0.316517063160006,0.796605726002964,NA,"sintetico_postestratificado",FALSE,0.480088662842958,"13","007","Almoloya"
490,0.561911537527377,0.307361273176988,0.789404134623325,NA,"sintetico_postestratificado",FALSE,0.482042861446337,"13","068","Tianguistengo"
491,0.525556148106356,0.314677110817372,0.729845865527001,6,"muestra_directa",TRUE,0.415168754709629,"13","069","Tizayuca"
492,0.560739867562277,0.402387263520383,0.710832266867738,20,"muestra_directa",FALSE,0.308445003347355,"13","076","Tula de Allende"
493,0.54790648917044,0.286512090975445,0.781341789258089,NA,"sintetico_postestratificado",FALSE,0.494829698282644,"13","078","Xochiatipan"
494,0.544511340399128,0.300328331794378,0.763757990388011,NA,"sintetico_postestratificado",FALSE,0.463429658593633,"13","074","Tlaxcoapan"
495,0.486968568339671,0.292549944093824,0.676229995031028,8,"muestra_directa",TRUE,0.383680050937204,"13","051","Mineral de la Reforma"
496,0.539821548266011,0.291959314814996,0.771124601992371,NA,"sintetico_postestratificado",FALSE,0.479165287177375,"13","030","Ixmiquilpan"
497,0.527220322403542,0.293076128461509,0.772022296964901,NA,"sintetico_postestratificado",FALSE,0.478946168503392,"13","031","Jacala de Ledezma"
498,0.534662268559967,0.30630322511511,0.75400028808209,2,"muestra_directa",TRUE,0.44769706296698,"13","029","Huichapan"
499,0.53833002580236,0.288496033061617,0.773008538192898,NA,"sintetico_postestratificado",FALSE,0.484512505131281,"13","070","Tlahuelilpan"
500,0.554999341340898,0.293249246809099,0.77729973322898,NA,"sintetico_postestratificado",FALSE,0.484050486419881,"13","025","Huautla"
501,0.591374904489643,0.359325327247818,0.802844439217978,3,"muestra_directa",TRUE,0.44351911197016,"13","054","San Salvador"
502,0.557169868052671,0.30489256385322,0.788311641877504,NA,"sintetico_postestratificado",FALSE,0.483419078024284,"13","055","Santiago de Anaya"
503,0.574521829140854,0.381620284979256,0.741611944242815,10,"muestra_directa",FALSE,0.359991659263559,"13","006","Alfajayucan"
504,0.553953704730802,0.360669212070721,0.738996336908744,13,"muestra_directa",FALSE,0.378327124838023,"13","048","Pachuca de Soto"
505,0.552257661388164,0.30045054639888,0.783985597528915,NA,"sintetico_postestratificado",FALSE,0.483535051130035,"13","026","Huazalingo"
506,0.5393459757008,0.349989856655012,0.727077003860321,7,"muestra_directa",TRUE,0.377087147205309,"13","027","Huehuetla"
507,0.512885873564813,0.331176410524766,0.698582758222038,11,"muestra_directa",FALSE,0.367406347697272,"13","028","Huejutla de Reyes"
508,0.543774516541469,0.30850927250245,0.774070246981955,NA,"sintetico_postestratificado",FALSE,0.465560974479505,"13","043","Nicolás Flores"
509,0.571246747518064,0.327521277764976,0.800637287092785,NA,"sintetico_postestratificado",FALSE,0.473116009327809,"13","065","Tetepango"
510,0.498010868831949,0.285969563696443,0.712721582337219,3,"muestra_directa",TRUE,0.426752018640777,"13","063","Tepeji del Río de Ocampo"
511,0.565622981376802,0.320314037355765,0.79229302803014,NA,"sintetico_postestratificado",FALSE,0.471978990674375,"13","033","Juárez Hidalgo"
512,0.579366220020575,0.333144118780635,0.798350896983366,NA,"sintetico_postestratificado",FALSE,0.465206778202731,"13","013","Atotonilco de Tula"
513,0.546860408043245,0.301892526251719,0.766941900663926,NA,"sintetico_postestratificado",FALSE,0.465049374412207,"13","014","Calnali"
514,0.572190003193957,0.310436226890788,0.789869878934116,NA,"sintetico_postestratificado",FALSE,0.479433652043327,"13","015","Cardonal"
515,0.561058696404387,0.302891930807223,0.778326681676837,NA,"sintetico_postestratificado",FALSE,0.475434750869614,"13","016","Cuautepec de Hinojosa"
516,0.576337883877366,0.329571181097164,0.80611966819085,NA,"sintetico_postestratificado",FALSE,0.476548487093686,"13","021","Emiliano Zapata"
517,0.572045625353208,0.312847636536567,0.795592915572861,NA,"sintetico_postestratificado",FALSE,0.482745279036295,"13","005","Ajacuba"
518,0.558809920987494,0.328896125172821,0.77909194816167,NA,"sintetico_postestratificado",FALSE,0.450195822988849,"13","017","Chapantongo"
519,0.570911713678109,0.332918382364378,0.806082542169368,NA,"sintetico_postestratificado",FALSE,0.473164159804991,"13","066","Villa de Tezontepec"
520,0.562521925161443,0.316611019580025,0.791201247095677,NA,"sintetico_postestratificado",FALSE,0.474590227515652,"13","067","Tezontepec de Aldama"
521,0.541829668915671,0.288879715027741,0.781456208203488,NA,"sintetico_postestratificado",FALSE,0.492576493175747,"13","044","Nopala de Villagrán"
522,0.537097186901733,0.301303134674716,0.757089032496281,NA,"sintetico_postestratificado",FALSE,0.455785897821565,"13","045","Omitlán de Juárez"
523,0.496479534774839,0.326503670996802,0.663195009182953,16,"muestra_directa",FALSE,0.336691338186151,"13","046","San Felipe Orizatlán"
524,0.546675494293761,0.310321629619316,0.766647629442671,NA,"sintetico_postestratificado",FALSE,0.456325999823355,"13","039","Mineral del Monte"
525,0.563880276885231,0.321351092523808,0.798144958575405,NA,"sintetico_postestratificado",FALSE,0.476793866051598,"13","047","Pacula"
526,0.520456097703413,0.275111910220514,0.761038008059648,NA,"sintetico_postestratificado",FALSE,0.485926097839134,"13","049","Pisaflores"
527,0.510155441106808,0.283537310619146,0.714567358971651,4,"muestra_directa",TRUE,0.431030048352506,"13","077","Tulancingo de Bravo"
528,0.546864709034762,0.314802658543974,0.784956411886076,NA,"sintetico_postestratificado",FALSE,0.470153753342102,"13","062","Tepehuacán de Guerrero"
529,0.564723205640327,0.32334191490313,0.786862052086922,NA,"sintetico_postestratificado",FALSE,0.463520137183792,"13","003","Actopan"
530,0.39188642506273,0.191800859854418,0.622630963556171,4,"muestra_directa",TRUE,0.430830103701753,"13","002","Acaxochitlán"
531,0.561266372721158,0.304838015428249,0.780309436264249,NA,"sintetico_postestratificado",FALSE,0.475471420836,"13","001","Acatlán"
532,0.509315101357678,0.27318897186923,0.727074764352939,3,"muestra_directa",TRUE,0.453885792483708,"13","061","Tepeapulco"
533,0.570719932639702,0.309406873325132,0.792011756731704,NA,"sintetico_postestratificado",FALSE,0.482604883406572,"13","058","Tasquillo"
534,0.551249531356464,0.300110578063955,0.773711947993819,NA,"sintetico_postestratificado",FALSE,0.473601369929865,"13","073","Tlanchinol"
535,0.592222776784167,0.335044986537484,0.823337601112351,NA,"sintetico_postestratificado",FALSE,0.488292614574867,"13","072","Tlanalapa"
536,0.601892573687053,0.368640260378464,0.81066567286763,NA,"sintetico_postestratificado",FALSE,0.442025412489166,"13","059","Tecozautla"
537,0.586349111348631,0.354077233539234,0.798559077418843,NA,"sintetico_postestratificado",FALSE,0.444481843879609,"13","060","Tenango de Doria"
538,0.58272478097072,0.343940046705043,0.800261874826633,NA,"sintetico_postestratificado",FALSE,0.45632182812159,"13","012","Atotonilco el Grande"
539,0.599762035717478,0.340264482102277,0.819810625357527,NA,"sintetico_postestratificado",FALSE,0.47954614325525,"13","011","Atlapexco"
540,0.574104257620296,0.338034815590674,0.808051874136895,NA,"sintetico_postestratificado",FALSE,0.470017058546221,"13","040","La Misión"
541,0.585279486539312,0.359646645550773,0.807615400203485,NA,"sintetico_postestratificado",FALSE,0.447968754652712,"13","042","Molango de Escamilla"
542,0.572542522874973,0.323403110128793,0.794905316744012,NA,"sintetico_postestratificado",FALSE,0.471502206615219,"13","056","Santiago Tulantepec de Lugo Guerrero"
543,0.58193923826001,0.414570495800895,0.742121804193889,16,"muestra_directa",FALSE,0.327551308392993,"13","057","Singuilucan"
544,0.580530476913463,0.313932175728758,0.7983283589803,NA,"sintetico_postestratificado",FALSE,0.484396183251541,"13","084","Zimapán"
545,0.589262271149883,0.334444269058831,0.81173037822596,NA,"sintetico_postestratificado",FALSE,0.477286109167129,"13","075","Tolcayuca"
546,0.570723759362612,0.333209060310512,0.798694482778463,NA,"sintetico_postestratificado",FALSE,0.465485422467951,"14","122","Zapotitlán de Vadillo"
547,0.525225954836421,0.283191788979051,0.765606707639775,NA,"sintetico_postestratificado",FALSE,0.482414918660724,"14","019","Bolaños"
548,0.575782283656664,0.333343997136624,0.796207263847899,NA,"sintetico_postestratificado",FALSE,0.462863266711275,"14","065","Pihuamo"
549,0.495237978106944,0.327305276833611,0.666112108025601,19,"muestra_directa",FALSE,0.33880683119199,"14","101","Tonalá"
550,0.566179010898352,0.314250853072281,0.795722104789792,NA,"sintetico_postestratificado",FALSE,0.481471251717511,"14","076","San Martín de Bolaños"
551,0.556813300436892,0.313228241198604,0.775692958602898,NA,"sintetico_postestratificado",FALSE,0.462464717404293,"14","023","Zapotlán el Grande"
552,0.552352125706304,0.302630527062736,0.782762952969598,NA,"sintetico_postestratificado",FALSE,0.480132425906862,"14","074","San Julián"
553,0.556662843131953,0.298696087768741,0.771777014095716,NA,"sintetico_postestratificado",FALSE,0.473080926326975,"14","073","San Juan de los Lagos"
554,0.578989883831882,0.33583360498695,0.804328527231094,NA,"sintetico_postestratificado",FALSE,0.468494922244144,"14","062","Mixtlán"
555,0.54945951065049,0.297741841867815,0.771848405945779,NA,"sintetico_postestratificado",FALSE,0.474106564077964,"14","113","San Gabriel"
556,0.557399255752426,0.312379741807379,0.782843043080068,NA,"sintetico_postestratificado",FALSE,0.47046330127269,"14","087","Tecalitlán"
557,0.558498104087576,0.316023108862605,0.782046036912303,NA,"sintetico_postestratificado",FALSE,0.466022928049698,"14","014","Atoyac"
558,0.587423931383662,0.343750120490601,0.796092796447601,NA,"sintetico_postestratificado",FALSE,0.452342675957,"14","015","Autlán de Navarro"
559,0.636810208445436,0.437599484658576,0.802497588700398,8,"muestra_directa",TRUE,0.364898104041823,"14","097","Tlajomulco de Zúñiga"
560,0.554944327551345,0.31760880944198,0.770742340285607,NA,"sintetico_postestratificado",FALSE,0.453133530843627,"14","055","Magdalena"
561,0.560751093921584,0.305869941778562,0.788463913109594,NA,"sintetico_postestratificado",FALSE,0.482593971331032,"14","063","Ocotlán"
562,0.578374214061425,0.335937025112528,0.78968812736243,NA,"sintetico_postestratificado",FALSE,0.453751102249902,"14","086","Tapalpa"
563,0.57689915791338,0.333064658980126,0.799019935427195,NA,"sintetico_postestratificado",FALSE,0.465955276447069,"14","043","La Huerta"
564,0.598977962891197,0.369148570801412,0.809222871411666,NA,"sintetico_postestratificado",FALSE,0.440074300610254,"14","116","Villa Hidalgo"
565,0.543565307738917,0.281008276147895,0.775033336353691,NA,"sintetico_postestratificado",FALSE,0.494025060205796,"14","012","Atenguillo"
566,0.574807204586467,0.306268180750074,0.791016558322017,NA,"sintetico_postestratificado",FALSE,0.484748377571942,"14","117","Cañadas de Obregón"
567,0.572723498625665,0.327498712857543,0.788730357741882,NA,"sintetico_postestratificado",FALSE,0.461231644884339,"14","118","Yahualica de González Gallo"
568,0.572858885519095,0.324842342473245,0.798282014030231,NA,"sintetico_postestratificado",FALSE,0.473439671556986,"14","017","Ayutla"
569,0.568457570371177,0.336975479249392,0.794865848415472,NA,"sintetico_postestratificado",FALSE,0.45789036916608,"14","119","Zacoalco de Torres"
570,0.468765441072751,0.305378996833215,0.626816050728547,18,"muestra_directa",FALSE,0.321437053895332,"14","120","Zapopan"
571,0.578104827302984,0.345220117574978,0.786040256793242,NA,"sintetico_postestratificado",FALSE,0.440820139218264,"14","121","Zapotiltic"
572,0.566046106350966,0.315980884598798,0.779116145530514,NA,"sintetico_postestratificado",FALSE,0.463135260931717,"14","123","Zapotlán del Rey"
573,0.60653337695912,0.358243855637556,0.812749075338258,NA,"sintetico_postestratificado",FALSE,0.454505219700702,"14","069","Quitupan"
574,0.59103598311794,0.325028181543681,0.813449153299737,NA,"sintetico_postestratificado",FALSE,0.488420971756056,"14","112","Valle de Juárez"
575,0.545423479163375,0.300231891160646,0.785057695816979,NA,"sintetico_postestratificado",FALSE,0.484825804656332,"14","111","Valle de Guadalupe"
576,0.568383834829159,0.328770552337514,0.799253805022752,NA,"sintetico_postestratificado",FALSE,0.470483252685237,"14","079","Gómez Farías"
577,0.571487656839636,0.328788976214978,0.801164844012076,NA,"sintetico_postestratificado",FALSE,0.472375867797098,"14","078","San Miguel el Alto"
578,0.565080351955118,0.31730237146977,0.782108067930343,NA,"sintetico_postestratificado",FALSE,0.464805696460572,"14","077","San Martín Hidalgo"
579,0.552758809195809,0.309526123304706,0.779750995430832,NA,"sintetico_postestratificado",FALSE,0.470224872126126,"14","075","San Marcos"
580,0.522996301409175,0.347701652362722,0.686981692753,20,"muestra_directa",FALSE,0.339280040390278,"14","098","San Pedro Tlaquepaque"
581,0.537928400549759,0.291849262344094,0.785682830886352,NA,"sintetico_postestratificado",FALSE,0.493833568542258,"14","105","Tototlán"
582,0.570089848019744,0.316591142397019,0.800379401837558,NA,"sintetico_postestratificado",FALSE,0.483788259440538,"14","104","Totatiche"
583,0.571855432835853,0.315023167330227,0.806124764217156,NA,"sintetico_postestratificado",FALSE,0.491101596886928,"14","103","Tonila"
584,0.558564848440385,0.320862165339981,0.789193767274721,NA,"sintetico_postestratificado",FALSE,0.468331601934741,"14","024","Cocula"
585,0.547656173486161,0.308666556372229,0.790670177746578,NA,"sintetico_postestratificado",FALSE,0.482003621374349,"14","102","Tonaya"
586,0.556526476188688,0.312498841661281,0.783386317732415,NA,"sintetico_postestratificado",FALSE,0.470887476071134,"14","100","Tomatlán"
587,0.536674322869356,0.304580780824289,0.749451232152723,NA,"sintetico_postestratificado",FALSE,0.444870451328435,"14","099","Tolimán"
588,0.600567386237863,0.383716434759933,0.775227979605216,5,"muestra_directa",TRUE,0.391511544845283,"14","093","Tepatitlán de Morelos"
589,0.563881592423326,0.332028173882496,0.783332548230361,NA,"sintetico_postestratificado",FALSE,0.451304374347865,"14","124","Zapotlanejo"
590,0.562439624243574,0.311340603063072,0.787956773677203,NA,"sintetico_postestratificado",FALSE,0.476616170614131,"14","115","Villa Guerrero"
591,0.576843847442743,0.347039246822082,0.76516857542017,4,"muestra_directa",TRUE,0.418129328598088,"14","021","Casimiro Castillo"
592,0.551983657621499,0.309604072012967,0.783016643144605,NA,"sintetico_postestratificado",FALSE,0.473412571131638,"14","070","El Salto"
593,0.575527168178766,0.309975103730285,0.80462643187433,NA,"sintetico_postestratificado",FALSE,0.494651328144045,"14","020","Cabo Corrientes"
594,0.569845557987707,0.32920644862501,0.78356576229775,NA,"sintetico_postestratificado",FALSE,0.45435931367274,"14","018","La Barca"
595,0.606184052556748,0.372897254020906,0.815578964774491,NA,"sintetico_postestratificado",FALSE,0.442681710753585,"14","051","Juanacatlán"
596,0.477477304989571,0.283846086918183,0.682237472859869,6,"muestra_directa",TRUE,0.398391385941685,"14","044","Ixtlahuacán de los Membrillos"
597,0.553954044806121,0.411283948751148,0.692264592012054,34,"muestra_directa",FALSE,0.280980643260906,"14","039","Guadalajara"
598,0.529159669972532,0.282002362827446,0.764345787910726,NA,"sintetico_postestratificado",FALSE,0.48234342508328,"14","022","Cihuatlán"
599,0.570966936470655,0.328806646775452,0.783073965221361,NA,"sintetico_postestratificado",FALSE,0.454267318445909,"14","016","Ayotlán"
600,0.525014600278825,0.282148912410918,0.766465446644192,NA,"sintetico_postestratificado",FALSE,0.484316534233274,"14","080","San Sebastián del Oeste"
601,0.565699828949776,0.318129355901587,0.785594967111073,NA,"sintetico_postestratificado",FALSE,0.467465611209486,"14","125","San Ignacio Cerro Gordo"
602,0.555496385971616,0.300746135625671,0.775582042373621,NA,"sintetico_postestratificado",FALSE,0.47483590674795,"14","072","San Diego de Alejandría"
603,0.442974574218876,0.235503990709296,0.662399101199767,4,"muestra_directa",TRUE,0.426895110490471,"14","066","Poncitlán"
604,0.568675595968868,0.332331646538778,0.80038663402802,NA,"sintetico_postestratificado",FALSE,0.468054987489242,"14","110","Unión de Tula"
605,0.577493286548126,0.318280035488433,0.792437749545303,NA,"sintetico_postestratificado",FALSE,0.47415771405687,"14","092","Teocuitatlán de Corona"
606,0.600910538902445,0.355521192800996,0.819480153249932,NA,"sintetico_postestratificado",FALSE,0.463958960448935,"14","091","Teocaltiche"
607,0.519293072986891,0.30435518823029,0.725812787224919,6,"muestra_directa",TRUE,0.421457598994629,"14","002","Acatlán de Juárez"
608,0.562617628727466,0.310683428930605,0.801646484547385,NA,"sintetico_postestratificado",FALSE,0.49096305561678,"14","003","Ahualulco de Mercado"
609,0.543993026484184,0.294858639980632,0.767220447189773,NA,"sintetico_postestratificado",FALSE,0.47236180720914,"14","005","Amatitán"
610,0.552906746278535,0.308921259792099,0.772145510310904,NA,"sintetico_postestratificado",FALSE,0.463224250518804,"14","109","Unión de San Antonio"
611,0.523557698031704,0.281521097891062,0.760939682545392,NA,"sintetico_postestratificado",FALSE,0.47941858465433,"14","108","Tuxpan"
612,0.528864290325102,0.297374044213075,0.762066008943534,NA,"sintetico_postestratificado",FALSE,0.464691964730459,"14","088","Tecolotlán"
613,0.530149975660792,0.285123515359009,0.758625867841626,NA,"sintetico_postestratificado",FALSE,0.473502352482618,"14","090","Tenamaxtlán"
614,0.571630466720629,0.316170794246282,0.799333996758146,NA,"sintetico_postestratificado",FALSE,0.483163202511864,"14","071","San Cristóbal de la Barranca"
615,0.546122121295203,0.299749554862714,0.782917811944782,NA,"sintetico_postestratificado",FALSE,0.483168257082069,"14","068","Villa Purificación"
616,0.484371950182559,0.292621817619798,0.683038193357147,9,"muestra_directa",TRUE,0.390416375737348,"14","067","Puerto Vallarta"
617,0.548253701856497,0.292992353461858,0.771673893517263,NA,"sintetico_postestratificado",FALSE,0.478681540055405,"14","114","Villa Corona"
618,0.578853259311302,0.329415994627804,0.792131086420527,NA,"sintetico_postestratificado",FALSE,0.462715091792724,"14","107","Tuxcueca"
619,0.519403375836287,0.281324784330219,0.764247978331592,NA,"sintetico_postestratificado",FALSE,0.482923194001373,"14","106","Tuxcacuesco"
620,0.549673609798069,0.304524070493218,0.778922715830943,NA,"sintetico_postestratificado",FALSE,0.474398645337725,"14","025","Colotlán"
621,0.547971211952779,0.305432015449877,0.777096699444159,NA,"sintetico_postestratificado",FALSE,0.471664683994283,"14","027","Cuautitlán de García Barragán"
622,0.531689476505585,0.291604589490785,0.756988005956265,NA,"sintetico_postestratificado",FALSE,0.46538341646548,"14","028","Cuautla"
623,0.559656937670005,0.29623253342201,0.789150721840478,NA,"sintetico_postestratificado",FALSE,0.492918188418468,"14","011","Atengo"
624,0.576626973164782,0.319061178930153,0.801845568037792,NA,"sintetico_postestratificado",FALSE,0.482784389107639,"14","064","Ojuelos de Jalisco"
625,0.460350522205037,0.232352883281865,0.700671069066109,2,"muestra_directa",TRUE,0.468318185784244,"14","032","Chiquilistlán"
626,0.546556068625865,0.299483540425231,0.786413998550876,NA,"sintetico_postestratificado",FALSE,0.486930458125645,"14","030","Chapala"
627,0.52960211139152,0.284043503729689,0.768696291270892,NA,"sintetico_postestratificado",FALSE,0.484652787541202,"14","029","Cuquío"
628,0.559850234935858,0.312574106835336,0.801012809478805,NA,"sintetico_postestratificado",FALSE,0.488438702643469,"14","094","Tequila"
629,0.548355942843562,0.292885828570616,0.788621332663016,NA,"sintetico_postestratificado",FALSE,0.4957355040924,"14","095","Teuchitlán"
630,0.550651255976485,0.289169948850296,0.78210659404421,NA,"sintetico_postestratificado",FALSE,0.492936645193915,"14","096","Tizapán el Alto"
631,0.545254259913641,0.286888293188755,0.78284595169493,NA,"sintetico_postestratificado",FALSE,0.495957658506174,"14","061","Mezquitic"
632,0.555432139433656,0.316595260862327,0.772954312338814,NA,"sintetico_postestratificado",FALSE,0.456359051476486,"14","060","Mexticacán"
633,0.559156863750686,0.314418427311123,0.784077146110926,NA,"sintetico_postestratificado",FALSE,0.469658718799803,"14","059","Mazamitla"
634,0.605446827833215,0.37948846155305,0.802817181926616,3,"muestra_directa",TRUE,0.423328720373566,"14","058","Mascota"
635,0.559648045211285,0.309935685993218,0.780674557021463,NA,"sintetico_postestratificado",FALSE,0.470738871028245,"14","057","La Manzanilla de la Paz"
636,0.606329074296124,0.357848134877143,0.828021678165754,NA,"sintetico_postestratificado",FALSE,0.470173543288611,"14","056","Santa María del Oro"
637,0.583491449849568,0.338856161278698,0.79788736998158,NA,"sintetico_postestratificado",FALSE,0.459031208702883,"14","054","El Limón"
638,0.562778148639214,0.322570770166213,0.785584641264274,NA,"sintetico_postestratificado",FALSE,0.463013871098061,"14","085","Tamazula de Gordiano"
639,0.580258342738693,0.340535745788763,0.801595091970593,NA,"sintetico_postestratificado",FALSE,0.46105934618183,"14","084","Talpa de Allende"
640,0.463602227386554,0.275894271925953,0.664208130583345,7,"muestra_directa",TRUE,0.388313858657392,"14","053","Lagos de Moreno"
641,0.578549795015497,0.318453682879336,0.793873034267461,NA,"sintetico_postestratificado",FALSE,0.475419351388125,"14","052","Juchitlán"
642,0.54576665160415,0.310248194100715,0.770813127067533,NA,"sintetico_postestratificado",FALSE,0.460564932966818,"14","050","Jocotepec"
643,0.588483570333262,0.349666899689368,0.812824009399753,NA,"sintetico_postestratificado",FALSE,0.463157109710386,"14","031","Chimaltitán"
644,0.530954369877313,0.301598326610451,0.767107971523326,NA,"sintetico_postestratificado",FALSE,0.465509644912875,"14","049","Jilotlán de los Dolores"
645,0.612005674230375,0.366131739672282,0.801928000063751,NA,"sintetico_postestratificado",FALSE,0.435796260391469,"14","048","Jesús María"
646,0.575605467423221,0.341075034908789,0.788141622293257,NA,"sintetico_postestratificado",FALSE,0.447066587384468,"14","047","Jamay"
647,0.547255676562972,0.350767946766628,0.726176294353979,7,"muestra_directa",TRUE,0.375408347587352,"14","046","Jalostotitlán"
648,0.545284751856819,0.313146978217011,0.763974676699555,NA,"sintetico_postestratificado",FALSE,0.450827698482544,"14","045","Ixtlahuacán del Río"
649,0.557726378950027,0.2991131622916,0.790661782269376,NA,"sintetico_postestratificado",FALSE,0.491548619977776,"14","042","Huejuquilla el Alto"
650,0.601093996927656,0.362183337954065,0.803403202063859,NA,"sintetico_postestratificado",FALSE,0.441219864109794,"14","041","Huejúcar"
651,0.583315234672516,0.344191330394112,0.793342812981648,NA,"sintetico_postestratificado",FALSE,0.449151482587536,"14","040","Hostotipaquillo"
652,0.549076800093653,0.320366228907356,0.763405795009628,NA,"sintetico_postestratificado",FALSE,0.443039566102271,"14","038","Guachinango"
653,0.555088601327121,0.306052726757024,0.775843548116079,NA,"sintetico_postestratificado",FALSE,0.469790821359055,"14","037","El Grullo"
654,0.542451250715102,0.286448069087222,0.788253623011531,NA,"sintetico_postestratificado",FALSE,0.501805553924309,"14","036","Etzatlán"
655,0.560800269932911,0.319689137140686,0.781808624784655,NA,"sintetico_postestratificado",FALSE,0.462119487643969,"14","035","Encarnación de Díaz"
656,0.576576734063933,0.335533905150798,0.808157056316576,NA,"sintetico_postestratificado",FALSE,0.472623151165778,"14","034","Ejutla"
657,0.5840814418938,0.333564483064253,0.796904436400842,NA,"sintetico_postestratificado",FALSE,0.46333995333659,"14","033","Degollado"
658,0.552286565834046,0.310415028501803,0.778552368314484,NA,"sintetico_postestratificado",FALSE,0.468137339812681,"14","010","Atemajac de Brizuela"
659,0.514671173723134,0.270688326569955,0.751549598456054,NA,"sintetico_postestratificado",FALSE,0.480861271886099,"14","013","Atotonilco el Alto"
660,0.526400309218358,0.282798863843429,0.755689726547943,NA,"sintetico_postestratificado",FALSE,0.472890862704515,"14","089","Techaluta de Montenegro"
661,0.565334239670632,0.308193150951694,0.787705739546964,NA,"sintetico_postestratificado",FALSE,0.47951258859527,"14","026","Concepción de Buenos Aires"
662,0.567068323268721,0.346910797959618,0.776299880670005,1,"muestra_directa",TRUE,0.429389082710387,"14","083","Tala"
663,0.59028712339459,0.354250707524432,0.813127889710332,NA,"sintetico_postestratificado",FALSE,0.4588771821859,"14","082","Sayula"
664,0.555361521188639,0.306401171245415,0.780378116095393,NA,"sintetico_postestratificado",FALSE,0.473976944849977,"14","081","Santa María de los Ángeles"
665,0.604223737024544,0.361199931172619,0.813409902922969,NA,"sintetico_postestratificado",FALSE,0.45220997175035,"14","009","El Arenal"
666,0.443384780852153,0.283471093231365,0.617111629586565,15,"muestra_directa",FALSE,0.3336405363552,"14","008","Arandas"
667,0.564007851222555,0.31571781594363,0.789732912556485,NA,"sintetico_postestratificado",FALSE,0.474015096612855,"14","007","San Juanito de Escobedo"
668,0.568383183695037,0.311668003119623,0.78773200895778,NA,"sintetico_postestratificado",FALSE,0.476064005838157,"14","006","Ameca"
669,0.575587284179148,0.325581221996214,0.800646858541265,NA,"sintetico_postestratificado",FALSE,0.475065636545051,"14","004","Amacueca"
670,0.556189191240489,0.315448715572101,0.802469314099341,NA,"sintetico_postestratificado",FALSE,0.48702059852724,"14","001","Acatic"
671,0.457173045893629,0.277059713884803,0.640856163064232,10,"muestra_directa",FALSE,0.363796449179429,"15","021","Coatepec Harinas"
672,0.600171957278401,0.338043220437936,0.818359384998302,NA,"sintetico_postestratificado",FALSE,0.480316164560367,"15","011","Atenco"
673,0.583502454864827,0.332559409974786,0.809978071995008,NA,"sintetico_postestratificado",FALSE,0.477418662020222,"15","004","Almoloya de Alquisiras"
674,0.597527255389904,0.354520256027377,0.82152977386281,NA,"sintetico_postestratificado",FALSE,0.467009517835434,"15","002","Acolman"
675,0.592726074639656,0.328335929370638,0.820433564691067,NA,"sintetico_postestratificado",FALSE,0.492097635320429,"15","034","Ecatzingo"
676,0.613203325184871,0.361115879026926,0.82962187159434,NA,"sintetico_postestratificado",FALSE,0.468505992567414,"15","030","Chiconcuac"
677,0.556172831477648,0.344917771124463,0.765071246642172,4,"muestra_directa",TRUE,0.420153475517708,"15","068","Ozumba"
678,0.550391973259406,0.343782332345745,0.748548274136515,5,"muestra_directa",TRUE,0.40476594179077,"15","082","Tejupilco"
679,0.595458809722294,0.337144941410382,0.814012803907589,NA,"sintetico_postestratificado",FALSE,0.476867862497207,"15","028","Chiautla"
680,0.584710047213414,0.329896268413632,0.806406037926071,NA,"sintetico_postestratificado",FALSE,0.47650976951244,"15","019","Capulhuac"
681,0.70327011694427,0.539598549408062,0.831922171619226,16,"muestra_directa",FALSE,0.292323622211164,"15","118","Zinacantepec"
682,0.631899246920083,0.382459115519552,0.830370652845968,4,"muestra_directa",TRUE,0.447911537326417,"15","094","Tepetlixpa"
683,0.670180634983356,0.466324788873298,0.838942538070397,7,"muestra_directa",TRUE,0.372617749197099,"15","074","San Felipe del Progreso"
684,0.599989748073116,0.372116125606806,0.822559562478539,NA,"sintetico_postestratificado",FALSE,0.450443436871733,"15","036","Hueypoxtla"
685,0.572598065039821,0.321668694555189,0.790982453509616,NA,"sintetico_postestratificado",FALSE,0.469313758954427,"15","041","Ixtapan del Oro"
686,0.601796164272241,0.356540993031705,0.812672156118119,NA,"sintetico_postestratificado",FALSE,0.456131163086414,"15","085","Temascalcingo"
687,0.579675115007175,0.33278026512239,0.796670761189517,NA,"sintetico_postestratificado",FALSE,0.463890496067127,"15","096","Tequixquiac"
688,0.611651929888672,0.417616976770018,0.765333838914904,12,"muestra_directa",FALSE,0.347716862144887,"15","104","Tlalnepantla de Baz"
689,0.598836593121108,0.357928359572289,0.814886397703329,NA,"sintetico_postestratificado",FALSE,0.45695803813104,"15","076","San Mateo Atenco"
690,0.603977673013217,0.366770876899665,0.820164770278091,NA,"sintetico_postestratificado",FALSE,0.453393893378426,"15","010","Apaxco"
691,0.605885851955508,0.355271890420959,0.821083595424691,NA,"sintetico_postestratificado",FALSE,0.465811705003732,"15","023","Coyotepec"
692,0.71850900342264,0.547305076169455,0.855543643600544,13,"muestra_directa",FALSE,0.308238567431089,"15","025","Chalco"
693,0.585080444733849,0.341416021747209,0.791684604826237,NA,"sintetico_postestratificado",FALSE,0.450268583079028,"15","103","Tlalmanalco"
694,0.686753069816078,0.488027096346555,0.841973777079544,6,"muestra_directa",TRUE,0.353946680732989,"15","100","Tezoyuca"
695,0.594631614745753,0.390232532386122,0.780087952968885,6,"muestra_directa",TRUE,0.389855420582763,"15","040","Ixtapan de la Sal"
696,0.579569617738824,0.338783432909016,0.78866288106307,NA,"sintetico_postestratificado",FALSE,0.449879448154055,"15","107","Tonatico"
697,0.584017119547337,0.317303965605304,0.806061145060788,NA,"sintetico_postestratificado",FALSE,0.488757179455484,"15","052","Malinalco"
698,0.574636588916645,0.435361375545848,0.702613030186603,34,"muestra_directa",FALSE,0.267251654640755,"15","109","Tultitlán"
699,0.552408740094966,0.358445467956007,0.743364139121928,8,"muestra_directa",TRUE,0.384918671165921,"15","012","Atizapán"
700,0.607952168251049,0.368679051943582,0.821445439261589,NA,"sintetico_postestratificado",FALSE,0.452766387318007,"15","014","Atlacomulco"
701,0.549608892746636,0.304165180401152,0.780266235211034,NA,"sintetico_postestratificado",FALSE,0.476101054809882,"15","003","Aculco"
702,0.606533110265644,0.355458955268961,0.812190469301774,NA,"sintetico_postestratificado",FALSE,0.456731514032813,"15","015","Atlautla"
703,0.591967015962867,0.343162751888653,0.808013141730221,NA,"sintetico_postestratificado",FALSE,0.464850389841568,"15","016","Axapusco"
704,0.57781203718318,0.334550351312423,0.798956221230907,NA,"sintetico_postestratificado",FALSE,0.464405869918484,"15","005","Almoloya de Juárez"
705,0.59961568955659,0.391499312373407,0.783458158333086,7,"muestra_directa",TRUE,0.391958845959679,"15","024","Cuautitlán"
706,0.588814454881719,0.347716272533076,0.804791847501515,NA,"sintetico_postestratificado",FALSE,0.457075574968439,"15","008","Amatepec"
707,0.56184808074502,0.351895962313841,0.750041667293833,6,"muestra_directa",TRUE,0.398145704979992,"15","007","Amanalco"
708,0.642370524606147,0.42503316289883,0.824187845102572,5,"muestra_directa",TRUE,0.399154682203742,"15","120","Zumpango"
709,0.61267969103876,0.389090653222872,0.808471967865455,3,"muestra_directa",TRUE,0.419381314642584,"15","042","Ixtlahuaca"
710,0.491650860963157,0.303696139505545,0.700398687377412,6,"muestra_directa",TRUE,0.396702547871867,"15","084","Temascalapa"
711,0.565633876379608,0.326759847013513,0.796610669460581,NA,"sintetico_postestratificado",FALSE,0.469850822447068,"15","047","Jiquipilco"
712,0.593558079852483,0.358760630544931,0.811092177438151,NA,"sintetico_postestratificado",FALSE,0.452331546893219,"15","022","Cocotitlán"
713,0.532815422520807,0.306513161199204,0.738161843831878,3,"muestra_directa",TRUE,0.431648682632674,"15","020","Coacalco de Berriozábal"
714,0.582805635978589,0.351051570715773,0.785117662817803,NA,"sintetico_postestratificado",FALSE,0.43406609210203,"15","062","Ocoyoacac"
715,0.579044675508568,0.347602546081167,0.800531071231305,NA,"sintetico_postestratificado",FALSE,0.452928525150137,"15","050","Juchitepec"
716,0.577534238404251,0.322818171921686,0.807038313440952,NA,"sintetico_postestratificado",FALSE,0.484220141519266,"15","061","Nopaltepec"
717,0.577077524526562,0.334774674726804,0.808463988774952,NA,"sintetico_postestratificado",FALSE,0.473689314048148,"15","101","Tianguistenco"
718,0.687004498918792,0.493590450648126,0.847943074936577,7,"muestra_directa",TRUE,0.354352624288451,"15","057","Naucalpan de Juárez"
719,0.619033851980323,0.42396092583915,0.788757432187854,11,"muestra_directa",FALSE,0.364796506348703,"15","105","Tlatlaya"
720,0.594829002469338,0.440267906487311,0.737653194455844,22,"muestra_directa",FALSE,0.297385287968533,"15","106","Toluca"
721,0.588945124636553,0.332403112637152,0.813245006139607,NA,"sintetico_postestratificado",FALSE,0.480841893502456,"15","116","Zacazonapan"
722,0.57661884896067,0.328420718118964,0.79547363204054,NA,"sintetico_postestratificado",FALSE,0.467052913921576,"15","097","Texcaltitlán"
723,0.580042908862755,0.335644701957125,0.793804229297047,NA,"sintetico_postestratificado",FALSE,0.458159527339922,"15","079","Soyaniquilpan de Juárez"
724,0.438129035874782,0.246064748833857,0.632133032660769,6,"muestra_directa",TRUE,0.386068283826912,"15","119","Zumpahuacán"
725,0.613791509066832,0.406176427196763,0.805964751427101,5,"muestra_directa",TRUE,0.399788324230338,"15","081","Tecámac"
726,0.567884169024789,0.342923280719803,0.764108857163651,2,"muestra_directa",TRUE,0.421185576443849,"15","035","Huehuetoca"
727,0.563559423135027,0.302718960975405,0.790966183920046,NA,"sintetico_postestratificado",FALSE,0.488247222944641,"15","064","El Oro"
728,0.612236375319877,0.372090975082232,0.820453604298413,NA,"sintetico_postestratificado",FALSE,0.448362629216181,"15","083","Temamatla"
729,0.620581460277221,0.388947582100936,0.824188065414519,NA,"sintetico_postestratificado",FALSE,0.435240483313583,"15","102","Timilpan"
730,0.607906019846066,0.368706069276043,0.816443353123419,NA,"sintetico_postestratificado",FALSE,0.447737283847376,"15","087","Temoaya"
731,0.558652434582846,0.31232659699676,0.790355456238322,NA,"sintetico_postestratificado",FALSE,0.478028859241562,"15","066","Otzoloapan"
732,0.577424303620483,0.322118966708652,0.810520255081284,NA,"sintetico_postestratificado",FALSE,0.488401288372632,"15","108","Tultepec"
733,0.575820454685573,0.32818091089485,0.815305209453433,NA,"sintetico_postestratificado",FALSE,0.487124298558583,"15","089","Tenango del Aire"
734,0.611325838544967,0.396646903703304,0.792965749906091,5,"muestra_directa",TRUE,0.396318846202788,"15","051","Lerma"
735,0.582732679288283,0.319575281559229,0.791144856735455,NA,"sintetico_postestratificado",FALSE,0.471569575176226,"15","046","Jilotzingo"
736,0.55515103453811,0.3933424896028,0.697901839436775,23,"muestra_directa",FALSE,0.304559349833975,"15","037","Huixquilucan"
737,0.627424640736542,0.375221809621528,0.82945668187384,NA,"sintetico_postestratificado",FALSE,0.454234872252312,"15","038","Isidro Fabela"
738,0.613799917909024,0.443017919164171,0.76830491340592,19,"muestra_directa",FALSE,0.325286994241749,"15","039","Ixtapaluca"
739,0.588763209951068,0.343366094027569,0.804951891697348,NA,"sintetico_postestratificado",FALSE,0.461585797669779,"15","017","Ayapango"
740,0.566309192641873,0.30615701464137,0.801740557398657,NA,"sintetico_postestratificado",FALSE,0.495583542757286,"15","069","Papalotla"
741,0.578029306362612,0.336375668766761,0.794412138785681,NA,"sintetico_postestratificado",FALSE,0.45803647001892,"15","065","Otumba"
742,0.5942547671215,0.348696317527057,0.808104628618186,NA,"sintetico_postestratificado",FALSE,0.459408311091129,"15","048","Jocotitlán"
743,0.650344895582415,0.468745091009287,0.801832907123505,15,"muestra_directa",FALSE,0.333087816114217,"15","121","Cuautitlán Izcalli"
744,0.569693265859659,0.318319432226252,0.790398534414574,NA,"sintetico_postestratificado",FALSE,0.472079102188321,"15","080","Sultepec"
745,0.53721928403919,0.29273812913399,0.76343442107762,NA,"sintetico_postestratificado",FALSE,0.47069629194363,"15","071","Polotitlán"
746,0.571974305345074,0.314206972109485,0.795273428150185,NA,"sintetico_postestratificado",FALSE,0.481066456040701,"15","075","San Martín de las Pirámides"
747,0.555195344289867,0.32331592380783,0.767121040295105,NA,"sintetico_postestratificado",FALSE,0.443805116487275,"15","072","Rayón"
748,0.596510815011901,0.356288269941823,0.813142792549143,NA,"sintetico_postestratificado",FALSE,0.45685452260732,"15","056","Morelos"
749,0.569790707781883,0.356419477705247,0.754140397885806,6,"muestra_directa",TRUE,0.397720920180559,"15","067","Otzolotepec"
750,0.660204637368989,0.439772179930984,0.845072017431404,5,"muestra_directa",TRUE,0.40529983750042,"15","088","Tenancingo"
751,0.72534459189671,0.541574201672291,0.874783074053616,7,"muestra_directa",TRUE,0.333208872381325,"15","070","La Paz"
752,0.592725486847464,0.341147284082949,0.807638241208277,NA,"sintetico_postestratificado",FALSE,0.466490957125328,"15","078","Santo Tomás"
753,0.601709058082679,0.341969430228643,0.819476033363691,NA,"sintetico_postestratificado",FALSE,0.477506603135048,"15","111","Villa de Allende"
754,0.586663949018201,0.315469461143503,0.800328811717098,NA,"sintetico_postestratificado",FALSE,0.484859350573594,"15","112","Villa del Carbón"
755,0.562386286573013,0.304801610825687,0.791112846308894,NA,"sintetico_postestratificado",FALSE,0.486311235483207,"15","091","Teoloyucan"
756,0.592468320153716,0.339173042952197,0.818948722019114,NA,"sintetico_postestratificado",FALSE,0.479775679066918,"15","113","Villa Guerrero"
757,0.573291166810809,0.327241342798749,0.794277814820406,NA,"sintetico_postestratificado",FALSE,0.467036472021657,"15","006","Almoloya del Río"
758,0.577352814920357,0.324353434952975,0.792876368279019,NA,"sintetico_postestratificado",FALSE,0.468522933326044,"15","123","Luvianos"
759,0.653112191673816,0.447563531605608,0.83433582128578,3,"muestra_directa",TRUE,0.386772289680172,"15","099","Texcoco"
760,0.6314214134243,0.454806600246211,0.781282740559672,14,"muestra_directa",FALSE,0.326476140313461,"15","060","Nicolás Romero"
761,0.551305797486293,0.364844900793758,0.736002005127941,12,"muestra_directa",FALSE,0.371157104334183,"15","122","Valle de Chalco Solidaridad"
762,0.588653785370006,0.347740532342919,0.805513745127412,NA,"sintetico_postestratificado",FALSE,0.457773212784492,"15","044","Jaltenco"
763,0.592503610879126,0.344425900915692,0.806039375697348,NA,"sintetico_postestratificado",FALSE,0.461613474781656,"15","110","Valle de Bravo"
764,0.613977224506257,0.354878209617056,0.818096804147471,NA,"sintetico_postestratificado",FALSE,0.463218594530416,"15","045","Jilotepec"
765,0.556977611988616,0.319306976107638,0.790893337230247,NA,"sintetico_postestratificado",FALSE,0.471586361122609,"15","098","Texcalyacac"
766,0.531834915962122,0.312793692264221,0.728220430309759,5,"muestra_directa",TRUE,0.415426738045538,"15","115","Xonacatlán"
767,0.596895116068162,0.356947538264616,0.808284167792291,NA,"sintetico_postestratificado",FALSE,0.451336629527675,"15","117","Zacualpan"
768,0.574634287939761,0.325044966193352,0.793580177967545,NA,"sintetico_postestratificado",FALSE,0.468535211774192,"15","124","San José del Rincón"
769,0.59630655385797,0.365693862860304,0.811415148212165,NA,"sintetico_postestratificado",FALSE,0.445721285351861,"15","029","Chicoloapan"
770,0.766896832942634,0.629145979762881,0.876897889585614,27,"muestra_directa",FALSE,0.247751909822733,"15","058","Nezahualcóyotl"
771,0.608047382581725,0.416466967002201,0.785880439366294,8,"muestra_directa",TRUE,0.369413472364093,"15","092","Teotihuacán"
772,0.546994146364281,0.300307200863265,0.779521616797502,NA,"sintetico_postestratificado",FALSE,0.479214415934238,"15","077","San Simón de Guerrero"
773,0.556888394397028,0.313848857635029,0.788893314023225,NA,"sintetico_postestratificado",FALSE,0.475044456388196,"15","055","Mexicaltzingo"
774,0.60961505576744,0.42668497778864,0.779365202601337,10,"muestra_directa",FALSE,0.352680224812697,"15","054","Metepec"
775,0.606419059978494,0.3763336557873,0.818249869468108,NA,"sintetico_postestratificado",FALSE,0.441916213680808,"15","049","Joquicingo"
776,0.414148277309808,0.240167585854648,0.61098932732248,9,"muestra_directa",TRUE,0.370821741467832,"15","026","Chapa de Mota"
777,0.626536978718748,0.43626764167296,0.796135417146997,9,"muestra_directa",TRUE,0.359867775474037,"15","001","Acambay de Ruíz Castañeda"
778,0.652278350532835,0.420002175202781,0.837775197305745,4,"muestra_directa",TRUE,0.417773022102964,"15","059","Nextlalpan"
779,0.569050055251883,0.335140061921541,0.801356924183838,NA,"sintetico_postestratificado",FALSE,0.466216862262298,"15","086","Temascaltepec"
780,0.587604013439068,0.359478328663137,0.809963555610854,NA,"sintetico_postestratificado",FALSE,0.450485226947717,"15","053","Melchor Ocampo"
781,0.607445348200782,0.363993759588964,0.819499935934723,NA,"sintetico_postestratificado",FALSE,0.455506176345759,"15","090","Tenango del Valle"
782,0.611894442276206,0.350473092961695,0.830025162937692,NA,"sintetico_postestratificado",FALSE,0.479552069975998,"15","032","Donato Guerra"
783,0.582253277549176,0.35352604232045,0.787419756032782,NA,"sintetico_postestratificado",FALSE,0.433893713712333,"15","125","Tonanitla"
784,0.569160733491685,0.332462406479576,0.792604792679613,NA,"sintetico_postestratificado",FALSE,0.460142386200036,"15","114","Villa Victoria"
785,0.545275186450076,0.291106389768941,0.769304819121432,NA,"sintetico_postestratificado",FALSE,0.478198429352491,"15","093","Tepetlaoxtoc"
786,0.559382589295735,0.306956020072456,0.784123594442785,NA,"sintetico_postestratificado",FALSE,0.477167574370329,"15","063","Ocuilan"
787,0.567214018460602,0.336781557532424,0.776068618488827,NA,"sintetico_postestratificado",FALSE,0.439287060956403,"15","073","San Antonio la Isla"
788,0.645631363060265,0.520476105193429,0.751118395560709,55,"muestra_directa",FALSE,0.230642290367281,"15","033","Ecatepec de Morelos"
789,0.683242099103139,0.502875297442593,0.829231463115669,12,"muestra_directa",FALSE,0.326356165673077,"15","013","Atizapán de Zaragoza"
790,0.614823295092347,0.362273124402472,0.829853831031469,NA,"sintetico_postestratificado",FALSE,0.467580706628997,"15","027","Chapultepec"
791,0.58477087171274,0.328363786600888,0.796672031564694,NA,"sintetico_postestratificado",FALSE,0.468308244963806,"15","018","Calimaya"
792,0.683110151923841,0.49501325131556,0.844510997689696,9,"muestra_directa",TRUE,0.349497746374136,"15","009","Amecameca"
793,0.555600841561268,0.375929310739468,0.737307558272771,15,"muestra_directa",FALSE,0.361378247533303,"15","031","Chimalhuacán"
794,0.545059651830367,0.29910865727147,0.79395675268478,NA,"sintetico_postestratificado",FALSE,0.49484809541331,"15","043","Xalatlaco"
795,0.580939337831453,0.370263691142669,0.772707034361859,5,"muestra_directa",TRUE,0.40244334321919,"15","095","Tepotzotlán"
796,0.55424666294345,0.314226005011354,0.786175813910528,NA,"sintetico_postestratificado",FALSE,0.471949808899174,"16","074","Cojumatlán de Régules"
797,0.598220681309007,0.359602051906957,0.819902980168312,NA,"sintetico_postestratificado",FALSE,0.460300928261355,"16","090","Tingambato"
798,0.570751201562262,0.335790943749719,0.788723061584095,NA,"sintetico_postestratificado",FALSE,0.452932117834376,"16","002","Aguililla"
799,0.559730012471059,0.326442966898389,0.791258751934184,NA,"sintetico_postestratificado",FALSE,0.464815785035795,"16","003","Álvaro Obregón"
800,0.551215213488203,0.31167486869704,0.78129901166743,NA,"sintetico_postestratificado",FALSE,0.46962414297039,"16","004","Angamacutiro"
801,0.548099364433657,0.297846055101399,0.788954491773018,NA,"sintetico_postestratificado",FALSE,0.491108436671619,"16","005","Angangueo"
802,0.5424847036392,0.333663457226271,0.734519364875815,5,"muestra_directa",TRUE,0.400855907649544,"16","006","Apatzingán"
803,0.534043717578779,0.291571603947815,0.768447999235162,NA,"sintetico_postestratificado",FALSE,0.476876395287347,"16","007","Aporo"
804,0.581318775077936,0.330599665535961,0.808099386175886,NA,"sintetico_postestratificado",FALSE,0.477499720639925,"16","008","Aquila"
805,0.577216533444168,0.362286339481211,0.806264582429932,NA,"sintetico_postestratificado",FALSE,0.44397824294872,"16","009","Ario"
806,0.5764411592862,0.323637749060124,0.793560290585517,NA,"sintetico_postestratificado",FALSE,0.469922541525393,"16","096","Tumbiscatío"
807,0.567331779456644,0.329761919087486,0.79542929005503,NA,"sintetico_postestratificado",FALSE,0.465667370967544,"16","097","Turicato"
808,0.521624761589634,0.272511915385171,0.751583623553052,NA,"sintetico_postestratificado",FALSE,0.479071708167881,"16","106","Yurécuaro"
809,0.664010383160829,0.47137172966127,0.827244853007762,9,"muestra_directa",TRUE,0.355873123346492,"16","107","Zacapu"
810,0.580431550331485,0.339643198084975,0.800354886010432,NA,"sintetico_postestratificado",FALSE,0.460711687925457,"16","108","Zamora"
811,0.543934880032955,0.302819472370988,0.775805411892142,NA,"sintetico_postestratificado",FALSE,0.472985939521154,"16","109","Zináparo"
812,0.573752477073631,0.321437021302402,0.797828331635458,NA,"sintetico_postestratificado",FALSE,0.476391310333056,"16","110","Zinapécuaro"
813,0.567024963608951,0.323159119773347,0.787354281066224,NA,"sintetico_postestratificado",FALSE,0.464195161292877,"16","010","Arteaga"
814,0.536280061308665,0.298043143557436,0.779384612557791,NA,"sintetico_postestratificado",FALSE,0.481341469000356,"16","011","Briseñas"
815,0.586160698236661,0.325593095214098,0.805801332796167,NA,"sintetico_postestratificado",FALSE,0.48020823758207,"16","098","Tuxpan"
816,0.586533882046295,0.340900299280638,0.802694043718826,NA,"sintetico_postestratificado",FALSE,0.461793744438188,"16","031","Epitacio Huerta"
817,0.575589260854545,0.340790570779423,0.78990415678465,NA,"sintetico_postestratificado",FALSE,0.449113586005227,"16","032","Erongarícuaro"
818,0.573922487289268,0.312767931488965,0.795643998448898,NA,"sintetico_postestratificado",FALSE,0.482876066959933,"16","077","San Lucas"
819,0.628068664706083,0.408086838401348,0.815890871863256,4,"muestra_directa",TRUE,0.407804033461907,"16","099","Tuzantla"
820,0.511584499661612,0.277132415686463,0.744337463212211,NA,"sintetico_postestratificado",FALSE,0.467205047525748,"16","001","Acuitzio"
821,0.469220108388774,0.281191769091699,0.658288139436358,7,"muestra_directa",TRUE,0.377096370344659,"16","043","Jacona"
822,0.526336391981833,0.294494089284677,0.761552335158541,NA,"sintetico_postestratificado",FALSE,0.467058245873864,"16","044","Jiménez"
823,0.543914256288595,0.302099510483102,0.768021124185531,NA,"sintetico_postestratificado",FALSE,0.465921613702429,"16","045","Jiquilpan"
824,0.602225819587619,0.399821806806521,0.781144024297792,9,"muestra_directa",TRUE,0.381322217491271,"16","012","Buenavista"
825,0.562249002486197,0.311983857548592,0.782320690262326,NA,"sintetico_postestratificado",FALSE,0.470336832713734,"16","013","Carácuaro"
826,0.521034264767649,0.27109272252306,0.771351479829559,NA,"sintetico_postestratificado",FALSE,0.500258757306499,"16","021","Charapan"
827,0.527227849399636,0.282322295964272,0.767877323576419,NA,"sintetico_postestratificado",FALSE,0.485555027612147,"16","020","Cuitzeo"
828,0.536899992643771,0.353969884545909,0.71309554685013,12,"muestra_directa",FALSE,0.35912566230422,"16","019","Cotija"
829,0.556375530235155,0.329676287911044,0.758444520968849,NA,"sintetico_postestratificado",FALSE,0.428768233057805,"16","018","Copándaro"
830,0.545791892607133,0.301296768887192,0.769610873193712,NA,"sintetico_postestratificado",FALSE,0.46831410430652,"16","087","Taretan"
831,0.552600397532257,0.305127444616602,0.786356157905273,NA,"sintetico_postestratificado",FALSE,0.481228713288672,"16","086","Tanhuato"
832,0.566210547346171,0.343977261585343,0.773664846773419,NA,"sintetico_postestratificado",FALSE,0.429687585188076,"16","072","Queréndaro"
833,0.595169311852961,0.349998544081573,0.80049869847172,NA,"sintetico_postestratificado",FALSE,0.450500154390146,"16","067","Penjamillo"
834,0.555701275579777,0.301939745341206,0.77403309574175,NA,"sintetico_postestratificado",FALSE,0.472093350400544,"16","022","Charo"
835,0.567946416106946,0.334542862189216,0.789631566135166,NA,"sintetico_postestratificado",FALSE,0.45508870394595,"16","079","Salvador Escalante"
836,0.548058731361451,0.299749259350921,0.755902012481527,NA,"sintetico_postestratificado",FALSE,0.456152753130605,"16","078","Santa Ana Maya"
837,0.572993672864795,0.346101804647112,0.788719572947393,2,"muestra_directa",TRUE,0.442617768300282,"16","075","Los Reyes"
838,0.531324884020059,0.284333703390761,0.766627797191411,NA,"sintetico_postestratificado",FALSE,0.482294093800651,"16","076","Sahuayo"
839,0.589534910265975,0.373160777011297,0.793310847637469,4,"muestra_directa",TRUE,0.420150070626172,"16","033","Gabriel Zamora"
840,0.548596366526633,0.317317907275135,0.773643109595217,NA,"sintetico_postestratificado",FALSE,0.456325202320082,"16","035","La Huacana"
841,0.55064950837048,0.324021345426255,0.784054186728986,NA,"sintetico_postestratificado",FALSE,0.460032841302731,"16","036","Huandacareo"
842,0.551809075448724,0.303728413450956,0.772694428610184,NA,"sintetico_postestratificado",FALSE,0.468966015159228,"16","037","Huaniqueo"
843,0.565195369304794,0.322582772801176,0.796296303081252,NA,"sintetico_postestratificado",FALSE,0.473713530280076,"16","038","Huetamo"
844,0.551362276131532,0.308783217781142,0.776672299799582,NA,"sintetico_postestratificado",FALSE,0.467889082018441,"16","039","Huiramba"
845,0.559123880747724,0.314319929988337,0.787716737987197,NA,"sintetico_postestratificado",FALSE,0.47339680799886,"16","040","Indaparapeo"
846,0.548739797455272,0.302548446972587,0.777888877714758,NA,"sintetico_postestratificado",FALSE,0.47534043074217,"16","041","Irimbo"
847,0.545037161012072,0.295511631831741,0.781202034774705,NA,"sintetico_postestratificado",FALSE,0.485690402942964,"16","042","Ixtlán"
848,0.582048434563517,0.345586286013136,0.800310806655058,NA,"sintetico_postestratificado",FALSE,0.454724520641922,"16","049","Madero"
849,0.557952806173898,0.289553700452148,0.793107655668064,NA,"sintetico_postestratificado",FALSE,0.503553955215917,"16","050","Maravatío"
850,0.491594332169375,0.282648668314243,0.696290956142856,6,"muestra_directa",TRUE,0.413642287828614,"16","051","Marcos Castellanos"
851,0.725062622781007,0.580578851404197,0.852361294884948,15,"muestra_directa",FALSE,0.271782443480751,"16","052","Lázaro Cárdenas"
852,0.477446451811593,0.328553433050168,0.620880971361413,28,"muestra_directa",FALSE,0.292327538311245,"16","053","Morelia"
853,0.545109298221301,0.320436693335856,0.767369714738765,NA,"sintetico_postestratificado",FALSE,0.446933021402909,"16","014","Coahuayana"
854,0.523918413274568,0.321109219389936,0.720643627208422,7,"muestra_directa",TRUE,0.399534407818486,"16","015","Coalcomán de Vázquez Pallares"
855,0.574390278396349,0.338523993979277,0.792448164915086,NA,"sintetico_postestratificado",FALSE,0.45392417093581,"16","016","Coeneo"
856,0.569479838845523,0.321655341134635,0.791932993536309,NA,"sintetico_postestratificado",FALSE,0.470277652401674,"16","017","Contepec"
857,0.56305183142864,0.316994871406153,0.793742355664718,NA,"sintetico_postestratificado",FALSE,0.476747484258566,"16","083","Tancítaro"
858,0.527923244549319,0.378490843994394,0.677992514379612,24,"muestra_directa",FALSE,0.299501670385218,"16","082","Tacámbaro"
859,0.561237528430525,0.32033763304341,0.777031830827864,NA,"sintetico_postestratificado",FALSE,0.456694197784455,"16","081","Susupuato"
860,0.585069069045158,0.345185520399306,0.805005744647214,NA,"sintetico_postestratificado",FALSE,0.459820224247908,"16","056","Nahuatzen"
861,0.58195233359817,0.327475989793562,0.803148115505728,NA,"sintetico_postestratificado",FALSE,0.475672125712166,"16","080","Senguio"
862,0.553104738636155,0.319753279905438,0.781320806856377,NA,"sintetico_postestratificado",FALSE,0.461567526950939,"16","057","Nocupétaro"
863,0.557163092409144,0.304137180711427,0.798342224012704,NA,"sintetico_postestratificado",FALSE,0.494205043301277,"16","034","Hidalgo"
864,0.571191242267022,0.32174022442571,0.801049468161913,NA,"sintetico_postestratificado",FALSE,0.479309243736202,"16","058","Nuevo Parangaricutiro"
865,0.592547774614384,0.360124359536666,0.81135676334465,NA,"sintetico_postestratificado",FALSE,0.451232403807984,"16","059","Nuevo Urecho"
866,0.570680357449416,0.32683320632048,0.808619971533157,NA,"sintetico_postestratificado",FALSE,0.481786765212677,"16","060","Numarán"
867,0.463344321795993,0.272344464154697,0.661526925586244,8,"muestra_directa",TRUE,0.389182461431547,"16","062","Pajacuarán"
868,0.582912899408772,0.322554826675514,0.814209823926239,NA,"sintetico_postestratificado",FALSE,0.491654997250725,"16","063","Panindícuaro"
869,0.579862296850761,0.323673441005903,0.793364329754299,NA,"sintetico_postestratificado",FALSE,0.469690888748396,"16","064","Parácuaro"
870,0.563266115598799,0.327031350803476,0.765561193119992,NA,"sintetico_postestratificado",FALSE,0.438529842316516,"16","105","Vista Hermosa"
871,0.55629698966072,0.304988975035569,0.777276370767377,NA,"sintetico_postestratificado",FALSE,0.472287395731808,"16","065","Paracho"
872,0.570663120115386,0.337960137923896,0.778742380307283,NA,"sintetico_postestratificado",FALSE,0.440782242383387,"16","089","Tepalcatepec"
873,0.476956454101983,0.267725426355389,0.69011904857062,5,"muestra_directa",TRUE,0.422393622215232,"16","061","Ocampo"
874,0.566459694092657,0.310223119530799,0.793471785679661,NA,"sintetico_postestratificado",FALSE,0.483248666148862,"16","055","Múgica"
875,0.562732177748323,0.315161193673362,0.787941076373497,NA,"sintetico_postestratificado",FALSE,0.472779882700134,"16","054","Morelos"
876,0.54580782138336,0.322335429992159,0.780934068615394,NA,"sintetico_postestratificado",FALSE,0.458598638623235,"16","030","Ecuandureo"
877,0.659652115255114,0.461275945365601,0.842520558138236,5,"muestra_directa",TRUE,0.381244612772634,"16","029","Churumuco"
878,0.564480142306873,0.340891356458754,0.774421861001559,NA,"sintetico_postestratificado",FALSE,0.433530504542804,"16","028","Churintzio"
879,0.556197359936397,0.311496097924674,0.780588095866176,NA,"sintetico_postestratificado",FALSE,0.469091997941502,"16","027","Chucándiro"
880,0.566153373820988,0.315596748882632,0.801397918668716,NA,"sintetico_postestratificado",FALSE,0.485801169786083,"16","026","Chinicuila"
881,0.551034265296161,0.294932231156402,0.788589961894135,NA,"sintetico_postestratificado",FALSE,0.493657730737733,"16","025","Chilchota"
882,0.55639501966139,0.299433927704182,0.781791107097784,NA,"sintetico_postestratificado",FALSE,0.482357179393602,"16","024","Cherán"
883,0.542958926127089,0.34421488397225,0.745460163448942,5,"muestra_directa",TRUE,0.401245279476692,"16","023","Chavinda"
884,0.580302349378295,0.335393443841112,0.802181676167361,NA,"sintetico_postestratificado",FALSE,0.466788232326248,"16","066","Pátzcuaro"
885,0.658100031730546,0.439449998528441,0.828177742499488,6,"muestra_directa",TRUE,0.388727743971047,"16","068","Peribán"
886,0.615170604639847,0.376715962042357,0.809838572227735,3,"muestra_directa",TRUE,0.433122610185378,"16","069","La Piedad"
887,0.570444030781196,0.309345494641981,0.790422387169341,NA,"sintetico_postestratificado",FALSE,0.48107689252736,"16","070","Purépero"
888,0.589627288753767,0.333127011312302,0.805667753812694,NA,"sintetico_postestratificado",FALSE,0.472540742500392,"16","071","Puruándiro"
889,0.585247307130142,0.348081319225358,0.800757282489758,2,"muestra_directa",TRUE,0.4526759632644,"16","073","Quiroga"
890,0.568085222906311,0.32742615296638,0.803455117574155,NA,"sintetico_postestratificado",FALSE,0.476028964607775,"16","091","Tingüindín"
891,0.57768287126096,0.320490181705693,0.801523821191952,NA,"sintetico_postestratificado",FALSE,0.48103363948626,"16","113","José Sixto Verduzco"
892,0.460990030230277,0.267231801500325,0.661425119479424,7,"muestra_directa",TRUE,0.394193317979099,"16","112","Zitácuaro"
893,0.598351720320368,0.352095535266065,0.818425629352615,NA,"sintetico_postestratificado",FALSE,0.46633009408655,"16","085","Tangancícuaro"
894,0.588038957751328,0.399444876798769,0.763486335718777,7,"muestra_directa",TRUE,0.364041458920008,"16","088","Tarímbaro"
895,0.587466637521398,0.353889033171217,0.799799963769877,NA,"sintetico_postestratificado",FALSE,0.445910930598661,"16","092","Tiquicheo de Nicolás Romero"
896,0.560079103493263,0.310790249722033,0.778313200167848,NA,"sintetico_postestratificado",FALSE,0.467522950445815,"16","093","Tlalpujahua"
897,0.621768081611412,0.37074879227621,0.819027931246813,NA,"sintetico_postestratificado",FALSE,0.448279138970603,"16","111","Ziracuaretiro"
898,0.5743682083325,0.310719604065828,0.793449571855839,NA,"sintetico_postestratificado",FALSE,0.482729967790011,"16","101","Tzitzio"
899,0.582284595673097,0.338630203087799,0.80120323517427,NA,"sintetico_postestratificado",FALSE,0.462573032086471,"16","100","Tzintzuntzan"
900,0.577654738443379,0.342792975791103,0.796321716409256,NA,"sintetico_postestratificado",FALSE,0.453528740618152,"16","095","Tocumbo"
901,0.590526087440762,0.350937599559751,0.808950547940851,NA,"sintetico_postestratificado",FALSE,0.458012948381099,"16","084","Tangamandapio"
902,0.568162552938493,0.377673362523432,0.742428073520438,8,"muestra_directa",TRUE,0.364754710997006,"16","102","Uruapan"
903,0.597946858308034,0.356277212142082,0.806331461699535,NA,"sintetico_postestratificado",FALSE,0.450054249557452,"16","103","Venustiano Carranza"
904,0.590810392702146,0.328373499959996,0.801702904819008,NA,"sintetico_postestratificado",FALSE,0.473329404859012,"16","104","Villamar"
905,0.60356000126486,0.356289530818293,0.813983653994791,NA,"sintetico_postestratificado",FALSE,0.457694123176498,"16","094","Tlazazalca"
906,0.489802765785577,0.265947074690375,0.712600025481996,4,"muestra_directa",TRUE,0.446652950791621,"16","047","Jungapeo"
907,0.587883375377183,0.34333100857704,0.80210531339761,NA,"sintetico_postestratificado",FALSE,0.45877430482057,"16","046","Juárez"
908,0.582084879856367,0.33920533402764,0.812477763169468,NA,"sintetico_postestratificado",FALSE,0.473272429141828,"16","048","Lagunillas"
909,0.567628451240927,0.30829393256368,0.794708918887646,NA,"sintetico_postestratificado",FALSE,0.486414986323966,"17","002","Atlatlahucan"
910,0.626820010131743,0.45280977067144,0.77896971068835,21,"muestra_directa",FALSE,0.32615994001691,"17","006","Cuautla"
911,0.688401788868469,0.500313411132947,0.850838767317003,10,"muestra_directa",FALSE,0.350525356184056,"17","028","Xochitepec"
912,0.516082770400209,0.259774496949689,0.764658031697139,NA,"sintetico_postestratificado",FALSE,0.50488353474745,"17","022","Tetela del Volcán"
913,0.571961097243192,0.316423207533205,0.802816450153168,NA,"sintetico_postestratificado",FALSE,0.486393242619963,"17","009","Huitzilac"
914,0.54855225397023,0.310372847254547,0.77295839072224,NA,"sintetico_postestratificado",FALSE,0.462585543467692,"17","016","Ocuituco"
915,0.694896962179235,0.52144149903844,0.837329579791186,13,"muestra_directa",FALSE,0.315888080752747,"17","008","Emiliano Zapata"
916,0.545702697068872,0.340196570150106,0.7286476185464,6,"muestra_directa",TRUE,0.388451048396294,"17","003","Axochiapan"
917,0.431421947190442,0.22821603746679,0.648333240547471,5,"muestra_directa",TRUE,0.420117203080682,"17","036","Hueyapan"
918,0.607255457969905,0.364263920019071,0.812948266876559,NA,"sintetico_postestratificado",FALSE,0.448684346857489,"17","035","Xoxocotla"
919,0.615845868242634,0.392997484164696,0.809596649199116,2,"muestra_directa",TRUE,0.41659916503442,"17","025","Tlaquiltenango"
920,0.600649796984292,0.364650432389936,0.808802379686837,NA,"sintetico_postestratificado",FALSE,0.444151947296901,"17","001","Amacuzac"
921,0.59446524237795,0.408520976760577,0.770107510734483,9,"muestra_directa",TRUE,0.361586533973906,"17","020","Tepoztlán"
922,0.565640972790306,0.305928354898148,0.780773828765004,NA,"sintetico_postestratificado",FALSE,0.474845473866856,"17","034","Coatetelco"
923,0.580530868084204,0.346578596648104,0.79793784250458,NA,"sintetico_postestratificado",FALSE,0.451359245856475,"17","027","Totolapan"
924,0.572513952282721,0.343173996251874,0.799123538781061,NA,"sintetico_postestratificado",FALSE,0.455949542529187,"17","030","Yecapixtla"
925,0.578024933375011,0.324645612419847,0.804642824710537,NA,"sintetico_postestratificado",FALSE,0.47999721229069,"17","026","Tlayacapan"
926,0.578359101137653,0.367082675726749,0.76791948628633,8,"muestra_directa",TRUE,0.400836810559581,"17","031","Zacatepec"
927,0.566790996913817,0.315603381440391,0.794099286264761,NA,"sintetico_postestratificado",FALSE,0.47849590482437,"17","021","Tetecala"
928,0.666724906896989,0.491237901003939,0.821303943179618,12,"muestra_directa",FALSE,0.330066042175679,"17","019","Tepalcingo"
929,0.559280394926505,0.317996835971153,0.810215750616815,NA,"sintetico_postestratificado",FALSE,0.492218914645663,"17","023","Tlalnepantla"
930,0.558355703209336,0.324419319141251,0.788771377730673,NA,"sintetico_postestratificado",FALSE,0.464352058589423,"17","017","Puente de Ixtla"
931,0.491983509176788,0.285407314253048,0.687640978973374,6,"muestra_directa",TRUE,0.402233664720326,"17","015","Miacatlán"
932,0.56594961328271,0.316784025579696,0.791118386833755,NA,"sintetico_postestratificado",FALSE,0.474334361254058,"17","013","Jonacatepec de Leandro Valle"
933,0.682182650860087,0.525305524566205,0.812663795474852,26,"muestra_directa",FALSE,0.287358270908647,"17","011","Jiutepec"
934,0.553398513900223,0.298903177735735,0.77651764867716,1,"muestra_directa",TRUE,0.477614470941425,"17","010","Jantetelco"
935,0.569124976594169,0.361400478687552,0.762798523785208,7,"muestra_directa",TRUE,0.401398045097657,"17","018","Temixco"
936,0.525334041309633,0.34094002960487,0.698616625241852,13,"muestra_directa",FALSE,0.357676595636982,"17","029","Yautepec"
937,0.615441544231934,0.374925913095675,0.829519406123846,2,"muestra_directa",TRUE,0.454593493028172,"17","012","Jojutla"
938,0.521306590659517,0.324471283532544,0.707633203081632,9,"muestra_directa",TRUE,0.383161919549089,"17","024","Tlaltizapán de Zapata"
939,0.622705252818118,0.490690444305403,0.744412502187421,39,"muestra_directa",FALSE,0.253722057882018,"17","007","Cuernavaca"
940,0.57601476129887,0.360742495901523,0.778074165005993,4,"muestra_directa",TRUE,0.41733166910447,"17","005","Coatlán del Río"
941,0.699498942004203,0.553133726016871,0.829599624736975,15,"muestra_directa",FALSE,0.276465898720103,"17","004","Ayala"
942,0.589028818251951,0.334348072862465,0.802962365345208,NA,"sintetico_postestratificado",FALSE,0.468614292482743,"17","014","Mazatepec"
943,0.500933352878076,0.285073773987622,0.708929359206601,5,"muestra_directa",TRUE,0.423855585218978,"17","032","Zacualpan de Amilpas"
944,0.588680131837854,0.338108201056299,0.821488849090411,NA,"sintetico_postestratificado",FALSE,0.483380648034112,"17","033","Temoac"
945,0.58441804391322,0.325751446990344,0.795019579950265,NA,"sintetico_postestratificado",FALSE,0.469268132959921,"18","001","Acaponeta"
946,0.52072411276849,0.281803100617333,0.754707238725766,NA,"sintetico_postestratificado",FALSE,0.472904138108433,"18","009","Del Nayar"
947,0.554707791946718,0.309858677869491,0.778020782665713,NA,"sintetico_postestratificado",FALSE,0.468162104796222,"18","010","Rosamorada"
948,0.608768508223944,0.412160247820521,0.788541796049173,8,"muestra_directa",TRUE,0.376381548228652,"18","011","Ruíz"
949,0.468632322910944,0.366068827520791,0.57218567455802,64,"muestra_directa",FALSE,0.20611684703723,"18","017","Tepic"
950,0.559326902338974,0.312911183066799,0.782036702905253,NA,"sintetico_postestratificado",FALSE,0.469125519838455,"18","018","Tuxpan"
951,0.574809450195169,0.341038235493736,0.789213587956216,NA,"sintetico_postestratificado",FALSE,0.44817535246248,"18","019","La Yesca"
952,0.405986773727285,0.222414994447837,0.610420023315469,9,"muestra_directa",TRUE,0.388005028867633,"18","004","Compostela"
953,0.515958330585103,0.309442763382982,0.734201235175888,5,"muestra_directa",TRUE,0.424758471792906,"18","013","San Pedro Lagunillas"
954,0.660267404641017,0.457872366992527,0.825727579358739,9,"muestra_directa",TRUE,0.367855212366212,"18","008","Xalisco"
955,0.581402723018011,0.342288227819542,0.802869525776565,NA,"sintetico_postestratificado",FALSE,0.460581297957023,"18","005","Huajicori"
956,0.610936649784115,0.449433479000216,0.757006674242636,21,"muestra_directa",FALSE,0.307573195242419,"18","006","Ixtlán del Río"
957,0.608073326199567,0.372001805039483,0.803721514182763,1,"muestra_directa",TRUE,0.43171970914328,"18","007","Jala"
958,0.550329411983832,0.366756706708758,0.722509244978968,13,"muestra_directa",FALSE,0.35575253827021,"18","014","Santa María del Oro"
959,0.552714466268553,0.382591230330462,0.702027251525523,15,"muestra_directa",FALSE,0.319436021195061,"18","015","Santiago Ixcuintla"
960,0.480715172783023,0.27659300665515,0.692436821411073,4,"muestra_directa",TRUE,0.415843814755923,"18","016","Tecuala"
961,0.554086380374382,0.317388028209467,0.778384528553228,NA,"sintetico_postestratificado",FALSE,0.46099650034376,"18","003","Amatlán de Cañas"
962,0.571179320652514,0.310271692865598,0.794242997401875,NA,"sintetico_postestratificado",FALSE,0.483971304536277,"18","012","San Blas"
963,0.472832341601554,0.293734421880148,0.661727820665212,11,"muestra_directa",FALSE,0.367993398785064,"18","020","Bahía de Banderas"
964,0.496560107767446,0.300148191498005,0.694527044341276,8,"muestra_directa",TRUE,0.394378852843271,"18","002","Ahuacatlán"
965,0.552237630129237,0.285270452203925,0.800242500623627,NA,"sintetico_postestratificado",FALSE,0.514972048419701,"19","029","Hualahuises"
966,0.406580250694163,0.261650946613924,0.557587733068552,24,"muestra_directa",FALSE,0.295936786454628,"19","048","Santa Catarina"
967,0.573798986640381,0.362739280932753,0.774627662408825,5,"muestra_directa",TRUE,0.411888381476072,"19","044","Sabinas Hidalgo"
968,0.586498531638359,0.32486599805574,0.817112535370203,NA,"sintetico_postestratificado",FALSE,0.492246537314462,"19","042","Los Ramones"
969,0.528422821060191,0.295125439083091,0.765467476209056,NA,"sintetico_postestratificado",FALSE,0.470342037125965,"19","023","General Treviño"
970,0.583228496566877,0.339654978514171,0.806895461660239,NA,"sintetico_postestratificado",FALSE,0.467240483146067,"19","022","General Terán"
971,0.562544219312908,0.35806309265073,0.746384655173118,7,"muestra_directa",TRUE,0.388321562522388,"19","047","Hidalgo"
972,0.628878548130279,0.396918208258031,0.805234114906163,7,"muestra_directa",TRUE,0.408315906648132,"19","049","Santiago"
973,0.639183402769833,0.448751450094633,0.808759369674889,11,"muestra_directa",FALSE,0.360007919580256,"19","009","Cadereyta Jiménez"
974,0.517992904816822,0.355852291458981,0.68696289823482,14,"muestra_directa",FALSE,0.33111060677584,"19","032","Lampazos de Naranjo"
975,0.464008526586114,0.323545660776822,0.608485698135532,33,"muestra_directa",FALSE,0.28494003735871,"19","031","Juárez"
976,0.601017111611162,0.346589093723315,0.815813674087988,NA,"sintetico_postestratificado",FALSE,0.469224580364672,"19","027","Los Herreras"
977,0.55050487754348,0.301306430270514,0.77898539425119,NA,"sintetico_postestratificado",FALSE,0.477678963980676,"19","020","General Bravo"
978,0.470858783894825,0.265718533056015,0.663679214704281,5,"muestra_directa",TRUE,0.397960681648265,"19","041","Pesquería"
979,0.560207211454902,0.305992085693822,0.782163080861496,NA,"sintetico_postestratificado",FALSE,0.476170995167674,"19","040","Parás"
980,0.413876767594745,0.321262085941681,0.511607983340563,86,"muestra_directa",FALSE,0.190345897398882,"19","039","Monterrey"
981,0.658130209707659,0.524537170995393,0.78402948679401,37,"muestra_directa",FALSE,0.259492315798617,"19","046","San Nicolás de los Garza"
982,0.618935837142405,0.375026287604922,0.826838776127425,1,"muestra_directa",TRUE,0.451812488522503,"19","019","San Pedro Garza García"
983,0.529761457945993,0.277917717038174,0.759876604924039,NA,"sintetico_postestratificado",FALSE,0.481958887885864,"19","037","Mina"
984,0.557340894491714,0.313281914980095,0.782785031088435,NA,"sintetico_postestratificado",FALSE,0.46950311610834,"19","010","El Carmen"
985,0.558995462431347,0.444337948497003,0.668478190426864,49,"muestra_directa",FALSE,0.224140241929861,"19","021","General Escobedo"
986,0.585897094731896,0.433770727529109,0.726874719721465,24,"muestra_directa",FALSE,0.293103992192355,"19","012","Ciénega de Flores"
987,0.5279317121944,0.293288487151264,0.751469237917609,NA,"sintetico_postestratificado",FALSE,0.458180750766345,"19","002","Agualeguas"
988,0.556086669276008,0.314293406525366,0.77930882142376,NA,"sintetico_postestratificado",FALSE,0.465015414898394,"19","005","Anáhuac"
989,0.548878105136918,0.304201886292632,0.770585257497789,NA,"sintetico_postestratificado",FALSE,0.466383371205157,"19","024","General Zaragoza"
990,0.643986753292712,0.530929058265379,0.758127400238759,67,"muestra_directa",FALSE,0.22719834197338,"19","026","Guadalupe"
991,0.475187621790148,0.231059611947975,0.717085849592655,NA,"sintetico_postestratificado",FALSE,0.48602623764468,"19","003","Los Aldamas"
992,0.551802469309955,0.30443319088179,0.78160879470045,NA,"sintetico_postestratificado",FALSE,0.47717560381866,"19","004","Allende"
993,0.517885849535045,0.279786738202075,0.741360486524485,NA,"sintetico_postestratificado",FALSE,0.46157374832241,"19","025","General Zuazua"
994,0.527655409090025,0.286939945741106,0.753423784994968,NA,"sintetico_postestratificado",FALSE,0.466483839253862,"19","015","Doctor Coss"
995,0.594183832775891,0.387719905726517,0.773525624714727,7,"muestra_directa",TRUE,0.38580571898821,"19","007","Aramberri"
996,0.551531263996693,0.380808574706762,0.697842734206163,20,"muestra_directa",FALSE,0.3170341594994,"19","018","García"
997,0.547507862692116,0.310737978881642,0.78225243081504,NA,"sintetico_postestratificado",FALSE,0.471514451933399,"19","051","Villaldama"
998,0.406768519746035,0.299493226167598,0.519889898104425,49,"muestra_directa",FALSE,0.220396671936827,"19","006","Apodaca"
999,0.551220357553016,0.306219050169107,0.791735808572473,NA,"sintetico_postestratificado",FALSE,0.485516758403366,"19","011","Cerralvo"
1000,0.551606474372852,0.303188496636459,0.777886195854343,NA,"sintetico_postestratificado",FALSE,0.474697699217884,"19","001","Abasolo"
1001,0.562612122062317,0.333463852050703,0.791606672725015,NA,"sintetico_postestratificado",FALSE,0.458142820674312,"19","017","Galeana"
1002,0.538600653226282,0.296844591413159,0.774865806864762,NA,"sintetico_postestratificado",FALSE,0.478021215451602,"19","016","Doctor González"
1003,0.553868755198294,0.319578131981346,0.777843115264882,NA,"sintetico_postestratificado",FALSE,0.458264983283536,"19","050","Vallecillo"
1004,0.554002087028905,0.324185102557798,0.785087388664488,NA,"sintetico_postestratificado",FALSE,0.46090228610669,"19","034","Marín"
1005,0.542144553056283,0.294360001972867,0.783404256085057,NA,"sintetico_postestratificado",FALSE,0.48904425411219,"19","035","Melchor Ocampo"
1006,0.520768170271372,0.275258154904652,0.75497687921183,NA,"sintetico_postestratificado",FALSE,0.479718724307178,"19","028","Higueras"
1007,0.422819115650621,0.207656452497068,0.658041252598409,2,"muestra_directa",TRUE,0.450384800101341,"19","033","Linares"
1008,0.560764698387673,0.318551471127495,0.799223330299463,NA,"sintetico_postestratificado",FALSE,0.480671859171968,"19","036","Mier y Noriega"
1009,0.546819931214214,0.303109030431493,0.77430991922683,NA,"sintetico_postestratificado",FALSE,0.471200888795337,"19","043","Rayones"
1010,0.561655997576018,0.298970642556128,0.78513808253878,NA,"sintetico_postestratificado",FALSE,0.486167439982652,"19","014","Doctor Arroyo"
1011,0.535463693481062,0.311710907568573,0.766066084580257,NA,"sintetico_postestratificado",FALSE,0.454355177011685,"19","038","Montemorelos"
1012,0.560292880618692,0.300476911366872,0.803734948557803,NA,"sintetico_postestratificado",FALSE,0.503258037190931,"19","008","Bustamante"
1013,0.557587041095623,0.327222223531502,0.771502179250042,NA,"sintetico_postestratificado",FALSE,0.444279955718541,"19","013","China"
1014,0.532061705042467,0.281240500875025,0.769749335399962,NA,"sintetico_postestratificado",FALSE,0.488508834524938,"19","045","Salinas Victoria"
1015,0.577151477919857,0.325220143607979,0.794257830622063,NA,"sintetico_postestratificado",FALSE,0.469037687014083,"19","030","Iturbide"
1016,0.532579624723066,0.295278796197825,0.767070348611329,NA,"sintetico_postestratificado",FALSE,0.471791552413504,"20","125","San Carlos Yautepec"
1017,0.582863056326406,0.332327554928265,0.807951585417227,NA,"sintetico_postestratificado",FALSE,0.475624030488962,"20","481","Santiago Nuyoó"
1018,0.58175658035766,0.325605936227606,0.799423759352924,NA,"sintetico_postestratificado",FALSE,0.473817823125318,"20","517","Santo Domingo Tepuxtepec"
1019,0.440787265456719,0.223974441210092,0.692399022328466,NA,"sintetico_postestratificado",FALSE,0.468424581118374,"20","524","Santo Domingo Yodohino"
1020,0.529341375077774,0.272079497546179,0.762171915595249,NA,"sintetico_postestratificado",FALSE,0.49009241804907,"20","378","Santa Cruz Mixtepec"
1021,0.54284118551626,0.311751331809546,0.753327518801169,NA,"sintetico_postestratificado",FALSE,0.441576186991623,"20","054","Magdalena Zahuatlán"
1022,0.59426801068951,0.341388982358516,0.815182258717516,NA,"sintetico_postestratificado",FALSE,0.473793276359,"20","542","Taniche"
1023,0.605539358149622,0.355965893697682,0.822285056129189,NA,"sintetico_postestratificado",FALSE,0.466319162431508,"20","237","San Marcos Arteaga"
1024,0.536336986099582,0.285106769403791,0.761320429768343,NA,"sintetico_postestratificado",FALSE,0.476213660364551,"20","489","Santiago Tetepec"
1025,0.566569795526674,0.311330417991929,0.804302366948086,NA,"sintetico_postestratificado",FALSE,0.492971948956158,"20","544","Teococuilco de Marcos Pérez"
1026,0.541599245482789,0.309575834716577,0.758806479236222,NA,"sintetico_postestratificado",FALSE,0.449230644519645,"20","490","Santiago Texcalcingo"
1027,0.573532944860022,0.325259374165105,0.789891066150394,NA,"sintetico_postestratificado",FALSE,0.46463169198529,"20","333","San Pedro Totolápam"
1028,0.547618407484363,0.317405185529671,0.768855731418204,NA,"sintetico_postestratificado",FALSE,0.451450545888533,"20","334","Villa de Tututepec"
1029,0.525596728076879,0.27172834042866,0.761104107842407,NA,"sintetico_postestratificado",FALSE,0.489375767413747,"20","562","Magdalena Yodocono de Porfirio Díaz"
1030,0.547779713232606,0.313008014939641,0.782109515148298,NA,"sintetico_postestratificado",FALSE,0.469101500208657,"20","133","San Esteban Atatlahuca"
1031,0.532765432594075,0.305843448774861,0.75283549290181,2,"muestra_directa",TRUE,0.446992044126949,"20","134","San Felipe Jalapa de Díaz"
1032,0.549433741966363,0.289236299243621,0.78751577263842,NA,"sintetico_postestratificado",FALSE,0.498279473394799,"20","138","San Francisco Cajonos"
1033,0.564276374932845,0.317594563770075,0.778665298700231,NA,"sintetico_postestratificado",FALSE,0.461070734930156,"20","149","San Francisco Sola"
1034,0.576859533577889,0.321817830473457,0.799845287217502,NA,"sintetico_postestratificado",FALSE,0.478027456744045,"20","161","San Jerónimo Sosola"
1035,0.555427947396839,0.308054581278082,0.789084568242073,NA,"sintetico_postestratificado",FALSE,0.48102998696399,"20","159","San Jerónimo Coatlán"
1036,0.541028678990425,0.313646630830042,0.773183805809158,NA,"sintetico_postestratificado",FALSE,0.459537174979116,"20","437","Santa María Tlahuitoltepec"
1037,0.564879732072307,0.311375548030226,0.788998367042052,NA,"sintetico_postestratificado",FALSE,0.477622819011825,"20","441","Santa María Xadani"
1038,0.545303842500701,0.315354753463222,0.763755274454922,NA,"sintetico_postestratificado",FALSE,0.4484005209917,"20","446","Santa María Yucuhiti"
1039,0.551740707406693,0.303978668276342,0.773357953467284,NA,"sintetico_postestratificado",FALSE,0.469379285190943,"20","447","Santa María Zacatepec"
1040,0.581386252854871,0.346002526455416,0.790638380676057,NA,"sintetico_postestratificado",FALSE,0.444635854220641,"20","469","Santiago Juxtlahuaca"
1041,0.565886300348893,0.322575009793944,0.787000468400904,NA,"sintetico_postestratificado",FALSE,0.464425458606959,"20","511","Santo Domingo Nuxaá"
1042,0.559414708083453,0.324700460270353,0.78088384889251,NA,"sintetico_postestratificado",FALSE,0.456183388622157,"20","513","Santo Domingo Petapa"
1043,0.542433233284889,0.305196174837526,0.786710393084284,NA,"sintetico_postestratificado",FALSE,0.481514218246757,"20","278","San Miguel Soyaltepec"
1044,0.558980972546452,0.325083257753849,0.784945191512449,NA,"sintetico_postestratificado",FALSE,0.459861933758599,"20","457","Santiago Camotlán"
1045,0.539812045250922,0.293348809846546,0.773150690127053,NA,"sintetico_postestratificado",FALSE,0.479801880280508,"20","163","San Jerónimo Tecóatl"
1046,0.548407756837097,0.298039836996411,0.788919094684198,NA,"sintetico_postestratificado",FALSE,0.490879257687788,"20","166","San José Chiltepec"
1047,0.548351006771715,0.315128769268577,0.781174232971378,NA,"sintetico_postestratificado",FALSE,0.466045463702802,"20","506","Santo Domingo Albarradas"
1048,0.542223073555975,0.276598949188801,0.783520542005667,NA,"sintetico_postestratificado",FALSE,0.506921592816865,"20","482","Santiago Pinotepa Nacional"
1049,0.566002499771834,0.332036854774485,0.771177905849343,NA,"sintetico_postestratificado",FALSE,0.439141051074858,"20","508","Santo Domingo Chihuitán"
1050,0.558185867375014,0.302025467275858,0.776417288098116,NA,"sintetico_postestratificado",FALSE,0.474391820822258,"20","205","San Juan Lalana"
1051,0.540958272883224,0.298634339833103,0.781069825460181,NA,"sintetico_postestratificado",FALSE,0.482435485627079,"20","271","San Miguel Mixtepec"
1052,0.545825802923657,0.290130754319442,0.794239954737601,NA,"sintetico_postestratificado",FALSE,0.50410920041816,"20","329","San Pedro Teozacoalco"
1053,0.569652254513365,0.320080451878451,0.792795824020393,NA,"sintetico_postestratificado",FALSE,0.472715372141942,"20","330","San Pedro Teutila"
1054,0.553620395162595,0.293223423502548,0.791502355731514,NA,"sintetico_postestratificado",FALSE,0.498278932228966,"20","246","San Mateo Cajonos"
1055,0.552238552389127,0.303777284670778,0.771373801502393,NA,"sintetico_postestratificado",FALSE,0.467596516831615,"20","277","Villa Sola de Vega"
1056,0.674173056285992,0.475525604937501,0.846486643398273,9,"muestra_directa",TRUE,0.370961038460772,"20","545","Teotitlán de Flores Magón"
1057,0.562689999863731,0.327894329802989,0.793080750693547,NA,"sintetico_postestratificado",FALSE,0.465186420890557,"20","546","Teotitlán del Valle"
1058,0.554192354293497,0.307515630050063,0.797552841806921,NA,"sintetico_postestratificado",FALSE,0.490037211756858,"20","547","Teotongo"
1059,0.531799042322818,0.300701868015504,0.762436441049863,NA,"sintetico_postestratificado",FALSE,0.461734573034358,"20","170","San José Lachiguiri"
1060,0.565665575697783,0.310281377631175,0.794625261577099,NA,"sintetico_postestratificado",FALSE,0.484343883945924,"20","230","San Lorenzo Victoria"
1061,0.59286501445129,0.359142270225648,0.796135642563326,NA,"sintetico_postestratificado",FALSE,0.436993372337678,"20","168","San José Estancia Grande"
1062,0.517324777526216,0.322642986864518,0.697543070401534,11,"muestra_directa",FALSE,0.374900083537016,"20","184","San Juan Bautista Tuxtepec"
1063,0.551020607088717,0.301837135768742,0.776043476347458,NA,"sintetico_postestratificado",FALSE,0.474206340578716,"20","185","San Juan Cacahuatepec"
1064,0.616267177901084,0.363454661525596,0.832674582076867,NA,"sintetico_postestratificado",FALSE,0.469219920551271,"20","404","Santa María Chachoápam"
1065,0.5774107229885,0.329803081451648,0.793883881462569,NA,"sintetico_postestratificado",FALSE,0.464080800010921,"20","407","Santa María Chimalapa"
1066,0.532294793046348,0.292571556685482,0.775115160958882,NA,"sintetico_postestratificado",FALSE,0.482543604273401,"20","186","San Juan Cieneguilla"
1067,0.473474926644481,0.241710688320484,0.714870673228121,NA,"sintetico_postestratificado",FALSE,0.473159984907638,"20","214","San Juan Quiotepec"
1068,0.551386781139263,0.30520191654016,0.784988447365062,NA,"sintetico_postestratificado",FALSE,0.479786530824902,"20","220","San Juan Tepeuxila"
1069,0.520422412255253,0.272628449280813,0.761249828160085,NA,"sintetico_postestratificado",FALSE,0.488621378879272,"20","227","San Lorenzo Cacaotepec"
1070,0.56465813830836,0.305778712604406,0.789820146597083,NA,"sintetico_postestratificado",FALSE,0.484041433992677,"20","261","San Miguel Amatitlán"
1071,0.529150027970773,0.28305062738461,0.765393510046143,NA,"sintetico_postestratificado",FALSE,0.482342882661533,"20","552","Tlacotepec Plumas"
1072,0.606968292351113,0.35903048514388,0.818554286179623,NA,"sintetico_postestratificado",FALSE,0.459523801035743,"20","262","San Miguel Amatlán"
1073,0.540622179829004,0.295946013618133,0.788528021186278,NA,"sintetico_postestratificado",FALSE,0.492582007568144,"20","266","San Miguel del Puerto"
1074,0.536502770030942,0.284244551885115,0.756349224995512,NA,"sintetico_postestratificado",FALSE,0.472104673110397,"20","550","San Jerónimo Tlacochahuaya"
1075,0.529408123779082,0.28062816936129,0.76927961405335,NA,"sintetico_postestratificado",FALSE,0.488651444692061,"20","253","San Mateo Piñas"
1076,0.586056631205078,0.337210518953738,0.81383066905444,NA,"sintetico_postestratificado",FALSE,0.476620150100703,"20","254","San Mateo Río Hondo"
1077,0.523644988594672,0.306897309406862,0.727923490591691,4,"muestra_directa",TRUE,0.421026181184829,"20","272","San Miguel Panixtlahuaca"
1078,0.508642850644056,0.271145243305299,0.750784902205487,NA,"sintetico_postestratificado",FALSE,0.479639658900187,"20","273","San Miguel Peras"
1079,0.56506825575656,0.317555766319805,0.791278071500848,NA,"sintetico_postestratificado",FALSE,0.473722305181043,"20","275","San Miguel Quetzaltepec"
1080,0.551850760872403,0.31373045557143,0.785634748247918,NA,"sintetico_postestratificado",FALSE,0.471904292676488,"20","551","Tlacolula de Matamoros"
1081,0.481798882613395,0.234388895738876,0.729380341085935,NA,"sintetico_postestratificado",FALSE,0.494991445347059,"20","357","Santa Ana Tavela"
1082,0.512761238527596,0.274651505524169,0.750658288349762,NA,"sintetico_postestratificado",FALSE,0.476006782825593,"20","502","Santiago Zacatepec"
1083,0.542801893778293,0.299056785687307,0.769145207485561,NA,"sintetico_postestratificado",FALSE,0.470088421798254,"20","553","Tlalixtac de Cabrera"
1084,0.557055087252204,0.292429631727813,0.789348109622262,NA,"sintetico_postestratificado",FALSE,0.496918477894449,"20","265","San Miguel Chimalapa"
1085,0.556471696022,0.332887287754304,0.783258331223196,NA,"sintetico_postestratificado",FALSE,0.450371043468893,"20","493","Santiago Tillo"
1086,0.472433007807104,0.291222422557683,0.651770260241542,11,"muestra_directa",FALSE,0.36054783768386,"20","318","San Pedro Mixtepec"
1087,0.551186196440117,0.30993213279769,0.767508678423834,NA,"sintetico_postestratificado",FALSE,0.457576545626144,"20","327","San Pedro Tapanatepec"
1088,0.557621478645501,0.31474180587885,0.78529289304334,NA,"sintetico_postestratificado",FALSE,0.47055108716449,"20","554","Totontepec Villa de Morelos"
1089,0.538251739895865,0.277451118270057,0.783109384330287,NA,"sintetico_postestratificado",FALSE,0.505658266060229,"20","555","Trinidad Zaachila"
1090,0.51390896368708,0.265978435017618,0.749948577572769,NA,"sintetico_postestratificado",FALSE,0.483970142555151,"20","556","La Trinidad Vista Hermosa"
1091,0.510716058229313,0.260696874500775,0.756151674881976,NA,"sintetico_postestratificado",FALSE,0.495454800381201,"20","018","Concepción Buenavista"
1092,0.557639920984244,0.323704572476419,0.779368943256936,NA,"sintetico_postestratificado",FALSE,0.455664370780517,"20","036","Guevea de Humboldt"
1093,0.545363215731094,0.290398455803954,0.768829816629485,NA,"sintetico_postestratificado",FALSE,0.478431360825531,"20","338","Villa de Etla"
1094,0.564175510719942,0.307825020898847,0.783562816028922,NA,"sintetico_postestratificado",FALSE,0.475737795130075,"20","344","San Sebastián Coatlán"
1095,0.600224554575932,0.345839665497907,0.817058900179154,NA,"sintetico_postestratificado",FALSE,0.471219234681248,"20","366","Santa Catarina Loxicha"
1096,0.566564000026631,0.325102991693574,0.799653872608704,NA,"sintetico_postestratificado",FALSE,0.47455088091513,"20","377","Santa Cruz Itundujia"
1097,0.524282676309512,0.277327586815946,0.74407250835763,NA,"sintetico_postestratificado",FALSE,0.466744921541684,"20","451","Santiago Apoala"
1098,0.525329537225149,0.284555225038836,0.761273080679728,NA,"sintetico_postestratificado",FALSE,0.476717855640892,"20","005","Asunción Ixtaltepec"
1099,0.509841187916115,0.268023808881228,0.76021258020279,NA,"sintetico_postestratificado",FALSE,0.492188771321562,"20","558","Valerio Trujano"
1100,0.529149427728186,0.29342189774616,0.767403629526222,NA,"sintetico_postestratificado",FALSE,0.473981731780063,"20","561","Yaxe"
1101,0.535571351022459,0.289724675122264,0.759400583415835,NA,"sintetico_postestratificado",FALSE,0.469675908293571,"20","056","Mártires de Tacubaya"
1102,0.574736802154711,0.322705082622689,0.793027276947938,NA,"sintetico_postestratificado",FALSE,0.470322194325248,"20","563","Yogana"
1103,0.57341410414098,0.336539366563465,0.809997597864989,NA,"sintetico_postestratificado",FALSE,0.473458231301524,"20","497","Santiago Yaitepec"
1104,0.549881261586218,0.294648899407963,0.779451246506517,NA,"sintetico_postestratificado",FALSE,0.484802347098554,"20","549","Heroica Villa Tezoatlán de Segura y Luna, Cuna de la Independencia de Oaxaca"
1105,0.588490934715217,0.340407562717286,0.798465679998052,NA,"sintetico_postestratificado",FALSE,0.458058117280766,"20","564","Yutanduchi de Guerrero"
1106,0.576836946427642,0.348907246967922,0.786464900248985,NA,"sintetico_postestratificado",FALSE,0.437557653281063,"20","565","Villa de Zaachila"
1107,0.534577634302819,0.293532843833196,0.771005467481777,NA,"sintetico_postestratificado",FALSE,0.477472623648582,"20","099","San Andrés Tepetlapa"
1108,0.563168532378161,0.307829816744075,0.792464494374459,NA,"sintetico_postestratificado",FALSE,0.484634677630384,"20","491","Santiago Textitlán"
1109,0.562293581022082,0.308455492027466,0.786366053253353,NA,"sintetico_postestratificado",FALSE,0.477910561225887,"20","031","Tamazulápam del Espíritu Santo"
1110,0.599967538911826,0.354498950924716,0.810690840447834,NA,"sintetico_postestratificado",FALSE,0.456191889523118,"20","279","San Miguel Suchixtepec"
1111,0.546823363532767,0.296264162421932,0.794229748552142,NA,"sintetico_postestratificado",FALSE,0.497965586130211,"20","401","Santa María Colotepec"
1112,0.517496407591245,0.267406384371408,0.74654881685307,NA,"sintetico_postestratificado",FALSE,0.479142432481662,"20","367","Santa Catarina Mechoacán"
1113,0.522842793835586,0.317451981269147,0.729191663458602,6,"muestra_directa",TRUE,0.411739682189455,"20","500","Santiago Yosondúa"
1114,0.56150146247498,0.30057206704447,0.794224602750832,NA,"sintetico_postestratificado",FALSE,0.493652535706361,"20","503","Santiago Zoochila"
1115,0.603462895213558,0.355968671227705,0.823435948395281,NA,"sintetico_postestratificado",FALSE,0.467467277167576,"20","379","Santa Cruz Nundaco"
1116,0.552676585480433,0.293585058049185,0.772241333572035,NA,"sintetico_postestratificado",FALSE,0.478656275522849,"20","494","Santiago Tlazoyaltepec"
1117,0.453875707184823,0.223033809308928,0.67834033164792,2,"muestra_directa",TRUE,0.455306522338991,"20","499","Santiago Yolomécatl"
1118,0.558188141106109,0.30456743839849,0.77711565801942,NA,"sintetico_postestratificado",FALSE,0.47254821962093,"20","058","Mazatlán Villa de Flores"
1119,0.544103426057796,0.308288440142949,0.763312228500374,NA,"sintetico_postestratificado",FALSE,0.455023788357425,"20","059","Miahuatlán de Porfirio Díaz"
1120,0.521703283384741,0.277242185401748,0.761993586482665,NA,"sintetico_postestratificado",FALSE,0.484751401080917,"20","177","San Juan Bautista Cuicatlán"
1121,0.522380278449385,0.27813996672799,0.762664104131,NA,"sintetico_postestratificado",FALSE,0.48452413740301,"20","359","Santa Ana Yareni"
1122,0.554465672819511,0.317312630885634,0.780202304446144,NA,"sintetico_postestratificado",FALSE,0.46288967356051,"20","364","Santa Catarina Juquila"
1123,0.583973885565782,0.325361346023805,0.798813506200819,NA,"sintetico_postestratificado",FALSE,0.473452160177014,"20","569","Santa Inés de Zaragoza"
1124,0.541429450464453,0.300571225222018,0.780059363941459,NA,"sintetico_postestratificado",FALSE,0.479488138719441,"20","570","Zimatlán de Álvarez"
1125,0.468928406651876,0.244925734942621,0.716167243689626,NA,"sintetico_postestratificado",FALSE,0.471241508747005,"20","567","Zapotitlán Lagunas"
1126,0.590991100652511,0.356539967094245,0.796416593255804,4,"muestra_directa",TRUE,0.43987662616156,"20","057","Matías Romero Avendaño"
1127,0.559020369133825,0.319768035496525,0.783698030734337,NA,"sintetico_postestratificado",FALSE,0.463929995237812,"20","423","Santa María Nduayaco"
1128,0.527412607911218,0.2816125249369,0.760708980075823,NA,"sintetico_postestratificado",FALSE,0.479096455138923,"20","112","San Baltazar Chichicápam"
1129,0.520022158518749,0.248645077958936,0.766286301907164,NA,"sintetico_postestratificado",FALSE,0.517641223948227,"20","510","Santo Domingo Ixcatlán"
1130,0.55761713550367,0.297634390380574,0.784098739700497,NA,"sintetico_postestratificado",FALSE,0.486464349319923,"20","371","Santa Catarina Ticuá"
1131,0.565777598779705,0.329299038157451,0.790735294071972,NA,"sintetico_postestratificado",FALSE,0.461436255914521,"20","424","Santa María Ozolotepec"
1132,0.578019336001342,0.351564383412641,0.796195121945428,NA,"sintetico_postestratificado",FALSE,0.444630738532787,"20","406","Santa María Chilchotla"
1133,0.561270842305151,0.316062421046564,0.7929244703779,NA,"sintetico_postestratificado",FALSE,0.476862049331336,"20","410","Santa María Ecatepec"
1134,0.567674664247767,0.302498041172238,0.782455402555485,NA,"sintetico_postestratificado",FALSE,0.479957361383247,"20","435","Santa María Tepantlali"
1135,0.55763273696963,0.31879965829228,0.789804487288697,NA,"sintetico_postestratificado",FALSE,0.471004828996417,"20","417","Santa María Jacatepec"
1136,0.55684886004917,0.329581455398339,0.792584537954997,NA,"sintetico_postestratificado",FALSE,0.463003082556658,"20","422","Santa María Nativitas"
1137,0.561900015938841,0.329609909317252,0.784381273227909,NA,"sintetico_postestratificado",FALSE,0.454771363910658,"20","439","Santa María Tonameca"
1138,0.521411504527686,0.297656165257351,0.74615806009199,NA,"sintetico_postestratificado",FALSE,0.448501894834639,"20","450","Santiago Amoltepec"
1139,0.65032122566788,0.430959773341869,0.834892875936781,10,"muestra_directa",FALSE,0.403933102594912,"20","075","Reforma de Pineda"
1140,0.540989113895116,0.286142383158656,0.771232644144229,NA,"sintetico_postestratificado",FALSE,0.485090260985573,"20","501","Santiago Yucuyachi"
1141,0.558196802689432,0.31517264092909,0.793609696180592,NA,"sintetico_postestratificado",FALSE,0.478437055251502,"20","504","Nuevo Zoquiápam"
1142,0.532226964291667,0.295388708270112,0.764739291667531,NA,"sintetico_postestratificado",FALSE,0.469350583397418,"20","505","Santo Domingo Ingenio"
1143,0.596785417605207,0.33357899786441,0.796748335838259,NA,"sintetico_postestratificado",FALSE,0.463169337973849,"20","251","San Mateo Nejápam"
1144,0.493042560484841,0.243459251042767,0.744040695683678,NA,"sintetico_postestratificado",FALSE,0.50058144464091,"20","459","Villa de Santiago Chazumba"
1145,0.616690967026368,0.357449623862412,0.841905097189718,NA,"sintetico_postestratificado",FALSE,0.484455473327306,"20","477","Santiago Minas"
1146,0.57379305516627,0.327982721237815,0.807584458575438,NA,"sintetico_postestratificado",FALSE,0.479601737337623,"20","484","Santiago Tamazola"
1147,0.549744136074186,0.296262603147745,0.784602932677422,NA,"sintetico_postestratificado",FALSE,0.488340329529677,"20","485","Santiago Tapextla"
1148,0.587013221224678,0.340692711671888,0.792376469751532,NA,"sintetico_postestratificado",FALSE,0.451683758079644,"20","492","Santiago Tilantongo"
1149,0.535150677676501,0.298027773123201,0.777870585977176,NA,"sintetico_postestratificado",FALSE,0.479842812853975,"20","495","Santiago Xanica"
1150,0.561715639678433,0.305684086644363,0.793271875883675,NA,"sintetico_postestratificado",FALSE,0.487587789239311,"20","534","San Vicente Coatlán"
1151,0.561073392238249,0.319027483703341,0.794565728065647,NA,"sintetico_postestratificado",FALSE,0.475538244362306,"20","537","Silacayoápam"
1152,0.51339709809464,0.281102860555261,0.766914095843574,NA,"sintetico_postestratificado",FALSE,0.485811235288312,"20","543","Tataltepec de Valdés"
1153,0.538092765137578,0.297600689562053,0.772768122441778,NA,"sintetico_postestratificado",FALSE,0.475167432879724,"20","548","Tepelmeme Villa de Morelos"
1154,0.480137524213167,0.254552308975093,0.697956565929656,NA,"sintetico_postestratificado",FALSE,0.443404256954563,"20","463","Santiago Huauclilla"
1155,0.550251254854083,0.312351464657512,0.775953185565221,NA,"sintetico_postestratificado",FALSE,0.463601720907709,"20","467","Santiago Jamiltepec"
1156,0.565019268293719,0.322578610037598,0.791162201614679,NA,"sintetico_postestratificado",FALSE,0.468583591577081,"20","559","San Juan Bautista Valle Nacional"
1157,0.560754629813771,0.321275932318599,0.778702472278694,NA,"sintetico_postestratificado",FALSE,0.457426539960095,"20","169","San José Independencia"
1158,0.57155626498676,0.301550743889192,0.801082220112817,NA,"sintetico_postestratificado",FALSE,0.499531476223625,"20","117","San Bartolomé Loxicha"
1159,0.555964918620029,0.313667596021059,0.77111767115206,NA,"sintetico_postestratificado",FALSE,0.457450075131001,"20","512","Santo Domingo Ozolotepec"
1160,0.619769576091921,0.348122105397201,0.837332466181945,NA,"sintetico_postestratificado",FALSE,0.489210360784744,"20","514","Santo Domingo Roayaga"
1161,0.566681544394607,0.313119376076409,0.78712514962521,NA,"sintetico_postestratificado",FALSE,0.474005773548801,"20","118","San Bartolomé Quialana"
1162,0.45202866124861,0.211237189802291,0.689414250069107,NA,"sintetico_postestratificado",FALSE,0.478177060266816,"20","518","Santo Domingo Tlatayápam"
1163,0.538074141459423,0.275423003702805,0.778710104328354,NA,"sintetico_postestratificado",FALSE,0.503287100625549,"20","440","Santa María Totolapilla"
1164,0.53047143176635,0.28487566002223,0.764736294747595,NA,"sintetico_postestratificado",FALSE,0.479860634725365,"20","568","Zapotitlán Palmas"
1165,0.557896732892392,0.295706256735747,0.797805916076209,NA,"sintetico_postestratificado",FALSE,0.502099659340461,"20","521","Santo Domingo Tonaltepec"
1166,0.602794789738116,0.359362967328025,0.823581417034217,NA,"sintetico_postestratificado",FALSE,0.464218449706192,"20","001","Abejones"
1167,0.561261439754881,0.308980986950613,0.796603715567031,NA,"sintetico_postestratificado",FALSE,0.487622728616418,"20","256","San Mateo Tlapiltepec"
1168,0.523413227634695,0.270300007568121,0.75921122479959,NA,"sintetico_postestratificado",FALSE,0.488911217231468,"20","003","Asunción Cacalotepec"
1169,0.539026406352521,0.292761529220388,0.794743753110179,NA,"sintetico_postestratificado",FALSE,0.501982223889791,"20","263","San Miguel Coatlán"
1170,0.593679724729409,0.352838683133294,0.797833681379273,NA,"sintetico_postestratificado",FALSE,0.444994998245979,"20","004","Asunción Cuyotepeji"
1171,0.458659737892842,0.229719978595144,0.699258022618515,NA,"sintetico_postestratificado",FALSE,0.469538044023371,"20","007","Asunción Ocotlán"
1172,0.651814884258496,0.403337102844057,0.864185639419885,NA,"sintetico_postestratificado",FALSE,0.460848536575827,"20","267","San Miguel del Río"
1173,0.534617009243272,0.29942992999084,0.780138556178444,NA,"sintetico_postestratificado",FALSE,0.480708626187605,"20","011","Calihualá"
1174,0.496822136374042,0.270679276860273,0.731481989736266,NA,"sintetico_postestratificado",FALSE,0.460802712875993,"20","027","Chiquihuitlán de Benito Juárez"
1175,0.565293343370626,0.348178714545099,0.757360358216867,6,"muestra_directa",TRUE,0.409181643671767,"20","030","El Espinal"
1176,0.603717305246161,0.378478010968537,0.81317823332211,NA,"sintetico_postestratificado",FALSE,0.434700222353574,"20","519","Santo Domingo Tomaltepec"
1177,0.506721183881643,0.261657751846368,0.74768999399044,NA,"sintetico_postestratificado",FALSE,0.486032242144073,"20","034","Guadalupe de Ramírez"
1178,0.528616761986049,0.288414545645789,0.757033732701068,NA,"sintetico_postestratificado",FALSE,0.468619187055279,"20","013","Ciénega de Zimatlán"
1179,0.601737779717723,0.355808214263575,0.819307209862608,NA,"sintetico_postestratificado",FALSE,0.463498995599032,"20","460","Santiago Choápam"
1180,0.496091218818265,0.254184730396976,0.744636572895151,NA,"sintetico_postestratificado",FALSE,0.490451842498175,"20","044","Loma Bonita"
1181,0.549112362133586,0.290436482156322,0.782719484254683,NA,"sintetico_postestratificado",FALSE,0.49228300209836,"20","017","La Compañía"
1182,0.542521242151246,0.279614038676114,0.778454210375384,NA,"sintetico_postestratificado",FALSE,0.49884017169927,"20","507","Santo Domingo Armenta"
1183,0.56697808983802,0.313440805000792,0.7938506824739,NA,"sintetico_postestratificado",FALSE,0.480409877473108,"20","049","Magdalena Ocotlán"
1184,0.478485812942699,0.214272379761358,0.729002434302548,NA,"sintetico_postestratificado",FALSE,0.51473005454119,"20","520","Santo Domingo Tonalá"
1185,0.507624801030274,0.266482168833424,0.729080800124588,NA,"sintetico_postestratificado",FALSE,0.462598631291164,"20","019","Concepción Pápalo"
1186,0.499367284009336,0.267489452971775,0.733903765759093,NA,"sintetico_postestratificado",FALSE,0.466414312787317,"20","022","Cosoltepec"
1187,0.506720319843214,0.273801970863598,0.741777080893608,NA,"sintetico_postestratificado",FALSE,0.467975110030009,"20","024","Cuyamecalco Villa de Zaragoza"
1188,0.641803362122083,0.422858378977827,0.806888777992549,7,"muestra_directa",TRUE,0.384030399014722,"20","025","Chahuites"
1189,0.55000957076412,0.291598732845372,0.785298265536074,NA,"sintetico_postestratificado",FALSE,0.493699532690702,"20","026","Chalcatongo de Hidalgo"
1190,0.499896863286255,0.257651788589493,0.748084257893392,NA,"sintetico_postestratificado",FALSE,0.490432469303899,"20","029","Eloxochitlán de Flores Magón"
1191,0.528116146835436,0.297288846471763,0.754633017959762,NA,"sintetico_postestratificado",FALSE,0.457344171488,"20","032","Fresnillo de Trujano"
1192,0.387611782107216,0.242099522486442,0.565177446371025,17,"muestra_directa",FALSE,0.323077923884583,"20","515","Santo Domingo Tehuantepec"
1193,0.527324555411513,0.322040270405508,0.726094280016547,7,"muestra_directa",TRUE,0.404054009611039,"20","516","Santo Domingo Teojomulco"
1194,0.566010224273689,0.331497184284645,0.79759022296493,NA,"sintetico_postestratificado",FALSE,0.466093038680285,"20","033","Guadalupe Etla"
1195,0.604174803066144,0.33693800257122,0.827420684296803,NA,"sintetico_postestratificado",FALSE,0.490482681725583,"20","050","Magdalena Peñasco"
1196,0.559761006042182,0.308657992224829,0.793053040033951,NA,"sintetico_postestratificado",FALSE,0.484395047809122,"20","035","Guelatao de Juárez"
1197,0.544720062381418,0.284375491625646,0.779701268618673,NA,"sintetico_postestratificado",FALSE,0.495325776993027,"20","051","Magdalena Teitipac"
1198,0.544024262235168,0.288737714517248,0.778449237096903,NA,"sintetico_postestratificado",FALSE,0.489711522579655,"20","536","San Vicente Nuñú"
1199,0.506584807067804,0.267058704918641,0.744359441100419,NA,"sintetico_postestratificado",FALSE,0.477300736181778,"20","047","Santa Magdalena Jicotlán"
1200,0.573855561233602,0.311982819646819,0.791573630892393,NA,"sintetico_postestratificado",FALSE,0.479590811245575,"20","037","Mesones Hidalgo"
1201,0.611542239498112,0.363230805330727,0.821853534197951,NA,"sintetico_postestratificado",FALSE,0.458622728867224,"20","040","Huautepec"
1202,0.558497788587433,0.316443476990493,0.788044405406708,NA,"sintetico_postestratificado",FALSE,0.471600928416214,"20","041","Huautla de Jiménez"
1203,0.54373510853668,0.316722715766733,0.774648842657049,NA,"sintetico_postestratificado",FALSE,0.457926126890316,"20","042","Ixtlán de Juárez"
1204,0.529069075639767,0.286469475686593,0.765213681298856,NA,"sintetico_postestratificado",FALSE,0.478744205612263,"20","045","Magdalena Apasco"
1205,0.555273684711479,0.311837235495908,0.778987470095157,NA,"sintetico_postestratificado",FALSE,0.46715023459925,"20","053","Magdalena Tlacotepec"
1206,0.577702805760626,0.327246409854451,0.808826262537124,NA,"sintetico_postestratificado",FALSE,0.481579852682673,"20","046","Magdalena Jaltepec"
1207,0.536343938632881,0.310138514972493,0.763609122990792,NA,"sintetico_postestratificado",FALSE,0.453470608018299,"20","523","Santo Domingo Yanhuitlán"
1208,0.522997732551632,0.267242371992201,0.753439970530061,NA,"sintetico_postestratificado",FALSE,0.486197598537859,"20","048","Magdalena Mixtepec"
1209,0.631377890050432,0.37373996355456,0.845774014872456,NA,"sintetico_postestratificado",FALSE,0.472034051317896,"20","522","Santo Domingo Xagacía"
1210,0.533639148085207,0.30533008682234,0.755516773881633,NA,"sintetico_postestratificado",FALSE,0.450186687059293,"20","456","Santiago Cacaloxtepec"
1211,0.567457826359437,0.316779732503569,0.793762878098637,NA,"sintetico_postestratificado",FALSE,0.476983145595068,"20","060","Mixistlán de la Reforma"
1212,0.565251640900317,0.32842156018731,0.788677230137917,NA,"sintetico_postestratificado",FALSE,0.460255669950607,"20","061","Monjas"
1213,0.5862585975039,0.316963144997691,0.822197970596205,NA,"sintetico_postestratificado",FALSE,0.505234825598514,"20","062","Natividad"
1214,0.531085833339437,0.307708430907518,0.763802141276163,NA,"sintetico_postestratificado",FALSE,0.456093710368645,"20","063","Nazareno Etla"
1215,0.581037595549275,0.332725628582715,0.810458986620344,NA,"sintetico_postestratificado",FALSE,0.477733358037629,"20","065","Ixpantepec Nieves"
1216,0.598987158284074,0.363444212611902,0.822327426242401,NA,"sintetico_postestratificado",FALSE,0.458883213630499,"20","069","La Pe"
1217,0.527202495359317,0.292435848505111,0.754942933974096,NA,"sintetico_postestratificado",FALSE,0.462507085468985,"20","070","Pinotepa de Don Luis"
1218,0.551337630561785,0.305721072472103,0.786323178748878,NA,"sintetico_postestratificado",FALSE,0.480602106276776,"20","071","Pluma Hidalgo"
1219,0.539003804824502,0.288143691853494,0.778447910331667,NA,"sintetico_postestratificado",FALSE,0.490304218478173,"20","096","San Andrés Sinaxtla"
1220,0.565670109940017,0.310081611567009,0.793730442483329,NA,"sintetico_postestratificado",FALSE,0.48364883091632,"20","072","San José del Progreso"
1221,0.545900063644932,0.305870666374672,0.756652678034227,NA,"sintetico_postestratificado",FALSE,0.450782011659555,"20","097","San Andrés Solaga"
1222,0.573244816947013,0.321370581517262,0.795475242030007,NA,"sintetico_postestratificado",FALSE,0.474104660512745,"20","098","San Andrés Teotilálpam"
1223,0.61765145370073,0.359740685796664,0.833080929276551,NA,"sintetico_postestratificado",FALSE,0.473340243479887,"20","074","Santa Catarina Quioquitani"
1224,0.663230461476608,0.477705709962369,0.813563724500209,10,"muestra_directa",FALSE,0.33585801453784,"20","076","La Reforma"
1225,0.537356333826132,0.295878376719501,0.76741812812026,NA,"sintetico_postestratificado",FALSE,0.471539751400759,"20","190","San Juan Cotzocón"
1226,0.51777429030936,0.278313371907321,0.757202955058442,NA,"sintetico_postestratificado",FALSE,0.478889583151122,"20","078","Rojas de Cuauhtémoc"
1227,0.54420570336148,0.306273623957174,0.775422439004888,NA,"sintetico_postestratificado",FALSE,0.469148815047714,"20","077","Reyes Etla"
1228,0.554116016313345,0.324438793156873,0.783079916042265,NA,"sintetico_postestratificado",FALSE,0.458641122885392,"20","081","San Agustín Atenango"
1229,0.530802683298423,0.297066326028203,0.766375928873694,NA,"sintetico_postestratificado",FALSE,0.469309602845491,"20","094","San Andrés Nuxiño"
1230,0.466336953961958,0.222534112050938,0.709910628523869,NA,"sintetico_postestratificado",FALSE,0.487376516472931,"20","080","San Agustín Amatengo"
1231,0.515805421474145,0.283826000516232,0.740579654369927,NA,"sintetico_postestratificado",FALSE,0.456753653853695,"20","084","San Agustín Etla"
1232,0.525289310242963,0.275834538928388,0.759754041904883,1,"muestra_directa",TRUE,0.483919502976495,"20","082","San Agustín Chayuco"
1233,0.494591463206699,0.249474779248902,0.746379867309322,NA,"sintetico_postestratificado",FALSE,0.49690508806042,"20","086","San Agustín Tlacotepec"
1234,0.496666684635221,0.265234089989967,0.731799687476412,NA,"sintetico_postestratificado",FALSE,0.466565597486445,"20","083","San Agustín de las Juntas"
1235,0.540713185626117,0.313826634564737,0.775088889453973,NA,"sintetico_postestratificado",FALSE,0.461262254889236,"20","092","San Andrés Ixtlahuaca"
1236,0.555117939616113,0.306423477245781,0.782141943920609,NA,"sintetico_postestratificado",FALSE,0.475718466674829,"20","087","San Agustín Yatareni"
1237,0.545009749794196,0.286041625175028,0.773878042835528,NA,"sintetico_postestratificado",FALSE,0.4878364176605,"20","089","San Andrés Dinicuiti"
1238,0.524275823718622,0.266145869950764,0.780897514051454,NA,"sintetico_postestratificado",FALSE,0.514751644100691,"20","090","San Andrés Huaxpaltepec"
1239,0.542928285899725,0.291485669401978,0.775207283873941,NA,"sintetico_postestratificado",FALSE,0.483721614471963,"20","091","San Andrés Huayápam"
1240,0.561115018882768,0.334886868910566,0.799849799313734,NA,"sintetico_postestratificado",FALSE,0.464962930403168,"20","095","San Andrés Paxtlán"
1241,0.550575324613849,0.2706821919543,0.779791127652663,NA,"sintetico_postestratificado",FALSE,0.509108935698363,"20","100","San Andrés Yaá"
1242,0.508821011207579,0.273236209097707,0.747871329659335,NA,"sintetico_postestratificado",FALSE,0.474635120561628,"20","101","San Andrés Zabache"
1243,0.536930170571128,0.305166870885625,0.762891138701252,NA,"sintetico_postestratificado",FALSE,0.457724267815627,"20","102","San Andrés Zautla"
1244,0.490127654640953,0.269781902675842,0.715814065519118,NA,"sintetico_postestratificado",FALSE,0.446032162843276,"20","233","San Lucas Quiaviní"
1245,0.561017993345029,0.323492407161103,0.79840348390811,NA,"sintetico_postestratificado",FALSE,0.474911076747007,"20","103","San Antonino Castillo Velasco"
1246,0.604318194504498,0.367578804494587,0.826719141493501,NA,"sintetico_postestratificado",FALSE,0.459140336998914,"20","104","San Antonino el Alto"
1247,0.491626384230065,0.259572623761699,0.725807671910415,NA,"sintetico_postestratificado",FALSE,0.466235048148716,"20","105","San Antonino Monte Verde"
1248,0.579917613020215,0.366356611100124,0.769832577867892,8,"muestra_directa",TRUE,0.403475966767768,"20","107","San Antonio de la Cal"
1249,0.591245147708664,0.357118287441792,0.811915012500093,NA,"sintetico_postestratificado",FALSE,0.454796725058301,"20","108","San Antonio Huitepec"
1250,0.537915387145997,0.298066154688797,0.765534123447285,NA,"sintetico_postestratificado",FALSE,0.467467968758488,"20","109","San Antonio Nanahuatípam"
1251,0.538645711731616,0.286006874017767,0.782048013396412,NA,"sintetico_postestratificado",FALSE,0.496041139378644,"20","110","San Antonio Sinicahua"
1252,0.536825153033302,0.27873953213385,0.761645563341484,NA,"sintetico_postestratificado",FALSE,0.482906031207633,"20","111","San Antonio Tepetlapa"
1253,0.462248362161725,0.229028149868005,0.702629719732773,NA,"sintetico_postestratificado",FALSE,0.473601569864768,"20","527","Santos Reyes Pápalo"
1254,0.5314928783076,0.270130670090664,0.776826236097825,NA,"sintetico_postestratificado",FALSE,0.506695566007161,"20","116","San Bartolomé Ayautla"
1255,0.547903949534718,0.306871413896188,0.789175424060006,NA,"sintetico_postestratificado",FALSE,0.482304010163818,"20","114","San Baltazar Yatzachi el Bajo"
1256,0.559958329453724,0.294541500865623,0.794764344342589,NA,"sintetico_postestratificado",FALSE,0.500222843476966,"20","172","San Juan Achiutla"
1257,0.551354644306602,0.302652133582407,0.769780774308523,NA,"sintetico_postestratificado",FALSE,0.467128640726116,"20","115","San Bartolo Coyotepec"
1258,0.533100093628914,0.299256844319107,0.771600350063982,NA,"sintetico_postestratificado",FALSE,0.472343505744875,"20","413","Santa María Huatulco"
1259,0.582437238133587,0.317204864080985,0.812595620987898,NA,"sintetico_postestratificado",FALSE,0.495390756906913,"20","119","San Bartolomé Yucuañe"
1260,0.57184716876998,0.307785484499653,0.803399927519655,NA,"sintetico_postestratificado",FALSE,0.495614443020002,"20","120","San Bartolomé Zoogocho"
1261,0.50090829149227,0.278991632307542,0.72007581345199,NA,"sintetico_postestratificado",FALSE,0.441084181144447,"20","121","San Bartolo Soyaltepec"
1262,0.527150398856232,0.29662895736505,0.758392517041399,NA,"sintetico_postestratificado",FALSE,0.46176355967635,"20","014","Ciudad Ixtepec"
1263,0.576847483492684,0.327091202141559,0.808097222612985,NA,"sintetico_postestratificado",FALSE,0.481006020471426,"20","015","Coatecas Altas"
1264,0.504579327040249,0.265711744475404,0.73901299845649,NA,"sintetico_postestratificado",FALSE,0.473301253981086,"20","123","San Bernardo Mixtepec"
1265,0.55052008356243,0.28664740767864,0.788946374584492,NA,"sintetico_postestratificado",FALSE,0.502298966905852,"20","122","San Bartolo Yautepec"
1266,0.527532373672178,0.292051365028641,0.759152259703646,NA,"sintetico_postestratificado",FALSE,0.467100894675005,"20","528","Santos Reyes Tepejillo"
1267,0.527505712393041,0.279626056823682,0.756737935922392,NA,"sintetico_postestratificado",FALSE,0.477111879098709,"20","124","Heroica Villa de San Blas Atempa"
1268,0.497934072714105,0.278977279214861,0.741551759951589,NA,"sintetico_postestratificado",FALSE,0.462574480736728,"20","129","San Cristóbal Suchixtlahuaca"
1269,0.524967457697295,0.284076446462754,0.777573968862956,NA,"sintetico_postestratificado",FALSE,0.493497522400202,"20","206","San Juan de los Cués"
1270,0.555210050188793,0.327520614686887,0.774973929671143,NA,"sintetico_postestratificado",FALSE,0.447453314984256,"20","126","San Cristóbal Amatlán"
1271,0.49400314474893,0.243053506746506,0.731911130416909,NA,"sintetico_postestratificado",FALSE,0.488857623670403,"20","020","Constancia del Rosario"
1272,0.522691400684072,0.275976214446838,0.767643415504194,NA,"sintetico_postestratificado",FALSE,0.491667201057356,"20","127","San Cristóbal Amoltepec"
1273,0.511053450189762,0.272116759123931,0.750215987955617,NA,"sintetico_postestratificado",FALSE,0.478099228831686,"20","128","San Cristóbal Lachirioag"
1274,0.521810212617196,0.282544307053491,0.773999854241963,NA,"sintetico_postestratificado",FALSE,0.491455547188472,"20","529","Santos Reyes Yucuná"
1275,0.508528650059729,0.246773593755499,0.752100302713434,NA,"sintetico_postestratificado",FALSE,0.505326708957935,"20","131","San Dionisio Ocotepec"
1276,0.423302314890538,0.221920332755813,0.625353744269765,7,"muestra_directa",TRUE,0.403433411513953,"20","130","San Dionisio del Mar"
1277,0.51283488871218,0.265253023205604,0.75800833535409,NA,"sintetico_postestratificado",FALSE,0.492755312148486,"20","152","San Francisco Tlapancingo"
1278,0.548224514966145,0.321573862224691,0.766498462045132,NA,"sintetico_postestratificado",FALSE,0.44492459982044,"20","153","San Gabriel Mixtepec"
1279,0.542885931894739,0.279772427207171,0.774964853455878,NA,"sintetico_postestratificado",FALSE,0.495192426248707,"20","132","San Dionisio Ocotlán"
1280,0.536211528315803,0.296654044531106,0.765413135383045,NA,"sintetico_postestratificado",FALSE,0.468759090851939,"20","135","San Felipe Tejalápam"
1281,0.48261963348371,0.241005250777487,0.722725415421178,NA,"sintetico_postestratificado",FALSE,0.481720164643691,"20","136","San Felipe Usila"
1282,0.524476178004751,0.276703346247205,0.757980594982287,NA,"sintetico_postestratificado",FALSE,0.481277248735082,"20","137","San Francisco Cahuacuá"
1283,0.521665820865846,0.272220974503898,0.753198675774061,NA,"sintetico_postestratificado",FALSE,0.480977701270163,"20","139","San Francisco Chapulapa"
1284,0.533097600398987,0.281684426357166,0.771942321659879,NA,"sintetico_postestratificado",FALSE,0.490257895302712,"20","142","San Francisco Huehuetlán"
1285,0.603212170751973,0.347503728428504,0.822487263249579,NA,"sintetico_postestratificado",FALSE,0.474983534821075,"20","140","San Francisco Chindúa"
1286,0.509016596124052,0.290686951455422,0.748398417012823,NA,"sintetico_postestratificado",FALSE,0.457711465557401,"20","141","San Francisco del Mar"
1287,0.591713985941728,0.35788295406708,0.795236401798887,NA,"sintetico_postestratificado",FALSE,0.437353447731807,"20","160","San Jerónimo Silacayoapilla"
1288,0.575532055946845,0.332094211209462,0.799135646284228,NA,"sintetico_postestratificado",FALSE,0.467041435074767,"20","143","San Francisco Ixhuatán"
1289,0.570033967913119,0.320101546472262,0.787279619714806,NA,"sintetico_postestratificado",FALSE,0.467178073242545,"20","144","San Francisco Jaltepetongo"
1290,0.563696686740943,0.308465810966673,0.782115997918762,NA,"sintetico_postestratificado",FALSE,0.473650186952089,"20","145","San Francisco Lachigoló"
1291,0.513539697936803,0.267318605184025,0.753662615116348,NA,"sintetico_postestratificado",FALSE,0.486344009932324,"20","531","Santo Tomás Mazaltepec"
1292,0.58728345000107,0.346831932580626,0.819098810467697,NA,"sintetico_postestratificado",FALSE,0.472266877887071,"20","146","San Francisco Logueche"
1293,0.505552968737262,0.242350565593433,0.744189656904119,NA,"sintetico_postestratificado",FALSE,0.501839091310686,"20","147","San Francisco Nuxaño"
1294,0.543031532842438,0.273767422157386,0.784352951590365,NA,"sintetico_postestratificado",FALSE,0.510585529432979,"20","148","San Francisco Ozolotepec"
1295,0.561642808641522,0.32093989128834,0.796389863047957,NA,"sintetico_postestratificado",FALSE,0.475449971759617,"20","150","San Francisco Telixtlahuaca"
1296,0.496725769858332,0.256523647736457,0.729503851526291,NA,"sintetico_postestratificado",FALSE,0.472980203789834,"20","151","San Francisco Teopan"
1297,0.521297412170833,0.279039639783333,0.766729146048956,NA,"sintetico_postestratificado",FALSE,0.487689506265623,"20","157","San Jacinto Amilpas"
1298,0.527491899321672,0.277258364847009,0.757476241622088,NA,"sintetico_postestratificado",FALSE,0.480217876775079,"20","248","San Mateo del Mar"
1299,0.588263698632203,0.3405567215323,0.808507243539752,NA,"sintetico_postestratificado",FALSE,0.467950522007453,"20","158","San Jacinto Tlacotepec"
1300,0.612913496988661,0.337846546328028,0.824491065684989,NA,"sintetico_postestratificado",FALSE,0.48664451935696,"20","162","San Jerónimo Taviche"
1301,0.529037075022668,0.293085356835841,0.757776521908885,NA,"sintetico_postestratificado",FALSE,0.464691165073044,"20","164","San Jorge Nuchita"
1302,0.596599875841403,0.371139336342308,0.82726972874068,NA,"sintetico_postestratificado",FALSE,0.456130392398371,"20","176","San Juan Bautista Coixtlahuaca"
1303,0.549002031858821,0.3025981250855,0.788419329118786,NA,"sintetico_postestratificado",FALSE,0.485821204033286,"20","165","San José Ayuquila"
1304,0.582609643105011,0.331030740317253,0.809189331035116,NA,"sintetico_postestratificado",FALSE,0.478158590717864,"20","167","San José del Peñasco"
1305,0.535861772824196,0.280242256719099,0.765044195408625,NA,"sintetico_postestratificado",FALSE,0.484801938689525,"20","530","Santo Tomás Jalieza"
1306,0.528351228598748,0.285412316996936,0.763798198579155,NA,"sintetico_postestratificado",FALSE,0.47838588158222,"20","187","San Juan Coatzóspam"
1307,0.536505658299547,0.30223532746605,0.76555849841498,NA,"sintetico_postestratificado",FALSE,0.46332317094893,"20","171","San José Tenango"
1308,0.540310415868052,0.29303531097304,0.768266567920896,NA,"sintetico_postestratificado",FALSE,0.475231256947857,"20","188","San Juan Colorado"
1309,0.492684199436005,0.256105997845032,0.747078480163149,NA,"sintetico_postestratificado",FALSE,0.490972482318117,"20","173","San Juan Atepec"
1310,0.550946478405401,0.315250845413034,0.775854609731756,NA,"sintetico_postestratificado",FALSE,0.460603764318722,"20","174","Ánimas Trujano"
1311,0.543672259496588,0.287195237632346,0.7716734995074,NA,"sintetico_postestratificado",FALSE,0.484478261875054,"20","191","San Juan Chicomezúchil"
1312,0.523410546881556,0.278248766598358,0.756324401601163,NA,"sintetico_postestratificado",FALSE,0.478075635002804,"20","196","San Juan Evangelista Analco"
1313,0.564163572645401,0.310663579613557,0.782550363912336,NA,"sintetico_postestratificado",FALSE,0.471886784298778,"20","178","San Juan Bautista Guelache"
1314,0.525920762063404,0.27247948490009,0.754325973565411,NA,"sintetico_postestratificado",FALSE,0.481846488665321,"20","197","San Juan Guelavía"
1315,0.610458117747118,0.356049993164993,0.81796736601379,NA,"sintetico_postestratificado",FALSE,0.461917372848797,"20","180","San Juan Bautista Lo de Soto"
1316,0.523474253561077,0.274660426306119,0.774373079283468,NA,"sintetico_postestratificado",FALSE,0.499712652977349,"20","204","San Juan Lajarcia"
1317,0.43858079298015,0.20598843375487,0.664470061567604,NA,"sintetico_postestratificado",FALSE,0.458481627812734,"20","181","San Juan Bautista Suchitepec"
1318,0.563016960132165,0.3264425085772,0.784395348085428,NA,"sintetico_postestratificado",FALSE,0.457952839508228,"20","480","Santiago Nundiche"
1319,0.619854092009049,0.360929324138347,0.834005406328282,NA,"sintetico_postestratificado",FALSE,0.473076082189935,"20","182","San Juan Bautista Tlacoatzintepec"
1320,0.577124535918742,0.34009430648105,0.796582973282855,NA,"sintetico_postestratificado",FALSE,0.456488666801805,"20","183","San Juan Bautista Tlachichilco"
1321,0.586253133087934,0.349409571298972,0.801191084603112,NA,"sintetico_postestratificado",FALSE,0.45178151330414,"20","189","San Juan Comaltepec"
1322,0.499316756295669,0.249814191500386,0.751720729788062,NA,"sintetico_postestratificado",FALSE,0.501906538287676,"20","192","San Juan Chilateca"
1323,0.586943253829667,0.33917730031155,0.791526055794883,NA,"sintetico_postestratificado",FALSE,0.452348755483333,"20","193","San Juan del Estado"
1324,0.515862512567795,0.272884457044687,0.763206157939458,NA,"sintetico_postestratificado",FALSE,0.490321700894771,"20","464","Santiago Ihuitlán Plumas"
1325,0.497832097895619,0.261523718560225,0.745756612647891,NA,"sintetico_postestratificado",FALSE,0.484232894087666,"20","194","San Juan del Río"
1326,0.500627206133432,0.264820787236036,0.747470246478234,NA,"sintetico_postestratificado",FALSE,0.482649459242199,"20","195","San Juan Diuxi"
1327,0.610862319575195,0.389978863261666,0.807135390791917,NA,"sintetico_postestratificado",FALSE,0.417156527530251,"20","199","San Juan Ihualtepec"
1328,0.508152986490654,0.265266194422877,0.747205116681311,NA,"sintetico_postestratificado",FALSE,0.481938922258434,"20","200","San Juan Juquila Mixes"
1329,0.533158159675278,0.307157511829168,0.761650589999743,NA,"sintetico_postestratificado",FALSE,0.454493078170575,"20","201","San Juan Juquila Vijanos"
1330,0.52779355404754,0.274413559013163,0.756834430687601,NA,"sintetico_postestratificado",FALSE,0.482420871674438,"20","202","San Juan Lachao"
1331,0.536854784832184,0.293384628339543,0.769944302437237,NA,"sintetico_postestratificado",FALSE,0.476559674097694,"20","203","San Juan Lachigalla"
1332,0.50938809307203,0.267556977307147,0.757906889207915,NA,"sintetico_postestratificado",FALSE,0.490349911900768,"20","210","San Juan Ñumí"
1333,0.532972398443947,0.280097316987344,0.773718847325101,NA,"sintetico_postestratificado",FALSE,0.493621530337757,"20","208","San Juan Mixtepec"
1334,0.586803107716287,0.349888598936082,0.787981598314562,NA,"sintetico_postestratificado",FALSE,0.43809299937848,"20","209","San Juan Mixtepec"
1335,0.525860923736262,0.268207857643041,0.771625530448722,NA,"sintetico_postestratificado",FALSE,0.503417672805681,"20","566","San Mateo Yucutindoo"
1336,0.550618066382188,0.291642411532453,0.77574044215576,NA,"sintetico_postestratificado",FALSE,0.484098030623307,"20","215","San Juan Sayultepec"
1337,0.504899047768256,0.263777120535101,0.745453598074247,NA,"sintetico_postestratificado",FALSE,0.481676477539146,"20","218","San Juan Teita"
1338,0.513370904767093,0.279363560361096,0.750132423875889,NA,"sintetico_postestratificado",FALSE,0.470768863514793,"20","284","San Miguel Tilquiápam"
1339,0.526757723001657,0.285424608967911,0.741289391278076,NA,"sintetico_postestratificado",FALSE,0.455864782310165,"20","216","San Juan Tabaá"
1340,0.558630025162958,0.316616045880167,0.783073896989292,NA,"sintetico_postestratificado",FALSE,0.466457851109125,"20","217","San Juan Tamazola"
1341,0.567688640198327,0.317229624440528,0.79918592074067,NA,"sintetico_postestratificado",FALSE,0.481956296300142,"20","219","San Juan Teitipac"
1342,0.541562294215619,0.283617078394611,0.772005878238944,NA,"sintetico_postestratificado",FALSE,0.488388799844334,"20","221","San Juan Teposcolula"
1343,0.556720038440447,0.329859953718282,0.793701190196182,NA,"sintetico_postestratificado",FALSE,0.4638412364779,"20","222","San Juan Yaeé"
1344,0.59567140783378,0.342674376767768,0.821707156353008,NA,"sintetico_postestratificado",FALSE,0.47903277958524,"20","223","San Juan Yatzona"
1345,0.561382575090641,0.325947531175954,0.77951883196833,NA,"sintetico_postestratificado",FALSE,0.453571300792376,"20","541","Tanetze de Zaragoza"
1346,0.651100321407715,0.438285291234757,0.832509983081217,4,"muestra_directa",TRUE,0.39422469184646,"20","498","Santiago Yaveo"
1347,0.510450748773471,0.284137369126949,0.73709095478221,NA,"sintetico_postestratificado",FALSE,0.452953585655261,"20","224","San Juan Yucuita"
1348,0.548667962801141,0.309885947736641,0.769279414212604,NA,"sintetico_postestratificado",FALSE,0.459393466475963,"20","225","San Lorenzo"
1349,0.505265426961844,0.272093533895905,0.729896726451707,3,"muestra_directa",TRUE,0.457803192555801,"20","016","Coicoyán de las Flores"
1350,0.529590398558452,0.281542135596604,0.766232227512157,NA,"sintetico_postestratificado",FALSE,0.484690091915553,"20","226","San Lorenzo Albarradas"
1351,0.533515448908699,0.284145513898758,0.769690922181683,NA,"sintetico_postestratificado",FALSE,0.485545408282924,"20","228","San Lorenzo Cuaunecuiltitla"
1352,0.55627005289954,0.297423657895749,0.793453322741594,NA,"sintetico_postestratificado",FALSE,0.496029664845845,"20","229","San Lorenzo Texmelúcan"
1353,0.536191583571627,0.296905741350462,0.758165257185347,NA,"sintetico_postestratificado",FALSE,0.461259515834885,"20","231","San Lucas Camotlán"
1354,0.554465090654026,0.306437597662148,0.795028378211654,NA,"sintetico_postestratificado",FALSE,0.488590780549506,"20","232","San Lucas Ojitlán"
1355,0.543341024315697,0.307247681055714,0.784627430380448,NA,"sintetico_postestratificado",FALSE,0.477379749324734,"20","234","San Lucas Zoquiápam"
1356,0.544052558233544,0.311325471550262,0.759606303591121,2,"muestra_directa",TRUE,0.448280832040859,"20","235","San Luis Amatlán"
1357,0.556254267617873,0.302463408023629,0.784174386363596,NA,"sintetico_postestratificado",FALSE,0.481710978339967,"20","236","San Marcial Ozolotepec"
1358,0.538282241713147,0.297197357726427,0.757071134774533,NA,"sintetico_postestratificado",FALSE,0.459873777048106,"20","239","San Martín Huamelúlpam"
1359,0.540296208239976,0.300656861303644,0.76946323421703,NA,"sintetico_postestratificado",FALSE,0.468806372913385,"20","240","San Martín Itunyoso"
1360,0.552153986336068,0.300742419102867,0.789033931466997,NA,"sintetico_postestratificado",FALSE,0.48829151236413,"20","241","San Martín Lachilá"
1361,0.525165219246799,0.28189245398253,0.758930187687713,NA,"sintetico_postestratificado",FALSE,0.477037733705183,"20","242","San Martín Peras"
1362,0.515679694882692,0.279390020218572,0.742325912600358,NA,"sintetico_postestratificado",FALSE,0.462935892381786,"20","243","San Martín Tilcajete"
1363,0.533592700356167,0.291625962837964,0.76597951070588,NA,"sintetico_postestratificado",FALSE,0.474353547867917,"20","244","San Martín Toxpalan"
1364,0.522862853363321,0.285388223363569,0.760426989983358,NA,"sintetico_postestratificado",FALSE,0.475038766619789,"20","249","San Mateo Yoloxochitlán"
1365,0.516259705551198,0.279466677228753,0.777764196049958,NA,"sintetico_postestratificado",FALSE,0.498297518821206,"20","525","Santo Domingo Zanatepec"
1366,0.549809270624004,0.313404695381405,0.778881154596756,NA,"sintetico_postestratificado",FALSE,0.465476459215351,"20","526","Santos Reyes Nopala"
1367,0.653101541161025,0.414535906577936,0.857088222912282,NA,"sintetico_postestratificado",FALSE,0.442552316334346,"20","245","San Martín Zacatepec"
1368,0.547601700725023,0.309134509999683,0.771212837042531,NA,"sintetico_postestratificado",FALSE,0.462078327042848,"20","269","San Miguel el Grande"
1369,0.456667983223278,0.231892756110401,0.721484517762803,NA,"sintetico_postestratificado",FALSE,0.489591761652402,"20","247","Capulálpam de Méndez"
1370,0.50026641501483,0.257059419057424,0.737281717320943,NA,"sintetico_postestratificado",FALSE,0.48022229826352,"20","250","San Mateo Etlatongo"
1371,0.525896554935252,0.281685884867278,0.767680375178366,NA,"sintetico_postestratificado",FALSE,0.485994490311088,"20","255","San Mateo Sindihui"
1372,0.528822680857007,0.284553382694083,0.766236815308832,NA,"sintetico_postestratificado",FALSE,0.481683432614749,"20","252","San Mateo Peñasco"
1373,0.531322567470316,0.280576516216396,0.752295410111464,NA,"sintetico_postestratificado",FALSE,0.471718893895068,"20","257","San Melchor Betaza"
1374,0.465527328323546,0.265649662897049,0.675631092418326,5,"muestra_directa",TRUE,0.409981429521276,"20","258","San Miguel Achiutla"
1375,0.533578708390914,0.293279083101524,0.771695621354081,NA,"sintetico_postestratificado",FALSE,0.478416538252557,"20","259","San Miguel Ahuehuetitlán"
1376,0.528669541193895,0.298635272070679,0.748966280807464,NA,"sintetico_postestratificado",FALSE,0.450331008736785,"20","260","San Miguel Aloápam"
1377,0.558446373356841,0.307012217552334,0.793304504707528,NA,"sintetico_postestratificado",FALSE,0.486292287155194,"20","268","San Miguel Ejutla"
1378,0.620350990384911,0.379724777688999,0.830478557378803,NA,"sintetico_postestratificado",FALSE,0.450753779689804,"20","276","San Miguel Santa Flor"
1379,0.518365601793044,0.263451676755805,0.758342709826465,NA,"sintetico_postestratificado",FALSE,0.49489103307066,"20","281","San Miguel Tecomatlán"
1380,0.585144961618539,0.33200173406569,0.805718640640946,NA,"sintetico_postestratificado",FALSE,0.473716906575256,"20","274","San Miguel Piedras"
1381,0.542035029994762,0.306581527993433,0.758347848141276,NA,"sintetico_postestratificado",FALSE,0.451766320147843,"20","532","Santo Tomás Ocotepec"
1382,0.55828231319352,0.298674372620799,0.781419672292632,NA,"sintetico_postestratificado",FALSE,0.482745299671833,"20","280","Villa Talea de Castro"
1383,0.612749990670133,0.36941905104922,0.819597831607748,NA,"sintetico_postestratificado",FALSE,0.450178780558528,"20","533","Santo Tomás Tamazulapan"
1384,0.504061268113562,0.285805552831916,0.734774265659077,NA,"sintetico_postestratificado",FALSE,0.448968712827161,"20","368","Santa Catarina Minas"
1385,0.559050655172548,0.289314653043551,0.808584570218075,NA,"sintetico_postestratificado",FALSE,0.519269917174524,"20","282","San Miguel Tenango"
1386,0.578004739249643,0.329620468965701,0.799377301575084,NA,"sintetico_postestratificado",FALSE,0.469756832609383,"20","052","Magdalena Tequisistlán"
1387,0.549296022226043,0.310945317796931,0.772495604570719,NA,"sintetico_postestratificado",FALSE,0.461550286773789,"20","283","San Miguel Tequixtepec"
1388,0.548756180727782,0.292081553066111,0.770996144680023,NA,"sintetico_postestratificado",FALSE,0.478914591613911,"20","535","San Vicente Lachixío"
1389,0.551198922488944,0.305729578023071,0.766266424173095,NA,"sintetico_postestratificado",FALSE,0.460536846150024,"20","286","San Miguel Tlacotepec"
1390,0.553953943656539,0.302397919435212,0.790585176813893,NA,"sintetico_postestratificado",FALSE,0.488187257378681,"20","285","San Miguel Tlacamama"
1391,0.551822669548469,0.302427773889726,0.783882346752369,NA,"sintetico_postestratificado",FALSE,0.481454572862644,"20","288","San Miguel Yotao"
1392,0.529075142840962,0.29272365422975,0.771554722085851,NA,"sintetico_postestratificado",FALSE,0.478831067856102,"20","289","San Nicolás"
1393,0.493244941216728,0.234018080626951,0.73447305268496,NA,"sintetico_postestratificado",FALSE,0.500454972058008,"20","290","San Nicolás Hidalgo"
1394,0.53259630119961,0.281808807451666,0.753984089890962,NA,"sintetico_postestratificado",FALSE,0.472175282439296,"20","292","San Pablo Cuatro Venados"
1395,0.610581982467892,0.338767968767686,0.825015571340849,NA,"sintetico_postestratificado",FALSE,0.486247602573163,"20","380","Santa Cruz Papalutla"
1396,0.530463383310806,0.2726178134754,0.769799376026331,NA,"sintetico_postestratificado",FALSE,0.497181562550931,"20","294","San Pablo Huitzo"
1397,0.536362391575196,0.295294226851125,0.773143866306358,NA,"sintetico_postestratificado",FALSE,0.477849639455233,"20","043","Heroica Ciudad de Juchitán de Zaragoza"
1398,0.563442937271841,0.323202099564556,0.794289072377126,NA,"sintetico_postestratificado",FALSE,0.47108697281257,"20","295","San Pablo Huixtepec"
1399,0.543950782331546,0.296740371901361,0.778392696013216,NA,"sintetico_postestratificado",FALSE,0.481652324111855,"20","538","Sitio de Xitlapehua"
1400,0.534607812758095,0.287684630724619,0.765505129343653,NA,"sintetico_postestratificado",FALSE,0.477820498619033,"20","296","San Pablo Macuiltianguis"
1401,0.593544380635255,0.339771567745325,0.806638506774594,NA,"sintetico_postestratificado",FALSE,0.46686693902927,"20","297","San Pablo Tijaltepec"
1402,0.499119648462775,0.228031783993016,0.745282036524839,NA,"sintetico_postestratificado",FALSE,0.517250252531823,"20","304","San Pedro Coxcaltepec Cántaros"
1403,0.56294993375213,0.322409134785937,0.789377852773328,NA,"sintetico_postestratificado",FALSE,0.466968717987391,"20","299","San Pablo Yaganiza"
1404,0.536178475122401,0.291612729440314,0.770458802474641,NA,"sintetico_postestratificado",FALSE,0.478846073034328,"20","300","San Pedro Amuzgos"
1405,0.568001332677291,0.318192922195863,0.790231720987651,NA,"sintetico_postestratificado",FALSE,0.472038798791788,"20","308","San Pedro Huilotepec"
1406,0.551346345628694,0.309120425890344,0.782423129693918,NA,"sintetico_postestratificado",FALSE,0.473302703803574,"20","301","San Pedro Apóstol"
1407,0.567168542695585,0.304441709907992,0.792634419073699,NA,"sintetico_postestratificado",FALSE,0.488192709165707,"20","311","San Pedro Jaltepetongo"
1408,0.530211109284715,0.290792524417035,0.765239931668391,NA,"sintetico_postestratificado",FALSE,0.474447407251355,"20","302","San Pedro Atoyac"
1409,0.497157181062534,0.247169047618784,0.724805032553667,NA,"sintetico_postestratificado",FALSE,0.477635984934882,"20","303","San Pedro Cajonos"
1410,0.54964235001574,0.297386687707042,0.788975136218611,NA,"sintetico_postestratificado",FALSE,0.491588448511569,"20","305","San Pedro Comitancillo"
1411,0.530007938114126,0.30250078195867,0.739599322773273,NA,"sintetico_postestratificado",FALSE,0.437098540814604,"20","321","San Pedro Nopala"
1412,0.589660794462377,0.342521662499692,0.810201101506202,NA,"sintetico_postestratificado",FALSE,0.46767943900651,"20","332","San Pedro Topiltepec"
1413,0.527561168693722,0.287292222871369,0.7602237542413,NA,"sintetico_postestratificado",FALSE,0.472931531369931,"20","307","San Pedro Huamelula"
1414,0.49718084071971,0.251728659918679,0.739778817914881,NA,"sintetico_postestratificado",FALSE,0.488050157996202,"20","312","San Pedro Jicayán"
1415,0.624818157693243,0.360060709158012,0.825762456324458,NA,"sintetico_postestratificado",FALSE,0.465701747166446,"20","313","San Pedro Jocotipac"
1416,0.475295906274235,0.237491317408061,0.737996321752019,NA,"sintetico_postestratificado",FALSE,0.500505004343959,"20","314","San Pedro Juchatengo"
1417,0.530900643989589,0.289584225656668,0.761444703598146,NA,"sintetico_postestratificado",FALSE,0.471860477941478,"20","079","Salina Cruz"
1418,0.580899720008488,0.343670940197711,0.790650914878774,NA,"sintetico_postestratificado",FALSE,0.446979974681062,"20","331","San Pedro Tidaá"
1419,0.58540290407243,0.343350467112291,0.802064131896808,NA,"sintetico_postestratificado",FALSE,0.458713664784517,"20","315","San Pedro Mártir"
1420,0.556110793522019,0.312255433343693,0.78041245511848,NA,"sintetico_postestratificado",FALSE,0.468157021774787,"20","316","San Pedro Mártir Quiechapa"
1421,0.574078503413876,0.31286325940496,0.81017930908022,NA,"sintetico_postestratificado",FALSE,0.497316049675259,"20","207","San Juan Mazatlán"
1422,0.554841850166807,0.304847683032334,0.789574242578325,NA,"sintetico_postestratificado",FALSE,0.48472655954599,"20","317","San Pedro Mártir Yucuxaco"
1423,0.55123853994862,0.316869798056208,0.777588960658868,NA,"sintetico_postestratificado",FALSE,0.46071916260266,"20","356","Santa Ana del Valle"
1424,0.583278537037353,0.336609822847741,0.799956440422056,NA,"sintetico_postestratificado",FALSE,0.463346617574315,"20","319","San Pedro Mixtepec"
1425,0.571825678038033,0.315034409460121,0.795790763278565,NA,"sintetico_postestratificado",FALSE,0.480756353818444,"20","320","San Pedro Molinos"
1426,0.53401571365235,0.281745946414794,0.778260615712718,NA,"sintetico_postestratificado",FALSE,0.496514669297924,"20","322","San Pedro Ocopetatillo"
1427,0.489682258815892,0.237497242217486,0.736396908298633,NA,"sintetico_postestratificado",FALSE,0.498899666081147,"20","323","San Pedro Ocotepec"
1428,0.548164295412846,0.31098182784316,0.765647117849427,NA,"sintetico_postestratificado",FALSE,0.454665290006268,"20","325","San Pedro Quiatoni"
1429,0.616973542045345,0.379466586340134,0.82927359331164,NA,"sintetico_postestratificado",FALSE,0.449807006971506,"20","326","San Pedro Sochiápam"
1430,0.508650055938197,0.268535731108209,0.757417105321367,NA,"sintetico_postestratificado",FALSE,0.488881374213158,"20","328","San Pedro Taviche"
1431,0.566115487029332,0.316087359824265,0.799495097456748,NA,"sintetico_postestratificado",FALSE,0.483407737632483,"20","335","San Pedro Yaneri"
1432,0.542799892282447,0.287251349010008,0.781909387194889,NA,"sintetico_postestratificado",FALSE,0.494658038184881,"20","336","San Pedro Yólox"
1433,0.451506818332448,0.269000425504007,0.648931196464463,9,"muestra_directa",TRUE,0.379930770960456,"20","339","San Pedro y San Pablo Teposcolula"
1434,0.499260132401257,0.259790828039872,0.750251929226908,NA,"sintetico_postestratificado",FALSE,0.490461101187035,"20","340","San Pedro y San Pablo Tequixtepec"
1435,0.59626544011201,0.342223523143912,0.825788661642741,NA,"sintetico_postestratificado",FALSE,0.48356513849883,"20","341","San Pedro Yucunama"
1436,0.561495813802329,0.303996050796672,0.774700848344128,NA,"sintetico_postestratificado",FALSE,0.470704797547455,"20","342","San Raymundo Jalpan"
1437,0.594686061325693,0.351626698779903,0.828968414974836,NA,"sintetico_postestratificado",FALSE,0.477341716194934,"20","343","San Sebastián Abasolo"
1438,0.552833691222451,0.304344923083066,0.775855777925245,NA,"sintetico_postestratificado",FALSE,0.471510854842179,"20","345","San Sebastián Ixcapa"
1439,0.594981738868348,0.353749270640567,0.803147093025739,NA,"sintetico_postestratificado",FALSE,0.449397822385172,"20","346","San Sebastián Nicananduta"
1440,0.531958139463297,0.280137704684383,0.769680001139302,NA,"sintetico_postestratificado",FALSE,0.489542296454919,"20","347","San Sebastián Río Hondo"
1441,0.528929176290747,0.284173858920874,0.758923000656392,NA,"sintetico_postestratificado",FALSE,0.474749141735518,"20","539","Soledad Etla"
1442,0.574785933261017,0.332902507327416,0.798912835313315,NA,"sintetico_postestratificado",FALSE,0.4660103279859,"20","211","San Juan Ozolotepec"
1443,0.561956532174852,0.318556333777425,0.773742345864773,NA,"sintetico_postestratificado",FALSE,0.455186012087348,"20","212","San Juan Petlapa"
1444,0.580840256801668,0.339594448216542,0.79538201603999,NA,"sintetico_postestratificado",FALSE,0.455787567823447,"20","213","San Juan Quiahije"
1445,0.530624749525648,0.295095547312351,0.759130533278118,NA,"sintetico_postestratificado",FALSE,0.464034985965767,"20","348","San Sebastián Tecomaxtlahuaca"
1446,0.615619555195407,0.371506629264424,0.826653184196742,NA,"sintetico_postestratificado",FALSE,0.455146554932317,"20","349","San Sebastián Teitipac"
1447,0.52309705330999,0.279094250154891,0.763257130208297,NA,"sintetico_postestratificado",FALSE,0.484162880053406,"20","540","Villa de Tamazulápam del Progreso"
1448,0.533028639356069,0.282837555734478,0.763034030943451,NA,"sintetico_postestratificado",FALSE,0.480196475208973,"20","350","San Sebastián Tutla"
1449,0.49887858300796,0.254939535179001,0.743051289542874,NA,"sintetico_postestratificado",FALSE,0.488111754363874,"20","352","San Simón Zahuatlán"
1450,0.535337160179415,0.294198455363561,0.769315796375194,NA,"sintetico_postestratificado",FALSE,0.475117341011633,"20","353","Santa Ana"
1451,0.613014751528801,0.356868044750282,0.832389989741866,NA,"sintetico_postestratificado",FALSE,0.475521944991584,"20","354","Santa Ana Ateixtlahuaca"
1452,0.575846161375553,0.340106688171642,0.803955623726171,NA,"sintetico_postestratificado",FALSE,0.463848935554528,"20","355","Santa Ana Cuauhtémoc"
1453,0.505989780759547,0.269646560914644,0.736658575154067,NA,"sintetico_postestratificado",FALSE,0.467012014239422,"20","358","Santa Ana Tlapacoyan"
1454,0.552050435366217,0.311527516581469,0.793101816782076,NA,"sintetico_postestratificado",FALSE,0.481574300200607,"20","360","Santa Ana Zegache"
1455,0.572003219413308,0.320610273454502,0.797966811613973,NA,"sintetico_postestratificado",FALSE,0.477356538159471,"20","361","Santa Catalina Quierí"
1456,0.566154661806761,0.305384679005463,0.797061136187655,NA,"sintetico_postestratificado",FALSE,0.491676457182192,"20","362","Santa Catarina Cuixtla"
1457,0.521864554212461,0.292104976519983,0.750543028471743,NA,"sintetico_postestratificado",FALSE,0.45843805195176,"20","363","Santa Catarina Ixtepeji"
1458,0.516019060758351,0.275740337652681,0.759660076486412,NA,"sintetico_postestratificado",FALSE,0.483919738833731,"20","369","Santa Catarina Quiané"
1459,0.538154734321091,0.303003690326938,0.768696897202831,NA,"sintetico_postestratificado",FALSE,0.465693206875893,"20","370","Santa Catarina Tayata"
1460,0.463320157773323,0.23767009618407,0.713043730437153,NA,"sintetico_postestratificado",FALSE,0.475373634253083,"20","381","Santa Cruz Tacache de Mina"
1461,0.550603047079569,0.315697583654063,0.786364885733919,NA,"sintetico_postestratificado",FALSE,0.470667302079856,"20","372","Santa Catarina Yosonotú"
1462,0.615207698177806,0.360295255005629,0.835721185010614,NA,"sintetico_postestratificado",FALSE,0.475425930004985,"20","373","Santa Catarina Zapoquila"
1463,0.510485626928223,0.272375595757867,0.740810476506051,NA,"sintetico_postestratificado",FALSE,0.468434880748184,"20","374","Santa Cruz Acatepec"
1464,0.573212115598557,0.336809616981067,0.792837228919273,NA,"sintetico_postestratificado",FALSE,0.456027611938206,"20","293","San Pablo Etla"
1465,0.537829481473649,0.272597490627705,0.779211294586847,NA,"sintetico_postestratificado",FALSE,0.506613803959142,"20","375","Santa Cruz Amilpas"
1466,0.494684411999066,0.259800300344839,0.747489341624574,NA,"sintetico_postestratificado",FALSE,0.487689041279734,"20","376","Santa Cruz de Bravo"
1467,0.510583707099292,0.255383361986217,0.764266156118791,NA,"sintetico_postestratificado",FALSE,0.508882794132574,"20","382","Santa Cruz Tacahua"
1468,0.61969393429982,0.37631386054438,0.832968312101724,NA,"sintetico_postestratificado",FALSE,0.456654451557344,"20","383","Santa Cruz Tayata"
1469,0.521412292486814,0.287724493283521,0.763187344464392,NA,"sintetico_postestratificado",FALSE,0.475462851180871,"20","384","Santa Cruz Xitla"
1470,0.556616576802181,0.315837352560051,0.785310018728653,NA,"sintetico_postestratificado",FALSE,0.469472666168603,"20","386","Santa Cruz Zenzontepec"
1471,0.510898217209774,0.267448488331684,0.758607638249576,NA,"sintetico_postestratificado",FALSE,0.491159149917892,"20","387","Santa Gertrudis"
1472,0.513653793361007,0.265488999047962,0.756384179663427,NA,"sintetico_postestratificado",FALSE,0.490895180615465,"20","179","San Juan Bautista Jayacatlán"
1473,0.515888684245182,0.269863570597061,0.752909063514117,NA,"sintetico_postestratificado",FALSE,0.483045492917057,"20","388","Santa Inés del Monte"
1474,0.468112473873432,0.240110036279932,0.700626296154768,3,"muestra_directa",TRUE,0.460516259874837,"20","390","Santa Lucía del Camino"
1475,0.576553604920992,0.364753461627922,0.772206485151726,4,"muestra_directa",TRUE,0.407453023523804,"20","408","Santa María del Rosario"
1476,0.536273646554657,0.289465705038878,0.771436189701793,NA,"sintetico_postestratificado",FALSE,0.481970484662915,"20","391","Santa Lucía Miahuatlán"
1477,0.588739369497103,0.316945740795936,0.804211599420339,NA,"sintetico_postestratificado",FALSE,0.487265858624404,"20","418","Santa María Jalapa del Marqués"
1478,0.570054916277799,0.330431272028489,0.794094459091843,NA,"sintetico_postestratificado",FALSE,0.463663187063354,"20","392","Santa Lucía Monteverde"
1479,0.475514640613233,0.227699685045708,0.722248033826654,NA,"sintetico_postestratificado",FALSE,0.494548348780945,"20","393","Santa Lucía Ocotlán"
1480,0.518938233660346,0.285937196242508,0.762919298834654,NA,"sintetico_postestratificado",FALSE,0.476982102592147,"20","394","Santa María Alotepec"
1481,0.515890577199598,0.259954012286242,0.752812715303406,NA,"sintetico_postestratificado",FALSE,0.492858703017165,"20","395","Santa María Apazco"
1482,0.495213324350253,0.241631879035139,0.749419958169718,NA,"sintetico_postestratificado",FALSE,0.507788079134578,"20","396","Santa María la Asunción"
1483,0.503340653023983,0.304598022191306,0.70225323137209,8,"muestra_directa",TRUE,0.397655209180783,"20","397","Heroica Ciudad de Tlaxiaco"
1484,0.549280236145989,0.307839975889388,0.781234967207512,NA,"sintetico_postestratificado",FALSE,0.473394991318124,"20","398","Ayoquezco de Aldama"
1485,0.507093380046896,0.266820340160542,0.744602708973875,NA,"sintetico_postestratificado",FALSE,0.477782368813333,"20","399","Santa María Atzompa"
1486,0.525897624066752,0.281838450165427,0.759077145570487,NA,"sintetico_postestratificado",FALSE,0.47723869540506,"20","400","Santa María Camotlán"
1487,0.531153628637669,0.288187460316214,0.761048305844475,NA,"sintetico_postestratificado",FALSE,0.472860845528261,"20","402","Santa María Cortijo"
1488,0.510981594161121,0.263331516018202,0.744331527558042,NA,"sintetico_postestratificado",FALSE,0.48100001153984,"20","154","San Ildefonso Amatlán"
1489,0.611947968313711,0.357148295651253,0.816990746490957,NA,"sintetico_postestratificado",FALSE,0.459842450839704,"20","155","San Ildefonso Sola"
1490,0.545624778007727,0.287877169410871,0.779849096162967,NA,"sintetico_postestratificado",FALSE,0.491971926752096,"20","156","San Ildefonso Villa Alta"
1491,0.587023125491121,0.332018217068164,0.817530520801405,NA,"sintetico_postestratificado",FALSE,0.485512303733241,"20","403","Santa María Coyotepec"
1492,0.497154631612818,0.256037048489278,0.736085379445189,NA,"sintetico_postestratificado",FALSE,0.480048330955911,"20","419","Santa María Jaltianguis"
1493,0.579955187969729,0.320463909453892,0.80918153378964,NA,"sintetico_postestratificado",FALSE,0.488717624335747,"20","405","Villa de Chilapa de Díaz"
1494,0.592715897490172,0.339146072598365,0.818452459330329,NA,"sintetico_postestratificado",FALSE,0.479306386731965,"20","409","Santa María del Tule"
1495,0.513928949258832,0.270425223067158,0.75102959927908,NA,"sintetico_postestratificado",FALSE,0.480604376211922,"20","264","San Miguel Chicahua"
1496,0.565477889069906,0.322972012574502,0.782694732231785,NA,"sintetico_postestratificado",FALSE,0.459722719657283,"20","411","Santa María Guelacé"
1497,0.532098830621877,0.294086802015001,0.765695596828903,NA,"sintetico_postestratificado",FALSE,0.471608794813902,"20","106","San Antonio Acutla"
1498,0.545405212115325,0.301077346006394,0.776828078456334,NA,"sintetico_postestratificado",FALSE,0.47575073244994,"20","198","San Juan Guichicovi"
1499,0.479344614658217,0.243836384217886,0.709523968324475,NA,"sintetico_postestratificado",FALSE,0.465687584106588,"20","365","Santa Catarina Lachatao"
1500,0.51483594395736,0.325993333302705,0.702180761176966,10,"muestra_directa",FALSE,0.376187427874262,"20","002","Acatlán de Pérez Figueroa"
1501,0.541519897356341,0.304330720116006,0.773261032630287,NA,"sintetico_postestratificado",FALSE,0.468930312514281,"20","006","Asunción Nochixtlán"
1502,0.543368747485701,0.273532282155104,0.773429603580349,NA,"sintetico_postestratificado",FALSE,0.499897321425245,"20","008","Asunción Tlacolulita"
1503,0.546684126801674,0.297931482330832,0.769752900441707,NA,"sintetico_postestratificado",FALSE,0.471821418110874,"20","009","Ayotzintepec"
1504,0.52689073347157,0.283073852013979,0.745468742415535,NA,"sintetico_postestratificado",FALSE,0.462394890401556,"20","010","El Barrio de la Soledad"
1505,0.545487206681352,0.287116887987322,0.769750730740788,NA,"sintetico_postestratificado",FALSE,0.482633842753466,"20","055","Mariscala de Juárez"
1506,0.553057635297685,0.313469710321465,0.798844470534524,NA,"sintetico_postestratificado",FALSE,0.485374760213059,"20","412","Santa María Guienagati"
1507,0.50527727136602,0.259659850849278,0.76456259102118,NA,"sintetico_postestratificado",FALSE,0.504902740171902,"20","414","Santa María Huazolotitlán"
1508,0.537891686489549,0.275354922625808,0.7832031502217,NA,"sintetico_postestratificado",FALSE,0.507848227595892,"20","415","Santa María Ipalapa"
1509,0.528569615089709,0.301248372270048,0.749003229851534,NA,"sintetico_postestratificado",FALSE,0.447754857581486,"20","287","San Miguel Tulancingo"
1510,0.510392579890138,0.258933073244816,0.74563356713878,NA,"sintetico_postestratificado",FALSE,0.486700493893964,"20","291","San Pablo Coatlán"
1511,0.526238452767865,0.286484822043102,0.767634646527487,NA,"sintetico_postestratificado",FALSE,0.481149824484385,"20","298","San Pablo Villa de Mitla"
1512,0.618463632915781,0.40494122172562,0.80402438648597,3,"muestra_directa",TRUE,0.399083164760351,"20","385","Santa Cruz Xoxocotlán"
1513,0.522791352405849,0.272542643514747,0.762370986633979,NA,"sintetico_postestratificado",FALSE,0.489828343119232,"20","416","Santa María Ixcatlán"
1514,0.564563220337787,0.311473213884699,0.789480707268198,NA,"sintetico_postestratificado",FALSE,0.478007493383499,"20","420","Santa María Lachixío"
1515,0.486162359841337,0.27138635758732,0.708747846676237,4,"muestra_directa",TRUE,0.437361489088916,"20","023","Cuilápam de Guerrero"
1516,0.531491019008754,0.276702285256453,0.759396713218188,NA,"sintetico_postestratificado",FALSE,0.482694427961735,"20","306","San Pedro el Alto"
1517,0.530174567686909,0.319666501998827,0.726402241989871,7,"muestra_directa",TRUE,0.406735739991044,"20","310","San Pedro Ixtlahuaca"
1518,0.554873186691808,0.311969734202667,0.786639038249496,NA,"sintetico_postestratificado",FALSE,0.47466930404683,"20","421","Santa María Mixtequilla"
1519,0.515842220427449,0.257491871986258,0.748325164337101,NA,"sintetico_postestratificado",FALSE,0.490833292350843,"20","309","San Pedro Ixcatlán"
1520,0.548061027535544,0.316923115917786,0.766549059002953,4,"muestra_directa",TRUE,0.449625943085166,"20","324","San Pedro Pochutla"
1521,0.511718871312196,0.272822908176191,0.748339760436723,NA,"sintetico_postestratificado",FALSE,0.475516852260533,"20","337","San Pedro y San Pablo Ayutla"
1522,0.54009339011236,0.286929193438444,0.771098785523067,NA,"sintetico_postestratificado",FALSE,0.484169592084622,"20","351","San Simón Almolongas"
1523,0.527371187396528,0.279822996488191,0.758964990967179,NA,"sintetico_postestratificado",FALSE,0.479141994478988,"20","425","Santa María Pápalo"
1524,0.535375086659616,0.274627411928213,0.77322431758382,NA,"sintetico_postestratificado",FALSE,0.498596905655607,"20","426","Santa María Peñoles"
1525,0.550249196268079,0.301853114427815,0.777930180955068,NA,"sintetico_postestratificado",FALSE,0.476077066527253,"20","427","Santa María Petapa"
1526,0.510440281512567,0.254195389803126,0.742867476738476,NA,"sintetico_postestratificado",FALSE,0.48867208693535,"20","428","Santa María Quiegolani"
1527,0.524174058432609,0.259617605360433,0.766050066689838,NA,"sintetico_postestratificado",FALSE,0.506432461329405,"20","432","Santa María Temaxcalapa"
1528,0.537742089458845,0.305907505335167,0.759764855095722,NA,"sintetico_postestratificado",FALSE,0.453857349760555,"20","429","Santa María Sola"
1529,0.539840081488642,0.300313256441768,0.779712116314583,NA,"sintetico_postestratificado",FALSE,0.479398859872815,"20","430","Santa María Tataltepec"
1530,0.58703531594194,0.341268288543338,0.807037583529597,NA,"sintetico_postestratificado",FALSE,0.465769294986258,"20","431","Santa María Tecomavaca"
1531,0.557176054078923,0.319581663319244,0.769983962483838,1,"muestra_directa",TRUE,0.450402299164594,"20","021","Cosolapa"
1532,0.611449637737756,0.355537804628375,0.834454668393285,NA,"sintetico_postestratificado",FALSE,0.47891686376491,"20","175","San Juan Bautista Atatlahuca"
1533,0.465301950799802,0.233081475123304,0.723067317960064,NA,"sintetico_postestratificado",FALSE,0.489985842836759,"20","270","San Miguel Huautla"
1534,0.515482414989697,0.261418952052489,0.768866092581777,NA,"sintetico_postestratificado",FALSE,0.507447140529288,"20","433","Santa María Temaxcaltepec"
1535,0.574981333275385,0.307591214200939,0.817590264133408,NA,"sintetico_postestratificado",FALSE,0.509999049932468,"20","436","Santa María Texcatitlán"
1536,0.499125723767825,0.256371701514495,0.735658742541483,NA,"sintetico_postestratificado",FALSE,0.479287041026987,"20","452","Santiago Apóstol"
1537,0.662116962640762,0.424174526926471,0.861843336697399,NA,"sintetico_postestratificado",FALSE,0.437668809770928,"20","442","Santa María Yalina"
1538,0.514614664689659,0.280963156526314,0.732580703160451,NA,"sintetico_postestratificado",FALSE,0.451617546634137,"20","438","Santa María Tlalixtac"
1539,0.532050090009842,0.289712440383516,0.761525566819554,NA,"sintetico_postestratificado",FALSE,0.471813126436038,"20","434","Santa María Teopoxco"
1540,0.529747308654985,0.290575452266361,0.764774268979451,NA,"sintetico_postestratificado",FALSE,0.47419881671309,"20","444","Santa María Yolotepec"
1541,0.520884888208653,0.287376062877608,0.775974072705848,NA,"sintetico_postestratificado",FALSE,0.48859800982824,"20","443","Santa María Yavesía"
1542,0.533398679890084,0.276704598331733,0.763089022844587,NA,"sintetico_postestratificado",FALSE,0.486384424512854,"20","445","Santa María Yosoyúa"
1543,0.508550685843877,0.249201813086965,0.754802399311829,NA,"sintetico_postestratificado",FALSE,0.505600586224864,"20","448","Santa María Zaniza"
1544,0.597121442632627,0.355880970368382,0.809382138310399,NA,"sintetico_postestratificado",FALSE,0.453501167942017,"20","449","Santa María Zoquitlán"
1545,0.556649400529593,0.319821844261482,0.788537045744737,NA,"sintetico_postestratificado",FALSE,0.468715201483255,"20","462","Santiago Huajolotitlán"
1546,0.520237341452065,0.271478154788682,0.764912657047774,NA,"sintetico_postestratificado",FALSE,0.493434502259092,"20","453","Santiago Astata"
1547,0.5944061028455,0.34430832254088,0.811947319933014,NA,"sintetico_postestratificado",FALSE,0.467638997392133,"20","454","Santiago Atitlán"
1548,0.592839779760133,0.348104503097162,0.816323908241574,NA,"sintetico_postestratificado",FALSE,0.468219405144412,"20","455","Santiago Ayuquililla"
1549,0.580465645481781,0.328831643572052,0.793754973220315,NA,"sintetico_postestratificado",FALSE,0.464923329648263,"20","458","Santiago Comaltepec"
1550,0.546069556150038,0.289616427152991,0.772178284178564,NA,"sintetico_postestratificado",FALSE,0.482561857025574,"20","461","Santiago del Río"
1551,0.530779681555286,0.294754193258762,0.766323371237291,NA,"sintetico_postestratificado",FALSE,0.471569177978529,"20","465","Santiago Ixcuintepec"
1552,0.53977403963674,0.289566434440203,0.784544848721639,NA,"sintetico_postestratificado",FALSE,0.494978414281436,"20","466","Santiago Ixtayutla"
1553,0.58439748716868,0.341474867468889,0.792844263391085,NA,"sintetico_postestratificado",FALSE,0.451369395922196,"20","468","Santiago Jocotepec"
1554,0.53570269176387,0.281823650331896,0.769693860743273,NA,"sintetico_postestratificado",FALSE,0.487870210411376,"20","470","Santiago Lachiguiri"
1555,0.611612149503414,0.379768523119911,0.82459620337669,NA,"sintetico_postestratificado",FALSE,0.44482768025678,"20","471","Santiago Lalopa"
1556,0.56502066733443,0.299210528599931,0.785372488463455,NA,"sintetico_postestratificado",FALSE,0.486161959863524,"20","472","Santiago Laollaga"
1557,0.558370808006214,0.322782943296215,0.791345256220233,NA,"sintetico_postestratificado",FALSE,0.468562312924018,"20","473","Santiago Laxopa"
1558,0.545760314379317,0.289209797077349,0.778302522829605,NA,"sintetico_postestratificado",FALSE,0.489092725752256,"20","474","Santiago Llano Grande"
1559,0.54488753603007,0.30268670264584,0.767608658858466,NA,"sintetico_postestratificado",FALSE,0.464921956212626,"20","475","Santiago Matatlán"
1560,0.550554961824267,0.322043356240369,0.762537679997615,NA,"sintetico_postestratificado",FALSE,0.440494323757247,"20","476","Santiago Miltepec"
1561,0.519020798077372,0.262977188679436,0.75378723331555,NA,"sintetico_postestratificado",FALSE,0.490810044636115,"20","389","Santa Inés Yatzeche"
1562,0.539579173322175,0.302669904766966,0.773111531398583,NA,"sintetico_postestratificado",FALSE,0.470441626631618,"20","478","Santiago Nacaltepec"
1563,0.657233972660533,0.406780217694081,0.862962498179865,NA,"sintetico_postestratificado",FALSE,0.456182280485785,"20","479","Santiago Nejapilla"
1564,0.55353059215985,0.319215366057992,0.792313971034499,NA,"sintetico_postestratificado",FALSE,0.473098604976507,"20","012","Candelaria Loxicha"
1565,0.621639219584982,0.395062586133875,0.828140875754745,3,"muestra_directa",TRUE,0.433078289620871,"20","028","Heroica Ciudad de Ejutla de Crespo"
1566,0.632800321862344,0.425873574663487,0.80683120586902,5,"muestra_directa",TRUE,0.380957631205534,"20","039","Heroica Ciudad de Huajuapan de León"
1567,0.565273820830868,0.31829939988919,0.79909870969795,NA,"sintetico_postestratificado",FALSE,0.480799309808761,"20","064","Nejapa de Madero"
1568,0.563767780498989,0.320249430497549,0.784224766856849,NA,"sintetico_postestratificado",FALSE,0.4639753363593,"20","066","Santiago Niltepec"
1569,0.598761336742871,0.368140401157884,0.802677038527567,4,"muestra_directa",TRUE,0.434536637369684,"20","067","Oaxaca de Juárez"
1570,0.552774206965019,0.302691647188929,0.781735548669523,NA,"sintetico_postestratificado",FALSE,0.479043901480594,"20","068","Ocotlán de Morelos"
1571,0.597133591752425,0.363744658151367,0.810383872198548,NA,"sintetico_postestratificado",FALSE,0.446639214047181,"20","073","Putla Villa de Guerrero"
1572,0.595736752815433,0.355579256254677,0.805816325932644,NA,"sintetico_postestratificado",FALSE,0.450237069677967,"20","085","San Agustín Loxicha"
1573,0.569565088474053,0.313901693816293,0.795103240882014,NA,"sintetico_postestratificado",FALSE,0.481201547065721,"20","088","San Andrés Cabecera Nueva"
1574,0.518397745096714,0.272568841230671,0.756457050046965,NA,"sintetico_postestratificado",FALSE,0.483888208816294,"20","483","Santiago Suchilquitongo"
1575,0.560585600724983,0.326776601701377,0.785722408725231,NA,"sintetico_postestratificado",FALSE,0.458945807023853,"20","486","Villa Tejúpam de la Unión"
1576,0.646595212011005,0.387278816422444,0.842236796153333,NA,"sintetico_postestratificado",FALSE,0.454957979730889,"20","093","San Andrés Lagunas"
1577,0.540407199655056,0.300857312154975,0.76731130781586,NA,"sintetico_postestratificado",FALSE,0.466453995660885,"20","113","San Baltazar Loxicha"
1578,0.548447372312254,0.300708988334421,0.765630955939816,NA,"sintetico_postestratificado",FALSE,0.464921967605395,"20","487","Santiago Tenango"
1579,0.475475810222005,0.232359028910756,0.73362591729631,NA,"sintetico_postestratificado",FALSE,0.501266888385555,"20","488","Santiago Tepetlapa"
1580,0.522675952813537,0.277694359571035,0.76177881502821,NA,"sintetico_postestratificado",FALSE,0.484084455457175,"20","496","Santiago Xiacuí"
1581,0.570317372392934,0.331178754532165,0.802256548906594,NA,"sintetico_postestratificado",FALSE,0.471077794374429,"20","509","Santo Domingo de Morelos"
1582,0.501916619694217,0.250405405336515,0.743327708193289,NA,"sintetico_postestratificado",FALSE,0.492922302856774,"20","557","Unión Hidalgo"
1583,0.569445601411616,0.316832023390707,0.790771533554722,NA,"sintetico_postestratificado",FALSE,0.473939510164015,"20","560","Villa Díaz Ordaz"
1584,0.563761718559622,0.318307526275898,0.790992200384743,NA,"sintetico_postestratificado",FALSE,0.472684674108845,"20","038","Villa Hidalgo Yalálag"
1585,0.607554211870927,0.330714461084003,0.824638633294537,NA,"sintetico_postestratificado",FALSE,0.493924172210534,"20","238","Heroico San Martín de los Cansecos"
1586,0.598451903604029,0.345636470308422,0.819589884443966,NA,"sintetico_postestratificado",FALSE,0.473953414135543,"21","180","Tlahuapan"
1587,0.550668105489926,0.302709500156706,0.786402001717476,NA,"sintetico_postestratificado",FALSE,0.483692501560771,"21","080","Atlequizayan"
1588,0.570776231229071,0.319299767847206,0.797582349837742,NA,"sintetico_postestratificado",FALSE,0.478282581990536,"21","087","Jolalpan"
1589,0.576960229809248,0.3142029574178,0.801786367924522,NA,"sintetico_postestratificado",FALSE,0.487583410506722,"21","088","Jonotla"
1590,0.540629106047622,0.293544735196981,0.769064841598943,NA,"sintetico_postestratificado",FALSE,0.475520106401962,"21","081","Ixcamilpa de Guerrero"
1591,0.610596694882529,0.355823925431904,0.820729095820036,NA,"sintetico_postestratificado",FALSE,0.464905170388131,"21","083","Ixtacamaxtitlán"
1592,0.688352937077143,0.505515170080175,0.831690978202851,13,"muestra_directa",FALSE,0.326175808122676,"21","197","Xicotepec"
1593,0.562401156255205,0.317672678358147,0.793726529822581,NA,"sintetico_postestratificado",FALSE,0.476053851464433,"21","193","Tzicatlacoyan"
1594,0.56614025167471,0.339181912161593,0.793429539010437,NA,"sintetico_postestratificado",FALSE,0.454247626848844,"21","192","Tuzamapan de Galeana"
1595,0.580913569664926,0.340301438315585,0.800217422895428,NA,"sintetico_postestratificado",FALSE,0.459915984579843,"21","215","Zongozotla"
1596,0.560933351722745,0.325061752445765,0.775186116384506,NA,"sintetico_postestratificado",FALSE,0.450124363938741,"21","191","Tulcingo"
1597,0.577904401583763,0.332711856744255,0.796057357136089,NA,"sintetico_postestratificado",FALSE,0.463345500391834,"21","216","Zoquiapan"
1598,0.578535449622921,0.389017091215534,0.746291631747751,13,"muestra_directa",FALSE,0.357274540532217,"21","199","Xiutetelco"
1599,0.59093235060298,0.344134821842364,0.814631878003135,NA,"sintetico_postestratificado",FALSE,0.470497056160771,"21","198","Xicotlán"
1600,0.530518158737702,0.297668058901484,0.764767070146803,NA,"sintetico_postestratificado",FALSE,0.467099011245318,"21","178","Tlacuilotepec"
1601,0.593579902832288,0.343991268092058,0.816975001069025,NA,"sintetico_postestratificado",FALSE,0.472983732976967,"21","105","Ocotepec"
1602,0.539542777458461,0.32808399337074,0.732234863087186,6,"muestra_directa",TRUE,0.404150869716446,"21","132","San Martín Texmelucan"
1603,0.54248554052782,0.299896770874718,0.761764659014336,NA,"sintetico_postestratificado",FALSE,0.461867888139618,"21","143","San Salvador el Verde"
1604,0.564836085097604,0.321974944745404,0.789403580159715,NA,"sintetico_postestratificado",FALSE,0.467428635414311,"21","176","Tilapa"
1605,0.559270872614727,0.292699699166401,0.785146807635539,NA,"sintetico_postestratificado",FALSE,0.492447108469138,"21","174","Teziutlán"
1606,0.511019753337342,0.269687471293482,0.757307989533966,NA,"sintetico_postestratificado",FALSE,0.487620518240484,"21","171","Tepeyahualco de Cuauhtémoc"
1607,0.575263694813324,0.339623084767222,0.788852936564606,NA,"sintetico_postestratificado",FALSE,0.449229851797384,"21","103","Nicolás Bravo"
1608,0.542785306563577,0.336529165629557,0.743797561457609,5,"muestra_directa",TRUE,0.407268395828051,"21","102","Nealtican"
1609,0.597826949018447,0.361573678890247,0.806544013707821,NA,"sintetico_postestratificado",FALSE,0.444970334817574,"21","142","San Salvador el Seco"
1610,0.566828547565012,0.324152470051059,0.774603813032462,NA,"sintetico_postestratificado",FALSE,0.450451342981403,"21","101","Nauzontla"
1611,0.579791015426674,0.341090997738766,0.80400598483872,NA,"sintetico_postestratificado",FALSE,0.462914987099955,"21","100","Naupan"
1612,0.58445101193221,0.319940426774593,0.814029658057554,NA,"sintetico_postestratificado",FALSE,0.494089231282961,"21","099","Cañada Morelos"
1613,0.61052228246394,0.368745339670512,0.826853506680338,NA,"sintetico_postestratificado",FALSE,0.458108167009826,"21","098","Molcaxac"
1614,0.521793540484893,0.282306003361453,0.755785478979213,NA,"sintetico_postestratificado",FALSE,0.47347947561776,"21","001","Acajete"
1615,0.612335054913723,0.382802847386749,0.825645239280827,NA,"sintetico_postestratificado",FALSE,0.442842391894078,"21","182","Tlanepantla"
1616,0.554351369612542,0.301862411488516,0.772432379061895,NA,"sintetico_postestratificado",FALSE,0.470569967573379,"21","201","Xochiltepec"
1617,0.550375578798177,0.310178683230757,0.783131849987441,NA,"sintetico_postestratificado",FALSE,0.472953166756684,"21","110","Palmar de Bravo"
1618,0.566069811211221,0.31663288813831,0.799331156140891,NA,"sintetico_postestratificado",FALSE,0.482698268002581,"21","109","Pahuatlán"
1619,0.547614430854783,0.324784151350178,0.77930465051609,NA,"sintetico_postestratificado",FALSE,0.454520499165913,"21","067","Guadalupe Victoria"
1620,0.563737653121319,0.352073913363995,0.768006138075173,3,"muestra_directa",TRUE,0.415932224711178,"21","147","Santa Inés Ahuatempan"
1621,0.542808902475038,0.297447552142123,0.763812598442173,NA,"sintetico_postestratificado",FALSE,0.46636504630005,"21","204","Yaonáhuac"
1622,0.515553235755872,0.284189600378443,0.741166004218908,NA,"sintetico_postestratificado",FALSE,0.456976403840465,"21","108","Oriental"
1623,0.567391446773705,0.344626885662793,0.772468917057644,3,"muestra_directa",TRUE,0.427842031394851,"21","066","Guadalupe"
1624,0.590609471480751,0.359138379857342,0.809604499910659,NA,"sintetico_postestratificado",FALSE,0.450466120053317,"21","167","Tepetzintla"
1625,0.524611498909588,0.285409084479828,0.761795515214867,NA,"sintetico_postestratificado",FALSE,0.476386430735039,"21","166","Tepeojuma"
1626,0.535845297817626,0.341365027655873,0.712942615327721,12,"muestra_directa",FALSE,0.371577587671848,"21","065","General Felipe Ángeles"
1627,0.56397650776203,0.316644108215768,0.793137345583584,NA,"sintetico_postestratificado",FALSE,0.476493237367816,"21","181","Tlaltenango"
1628,0.570025656670456,0.334173768533039,0.799421437449564,NA,"sintetico_postestratificado",FALSE,0.465247668916525,"21","064","Francisco Z. Mena"
1629,0.585350939209546,0.368072067111467,0.779201583376023,6,"muestra_directa",TRUE,0.411129516264556,"21","148","Santa Isabel Cholula"
1630,0.553331232676422,0.317806695369202,0.784355044669935,NA,"sintetico_postestratificado",FALSE,0.466548349300733,"21","063","Esperanza"
1631,0.563250823787479,0.305052909937347,0.788639168084492,NA,"sintetico_postestratificado",FALSE,0.483586258147145,"21","217","Zoquitlán"
1632,0.418396300931975,0.257041894793725,0.584634137054056,17,"muestra_directa",FALSE,0.327592242260332,"21","207","Zacapoaxtla"
1633,0.545419414761745,0.301934070928712,0.765221334161236,NA,"sintetico_postestratificado",FALSE,0.463287263232524,"21","214","Zinacatepec"
1634,0.541008070316693,0.284187547357603,0.772331078034889,NA,"sintetico_postestratificado",FALSE,0.488143530677285,"21","059","Chinantla"
1635,0.563652661010242,0.320037529242948,0.791453512149414,NA,"sintetico_postestratificado",FALSE,0.471415982906466,"21","058","Chilchotla"
1636,0.584843308967081,0.35055863686615,0.815368409548697,NA,"sintetico_postestratificado",FALSE,0.464809772682547,"21","057","Honey"
1637,0.535302008520148,0.303425843835451,0.767268571006018,NA,"sintetico_postestratificado",FALSE,0.463842727170567,"21","056","Chila de la Sal"
1638,0.595680253413151,0.362139333398702,0.801695265714507,NA,"sintetico_postestratificado",FALSE,0.439555932315805,"21","107","Olintla"
1639,0.547595495730631,0.296182588301618,0.787546221805641,NA,"sintetico_postestratificado",FALSE,0.491363633504023,"21","106","Ocoyucan"
1640,0.580808378906229,0.358562208954791,0.775528082961937,4,"muestra_directa",TRUE,0.416965874007146,"21","055","Chila"
1641,0.553313254934877,0.307249283567303,0.776008109057313,NA,"sintetico_postestratificado",FALSE,0.46875882549001,"21","200","Xochiapulco"
1642,0.562965858573763,0.308219972143716,0.795335776031459,NA,"sintetico_postestratificado",FALSE,0.487115803887743,"21","051","Chietla"
1643,0.546244716377727,0.309584295704434,0.780345711884473,NA,"sintetico_postestratificado",FALSE,0.47076141618004,"21","050","Chichiquila"
1644,0.554174709192014,0.334949918140342,0.788818595472381,NA,"sintetico_postestratificado",FALSE,0.453868677332039,"21","096","Mazapiltepec de Juárez"
1645,0.534567609885513,0.286695690051524,0.788202032254715,NA,"sintetico_postestratificado",FALSE,0.50150634220319,"21","095","La Magdalena Tlatlauquitepec"
1646,0.55235673342096,0.313648577656224,0.768260330223608,NA,"sintetico_postestratificado",FALSE,0.454611752567385,"21","094","Libres"
1647,0.536446815849963,0.307596322771216,0.775343975337168,NA,"sintetico_postestratificado",FALSE,0.467747652565952,"21","093","Lafragua"
1648,0.566940081139312,0.323381224347382,0.800151743346512,NA,"sintetico_postestratificado",FALSE,0.47677051899913,"21","092","Juan N. Méndez"
1649,0.573556082444112,0.326706818118125,0.797848890293115,NA,"sintetico_postestratificado",FALSE,0.47114207217499,"21","091","Juan Galindo"
1650,0.591218946061932,0.357047011387666,0.80904514859067,NA,"sintetico_postestratificado",FALSE,0.451998137203004,"21","208","Zacatlán"
1651,0.536798855554264,0.303841328434081,0.766549011427978,NA,"sintetico_postestratificado",FALSE,0.462707682993897,"21","090","Juan C. Bonilla"
1652,0.562629974100815,0.324507692015946,0.777361069079868,NA,"sintetico_postestratificado",FALSE,0.452853377063922,"21","037","Coyotepec"
1653,0.540154214925929,0.30244115537294,0.75946344813066,NA,"sintetico_postestratificado",FALSE,0.45702229275772,"21","035","Coxcatlán"
1654,0.540777267315962,0.31703404572746,0.749485225551096,4,"muestra_directa",TRUE,0.432451179823636,"21","034","Coronango"
1655,0.550401988891628,0.304673301886361,0.786962085938916,NA,"sintetico_postestratificado",FALSE,0.482288784052556,"21","033","Cohuecan"
1656,0.588771317497168,0.334758491845868,0.808466707253915,NA,"sintetico_postestratificado",FALSE,0.473708215408047,"21","032","Cohetzala"
1657,0.555792182694919,0.325710437619672,0.772999214521137,NA,"sintetico_postestratificado",FALSE,0.447288776901466,"21","031","Coatzingo"
1658,0.528327899297369,0.274690409071506,0.769457027710789,NA,"sintetico_postestratificado",FALSE,0.494766618639283,"21","030","Coatepec"
1659,0.550538413199223,0.31546150193545,0.770218395628706,NA,"sintetico_postestratificado",FALSE,0.454756893693256,"21","029","Caxhuacan"
1660,0.565222207593557,0.325301849110538,0.792143742646195,NA,"sintetico_postestratificado",FALSE,0.466841893535657,"21","028","Camocuautla"
1661,0.544512514424393,0.31349568564344,0.77398388541225,NA,"sintetico_postestratificado",FALSE,0.46048819976881,"21","020","Atoyatempan"
1662,0.581021276432645,0.326613467894285,0.814880701727933,NA,"sintetico_postestratificado",FALSE,0.488267233833648,"21","077","Hueytlalpan"
1663,0.556866186931228,0.317551253443675,0.782828675094865,NA,"sintetico_postestratificado",FALSE,0.46527742165119,"21","074","Huejotzingo"
1664,0.52303755168146,0.292308257417707,0.757552911652505,NA,"sintetico_postestratificado",FALSE,0.465244654234798,"21","022","Atzitzihuacán"
1665,0.554017403217344,0.307690759152686,0.784649111193561,NA,"sintetico_postestratificado",FALSE,0.476958352040875,"21","025","Ayotoxco de Guerrero"
1666,0.448198529254153,0.264042132253201,0.646268698723967,9,"muestra_directa",TRUE,0.382226566470766,"21","177","Tlacotepec de Benito Juárez"
1667,0.544738555505533,0.316997395646133,0.781801286608786,NA,"sintetico_postestratificado",FALSE,0.464803890962653,"21","075","Hueyapan"
1668,0.542431901044271,0.299847165392399,0.763282565817634,NA,"sintetico_postestratificado",FALSE,0.463435400425235,"21","078","Huitzilan de Serdán"
1669,0.563234385643033,0.330756894050418,0.792030652683902,NA,"sintetico_postestratificado",FALSE,0.461273758633484,"21","079","Huitziltepec"
1670,0.535213429870434,0.302185844368445,0.772515296064989,NA,"sintetico_postestratificado",FALSE,0.470329451696545,"21","187","Tlaxco"
1671,0.542879866006912,0.311847615060634,0.783684417952614,NA,"sintetico_postestratificado",FALSE,0.47183680289198,"21","188","Tochimilco"
1672,0.526418232342152,0.280179621430654,0.761404812620805,NA,"sintetico_postestratificado",FALSE,0.48122519119015,"21","189","Tochtepec"
1673,0.495337103223884,0.263875040549887,0.728377547508914,NA,"sintetico_postestratificado",FALSE,0.464502506959027,"21","190","Totoltepec de Guerrero"
1674,0.568927078586726,0.311993770602169,0.791263040051652,NA,"sintetico_postestratificado",FALSE,0.479269269449483,"21","194","Venustiano Carranza"
1675,0.584685554416962,0.352075586271287,0.790832718416572,NA,"sintetico_postestratificado",FALSE,0.438757132145284,"21","184","Tlapacoya"
1676,0.591636486615586,0.36100961190829,0.808969408324778,NA,"sintetico_postestratificado",FALSE,0.447959796416488,"21","185","Tlapanalá"
1677,0.554337506090353,0.299864711964233,0.775196581381988,NA,"sintetico_postestratificado",FALSE,0.475331869417754,"21","082","Ixcaquixtla"
1678,0.411386734586627,0.224857694994859,0.607485584757533,7,"muestra_directa",TRUE,0.382627889762674,"21","085","Izúcar de Matamoros"
1679,0.598606380730303,0.348512399922214,0.816562563788521,NA,"sintetico_postestratificado",FALSE,0.468050163866306,"21","104","Nopalucan"
1680,0.585071656062233,0.35057328944719,0.815977942155171,NA,"sintetico_postestratificado",FALSE,0.465404652707981,"21","122","San Felipe Teotlalcingo"
1681,0.537310591720438,0.290299633043488,0.777796452285177,NA,"sintetico_postestratificado",FALSE,0.487496819241689,"21","123","San Felipe Tepatlán"
1682,0.557417116603891,0.305454851704026,0.798736045088553,NA,"sintetico_postestratificado",FALSE,0.493281193384527,"21","012","Aljojuca"
1683,0.553398350265802,0.299407444693319,0.77604005966571,NA,"sintetico_postestratificado",FALSE,0.476632614972391,"21","013","Altepexi"
1684,0.57147380449766,0.318883151167946,0.80343677290268,NA,"sintetico_postestratificado",FALSE,0.484553621734734,"21","007","Ahuatlán"
1685,0.542165626143046,0.292433321246847,0.767079187835701,NA,"sintetico_postestratificado",FALSE,0.474645866588854,"21","011","Albino Zertuche"
1686,0.536570568464188,0.293144868255918,0.777383204664592,NA,"sintetico_postestratificado",FALSE,0.484238336408674,"21","018","Atexcal"
1687,0.555364572866365,0.311715810856928,0.785279277900223,NA,"sintetico_postestratificado",FALSE,0.473563467043296,"21","054","Chignautla"
1688,0.606120777324326,0.378311985792286,0.821922407481676,NA,"sintetico_postestratificado",FALSE,0.44361042168939,"21","127","San Jerónimo Xayacatlán"
1689,0.557254244221349,0.319838840580753,0.774875843812554,NA,"sintetico_postestratificado",FALSE,0.455037003231801,"21","129","San José Miahuatlán"
1690,0.576628301188849,0.343682282885659,0.785607687522845,NA,"sintetico_postestratificado",FALSE,0.441925404637187,"21","130","San Juan Atenco"
1691,0.583117278577732,0.3366478365717,0.805578755734271,NA,"sintetico_postestratificado",FALSE,0.468930919162571,"21","213","Zihuateutla"
1692,0.572371871446925,0.329094419018322,0.815225029637337,NA,"sintetico_postestratificado",FALSE,0.486130610619016,"21","124","San Gabriel Chilac"
1693,0.580648966729149,0.322245060704426,0.794632536694025,NA,"sintetico_postestratificado",FALSE,0.472387475989599,"21","169","Tepexi de Rodríguez"
1694,0.508977003425917,0.272088205373092,0.753183223769592,NA,"sintetico_postestratificado",FALSE,0.481095018396501,"21","159","Teopantlán"
1695,0.46500707714084,0.276859338017406,0.669594185670268,8,"muestra_directa",TRUE,0.392734847652862,"21","156","Tehuacán"
1696,0.534033545373563,0.279986205204188,0.775526825830966,NA,"sintetico_postestratificado",FALSE,0.495540620626778,"21","155","Tecomatlán"
1697,0.538630791307939,0.289935542843411,0.7794798313062,NA,"sintetico_postestratificado",FALSE,0.489544288462789,"21","154","Tecamachalco"
1698,0.560222517463572,0.315929962650995,0.786045842906656,NA,"sintetico_postestratificado",FALSE,0.470115880255661,"21","172","Tetela de Ocampo"
1699,0.565201053193629,0.316481880669899,0.784982773128595,NA,"sintetico_postestratificado",FALSE,0.468500892458696,"21","179","Tlachichuca"
1700,0.56534722535335,0.322571566129149,0.799244359540376,NA,"sintetico_postestratificado",FALSE,0.476672793411227,"21","153","Tecali de Herrera"
1701,0.587705343593984,0.328939230612102,0.803874892620878,NA,"sintetico_postestratificado",FALSE,0.474935662008776,"21","151","Santo Tomás Hueyotlipan"
1702,0.55017362291729,0.288929689218669,0.786989042845517,NA,"sintetico_postestratificado",FALSE,0.498059353626849,"21","121","San Diego la Mesa Tochimiltzingo"
1703,0.544212150755691,0.297866816106833,0.775145415717446,NA,"sintetico_postestratificado",FALSE,0.477278599610613,"21","202","Xochitlán de Vicente Suárez"
1704,0.548511828685638,0.303070371993351,0.797910276941229,NA,"sintetico_postestratificado",FALSE,0.494839904947878,"21","203","Xochitlán Todos Santos"
1705,0.590100997783427,0.349216681266761,0.818740193162991,NA,"sintetico_postestratificado",FALSE,0.46952351189623,"21","073","Huehuetlán el Chico"
1706,0.543524592082567,0.308383682012126,0.763647743345932,NA,"sintetico_postestratificado",FALSE,0.455264061333806,"21","097","Mixtla"
1707,0.506096080768864,0.264541580490203,0.739297775401876,NA,"sintetico_postestratificado",FALSE,0.474756194911673,"21","036","Coyomeapan"
1708,0.569614586414014,0.317345271007069,0.786077654182371,NA,"sintetico_postestratificado",FALSE,0.468732383175302,"21","044","Cuyoaco"
1709,0.565146243740086,0.312211811934634,0.791983950261151,NA,"sintetico_postestratificado",FALSE,0.479772138326516,"21","060","Domingo Arenas"
1710,0.59155870850647,0.337968244187694,0.797881688249764,NA,"sintetico_postestratificado",FALSE,0.45991344406207,"21","061","Eloxochitlán"
1711,0.536751613578923,0.298206870502715,0.770693252247724,NA,"sintetico_postestratificado",FALSE,0.472486381745009,"21","062","Epatlán"
1712,0.546518424089026,0.312604745004393,0.782061433521796,NA,"sintetico_postestratificado",FALSE,0.469456688517403,"21","068","Hermenegildo Galeana"
1713,0.573933992714006,0.332093706643387,0.788062200801128,NA,"sintetico_postestratificado",FALSE,0.455968494157741,"21","072","Huehuetla"
1714,0.559127890971259,0.295350826090454,0.783290416040022,NA,"sintetico_postestratificado",FALSE,0.487939589949568,"21","160","Teotlalco"
1715,0.525451505459726,0.291092765050811,0.763631917530024,NA,"sintetico_postestratificado",FALSE,0.472539152479213,"21","161","Tepanco de López"
1716,0.493405230695355,0.268831965810484,0.727382152812843,NA,"sintetico_postestratificado",FALSE,0.458550187002359,"21","024","Axutla"
1717,0.539236552603847,0.2921713160368,0.775947452596293,NA,"sintetico_postestratificado",FALSE,0.483776136559493,"21","186","Tlatlauquitepec"
1718,0.552079388610262,0.283259790026301,0.783430267876237,NA,"sintetico_postestratificado",FALSE,0.500170477849935,"21","170","Tepeyahualco"
1719,0.573798965429728,0.34096490553322,0.803903129349707,NA,"sintetico_postestratificado",FALSE,0.462938223816488,"21","196","Xayacatlán de Bravo"
1720,0.615962531966946,0.366457701912254,0.81556773041899,NA,"sintetico_postestratificado",FALSE,0.449110028506736,"21","117","Rafael Lara Grajales"
1721,0.534919570335616,0.294669691732603,0.782759652212951,NA,"sintetico_postestratificado",FALSE,0.488089960480347,"21","017","Atempan"
1722,0.580914872646599,0.34118982789225,0.796238490418706,1,"muestra_directa",TRUE,0.455048662526456,"21","019","Atlixco"
1723,0.597426784415604,0.35009261426597,0.805092475881183,NA,"sintetico_postestratificado",FALSE,0.454999861615213,"21","173","Teteles de Ávila Castillo"
1724,0.588660632258642,0.337728753052725,0.81077690382554,NA,"sintetico_postestratificado",FALSE,0.473048150772816,"21","175","Tianguismanalco"
1725,0.604884514333832,0.34224582009015,0.81911140024427,NA,"sintetico_postestratificado",FALSE,0.47686558015412,"21","052","Chigmecatitlán"
1726,0.568993951701546,0.319671738504989,0.800411317804903,NA,"sintetico_postestratificado",FALSE,0.480739579299914,"21","069","Huaquechula"
1727,0.580031839251776,0.325473042446593,0.808263616078173,NA,"sintetico_postestratificado",FALSE,0.482790573631581,"21","168","Tepexco"
1728,0.560218592778879,0.305516282989148,0.797044892158847,NA,"sintetico_postestratificado",FALSE,0.491528609169699,"21","157","Tehuitzingo"
1729,0.550745058992822,0.310067256116238,0.7782823642103,NA,"sintetico_postestratificado",FALSE,0.468215108094061,"21","162","Tepango de Rodríguez"
1730,0.532323954276446,0.286202478208625,0.768511521283844,NA,"sintetico_postestratificado",FALSE,0.482309043075219,"21","209","Zapotitlán"
1731,0.570453059545641,0.315455738703623,0.795227220953689,NA,"sintetico_postestratificado",FALSE,0.479771482250066,"21","118","Los Reyes de Juárez"
1732,0.467247023557489,0.250475059315243,0.702160381471545,2,"muestra_directa",TRUE,0.451685322156302,"21","119","San Andrés Cholula"
1733,0.571872469412047,0.322289626738254,0.783560197061697,NA,"sintetico_postestratificado",FALSE,0.461270570323443,"21","120","San Antonio Cañada"
1734,0.551481113420023,0.30937377214554,0.780256816999001,NA,"sintetico_postestratificado",FALSE,0.470883044853461,"21","125","San Gregorio Atzompa"
1735,0.564193461467093,0.340416955435024,0.789198257117911,2,"muestra_directa",TRUE,0.448781301682887,"21","126","San Jerónimo Tecuanipan"
1736,0.554527266421109,0.31644334323549,0.779199818471137,NA,"sintetico_postestratificado",FALSE,0.462756475235647,"21","128","San José Chiapa"
1737,0.550941353848011,0.30449479803154,0.795793632444321,NA,"sintetico_postestratificado",FALSE,0.491298834412781,"21","158","Tenampulco"
1738,0.562985350612645,0.324174029500471,0.790562829067478,NA,"sintetico_postestratificado",FALSE,0.466388799567008,"21","053","Chignahuapan"
1739,0.564262858323461,0.319340751016766,0.795105862571102,NA,"sintetico_postestratificado",FALSE,0.475765111554336,"21","002","Acateno"
1740,0.556867826918685,0.313631015841001,0.772702277677857,NA,"sintetico_postestratificado",FALSE,0.459071261836856,"21","003","Acatlán"
1741,0.588568524332887,0.337395200369652,0.80330589330812,NA,"sintetico_postestratificado",FALSE,0.465910692938468,"21","004","Acatzingo"
1742,0.604951008526853,0.366931950207967,0.817713192001285,NA,"sintetico_postestratificado",FALSE,0.450781241793318,"21","005","Acteopan"
1743,0.53257968665887,0.288821991598422,0.761286592904064,NA,"sintetico_postestratificado",FALSE,0.472464601305642,"21","006","Ahuacatlán"
1744,0.548607536288326,0.317642051948376,0.775308563382189,NA,"sintetico_postestratificado",FALSE,0.457666511433813,"21","008","Ahuazotepec"
1745,0.631684967593645,0.375146758270023,0.836544883007713,NA,"sintetico_postestratificado",FALSE,0.46139812473769,"21","133","San Martín Totoltepec"
1746,0.532206542622297,0.270106638342907,0.772529019081739,NA,"sintetico_postestratificado",FALSE,0.502422380738832,"21","134","San Matías Tlalancaleca"
1747,0.528402477898406,0.285835081482468,0.770776318307374,NA,"sintetico_postestratificado",FALSE,0.484941236824906,"21","135","San Miguel Ixitlán"
1748,0.549296544604988,0.309892240074209,0.777879595464207,NA,"sintetico_postestratificado",FALSE,0.467987355389997,"21","137","San Nicolás Buenos Aires"
1749,0.540936462411679,0.305118083520648,0.773537174348443,NA,"sintetico_postestratificado",FALSE,0.468419090827794,"21","138","San Nicolás de los Ranchos"
1750,0.543921024425974,0.302049244436654,0.768382559427514,NA,"sintetico_postestratificado",FALSE,0.46633331499086,"21","139","San Pablo Anicano"
1751,0.572740146245214,0.370057228276833,0.753194721854072,10,"muestra_directa",FALSE,0.383137493577239,"21","140","San Pedro Cholula"
1752,0.539631526791836,0.300382501028462,0.764710689751996,NA,"sintetico_postestratificado",FALSE,0.464328188723535,"21","141","San Pedro Yeloixtlahuaca"
1753,0.518597874863083,0.278905987941966,0.754418973310731,NA,"sintetico_postestratificado",FALSE,0.475512985368765,"21","205","Yehualtepec"
1754,0.56748900762955,0.309317257897095,0.788043427503612,NA,"sintetico_postestratificado",FALSE,0.478726169606517,"21","023","Atzitzintla"
1755,0.537941425705252,0.314091943874525,0.780637025134594,NA,"sintetico_postestratificado",FALSE,0.466545081260068,"21","116","Quimixtlán"
1756,0.480559938730864,0.27788820203009,0.666894438313731,6,"muestra_directa",TRUE,0.389006236283641,"21","115","Quecholac"
1757,0.486624043873641,0.342183931071756,0.633823571980631,28,"muestra_directa",FALSE,0.291639640908875,"21","114","Puebla"
1758,0.584718925005851,0.392057511427326,0.767209143047585,8,"muestra_directa",TRUE,0.375151631620259,"21","144","San Salvador Huixcolotla"
1759,0.544159428349814,0.306057815414699,0.767812847603073,NA,"sintetico_postestratificado",FALSE,0.461755032188374,"21","145","San Sebastián Tlacotepec"
1760,0.613558849336982,0.364663490633066,0.833171721704947,NA,"sintetico_postestratificado",FALSE,0.46850823107188,"21","146","Santa Catarina Tlaltempan"
1761,0.567519394599306,0.338994873038961,0.790022200859022,NA,"sintetico_postestratificado",FALSE,0.451027327820061,"21","149","Santiago Miahuatlán"
1762,0.551127022774135,0.311873256661757,0.78545533378944,NA,"sintetico_postestratificado",FALSE,0.473582077127683,"21","150","Huehuetlán el Grande"
1763,0.49833413711643,0.297614567688295,0.707077166386195,5,"muestra_directa",TRUE,0.409462598697901,"21","010","Ajalpan"
1764,0.579458891939668,0.344650734156257,0.787740116496903,NA,"sintetico_postestratificado",FALSE,0.443089382340646,"21","014","Amixtlán"
1765,0.57111569145464,0.322390914081437,0.794311338963467,NA,"sintetico_postestratificado",FALSE,0.471920424882029,"21","015","Amozoc"
1766,0.622411991553724,0.364552448975087,0.830650424395105,NA,"sintetico_postestratificado",FALSE,0.466097975420018,"21","016","Aquixtla"
1767,0.515266118722552,0.272528835519369,0.757931465793474,NA,"sintetico_postestratificado",FALSE,0.485402630274105,"21","021","Atzala"
1768,0.560699468578853,0.306969926697315,0.788563688181839,NA,"sintetico_postestratificado",FALSE,0.481593761484525,"21","026","Calpan"
1769,0.516725446800252,0.275544960215918,0.752572722098801,NA,"sintetico_postestratificado",FALSE,0.477027761882883,"21","027","Caltepec"
1770,0.564404029626865,0.297566405754596,0.790214267332908,NA,"sintetico_postestratificado",FALSE,0.492647861578312,"21","165","Tepemaxalco"
1771,0.565411924268262,0.338623121670355,0.775357129071234,NA,"sintetico_postestratificado",FALSE,0.436734007400879,"21","152","Soltepec"
1772,0.594425219095702,0.34881960919656,0.800003772819346,NA,"sintetico_postestratificado",FALSE,0.451184163622787,"21","206","Zacapala"
1773,0.573104327257192,0.329872376876696,0.811589384705647,NA,"sintetico_postestratificado",FALSE,0.481717007828951,"21","211","Zaragoza"
1774,0.634553508294819,0.470839127891242,0.783361570684064,17,"muestra_directa",FALSE,0.312522442792822,"21","212","Zautla"
1775,0.534290236535104,0.297199615307785,0.78659923457044,NA,"sintetico_postestratificado",FALSE,0.489399619262655,"21","163","Tepatlaxco de Hidalgo"
1776,0.565352480396361,0.312089968685211,0.784423028322674,NA,"sintetico_postestratificado",FALSE,0.472333059637463,"21","049","Chiconcuautla"
1777,0.566300845970296,0.315271717544847,0.787022893992553,NA,"sintetico_postestratificado",FALSE,0.471751176447707,"21","048","Chiautzingo"
1778,0.550785618108176,0.318341897965993,0.779045289561134,NA,"sintetico_postestratificado",FALSE,0.460703391595141,"21","047","Chiautla"
1779,0.493347828453481,0.251239875372663,0.732343922024367,NA,"sintetico_postestratificado",FALSE,0.481104046651703,"21","195","Vicente Guerrero"
1780,0.477988569298882,0.28779817807031,0.657348672632309,11,"muestra_directa",FALSE,0.369550494561999,"21","164","Tepeaca"
1781,0.527687988372486,0.289878856389704,0.762607534959047,NA,"sintetico_postestratificado",FALSE,0.472728678569343,"21","046","Chapulco"
1782,0.556860760473897,0.308923529128534,0.786225974313395,NA,"sintetico_postestratificado",FALSE,0.477302445184861,"21","210","Zapotitlán de Méndez"
1783,0.502980611129896,0.260577402173591,0.738237077355082,NA,"sintetico_postestratificado",FALSE,0.477659675181491,"21","136","San Miguel Xoxtla"
1784,0.532820551439783,0.294392284509543,0.764383382852098,NA,"sintetico_postestratificado",FALSE,0.469991098342556,"21","045","Chalchicomula de Sesma"
1785,0.498898811923892,0.289335369707508,0.702177967121377,6,"muestra_directa",TRUE,0.412842597413869,"21","043","Cuetzalan del Progreso"
1786,0.529307319128783,0.305151608023057,0.768744882604536,NA,"sintetico_postestratificado",FALSE,0.463593274581479,"21","084","Ixtepec"
1787,0.555497539308437,0.297609877187935,0.783358551506114,NA,"sintetico_postestratificado",FALSE,0.48574867431818,"21","086","Jalpan"
1788,0.574071276294933,0.346376532076832,0.783203712977762,NA,"sintetico_postestratificado",FALSE,0.436827180900931,"21","042","Cuayuca de Andrade"
1789,0.595283401773726,0.355174893795291,0.809418897728045,NA,"sintetico_postestratificado",FALSE,0.454244003932754,"21","113","Piaxtla"
1790,0.567118624131897,0.33254365195601,0.789904061056599,NA,"sintetico_postestratificado",FALSE,0.457360409100589,"21","131","San Juan Atzompa"
1791,0.547594727591885,0.318056717855522,0.78240180510618,NA,"sintetico_postestratificado",FALSE,0.464345087250658,"21","089","Jopala"
1792,0.567799278497035,0.333079214966224,0.776503492050474,3,"muestra_directa",TRUE,0.44342427708425,"21","041","Cuautlancingo"
1793,0.529633579232902,0.288872896645211,0.763980397044251,NA,"sintetico_postestratificado",FALSE,0.47510750039904,"21","040","Cuautinchán"
1794,0.519263276793877,0.277869277563059,0.739213670449847,NA,"sintetico_postestratificado",FALSE,0.461344392886788,"21","039","Cuautempan"
1795,0.551834268532581,0.303206179056745,0.77405422376491,NA,"sintetico_postestratificado",FALSE,0.470848044708165,"21","038","Cuapiaxtla de Madero"
1796,0.529588006635837,0.289147129238956,0.749526544112088,NA,"sintetico_postestratificado",FALSE,0.460379414873132,"21","112","Petlalcingo"
1797,0.609153478294025,0.36420191562471,0.811306185910299,NA,"sintetico_postestratificado",FALSE,0.447104270285589,"21","009","Ahuehuetitla"
1798,0.497355483691049,0.28268929370562,0.699108273217531,5,"muestra_directa",TRUE,0.416418979511911,"21","076","Hueytamalco"
1799,0.55631025871743,0.302953496277711,0.785601600492981,NA,"sintetico_postestratificado",FALSE,0.48264810421527,"21","183","Tlaola"
1800,0.617346925584459,0.414203780452732,0.801011438038046,6,"muestra_directa",TRUE,0.386807657585314,"21","071","Huauchinango"
1801,0.544410265612182,0.310402779042314,0.779502769030511,NA,"sintetico_postestratificado",FALSE,0.469099989988197,"21","070","Huatlatlauca"
1802,0.549612685529015,0.296595493520741,0.77134802351154,NA,"sintetico_postestratificado",FALSE,0.474752529990799,"21","111","Pantepec"
1803,0.6515615403594,0.452251823373489,0.815519510990384,8,"muestra_directa",TRUE,0.363267687616895,"22","002","Pinal de Amoles"
1804,0.593397937813368,0.341107370329341,0.807646721709704,NA,"sintetico_postestratificado",FALSE,0.466539351380363,"22","010","Landa de Matamoros"
1805,0.626480072606975,0.416093060915972,0.796060863572579,9,"muestra_directa",TRUE,0.379967802656607,"22","006","Corregidora"
1806,0.540058347408974,0.292715813253932,0.783550872829682,NA,"sintetico_postestratificado",FALSE,0.49083505957575,"22","003","Arroyo Seco"
1807,0.444580088945825,0.283661848219712,0.601260485119598,19,"muestra_directa",FALSE,0.317598636899886,"22","011","El Marqués"
1808,0.5482137461386,0.332621802938866,0.755584796334182,5,"muestra_directa",TRUE,0.422962993395316,"22","012","Pedro Escobedo"
1809,0.588253126751565,0.353174918648506,0.802831654217099,NA,"sintetico_postestratificado",FALSE,0.449656735568593,"22","015","San Joaquín"
1810,0.470905028565857,0.342133748241073,0.60650817757144,38,"muestra_directa",FALSE,0.264374429330367,"22","016","San Juan del Río"
1811,0.574898289215882,0.334054239316998,0.801976762504848,NA,"sintetico_postestratificado",FALSE,0.46792252318785,"22","017","Tequisquiapan"
1812,0.56376070789227,0.35441442398435,0.769158530651376,4,"muestra_directa",TRUE,0.414744106667026,"22","018","Tolimán"
1813,0.580603321861952,0.340995051573359,0.807296694314591,NA,"sintetico_postestratificado",FALSE,0.466301642741232,"22","007","Ezequiel Montes"
1814,0.546179621270812,0.372517221148973,0.717694409306709,13,"muestra_directa",FALSE,0.345177188157736,"22","001","Amealco de Bonfil"
1815,0.740303484486992,0.650094309338775,0.825015608502425,83,"muestra_directa",FALSE,0.17492129916365,"22","014","Querétaro"
1816,0.580777814776624,0.324584686133539,0.801519518261535,NA,"sintetico_postestratificado",FALSE,0.476934832127996,"22","005","Colón"
1817,0.603041514910079,0.390731402958011,0.806217767982239,4,"muestra_directa",TRUE,0.415486365024228,"22","004","Cadereyta de Montes"
1818,0.598540036333304,0.342268692980222,0.804462658010341,NA,"sintetico_postestratificado",FALSE,0.462193965030119,"22","013","Peñamiller"
1819,0.596499009859033,0.415488712841834,0.770788823573995,14,"muestra_directa",FALSE,0.355300110732161,"22","008","Huimilpan"
1820,0.561330395432181,0.316909504950391,0.781307905944918,NA,"sintetico_postestratificado",FALSE,0.464398400994527,"22","009","Jalpan de Serra"
1821,0.455592091949492,0.227720565244019,0.683640413821495,5,"muestra_directa",TRUE,0.455919848577475,"23","001","Cozumel"
1822,0.531002023541041,0.268006431500399,0.778466789750424,NA,"sintetico_postestratificado",FALSE,0.510460358250025,"23","003","Isla Mujeres"
1823,0.701858232564248,0.534900829735619,0.826354598836763,25,"muestra_directa",FALSE,0.291453769101144,"23","002","Felipe Carrillo Puerto"
1824,0.508401459522642,0.397858261690089,0.627318111761829,54,"muestra_directa",FALSE,0.22945985007174,"23","005","Benito Juárez"
1825,0.59521105885911,0.441697574020765,0.743040428943821,26,"muestra_directa",FALSE,0.301342854923056,"23","004","Othón P. Blanco"
1826,0.499566878015039,0.247972296235414,0.75523168292489,NA,"sintetico_postestratificado",FALSE,0.507259386689476,"23","011","Puerto Morelos"
1827,0.580651155416495,0.391534104579543,0.754192379988021,13,"muestra_directa",FALSE,0.362658275408478,"23","008","Solidaridad"
1828,0.507482665523241,0.272384223339719,0.761179088755732,NA,"sintetico_postestratificado",FALSE,0.488794865416013,"23","010","Bacalar"
1829,0.446435807666917,0.229348885649928,0.672437776908938,3,"muestra_directa",TRUE,0.44308889125901,"23","007","Lázaro Cárdenas"
1830,0.44512054894105,0.253192105951336,0.671391759779119,4,"muestra_directa",TRUE,0.418199653827783,"23","006","José María Morelos"
1831,0.579808405156259,0.373015329276918,0.772610797415412,6,"muestra_directa",TRUE,0.399595468138494,"23","009","Tulum"
1832,0.510040719913412,0.319387936473779,0.704685442394787,10,"muestra_directa",FALSE,0.385297505921008,"24","050","Villa de Reyes"
1833,0.549883726108275,0.338655725697204,0.750100818274012,4,"muestra_directa",TRUE,0.411445092576807,"24","052","Villa Juárez"
1834,0.660568148740446,0.452863734223791,0.832611423748631,7,"muestra_directa",TRUE,0.37974768952484,"24","053","Axtla de Terrazas"
1835,0.571968740629769,0.325821980478802,0.783521955301764,NA,"sintetico_postestratificado",FALSE,0.457699974822962,"24","054","Xilitla"
1836,0.5581975583307,0.321960026880133,0.782462204577246,NA,"sintetico_postestratificado",FALSE,0.460502177697114,"24","055","Zaragoza"
1837,0.565414354216325,0.333701381544764,0.785827379044598,NA,"sintetico_postestratificado",FALSE,0.452125997499834,"24","048","Villa de la Paz"
1838,0.569380681796543,0.320191317970913,0.797126780148386,NA,"sintetico_postestratificado",FALSE,0.476935462177473,"24","015","Charcas"
1839,0.734645566155785,0.58308240207625,0.851642016105477,25,"muestra_directa",FALSE,0.268559614029227,"24","013","Ciudad Valles"
1840,0.569078657204766,0.318276416603045,0.790368313362938,NA,"sintetico_postestratificado",FALSE,0.472091896759893,"24","009","Cerro de San Pedro"
1841,0.575960949499789,0.336785324327155,0.795783590716577,NA,"sintetico_postestratificado",FALSE,0.458998266389421,"24","043","Tierra Nueva"
1842,0.57671227521053,0.343908133653617,0.805318979390457,NA,"sintetico_postestratificado",FALSE,0.46141084573684,"24","042","Tanquián de Escobedo"
1843,0.589336705157674,0.351470760054808,0.81648013334961,NA,"sintetico_postestratificado",FALSE,0.465009373294802,"24","012","Tancanhuitz"
1844,0.587338307558297,0.353151477691374,0.810761024364996,NA,"sintetico_postestratificado",FALSE,0.457609546673622,"24","011","Ciudad Fernández"
1845,0.567888383465534,0.330513998826004,0.784598222909226,NA,"sintetico_postestratificado",FALSE,0.454084224083222,"24","010","Ciudad del Maíz"
1846,0.573628064406518,0.337082769408886,0.793434557165255,2,"muestra_directa",TRUE,0.456351787756369,"24","008","Cerritos"
1847,0.54625389258388,0.30819152478497,0.773568723022039,NA,"sintetico_postestratificado",FALSE,0.465377198237069,"24","007","Cedral"
1848,0.568894812072146,0.399387425974904,0.735138815791916,17,"muestra_directa",FALSE,0.335751389817012,"24","035","Soledad de Graciano Sánchez"
1849,0.542687101255845,0.297641773620151,0.776735165218161,NA,"sintetico_postestratificado",FALSE,0.47909339159801,"24","041","Tanlajás"
1850,0.57663086646679,0.331835337587991,0.793858485711575,NA,"sintetico_postestratificado",FALSE,0.462023148123583,"24","040","Tamuín"
1851,0.58269032801381,0.329532510881863,0.801054441008861,NA,"sintetico_postestratificado",FALSE,0.471521930126998,"24","039","Tampamolón Corona"
1852,0.583275407614443,0.333566727695989,0.818964485240501,NA,"sintetico_postestratificado",FALSE,0.485397757544512,"24","038","Tampacán"
1853,0.506208247115754,0.365275237375315,0.652745875693629,28,"muestra_directa",FALSE,0.287470638318313,"24","037","Tamazunchale"
1854,0.546062921233785,0.295203589717658,0.767861200322638,NA,"sintetico_postestratificado",FALSE,0.47265761060498,"24","036","Tamasopo"
1855,0.586259658680378,0.333616663596273,0.800892807107224,NA,"sintetico_postestratificado",FALSE,0.46727614351095,"24","006","Catorce"
1856,0.69530790260001,0.573040906626506,0.799687825328412,45,"muestra_directa",FALSE,0.226646918701906,"24","028","San Luis Potosí"
1857,0.552203528568381,0.302879776482617,0.787897388285488,NA,"sintetico_postestratificado",FALSE,0.485017611802871,"24","031","Santa Catarina"
1858,0.591123550666441,0.350698668832234,0.792295446018435,NA,"sintetico_postestratificado",FALSE,0.441596777186201,"24","030","San Nicolás Tolentino"
1859,0.554963957324201,0.298363251242828,0.792179225885291,NA,"sintetico_postestratificado",FALSE,0.493815974642462,"24","029","San Martín Chalchicuautla"
1860,0.554047886078664,0.289419876271136,0.798846371867123,NA,"sintetico_postestratificado",FALSE,0.509426495595987,"24","026","San Antonio"
1861,0.567338905931674,0.321326167115181,0.788860984955182,NA,"sintetico_postestratificado",FALSE,0.467534817840001,"24","005","Cárdenas"
1862,0.578500467934264,0.330469676109112,0.80493641662324,NA,"sintetico_postestratificado",FALSE,0.474466740514128,"24","024","Rioverde"
1863,0.540668800601641,0.30827771589258,0.773415332970821,NA,"sintetico_postestratificado",FALSE,0.465137617078241,"24","023","Rayón"
1864,0.572432097423052,0.311284063321949,0.793705669492047,NA,"sintetico_postestratificado",FALSE,0.482421606170098,"24","022","Moctezuma"
1865,0.566073593656654,0.393596487414584,0.721108824599043,16,"muestra_directa",FALSE,0.327512337184458,"24","021","Mexquitic de Carmona"
1866,0.56891570384238,0.331436620323566,0.776221681340391,NA,"sintetico_postestratificado",FALSE,0.444785061016826,"24","017","Guadalcázar"
1867,0.550131604806644,0.293358022988697,0.795181132669885,NA,"sintetico_postestratificado",FALSE,0.501823109681187,"24","016","Ebano"
1868,0.591953703441857,0.355012538490839,0.811674768919089,NA,"sintetico_postestratificado",FALSE,0.45666223042825,"24","014","Coxcatlán"
1869,0.357881599388707,0.195989671307821,0.53057870320574,10,"muestra_directa",FALSE,0.334589031897919,"24","033","Santo Domingo"
1870,0.577872662655407,0.312045429400045,0.806445336294294,NA,"sintetico_postestratificado",FALSE,0.494399906894249,"24","001","Ahualulco del Sonido 13"
1871,0.555462590381187,0.310400172150761,0.778621398855791,NA,"sintetico_postestratificado",FALSE,0.468221226705029,"24","057","Matlapa"
1872,0.55440971750267,0.315475905206253,0.790199141948541,NA,"sintetico_postestratificado",FALSE,0.474723236742288,"24","051","Villa Hidalgo"
1873,0.550230493370115,0.307552941452864,0.773084816987027,NA,"sintetico_postestratificado",FALSE,0.465531875534163,"24","058","El Naranjo"
1874,0.570345952484461,0.332857860261519,0.78357863119064,NA,"sintetico_postestratificado",FALSE,0.45072077092912,"24","032","Santa María del Río"
1875,0.583318626089525,0.335901807374888,0.822709183137018,NA,"sintetico_postestratificado",FALSE,0.48680737576213,"24","027","San Ciro de Acosta"
1876,0.538364881182398,0.365707653368784,0.699061739660113,13,"muestra_directa",FALSE,0.333354086291328,"24","025","Salinas"
1877,0.583672258005032,0.342525897493238,0.803305734380379,NA,"sintetico_postestratificado",FALSE,0.460779836887141,"24","056","Villa de Arista"
1878,0.558243230011924,0.302693244213732,0.788579858817956,NA,"sintetico_postestratificado",FALSE,0.485886614604224,"24","047","Villa de Guadalupe"
1880,0.566332180039304,0.294160813146076,0.807188642358621,NA,"sintetico_postestratificado",FALSE,0.513027829212545,"24","034","San Vicente Tancuayalab"
1881,0.590202806464025,0.347642905767549,0.792879704159638,NA,"sintetico_postestratificado",FALSE,0.445236798392089,"24","002","Alaquines"
1882,0.557215837257333,0.375615795770299,0.727424480503787,14,"muestra_directa",FALSE,0.351808684733489,"24","003","Aquismón"
1883,0.56424033745842,0.323326299168318,0.791107413423099,NA,"sintetico_postestratificado",FALSE,0.467781114254781,"24","004","Armadillo de los Infante"
1884,0.59710729770637,0.366574711621381,0.808488302828424,NA,"sintetico_postestratificado",FALSE,0.441913591207043,"24","046","Villa de Arriaga"
1885,0.615943828540355,0.384032057904654,0.830603856664488,NA,"sintetico_postestratificado",FALSE,0.446571798759834,"24","018","Huehuetlán"
1886,0.555634774658992,0.304617688768269,0.799035808637333,NA,"sintetico_postestratificado",FALSE,0.494418119869063,"24","019","Lagunillas"
1887,0.577934322158285,0.319161114248343,0.793580808069511,1,"muestra_directa",TRUE,0.474419693821168,"24","020","Matehuala"
1888,0.581004551297837,0.317054225666522,0.812623803315434,NA,"sintetico_postestratificado",FALSE,0.495569577648912,"24","044","Vanegas"
1889,0.569852644530992,0.320938141028265,0.78739096860078,NA,"sintetico_postestratificado",FALSE,0.466452827572515,"24","045","Venado"
1890,0.561757829300285,0.352476167089853,0.752568647959895,6,"muestra_directa",TRUE,0.400092480870042,"24","049","Villa de Ramos"
1891,0.7154951410675,0.527249323856668,0.858223147678371,12,"muestra_directa",FALSE,0.330973823821703,"25","010","El Fuerte"
1892,0.515502658178323,0.314289537255439,0.713041937517951,7,"muestra_directa",TRUE,0.398752400262513,"25","008","Elota"
1893,0.555400932489464,0.30929147338226,0.791070973929121,NA,"sintetico_postestratificado",FALSE,0.481779500546861,"25","016","San Ignacio"
1894,0.596575543711713,0.415675359359813,0.751018147873684,17,"muestra_directa",FALSE,0.335342788513871,"25","018","Navolato"
1895,0.598978811085349,0.345164514781554,0.803166988613672,NA,"sintetico_postestratificado",FALSE,0.458002473832118,"25","003","Badiraguato"
1896,0.591719353266401,0.35779684606636,0.804285857597767,NA,"sintetico_postestratificado",FALSE,0.446489011531407,"25","014","Rosario"
1897,0.700896165755063,0.574826510605169,0.817024495049163,40,"muestra_directa",FALSE,0.242197984443994,"25","001","Ahome"
1898,0.626779907209236,0.443370248359503,0.792317901095052,12,"muestra_directa",FALSE,0.348947652735549,"25","002","Angostura"
1901,0.518395196069602,0.34388614302544,0.708956898788931,13,"muestra_directa",FALSE,0.365070755763491,"25","009","Escuinapa"
1902,0.643110712362726,0.446209173669293,0.810926342967974,8,"muestra_directa",TRUE,0.364717169298681,"25","004","Concordia"
1903,0.547805222684893,0.344052377439576,0.738920557441165,9,"muestra_directa",TRUE,0.394868180001589,"25","005","Cosalá"
1904,0.579112440836836,0.446595383334872,0.698196127388723,46,"muestra_directa",FALSE,0.251600744053851,"25","012","Mazatlán"
1905,0.604461140616958,0.375953667736857,0.794868170196841,3,"muestra_directa",TRUE,0.418914502459983,"25","007","Choix"
1906,0.567744048151756,0.326696443562065,0.799496920614739,NA,"sintetico_postestratificado",FALSE,0.472800477052675,"25","013","Mocorito"
1907,0.634078503204188,0.488420056553139,0.780395561071089,27,"muestra_directa",FALSE,0.29197550451795,"25","015","Salvador Alvarado"
1908,0.607672990324089,0.494613636977423,0.714024518016759,62,"muestra_directa",FALSE,0.219410881039336,"25","006","Culiacán"
1909,0.553573984517575,0.349098495151826,0.735633710729085,8,"muestra_directa",TRUE,0.386535215577259,"25","017","Sinaloa"
1910,0.566519080620586,0.441754385805409,0.686744595820041,49,"muestra_directa",FALSE,0.244990210014632,"25","011","Guasave"
1911,0.535011525502698,0.286191408945035,0.781022912464684,NA,"sintetico_postestratificado",FALSE,0.494831503519648,"26","066","Ures"
1912,0.518908124512434,0.273966596904161,0.757837350494139,NA,"sintetico_postestratificado",FALSE,0.483870753589978,"26","038","Moctezuma"
1913,0.585882543264448,0.379170947110408,0.776431990481737,6,"muestra_directa",TRUE,0.397261043371329,"26","033","Huatabampo"
1914,0.591388297579411,0.334205354429771,0.813496059121465,NA,"sintetico_postestratificado",FALSE,0.479290704691694,"26","056","San Miguel de Horcasitas"
1915,0.526332177966068,0.271033891492094,0.758722271470676,NA,"sintetico_postestratificado",FALSE,0.487688379978582,"26","031","Huachinera"
1916,0.525777406763245,0.282094135824727,0.764986616299798,NA,"sintetico_postestratificado",FALSE,0.482892480475071,"26","032","Huásabas"
1917,0.538414615336366,0.282431747971481,0.790523877987707,NA,"sintetico_postestratificado",FALSE,0.508092130016226,"26","070","General Plutarco Elías Calles"
1918,0.572075594299781,0.327248391282174,0.806118900540048,NA,"sintetico_postestratificado",FALSE,0.478870509257874,"26","064","Trincheras"
1919,0.557796480919256,0.322604867093025,0.778821561075897,NA,"sintetico_postestratificado",FALSE,0.456216693982872,"26","062","Suaqui Grande"
1920,0.585918860511661,0.331932346586167,0.799571728502176,NA,"sintetico_postestratificado",FALSE,0.467639381916008,"26","052","Sahuaripa"
1921,0.561756296417966,0.312616781846847,0.792541847888502,NA,"sintetico_postestratificado",FALSE,0.479925066041655,"26","051","Rosario"
1922,0.588231883139619,0.339853592132171,0.803107562546549,NA,"sintetico_postestratificado",FALSE,0.463253970414378,"26","037","Mazatán"
1923,0.574191071623465,0.324812314937421,0.805158074590452,NA,"sintetico_postestratificado",FALSE,0.480345759653031,"26","021","La Colorada"
1924,0.483544705681245,0.284516497018781,0.697368193972209,6,"muestra_directa",TRUE,0.412851696953428,"26","041","Nacozari de García"
1925,0.578023060570564,0.420525160434496,0.720271113694578,25,"muestra_directa",FALSE,0.299745953260082,"26","043","Nogales"
1926,0.605013680346721,0.377828981527648,0.826149719286684,NA,"sintetico_postestratificado",FALSE,0.448320737759036,"26","034","Huépac"
1927,0.588716155241323,0.341637197839429,0.796515612295609,NA,"sintetico_postestratificado",FALSE,0.45487841445618,"26","016","Benjamín Hill"
1928,0.67931419993758,0.488211205592015,0.845020598076246,8,"muestra_directa",TRUE,0.35680939248423,"26","014","Baviácora"
1929,0.595523723658122,0.350853874862419,0.805599240072475,NA,"sintetico_postestratificado",FALSE,0.454745365210056,"26","015","Bavispe"
1930,0.55028169446506,0.301387907065182,0.787744830256065,NA,"sintetico_postestratificado",FALSE,0.486356923190883,"26","069","Yécora"
1931,0.588172263253461,0.338985150927249,0.809368834301836,NA,"sintetico_postestratificado",FALSE,0.470383683374587,"26","009","Bacanora"
1932,0.430560370551331,0.272335153889804,0.602671368830219,16,"muestra_directa",FALSE,0.330336214940415,"26","029","Guaymas"
1933,0.46278155940979,0.31233551916447,0.612798142047638,19,"muestra_directa",FALSE,0.300462622883169,"26","002","Agua Prieta"
1934,0.60122030082869,0.359143031011803,0.826090980104182,NA,"sintetico_postestratificado",FALSE,0.466947949092379,"26","057","San Pedro de la Cueva"
1935,0.564087770542867,0.39501670767122,0.726521038204507,21,"muestra_directa",FALSE,0.331504330533287,"26","055","San Luis Río Colorado"
1936,0.644510921654942,0.406513552577697,0.838891568225218,NA,"sintetico_postestratificado",FALSE,0.432378015647522,"26","024","Divisaderos"
1937,0.563462528180849,0.33531721586685,0.787401224607165,NA,"sintetico_postestratificado",FALSE,0.452084008740315,"26","023","Cumpas"
1938,0.602148145890612,0.356710294804874,0.817632923066755,NA,"sintetico_postestratificado",FALSE,0.460922628261881,"26","001","Aconchi"
1939,0.577493198279107,0.31620743438627,0.795316994413409,NA,"sintetico_postestratificado",FALSE,0.479109560027139,"26","003","Álamos"
1940,0.441035051339228,0.343855897430492,0.546287912843664,85,"muestra_directa",FALSE,0.202432015413172,"26","030","Hermosillo"
1941,0.55028195676131,0.301515224710835,0.777914037051898,NA,"sintetico_postestratificado",FALSE,0.476398812341063,"26","022","Cucurpe"
1942,0.582598296509662,0.323645302069412,0.817065420064185,1,"muestra_directa",TRUE,0.493420117994773,"26","025","Empalme"
1943,0.556667106943565,0.306730470918817,0.787802734251928,NA,"sintetico_postestratificado",FALSE,0.481072263333112,"26","027","Fronteras"
1944,0.600507537975186,0.345967517081877,0.811573593956007,NA,"sintetico_postestratificado",FALSE,0.46560607687413,"26","005","Arivechi"
1945,0.545607556031247,0.296377086707944,0.765240054366588,NA,"sintetico_postestratificado",FALSE,0.468862967658643,"26","006","Arizpe"
1946,0.598857077610511,0.373253604731405,0.774947226489353,7,"muestra_directa",TRUE,0.401693621757948,"26","035","Imuris"
1947,0.551537028410958,0.289237641714992,0.786864247312285,NA,"sintetico_postestratificado",FALSE,0.497626605597293,"26","068","Villa Pesqueira"
1948,0.606601682705222,0.355582560022624,0.832821613766164,NA,"sintetico_postestratificado",FALSE,0.477239053743541,"26","046","Oquitoa"
1949,0.550071356235774,0.310047752198974,0.774931227991835,NA,"sintetico_postestratificado",FALSE,0.464883475792861,"26","026","Etchojoa"
1950,0.56658596051563,0.313445043251662,0.788985786421643,NA,"sintetico_postestratificado",FALSE,0.47554074316998,"26","049","Quiriego"
1951,0.570132408977303,0.319294215674373,0.793614680207299,NA,"sintetico_postestratificado",FALSE,0.474320464532926,"26","071","Benito Juárez"
1952,0.589413028783213,0.314327060041521,0.800678450680395,NA,"sintetico_postestratificado",FALSE,0.486351390638874,"26","004","Altar"
1953,0.554917962268145,0.317793714185136,0.777617676318893,NA,"sintetico_postestratificado",FALSE,0.459823962133757,"26","063","Tepache"
1954,0.583937087521436,0.328571393726789,0.806978679244022,NA,"sintetico_postestratificado",FALSE,0.478407285517233,"26","028","Granados"
1955,0.417760006862453,0.220896610520131,0.626452704771691,9,"muestra_directa",TRUE,0.40555609425156,"26","048","Puerto Peñasco"
1956,0.559683951279875,0.314264859854922,0.791254805395937,NA,"sintetico_postestratificado",FALSE,0.476989945541016,"26","017","Caborca"
1957,0.576473695637543,0.320749899455061,0.818153451064942,NA,"sintetico_postestratificado",FALSE,0.497403551609881,"26","012","Bácum"
1958,0.536008339774367,0.284456593725909,0.770493642824602,NA,"sintetico_postestratificado",FALSE,0.486037049098693,"26","044","Ónavas"
1959,0.575506435834649,0.331932792372729,0.798555559016943,NA,"sintetico_postestratificado",FALSE,0.466622766644214,"26","036","Magdalena"
1960,0.554089957320279,0.308331599015489,0.782518757748064,NA,"sintetico_postestratificado",FALSE,0.474187158732574,"26","013","Banámichi"
1961,0.571238277733367,0.304434620479955,0.801063202401632,NA,"sintetico_postestratificado",FALSE,0.496628581921677,"26","010","Bacerac"
1962,0.555004010449965,0.315643163725708,0.78302684064568,NA,"sintetico_postestratificado",FALSE,0.467383676919972,"26","050","Rayón"
1963,0.60675596775033,0.344218170804719,0.835712483190173,NA,"sintetico_postestratificado",FALSE,0.491494312385454,"26","072","San Ignacio Río Muerto"
1964,0.551814088890267,0.309645774059486,0.774676287320714,NA,"sintetico_postestratificado",FALSE,0.465030513261228,"26","061","Soyopa"
1965,0.505272284047705,0.268312219095498,0.740735772135811,NA,"sintetico_postestratificado",FALSE,0.472423553040313,"26","011","Bacoachi"
1966,0.634324726527943,0.48067299245691,0.787996530584701,21,"muestra_directa",FALSE,0.30732353812779,"26","018","Cajeme"
1967,0.57019260357128,0.419386145911354,0.708626077766441,27,"muestra_directa",FALSE,0.289239931855087,"26","047","Pitiquito"
1968,0.522988011383041,0.31398741088154,0.726335950781033,4,"muestra_directa",TRUE,0.412348539899493,"26","019","Cananea"
1969,0.565603305306277,0.323452883356162,0.792037164118014,NA,"sintetico_postestratificado",FALSE,0.468584280761852,"26","020","Carbó"
1970,0.546108070527245,0.294698226347286,0.780832908428956,NA,"sintetico_postestratificado",FALSE,0.48613468208167,"26","053","San Felipe de Jesús"
1971,0.323421929966411,0.171993473428001,0.507241194421804,10,"muestra_directa",FALSE,0.335247720993803,"26","042","Navojoa"
1972,0.527014161512301,0.281584126149716,0.751419489899236,NA,"sintetico_postestratificado",FALSE,0.469835363749519,"26","008","Bacadéhuachi"
1973,0.524910051886314,0.288610272067816,0.747155701018568,NA,"sintetico_postestratificado",FALSE,0.458545428950752,"26","060","Sáric"
1974,0.579668098092865,0.327830550949599,0.803673914325628,NA,"sintetico_postestratificado",FALSE,0.475843363376029,"26","039","Naco"
1975,0.552446862153446,0.304770618648192,0.78061480101592,NA,"sintetico_postestratificado",FALSE,0.475844182367727,"26","059","Santa Cruz"
1976,0.571732611374466,0.323936999866662,0.802603228221928,NA,"sintetico_postestratificado",FALSE,0.478666228355266,"26","040","Nácori Chico"
1977,0.541987553537287,0.291763985949345,0.773408954390163,NA,"sintetico_postestratificado",FALSE,0.481644968440817,"26","067","Villa Hidalgo"
1978,0.561601425258492,0.304757541157806,0.796468063692208,NA,"sintetico_postestratificado",FALSE,0.491710522534403,"26","065","Tubutama"
1979,0.596590455897416,0.361525458459635,0.802164800661066,NA,"sintetico_postestratificado",FALSE,0.44063934220143,"26","007","Atil"
1980,0.56811530183219,0.314169896578048,0.795937259103031,NA,"sintetico_postestratificado",FALSE,0.481767362524983,"26","045","Opodepe"
1981,0.626424890479877,0.371302773873962,0.836830325896933,NA,"sintetico_postestratificado",FALSE,0.465527552022971,"26","054","San Javier"
1982,0.585436633119255,0.355335231270508,0.801045870914549,NA,"sintetico_postestratificado",FALSE,0.445710639644041,"26","058","Santa Ana"
1983,0.525269685781073,0.369006539614654,0.671971085980172,25,"muestra_directa",FALSE,0.302964546365519,"27","006","Cunduacán"
1984,0.532686970225805,0.316292585138388,0.753988260100869,4,"muestra_directa",TRUE,0.437695674962481,"27","001","Balancán"
1985,0.589020552765257,0.373131217832477,0.783475998413391,5,"muestra_directa",TRUE,0.410344780580914,"27","016","Teapa"
1986,0.5443672902287,0.298003959613387,0.780468111380888,NA,"sintetico_postestratificado",FALSE,0.482464151767501,"27","015","Tacotalpa"
1987,0.553592218342606,0.320635381969433,0.784285998148867,NA,"sintetico_postestratificado",FALSE,0.463650616179434,"27","014","Paraíso"
1988,0.480995782203428,0.303510469124182,0.648700122237646,13,"muestra_directa",FALSE,0.345189653113463,"27","012","Macuspana"
1989,0.583868167063358,0.452616779272118,0.706954225044945,36,"muestra_directa",FALSE,0.254337445772828,"27","002","Cárdenas"
1990,0.555535935019754,0.311121939983017,0.783639254453276,NA,"sintetico_postestratificado",FALSE,0.47251731447026,"27","003","Centla"
1991,0.637331733653224,0.514477346256879,0.75120095500088,47,"muestra_directa",FALSE,0.236723608744001,"27","004","Centro"
1992,0.582852604045054,0.426945659345996,0.728729764444062,27,"muestra_directa",FALSE,0.301784105098065,"27","005","Comalcalco"
1993,0.666112184641375,0.485473125567493,0.813527244827552,15,"muestra_directa",FALSE,0.328054119260058,"27","007","Emiliano Zapata"
1994,0.695530991574762,0.545687872768656,0.822908400652384,26,"muestra_directa",FALSE,0.277220527883728,"27","008","Huimanguillo"
1995,0.618940956486966,0.3946964875637,0.810270481974617,4,"muestra_directa",TRUE,0.415573994410917,"27","009","Jalapa"
1996,0.512645884633371,0.310304193883136,0.705094015892483,9,"muestra_directa",TRUE,0.394789822009347,"27","010","Jalpa de Méndez"
1997,0.65027218282225,0.457653449062973,0.83501734586748,7,"muestra_directa",TRUE,0.377363896804507,"27","011","Jonuta"
1998,0.59584868362055,0.448534979559057,0.737108684773686,26,"muestra_directa",FALSE,0.288573705214629,"27","013","Nacajuca"
1999,0.598276719929196,0.353225985971057,0.816210183111752,1,"muestra_directa",TRUE,0.462984197140695,"27","017","Tenosique"
2000,0.472530340397381,0.359651918560678,0.591310029732869,45,"muestra_directa",FALSE,0.231658111172191,"28","003","Altamira"
2001,0.347406598173297,0.209660812536135,0.491442315129862,24,"muestra_directa",FALSE,0.281781502593727,"28","041","Victoria"
2002,0.563146036952829,0.322427060772902,0.790956284022205,NA,"sintetico_postestratificado",FALSE,0.468529223249302,"28","010","Cruillas"
2003,0.559206832234608,0.313498333799992,0.790987903488522,NA,"sintetico_postestratificado",FALSE,0.47748956968853,"28","024","Mier"
2004,0.546861137984791,0.310405489456182,0.778527550845772,NA,"sintetico_postestratificado",FALSE,0.46812206138959,"28","015","Gustavo Díaz Ordaz"
2005,0.526533526493838,0.286540483566031,0.758226101975516,NA,"sintetico_postestratificado",FALSE,0.471685618409485,"28","025","Miguel Alemán"
2006,0.548119602903309,0.304194579226862,0.777987298337191,NA,"sintetico_postestratificado",FALSE,0.473792719110329,"28","040","Valle Hermoso"
2007,0.527472957632048,0.296730545758566,0.764678459416042,NA,"sintetico_postestratificado",FALSE,0.467947913657476,"28","023","Méndez"
2008,0.566059280960128,0.330854402953266,0.784581163299585,NA,"sintetico_postestratificado",FALSE,0.453726760346319,"28","031","Palmillas"
2009,0.515894040559965,0.282744521401012,0.748710341380281,NA,"sintetico_postestratificado",FALSE,0.46596581997927,"28","039","Tula"
2010,0.681354848603004,0.526759003093419,0.81906238142439,21,"muestra_directa",FALSE,0.292303378330971,"28","038","Tampico"
2011,0.504276550090703,0.242792382895734,0.744017987931388,NA,"sintetico_postestratificado",FALSE,0.501225605035653,"28","037","Soto la Marina"
2012,0.628306398769659,0.404543987550197,0.818633319879014,6,"muestra_directa",TRUE,0.414089332328817,"28","007","Camargo"
2013,0.528875763090504,0.297223228558125,0.741595332503427,NA,"sintetico_postestratificado",FALSE,0.444372103945302,"28","005","Burgos"
2014,0.551091920948898,0.386689499122653,0.709456896600384,16,"muestra_directa",FALSE,0.322767397477731,"28","032","Reynosa"
2015,0.432975369247088,0.245280965213323,0.665387877345758,6,"muestra_directa",TRUE,0.420106912132436,"28","033","Río Bravo"
2016,0.600959864844791,0.405355180956809,0.781419422293845,7,"muestra_directa",TRUE,0.376064241337036,"28","029","Ocampo"
2017,0.551847701529111,0.316249694509842,0.777039485106747,NA,"sintetico_postestratificado",FALSE,0.460789790596906,"28","030","Padilla"
2018,0.593746001441733,0.355958398611045,0.8096060696818,NA,"sintetico_postestratificado",FALSE,0.453647671070755,"28","034","San Carlos"
2019,0.571696050299899,0.339099603886939,0.782496346462878,NA,"sintetico_postestratificado",FALSE,0.443396742575939,"28","035","San Fernando"
2020,0.604797735123647,0.453113278482574,0.743927794720797,29,"muestra_directa",FALSE,0.290814516238223,"28","022","Matamoros"
2021,0.584679895208772,0.335460590326393,0.811830019552431,NA,"sintetico_postestratificado",FALSE,0.476369429226037,"28","036","San Nicolás"
2022,0.557084768664877,0.314460455645607,0.790384028525595,NA,"sintetico_postestratificado",FALSE,0.475923572879988,"28","028","Nuevo Morelos"
2023,0.517099796750835,0.283338444001118,0.735308394364797,2,"muestra_directa",TRUE,0.451969950363679,"28","021","El Mante"
2024,0.589726344905757,0.34184957337711,0.801562999798189,NA,"sintetico_postestratificado",FALSE,0.459713426421079,"28","011","Gómez Farías"
2025,0.564930955660344,0.313539753800312,0.78414659614752,NA,"sintetico_postestratificado",FALSE,0.470606842347208,"28","012","González"
2026,0.514613926070222,0.33328849835561,0.686965536320176,16,"muestra_directa",FALSE,0.353677037964566,"28","027","Nuevo Laredo"
2027,0.557160602737635,0.296531011412869,0.769663230597115,NA,"sintetico_postestratificado",FALSE,0.473132219184246,"28","013","Güémez"
2028,0.594606959845325,0.341048717667209,0.813904684469816,NA,"sintetico_postestratificado",FALSE,0.472855966802607,"28","004","Antiguo Morelos"
2029,0.561868777639696,0.317325694105881,0.799955344585417,NA,"sintetico_postestratificado",FALSE,0.482629650479536,"28","006","Bustamante"
2030,0.507956232553787,0.298796437875868,0.717671182827086,3,"muestra_directa",TRUE,0.418874744951219,"28","016","Hidalgo"
2031,0.594247552284518,0.344891776535701,0.81123082874136,NA,"sintetico_postestratificado",FALSE,0.466339052205659,"28","019","Llera"
2032,0.454489754392818,0.281543426427043,0.631891723653188,13,"muestra_directa",FALSE,0.350348297226146,"28","017","Jaumave"
2033,0.588622372640662,0.322941123706249,0.814083726277333,NA,"sintetico_postestratificado",FALSE,0.491142602571084,"28","020","Mainero"
2034,0.52134200461363,0.279957911435653,0.746354432162126,NA,"sintetico_postestratificado",FALSE,0.466396520726473,"28","008","Casas"
2035,0.574502331085196,0.325319158023775,0.800877502619717,NA,"sintetico_postestratificado",FALSE,0.475558344595942,"28","043","Xicoténcatl"
2036,0.489319442410103,0.241482355794023,0.741869188691672,NA,"sintetico_postestratificado",FALSE,0.500386832897649,"28","042","Villagrán"
2037,0.550861006982321,0.302103433420092,0.786098762310026,NA,"sintetico_postestratificado",FALSE,0.483995328889933,"28","014","Guerrero"
2038,0.69958297951057,0.499828858166153,0.856501178454632,9,"muestra_directa",TRUE,0.35667232028848,"28","009","Ciudad Madero"
2039,0.533892990760515,0.297496659783508,0.78459486064654,NA,"sintetico_postestratificado",FALSE,0.487098200863032,"28","026","Miquihuana"
2040,0.551375402115646,0.300189833244372,0.786128680881618,NA,"sintetico_postestratificado",FALSE,0.485938847637245,"28","001","Abasolo"
2041,0.573236703305602,0.333269201301058,0.792434694829189,NA,"sintetico_postestratificado",FALSE,0.459165493528131,"28","002","Aldama"
2042,0.593640909761859,0.407361885845459,0.774644071149523,10,"muestra_directa",FALSE,0.367282185304064,"28","018","Jiménez"
2043,0.63261210661462,0.401496156150953,0.829050492378175,4,"muestra_directa",TRUE,0.427554336227222,"29","019","Tepetitla de Lardizábal"
2044,0.570127573158574,0.328095542751736,0.800623503931701,NA,"sintetico_postestratificado",FALSE,0.472527961179966,"29","045","Benito Juárez"
2045,0.549086625775996,0.298870354293012,0.782105049471704,NA,"sintetico_postestratificado",FALSE,0.483234695178692,"29","047","Lázaro Cárdenas"
2046,0.656284755460944,0.468108649814479,0.811009950916986,15,"muestra_directa",FALSE,0.342901301102507,"29","033","Tlaxcala"
2047,0.55662631088494,0.311722723477092,0.782115413964775,NA,"sintetico_postestratificado",FALSE,0.470392690487684,"29","059","Santa Cruz Quilehtla"
2048,0.628086798943217,0.401819256617536,0.822161315379963,3,"muestra_directa",TRUE,0.420342058762427,"29","004","Atltzayanca"
2049,0.56442957378886,0.328412174870346,0.787627116730192,NA,"sintetico_postestratificado",FALSE,0.459214941859846,"29","054","San Lorenzo Axocomanitla"
2050,0.577585422216066,0.326111776908801,0.803641235626986,NA,"sintetico_postestratificado",FALSE,0.477529458718185,"29","042","Xicohtzinco"
2051,0.496891742769506,0.28820710700368,0.710211633846012,5,"muestra_directa",TRUE,0.422004526842331,"29","044","Zacatelco"
2052,0.60256453673459,0.363792977940676,0.807545670647027,NA,"sintetico_postestratificado",FALSE,0.443752692706351,"29","053","San Juan Huactzinco"
2053,0.581282162544262,0.354655478226611,0.801607689350681,NA,"sintetico_postestratificado",FALSE,0.44695221112407,"29","008","Cuapiaxtla"
2054,0.576602675496565,0.327003206566442,0.796877490585777,NA,"sintetico_postestratificado",FALSE,0.469874284019335,"29","029","Tepeyanco"
2055,0.582969358750699,0.333420378497843,0.80376405474784,NA,"sintetico_postestratificado",FALSE,0.470343676249997,"29","046","Emiliano Zapata"
2056,0.592174845656642,0.380647688695964,0.785718043127874,6,"muestra_directa",TRUE,0.405070354431911,"29","025","San Pablo del Monte"
2057,0.661827864966302,0.46460291936956,0.830482144159409,8,"muestra_directa",TRUE,0.365879224789849,"29","058","Santa Catarina Ayometla"
2058,0.481936189438979,0.303659256585717,0.664934856348755,13,"muestra_directa",FALSE,0.361275599763039,"29","014","Hueyotlipan"
2059,0.600181169259471,0.38541528960501,0.793769854539841,5,"muestra_directa",TRUE,0.408354564934831,"29","028","Teolocholco"
2060,0.537421804363651,0.302012261759527,0.763108813653087,NA,"sintetico_postestratificado",FALSE,0.46109655189356,"29","040","Xaltocan"
2061,0.556419622660992,0.308557731590169,0.783263356502847,NA,"sintetico_postestratificado",FALSE,0.474705624912678,"29","060","Santa Isabel Xiloxoxtla"
2062,0.598412336587915,0.402279500686161,0.771143394276396,9,"muestra_directa",TRUE,0.368863893590235,"29","015","Ixtacuixtla de Mariano Matamoros"
2063,0.565777719554082,0.315775062517491,0.800350150449099,NA,"sintetico_postestratificado",FALSE,0.484575087931608,"29","057","Santa Apolonia Teacalco"
2064,0.588617827036296,0.33580925631236,0.804728028168642,NA,"sintetico_postestratificado",FALSE,0.468918771856282,"29","056","Santa Ana Nopalucan"
2065,0.605352724298392,0.359242464152115,0.811547550247879,NA,"sintetico_postestratificado",FALSE,0.452305086095764,"29","051","San Jerónimo Zacualpan"
2066,0.575681793873675,0.343228943168583,0.772734912302653,3,"muestra_directa",TRUE,0.429505969134071,"29","041","Papalotla de Xicohténcatl"
2067,0.541852293901135,0.344797443887666,0.738090990665631,6,"muestra_directa",TRUE,0.393293546777965,"29","038","Tzompantepec"
2068,0.44370622467919,0.258102370265009,0.62913192798252,8,"muestra_directa",TRUE,0.371029557717511,"29","023","Natívitas"
2069,0.559604000016706,0.32944556538881,0.786292635328377,NA,"sintetico_postestratificado",FALSE,0.456847069939567,"29","020","Sanctórum de Lázaro Cárdenas"
2070,0.571493845426625,0.323155757990266,0.814564962459212,NA,"sintetico_postestratificado",FALSE,0.491409204468946,"29","017","Mazatecochco de José María Morelos"
2071,0.593940425513649,0.351434579463306,0.812425606195756,NA,"sintetico_postestratificado",FALSE,0.460991026732449,"29","022","Acuamanala de Miguel Hidalgo"
2072,0.555841948702425,0.359650895528159,0.756596513137005,4,"muestra_directa",TRUE,0.396945617608847,"29","001","Amaxac de Guerrero"
2073,0.604605069236917,0.391149708326005,0.798035000692006,3,"muestra_directa",TRUE,0.406885292366,"29","006","Calpulalpan"
2074,0.55193967609568,0.304343087002736,0.792176775417687,NA,"sintetico_postestratificado",FALSE,0.487833688414951,"29","016","Ixtenco"
2075,0.582998275431374,0.325461097674446,0.805766336497936,NA,"sintetico_postestratificado",FALSE,0.480305238823491,"29","049","San Damián Texóloc"
2076,0.573239409353094,0.414060024823156,0.732687425161303,15,"muestra_directa",FALSE,0.318627400338147,"29","043","Yauhquemehcan"
2077,0.603201543912838,0.437983607564034,0.754325894319563,19,"muestra_directa",FALSE,0.31634228675553,"29","013","Huamantla"
2078,0.392463287312226,0.216309898360864,0.597725195726375,8,"muestra_directa",TRUE,0.381415297365511,"29","002","Apetatitlán de Antonio Carvajal"
2079,0.594101356193527,0.371083795073668,0.802222427653288,2,"muestra_directa",TRUE,0.43113863257962,"29","005","Apizaco"
2080,0.611085888086967,0.400787321569383,0.789714286727173,7,"muestra_directa",TRUE,0.38892696515779,"29","018","Contla de Juan Cuamatzi"
2081,0.616699331751379,0.37684650267306,0.834786621130546,1,"muestra_directa",TRUE,0.457940118457486,"29","003","Atlangatepec"
2082,0.563791562102653,0.309595637963248,0.794598276986174,NA,"sintetico_postestratificado",FALSE,0.485002639022926,"29","011","Muñoz de Domingo Arenas"
2083,0.559596879107388,0.309942401529313,0.785608606372633,NA,"sintetico_postestratificado",FALSE,0.47566620484332,"29","009","Cuaxomulco"
2084,0.56954888273488,0.310052746312451,0.791965272766475,1,"muestra_directa",TRUE,0.481912526454024,"29","010","Chiautempan"
2085,0.528042887135758,0.339952145131075,0.713335819978299,8,"muestra_directa",TRUE,0.373383674847224,"29","007","El Carmen Tequexquitla"
2086,0.585539557547221,0.331879421194689,0.816940646424872,NA,"sintetico_postestratificado",FALSE,0.485061225230182,"29","021","Nanacamilpa de Mariano Arista"
2087,0.604961604232284,0.360647881724274,0.812371152926843,NA,"sintetico_postestratificado",FALSE,0.451723271202569,"29","012","Españita"
2088,0.718842071298725,0.540607891938742,0.854858168010699,11,"muestra_directa",FALSE,0.314250276071957,"29","031","Tetla de la Solidaridad"
2089,0.561153099496653,0.350468532618455,0.7645883304991,6,"muestra_directa",TRUE,0.414119797880646,"29","032","Tetlatlahuca"
2090,0.540505033014616,0.300425987954991,0.761200811098394,NA,"sintetico_postestratificado",FALSE,0.460774823143403,"29","034","Tlaxco"
2091,0.595025231719251,0.356816016363899,0.809052046995206,1,"muestra_directa",TRUE,0.452236030631307,"29","035","Tocatlán"
2092,0.602254358068483,0.332419489315905,0.813304005886074,NA,"sintetico_postestratificado",FALSE,0.48088451657017,"29","030","Terrenate"
2093,0.606112183689553,0.352804906840193,0.833442658693648,NA,"sintetico_postestratificado",FALSE,0.480637751853454,"29","026","Santa Cruz Tlaxcala"
2094,0.579072059723631,0.329304725063139,0.802842823022011,NA,"sintetico_postestratificado",FALSE,0.473538097958873,"29","050","San Francisco Tetlanohcan"
2095,0.582428576734071,0.356457051264501,0.80179457854747,NA,"sintetico_postestratificado",FALSE,0.44533752728297,"29","052","San José Teacalco"
2096,0.438258952979718,0.225609212777902,0.65994423148712,3,"muestra_directa",TRUE,0.434335018709217,"29","027","Tenancingo"
2097,0.575181384139484,0.323186380430603,0.798837343405313,NA,"sintetico_postestratificado",FALSE,0.47565096297471,"29","055","San Lucas Tecopilco"
2098,0.547154813918761,0.315244831724946,0.770293767578873,NA,"sintetico_postestratificado",FALSE,0.455048935853927,"29","024","Panotla"
2099,0.613027228364554,0.366280816017574,0.814432300089877,NA,"sintetico_postestratificado",FALSE,0.448151484072303,"29","037","Ziltlaltépec de Trinidad Sánchez Santos"
2100,0.686927841125519,0.460772800430088,0.86061041093499,5,"muestra_directa",TRUE,0.399837610504902,"29","048","La Magdalena Tlaltelulco"
2101,0.474777555163269,0.25615844410835,0.699277126692724,2,"muestra_directa",TRUE,0.443118682584373,"29","039","Xaloztoc"
2102,0.607380573775264,0.343815523017765,0.827239486105367,NA,"sintetico_postestratificado",FALSE,0.483423963087602,"29","036","Totolac"
2103,0.521479702383471,0.287530626005221,0.768474499444684,NA,"sintetico_postestratificado",FALSE,0.480943873439463,"30","162","Tenampa"
2104,0.489163996668916,0.260317629599949,0.741452184124683,NA,"sintetico_postestratificado",FALSE,0.481134554524734,"30","169","José Azueta"
2105,0.549932639460591,0.31007552046271,0.782137058493582,NA,"sintetico_postestratificado",FALSE,0.472061538030872,"30","185","Tlilapan"
2106,0.57710590959169,0.331156936727916,0.792178411535724,NA,"sintetico_postestratificado",FALSE,0.461021474807808,"30","187","Tonayán"
2107,0.578127437828661,0.338762086196386,0.793541011958343,NA,"sintetico_postestratificado",FALSE,0.454778925761956,"30","188","Totutla"
2108,0.550400481737562,0.299519649128613,0.790130867175705,NA,"sintetico_postestratificado",FALSE,0.490611218047092,"30","189","Tuxpan"
2109,0.582489860572892,0.321158721246769,0.802872582561217,NA,"sintetico_postestratificado",FALSE,0.481713861314448,"30","190","Tuxtilla"
2110,0.553359200025384,0.305257592609701,0.778688542203386,NA,"sintetico_postestratificado",FALSE,0.473430949593685,"30","078","Ixcatepec"
2111,0.56740023590313,0.326344563741363,0.78757369096767,NA,"sintetico_postestratificado",FALSE,0.461229127226307,"30","191","Ursulo Galván"
2112,0.498768901212958,0.300516647790568,0.698358685331083,7,"muestra_directa",TRUE,0.397842037540515,"30","079","Ixhuacán de los Reyes"
2113,0.661902950774325,0.462907709608313,0.830163098716143,7,"muestra_directa",TRUE,0.36725538910783,"30","192","Vega de Alatorre"
2114,0.586783142745876,0.345451972360969,0.807410999626004,NA,"sintetico_postestratificado",FALSE,0.461959027265036,"30","194","Villa Aldama"
2115,0.615631480975495,0.362249058729872,0.822670290697741,NA,"sintetico_postestratificado",FALSE,0.460421231967869,"30","031","Carrillo Puerto"
2116,0.580666965732518,0.33662463742702,0.806373578842861,NA,"sintetico_postestratificado",FALSE,0.469748941415841,"30","195","Xoxocotla"
2117,0.564126935167347,0.316232354094598,0.804233604659231,NA,"sintetico_postestratificado",FALSE,0.488001250564633,"30","199","Zaragoza"
2118,0.615004039881457,0.372383791744225,0.822877699400639,2,"muestra_directa",TRUE,0.450493907656413,"30","206","Nanchital de Lázaro Cárdenas del Río"
2119,0.519308612313205,0.277983036147387,0.77037359383037,NA,"sintetico_postestratificado",FALSE,0.492390557682983,"30","210","Uxpanapa"
2120,0.534847222906041,0.289257390282193,0.759344200283902,NA,"sintetico_postestratificado",FALSE,0.470086810001709,"30","211","San Rafael"
2121,0.571482027489289,0.327819577277564,0.802046311544753,NA,"sintetico_postestratificado",FALSE,0.474226734267189,"30","212","Santiago Sochiapan"
2122,0.557190070010672,0.307114592953549,0.786335537400871,NA,"sintetico_postestratificado",FALSE,0.479220944447321,"30","103","Mecatlán"
2123,0.531556326154657,0.34363699808327,0.717682113159805,8,"muestra_directa",TRUE,0.374045115076535,"30","141","San Andrés Tuxtla"
2124,0.546639757200839,0.300181848566797,0.773882097571372,NA,"sintetico_postestratificado",FALSE,0.473700249004575,"30","140","San Andrés Tenejapan"
2125,0.539070258539594,0.302822469257935,0.767897261953406,NA,"sintetico_postestratificado",FALSE,0.465074792695471,"30","138","Río Blanco"
2126,0.549719436269661,0.285947243430331,0.781418346982878,NA,"sintetico_postestratificado",FALSE,0.495471103552547,"30","136","Rafael Lucio"
2127,0.532155573859994,0.307236368862473,0.745773202195864,3,"muestra_directa",TRUE,0.43853683333339,"30","131","Poza Rica de Hidalgo"
2128,0.5713520127994,0.317046460704918,0.80119831085519,NA,"sintetico_postestratificado",FALSE,0.484151850150272,"30","116","Oluta"
2129,0.534561655674349,0.287132186772173,0.757235113390398,NA,"sintetico_postestratificado",FALSE,0.470102926618225,"30","109","Misantla"
2130,0.558752833297273,0.300371532877377,0.798408323253031,NA,"sintetico_postestratificado",FALSE,0.498036790375654,"30","107","Las Minas"
2131,0.537011610024624,0.297336344181836,0.760392804566055,NA,"sintetico_postestratificado",FALSE,0.463056460384219,"30","203","Zozocolco de Hidalgo"
2132,0.57255525563602,0.321384660262713,0.796118928725748,NA,"sintetico_postestratificado",FALSE,0.474734268463035,"30","205","El Higo"
2133,0.53709881185824,0.288502768166116,0.772808719507531,NA,"sintetico_postestratificado",FALSE,0.484305951341415,"30","071","Huatusco"
2134,0.554720955955787,0.334131668831536,0.76450850093891,4,"muestra_directa",TRUE,0.430376832107374,"30","069","Gutiérrez Zamora"
2135,0.541402320573146,0.291410370106707,0.780354746776487,NA,"sintetico_postestratificado",FALSE,0.48894437666978,"30","098","Magdalena"
2136,0.553018295335799,0.29230287825488,0.780459922381015,NA,"sintetico_postestratificado",FALSE,0.488157044126136,"30","075","Ignacio de la Llave"
2137,0.569560486114111,0.327763895725807,0.786089031289899,NA,"sintetico_postestratificado",FALSE,0.458325135564092,"30","074","Huiloapan de Cuauhtémoc"
2138,0.560782477408047,0.312121073313159,0.778771454877113,NA,"sintetico_postestratificado",FALSE,0.466650381563954,"30","073","Hueyapan de Ocampo"
2139,0.576542550014256,0.331566522518315,0.797199841621802,NA,"sintetico_postestratificado",FALSE,0.465633319103486,"30","072","Huayacocotla"
2140,0.557490569310639,0.323880157998347,0.775697159445207,NA,"sintetico_postestratificado",FALSE,0.45181700144686,"30","149","Soteapan"
2141,0.570102356425872,0.32012962316642,0.785328984054865,NA,"sintetico_postestratificado",FALSE,0.465199360888445,"30","150","Tamalín"
2142,0.542403679287774,0.297325566328966,0.777508860865139,NA,"sintetico_postestratificado",FALSE,0.480183294536173,"30","148","Soledad de Doblado"
2143,0.537954305834027,0.308439761545718,0.755803476243271,NA,"sintetico_postestratificado",FALSE,0.447363714697553,"30","147","Soledad Atzompa"
2144,0.540742226205619,0.282174163386375,0.781126916073212,NA,"sintetico_postestratificado",FALSE,0.498952752686837,"30","146","Sochiapa"
2145,0.543509358953385,0.308440265946733,0.779274809555968,NA,"sintetico_postestratificado",FALSE,0.470834543609235,"30","145","Soconusco"
2146,0.53810524862659,0.297194448514465,0.768598624715545,NA,"sintetico_postestratificado",FALSE,0.47140417620108,"30","004","Actopan"
2147,0.5267901197834,0.279439382273658,0.783127487994234,NA,"sintetico_postestratificado",FALSE,0.503688105720576,"30","070","Hidalgotitlán"
2148,0.536420535369326,0.299669414544292,0.768416930596613,NA,"sintetico_postestratificado",FALSE,0.468747516052321,"30","068","Fortín"
2149,0.603615901551799,0.34486128069683,0.807251658945174,NA,"sintetico_postestratificado",FALSE,0.462390378248344,"30","067","Filomeno Mata"
2150,0.551685162297046,0.316563235048175,0.77093371374515,NA,"sintetico_postestratificado",FALSE,0.454370478696974,"30","066","Espinal"
2151,0.563986718605943,0.325438377974905,0.791806786761252,NA,"sintetico_postestratificado",FALSE,0.466368408786347,"30","065","Emiliano Zapata"
2152,0.594392639304336,0.357970829957305,0.79635797473935,NA,"sintetico_postestratificado",FALSE,0.438387144782046,"30","064","Chumatlán"
2153,0.566618534050513,0.325803131079335,0.788425375706037,NA,"sintetico_postestratificado",FALSE,0.462622244626703,"30","173","Tezonapa"
2154,0.579834633800909,0.300848530523503,0.807771164164606,NA,"sintetico_postestratificado",FALSE,0.506922633641102,"30","209","Tatahuicapan de Juárez"
2155,0.444077304660646,0.297868493839675,0.593705448117628,19,"muestra_directa",FALSE,0.295836954277953,"30","032","Catemaco"
2156,0.556562556358199,0.317135824568944,0.785860305153745,NA,"sintetico_postestratificado",FALSE,0.4687244805848,"30","040","Coatzintla"
2157,0.578060863208703,0.330166769608412,0.787146116619343,2,"muestra_directa",TRUE,0.456979347010931,"30","039","Coatzacoalcos"
2158,0.555255011082762,0.316321909358141,0.77415841074813,NA,"sintetico_postestratificado",FALSE,0.457836501389989,"30","038","Coatepec"
2159,0.571148484236439,0.33761487805786,0.79945509972995,NA,"sintetico_postestratificado",FALSE,0.46184022167209,"30","037","Coahuitlán"
2160,0.594894883495635,0.335398185783262,0.82157515302777,NA,"sintetico_postestratificado",FALSE,0.486176967244508,"30","036","Coacoatzintla"
2161,0.578360833095148,0.332717417585044,0.794714575330544,NA,"sintetico_postestratificado",FALSE,0.4619971577455,"30","035","Citlaltépetl"
2162,0.594787179576137,0.356800826033437,0.802921529404291,NA,"sintetico_postestratificado",FALSE,0.446120703370854,"30","034","Cerro Azul"
2163,0.490698975173113,0.300759259900326,0.682313999577292,6,"muestra_directa",TRUE,0.381554739676965,"30","033","Cazones de Herrera"
2164,0.580626807005989,0.319707791212692,0.804197106714879,NA,"sintetico_postestratificado",FALSE,0.484489315502187,"30","030","Camerino Z. Mendoza"
2165,0.520025764679977,0.277557465679004,0.756707179268364,NA,"sintetico_postestratificado",FALSE,0.479149713589361,"30","029","Calcahualco"
2166,0.654243745001761,0.422117014817376,0.842004968056649,5,"muestra_directa",TRUE,0.419887953239273,"30","028","Boca del Río"
2167,0.539517905390439,0.298482511209345,0.779303325747632,NA,"sintetico_postestratificado",FALSE,0.480820814538286,"30","027","Benito Juárez"
2168,0.507618372318409,0.285221026885487,0.737109796195884,2,"muestra_directa",TRUE,0.451888769310396,"30","026","Banderilla"
2169,0.575301873566623,0.367148600052326,0.762583076579943,6,"muestra_directa",TRUE,0.395434476527617,"30","025","Ayahualulco"
2170,0.538169043246803,0.298267827287457,0.779732082416844,NA,"sintetico_postestratificado",FALSE,0.481464255129387,"30","024","Tlaltetela"
2171,0.556540985782614,0.312382488470797,0.782998722055102,NA,"sintetico_postestratificado",FALSE,0.470616233584305,"30","023","Atzalan"
2172,0.534579801686779,0.309291135747147,0.767718204467793,NA,"sintetico_postestratificado",FALSE,0.458427068720647,"30","022","Atzacan"
2173,0.57243645333424,0.334485752240527,0.784853804372809,NA,"sintetico_postestratificado",FALSE,0.450368052132282,"30","168","Tequila"
2174,0.611558960020571,0.361909525217472,0.821531652482515,NA,"sintetico_postestratificado",FALSE,0.459622127265043,"30","166","Tepetlán"
2175,0.550062444576936,0.32620024952926,0.76537874067114,NA,"sintetico_postestratificado",FALSE,0.43917849114188,"30","165","Tepatlaxco"
2176,0.554578381889723,0.302173273185024,0.779066764867272,NA,"sintetico_postestratificado",FALSE,0.476893491682248,"30","164","Teocelo"
2177,0.530697081555209,0.267585737913531,0.755191395915854,NA,"sintetico_postestratificado",FALSE,0.487605658002323,"30","126","Paso de Ovejas"
2178,0.561470564481541,0.332338069142573,0.785992055017718,NA,"sintetico_postestratificado",FALSE,0.453653985875145,"30","050","Coxquihui"
2179,0.562529980296326,0.310901452314636,0.789271720499246,NA,"sintetico_postestratificado",FALSE,0.47837026818461,"30","046","Cosautlán de Carvajal"
2180,0.56552962341052,0.322196986431594,0.782964629019961,NA,"sintetico_postestratificado",FALSE,0.460767642588367,"30","021","Atoyac"
2181,0.561657874399885,0.325531521938644,0.793479039498306,NA,"sintetico_postestratificado",FALSE,0.467947517559663,"30","128","Perote"
2182,0.529047297985758,0.295638699965642,0.758201697952594,NA,"sintetico_postestratificado",FALSE,0.462562997986952,"30","020","Atlahuilco"
2183,0.556467510408754,0.310835775023111,0.771540590291166,NA,"sintetico_postestratificado",FALSE,0.460704815268055,"30","101","Mariano Escobedo"
2184,0.526444614138013,0.280208954131948,0.770460793114605,NA,"sintetico_postestratificado",FALSE,0.490251838982658,"30","018","Aquila"
2185,0.563785635272792,0.333704199080443,0.789159621892068,NA,"sintetico_postestratificado",FALSE,0.455455422811625,"30","009","Alto Lucero de Gutiérrez Barrios"
2186,0.58136904420823,0.332852703179822,0.803325220949006,NA,"sintetico_postestratificado",FALSE,0.470472517769184,"30","112","Naolinco"
2187,0.554618620971633,0.334396519885607,0.755311979213313,5,"muestra_directa",TRUE,0.420915459327706,"30","008","Alpatláhuac"
2188,0.56790013374462,0.30453241878011,0.789163130641212,NA,"sintetico_postestratificado",FALSE,0.484630711861102,"30","007","Camarón de Tejeda"
2189,0.556807548097695,0.314443314262237,0.763339107824344,NA,"sintetico_postestratificado",FALSE,0.448895793562108,"30","006","Acultzingo"
2190,0.557945625292509,0.306725891504433,0.781831035309543,NA,"sintetico_postestratificado",FALSE,0.47510514380511,"30","111","Moloacán"
2191,0.573725137764075,0.324573944985721,0.792956331161172,NA,"sintetico_postestratificado",FALSE,0.468382386175451,"30","110","Mixtla de Altamirano"
2192,0.567638004016473,0.324264694509059,0.796674186983296,NA,"sintetico_postestratificado",FALSE,0.472409492474237,"30","005","Acula"
2193,0.569137239046696,0.316905303878468,0.79039924188581,NA,"sintetico_postestratificado",FALSE,0.473493938007342,"30","051","Coyutla"
2194,0.578863727025632,0.336990503930818,0.799336939698301,NA,"sintetico_postestratificado",FALSE,0.462346435767483,"30","045","Cosamaloapan de Carpio"
2195,0.582614630170159,0.332776874272764,0.7930471709138,NA,"sintetico_postestratificado",FALSE,0.460270296641036,"30","013","Naranjos Amatlán"
2196,0.558686213387931,0.313687009434116,0.78921249485865,NA,"sintetico_postestratificado",FALSE,0.475525485424533,"30","014","Amatlán de los Reyes"
2197,0.586165429132596,0.340817658733546,0.81155250311123,NA,"sintetico_postestratificado",FALSE,0.470734844377684,"30","002","Acatlán"
2198,0.531987782437686,0.284026745300339,0.780980820923148,NA,"sintetico_postestratificado",FALSE,0.49695407562281,"30","001","Acajete"
2199,0.54647362073473,0.290728267695384,0.773819343482695,NA,"sintetico_postestratificado",FALSE,0.483091075787312,"30","003","Acayucan"
2200,0.571350472767762,0.314990923470879,0.805331969448605,NA,"sintetico_postestratificado",FALSE,0.490341045977726,"30","120","Oteapan"
2201,0.606587390651551,0.379835617943465,0.821160344347978,NA,"sintetico_postestratificado",FALSE,0.441324726404513,"30","127","La Perla"
2202,0.605838459133809,0.383640611989095,0.808005556223284,3,"muestra_directa",TRUE,0.424364944234189,"30","048","Cosoleacaque"
2203,0.581514038166022,0.345613778925259,0.805474598125324,NA,"sintetico_postestratificado",FALSE,0.459860819200065,"30","059","Chinameca"
2204,0.556806820811376,0.308280600385298,0.769362807980871,NA,"sintetico_postestratificado",FALSE,0.461082207595573,"30","100","Manlio Fabio Altamirano"
2205,0.523391114363331,0.3015015810227,0.741596909876778,5,"muestra_directa",TRUE,0.440095328854078,"30","087","Xalapa"
2206,0.551895867171717,0.293263120346807,0.781148962987328,NA,"sintetico_postestratificado",FALSE,0.487885842640521,"30","097","Lerdo de Tejada"
2207,0.557287040769979,0.320897041563097,0.790242703829769,NA,"sintetico_postestratificado",FALSE,0.469345662266672,"30","010","Altotonga"
2208,0.55849584864646,0.301971889798538,0.785255719235854,NA,"sintetico_postestratificado",FALSE,0.483283829437316,"30","108","Minatitlán"
2209,0.54675205423824,0.299753652752441,0.77635595036673,NA,"sintetico_postestratificado",FALSE,0.476602297614288,"30","011","Alvarado"
2210,0.590808989308399,0.344400063433065,0.811098877577628,NA,"sintetico_postestratificado",FALSE,0.466698814144562,"30","012","Amatitlán"
2211,0.572915077151492,0.332070982073288,0.787207269309935,NA,"sintetico_postestratificado",FALSE,0.455136287236647,"30","015","Angel R. Cabada"
2212,0.544720049488378,0.304213323461161,0.76491775579945,NA,"sintetico_postestratificado",FALSE,0.460704432338289,"30","016","La Antigua"
2213,0.576032656875641,0.327612990184469,0.816169250030227,NA,"sintetico_postestratificado",FALSE,0.488556259845757,"30","017","Apazapan"
2214,0.622065470294704,0.440929586340007,0.789596948890471,9,"muestra_directa",TRUE,0.348667362550463,"30","117","Omealca"
2215,0.561714840356786,0.313315673320426,0.790074412167668,NA,"sintetico_postestratificado",FALSE,0.476758738847242,"30","113","Naranjal"
2216,0.578251191438137,0.340138278413073,0.815294545819741,NA,"sintetico_postestratificado",FALSE,0.475156267406668,"30","114","Nautla"
2217,0.559725265474059,0.299498135482638,0.783710537682689,NA,"sintetico_postestratificado",FALSE,0.484212402200052,"30","115","Nogales"
2218,0.551069775605295,0.30658552702718,0.770224499632709,NA,"sintetico_postestratificado",FALSE,0.463638972605529,"30","163","Tenochtitlán"
2219,0.546863944937233,0.2904411613827,0.768883479118024,NA,"sintetico_postestratificado",FALSE,0.478442317735324,"30","019","Astacinga"
2220,0.566084092393052,0.321713964448577,0.789036670404061,NA,"sintetico_postestratificado",FALSE,0.467322705955484,"30","042","Colipa"
2221,0.587171586798624,0.335353597776143,0.798951919253882,NA,"sintetico_postestratificado",FALSE,0.463598321477739,"30","043","Comapa"
2222,0.532872650258718,0.296006843348196,0.747233181347164,3,"muestra_directa",TRUE,0.451226337998968,"30","044","Córdoba"
2223,0.564668984244734,0.315862946577892,0.788436879396436,NA,"sintetico_postestratificado",FALSE,0.472573932818544,"30","047","Coscomatepec"
2224,0.576436840122064,0.332662430893083,0.816328744669693,NA,"sintetico_postestratificado",FALSE,0.483666313776609,"30","049","Cotaxtla"
2225,0.56227736759565,0.312227891408695,0.785259709283814,NA,"sintetico_postestratificado",FALSE,0.473031817875119,"30","052","Cuichapa"
2226,0.5538445367109,0.323628077295192,0.778344747307472,NA,"sintetico_postestratificado",FALSE,0.45471667001228,"30","099","Maltrata"
2227,0.598973899308866,0.387411684580403,0.792722183675948,8,"muestra_directa",TRUE,0.405310499095545,"30","105","Medellín de Bravo"
2228,0.532186408135697,0.295097935162922,0.761619354147455,NA,"sintetico_postestratificado",FALSE,0.466521418984533,"30","184","Tlaquilpa"
2229,0.551494232799378,0.338075554656329,0.747694032385527,4,"muestra_directa",TRUE,0.409618477729198,"30","175","Tihuatlán"
2230,0.520522102017606,0.283073919631027,0.760449153069079,NA,"sintetico_postestratificado",FALSE,0.477375233438052,"30","178","Tlacotalpan"
2231,0.543815150858334,0.294592486443168,0.781712782550769,NA,"sintetico_postestratificado",FALSE,0.487120296107601,"30","180","Tlachichilco"
2232,0.569025859916637,0.313198632459225,0.782090605042478,NA,"sintetico_postestratificado",FALSE,0.468891972583253,"30","137","Los Reyes"
2233,0.573114626939863,0.347220251462364,0.768312378190052,6,"muestra_directa",TRUE,0.421092126727688,"30","196","Yanga"
2234,0.555006248439223,0.313432173486968,0.784286423241301,NA,"sintetico_postestratificado",FALSE,0.470854249754333,"30","197","Yecuatla"
2235,0.544058327487266,0.288902406645774,0.796392201154108,NA,"sintetico_postestratificado",FALSE,0.507489794508334,"30","198","Zacualpan"
2236,0.534755795128402,0.29727065126742,0.767832175062224,NA,"sintetico_postestratificado",FALSE,0.470561523794804,"30","139","Saltabarranca"
2237,0.548357133335729,0.299860323956751,0.782702861600441,NA,"sintetico_postestratificado",FALSE,0.48284253764369,"30","186","Tomatlán"
2238,0.536732635588591,0.281699603402417,0.773982948369741,NA,"sintetico_postestratificado",FALSE,0.492283344967324,"30","200","Zentla"
2239,0.53975222474372,0.299532418351282,0.776603197008371,NA,"sintetico_postestratificado",FALSE,0.477070778657089,"30","202","Zontecomatlán de López y Fuentes"
2240,0.547634161626348,0.31336476935753,0.766584111600956,NA,"sintetico_postestratificado",FALSE,0.453219342243426,"30","204","Agua Dulce"
2241,0.54415582188396,0.298857737484557,0.780969512512637,NA,"sintetico_postestratificado",FALSE,0.48211177502808,"30","207","Tres Valles"
2242,0.55735415056726,0.323731113289476,0.77338694059896,NA,"sintetico_postestratificado",FALSE,0.449655827309484,"30","208","Carlos A. Carrillo"
2243,0.511844138819228,0.322377708685093,0.700736801159519,8,"muestra_directa",TRUE,0.378359092474426,"30","201","Zongolica"
2244,0.558237886588458,0.297894054693347,0.788824567970767,NA,"sintetico_postestratificado",FALSE,0.49093051327742,"30","181","Tlalixcoyan"
2245,0.58795871490275,0.330146268293453,0.810870453427012,NA,"sintetico_postestratificado",FALSE,0.480724185133558,"30","182","Tlalnelhuayocan"
2246,0.583192098984018,0.340420309672692,0.809854894022733,NA,"sintetico_postestratificado",FALSE,0.469434584350041,"30","183","Tlapacoyan"
2247,0.578417794546018,0.340379554771537,0.804069592465216,NA,"sintetico_postestratificado",FALSE,0.463690037693679,"30","076","Ilamatlán"
2248,0.572825348666286,0.326087780527598,0.798538050106617,NA,"sintetico_postestratificado",FALSE,0.472450269579019,"30","077","Isla"
2249,0.580691192620912,0.335485128630658,0.801631936817165,NA,"sintetico_postestratificado",FALSE,0.466146808186507,"30","080","Ixhuatlán del Café"
2250,0.568350492461666,0.335735807018072,0.777988945822217,2,"muestra_directa",TRUE,0.442253138804145,"30","081","Ixhuatlancillo"
2251,0.551454411069207,0.3202788722069,0.781826623333475,NA,"sintetico_postestratificado",FALSE,0.461547751126575,"30","082","Ixhuatlán del Sureste"
2252,0.556129755565996,0.31386468123527,0.779865320322778,NA,"sintetico_postestratificado",FALSE,0.466000639087509,"30","083","Ixhuatlán de Madero"
2253,0.514110390883625,0.269196577547778,0.744266578592851,NA,"sintetico_postestratificado",FALSE,0.475070001045073,"30","084","Ixmatlahuacan"
2254,0.530710190117748,0.28873012100455,0.769638034612865,NA,"sintetico_postestratificado",FALSE,0.480907913608315,"30","085","Ixtaczoquitlán"
2255,0.535584997279151,0.281687005990157,0.762669251246678,NA,"sintetico_postestratificado",FALSE,0.480982245256521,"30","086","Jalacingo"
2256,0.522701580163444,0.276577981323012,0.764829774146137,NA,"sintetico_postestratificado",FALSE,0.488251792823124,"30","088","Jalcomulco"
2257,0.534662380315951,0.308420161666764,0.772953880057847,NA,"sintetico_postestratificado",FALSE,0.464533718391083,"30","089","Jáltipan"
2258,0.559267097156405,0.298547339135635,0.785110738721084,NA,"sintetico_postestratificado",FALSE,0.486563399585448,"30","090","Jamapa"
2259,0.510473419891539,0.274990722013435,0.741508240590818,NA,"sintetico_postestratificado",FALSE,0.466517518577382,"30","091","Jesús Carranza"
2260,0.5322475257879,0.283294017043516,0.761014500680008,NA,"sintetico_postestratificado",FALSE,0.477720483636492,"30","092","Xico"
2261,0.50571279666416,0.264236258069972,0.742836861487726,NA,"sintetico_postestratificado",FALSE,0.478600603417754,"30","041","Coetzala"
2262,0.547848315925853,0.304779292002932,0.781680103804068,NA,"sintetico_postestratificado",FALSE,0.476900811801137,"30","053","Cuitláhuac"
2263,0.546521339613936,0.320042856663276,0.777843106430302,NA,"sintetico_postestratificado",FALSE,0.457800249767026,"30","054","Chacaltianguis"
2264,0.540988372555499,0.300064061788849,0.769531662101037,NA,"sintetico_postestratificado",FALSE,0.469467600312188,"30","055","Chalma"
2265,0.558489425759152,0.295898873815565,0.789985722052018,NA,"sintetico_postestratificado",FALSE,0.494086848236453,"30","056","Chiconamel"
2266,0.519904421902058,0.290649980076853,0.758176630268282,NA,"sintetico_postestratificado",FALSE,0.46752665019143,"30","057","Chiconquiaco"
2267,0.524219549401254,0.289252142350816,0.757684415665857,NA,"sintetico_postestratificado",FALSE,0.468432273315041,"30","058","Chicontepec"
2268,0.550136471034227,0.313298202422148,0.779235765455125,NA,"sintetico_postestratificado",FALSE,0.465937563032977,"30","060","Chinampa de Gorostiza"
2269,0.520172613300866,0.27222573133438,0.757018355551177,NA,"sintetico_postestratificado",FALSE,0.484792624216796,"30","061","Las Choapas"
2270,0.552264608129898,0.309816760730548,0.779702347264314,NA,"sintetico_postestratificado",FALSE,0.469885586533766,"30","062","Chocamán"
2271,0.519809701095137,0.28260855255921,0.753398434137075,NA,"sintetico_postestratificado",FALSE,0.470789881577865,"30","063","Chontla"
2272,0.547718543781636,0.298525853180426,0.780005461788211,NA,"sintetico_postestratificado",FALSE,0.481479608607785,"30","093","Jilotepec"
2273,0.532872345915774,0.275439522354498,0.748734684889029,NA,"sintetico_postestratificado",FALSE,0.47329516253453,"30","094","Juan Rodríguez Clara"
2274,0.534441166478595,0.288945399240888,0.781871843707871,NA,"sintetico_postestratificado",FALSE,0.492926444466983,"30","095","Juchique de Ferrer"
2275,0.546489992710976,0.300948011272969,0.784132959067275,NA,"sintetico_postestratificado",FALSE,0.483184947794306,"30","096","Landero y Coss"
2276,0.559466855116464,0.314328739791774,0.770821308287453,NA,"sintetico_postestratificado",FALSE,0.456492568495679,"30","104","Mecayapan"
2277,0.597203211752484,0.397794727970647,0.783048890163864,6,"muestra_directa",TRUE,0.385254162193217,"30","118","Orizaba"
2278,0.562711181586623,0.305681241035886,0.796164616500544,NA,"sintetico_postestratificado",FALSE,0.490483375464657,"30","119","Otatitlán"
2279,0.568921896757117,0.338205727343676,0.781069897197744,NA,"sintetico_postestratificado",FALSE,0.442864169854067,"30","121","Ozuluama de Mascareñas"
2280,0.667464733137788,0.508056091856951,0.812721616509967,18,"muestra_directa",FALSE,0.304665524653016,"30","123","Pánuco"
2281,0.58793156689783,0.377350196547915,0.773155991992289,6,"muestra_directa",TRUE,0.395805795444374,"30","124","Papantla"
2282,0.582768039199763,0.337328186560745,0.812254216334263,NA,"sintetico_postestratificado",FALSE,0.474926029773518,"30","125","Paso del Macho"
2283,0.589061273929357,0.351122842443349,0.791002020075536,NA,"sintetico_postestratificado",FALSE,0.439879177632187,"30","129","Platón Sánchez"
2284,0.580454029937633,0.347050601818141,0.805904667645033,NA,"sintetico_postestratificado",FALSE,0.458854065826892,"30","130","Playa Vicente"
2285,0.596426632486996,0.367783007896924,0.811938834841248,NA,"sintetico_postestratificado",FALSE,0.444155826944324,"30","122","Pajapan"
2286,0.528441966633538,0.285025615748022,0.754782501392818,NA,"sintetico_postestratificado",FALSE,0.469756885644797,"30","132","Las Vigas de Ramírez"
2287,0.559432882519806,0.310278752710834,0.780161859989807,NA,"sintetico_postestratificado",FALSE,0.469883107278974,"30","133","Pueblo Viejo"
2288,0.529988372585549,0.308541785299559,0.737185285244986,4,"muestra_directa",TRUE,0.428643499945427,"30","134","Puente Nacional"
2289,0.56231458987914,0.314333337966655,0.783308932392388,NA,"sintetico_postestratificado",FALSE,0.468975594425733,"30","135","Rafael Delgado"
2290,0.608178887951276,0.354339337173414,0.820125679142145,NA,"sintetico_postestratificado",FALSE,0.465786341968731,"30","106","Miahuatlán"
2291,0.589120097976432,0.351154765346574,0.791891580430049,5,"muestra_directa",TRUE,0.440736815083475,"30","102","Martínez de la Torre"
2292,0.598498649028751,0.342663030763651,0.814215116165371,NA,"sintetico_postestratificado",FALSE,0.471552085401721,"30","170","Texcatepec"
2293,0.545882129059804,0.300357144878136,0.780040144965967,NA,"sintetico_postestratificado",FALSE,0.479683000087831,"30","171","Texhuacán"
2294,0.55226174543951,0.305387388626745,0.769546646626687,NA,"sintetico_postestratificado",FALSE,0.464159257999942,"30","172","Texistepec"
2295,0.574162496642776,0.33964513714156,0.785153631042989,NA,"sintetico_postestratificado",FALSE,0.44550849390143,"30","174","Tierra Blanca"
2296,0.55428446133545,0.296961309043454,0.789636844669596,NA,"sintetico_postestratificado",FALSE,0.492675535626142,"30","176","Tlacojalpan"
2297,0.524657079195394,0.290724812494494,0.781406430426498,NA,"sintetico_postestratificado",FALSE,0.490681617932005,"30","179","Tlacotepec de Mejía"
2298,0.645126505528317,0.461572504474644,0.823344872209029,8,"muestra_directa",TRUE,0.361772367734385,"30","177","Tlacolulan"
2299,0.54542607109362,0.331883233137545,0.749102256252376,8,"muestra_directa",TRUE,0.417219023114831,"30","193","Veracruz"
2300,0.519023253583976,0.283572895824254,0.758314896490449,NA,"sintetico_postestratificado",FALSE,0.474742000666195,"30","143","Santiago Tuxtla"
2301,0.569858577470091,0.305533477043865,0.793802620016257,NA,"sintetico_postestratificado",FALSE,0.488269142972392,"30","144","Sayula de Alemán"
2302,0.564637918215078,0.323842198497936,0.796375443288201,NA,"sintetico_postestratificado",FALSE,0.472533244790265,"30","142","San Juan Evangelista"
2303,0.655003796783889,0.454820305456857,0.819456273749837,11,"muestra_directa",FALSE,0.36463596829298,"30","151","Tamiahua"
2304,0.610618017034975,0.363866073826606,0.828965885719513,NA,"sintetico_postestratificado",FALSE,0.465099811892907,"30","152","Tampico Alto"
2305,0.594040598798635,0.34985013071817,0.812917140212504,NA,"sintetico_postestratificado",FALSE,0.463067009494335,"30","153","Tancoco"
2306,0.550413212212058,0.308516585150253,0.780176721314251,NA,"sintetico_postestratificado",FALSE,0.471660136163998,"30","154","Tantima"
2307,0.524101373567458,0.352188289539335,0.713234205816862,11,"muestra_directa",FALSE,0.361045916277527,"30","155","Tantoyuca"
2308,0.583754829936937,0.340373225398243,0.797576088348656,NA,"sintetico_postestratificado",FALSE,0.457202862950414,"30","156","Tatatila"
2309,0.56417786094431,0.301553578764968,0.801972093147912,NA,"sintetico_postestratificado",FALSE,0.500418514382943,"30","157","Castillo de Teayo"
2310,0.560900337088642,0.316117536629279,0.786166292429618,NA,"sintetico_postestratificado",FALSE,0.470048755800339,"30","158","Tecolutla"
2311,0.513950651317183,0.308660533342298,0.719253120470916,5,"muestra_directa",TRUE,0.410592587128618,"30","159","Tehuipango"
2312,0.563905061971885,0.345668954777362,0.782464088624481,NA,"sintetico_postestratificado",FALSE,0.436795133847119,"30","160","Álamo Temapache"
2313,0.570261556506731,0.327952613323983,0.779622788778915,NA,"sintetico_postestratificado",FALSE,0.451670175454933,"30","161","Tempoal"
2314,0.598724939774902,0.433590526190401,0.76572311218211,20,"muestra_directa",FALSE,0.332132585991708,"30","167","Tepetzintla"
2315,0.505375794023657,0.254791667685638,0.74335417333793,NA,"sintetico_postestratificado",FALSE,0.488562505652292,"31","009","Cansahcab"
2316,0.49516953864081,0.258935339605126,0.739256255390931,NA,"sintetico_postestratificado",FALSE,0.480320915785804,"31","007","Cacalchén"
2317,0.454791221847809,0.221878590922034,0.703794865979812,NA,"sintetico_postestratificado",FALSE,0.481916275057778,"31","019","Chemax"
2318,0.558725411139418,0.356360317858061,0.73957312051384,11,"muestra_directa",FALSE,0.383212802655778,"31","101","Umán"
2319,0.518597301703369,0.276825881856699,0.752617349852309,NA,"sintetico_postestratificado",FALSE,0.47579146799561,"31","106","Yobaín"
2320,0.479934584739383,0.237064242385897,0.733546468860604,NA,"sintetico_postestratificado",FALSE,0.496482226474708,"31","105","Yaxkukul"
2321,0.561894357532958,0.319936577022761,0.799105442311311,NA,"sintetico_postestratificado",FALSE,0.479168865288551,"31","103","Xocchel"
2322,0.497642788886594,0.250117631800435,0.732286994620474,NA,"sintetico_postestratificado",FALSE,0.482169362820039,"31","097","Tunkás"
2323,0.484395877481758,0.226448393988174,0.727567394532905,NA,"sintetico_postestratificado",FALSE,0.501119000544731,"31","095","Tixpéhual"
2324,0.493680345825724,0.258635184194333,0.72589282202187,NA,"sintetico_postestratificado",FALSE,0.467257637827537,"31","081","Tekom"
2325,0.49270733462348,0.252078225634472,0.734380980256093,NA,"sintetico_postestratificado",FALSE,0.482302754621621,"31","090","Timucuy"
2326,0.546353009552232,0.291498105418743,0.782375013686561,NA,"sintetico_postestratificado",FALSE,0.490876908267818,"31","088","Teya"
2327,0.530551058368456,0.29076036440777,0.76533058301801,NA,"sintetico_postestratificado",FALSE,0.47457021861024,"31","087","Tetiz"
2328,0.486880777020072,0.24306906881246,0.725501001847108,NA,"sintetico_postestratificado",FALSE,0.482431933034648,"31","066","Santa Elena"
2329,0.504332297718708,0.254690090379974,0.754305891159247,NA,"sintetico_postestratificado",FALSE,0.499615800779273,"31","086","Tepakán"
2330,0.55785854922695,0.305199291113994,0.793119517160317,NA,"sintetico_postestratificado",FALSE,0.487920226046323,"31","083","Telchac Puerto"
2331,0.516994577532311,0.27717504219333,0.75709949768294,NA,"sintetico_postestratificado",FALSE,0.47992445548961,"31","082","Telchac Pueblo"
2332,0.503690582551324,0.26353807089288,0.733231235951654,NA,"sintetico_postestratificado",FALSE,0.469693165058774,"31","080","Tekit"
2333,0.524993508780018,0.330384837012328,0.71653396618501,9,"muestra_directa",TRUE,0.386149129172682,"31","102","Valladolid"
2334,0.582374332928781,0.315149345847347,0.811560376313543,NA,"sintetico_postestratificado",FALSE,0.496411030466196,"31","071","Sudzal"
2335,0.475390978798787,0.247007539542217,0.693341420536624,3,"muestra_directa",TRUE,0.446333880994407,"31","069","Sotuta"
2336,0.497874783792689,0.251703651825248,0.754637018278762,NA,"sintetico_postestratificado",FALSE,0.502933366453513,"31","078","Tekantó"
2337,0.509968105862713,0.265570159894576,0.745312370060626,NA,"sintetico_postestratificado",FALSE,0.47974221016605,"31","037","Huhí"
2338,0.539469956812691,0.294454923470331,0.785988232119152,NA,"sintetico_postestratificado",FALSE,0.491533308648822,"31","027","Dzidzantún"
2339,0.514013164288121,0.260121101306007,0.75550496606209,NA,"sintetico_postestratificado",FALSE,0.495383864756083,"31","058","Peto"
2340,0.504047524087583,0.248638429054927,0.77272206011021,NA,"sintetico_postestratificado",FALSE,0.524083631055283,"31","055","Opichén"
2341,0.481371523049601,0.231184845183375,0.732020910079486,NA,"sintetico_postestratificado",FALSE,0.50083606489611,"31","036","Homún"
2342,0.484333353845245,0.23827096239939,0.738877478519258,NA,"sintetico_postestratificado",FALSE,0.500606516119868,"31","032","Espita"
2343,0.498584239469056,0.259039780977173,0.734274922834448,NA,"sintetico_postestratificado",FALSE,0.475235141857275,"31","077","Tekal de Venegas"
2344,0.49341780047278,0.231592789173912,0.730522666829613,NA,"sintetico_postestratificado",FALSE,0.4989298776557,"31","074","Tahmek"
2345,0.527956784880269,0.288395898965777,0.763950739693014,NA,"sintetico_postestratificado",FALSE,0.475554840727237,"31","026","Dzemul"
2346,0.518380251867559,0.273949069690714,0.758486186283325,NA,"sintetico_postestratificado",FALSE,0.484537116592611,"31","025","Dzan"
2347,0.520702868404961,0.269178111593799,0.748125878326623,NA,"sintetico_postestratificado",FALSE,0.478947766732824,"31","001","Abalá"
2348,0.571945989098684,0.449852865517555,0.692850665437042,57,"muestra_directa",FALSE,0.242997799919487,"31","050","Mérida"
2349,0.529839010622041,0.336072285726288,0.724647522687621,8,"muestra_directa",TRUE,0.388575236961333,"31","023","Chocholá"
2350,0.497192128997364,0.248577537604281,0.719799073269028,NA,"sintetico_postestratificado",FALSE,0.471221535664747,"31","035","Hoctún"
2351,0.511867316963027,0.258712267534539,0.73282539633177,NA,"sintetico_postestratificado",FALSE,0.474113128797231,"31","034","Hocabá"
2352,0.539382716612457,0.300032581156182,0.765206898130927,NA,"sintetico_postestratificado",FALSE,0.465174316974745,"31","016","Chacsinkín"
2353,0.501159557933988,0.259104564675219,0.742260409718589,NA,"sintetico_postestratificado",FALSE,0.48315584504337,"31","015","Cuzamá"
2354,0.524585055203795,0.288829297867271,0.74718972480986,NA,"sintetico_postestratificado",FALSE,0.458360426942589,"31","013","Conkal"
2355,0.495473875442205,0.240024138151411,0.743356681708694,NA,"sintetico_postestratificado",FALSE,0.503332543557283,"31","049","Mayapán"
2356,0.529110383174991,0.262405498139217,0.77827853223633,NA,"sintetico_postestratificado",FALSE,0.515873034097113,"31","065","San Felipe"
2357,0.501391327530222,0.253280557878983,0.75438326361253,NA,"sintetico_postestratificado",FALSE,0.501102705733547,"31","064","Sanahcat"
2358,0.490208685403916,0.250573862069188,0.752486278957971,NA,"sintetico_postestratificado",FALSE,0.501912416888783,"31","073","Tahdziú"
2359,0.518894789469145,0.268692094955112,0.748568516961825,NA,"sintetico_postestratificado",FALSE,0.479876422006713,"31","072","Suma"
2360,0.476999626885867,0.236880884859008,0.721599508074737,NA,"sintetico_postestratificado",FALSE,0.48471862321573,"31","093","Tixkokob"
2361,0.515412840054118,0.267385364885775,0.770057987646586,NA,"sintetico_postestratificado",FALSE,0.502672622760811,"31","061","Río Lagartos"
2362,0.500552595228501,0.255327889120774,0.740567814678197,NA,"sintetico_postestratificado",FALSE,0.485239925557423,"31","014","Cuncunul"
2363,0.470004014007065,0.252277706619976,0.674484220672146,5,"muestra_directa",TRUE,0.42220651405217,"31","089","Ticul"
2364,0.46518600230383,0.2309480775418,0.72315814890393,NA,"sintetico_postestratificado",FALSE,0.49221007136213,"31","070","Sucilá"
2365,0.638339626413048,0.441524629866766,0.810156687838204,10,"muestra_directa",FALSE,0.368632057971439,"31","068","Sinanché"
2366,0.492465998271188,0.257376208086873,0.747402204209229,NA,"sintetico_postestratificado",FALSE,0.490025996122356,"31","012","Cenotillo"
2367,0.469728893869537,0.236308195837805,0.706559031049913,NA,"sintetico_postestratificado",FALSE,0.470250835212108,"31","010","Cantamayec"
2368,0.470597642284247,0.233784570948771,0.715274500122838,NA,"sintetico_postestratificado",FALSE,0.481489929174068,"31","002","Acanceh"
2369,0.478234753349028,0.245281175606888,0.726538168364326,NA,"sintetico_postestratificado",FALSE,0.481256992757438,"31","063","Samahil"
2370,0.547042144114751,0.292167095347287,0.775500991732629,NA,"sintetico_postestratificado",FALSE,0.483333896385342,"31","060","Quintana Roo"
2371,0.544939164161239,0.287026713812822,0.775555410138738,NA,"sintetico_postestratificado",FALSE,0.488528696325916,"31","054","Muxupip"
2372,0.534174989544207,0.300546798098417,0.772166808035161,NA,"sintetico_postestratificado",FALSE,0.471620009936744,"31","053","Muna"
2373,0.496827939039161,0.245892491036689,0.745753298514051,NA,"sintetico_postestratificado",FALSE,0.499860807477361,"31","076","Tecoh"
2374,0.491866930387193,0.286007241310904,0.701598732254404,7,"muestra_directa",TRUE,0.4155914909435,"31","098","Tzucacab"
2375,0.509428429405183,0.258384969142411,0.744287121664205,NA,"sintetico_postestratificado",FALSE,0.485902152521794,"31","042","Kantunil"
2376,0.393318298428072,0.237446262079012,0.559138490927498,16,"muestra_directa",FALSE,0.321692228848486,"31","052","Motul"
2377,0.527741144594495,0.276644776971709,0.759095897905999,NA,"sintetico_postestratificado",FALSE,0.482451120934289,"31","006","Buctzotz"
2378,0.446509257425506,0.273833323204649,0.639175437887858,11,"muestra_directa",FALSE,0.365342114683209,"31","056","Oxkutzcab"
2379,0.485183399212224,0.251854712908409,0.746300200272882,NA,"sintetico_postestratificado",FALSE,0.494445487364473,"31","057","Panabá"
2380,0.433421028823782,0.201328498292369,0.685041543467591,NA,"sintetico_postestratificado",FALSE,0.483713045175221,"31","028","Dzilam de Bravo"
2381,0.487866121660493,0.252037752674486,0.733635363664917,NA,"sintetico_postestratificado",FALSE,0.481597610990431,"31","062","Sacalum"
2382,0.537517242821517,0.301388020747393,0.776106353600785,NA,"sintetico_postestratificado",FALSE,0.474718332853392,"31","051","Mocochá"
2383,0.338654842792109,0.170367038525669,0.547007806095921,7,"muestra_directa",TRUE,0.376640767570252,"31","040","Izamal"
2384,0.510672708671283,0.266038376954752,0.742447635201244,NA,"sintetico_postestratificado",FALSE,0.476409258246492,"31","085","Temozón"
2385,0.460676093738336,0.252651399125095,0.684497703189746,4,"muestra_directa",TRUE,0.431846304064651,"31","104","Yaxcabá"
2386,0.492756804298784,0.242573821545211,0.751340866474205,NA,"sintetico_postestratificado",FALSE,0.508767044928994,"31","091","Tinum"
2387,0.459325177387582,0.243055083384076,0.683838557400105,3,"muestra_directa",TRUE,0.440783474016029,"31","048","Maxcanú"
2388,0.401727507307233,0.202220577341178,0.613952078885268,3,"muestra_directa",TRUE,0.41173150154409,"31","096","Tizimín"
2389,0.510152135846606,0.262724261272217,0.749294705412083,NA,"sintetico_postestratificado",FALSE,0.486570444139865,"31","099","Uayma"
2390,0.492200066279031,0.241786581276891,0.740273373655623,NA,"sintetico_postestratificado",FALSE,0.498486792378732,"31","005","Bokobá"
2391,0.476764152066145,0.239644349920784,0.706934260866799,NA,"sintetico_postestratificado",FALSE,0.467289910946015,"31","047","Maní"
2392,0.537731382713083,0.290194046987434,0.77230718851862,NA,"sintetico_postestratificado",FALSE,0.482113141531186,"31","046","Mama"
2393,0.544128036056986,0.312635998853218,0.779627157595497,NA,"sintetico_postestratificado",FALSE,0.46699115874228,"31","045","Kopomá"
2394,0.487107609138307,0.236386190974618,0.75042838411482,NA,"sintetico_postestratificado",FALSE,0.514042193140202,"31","044","Kinchil"
2395,0.521891299254007,0.26636466892049,0.775908956382075,NA,"sintetico_postestratificado",FALSE,0.509544287461585,"31","100","Ucú"
2396,0.443215320413696,0.208102971223696,0.700536582612339,NA,"sintetico_postestratificado",FALSE,0.492433611388643,"31","043","Kaua"
2397,0.513694626733864,0.270313540125308,0.751649176586962,NA,"sintetico_postestratificado",FALSE,0.481335636461655,"31","020","Chicxulub Pueblo"
2398,0.477213483129517,0.24816534502984,0.708118058148469,NA,"sintetico_postestratificado",FALSE,0.459952713118629,"31","067","Seyé"
2399,0.487866474109702,0.244698998844542,0.73170167470435,NA,"sintetico_postestratificado",FALSE,0.487002675859808,"31","075","Teabo"
2400,0.511445593869412,0.26344976988759,0.747196420584315,NA,"sintetico_postestratificado",FALSE,0.483746650696725,"31","004","Baca"
2401,0.528707714066003,0.285542816430572,0.771409630067418,NA,"sintetico_postestratificado",FALSE,0.485866813636847,"31","003","Akil"
2402,0.46969115669488,0.222935697674248,0.707333327874288,NA,"sintetico_postestratificado",FALSE,0.484397630200041,"31","022","Chikindzonot"
2403,0.477075255712483,0.237689220690861,0.732296864178198,NA,"sintetico_postestratificado",FALSE,0.494607643487337,"31","033","Halachó"
2404,0.548340237068504,0.372979088448964,0.720876533758206,11,"muestra_directa",FALSE,0.347897445309242,"31","079","Tekax"
2405,0.521565499393888,0.253701509246646,0.760468452088064,NA,"sintetico_postestratificado",FALSE,0.506766942841418,"31","059","Progreso"
2406,0.491486738935966,0.245014884059057,0.734557726136046,NA,"sintetico_postestratificado",FALSE,0.489542842076989,"31","094","Tixméhuac"
2407,0.535157782984652,0.297746666576409,0.777829231354111,NA,"sintetico_postestratificado",FALSE,0.480082564777702,"31","084","Temax"
2408,0.451155670853811,0.280375569493772,0.640783078640648,10,"muestra_directa",FALSE,0.360407509146876,"31","029","Dzilam González"
2409,0.41608273604225,0.257584088994809,0.588635662131311,17,"muestra_directa",FALSE,0.331051573136503,"31","041","Kanasín"
2410,0.451781656932562,0.256021434523701,0.64307212457601,11,"muestra_directa",FALSE,0.387050690052309,"31","038","Hunucmá"
2411,0.486981576149696,0.240465818624387,0.724438993151587,NA,"sintetico_postestratificado",FALSE,0.4839731745272,"31","030","Dzitás"
2412,0.512492488837927,0.257107875470648,0.746620559523584,NA,"sintetico_postestratificado",FALSE,0.489512684052936,"31","021","Chichimilá"
2413,0.509854058010603,0.274070881950762,0.766047928581696,NA,"sintetico_postestratificado",FALSE,0.491977046630934,"31","039","Ixil"
2414,0.466341439247486,0.261996062108744,0.650887675590201,9,"muestra_directa",TRUE,0.388891613481457,"31","092","Tixcacalcupul"
2415,0.494203135140753,0.249563824902178,0.751665858338321,NA,"sintetico_postestratificado",FALSE,0.502102033436143,"31","018","Chapab"
2416,0.534444634386599,0.29944836190089,0.759974525983548,NA,"sintetico_postestratificado",FALSE,0.460526164082658,"31","017","Chankom"
2417,0.490506743490516,0.247151656310488,0.735269339294631,NA,"sintetico_postestratificado",FALSE,0.488117682984143,"31","024","Chumayel"
2418,0.490970754334787,0.228371306232793,0.752205414430285,NA,"sintetico_postestratificado",FALSE,0.523834108197492,"31","031","Dzoncauich"
2419,0.532979245636058,0.293988805680396,0.760988358683629,NA,"sintetico_postestratificado",FALSE,0.466999553003233,"31","011","Celestún"
2420,0.50423500167603,0.258965920097315,0.747249598769365,NA,"sintetico_postestratificado",FALSE,0.488283678672049,"31","008","Calotmul"
2421,0.536141065157563,0.286649642789459,0.761987442835064,NA,"sintetico_postestratificado",FALSE,0.475337800045605,"32","027","Melchor Ocampo"
2422,0.577250808563533,0.338493120128678,0.790269291964857,2,"muestra_directa",TRUE,0.451776171836178,"32","019","Jalpa"
2423,0.533465297853762,0.282837053101465,0.762304754019868,NA,"sintetico_postestratificado",FALSE,0.479467700918403,"32","003","Atolinga"
2424,0.551849714493314,0.31142758900614,0.76745420634836,NA,"sintetico_postestratificado",FALSE,0.45602661734222,"32","058","Santa María de la Paz"
2425,0.454608774826645,0.283121062607327,0.646241427053893,13,"muestra_directa",FALSE,0.363120364446566,"32","036","Ojocaliente"
2426,0.658891141952437,0.436981433329213,0.835968859234644,2,"muestra_directa",TRUE,0.398987425905431,"32","035","Noria de Ángeles"
2427,0.556963076132205,0.315337495632149,0.788446905217996,NA,"sintetico_postestratificado",FALSE,0.473109409585847,"32","037","Pánuco"
2428,0.601905951972069,0.406703930193919,0.762429748978303,10,"muestra_directa",FALSE,0.355725818784384,"32","040","Sain Alto"
2429,0.545137196887461,0.325495918297784,0.760818874631765,NA,"sintetico_postestratificado",FALSE,0.435322956333981,"32","033","Moyahua de Estrada"
2430,0.635975244487424,0.449824835395651,0.793869565888689,11,"muestra_directa",FALSE,0.344044730493039,"32","020","Jerez"
2431,0.547843580817757,0.379385052227415,0.704091567546258,21,"muestra_directa",FALSE,0.324706515318843,"32","010","Fresnillo"
2432,0.550188896612312,0.300467609844734,0.785980825392431,NA,"sintetico_postestratificado",FALSE,0.485513215547697,"32","034","Nochistlán de Mejía"
2433,0.571754584899774,0.357842115792485,0.76897753333006,4,"muestra_directa",TRUE,0.411135417537575,"32","005","Calera"
2434,0.533410566969019,0.288952674411889,0.77005171053357,NA,"sintetico_postestratificado",FALSE,0.481099036121681,"32","045","Tepechitlán"
2435,0.54463064203154,0.294858827272938,0.786484482865837,NA,"sintetico_postestratificado",FALSE,0.4916256555929,"32","038","Pinos"
2436,0.508884604698904,0.291565826662291,0.713469053453795,4,"muestra_directa",TRUE,0.421903226791504,"32","051","Villa de Cos"
2437,0.575409914797683,0.334578892494365,0.808404132428421,NA,"sintetico_postestratificado",FALSE,0.473825239934056,"32","050","Vetagrande"
2438,0.552258355157253,0.301721762463614,0.774057430829441,NA,"sintetico_postestratificado",FALSE,0.472335668365828,"32","049","Valparaíso"
2439,0.639674468348816,0.474218050353038,0.791515747069524,13,"muestra_directa",FALSE,0.317297696716486,"32","048","Tlaltenango de Sánchez Román"
2440,0.548794063103659,0.294091895231357,0.790643577503651,NA,"sintetico_postestratificado",FALSE,0.496551682272294,"32","046","Tepetongo"
2441,0.501836177306593,0.28069585929731,0.721124709758334,3,"muestra_directa",TRUE,0.440428850461024,"32","025","Luis Moya"
2442,0.531546136606945,0.267954622747358,0.756580899117714,NA,"sintetico_postestratificado",FALSE,0.488626276370356,"32","044","Tabasco"
2443,0.545129696225035,0.307987335344165,0.763373537736285,NA,"sintetico_postestratificado",FALSE,0.45538620239212,"32","043","Susticacán"
2444,0.540390145527484,0.301669568951993,0.778416807289382,NA,"sintetico_postestratificado",FALSE,0.476747238337388,"32","054","Villa Hidalgo"
2445,0.53733277444716,0.311853629940644,0.777787177687883,NA,"sintetico_postestratificado",FALSE,0.465933547747239,"32","042","Sombrerete"
2446,0.547035109458208,0.30695813592743,0.778869224124965,NA,"sintetico_postestratificado",FALSE,0.471911088197535,"32","041","El Salvador"
2447,0.515472254926481,0.279884100430331,0.753905704415049,NA,"sintetico_postestratificado",FALSE,0.474021603984718,"32","016","General Pánfilo Natera"
2448,0.534706483484227,0.29782219007538,0.765825705640408,NA,"sintetico_postestratificado",FALSE,0.468003515565028,"32","014","General Francisco R. Murguía"
2449,0.550099119069012,0.291762393538469,0.78848399960096,NA,"sintetico_postestratificado",FALSE,0.496721606062491,"32","013","General Enrique Estrada"
2450,0.569966773567549,0.31730812171032,0.79043581750931,NA,"sintetico_postestratificado",FALSE,0.473127695798991,"32","009","Chalchihuites"
2451,0.548724409283701,0.404762662877735,0.685411590315399,31,"muestra_directa",FALSE,0.280648927437664,"32","017","Guadalupe"
2452,0.557546196735369,0.304171869222917,0.783343241253144,NA,"sintetico_postestratificado",FALSE,0.479171372030227,"32","057","Trancoso"
2453,0.544276045667955,0.299063962625999,0.776163391596953,NA,"sintetico_postestratificado",FALSE,0.477099428970954,"32","030","Momax"
2454,0.54598137465702,0.29727495420263,0.774459335144375,NA,"sintetico_postestratificado",FALSE,0.477184380941745,"32","032","Morelos"
2455,0.651981073738124,0.47495863475999,0.802733904273712,14,"muestra_directa",FALSE,0.327775269513723,"32","056","Zacatecas"
2456,0.563363192236994,0.340247917318587,0.77806515075725,NA,"sintetico_postestratificado",FALSE,0.437817233438663,"32","018","Huanusco"
2457,0.559165418083502,0.316852799690489,0.778826375218104,NA,"sintetico_postestratificado",FALSE,0.461973575527615,"32","022","Juan Aldama"
2458,0.597545789968649,0.358296859121453,0.809856428271348,NA,"sintetico_postestratificado",FALSE,0.451559569149894,"32","002","Apulco"
2459,0.595029922220969,0.355239562590004,0.817078549039022,NA,"sintetico_postestratificado",FALSE,0.461838986449018,"32","001","Apozol"
2460,0.55924320336961,0.303306380149682,0.789746347624524,NA,"sintetico_postestratificado",FALSE,0.486439967474843,"32","015","El Plateado de Joaquín Amaro"
2461,0.562443829636364,0.32192396531669,0.780729714038403,NA,"sintetico_postestratificado",FALSE,0.458805748721713,"32","028","Mezquital del Oro"
2462,0.614093964543238,0.363757685711984,0.820784285800785,NA,"sintetico_postestratificado",FALSE,0.457026600088801,"32","026","Mazapil"
2463,0.576651687588735,0.403367147495037,0.72751132403491,18,"muestra_directa",FALSE,0.324144176539874,"32","052","Villa García"
2464,0.446719202936259,0.281456889638717,0.617027365241888,16,"muestra_directa",FALSE,0.33557047560317,"32","024","Loreto"
2465,0.58489093443646,0.328517567824197,0.800270312224748,NA,"sintetico_postestratificado",FALSE,0.471752744400551,"32","004","Benito Juárez"
2466,0.698307570521812,0.48979333805386,0.856574923022079,7,"muestra_directa",TRUE,0.366781584968219,"32","029","Miguel Auza"
2467,0.599928656445429,0.419856566999039,0.772470707558482,12,"muestra_directa",FALSE,0.352614140559443,"32","053","Villa González Ortega"
2468,0.667706197798201,0.478142211470133,0.824352567025018,8,"muestra_directa",TRUE,0.346210355554885,"32","023","Juchipila"
2469,0.557762272096307,0.366937504631642,0.740540277689349,9,"muestra_directa",TRUE,0.373602773057708,"32","039","Río Grande"
2470,0.583245044942377,0.339078332075872,0.791883369362471,NA,"sintetico_postestratificado",FALSE,0.452805037286599,"32","055","Villanueva"
2471,0.609927309162054,0.397237059886793,0.795608559978142,7,"muestra_directa",TRUE,0.398371500091349,"32","031","Monte Escobedo"
2472,0.547739461432701,0.294394706948161,0.783155249149929,NA,"sintetico_postestratificado",FALSE,0.488760542201768,"32","021","Jiménez del Teul"
2473,0.602207733791874,0.412642752504413,0.778137190700627,9,"muestra_directa",TRUE,0.365494438196214,"32","008","Cuauhtémoc"
2474,0.581112391918224,0.333742854009628,0.793145471755014,NA,"sintetico_postestratificado",FALSE,0.459402617745386,"32","007","Concepción del Oro"
2475,0.568212730228531,0.331222505967191,0.791459034042302,NA,"sintetico_postestratificado",FALSE,0.460236528075111,"32","047","Teúl de González Ortega"
2476,0.599633938822191,0.358315794952816,0.828841485970117,NA,"sintetico_postestratificado",FALSE,0.470525691017301,"32","012","Genaro Codina"
2477,0.554863279520878,0.313344644880486,0.770547605549866,NA,"sintetico_postestratificado",FALSE,0.45720296066938,"32","006","Cañitas de Felipe Pescador"
2478,0.568093699866492,0.317077930898731,0.793314795584021,NA,"sintetico_postestratificado",FALSE,0.47623686468529,"32","011","Trinidad García de la Cadena"
