"muni_idx","diferencia_pp","dif_q025","dif_q975","prev_ESH","fuente_ESH","priv_ESH","prev_AHA","fuente_AHA","priv_AHA","ambos_directos","suprimir_privacidad","cve_ent","cve_mun","nomgeo"
1,-27.6883261076883,-53.9263452541454,-1.56745701424392,0.585038302716184,"muestra_directa",TRUE,0.3081550416393,"muestra_directa",TRUE,TRUE,TRUE,"01","005","Jesús María"
2,-20.9429381995616,-49.7030270019606,10.4843299089851,0.546005795022455,"sintetico_postestratificado",FALSE,0.336576413026839,"sintetico_postestratificado",FALSE,FALSE,FALSE,"01","008","San José de Gracia"
3,-20.3200105655947,-30.5166754609481,-9.2581283562135,0.707706584250422,"muestra_directa",FALSE,0.504506478594475,"muestra_directa",FALSE,TRUE,FALSE,"01","001","Aguascalientes"
4,-16.5809422326593,-42.595109614381,12.1967578603452,0.483057973472414,"muestra_directa",TRUE,0.31724855114582,"muestra_directa",TRUE,TRUE,TRUE,"01","004","Cosío"
5,-20.1179870867459,-48.1055316155926,12.7457428756191,0.56890754166285,"sintetico_postestratificado",FALSE,0.367727670795391,"sintetico_postestratificado",FALSE,FALSE,FALSE,"01","011","San Francisco de los Romo"
6,-19.9692066263884,-43.1164856264603,4.34918267825883,0.515273480097047,"muestra_directa",TRUE,0.315581413833163,"muestra_directa",FALSE,TRUE,TRUE,"01","006","Pabellón de Arteaga"
7,-20.5909268879753,-49.3541919319176,10.3039048848571,0.561644966238266,"sintetico_postestratificado",FALSE,0.355735697358513,"sintetico_postestratificado",FALSE,FALSE,FALSE,"01","003","Calvillo"
8,-22.0093954030512,-52.6937240850317,8.77514144879096,0.547430472191122,"sintetico_postestratificado",FALSE,0.32733651816061,"sintetico_postestratificado",FALSE,FALSE,FALSE,"01","010","El Llano"
9,-20.0729413154152,-41.433957471342,4.313665376404,0.621394352846846,"muestra_directa",FALSE,0.420664939692694,"muestra_directa",FALSE,TRUE,FALSE,"01","002","Asientos"
10,-32.1392444914257,-48.8242183077669,-13.4080569520907,0.671807667220891,"muestra_directa",FALSE,0.350415222306634,"muestra_directa",FALSE,TRUE,FALSE,"01","009","Tepezalá"
11,-24.6024256448666,-51.8538296784057,8.59470499580472,0.571197030007612,"sintetico_postestratificado",FALSE,0.325172773558946,"sintetico_postestratificado",FALSE,FALSE,FALSE,"01","007","Rincón de Romos"
12,-22.4241792152551,-46.9079295761242,1.90148107124157,0.636133178568478,"muestra_directa",TRUE,0.411891386415927,"muestra_directa",FALSE,TRUE,TRUE,"02","003","Tecate"
13,-21.7747261160157,-34.5816989275824,-7.85051340144258,0.723700625028793,"muestra_directa",FALSE,0.505953363868636,"muestra_directa",FALSE,TRUE,FALSE,"02","004","Tijuana"
14,-25.4050816268727,-45.3961945479292,-5.10815070875021,0.544221399086803,"muestra_directa",FALSE,0.290170582818076,"muestra_directa",FALSE,TRUE,FALSE,"02","001","Ensenada"
15,-24.6240534967707,-51.7978678672555,1.17763784029547,0.482541846647929,"muestra_directa",TRUE,0.236301311680222,"muestra_directa",FALSE,TRUE,TRUE,"02","006","San Quintín"
17,-22.5665148200771,-38.4692867571568,-6.21751511782635,0.57012840233985,"muestra_directa",FALSE,0.344463254139079,"muestra_directa",FALSE,TRUE,FALSE,"02","002","Mexicali"
18,-18.7836679850384,-44.4918273541873,11.9697572882445,0.588781723464949,"muestra_directa",TRUE,0.400945043614565,"muestra_directa",TRUE,TRUE,TRUE,"02","005","Playas de Rosarito"
19,-22.0594473317429,-42.773853206802,-0.452485204020831,0.586850251738273,"muestra_directa",FALSE,0.366255778420844,"muestra_directa",FALSE,TRUE,FALSE,"03","002","Mulegé"
20,-21.900959294298,-54.7784445305022,15.0141148616606,0.602285020018808,"sintetico_postestratificado",FALSE,0.383275427075828,"sintetico_postestratificado",FALSE,FALSE,FALSE,"03","009","Loreto"
21,-17.3316033719459,-32.2049430936014,-2.23667598767729,0.522628706151947,"muestra_directa",FALSE,0.349312672432487,"muestra_directa",FALSE,TRUE,FALSE,"03","008","Los Cabos"
22,-22.2158454889457,-33.98590804812,-9.32789393058848,0.583005263600476,"muestra_directa",FALSE,0.360846808711019,"muestra_directa",FALSE,TRUE,FALSE,"03","003","La Paz"
23,-28.4091148044448,-43.2675170297718,-13.2711661206753,0.741243161420902,"muestra_directa",FALSE,0.457152013376454,"muestra_directa",FALSE,TRUE,FALSE,"03","001","Comondú"
24,-22.3234690037702,-38.4676200919788,-5.10396353876931,0.637641218318146,"muestra_directa",FALSE,0.414406528280443,"muestra_directa",FALSE,TRUE,FALSE,"04","003","Carmen"
25,-22.6283380392273,-47.8654779125964,5.1225731464455,0.575193374300921,"muestra_directa",TRUE,0.348909993908648,"muestra_directa",TRUE,TRUE,TRUE,"04","007","Palizada"
27,-20.4841709515833,-50.1940919984021,11.7588284333376,0.512936983516684,"sintetico_postestratificado",FALSE,0.308095274000852,"sintetico_postestratificado",FALSE,FALSE,FALSE,"04","005","Hecelchakán"
28,-22.2536872611964,-40.5162353211136,-3.85867428808828,0.443557589387937,"muestra_directa",FALSE,0.221020716775973,"muestra_directa",FALSE,TRUE,FALSE,"04","004","Champotón"
29,-23.2591105585335,-47.4482154974809,1.00785926011126,0.521525822834761,"muestra_directa",TRUE,0.288934717249426,"muestra_directa",FALSE,TRUE,TRUE,"04","011","Candelaria"
30,-17.4307329380835,-44.3487145210072,12.6790855975849,0.4847809890617,"muestra_directa",TRUE,0.310473659680865,"muestra_directa",TRUE,TRUE,TRUE,"04","012","Seybaplaya"
31,-18.2263005822432,-30.0751781738808,-5.618576455558,0.565875027489087,"muestra_directa",FALSE,0.383612021666654,"muestra_directa",FALSE,TRUE,FALSE,"04","002","Campeche"
32,-15.3346486186372,-42.6894002956516,8.83259604598461,0.419082947738015,"muestra_directa",TRUE,0.265736461551643,"muestra_directa",TRUE,TRUE,TRUE,"04","006","Hopelchén"
33,-19.7311279155641,-40.3942685850162,1.45957214631046,0.429080253910161,"muestra_directa",FALSE,0.231768974754521,"muestra_directa",FALSE,TRUE,FALSE,"04","001","Calkiní"
34,-18.6250121682339,-49.69678883021,14.9221903411574,0.509970762462754,"sintetico_postestratificado",FALSE,0.323720640780415,"sintetico_postestratificado",FALSE,FALSE,FALSE,"04","010","Calakmul"
35,-33.1800718100762,-52.7259309639737,-12.6971561594556,0.700672465586066,"muestra_directa",FALSE,0.368871747485304,"muestra_directa",FALSE,TRUE,FALSE,"04","009","Escárcega"
36,-17.2978839893717,-41.8222177996364,5.78780000223886,0.401961270731049,"muestra_directa",TRUE,0.228982430837332,"muestra_directa",FALSE,TRUE,TRUE,"04","008","Tenabo"
37,-20.7072053971727,-49.7807414578311,9.16875598590332,0.544959441209628,"sintetico_postestratificado",FALSE,0.337887387237901,"sintetico_postestratificado",FALSE,FALSE,FALSE,"05","005","Candela"
38,-22.8507765311507,-41.667184859111,-3.50272080943371,0.601035411487856,"muestra_directa",FALSE,0.372527646176348,"muestra_directa",FALSE,TRUE,FALSE,"05","017","Matamoros"
39,-22.0038079268483,-46.7685854571456,3.67756744327458,0.530557712495567,"muestra_directa",TRUE,0.310519633227084,"muestra_directa",FALSE,TRUE,TRUE,"05","018","Monclova"
40,-23.408709744373,-53.7245315502701,6.54080586189715,0.565077761902742,"sintetico_postestratificado",FALSE,0.330990664459012,"sintetico_postestratificado",FALSE,FALSE,FALSE,"05","014","Jiménez"
41,-30.1213517675449,-44.803088267818,-14.3314243633844,0.560507780330799,"muestra_directa",FALSE,0.259294262655349,"muestra_directa",FALSE,TRUE,FALSE,"05","035","Torreón"
42,-23.399054354235,-54.2198128729013,9.87182826928283,0.55484862834258,"sintetico_postestratificado",FALSE,0.320858084800229,"sintetico_postestratificado",FALSE,FALSE,FALSE,"05","013","Hidalgo"
43,-22.7216715094176,-51.7224135335232,9.15007924055771,0.595729876454729,"sintetico_postestratificado",FALSE,0.368513161360552,"sintetico_postestratificado",FALSE,FALSE,FALSE,"05","015","Juárez"
44,-22.4916404365001,-51.6488747399128,8.14585041374024,0.555257722313825,"sintetico_postestratificado",FALSE,0.330341317948824,"sintetico_postestratificado",FALSE,FALSE,FALSE,"05","020","Múzquiz"
45,-23.212966523654,-45.3318034161039,1.43022173966775,0.610147169118058,"muestra_directa",FALSE,0.378017503881517,"muestra_directa",FALSE,TRUE,FALSE,"05","024","Parras"
46,-29.02879059952,-54.5553246566759,1.58483815645963,0.623112360284625,"muestra_directa",TRUE,0.332824454289425,"muestra_directa",TRUE,TRUE,TRUE,"05","026","Progreso"
47,-20.8231843233085,-42.1965051020049,2.39926916414198,0.717082915964463,"muestra_directa",TRUE,0.508851072731378,"muestra_directa",FALSE,TRUE,TRUE,"05","027","Ramos Arizpe"
48,-26.7671900745084,-51.7646538820732,-1.02198820697836,0.614874796634543,"muestra_directa",TRUE,0.34720289588946,"muestra_directa",TRUE,TRUE,TRUE,"05","025","Piedras Negras"
49,-23.4983405215864,-52.2046072772681,8.52515681454909,0.583115198961861,"sintetico_postestratificado",FALSE,0.348131793745997,"sintetico_postestratificado",FALSE,FALSE,FALSE,"05","028","Sabinas"
50,-14.7450434216037,-31.3074171378135,0.939473215300856,0.452187938446624,"muestra_directa",FALSE,0.304737504230588,"muestra_directa",FALSE,TRUE,FALSE,"05","030","Saltillo"
51,-20.6214450561486,-49.8604386741878,11.7116891151031,0.555607493155218,"sintetico_postestratificado",FALSE,0.349393042593732,"sintetico_postestratificado",FALSE,FALSE,FALSE,"05","031","San Buenaventura"
52,-20.6876122961627,-50.9759849802527,12.2794612075015,0.568599159317234,"sintetico_postestratificado",FALSE,0.361723036355607,"sintetico_postestratificado",FALSE,FALSE,FALSE,"05","016","Lamadrid"
53,-22.0954436496423,-49.3778584650524,8.33092120751508,0.572344038874439,"sintetico_postestratificado",FALSE,0.351389602378016,"sintetico_postestratificado",FALSE,FALSE,FALSE,"05","004","Arteaga"
54,-17.6154504845998,-39.4390660934582,5.41138403409977,0.537006922716017,"muestra_directa",FALSE,0.360852417870019,"muestra_directa",FALSE,TRUE,FALSE,"05","002","Acuña"
55,-22.3962631682214,-51.3271746981611,8.61628765783293,0.561867100685786,"sintetico_postestratificado",FALSE,0.337904469003572,"sintetico_postestratificado",FALSE,FALSE,FALSE,"05","032","San Juan de Sabinas"
56,-17.638804907188,-41.8362432995799,5.78434465159829,0.459837065387055,"muestra_directa",TRUE,0.283449016315175,"muestra_directa",FALSE,TRUE,TRUE,"05","033","San Pedro"
57,-23.3798325144626,-50.5090143738302,9.16821742137836,0.580787602168323,"sintetico_postestratificado",FALSE,0.346989277023698,"sintetico_postestratificado",FALSE,FALSE,FALSE,"05","009","Francisco I. Madero"
58,-22.3951582591868,-53.0579249678765,6.28186481971105,0.568725708197078,"sintetico_postestratificado",FALSE,0.34477412560521,"sintetico_postestratificado",FALSE,FALSE,FALSE,"05","012","Guerrero"
59,-23.9577230988934,-51.6883168877293,7.28892746832605,0.557190745971276,"sintetico_postestratificado",FALSE,0.317613514982342,"sintetico_postestratificado",FALSE,FALSE,FALSE,"05","006","Castaños"
60,-21.8465604975777,-50.7965144629351,7.88383492078889,0.561523265507038,"sintetico_postestratificado",FALSE,0.343057660531261,"sintetico_postestratificado",FALSE,FALSE,FALSE,"05","003","Allende"
61,-21.7482973567946,-51.9163161449379,8.32220755102169,0.549102924927804,"sintetico_postestratificado",FALSE,0.331619951359858,"sintetico_postestratificado",FALSE,FALSE,FALSE,"05","023","Ocampo"
62,-19.9952668732406,-47.7887468687611,11.1664825219726,0.559975913079277,"sintetico_postestratificado",FALSE,0.36002324434687,"sintetico_postestratificado",FALSE,FALSE,FALSE,"05","008","Escobedo"
63,-22.437679392598,-51.9318940485946,5.29020821067436,0.558529302199846,"sintetico_postestratificado",FALSE,0.334152508273866,"sintetico_postestratificado",FALSE,FALSE,FALSE,"05","022","Nava"
64,-20.0911625672361,-48.8912321184136,12.0671218631205,0.532297919340373,"sintetico_postestratificado",FALSE,0.331386293668012,"sintetico_postestratificado",FALSE,FALSE,FALSE,"05","019","Morelos"
65,-20.609032990661,-49.906159638735,11.4373129253561,0.547091133749291,"sintetico_postestratificado",FALSE,0.34100080384268,"sintetico_postestratificado",FALSE,FALSE,FALSE,"05","007","Cuatro Ciénegas"
66,-21.6019198297851,-50.0666078584103,6.99545244351295,0.558967352794209,"sintetico_postestratificado",FALSE,0.342948154496358,"sintetico_postestratificado",FALSE,FALSE,FALSE,"05","034","Sierra Mojada"
67,-22.6051701855016,-52.0233702851179,9.37746843735566,0.568695090378056,"sintetico_postestratificado",FALSE,0.342643388523039,"sintetico_postestratificado",FALSE,FALSE,FALSE,"05","037","Villa Unión"
68,-22.2880987615533,-50.9026931573425,8.35775719765143,0.579741745664845,"sintetico_postestratificado",FALSE,0.356860758049311,"sintetico_postestratificado",FALSE,FALSE,FALSE,"05","029","Sacramento"
69,-18.6514968802129,-48.0160251948977,13.7559728666272,0.512439669816683,"sintetico_postestratificado",FALSE,0.325924701014554,"sintetico_postestratificado",FALSE,FALSE,FALSE,"05","001","Abasolo"
70,-18.9214170028658,-41.47492133791,4.94032883316871,0.44927766216578,"muestra_directa",TRUE,0.260063492137122,"muestra_directa",FALSE,TRUE,TRUE,"05","038","Zaragoza"
71,-20.9900545063066,-50.2266495184536,7.76027668027601,0.559266721874961,"sintetico_postestratificado",FALSE,0.349366176811895,"sintetico_postestratificado",FALSE,FALSE,FALSE,"05","021","Nadadores"
72,-22.63629662554,-51.407258220402,10.3562537674522,0.581481644723142,"sintetico_postestratificado",FALSE,0.355118678467742,"sintetico_postestratificado",FALSE,FALSE,FALSE,"05","010","Frontera"
73,-22.4776029620382,-51.124274940698,8.05526903475405,0.600648988034104,"sintetico_postestratificado",FALSE,0.375872958413723,"sintetico_postestratificado",FALSE,FALSE,FALSE,"05","011","General Cepeda"
74,-22.141794404508,-50.619459178457,8.26747602828213,0.553784956015981,"sintetico_postestratificado",FALSE,0.332367011970901,"sintetico_postestratificado",FALSE,FALSE,FALSE,"05","036","Viesca"
75,-21.7687413987356,-52.9006897220732,10.2147881653943,0.563478986628718,"sintetico_postestratificado",FALSE,0.345791572641361,"sintetico_postestratificado",FALSE,FALSE,FALSE,"06","006","Ixtlahuacán"
76,-26.7946022042565,-48.5382349875443,-4.93222336141596,0.630782903081487,"muestra_directa",FALSE,0.362836881038922,"muestra_directa",FALSE,TRUE,FALSE,"06","002","Colima"
77,-22.4933772425802,-49.2762517125444,8.70612886227218,0.582758222163778,"muestra_directa",TRUE,0.357824449737977,"muestra_directa",TRUE,TRUE,TRUE,"06","005","Cuauhtémoc"
78,-22.9462819667019,-49.1676276526872,7.09606174750116,0.530094032263324,"muestra_directa",TRUE,0.300631212596305,"muestra_directa",TRUE,TRUE,TRUE,"06","008","Minatitlán"
79,-20.1304475296366,-47.2548246227229,9.68073386889966,0.563010705955907,"muestra_directa",TRUE,0.361706230659542,"muestra_directa",TRUE,TRUE,TRUE,"06","001","Armería"
80,-21.8452630323976,-49.5739581995833,8.50397344678172,0.592663218421858,"muestra_directa",TRUE,0.374210588097882,"muestra_directa",TRUE,TRUE,TRUE,"06","004","Coquimatlán"
81,-12.9532286003202,-31.2988344953188,6.42787978516424,0.412493647482046,"muestra_directa",FALSE,0.282961361478843,"muestra_directa",FALSE,TRUE,FALSE,"06","010","Villa de Álvarez"
82,-20.3563388848087,-40.3131122417998,0.590644917124607,0.606047318837977,"muestra_directa",FALSE,0.40248392998989,"muestra_directa",FALSE,TRUE,FALSE,"06","003","Comala"
83,-32.8575244614132,-49.8787596307206,-15.5126123491278,0.64486405804124,"muestra_directa",FALSE,0.316288813427108,"muestra_directa",FALSE,TRUE,FALSE,"06","007","Manzanillo"
84,-18.8734940335874,-36.8341901093625,-0.927240119781986,0.521568039875118,"muestra_directa",FALSE,0.332833099539244,"muestra_directa",FALSE,TRUE,FALSE,"06","009","Tecomán"
85,-16.8057640613547,-41.5437198015097,6.72775621525394,0.450693069068233,"muestra_directa",TRUE,0.282635428454685,"muestra_directa",FALSE,TRUE,TRUE,"07","019","Comitán de Domínguez"
86,-21.8914965633924,-51.0009957471603,10.1001031179496,0.548452173622154,"sintetico_postestratificado",FALSE,0.32953720798823,"sintetico_postestratificado",FALSE,FALSE,FALSE,"07","090","Tapalapa"
87,-24.048324129968,-49.7524150258247,4.20168766893525,0.549515671202371,"muestra_directa",TRUE,0.309032429902691,"muestra_directa",TRUE,TRUE,TRUE,"07","020","La Concordia"
88,-21.2917597815148,-50.2793660792451,10.4355297582263,0.535359617264212,"sintetico_postestratificado",FALSE,0.322442019449064,"sintetico_postestratificado",FALSE,FALSE,FALSE,"07","021","Copainalá"
89,-21.3477884883315,-50.2206950875815,10.5460713920706,0.519092213583829,"sintetico_postestratificado",FALSE,0.305614328700513,"sintetico_postestratificado",FALSE,FALSE,FALSE,"07","079","San Fernando"
90,-21.3787480872911,-49.9397732127634,9.09162351390561,0.532785904028066,"sintetico_postestratificado",FALSE,0.318998423155155,"sintetico_postestratificado",FALSE,FALSE,FALSE,"07","109","Yajalón"
91,-18.4015824496012,-43.2162414246332,8.0114807524335,0.456865502339625,"muestra_directa",TRUE,0.272849677843613,"muestra_directa",TRUE,TRUE,TRUE,"07","108","Villaflores"
92,-22.5540868511608,-45.1786717556323,1.07113187061056,0.469704339219783,"muestra_directa",TRUE,0.244163470708175,"muestra_directa",FALSE,TRUE,TRUE,"07","107","Villa Corzo"
93,-24.4141327080453,-53.2325566458876,5.14778168150278,0.552810205419565,"sintetico_postestratificado",FALSE,0.308668878339112,"sintetico_postestratificado",FALSE,FALSE,FALSE,"07","106","Venustiano Carranza"
94,-23.0770740584522,-53.9005545076676,8.63936700255688,0.529465472349928,"sintetico_postestratificado",FALSE,0.298694731765406,"sintetico_postestratificado",FALSE,FALSE,FALSE,"07","104","Tzimol"
95,-28.9433714051985,-50.1063341393463,-4.44891542654372,0.630434026804892,"muestra_directa",TRUE,0.341000312752907,"muestra_directa",FALSE,TRUE,TRUE,"07","103","Tuzantán"
96,-24.7573619283961,-55.7635068450591,8.20846555426807,0.544567744235283,"sintetico_postestratificado",FALSE,0.296994124951322,"sintetico_postestratificado",FALSE,FALSE,FALSE,"07","102","Tuxtla Chico"
97,-16.3350753439035,-38.5319509029454,7.72008475932559,0.551695140173875,"muestra_directa",FALSE,0.388344386734839,"muestra_directa",FALSE,TRUE,FALSE,"07","101","Tuxtla Gutiérrez"
98,-26.0818966658715,-55.3554486868413,5.02951828799763,0.555601118893224,"sintetico_postestratificado",FALSE,0.294782152234509,"sintetico_postestratificado",FALSE,FALSE,FALSE,"07","120","Capitán Luis Ángel Vidal"
99,-22.5817552640413,-52.043038040036,9.26532985118769,0.58451615800068,"sintetico_postestratificado",FALSE,0.358698605360267,"sintetico_postestratificado",FALSE,FALSE,FALSE,"07","074","Reforma"
100,-21.9989102772614,-50.8268574049622,9.79200402910251,0.56972958686688,"sintetico_postestratificado",FALSE,0.349740484094266,"sintetico_postestratificado",FALSE,FALSE,FALSE,"07","075","Las Rosas"
101,-17.1559280277465,-39.9856562466832,4.70102315026257,0.378673561177571,"muestra_directa",TRUE,0.207114280900106,"muestra_directa",FALSE,TRUE,TRUE,"07","057","Motozintla"
102,-22.2928922888214,-50.998925523679,10.2501275621913,0.546581799622172,"sintetico_postestratificado",FALSE,0.323652876733958,"sintetico_postestratificado",FALSE,FALSE,FALSE,"07","007","Amatenango del Valle"
103,-21.1847854883931,-49.2894692720831,12.0053385050167,0.533833438838648,"sintetico_postestratificado",FALSE,0.321985583954717,"sintetico_postestratificado",FALSE,FALSE,FALSE,"07","111","Zinacantán"
104,-22.8226498917145,-52.6393674394255,8.87285125651742,0.52951907412478,"sintetico_postestratificado",FALSE,0.301292575207634,"sintetico_postestratificado",FALSE,FALSE,FALSE,"07","054","Mazatán"
105,-22.8782485982625,-51.0268990533785,7.20481081605899,0.575195959983083,"muestra_directa",TRUE,0.346413474000458,"muestra_directa",TRUE,TRUE,TRUE,"07","076","Sabanilla"
106,-21.1388528094887,-48.4535715030207,7.94099298296378,0.514259039709435,"sintetico_postestratificado",FALSE,0.302870511614547,"sintetico_postestratificado",FALSE,FALSE,FALSE,"07","081","Simojovel"
107,-23.3203696270587,-51.0310706394988,4.05496500968672,0.492928931444918,"sintetico_postestratificado",FALSE,0.259725235174331,"sintetico_postestratificado",FALSE,FALSE,FALSE,"07","063","Osumacinta"
108,-22.511365756683,-51.7948153963349,10.9179417414437,0.542030728661866,"sintetico_postestratificado",FALSE,0.316917071095036,"sintetico_postestratificado",FALSE,FALSE,FALSE,"07","110","San Lucas"
109,-18.0045398816013,-41.5228327940925,7.93345152701692,0.480522794444492,"muestra_directa",TRUE,0.300477395628479,"muestra_directa",FALSE,TRUE,TRUE,"07","051","Mapastepec"
110,-25.1120820205524,-56.5260840665382,4.77680085874359,0.570220435068237,"sintetico_postestratificado",FALSE,0.319099614862713,"sintetico_postestratificado",FALSE,FALSE,FALSE,"07","070","El Porvenir"
111,-23.2721693133296,-50.7788519644095,8.8852800054976,0.561318599457243,"sintetico_postestratificado",FALSE,0.328596906323947,"sintetico_postestratificado",FALSE,FALSE,FALSE,"07","112","San Juan Cancuc"
112,-23.263113075998,-52.5479778380059,6.6973077096081,0.548653745071798,"sintetico_postestratificado",FALSE,0.316022614311819,"sintetico_postestratificado",FALSE,FALSE,FALSE,"07","050","La Libertad"
113,-20.8387708230106,-49.4127977785187,11.6410521022104,0.517246928103363,"muestra_directa",TRUE,0.308859219873257,"muestra_directa",TRUE,TRUE,TRUE,"07","022","Chalchihuitán"
114,-21.6062219192453,-51.8072261329581,8.37928768966755,0.500939402243596,"sintetico_postestratificado",FALSE,0.284877183051143,"sintetico_postestratificado",FALSE,FALSE,FALSE,"07","053","Mazapa de Madero"
115,-22.8779776852854,-50.337033436241,7.9101095857769,0.580209002192903,"sintetico_postestratificado",FALSE,0.351429225340048,"sintetico_postestratificado",FALSE,FALSE,FALSE,"07","080","Siltepec"
116,-23.3746218697867,-52.5214194483394,7.45810478833624,0.601898271262707,"sintetico_postestratificado",FALSE,0.36815205256484,"sintetico_postestratificado",FALSE,FALSE,FALSE,"07","049","Larráinzar"
117,-23.5116934205567,-52.7079082391223,6.43374749482853,0.538247797001017,"sintetico_postestratificado",FALSE,0.30313086279545,"sintetico_postestratificado",FALSE,FALSE,FALSE,"07","065","Palenque"
118,-24.110678365158,-52.5403472445543,6.71639904935029,0.552401128943046,"sintetico_postestratificado",FALSE,0.311294345291467,"sintetico_postestratificado",FALSE,FALSE,FALSE,"07","086","Suchiapa"
119,-22.8349645221282,-50.6645688988752,7.34015331970728,0.545291508641402,"sintetico_postestratificado",FALSE,0.316941863420119,"sintetico_postestratificado",FALSE,FALSE,FALSE,"07","062","Ostuacán"
120,-20.9940286252232,-49.5042191572291,10.3070545802287,0.552679962646718,"sintetico_postestratificado",FALSE,0.342739676394485,"sintetico_postestratificado",FALSE,FALSE,FALSE,"07","077","Salto de Agua"
121,-20.1522733991702,-49.9706938401267,10.9727246597014,0.535974045780578,"sintetico_postestratificado",FALSE,0.334451311788876,"sintetico_postestratificado",FALSE,FALSE,FALSE,"07","082","Sitalá"
122,-23.0605128925367,-53.3821384649828,9.19623664873259,0.53044652419147,"sintetico_postestratificado",FALSE,0.299841395266103,"sintetico_postestratificado",FALSE,FALSE,FALSE,"07","024","Chanal"
123,-22.2283823432728,-52.6875529463165,10.1103763733205,0.51797946945777,"sintetico_postestratificado",FALSE,0.295695646025041,"sintetico_postestratificado",FALSE,FALSE,FALSE,"07","121","Rincón Chamula San Pedro"
124,-21.9535581422223,-50.2648050273026,8.91824424735604,0.528353589538693,"sintetico_postestratificado",FALSE,0.30881800811647,"sintetico_postestratificado",FALSE,FALSE,FALSE,"07","042","Ixhuatán"
125,-21.8376274624737,-51.5555984005306,10.2953209620061,0.535212771108791,"sintetico_postestratificado",FALSE,0.316836496484054,"sintetico_postestratificado",FALSE,FALSE,FALSE,"07","025","Chapultenango"
126,-21.5486805455376,-49.3122244724865,7.63416072204074,0.514530503397979,"sintetico_postestratificado",FALSE,0.299043697942603,"sintetico_postestratificado",FALSE,FALSE,FALSE,"07","018","Coapilla"
127,-22.0522636635189,-46.1385352489917,1.49886339310102,0.481729507638814,"muestra_directa",TRUE,0.261206871003624,"muestra_directa",FALSE,TRUE,TRUE,"07","052","Las Margaritas"
128,-24.0493009511635,-52.3051183556314,8.23927301696137,0.536820887294881,"sintetico_postestratificado",FALSE,0.296327877783245,"sintetico_postestratificado",FALSE,FALSE,FALSE,"07","026","Chenalhó"
129,-23.2558936580358,-48.9957308227542,6.48364177708396,0.56770120366287,"muestra_directa",TRUE,0.335142267082511,"muestra_directa",TRUE,TRUE,TRUE,"07","083","Socoltenango"
130,-23.476903417549,-51.0957092809857,7.23251570146614,0.532571986602954,"sintetico_postestratificado",FALSE,0.297802952427464,"sintetico_postestratificado",FALSE,FALSE,FALSE,"07","084","Solosuchiapa"
131,-27.6727819238043,-51.2089521652967,-4.09378853838026,0.540105529461563,"muestra_directa",TRUE,0.26337771022352,"muestra_directa",FALSE,TRUE,TRUE,"07","089","Tapachula"
132,-23.7750974099099,-53.5302403232788,7.26693491880085,0.553643346203205,"sintetico_postestratificado",FALSE,0.315892372104106,"sintetico_postestratificado",FALSE,FALSE,FALSE,"07","068","Pichucalco"
133,-23.9797538212728,-49.1475069864005,5.70141803873562,0.588348026744449,"muestra_directa",TRUE,0.348550488531721,"muestra_directa",TRUE,TRUE,TRUE,"07","027","Chiapa de Corzo"
134,-21.4828043468373,-51.0406128251059,8.88512142001764,0.526718364096259,"sintetico_postestratificado",FALSE,0.311890320627886,"sintetico_postestratificado",FALSE,FALSE,FALSE,"07","048","Juárez"
135,-17.765966950661,-44.5153599014371,9.18400456470971,0.47787177626567,"muestra_directa",TRUE,0.30021210675906,"muestra_directa",TRUE,TRUE,TRUE,"07","046","Jiquipilas"
136,-21.784716096752,-53.879533959347,10.7302573177638,0.490684742328537,"sintetico_postestratificado",FALSE,0.272837581361017,"sintetico_postestratificado",FALSE,FALSE,FALSE,"07","105","Unión Juárez"
137,-22.7721174630269,-50.3203412638928,5.8638597895861,0.509775843194581,"sintetico_postestratificado",FALSE,0.282054668564312,"sintetico_postestratificado",FALSE,FALSE,FALSE,"07","100","Tumbalá"
138,-20.6751121515735,-51.6244371519595,10.5057184147962,0.509218488151503,"sintetico_postestratificado",FALSE,0.302467366635769,"sintetico_postestratificado",FALSE,FALSE,FALSE,"07","045","Ixtapangajoya"
139,-23.2244880844172,-49.8976433300974,8.17028081627361,0.519255983523693,"sintetico_postestratificado",FALSE,0.287011102679521,"sintetico_postestratificado",FALSE,FALSE,FALSE,"07","114","Benemérito de las Américas"
140,-21.0916715944741,-51.1322077099368,10.2690914871812,0.520319832328211,"sintetico_postestratificado",FALSE,0.309403116383469,"sintetico_postestratificado",FALSE,FALSE,FALSE,"07","028","Chiapilla"
141,-22.9232859961243,-50.7637549578131,5.24755747527308,0.55645294837614,"sintetico_postestratificado",FALSE,0.327220088414896,"sintetico_postestratificado",FALSE,FALSE,FALSE,"07","029","Chicoasén"
142,-22.9623602380732,-53.920435512095,7.80029576941337,0.515837771277434,"sintetico_postestratificado",FALSE,0.286214168896702,"sintetico_postestratificado",FALSE,FALSE,FALSE,"07","091","Tapilula"
143,-21.633945416986,-48.6625100504146,9.12968680959975,0.565257617997686,"sintetico_postestratificado",FALSE,0.348918163827826,"sintetico_postestratificado",FALSE,FALSE,FALSE,"07","073","Rayón"
144,-24.2719616205724,-54.2147624260414,7.57691570215274,0.571692669776593,"sintetico_postestratificado",FALSE,0.328973053570869,"sintetico_postestratificado",FALSE,FALSE,FALSE,"07","030","Chicomuselo"
145,-23.6555205910319,-52.2557395874304,8.45190157403593,0.588323535716858,"sintetico_postestratificado",FALSE,0.351768329806539,"sintetico_postestratificado",FALSE,FALSE,FALSE,"07","044","Ixtapa"
146,-17.9927575609131,-42.0046108944246,4.5168802617073,0.387626597200425,"muestra_directa",TRUE,0.207699021591293,"muestra_directa",FALSE,TRUE,TRUE,"07","008","Ángel Albino Corzo"
147,-23.2911209562458,-51.4539572996642,8.42914947487562,0.552076146395833,"sintetico_postestratificado",FALSE,0.319164936833376,"sintetico_postestratificado",FALSE,FALSE,FALSE,"07","009","Arriaga"
148,-23.6543086525385,-48.0032936109398,1.20860272425739,0.636654128030154,"muestra_directa",TRUE,0.400111041504769,"muestra_directa",FALSE,TRUE,TRUE,"07","031","Chilón"
149,-20.3716806153228,-48.8163292388686,11.3961664768807,0.527053002219351,"sintetico_postestratificado",FALSE,0.323336196066122,"sintetico_postestratificado",FALSE,FALSE,FALSE,"07","043","Ixtacomitán"
150,-20.7288418846821,-49.5871312849465,11.178592581976,0.544110846608362,"sintetico_postestratificado",FALSE,0.336822427761541,"sintetico_postestratificado",FALSE,FALSE,FALSE,"07","017","Cintalapa de Figueroa"
151,-22.2625269014888,-50.5997106671125,10.0949385308653,0.559485960274045,"sintetico_postestratificado",FALSE,0.336860691259158,"sintetico_postestratificado",FALSE,FALSE,FALSE,"07","119","Santiago el Pinar"
152,-24.1507861141651,-51.9986645186585,7.57320505377048,0.589217484875844,"sintetico_postestratificado",FALSE,0.347709623734193,"sintetico_postestratificado",FALSE,FALSE,FALSE,"07","116","Marqués de Comillas"
153,-23.3470676129809,-52.0493152758808,8.34464966590455,0.572417236261125,"sintetico_postestratificado",FALSE,0.338946560131316,"sintetico_postestratificado",FALSE,FALSE,FALSE,"07","060","Ocotepec"
154,-29.7716702231789,-57.303897061693,-0.853371645027641,0.530266048448862,"muestra_directa",TRUE,0.232549346217073,"muestra_directa",TRUE,TRUE,TRUE,"07","058","Nicolás Ruíz"
155,-22.4570482497374,-50.8569454798145,9.93812671760719,0.558968620696229,"sintetico_postestratificado",FALSE,0.334398138198854,"sintetico_postestratificado",FALSE,FALSE,FALSE,"07","041","La Independencia"
156,-22.8547424157917,-44.9875218873164,1.06174970853745,0.511531925836881,"muestra_directa",TRUE,0.282984501678964,"muestra_directa",FALSE,TRUE,TRUE,"07","040","Huixtla"
157,-24.802893043749,-53.1914631716491,7.00222150480214,0.606149575991893,"sintetico_postestratificado",FALSE,0.358120645554404,"sintetico_postestratificado",FALSE,FALSE,FALSE,"07","056","Mitontic"
158,-29.5060396159659,-50.0115904268408,-7.77363383211415,0.578264804244618,"muestra_directa",FALSE,0.283204408084958,"muestra_directa",FALSE,TRUE,FALSE,"07","039","Huitiupán"
159,-23.9298611695987,-46.0015786933395,-1.36691183190293,0.501808506239194,"muestra_directa",FALSE,0.262509894543207,"muestra_directa",FALSE,TRUE,FALSE,"07","099","La Trinitaria"
160,-24.3837488783085,-54.2957003489956,6.97666780565798,0.557581030716973,"sintetico_postestratificado",FALSE,0.313743541933888,"sintetico_postestratificado",FALSE,FALSE,FALSE,"07","097","Tonalá"
161,-23.2294628779076,-51.8631741609264,7.71963829675746,0.557807433702062,"sintetico_postestratificado",FALSE,0.325512804922986,"sintetico_postestratificado",FALSE,FALSE,FALSE,"07","096","Tila"
162,-22.2330794275726,-51.9824464683522,7.88593410521475,0.541430158115263,"sintetico_postestratificado",FALSE,0.319099363839537,"sintetico_postestratificado",FALSE,FALSE,FALSE,"07","118","San Andrés Duraznal"
163,-23.8118941719006,-52.1155068680831,6.51478343035721,0.557739829687788,"sintetico_postestratificado",FALSE,0.319620887968783,"sintetico_postestratificado",FALSE,FALSE,FALSE,"07","122","El Parral"
164,-24.2751954161556,-52.5939367648655,6.34473198127764,0.538979483271818,"sintetico_postestratificado",FALSE,0.296227529110263,"sintetico_postestratificado",FALSE,FALSE,FALSE,"07","038","Huixtán"
165,-22.453070333942,-52.4575060212311,8.44992868799651,0.527653162918622,"sintetico_postestratificado",FALSE,0.303122459579202,"sintetico_postestratificado",FALSE,FALSE,FALSE,"07","001","Acacoyagua"
166,-20.5512054324146,-52.0885939942462,11.1071153596552,0.512221147759699,"sintetico_postestratificado",FALSE,0.306709093435553,"sintetico_postestratificado",FALSE,FALSE,FALSE,"07","036","La Grandeza"
167,-20.6795868394558,-50.0646342458625,7.59119917320689,0.510880101289526,"sintetico_postestratificado",FALSE,0.304084232894968,"sintetico_postestratificado",FALSE,FALSE,FALSE,"07","002","Acala"
168,-21.6467483774528,-50.3622620867338,8.46831142617275,0.510036779773805,"sintetico_postestratificado",FALSE,0.293569295999277,"sintetico_postestratificado",FALSE,FALSE,FALSE,"07","003","Acapetahua"
169,-22.4625206771497,-51.0706959569571,9.709159617104,0.511339763063526,"sintetico_postestratificado",FALSE,0.286714556292028,"sintetico_postestratificado",FALSE,FALSE,FALSE,"07","011","Bella Vista"
170,-24.0774701798694,-51.8822194720685,7.54955670072157,0.531780248696305,"sintetico_postestratificado",FALSE,0.291005546897611,"sintetico_postestratificado",FALSE,FALSE,FALSE,"07","012","Berriozábal"
171,-23.5522517606555,-53.4617436976832,10.3791836262063,0.552845776775938,"sintetico_postestratificado",FALSE,0.317323259169383,"sintetico_postestratificado",FALSE,FALSE,FALSE,"07","072","Pueblo Nuevo Solistahuacán"
172,-23.4250163899365,-54.7295791918315,8.84962081257078,0.545564254464583,"sintetico_postestratificado",FALSE,0.311314090565218,"sintetico_postestratificado",FALSE,FALSE,FALSE,"07","037","Huehuetán"
173,-19.2013117104935,-48.0027036627901,12.6783771375974,0.576122190676882,"sintetico_postestratificado",FALSE,0.384109073571947,"sintetico_postestratificado",FALSE,FALSE,FALSE,"07","023","Chamula"
174,-20.1241343840761,-48.442846401118,7.45276796679498,0.491374323548594,"sintetico_postestratificado",FALSE,0.290132979707833,"sintetico_postestratificado",FALSE,FALSE,FALSE,"07","010","Bejucal de Ocampo"
175,-22.4674322293815,-51.7677140879118,6.30288805250588,0.535918451820415,"sintetico_postestratificado",FALSE,0.3112441295266,"sintetico_postestratificado",FALSE,FALSE,FALSE,"07","004","Altamirano"
176,-23.9897759763933,-52.1289256029185,8.13915444144924,0.555154359857111,"sintetico_postestratificado",FALSE,0.315256600093178,"sintetico_postestratificado",FALSE,FALSE,FALSE,"07","005","Amatán"
177,-22.6662833804366,-51.7151094773049,8.26858329536806,0.529689915320332,"sintetico_postestratificado",FALSE,0.303027081515965,"sintetico_postestratificado",FALSE,FALSE,FALSE,"07","035","Frontera Hidalgo"
178,-24.1059276394717,-51.7182946248111,5.92768736934878,0.519638887589741,"sintetico_postestratificado",FALSE,0.278579611195024,"sintetico_postestratificado",FALSE,FALSE,FALSE,"07","032","Escuintla"
179,-23.756857684574,-49.1048052493235,0.984012968266324,0.528867689341225,"muestra_directa",TRUE,0.291299112495485,"muestra_directa",TRUE,TRUE,TRUE,"07","013","Bochil"
180,-20.0401300722224,-49.314850983123,10.3890108588601,0.538201014101301,"sintetico_postestratificado",FALSE,0.337799713379077,"sintetico_postestratificado",FALSE,FALSE,FALSE,"07","014","El Bosque"
181,-24.7019126324077,-54.9148807935222,5.55864275940476,0.543777528757546,"sintetico_postestratificado",FALSE,0.296758402433468,"sintetico_postestratificado",FALSE,FALSE,FALSE,"07","069","Pijijiapan"
182,-26.7828440067805,-51.8149451975387,-0.303433598038943,0.62995753718529,"muestra_directa",TRUE,0.362129097117486,"muestra_directa",TRUE,TRUE,TRUE,"07","094","Teopisca"
183,-22.3963723042052,-51.4895236653758,8.92304727753056,0.561931247764887,"sintetico_postestratificado",FALSE,0.337967524722835,"sintetico_postestratificado",FALSE,FALSE,FALSE,"07","092","Tecpatán"
184,-28.9520284822405,-57.1418381956294,2.95411067931993,0.566091431795326,"sintetico_postestratificado",FALSE,0.276571146972921,"muestra_directa",TRUE,FALSE,TRUE,"07","015","Cacahoatán"
185,-22.7173768865218,-51.3643047915725,8.60389191200979,0.545625162512053,"sintetico_postestratificado",FALSE,0.318451393646835,"sintetico_postestratificado",FALSE,FALSE,FALSE,"07","016","Catazajá"
186,-21.6737100668566,-50.9880000475997,8.39992783564604,0.530184548743094,"sintetico_postestratificado",FALSE,0.313447448074529,"sintetico_postestratificado",FALSE,FALSE,FALSE,"07","047","Jitotol"
187,-20.1670908834154,-49.0429085288983,12.5101763025675,0.507111433446493,"sintetico_postestratificado",FALSE,0.305440524612339,"sintetico_postestratificado",FALSE,FALSE,FALSE,"07","006","Amatenango de la Frontera"
188,-18.9523533906587,-42.7810974762929,7.2307139734353,0.570277453451493,"muestra_directa",TRUE,0.380753919544907,"muestra_directa",FALSE,TRUE,TRUE,"07","078","San Cristóbal de las Casas"
189,-18.8766691308364,-48.9454000100365,12.8459232568026,0.515976874938583,"sintetico_postestratificado",FALSE,0.32721018363022,"sintetico_postestratificado",FALSE,FALSE,FALSE,"07","033","Francisco León"
190,-20.7900820183061,-52.7345071009949,12.1925522556254,0.508430912410132,"sintetico_postestratificado",FALSE,0.300530092227071,"sintetico_postestratificado",FALSE,FALSE,FALSE,"07","117","Montecristo de Guerrero"
191,-17.7267751808676,-45.3119774008842,11.2718881966705,0.463742062593522,"muestra_directa",TRUE,0.286474310784846,"muestra_directa",TRUE,TRUE,TRUE,"07","115","Maravilla Tenejapa"
192,-23.9362938539025,-53.6353608403978,7.63013294528996,0.558217039974719,"sintetico_postestratificado",FALSE,0.318854101435694,"sintetico_postestratificado",FALSE,FALSE,FALSE,"07","071","Villa Comaltitlán"
193,-23.086825476622,-50.9334905401716,6.70007170692568,0.520257080056465,"sintetico_postestratificado",FALSE,0.289388825290245,"sintetico_postestratificado",FALSE,FALSE,FALSE,"07","066","Pantelhó"
194,-22.1372992244335,-50.9838037724914,10.2297400164182,0.540653166520177,"sintetico_postestratificado",FALSE,0.319280174275843,"sintetico_postestratificado",FALSE,FALSE,FALSE,"07","113","Aldama"
195,-21.127650903953,-49.8923402140309,11.8871180679644,0.527793843338288,"sintetico_postestratificado",FALSE,0.316517334298758,"sintetico_postestratificado",FALSE,FALSE,FALSE,"07","098","Totolapa"
196,-20.3948035480331,-49.6778389292927,10.4875604359329,0.54551181522316,"sintetico_postestratificado",FALSE,0.341563779742829,"sintetico_postestratificado",FALSE,FALSE,FALSE,"07","093","Tenejapa"
197,-22.487440525018,-49.8272938170576,7.06520045617669,0.536680994578342,"sintetico_postestratificado",FALSE,0.311806589328162,"sintetico_postestratificado",FALSE,FALSE,FALSE,"07","064","Oxchuc"
198,-23.6437396363965,-52.7587622914743,7.38688663581978,0.5407362631541,"sintetico_postestratificado",FALSE,0.304298866790135,"sintetico_postestratificado",FALSE,FALSE,FALSE,"07","059","Ocosingo"
199,-20.8694548280621,-47.3539525387009,6.60286061776643,0.463274273122265,"muestra_directa",TRUE,0.254579724841645,"muestra_directa",TRUE,TRUE,TRUE,"07","061","Ocozocoautla de Espinosa"
200,-23.059846057872,-53.0591226440479,8.24153943936945,0.588205915102674,"sintetico_postestratificado",FALSE,0.357607454523954,"sintetico_postestratificado",FALSE,FALSE,FALSE,"07","088","Sunuapa"
201,-22.0984936217157,-50.5038828665494,3.92253237203341,0.501701188835904,"muestra_directa",TRUE,0.280716252618747,"muestra_directa",TRUE,TRUE,TRUE,"07","087","Suchiate"
202,-21.1709778290601,-50.4846567898703,7.92096464868474,0.47285561749607,"sintetico_postestratificado",FALSE,0.261145839205469,"sintetico_postestratificado",FALSE,FALSE,FALSE,"07","085","Soyaló"
203,-23.3526953380997,-50.4560791015433,5.74998794441502,0.515851822245665,"sintetico_postestratificado",FALSE,0.282324868864668,"sintetico_postestratificado",FALSE,FALSE,FALSE,"07","124","Mezcalapa"
204,-21.961519041727,-50.8340938783205,8.26088802128386,0.557822484465254,"sintetico_postestratificado",FALSE,0.338207294047984,"sintetico_postestratificado",FALSE,FALSE,FALSE,"07","067","Pantepec"
205,-21.9402967321198,-52.2926307857242,9.56770002022811,0.479044117802916,"sintetico_postestratificado",FALSE,0.259641150481718,"sintetico_postestratificado",FALSE,FALSE,FALSE,"07","125","Honduras de la Sierra"
206,-23.7467269530326,-54.2610858220438,6.4347654051446,0.541278912147411,"sintetico_postestratificado",FALSE,0.303811642617085,"sintetico_postestratificado",FALSE,FALSE,FALSE,"07","055","Metapa"
207,-21.2607019678353,-50.2935921027022,10.4610371168195,0.53614731160841,"sintetico_postestratificado",FALSE,0.323540291930057,"sintetico_postestratificado",FALSE,FALSE,FALSE,"07","123","Emiliano Zapata"
208,-20.4624158810994,-49.8600707968882,10.8209229242593,0.529803336127633,"sintetico_postestratificado",FALSE,0.325179177316639,"sintetico_postestratificado",FALSE,FALSE,FALSE,"07","034","Frontera Comalapa"
209,-19.845022532251,-49.7062649505131,11.505537250338,0.538716973639648,"sintetico_postestratificado",FALSE,0.340266748317138,"sintetico_postestratificado",FALSE,FALSE,FALSE,"08","067","Valle de Zaragoza"
210,-22.0864720423231,-51.2160012462294,9.38974219979095,0.599466354442728,"sintetico_postestratificado",FALSE,0.378601634019497,"sintetico_postestratificado",FALSE,FALSE,FALSE,"08","043","Matachí"
211,-22.1517902093672,-50.565524831126,6.5440513519701,0.536317311639812,"sintetico_postestratificado",FALSE,0.314799409546139,"sintetico_postestratificado",FALSE,FALSE,FALSE,"08","058","San Francisco de Conchos"
212,-19.7305187716941,-48.4133663592595,11.5452081883106,0.590774734915984,"sintetico_postestratificado",FALSE,0.393469547199043,"sintetico_postestratificado",FALSE,FALSE,FALSE,"08","056","Rosario"
213,-19.3686731766268,-50.2180176924201,13.8863454580317,0.535885893375326,"sintetico_postestratificado",FALSE,0.342199161609058,"sintetico_postestratificado",FALSE,FALSE,FALSE,"08","054","Riva Palacio"
214,-20.3145692431303,-50.6711562666199,12.5591207192082,0.572766981421865,"sintetico_postestratificado",FALSE,0.369621288990562,"sintetico_postestratificado",FALSE,FALSE,FALSE,"08","018","Cusihuiriachi"
215,-20.6175161037953,-47.3442414277221,9.89319566429863,0.545640130570185,"sintetico_postestratificado",FALSE,0.339464969532232,"sintetico_postestratificado",FALSE,FALSE,FALSE,"08","007","Balleza"
216,-20.8773062754243,-49.3246728925072,9.40994141947077,0.554673738843936,"sintetico_postestratificado",FALSE,0.345900676089694,"sintetico_postestratificado",FALSE,FALSE,FALSE,"08","001","Ahumada"
217,-20.4605422969417,-50.5248481504827,9.16169039805873,0.548783073799364,"sintetico_postestratificado",FALSE,0.344177650829946,"sintetico_postestratificado",FALSE,FALSE,FALSE,"08","041","Maguarichi"
218,-20.3792591245761,-47.7723016406838,9.08736179962988,0.521853828408722,"sintetico_postestratificado",FALSE,0.318061237162961,"sintetico_postestratificado",FALSE,FALSE,FALSE,"08","057","San Francisco de Borja"
219,-21.6428772758647,-54.4367155868754,10.2108715350994,0.511521564552085,"sintetico_postestratificado",FALSE,0.295092791793438,"sintetico_postestratificado",FALSE,FALSE,FALSE,"08","053","Praxedis G. Guerrero"
220,-22.9192374401225,-50.6968988265819,7.8265504409392,0.546120900693306,"sintetico_postestratificado",FALSE,0.316928526292081,"sintetico_postestratificado",FALSE,FALSE,FALSE,"08","051","Ocampo"
221,-14.0657681159541,-33.9307382183721,6.74460456238823,0.616628800028384,"muestra_directa",FALSE,0.475971118868842,"muestra_directa",FALSE,TRUE,FALSE,"08","050","Nuevo Casas Grandes"
222,-18.1877782011488,-45.9590547341194,7.26483577436751,0.511810714332404,"muestra_directa",TRUE,0.329932932320916,"muestra_directa",TRUE,TRUE,TRUE,"08","031","Guerrero"
223,-20.520827434762,-49.4832762912387,10.1170359001877,0.521037982922524,"muestra_directa",TRUE,0.315829708574903,"muestra_directa",TRUE,TRUE,TRUE,"08","055","Rosales"
224,-15.5315337378918,-41.4075124664172,9.91105973606953,0.436329811546429,"muestra_directa",TRUE,0.28101447416751,"muestra_directa",TRUE,TRUE,TRUE,"08","025","Gómez Farías"
225,-24.054815536586,-48.9300239501437,3.73293489191529,0.58708517133375,"muestra_directa",TRUE,0.34653701596789,"muestra_directa",TRUE,TRUE,TRUE,"08","023","Galeana"
226,-18.9398925171323,-45.2868249190142,11.8115695915802,0.550133104842474,"sintetico_postestratificado",FALSE,0.360734179671151,"sintetico_postestratificado",FALSE,FALSE,FALSE,"08","022","Dr. Belisario Domínguez"
227,-19.4463655255133,-50.3858320259878,13.6363631040057,0.543318696832255,"sintetico_postestratificado",FALSE,0.348855041577122,"sintetico_postestratificado",FALSE,FALSE,FALSE,"08","014","Coronado"
228,-20.0615664373564,-49.2984410363366,10.8585480934831,0.542922609934548,"sintetico_postestratificado",FALSE,0.342306945560984,"sintetico_postestratificado",FALSE,FALSE,FALSE,"08","003","Allende"
229,-24.805325588289,-44.2241595149935,-5.51667290830874,0.553081748749806,"muestra_directa",FALSE,0.305028492866916,"muestra_directa",FALSE,TRUE,FALSE,"08","021","Delicias"
230,-19.4557617426935,-50.3285441459345,14.4938700595365,0.551216475180832,"sintetico_postestratificado",FALSE,0.356658857753898,"sintetico_postestratificado",FALSE,FALSE,FALSE,"08","020","Chínipas"
231,-25.1844030227909,-47.1579397867366,-1.07990908792279,0.646094583927145,"muestra_directa",TRUE,0.394250553699236,"muestra_directa",FALSE,TRUE,TRUE,"08","017","Cuauhtémoc"
232,-19.9925671271553,-50.8884722740644,12.1796859800195,0.556622366560947,"sintetico_postestratificado",FALSE,0.356696695289394,"sintetico_postestratificado",FALSE,FALSE,FALSE,"08","016","La Cruz"
233,-20.0458616971805,-49.7717066039243,11.3505450938951,0.535752716530866,"sintetico_postestratificado",FALSE,0.335294099559061,"sintetico_postestratificado",FALSE,FALSE,FALSE,"08","015","Coyame del Sotol"
234,-20.0722037226809,-43.5466827052589,5.88310504083758,0.509117443582751,"muestra_directa",TRUE,0.308395406355943,"muestra_directa",TRUE,TRUE,TRUE,"08","052","Ojinaga"
235,-26.5094901367538,-54.6318165081608,1.90607365060432,0.596298881622065,"muestra_directa",TRUE,0.331203980254527,"muestra_directa",TRUE,TRUE,TRUE,"08","013","Casas Grandes"
236,-23.2608726894448,-52.2030945612079,7.14420337407125,0.580999563606974,"sintetico_postestratificado",FALSE,0.348390836712527,"sintetico_postestratificado",FALSE,FALSE,FALSE,"08","012","Carichí"
237,-18.7070065174122,-40.0165707599829,2.47753757517273,0.499150864247459,"muestra_directa",FALSE,0.312080799073337,"muestra_directa",FALSE,TRUE,FALSE,"08","011","Camargo"
238,-19.9119613522687,-50.8429297115875,11.9888540769427,0.529280165445755,"sintetico_postestratificado",FALSE,0.330160551923068,"sintetico_postestratificado",FALSE,FALSE,FALSE,"08","010","Buenaventura"
239,-21.7334541641424,-50.4776349905805,9.11776157646059,0.541228317829402,"sintetico_postestratificado",FALSE,0.323893776187977,"sintetico_postestratificado",FALSE,FALSE,FALSE,"08","009","Bocoyna"
240,-22.526250446956,-51.1426731965564,7.2793800972416,0.534084811344437,"sintetico_postestratificado",FALSE,0.308822306874877,"sintetico_postestratificado",FALSE,FALSE,FALSE,"08","008","Batopilas de Manuel Gómez Morín"
241,-25.2965398638732,-53.9880723467383,6.62298493190632,0.55230067128403,"muestra_directa",TRUE,0.299335272645298,"muestra_directa",TRUE,TRUE,TRUE,"08","006","Bachíniva"
242,-20.6289321283283,-48.2656730593808,10.1009881309124,0.608757454084549,"muestra_directa",TRUE,0.402468132801266,"muestra_directa",TRUE,TRUE,TRUE,"08","004","Aquiles Serdán"
243,-23.8263431266098,-52.9824292214844,7.82104157763622,0.591711534930689,"sintetico_postestratificado",FALSE,0.353448103664591,"sintetico_postestratificado",FALSE,FALSE,FALSE,"08","005","Ascensión"
244,-20.9109656080501,-43.6736983177231,4.47228817355338,0.677461372961813,"muestra_directa",TRUE,0.468351716881312,"muestra_directa",TRUE,TRUE,TRUE,"08","032","Hidalgo del Parral"
245,-19.0278181019896,-49.6557901121225,11.5820963571748,0.556596002140014,"sintetico_postestratificado",FALSE,0.366317821120118,"sintetico_postestratificado",FALSE,FALSE,FALSE,"08","042","Manuel Benavides"
246,-21.0703574038484,-50.184895214311,10.9206026989284,0.549471759819881,"sintetico_postestratificado",FALSE,0.338768185781397,"sintetico_postestratificado",FALSE,FALSE,FALSE,"08","040","Madera"
247,-19.1582666663731,-50.1471475772078,12.9712799578871,0.537803102282637,"sintetico_postestratificado",FALSE,0.346220435618906,"sintetico_postestratificado",FALSE,FALSE,FALSE,"08","039","López"
248,-18.121822793273,-48.3844265932857,12.8385368860611,0.547243199208394,"sintetico_postestratificado",FALSE,0.366024971275664,"sintetico_postestratificado",FALSE,FALSE,FALSE,"08","038","Julimes"
249,-20.0387020691436,-48.2747689853423,9.89020337708795,0.546345253935602,"sintetico_postestratificado",FALSE,0.345958233244166,"sintetico_postestratificado",FALSE,FALSE,FALSE,"08","035","Janos"
250,-22.2224440425099,-53.4488633229033,9.6905760370801,0.569097197854242,"sintetico_postestratificado",FALSE,0.346872757429143,"sintetico_postestratificado",FALSE,FALSE,FALSE,"08","034","Ignacio Zaragoza"
251,-24.7717931978143,-51.7851928367987,6.24742357799441,0.564363080091211,"sintetico_postestratificado",FALSE,0.316645148113068,"sintetico_postestratificado",FALSE,FALSE,FALSE,"08","033","Huejotitán"
252,-23.3521690228932,-51.813739437337,6.17633703224845,0.556132466754059,"sintetico_postestratificado",FALSE,0.322610776525127,"sintetico_postestratificado",FALSE,FALSE,FALSE,"08","063","Temósachic"
253,-24.3124032597379,-53.2629975625978,6.72901903391635,0.567978625941996,"sintetico_postestratificado",FALSE,0.324854593344617,"sintetico_postestratificado",FALSE,FALSE,FALSE,"08","061","Satevó"
254,-23.163609363313,-50.1549233347735,10.1603951438421,0.567694132147586,"sintetico_postestratificado",FALSE,0.336058038514456,"sintetico_postestratificado",FALSE,FALSE,FALSE,"08","062","Saucillo"
255,-22.8887171403348,-51.1183918845841,8.47563010231304,0.573502934520707,"sintetico_postestratificado",FALSE,0.344615763117359,"sintetico_postestratificado",FALSE,FALSE,FALSE,"08","030","Guazapares"
256,-20.7114988635867,-49.1492733457731,11.0372814968895,0.591983159640134,"sintetico_postestratificado",FALSE,0.384868171004268,"sintetico_postestratificado",FALSE,FALSE,FALSE,"08","028","Guadalupe"
257,-22.0416194489592,-50.3742408511619,8.72505901256732,0.586654442673149,"sintetico_postestratificado",FALSE,0.366238248183557,"sintetico_postestratificado",FALSE,FALSE,FALSE,"08","027","Guachochi"
258,-21.0338348854729,-47.6547897578944,8.18967068588113,0.545130381508612,"sintetico_postestratificado",FALSE,0.334792032653883,"sintetico_postestratificado",FALSE,FALSE,FALSE,"08","026","Gran Morelos"
259,-17.6927653481296,-31.9632278675783,-3.41174139780812,0.476871033416566,"muestra_directa",FALSE,0.29994337993527,"muestra_directa",FALSE,TRUE,FALSE,"08","019","Chihuahua"
260,-19.3002824965598,-42.0697223679758,7.24433430554112,0.548526944775756,"muestra_directa",TRUE,0.355524119810158,"muestra_directa",TRUE,TRUE,TRUE,"08","064","El Tule"
261,-22.850946131937,-50.9069554555171,8.29451847800676,0.581440244300627,"sintetico_postestratificado",FALSE,0.352930782981257,"sintetico_postestratificado",FALSE,FALSE,FALSE,"08","024","Santa Isabel"
262,-23.2408099286592,-36.2125036095758,-10.423032821242,0.559429046642977,"muestra_directa",FALSE,0.327020947356386,"muestra_directa",FALSE,TRUE,FALSE,"08","037","Juárez"
263,-23.5654223962487,-51.6747326922745,7.99953522080723,0.584329822305697,"sintetico_postestratificado",FALSE,0.34867559834321,"sintetico_postestratificado",FALSE,FALSE,FALSE,"08","059","San Francisco del Oro"
264,-21.7008201921528,-49.8810347336378,9.39889849921983,0.579553021453486,"sintetico_postestratificado",FALSE,0.362544819531958,"sintetico_postestratificado",FALSE,FALSE,FALSE,"08","066","Uruachi"
265,-22.5627146216641,-52.6469094795194,8.99732192279673,0.555721409110353,"sintetico_postestratificado",FALSE,0.330094262893711,"sintetico_postestratificado",FALSE,FALSE,FALSE,"08","065","Urique"
266,-24.7350810582254,-53.0942031273894,5.31154009838295,0.577987010496924,"sintetico_postestratificado",FALSE,0.33063619991467,"sintetico_postestratificado",FALSE,FALSE,FALSE,"08","060","Santa Bárbara"
267,-23.2355877685458,-51.6678141910438,5.70209424623647,0.580038301610828,"sintetico_postestratificado",FALSE,0.34768242392537,"sintetico_postestratificado",FALSE,FALSE,FALSE,"08","044","Matamoros"
268,-23.3133449860355,-52.1914397619297,5.84073093165106,0.58375783690646,"sintetico_postestratificado",FALSE,0.350624387046104,"sintetico_postestratificado",FALSE,FALSE,FALSE,"08","045","Meoqui"
269,-21.7183072908868,-51.6715296983273,11.5241774585332,0.562459239057025,"sintetico_postestratificado",FALSE,0.345276166148157,"sintetico_postestratificado",FALSE,FALSE,FALSE,"08","046","Morelos"
270,-21.5277456201005,-51.0645802461031,8.19935322346416,0.559692616676979,"sintetico_postestratificado",FALSE,0.344415160475975,"sintetico_postestratificado",FALSE,FALSE,FALSE,"08","047","Moris"
271,-19.9865551099672,-48.9473957181566,9.71330949451123,0.54302979399476,"sintetico_postestratificado",FALSE,0.343164242895088,"sintetico_postestratificado",FALSE,FALSE,FALSE,"08","048","Namiquipa"
272,-19.3666818090543,-47.9853307208743,11.6218105230883,0.554250327135053,"sintetico_postestratificado",FALSE,0.36058350904451,"sintetico_postestratificado",FALSE,FALSE,FALSE,"08","029","Guadalupe y Calvo"
273,-21.6683297524105,-45.18394496526,5.23949302016459,0.612346017654691,"muestra_directa",FALSE,0.395662720130586,"muestra_directa",FALSE,TRUE,FALSE,"08","036","Jiménez"
274,-20.4166358654159,-49.0539627905929,10.7989999409339,0.535858720897716,"sintetico_postestratificado",FALSE,0.331692362243557,"sintetico_postestratificado",FALSE,FALSE,FALSE,"08","049","Nonoava"
275,-21.1164438227964,-44.3269762957257,2.24637362984453,0.593485379349689,"muestra_directa",FALSE,0.382320941121725,"muestra_directa",FALSE,TRUE,FALSE,"08","002","Aldama"
276,-18.8511273121241,-34.1293761743402,-2.99142308577728,0.722260587702463,"muestra_directa",FALSE,0.533749314581223,"muestra_directa",FALSE,TRUE,FALSE,"09","012","Tlalpan"
277,-20.1204887101662,-39.7553319931235,2.82832987787786,0.725617561967664,"muestra_directa",FALSE,0.524412674866002,"muestra_directa",FALSE,TRUE,FALSE,"09","009","Milpa Alta"
278,-32.2481269435416,-50.1047477647039,-12.0665977695792,0.725895638898703,"muestra_directa",FALSE,0.403414369463288,"muestra_directa",FALSE,TRUE,FALSE,"09","015","Cuauhtémoc"
279,-25.3401220093823,-34.772314484934,-15.2725980969831,0.780558390940079,"muestra_directa",FALSE,0.527157170846256,"muestra_directa",FALSE,TRUE,FALSE,"09","007","Iztapalapa"
280,-27.5931179972364,-46.5237431573827,-8.36171132386394,0.68507959556628,"muestra_directa",FALSE,0.409148415593916,"muestra_directa",FALSE,TRUE,FALSE,"09","008","La Magdalena Contreras"
281,-28.6278540316381,-43.1227974242333,-12.7685389925757,0.598451023495018,"muestra_directa",FALSE,0.312172483178638,"muestra_directa",FALSE,TRUE,FALSE,"09","010","Álvaro Obregón"
282,-35.1495345286826,-54.1953249680957,-12.055282535656,0.654936245780037,"muestra_directa",FALSE,0.30344090049321,"muestra_directa",FALSE,TRUE,FALSE,"09","003","Coyoacán"
283,-30.0777038370526,-52.0277055475882,-6.08598703363052,0.648977702204144,"muestra_directa",FALSE,0.348200663833618,"muestra_directa",FALSE,TRUE,FALSE,"09","016","Miguel Hidalgo"
284,-30.3795158440491,-55.6667656232803,-2.20479386879427,0.663414256584855,"muestra_directa",TRUE,0.359619098144364,"muestra_directa",TRUE,TRUE,TRUE,"09","004","Cuajimalpa de Morelos"
285,-19.7548368165467,-36.5961986974554,-0.541216965447068,0.679314497620922,"muestra_directa",FALSE,0.481766129455455,"muestra_directa",FALSE,TRUE,FALSE,"09","006","Iztacalco"
286,-25.9457267534017,-44.472258422331,-5.14570012625674,0.758940269479205,"muestra_directa",FALSE,0.499483001945189,"muestra_directa",FALSE,TRUE,FALSE,"09","011","Tláhuac"
287,-22.3695794588855,-39.2247702600368,-6.24661174116759,0.529555578676506,"muestra_directa",FALSE,0.305859784087651,"muestra_directa",FALSE,TRUE,FALSE,"09","013","Xochimilco"
288,-21.5603008094602,-34.3438971823577,-8.01684598818733,0.572828777217486,"muestra_directa",FALSE,0.357225769122884,"muestra_directa",FALSE,TRUE,FALSE,"09","005","Gustavo A. Madero"
289,-16.8903920196054,-36.575184043746,2.95066314405781,0.710677903261721,"muestra_directa",FALSE,0.541773983065667,"muestra_directa",FALSE,TRUE,FALSE,"09","002","Azcapotzalco"
290,-20.4022852495965,-36.5531507001013,-5.26155532240537,0.519606405587929,"muestra_directa",FALSE,0.315583553091964,"muestra_directa",FALSE,TRUE,FALSE,"09","017","Venustiano Carranza"
291,-22.9028590301566,-45.0725566177808,0.775757879575366,0.521190376203748,"muestra_directa",TRUE,0.292161785902182,"muestra_directa",FALSE,TRUE,TRUE,"09","014","Benito Juárez"
292,-18.4766525885483,-39.2847815026066,5.97388739598357,0.692511279761401,"muestra_directa",FALSE,0.507744753875918,"muestra_directa",FALSE,TRUE,FALSE,"10","006","General Simón Bolívar"
293,-23.719816640694,-43.8055339215065,-1.65268814589293,0.568689481574003,"muestra_directa",FALSE,0.331491315167063,"muestra_directa",FALSE,TRUE,FALSE,"10","008","Guadalupe Victoria"
294,-21.2172243380221,-50.5555134358077,9.29454906966958,0.542648704869032,"sintetico_postestratificado",FALSE,0.330476461488811,"sintetico_postestratificado",FALSE,FALSE,FALSE,"10","009","Guanaceví"
295,-21.764780363627,-49.7127779552721,10.0523676822084,0.604713258019682,"sintetico_postestratificado",FALSE,0.387065454383412,"sintetico_postestratificado",FALSE,FALSE,FALSE,"10","010","Hidalgo"
296,-23.0361070493194,-54.964803178152,11.0736991789472,0.549259526314342,"sintetico_postestratificado",FALSE,0.318898455821148,"sintetico_postestratificado",FALSE,FALSE,FALSE,"10","029","San Luis del Cordero"
297,-20.5219180991908,-49.411539756387,11.4869806522963,0.56839018751995,"sintetico_postestratificado",FALSE,0.363171006528042,"sintetico_postestratificado",FALSE,FALSE,FALSE,"10","031","Santa Clara"
298,-18.1504542967411,-45.5431651160409,14.8235624370292,0.527600920188221,"sintetico_postestratificado",FALSE,0.34609637722081,"sintetico_postestratificado",FALSE,FALSE,FALSE,"10","011","Indé"
299,-18.4562639080434,-44.4308038485652,7.78076454451344,0.543066218256769,"muestra_directa",TRUE,0.358503579176336,"muestra_directa",FALSE,TRUE,TRUE,"10","038","Vicente Guerrero"
300,-21.5742652073959,-48.4920007908279,11.1684959078603,0.54725101621367,"sintetico_postestratificado",FALSE,0.331508364139711,"sintetico_postestratificado",FALSE,FALSE,FALSE,"10","030","San Pedro del Gallo"
301,-22.6899537869269,-50.2686030178551,9.02234898395144,0.605745428284907,"sintetico_postestratificado",FALSE,0.378845890415638,"sintetico_postestratificado",FALSE,FALSE,FALSE,"10","023","Pueblo Nuevo"
302,-24.556824133409,-52.534512332363,5.98927658378396,0.576813053121303,"sintetico_postestratificado",FALSE,0.331244811787213,"sintetico_postestratificado",FALSE,FALSE,FALSE,"10","025","San Bernardo"
303,-19.163535792846,-43.9260098530852,5.00513229432148,0.420085343046989,"muestra_directa",TRUE,0.228449985118529,"muestra_directa",TRUE,TRUE,TRUE,"10","032","Santiago Papasquiaro"
304,-24.7417150649996,-52.7159467601042,7.23622145148037,0.581693781676922,"sintetico_postestratificado",FALSE,0.334276631026926,"sintetico_postestratificado",FALSE,FALSE,FALSE,"10","027","San Juan de Guadalupe"
305,-19.938029591068,-34.144974444368,-5.73291854179888,0.530255272334731,"muestra_directa",FALSE,0.330874976424052,"muestra_directa",FALSE,TRUE,FALSE,"10","007","Gómez Palacio"
306,-21.4685330210144,-50.3284041289817,8.49381932867416,0.555941397302244,"sintetico_postestratificado",FALSE,0.3412560670921,"sintetico_postestratificado",FALSE,FALSE,FALSE,"10","015","Nazas"
307,-24.4984849345922,-54.4847599674138,7.54023714744568,0.591074961966697,"sintetico_postestratificado",FALSE,0.346090112620775,"sintetico_postestratificado",FALSE,FALSE,FALSE,"10","035","Tepehuanes"
308,-23.4148136860793,-48.9439807155734,4.73813234901164,0.628505115215232,"muestra_directa",TRUE,0.394356978354439,"muestra_directa",TRUE,TRUE,TRUE,"10","022","Poanas"
309,-27.0969447681311,-47.4776338362913,-4.00780914429919,0.735938429369291,"muestra_directa",TRUE,0.46496898168798,"muestra_directa",FALSE,TRUE,TRUE,"10","028","San Juan del Río"
310,-20.3028752425935,-49.7574819071672,11.5173124354316,0.547109942448826,"sintetico_postestratificado",FALSE,0.344081190022891,"sintetico_postestratificado",FALSE,FALSE,FALSE,"10","017","Ocampo"
311,-20.9212392288057,-49.6263325099655,10.1616434039475,0.534300661017134,"sintetico_postestratificado",FALSE,0.325088268729077,"sintetico_postestratificado",FALSE,FALSE,FALSE,"10","001","Canatlán"
312,-21.1133020369698,-33.8992058731426,-7.48890473918991,0.677197931323155,"muestra_directa",FALSE,0.466064910953457,"muestra_directa",FALSE,TRUE,FALSE,"10","005","Durango"
313,-19.6024601551956,-48.8869697904406,12.9103017615044,0.542515526151067,"sintetico_postestratificado",FALSE,0.346490924599111,"sintetico_postestratificado",FALSE,FALSE,FALSE,"10","037","Topia"
314,-16.4247213142926,-39.2239525555022,5.67984988928488,0.576098951135191,"muestra_directa",FALSE,0.411851737992266,"muestra_directa",FALSE,TRUE,FALSE,"10","033","Súchil"
315,-20.6586224330833,-50.6549157622978,9.89289675534066,0.555107551406916,"sintetico_postestratificado",FALSE,0.348521327076083,"sintetico_postestratificado",FALSE,FALSE,FALSE,"10","036","Tlahualilo"
316,-23.4674843259824,-40.8278298943437,-4.70785228552003,0.625789080165964,"muestra_directa",FALSE,0.39111423690614,"muestra_directa",FALSE,TRUE,FALSE,"10","012","Lerdo"
317,-22.8215284786276,-52.7784314420646,8.66843270420202,0.554566387713895,"sintetico_postestratificado",FALSE,0.326351102927619,"sintetico_postestratificado",FALSE,FALSE,FALSE,"10","014","Mezquital"
318,-21.6250678347568,-52.921633005713,9.30071593974199,0.539349166394624,"sintetico_postestratificado",FALSE,0.323098488047056,"sintetico_postestratificado",FALSE,FALSE,FALSE,"10","026","San Dimas"
319,-22.9732878161953,-53.9999913589843,9.39654335060026,0.569623463077494,"sintetico_postestratificado",FALSE,0.339890584915541,"sintetico_postestratificado",FALSE,FALSE,FALSE,"10","019","Otáez"
320,-21.4132250226165,-50.0621503373337,8.88583202397814,0.533212814101757,"sintetico_postestratificado",FALSE,0.319080563875592,"sintetico_postestratificado",FALSE,FALSE,FALSE,"10","034","Tamazula"
321,-23.0302795234317,-46.9071800771059,1.98630979089956,0.625561968511534,"muestra_directa",TRUE,0.395259173277217,"muestra_directa",TRUE,TRUE,TRUE,"10","013","Mapimí"
322,-29.3039696865234,-51.5418629205206,-4.87690021580739,0.631345002315334,"muestra_directa",FALSE,0.3383053054501,"muestra_directa",FALSE,TRUE,FALSE,"10","016","Nombre de Dios"
323,-23.4381081587248,-50.7011928072528,6.87960090810345,0.580293917942005,"sintetico_postestratificado",FALSE,0.345912836354757,"sintetico_postestratificado",FALSE,FALSE,FALSE,"10","018","El Oro"
324,-23.2098365616745,-53.1251558550068,6.93628019422101,0.569831181523201,"sintetico_postestratificado",FALSE,0.337732815906456,"sintetico_postestratificado",FALSE,FALSE,FALSE,"10","020","Pánuco de Coronado"
325,-20.3108668349996,-49.1986669171406,9.77248638412822,0.547885717620106,"sintetico_postestratificado",FALSE,0.34477704927011,"sintetico_postestratificado",FALSE,FALSE,FALSE,"10","002","Canelas"
326,-18.5475336192869,-45.2848562218262,8.57717365621652,0.552059749140948,"muestra_directa",TRUE,0.366584412948079,"muestra_directa",TRUE,TRUE,TRUE,"10","039","Nuevo Ideal"
327,-23.1108178099362,-48.4545126684491,4.73167543030249,0.53758855024545,"muestra_directa",TRUE,0.306480372146088,"muestra_directa",TRUE,TRUE,TRUE,"10","021","Peñón Blanco"
328,-21.6204788707151,-51.1524753813442,8.62690818917494,0.605067031485772,"sintetico_postestratificado",FALSE,0.388862242778621,"sintetico_postestratificado",FALSE,FALSE,FALSE,"10","003","Coneto de Comonfort"
329,-22.1128820275022,-50.9377337326928,8.75008735064627,0.567210522930109,"sintetico_postestratificado",FALSE,0.346081702655087,"sintetico_postestratificado",FALSE,FALSE,FALSE,"10","024","Rodeo"
330,-22.2086926830319,-52.1626414895244,9.86129318401402,0.568136083295209,"sintetico_postestratificado",FALSE,0.34604915646489,"sintetico_postestratificado",FALSE,FALSE,FALSE,"10","004","Cuencamé"
331,-15.5640207542607,-37.2222831145642,8.45023290324288,0.505401653988769,"muestra_directa",FALSE,0.349761446446162,"muestra_directa",FALSE,TRUE,FALSE,"11","019","Jerécuaro"
332,-31.3526794827233,-40.038774698845,-22.4440040958008,0.686544420652108,"muestra_directa",FALSE,0.373017625824875,"muestra_directa",FALSE,TRUE,FALSE,"11","020","León"
333,-22.4604002932771,-50.5102451321106,9.06981033509399,0.565273662001854,"sintetico_postestratificado",FALSE,0.340669659069083,"sintetico_postestratificado",FALSE,FALSE,FALSE,"11","021","Moroleón"
334,-21.1489566392072,-38.9199556162155,-1.40478796746809,0.637442218943227,"muestra_directa",FALSE,0.425952652551154,"muestra_directa",FALSE,TRUE,FALSE,"11","023","Pénjamo"
335,-22.4802870779836,-50.716306365376,10.4132727371564,0.576155019516809,"sintetico_postestratificado",FALSE,0.351352148736972,"sintetico_postestratificado",FALSE,FALSE,FALSE,"11","038","Tarandacuao"
336,-19.5524160637345,-43.2514185197003,5.62445382588283,0.653415351923042,"muestra_directa",FALSE,0.457891191285697,"muestra_directa",FALSE,TRUE,FALSE,"11","039","Tarimoro"
337,-21.0269825985734,-49.5774945758688,8.45551538257736,0.603175188616972,"sintetico_postestratificado",FALSE,0.392905362631238,"sintetico_postestratificado",FALSE,FALSE,FALSE,"11","040","Tierra Blanca"
338,-20.157318999178,-39.721204762286,1.23598314654178,0.61442109028744,"muestra_directa",FALSE,0.41284790029566,"muestra_directa",FALSE,TRUE,FALSE,"11","041","Uriangato"
339,-26.0224708015466,-47.2404943660794,-3.59385415984793,0.650896586373194,"muestra_directa",FALSE,0.390671878357728,"muestra_directa",FALSE,TRUE,FALSE,"11","002","Acámbaro"
340,-14.8523775925186,-38.6764375334555,10.3219668637502,0.432315231645816,"muestra_directa",TRUE,0.283791455720629,"muestra_directa",FALSE,TRUE,TRUE,"11","012","Cuerámaro"
341,-15.2019288384452,-37.8097126309173,9.15277301245019,0.542591605563003,"muestra_directa",FALSE,0.390572317178551,"muestra_directa",FALSE,TRUE,FALSE,"11","013","Doctor Mora"
342,-31.5389932281608,-49.3494748135138,-12.4725884833807,0.74098062373859,"muestra_directa",FALSE,0.425590691456982,"muestra_directa",FALSE,TRUE,FALSE,"11","014","Dolores Hidalgo Cuna de la Independencia Nacional"
343,-21.7062909083647,-43.8172789455447,2.12082721791607,0.581334060886413,"muestra_directa",FALSE,0.364271151802765,"muestra_directa",FALSE,TRUE,FALSE,"11","022","Ocampo"
344,-21.4151954969011,-49.6515708082045,7.9436802914619,0.563166188636112,"sintetico_postestratificado",FALSE,0.349014233667101,"sintetico_postestratificado",FALSE,FALSE,FALSE,"11","024","Pueblo Nuevo"
345,-19.4298917844851,-38.3565087722477,0.80915221566328,0.601097810415509,"muestra_directa",FALSE,0.406798892570658,"muestra_directa",FALSE,TRUE,FALSE,"11","030","San Felipe"
346,-23.2434238700214,-50.2912993655316,8.2735764763283,0.558627238171723,"sintetico_postestratificado",FALSE,0.326192999471509,"sintetico_postestratificado",FALSE,FALSE,FALSE,"11","036","Santiago Maravatío"
347,-26.557667849685,-40.7883234716946,-12.240096244199,0.540486714455341,"muestra_directa",FALSE,0.274910035958492,"muestra_directa",FALSE,TRUE,FALSE,"11","007","Celaya"
348,-18.6790541919495,-34.9117246400749,-2.299384334173,0.43254428189486,"muestra_directa",FALSE,0.245753739975366,"muestra_directa",FALSE,TRUE,FALSE,"11","027","Salamanca"
349,-27.0519017310185,-53.9453175144183,1.91465157461385,0.611295745965909,"muestra_directa",TRUE,0.340776728655724,"muestra_directa",TRUE,TRUE,TRUE,"11","035","Santa Cruz de Juventino Rosas"
350,-21.8879991600427,-48.6622421211002,7.81573835079726,0.619504783845608,"muestra_directa",TRUE,0.400624792245181,"muestra_directa",TRUE,TRUE,TRUE,"11","011","Cortazar"
351,-22.6940108341105,-45.5952564827145,1.74910309382465,0.632497096840503,"muestra_directa",TRUE,0.405556988499398,"muestra_directa",FALSE,TRUE,TRUE,"11","031","San Francisco del Rincón"
352,-23.6206933809683,-46.316928192795,-0.901777366780816,0.580102369358079,"muestra_directa",FALSE,0.343895435548396,"muestra_directa",FALSE,TRUE,FALSE,"11","025","Purísima del Rincón"
353,-21.8551466734603,-48.4877976017844,4.78582737268644,0.573414565393093,"muestra_directa",TRUE,0.35486309865849,"muestra_directa",TRUE,TRUE,TRUE,"11","026","Romita"
354,-25.4576021268891,-47.9751970168473,-0.612208623584851,0.606632354240186,"muestra_directa",TRUE,0.352056332971295,"muestra_directa",FALSE,TRUE,TRUE,"11","028","Salvatierra"
355,-22.1875001069307,-48.4275526197786,7.46335058521533,0.647777156316275,"muestra_directa",TRUE,0.425902155246968,"muestra_directa",TRUE,TRUE,TRUE,"11","029","San Diego de la Unión"
356,-23.4405284141816,-43.8479575466758,-0.890226846317639,0.597884822472197,"muestra_directa",FALSE,0.363479538330381,"muestra_directa",FALSE,TRUE,FALSE,"11","032","San José Iturbide"
357,-15.1255132723228,-36.1472058903757,6.74790281192574,0.511035096333647,"muestra_directa",FALSE,0.359779963610419,"muestra_directa",FALSE,TRUE,FALSE,"11","033","San Luis de la Paz"
358,-20.6838564965459,-49.2107567267988,11.3804529444749,0.607205649594553,"sintetico_postestratificado",FALSE,0.400367084629094,"sintetico_postestratificado",FALSE,FALSE,FALSE,"11","034","Santa Catarina"
359,-21.1056755672821,-38.374910090832,-1.98350147142418,0.667962365693786,"muestra_directa",FALSE,0.456905610020965,"muestra_directa",FALSE,TRUE,FALSE,"11","037","Silao de la Victoria"
360,-19.119751322034,-39.5800506055693,2.00452542275393,0.608432033280055,"muestra_directa",FALSE,0.417234520059715,"muestra_directa",FALSE,TRUE,FALSE,"11","042","Valle de Santiago"
361,-28.4339663160558,-54.2047277243361,0.61558083740351,0.615945920908159,"muestra_directa",TRUE,0.331606257747602,"muestra_directa",TRUE,TRUE,TRUE,"11","043","Victoria"
362,-21.271755809475,-50.5983481505146,9.3382547198995,0.538236957137564,"sintetico_postestratificado",FALSE,0.325519399042814,"sintetico_postestratificado",FALSE,FALSE,FALSE,"11","045","Xichú"
363,-19.2313151567091,-41.286919017149,4.34960068562023,0.552509801684856,"muestra_directa",FALSE,0.360196650117764,"muestra_directa",FALSE,TRUE,FALSE,"11","044","Villagrán"
364,-26.6904970663459,-50.0010467792861,-1.10424554797277,0.60326045450145,"muestra_directa",TRUE,0.336355483837992,"muestra_directa",FALSE,TRUE,TRUE,"11","046","Yuriria"
365,-28.9939115665184,-51.9723091351213,-2.32758300019504,0.635283983295009,"muestra_directa",TRUE,0.345344867629825,"muestra_directa",FALSE,TRUE,TRUE,"11","001","Abasolo"
366,-16.4499518645371,-37.4623634977423,3.62238679871407,0.436241438191658,"muestra_directa",FALSE,0.271741919546287,"muestra_directa",FALSE,TRUE,FALSE,"11","003","San Miguel de Allende"
367,-25.0385070009716,-44.9969812097865,-3.72283347005361,0.72272875619698,"muestra_directa",FALSE,0.472343686187264,"muestra_directa",FALSE,TRUE,FALSE,"11","004","Apaseo el Alto"
368,-27.058078438914,-46.6867976839167,-6.17360084769212,0.594412940012373,"muestra_directa",FALSE,0.323832155623233,"muestra_directa",FALSE,TRUE,FALSE,"11","005","Apaseo el Grande"
369,-23.0732492224718,-52.5469317728232,8.96489349659434,0.537966044029084,"sintetico_postestratificado",FALSE,0.307233551804366,"sintetico_postestratificado",FALSE,FALSE,FALSE,"11","006","Atarjea"
370,-23.1720090033546,-50.6632346479803,6.30228167665851,0.586338466796979,"muestra_directa",TRUE,0.354618376763433,"muestra_directa",TRUE,TRUE,TRUE,"11","008","Manuel Doblado"
371,-27.5150205602731,-48.9436495062311,-3.14415368299887,0.682876678120422,"muestra_directa",TRUE,0.407726472517691,"muestra_directa",FALSE,TRUE,TRUE,"11","009","Comonfort"
372,-24.262566763475,-52.3993887343849,9.15914944990673,0.575371395275532,"sintetico_postestratificado",FALSE,0.332745727640782,"sintetico_postestratificado",FALSE,FALSE,FALSE,"11","010","Coroneo"
373,-21.8481538660954,-39.6324548420731,-2.75759786659416,0.660779134214628,"muestra_directa",FALSE,0.442297595553675,"muestra_directa",FALSE,TRUE,FALSE,"11","015","Guanajuato"
374,-20.075115957288,-42.9214203015209,6.27820838241595,0.525300027073084,"muestra_directa",FALSE,0.324548867500204,"muestra_directa",FALSE,TRUE,FALSE,"11","016","Huanímaro"
375,-29.2356047588442,-42.7738700760959,-13.0634440846902,0.619966282391683,"muestra_directa",FALSE,0.327610234803241,"muestra_directa",FALSE,TRUE,FALSE,"11","017","Irapuato"
376,-28.4334067204423,-50.0127507182251,-4.1500585464218,0.662597983105013,"muestra_directa",FALSE,0.378263915900589,"muestra_directa",FALSE,TRUE,FALSE,"11","018","Jaral del Progreso"
377,-23.8867068139211,-52.2061311981822,7.46367626777482,0.563173341880223,"sintetico_postestratificado",FALSE,0.324306273741012,"sintetico_postestratificado",FALSE,FALSE,FALSE,"12","033","Huamuxtitlán"
378,-20.1973397041684,-47.2375029080197,9.27541487332121,0.550948934622415,"muestra_directa",TRUE,0.348975537580731,"muestra_directa",TRUE,TRUE,TRUE,"12","031","General Canuto A. Neri"
381,-21.7816163792128,-52.5789104093896,9.3937412193765,0.553143226384565,"sintetico_postestratificado",FALSE,0.335327062592437,"sintetico_postestratificado",FALSE,FALSE,FALSE,"12","073","Zirándaro"
382,-21.6187602961469,-49.8540287907985,8.31273997894548,0.529249828209896,"sintetico_postestratificado",FALSE,0.313062225248427,"sintetico_postestratificado",FALSE,FALSE,FALSE,"12","065","Tlalixtaquilla de Maldonado"
383,-22.3126928794466,-50.5379411896908,6.90525867082324,0.507581076275957,"sintetico_postestratificado",FALSE,0.284454147481491,"sintetico_postestratificado",FALSE,FALSE,FALSE,"12","047","Pedro Ascencio Alquisiras"
384,-21.84029138395,-49.9195659501072,8.32511882240789,0.581212571372146,"sintetico_postestratificado",FALSE,0.362809657532646,"sintetico_postestratificado",FALSE,FALSE,FALSE,"12","054","San Miguel Totolapan"
385,-23.568733006648,-51.7484822175057,7.70300075191307,0.583946417066378,"muestra_directa",TRUE,0.348259086999898,"muestra_directa",TRUE,TRUE,TRUE,"12","053","San Marcos"
386,-23.7173772902625,-52.5048535565962,5.99668836764735,0.589930497031899,"sintetico_postestratificado",FALSE,0.352756724129273,"sintetico_postestratificado",FALSE,FALSE,FALSE,"12","066","Tlapa de Comonfort"
387,-23.4450315945824,-50.4105180707552,8.1538595779712,0.579483143225923,"sintetico_postestratificado",FALSE,0.345032827280099,"sintetico_postestratificado",FALSE,FALSE,FALSE,"12","048","Petatlán"
388,-29.6123707132249,-51.0724518776057,-5.71665355155454,0.662177897369232,"muestra_directa",TRUE,0.366054190236983,"muestra_directa",FALSE,TRUE,TRUE,"12","007","Arcelia"
389,-20.282035163856,-43.9063472346828,4.46136851252656,0.537160965311477,"muestra_directa",TRUE,0.334340613672917,"muestra_directa",FALSE,TRUE,TRUE,"12","012","Ayutla de los Libres"
390,-25.5556463936312,-52.529000989335,4.94218892533404,0.58383146737088,"sintetico_postestratificado",FALSE,0.328275003434568,"sintetico_postestratificado",FALSE,FALSE,FALSE,"12","006","Apaxtla"
391,-24.9858476721925,-54.2666940793465,5.97612424422576,0.56592708176578,"sintetico_postestratificado",FALSE,0.316068605043856,"sintetico_postestratificado",FALSE,FALSE,FALSE,"12","010","Atlixtac"
392,-27.8531581789413,-52.0830943921604,-0.765693016121811,0.597247956568367,"muestra_directa",TRUE,0.318716374778953,"muestra_directa",FALSE,TRUE,TRUE,"12","011","Atoyac de Álvarez"
393,-25.4977658402015,-48.2121292432385,0.263800101662672,0.659037923035606,"muestra_directa",TRUE,0.404060264633591,"muestra_directa",FALSE,TRUE,TRUE,"12","032","General Heliodoro Castillo"
394,-24.6903475549922,-54.1487403406774,5.88757690413356,0.576657521367748,"sintetico_postestratificado",FALSE,0.329754045817827,"sintetico_postestratificado",FALSE,FALSE,FALSE,"12","028","Chilapa de Álvarez"
395,-22.9749879772669,-43.3012924057383,-1.33030559795683,0.570015504057889,"muestra_directa",FALSE,0.34026562428522,"muestra_directa",FALSE,TRUE,FALSE,"12","029","Chilpancingo de los Bravo"
396,-25.2018643254969,-54.2699581211832,3.91511441220672,0.579425832430611,"sintetico_postestratificado",FALSE,0.327407189175641,"sintetico_postestratificado",FALSE,FALSE,FALSE,"12","004","Alcozauca de Guerrero"
397,-23.7830451657598,-52.7658488057806,8.0532135977095,0.565228132388921,"sintetico_postestratificado",FALSE,0.327397680731323,"sintetico_postestratificado",FALSE,FALSE,FALSE,"12","068","La Unión de Isidoro Montes de Oca"
398,-24.5212147720156,-47.430771072198,0.707561490053476,0.574965116222673,"muestra_directa",TRUE,0.329752968502517,"muestra_directa",FALSE,TRUE,TRUE,"12","039","Juan R. Escudero"
399,-25.6314945940871,-49.1174232584388,-0.23344531599282,0.666969267141393,"muestra_directa",TRUE,0.410654321200522,"muestra_directa",FALSE,TRUE,TRUE,"12","038","Zihuatanejo de Azueta"
400,-25.0243130636271,-52.4107424977544,3.93900789775573,0.572502776858466,"sintetico_postestratificado",FALSE,0.322259646222195,"sintetico_postestratificado",FALSE,FALSE,FALSE,"12","043","Metlatónoc"
401,-25.0406309747369,-52.8726464418862,6.24973323948762,0.557826314865519,"sintetico_postestratificado",FALSE,0.30742000511815,"sintetico_postestratificado",FALSE,FALSE,FALSE,"12","030","Florencio Villarreal"
402,-27.1020393155154,-53.0257953092372,2.3737808998508,0.542721376150266,"muestra_directa",TRUE,0.271700982995112,"muestra_directa",TRUE,TRUE,TRUE,"12","064","Tlalchapa"
403,-25.8715166920595,-54.2280722041344,6.71462744849361,0.579854718810435,"sintetico_postestratificado",FALSE,0.32113955188984,"sintetico_postestratificado",FALSE,FALSE,FALSE,"12","067","Tlapehuala"
404,-24.8170132461341,-40.070138723859,-8.43753984916468,0.571498938611021,"muestra_directa",FALSE,0.323328806149681,"muestra_directa",FALSE,TRUE,FALSE,"12","001","Acapulco de Juárez"
405,-24.8771734966722,-52.9391357206415,9.09109781254276,0.588364645674464,"sintetico_postestratificado",FALSE,0.339592910707742,"sintetico_postestratificado",FALSE,FALSE,FALSE,"12","019","Copalillo"
406,-24.2213393233931,-51.4343162951681,8.72219764014404,0.598165911157504,"sintetico_postestratificado",FALSE,0.355952517923573,"sintetico_postestratificado",FALSE,FALSE,FALSE,"12","045","Olinalá"
407,-23.6339456260493,-52.1938629280726,6.25588628472754,0.566866384304534,"sintetico_postestratificado",FALSE,0.330526928044041,"sintetico_postestratificado",FALSE,FALSE,FALSE,"12","008","Atenango del Río"
408,-20.2622099089052,-51.6234175177821,12.9198805215545,0.537707176828578,"sintetico_postestratificado",FALSE,0.335085077739527,"sintetico_postestratificado",FALSE,FALSE,FALSE,"12","009","Atlamajalcingo del Monte"
409,-22.5918999795144,-49.6829890784872,6.73511154440226,0.572203312290204,"sintetico_postestratificado",FALSE,0.34628431249506,"sintetico_postestratificado",FALSE,FALSE,FALSE,"12","046","Ometepec"
410,-20.9811773943642,-49.6487361591146,10.5948918458065,0.549187872168909,"sintetico_postestratificado",FALSE,0.339376098225266,"sintetico_postestratificado",FALSE,FALSE,FALSE,"12","036","Igualapa"
411,-22.1839177305147,-51.1165537819636,9.17593430808082,0.56013143709014,"sintetico_postestratificado",FALSE,0.338292259784993,"sintetico_postestratificado",FALSE,FALSE,FALSE,"12","044","Mochitlán"
412,-22.3501262194613,-45.6457441680135,2.9079688503018,0.571415767197126,"muestra_directa",TRUE,0.347914505002513,"muestra_directa",TRUE,TRUE,TRUE,"12","042","Mártir de Cuilapan"
413,-23.0995303111843,-51.3913053735152,4.88489065135091,0.557423192887827,"sintetico_postestratificado",FALSE,0.326427889775984,"sintetico_postestratificado",FALSE,FALSE,FALSE,"12","040","Leonardo Bravo"
414,-24.4939063643892,-52.7379489799663,9.03880830994843,0.575327582535194,"sintetico_postestratificado",FALSE,0.330388518891302,"sintetico_postestratificado",FALSE,FALSE,FALSE,"12","076","Acatepec"
415,-18.4502537074197,-40.3061376361506,6.76388861098831,0.464294612089426,"muestra_directa",TRUE,0.279792075015228,"muestra_directa",FALSE,TRUE,TRUE,"12","075","Eduardo Neri"
416,-25.6338199548184,-52.3135381145915,5.37958580867241,0.586720727660503,"sintetico_postestratificado",FALSE,0.330382528112319,"sintetico_postestratificado",FALSE,FALSE,FALSE,"12","074","Zitlala"
417,-24.1585589419257,-53.7907123451946,3.61888952658202,0.581581765276719,"sintetico_postestratificado",FALSE,0.339996175857462,"sintetico_postestratificado",FALSE,FALSE,FALSE,"12","072","Zapotitlán Tablas"
418,-25.2890260702315,-54.6233508883679,6.52842986532385,0.569292792358067,"sintetico_postestratificado",FALSE,0.316402531655752,"sintetico_postestratificado",FALSE,FALSE,FALSE,"12","071","Xochistlahuaca"
419,-24.2582880540902,-53.0503747918809,4.47493386071855,0.581856049777451,"sintetico_postestratificado",FALSE,0.339273169236548,"sintetico_postestratificado",FALSE,FALSE,FALSE,"12","070","Xochihuehuetlán"
420,-24.2139164341268,-53.9405441011258,6.84199024328012,0.556006946239756,"sintetico_postestratificado",FALSE,0.313867781898488,"sintetico_postestratificado",FALSE,FALSE,FALSE,"12","069","Xalpatláhuac"
421,-23.0051651121468,-50.2651291490937,8.15439178574829,0.578591574145688,"sintetico_postestratificado",FALSE,0.34853992302422,"sintetico_postestratificado",FALSE,FALSE,FALSE,"12","052","San Luis Acatlán"
422,-24.2560982177903,-51.9123234088139,7.33301409781822,0.569015203117022,"sintetico_postestratificado",FALSE,0.326454220939119,"sintetico_postestratificado",FALSE,FALSE,FALSE,"12","041","Malinaltepec"
423,-24.8437471791693,-49.4753137887722,-0.386949615116246,0.510572653575035,"muestra_directa",TRUE,0.262135181783342,"muestra_directa",TRUE,TRUE,TRUE,"12","062","Tlacoachistlahuaca"
424,-25.6512869837255,-52.7920445887304,3.04212505813594,0.578349563779328,"sintetico_postestratificado",FALSE,0.321836693942073,"sintetico_postestratificado",FALSE,FALSE,FALSE,"12","023","Cuajinicuilapa"
425,-24.9573188340142,-52.9308098486868,6.43193502187744,0.541550013813678,"sintetico_postestratificado",FALSE,0.291976825473536,"sintetico_postestratificado",FALSE,FALSE,FALSE,"12","013","Azoyú"
426,-24.9163153879834,-53.0202832229361,5.88612633093928,0.549313729115153,"sintetico_postestratificado",FALSE,0.300150575235319,"sintetico_postestratificado",FALSE,FALSE,FALSE,"12","024","Cualác"
427,-23.4544092090029,-47.177706413151,-1.03176913836524,0.5594933547485,"muestra_directa",FALSE,0.324949262658471,"muestra_directa",FALSE,TRUE,FALSE,"12","027","Cutzamala de Pinzón"
428,-26.71139483908,-56.8369519587295,3.30043431849181,0.561887319882857,"sintetico_postestratificado",FALSE,0.294773371492057,"sintetico_postestratificado",FALSE,FALSE,FALSE,"12","037","Ixcateopan de Cuauhtémoc"
429,-24.6560637354335,-55.1237942608348,5.84423241900788,0.570119483243354,"sintetico_postestratificado",FALSE,0.323558845889019,"sintetico_postestratificado",FALSE,FALSE,FALSE,"12","055","Taxco de Alarcón"
430,-26.6411526910979,-54.3898193772467,3.55479579342388,0.560117614807788,"sintetico_postestratificado",FALSE,0.293706087896809,"sintetico_postestratificado",FALSE,FALSE,FALSE,"12","025","Cuautepec"
431,-26.6569002711093,-56.54297947841,6.85128472552314,0.571498265296042,"sintetico_postestratificado",FALSE,0.304929262584948,"sintetico_postestratificado",FALSE,FALSE,FALSE,"12","026","Cuetzala del Progreso"
432,-26.09916039267,-54.9196446007704,4.3652683176422,0.553368477089305,"sintetico_postestratificado",FALSE,0.292376873162605,"sintetico_postestratificado",FALSE,FALSE,FALSE,"12","059","Tepecoacuilco de Trujano"
433,-24.4974845214709,-54.2602453169313,7.03234617374845,0.559344912609868,"sintetico_postestratificado",FALSE,0.314370067395159,"sintetico_postestratificado",FALSE,FALSE,FALSE,"12","077","Marquelia"
434,-25.1589287017914,-54.6167780518868,7.17760663405905,0.56781911444893,"sintetico_postestratificado",FALSE,0.316229827431016,"sintetico_postestratificado",FALSE,FALSE,FALSE,"12","078","Cochoapa el Grande"
435,-24.5958344547739,-47.6688785033798,-1.51026363613666,0.566635765968123,"muestra_directa",TRUE,0.320677421420384,"muestra_directa",FALSE,TRUE,TRUE,"12","061","Tixtla de Guerrero"
436,-22.9608694279086,-52.6406743550357,9.17981049078507,0.561188639254534,"sintetico_postestratificado",FALSE,0.331579944975448,"sintetico_postestratificado",FALSE,FALSE,FALSE,"12","018","Copala"
437,-20.4513494981171,-48.6596943277753,6.35131493299302,0.507885876147553,"muestra_directa",TRUE,0.303372381166383,"muestra_directa",TRUE,TRUE,TRUE,"12","056","Tecoanapa"
438,-22.6492395170264,-50.9294256803464,6.81486682086862,0.551283017287517,"sintetico_postestratificado",FALSE,0.324790622117252,"sintetico_postestratificado",FALSE,FALSE,FALSE,"12","003","Ajuchitlán del Progreso"
439,-21.5452816267036,-50.1929870605588,8.05124808736519,0.517542008361934,"sintetico_postestratificado",FALSE,0.302089192094898,"sintetico_postestratificado",FALSE,FALSE,FALSE,"12","002","Ahuacuotzingo"
440,-25.5760860632506,-47.1042964213511,-3.90323339004199,0.526554016370044,"muestra_directa",FALSE,0.270793155737537,"muestra_directa",FALSE,TRUE,FALSE,"12","035","Iguala de la Independencia"
441,-22.9164496347638,-52.6947652004981,8.53396716564049,0.540567780331246,"sintetico_postestratificado",FALSE,0.311403283983608,"sintetico_postestratificado",FALSE,FALSE,FALSE,"12","016","Coahuayutla de José María Izazaga"
442,-24.3469018098478,-52.2871550728274,8.50059682526623,0.541950037463117,"sintetico_postestratificado",FALSE,0.298481019364639,"sintetico_postestratificado",FALSE,FALSE,FALSE,"12","017","Cocula"
443,-22.8590216806991,-50.533304475265,9.2730588173787,0.557183508443913,"sintetico_postestratificado",FALSE,0.328593291636922,"sintetico_postestratificado",FALSE,FALSE,FALSE,"12","020","Copanatoyac"
444,-25.4230831279259,-52.7232560603727,6.92113397104807,0.572713100611144,"sintetico_postestratificado",FALSE,0.318482269331885,"sintetico_postestratificado",FALSE,FALSE,FALSE,"12","057","Técpan de Galeana"
445,-24.4722282881458,-54.2779350240608,6.48045514672282,0.568095992623811,"sintetico_postestratificado",FALSE,0.323373709742353,"sintetico_postestratificado",FALSE,FALSE,FALSE,"12","021","Coyuca de Benítez"
446,-24.958358553167,-52.7004310618729,5.25522941007834,0.57025081939222,"sintetico_postestratificado",FALSE,0.32066723386055,"sintetico_postestratificado",FALSE,FALSE,FALSE,"12","022","Coyuca de Catalán"
447,-24.3599759835188,-52.5204315703097,10.0120065721298,0.580141336718546,"sintetico_postestratificado",FALSE,0.336541576883359,"sintetico_postestratificado",FALSE,FALSE,FALSE,"12","060","Tetipac"
448,-24.5487358781537,-53.4615194209137,6.80762036458263,0.55872019466113,"sintetico_postestratificado",FALSE,0.313232835879592,"sintetico_postestratificado",FALSE,FALSE,FALSE,"12","063","Tlacoapa"
449,-25.3883613897236,-53.0491153077932,6.19757552326209,0.577115308746799,"sintetico_postestratificado",FALSE,0.323231694849563,"sintetico_postestratificado",FALSE,FALSE,FALSE,"12","058","Teloloapan"
450,-26.754795177493,-47.0247045343952,-4.83604262537863,0.490314896099426,"muestra_directa",FALSE,0.222766944324495,"muestra_directa",FALSE,TRUE,FALSE,"12","051","Quechultenango"
451,-23.5525042741696,-52.7123275671238,6.21981540431008,0.567807317699453,"sintetico_postestratificado",FALSE,0.332282274957756,"sintetico_postestratificado",FALSE,FALSE,FALSE,"12","050","Pungarabato"
452,-22.7445935977419,-49.8762018211475,7.6774798709133,0.544734012161906,"sintetico_postestratificado",FALSE,0.317288076184487,"sintetico_postestratificado",FALSE,FALSE,FALSE,"12","081","Iliatenco"
453,-23.7037940095404,-52.0222316974756,5.59399577782982,0.552766052209394,"sintetico_postestratificado",FALSE,0.31572811211399,"sintetico_postestratificado",FALSE,FALSE,FALSE,"12","080","Juchitán"
454,-23.1875413623275,-52.0963723312591,7.66293981548816,0.558999224251415,"sintetico_postestratificado",FALSE,0.32712381062814,"sintetico_postestratificado",FALSE,FALSE,FALSE,"12","005","Alpoyeca"
455,-27.0633135644641,-51.2694265301421,-1.31239232427567,0.572074123463672,"muestra_directa",TRUE,0.301440987819032,"muestra_directa",FALSE,TRUE,TRUE,"12","014","Benito Juárez"
456,-23.6267327577811,-50.6249867468215,4.97690505280203,0.564576940401449,"sintetico_postestratificado",FALSE,0.328309612823638,"sintetico_postestratificado",FALSE,FALSE,FALSE,"12","015","Buenavista de Cuéllar"
457,-23.7583148961582,-52.1915782053691,7.08787888128558,0.557149864322738,"sintetico_postestratificado",FALSE,0.319566715361156,"sintetico_postestratificado",FALSE,FALSE,FALSE,"12","049","Pilcaya"
458,-22.6710471047161,-53.1355856726905,9.09176876633173,0.530800217817175,"sintetico_postestratificado",FALSE,0.304089746770014,"sintetico_postestratificado",FALSE,FALSE,FALSE,"12","079","José Joaquín de Herrera"
459,-22.5097542412173,-50.4373674488628,5.87977138039895,0.579417146705736,"sintetico_postestratificado",FALSE,0.354319604293563,"sintetico_postestratificado",FALSE,FALSE,FALSE,"12","034","Huitzuco de los Figueroa"
462,-23.6215529800639,-51.8626161857942,8.86761045835167,0.541769798384836,"sintetico_postestratificado",FALSE,0.305554268584197,"sintetico_postestratificado",FALSE,FALSE,FALSE,"13","004","Agua Blanca de Iturbide"
463,-22.3644142636678,-46.8063097693004,3.49378179545326,0.651293250370722,"muestra_directa",TRUE,0.427649107734044,"muestra_directa",TRUE,TRUE,TRUE,"13","010","Atitalaquia"
464,-21.7066135948714,-50.2765186029835,8.99013148190278,0.58284672090724,"sintetico_postestratificado",FALSE,0.365780584958525,"sintetico_postestratificado",FALSE,FALSE,FALSE,"13","081","Zacualtipán de Ángeles"
465,-21.3726248432431,-49.6032517997373,10.1986354630478,0.532803147912864,"sintetico_postestratificado",FALSE,0.319076899480433,"sintetico_postestratificado",FALSE,FALSE,FALSE,"13","034","Lolotla"
466,-17.9430466309551,-44.8858220172386,9.80949548710814,0.476151009941041,"muestra_directa",TRUE,0.29672054363149,"muestra_directa",TRUE,TRUE,TRUE,"13","080","Yahualica"
467,-21.2404272638495,-49.7716482413032,10.6895514409533,0.504223441763935,"sintetico_postestratificado",FALSE,0.29181916912544,"sintetico_postestratificado",FALSE,FALSE,FALSE,"13","079","Xochicoatlán"
468,-19.751266075499,-41.2416920012542,1.02269725227534,0.460507210400774,"muestra_directa",FALSE,0.262994549645784,"muestra_directa",FALSE,TRUE,FALSE,"13","041","Mixquiahuala de Juárez"
469,-22.6251141195473,-51.9134609748032,10.4297163738816,0.556730516857695,"sintetico_postestratificado",FALSE,0.330479375662223,"sintetico_postestratificado",FALSE,FALSE,FALSE,"13","032","Jaltocán"
470,-21.112870499172,-49.4039285247489,8.39960641149549,0.548888521008099,"sintetico_postestratificado",FALSE,0.337759816016379,"sintetico_postestratificado",FALSE,FALSE,FALSE,"13","019","Chilcuautla"
471,-24.8681943394784,-52.5608381411979,4.4059205671764,0.593879900880137,"sintetico_postestratificado",FALSE,0.345197957485354,"sintetico_postestratificado",FALSE,FALSE,FALSE,"13","082","Zapotlán de Juárez"
472,-24.881599411545,-54.7194322823293,7.05255692134353,0.573762334054742,"sintetico_postestratificado",FALSE,0.324946339939292,"sintetico_postestratificado",FALSE,FALSE,FALSE,"13","050","Progreso de Obregón"
473,-26.2946676065747,-54.4542046639864,2.38796356278798,0.569759896743108,"sintetico_postestratificado",FALSE,0.306813220677361,"sintetico_postestratificado",FALSE,FALSE,FALSE,"13","083","Zempoala"
474,-23.2350854858219,-47.7974504017478,1.82626055307658,0.499545772402243,"muestra_directa",TRUE,0.267194917544025,"muestra_directa",TRUE,TRUE,TRUE,"13","018","Chapulhuacán"
475,-31.3050361683572,-55.9186566963012,-4.07043014548887,0.639735933525366,"muestra_directa",TRUE,0.326685571841794,"muestra_directa",TRUE,TRUE,TRUE,"13","035","Metepec"
476,-25.0644757516778,-53.4112618435913,6.22216704140785,0.571907405532521,"sintetico_postestratificado",FALSE,0.321262648015743,"sintetico_postestratificado",FALSE,FALSE,FALSE,"13","036","San Agustín Metzquititlán"
477,-33.2111512363318,-53.1188909616232,-10.4243770934146,0.701415338355011,"muestra_directa",FALSE,0.369303825991692,"muestra_directa",FALSE,TRUE,FALSE,"13","037","Metztitlán"
478,-24.0031783247341,-52.7786428050941,7.82647126639533,0.580531446653105,"sintetico_postestratificado",FALSE,0.340499663405764,"sintetico_postestratificado",FALSE,FALSE,FALSE,"13","020","Eloxochitlán"
479,-23.6855498066082,-51.7086972527022,7.2636062699498,0.565917032289603,"sintetico_postestratificado",FALSE,0.32906153422352,"sintetico_postestratificado",FALSE,FALSE,FALSE,"13","022","Epazoyucan"
480,-22.5487529507158,-53.4596201209719,9.21106721733302,0.569126339198419,"sintetico_postestratificado",FALSE,0.343638809691261,"sintetico_postestratificado",FALSE,FALSE,FALSE,"13","023","Francisco I. Madero"
481,-22.4509213762359,-50.8678931006174,6.72282843324534,0.563119047580199,"sintetico_postestratificado",FALSE,0.33860983381784,"sintetico_postestratificado",FALSE,FALSE,FALSE,"13","052","San Agustín Tlaxiaca"
482,-24.1658898797693,-49.0509821909716,4.18135881682937,0.611142168940377,"muestra_directa",TRUE,0.369483270142683,"muestra_directa",TRUE,TRUE,TRUE,"13","024","Huasca de Ocampo"
483,-22.3943660689246,-52.3456594556901,9.86773545640219,0.582655247896408,"sintetico_postestratificado",FALSE,0.358711587207162,"sintetico_postestratificado",FALSE,FALSE,FALSE,"13","009","El Arenal"
484,-23.6619952393934,-50.1451467750227,6.80511823661682,0.587028945009113,"sintetico_postestratificado",FALSE,0.350408992615178,"sintetico_postestratificado",FALSE,FALSE,FALSE,"13","038","Mineral del Chico"
485,-22.2908090672953,-52.4123343394091,7.96334764367371,0.585492168037396,"sintetico_postestratificado",FALSE,0.362584077364443,"sintetico_postestratificado",FALSE,FALSE,FALSE,"13","071","Tlahuiltepa"
486,-23.8597484427538,-52.5788761261585,4.64567136932172,0.586100748263533,"sintetico_postestratificado",FALSE,0.347503263835994,"sintetico_postestratificado",FALSE,FALSE,FALSE,"13","064","Tepetitlán"
487,-22.6288304666586,-51.1434217698999,7.27588694676577,0.579199895061656,"sintetico_postestratificado",FALSE,0.35291159039507,"sintetico_postestratificado",FALSE,FALSE,FALSE,"13","053","San Bartolo Tutotepec"
488,-24.7145555192517,-49.811161210805,0.816459357198349,0.652937015752283,"muestra_directa",TRUE,0.405791460559766,"muestra_directa",TRUE,TRUE,TRUE,"13","008","Apan"
489,-24.1585192646873,-51.7787783791928,7.67606565607552,0.56928683277575,"sintetico_postestratificado",FALSE,0.327701640128876,"sintetico_postestratificado",FALSE,FALSE,FALSE,"13","007","Almoloya"
490,-22.3938014477651,-52.2465422013921,9.33175613750556,0.561911537527377,"sintetico_postestratificado",FALSE,0.337973523049726,"sintetico_postestratificado",FALSE,FALSE,FALSE,"13","068","Tianguistengo"
491,-20.6087474964752,-46.7089011177146,6.55994339669929,0.525556148106356,"muestra_directa",TRUE,0.319468673141604,"muestra_directa",TRUE,TRUE,TRUE,"13","069","Tizayuca"
492,-25.5745724133072,-43.6913432753472,-5.98262123353916,0.560739867562277,"muestra_directa",FALSE,0.304994143429205,"muestra_directa",FALSE,TRUE,FALSE,"13","076","Tula de Allende"
493,-21.3870886216612,-51.3092806630453,8.23698885399532,0.54790648917044,"sintetico_postestratificado",FALSE,0.334035602953828,"sintetico_postestratificado",FALSE,FALSE,FALSE,"13","078","Xochiatipan"
494,-21.7152602493094,-52.9480964050793,8.54371743151252,0.544511340399128,"sintetico_postestratificado",FALSE,0.327358737906034,"sintetico_postestratificado",FALSE,FALSE,FALSE,"13","074","Tlaxcoapan"
495,-23.8352890035538,-45.8161483162626,-1.94259306654334,0.486968568339671,"muestra_directa",TRUE,0.248615678304133,"muestra_directa",FALSE,TRUE,TRUE,"13","051","Mineral de la Reforma"
496,-21.6190831154601,-48.7017211565956,7.3124073934634,0.539821548266011,"sintetico_postestratificado",FALSE,0.323630717111409,"sintetico_postestratificado",FALSE,FALSE,FALSE,"13","030","Ixmiquilpan"
497,-21.6838805223503,-49.4583854711107,8.53626876377774,0.527220322403542,"sintetico_postestratificado",FALSE,0.310381517180038,"sintetico_postestratificado",FALSE,FALSE,FALSE,"13","031","Jacala de Ledezma"
498,-19.8945779835969,-47.6592392070427,10.9305864208269,0.534662268559967,"muestra_directa",TRUE,0.335716488723998,"muestra_directa",TRUE,TRUE,TRUE,"13","029","Huichapan"
499,-21.9170503646597,-52.680195774354,8.35102190473003,0.53833002580236,"sintetico_postestratificado",FALSE,0.319159522155764,"sintetico_postestratificado",FALSE,FALSE,FALSE,"13","070","Tlahuelilpan"
500,-22.3385740836349,-51.6432241074325,8.46906120307573,0.554999341340898,"sintetico_postestratificado",FALSE,0.331613600504549,"sintetico_postestratificado",FALSE,FALSE,FALSE,"13","025","Huautla"
501,-22.2762665438762,-48.7566453492519,7.90590544337777,0.591374904489643,"muestra_directa",TRUE,0.368612239050882,"muestra_directa",TRUE,TRUE,TRUE,"13","054","San Salvador"
502,-21.917296840365,-51.6251820717439,10.3406970011782,0.557169868052671,"sintetico_postestratificado",FALSE,0.337996899649022,"sintetico_postestratificado",FALSE,FALSE,FALSE,"13","055","Santiago de Anaya"
503,-21.5548552245385,-44.5378593316445,2.29352925000076,0.574521829140854,"muestra_directa",FALSE,0.35897327689547,"muestra_directa",FALSE,TRUE,FALSE,"13","006","Alfajayucan"
504,-22.6290043671348,-45.3119539382281,1.6248396956789,0.553953704730802,"muestra_directa",FALSE,0.327663661059453,"muestra_directa",FALSE,TRUE,FALSE,"13","048","Pachuca de Soto"
505,-21.9418239210048,-50.3243508154482,9.46273967725622,0.552257661388164,"sintetico_postestratificado",FALSE,0.332839422178116,"sintetico_postestratificado",FALSE,FALSE,FALSE,"13","026","Huazalingo"
506,-22.5992946494364,-46.1146557807502,0.404132421626087,0.5393459757008,"muestra_directa",TRUE,0.313353029206435,"muestra_directa",FALSE,TRUE,TRUE,"13","027","Huehuetla"
507,-20.3281070610238,-42.3393901017645,3.45586108026385,0.512885873564813,"muestra_directa",FALSE,0.309604802954575,"muestra_directa",FALSE,TRUE,FALSE,"13","028","Huejutla de Reyes"
508,-22.2512901085173,-49.7576670227247,5.92862198490439,0.543774516541469,"sintetico_postestratificado",FALSE,0.321261615456296,"sintetico_postestratificado",FALSE,FALSE,FALSE,"13","043","Nicolás Flores"
509,-23.6074177439845,-53.525131169071,8.74436823953213,0.571246747518064,"sintetico_postestratificado",FALSE,0.33517257007822,"sintetico_postestratificado",FALSE,FALSE,FALSE,"13","065","Tetepango"
510,-23.1611444102541,-49.8170091776412,1.29003121623767,0.498010868831949,"muestra_directa",TRUE,0.266399424729408,"muestra_directa",TRUE,TRUE,TRUE,"13","063","Tepeji del Río de Ocampo"
511,-20.259608400029,-48.6721017349413,13.5710010016018,0.565622981376802,"sintetico_postestratificado",FALSE,0.363026897376512,"sintetico_postestratificado",FALSE,FALSE,FALSE,"13","033","Juárez Hidalgo"
512,-21.5419073571752,-51.627401908637,12.2001547788083,0.579366220020575,"sintetico_postestratificado",FALSE,0.363947146448823,"sintetico_postestratificado",FALSE,FALSE,FALSE,"13","013","Atotonilco de Tula"
513,-20.963461361638,-48.122966304583,10.0065744503435,0.546860408043245,"sintetico_postestratificado",FALSE,0.337225794426865,"sintetico_postestratificado",FALSE,FALSE,FALSE,"13","014","Calnali"
514,-23.5162739953977,-51.5701462100338,6.8083317881183,0.572190003193957,"sintetico_postestratificado",FALSE,0.33702726323998,"sintetico_postestratificado",FALSE,FALSE,FALSE,"13","015","Cardonal"
515,-24.0323899633831,-51.1356127569162,8.30465978220745,0.561058696404387,"sintetico_postestratificado",FALSE,0.320734796770555,"sintetico_postestratificado",FALSE,FALSE,FALSE,"13","016","Cuautepec de Hinojosa"
516,-23.787506999014,-52.5509537532797,7.0750573216747,0.576337883877366,"sintetico_postestratificado",FALSE,0.338462813887226,"sintetico_postestratificado",FALSE,FALSE,FALSE,"13","021","Emiliano Zapata"
517,-22.4190825411805,-50.8727954735167,11.7912070654129,0.572045625353208,"sintetico_postestratificado",FALSE,0.347854799941403,"sintetico_postestratificado",FALSE,FALSE,FALSE,"13","005","Ajacuba"
518,-21.9515290805707,-50.6027879958712,8.22538974259108,0.558809920987494,"sintetico_postestratificado",FALSE,0.339294630181787,"sintetico_postestratificado",FALSE,FALSE,FALSE,"13","017","Chapantongo"
519,-22.2555354903527,-52.4354399060424,8.00886066963214,0.570911713678109,"sintetico_postestratificado",FALSE,0.348356358774582,"sintetico_postestratificado",FALSE,FALSE,FALSE,"13","066","Villa de Tezontepec"
520,-22.2904706842843,-51.6974553303723,9.70929530359382,0.562521925161443,"sintetico_postestratificado",FALSE,0.339617218318599,"sintetico_postestratificado",FALSE,FALSE,FALSE,"13","067","Tezontepec de Aldama"
521,-22.8687388631333,-51.5008957503168,6.79756305142875,0.541829668915671,"sintetico_postestratificado",FALSE,0.313142280284338,"sintetico_postestratificado",FALSE,FALSE,FALSE,"13","044","Nopala de Villagrán"
522,-21.6456000317384,-51.1675846314062,7.63571813894643,0.537097186901733,"sintetico_postestratificado",FALSE,0.32064118658435,"sintetico_postestratificado",FALSE,FALSE,FALSE,"13","045","Omitlán de Juárez"
523,-21.1092608938456,-42.0268156271293,-0.191589029795842,0.496479534774839,"muestra_directa",FALSE,0.285386925836383,"muestra_directa",FALSE,TRUE,FALSE,"13","046","San Felipe Orizatlán"
524,-22.1295025291535,-50.7859978773348,7.21322681176648,0.546675494293761,"sintetico_postestratificado",FALSE,0.325380469002226,"sintetico_postestratificado",FALSE,FALSE,FALSE,"13","039","Mineral del Monte"
525,-22.656905680962,-52.0035358322143,9.18493590907825,0.563880276885231,"sintetico_postestratificado",FALSE,0.337311220075611,"sintetico_postestratificado",FALSE,FALSE,FALSE,"13","047","Pacula"
526,-21.7840395874028,-51.8015960225367,9.31796434158009,0.520456097703413,"sintetico_postestratificado",FALSE,0.302615701829384,"sintetico_postestratificado",FALSE,FALSE,FALSE,"13","049","Pisaflores"
527,-26.2444807782894,-51.3266910907288,-0.711806990436768,0.510155441106808,"muestra_directa",TRUE,0.247710633323914,"muestra_directa",FALSE,TRUE,TRUE,"13","077","Tulancingo de Bravo"
528,-20.6622056453495,-49.7102167063711,10.065450334158,0.546864709034762,"sintetico_postestratificado",FALSE,0.340242652581267,"sintetico_postestratificado",FALSE,FALSE,FALSE,"13","062","Tepehuacán de Guerrero"
529,-22.6184712731966,-50.1846993068911,9.38267211320803,0.564723205640327,"sintetico_postestratificado",FALSE,0.338538492908361,"sintetico_postestratificado",FALSE,FALSE,FALSE,"13","003","Actopan"
530,-13.5568648919362,-40.1757943808982,10.2151201608446,0.39188642506273,"muestra_directa",TRUE,0.256317776143369,"muestra_directa",TRUE,TRUE,TRUE,"13","002","Acaxochitlán"
531,-22.5635981010112,-50.3716194628442,10.5216744098838,0.561266372721158,"sintetico_postestratificado",FALSE,0.335630391711046,"sintetico_postestratificado",FALSE,FALSE,FALSE,"13","001","Acatlán"
532,-19.5703528574622,-46.7225772334333,7.56018399636089,0.509315101357678,"muestra_directa",TRUE,0.313611572783056,"muestra_directa",TRUE,TRUE,TRUE,"13","061","Tepeapulco"
533,-23.7853279201755,-52.0405944094402,10.3970652937391,0.570719932639702,"sintetico_postestratificado",FALSE,0.332866653437947,"sintetico_postestratificado",FALSE,FALSE,FALSE,"13","058","Tasquillo"
534,-23.8862250291499,-53.731918259555,7.47094353568997,0.551249531356464,"sintetico_postestratificado",FALSE,0.312387281064965,"sintetico_postestratificado",FALSE,FALSE,FALSE,"13","073","Tlanchinol"
535,-25.1690850242274,-52.309452382079,4.66366725340674,0.592222776784167,"sintetico_postestratificado",FALSE,0.340531926541893,"sintetico_postestratificado",FALSE,FALSE,FALSE,"13","072","Tlanalapa"
536,-24.8406425262803,-53.567655488894,6.5469225314974,0.601892573687053,"sintetico_postestratificado",FALSE,0.353486148424251,"sintetico_postestratificado",FALSE,FALSE,FALSE,"13","059","Tecozautla"
537,-24.1076007979857,-51.4543684732442,6.63322642370889,0.586349111348631,"sintetico_postestratificado",FALSE,0.345273103368773,"sintetico_postestratificado",FALSE,FALSE,FALSE,"13","060","Tenango de Doria"
538,-24.4756980936262,-51.2505041878023,7.63151614637204,0.58272478097072,"sintetico_postestratificado",FALSE,0.337967800034458,"sintetico_postestratificado",FALSE,FALSE,FALSE,"13","012","Atotonilco el Grande"
539,-23.7497244642838,-51.703360161683,7.25391941361101,0.599762035717478,"sintetico_postestratificado",FALSE,0.362264791074639,"sintetico_postestratificado",FALSE,FALSE,FALSE,"13","011","Atlapexco"
540,-25.0242385416908,-53.8122055679258,6.34098114486373,0.574104257620296,"sintetico_postestratificado",FALSE,0.323861872203388,"sintetico_postestratificado",FALSE,FALSE,FALSE,"13","040","La Misión"
541,-24.6622304755448,-52.0490536275557,6.78433376954565,0.585279486539312,"sintetico_postestratificado",FALSE,0.338657181783865,"sintetico_postestratificado",FALSE,FALSE,FALSE,"13","042","Molango de Escamilla"
542,-29.7510868402545,-56.0984484044115,0.421573134274422,0.572542522874973,"sintetico_postestratificado",FALSE,0.275031654472428,"muestra_directa",TRUE,FALSE,TRUE,"13","056","Santiago Tulantepec de Lugo Guerrero"
543,-25.0167332978486,-44.7490505260165,-5.54278709458492,0.58193923826001,"muestra_directa",FALSE,0.331771905281524,"muestra_directa",FALSE,TRUE,FALSE,"13","057","Singuilucan"
544,-24.2295414317595,-53.1033124421908,7.49349032662295,0.580530476913463,"sintetico_postestratificado",FALSE,0.338235062595867,"sintetico_postestratificado",FALSE,FALSE,FALSE,"13","084","Zimapán"
545,-25.4223189148123,-53.6553475747259,5.94074861658541,0.589262271149883,"sintetico_postestratificado",FALSE,0.335039082001761,"sintetico_postestratificado",FALSE,FALSE,FALSE,"13","075","Tolcayuca"
546,-22.2489609906233,-52.6172650924145,8.5623062809117,0.570723759362612,"sintetico_postestratificado",FALSE,0.348234149456379,"sintetico_postestratificado",FALSE,FALSE,FALSE,"14","122","Zapotitlán de Vadillo"
547,-23.5712942326966,-51.5850922447506,7.56588971946215,0.525225954836421,"sintetico_postestratificado",FALSE,0.289513012509455,"sintetico_postestratificado",FALSE,FALSE,FALSE,"14","019","Bolaños"
548,-21.7561382791009,-49.93677011535,10.8184259458331,0.575782283656664,"sintetico_postestratificado",FALSE,0.358220900865655,"sintetico_postestratificado",FALSE,FALSE,FALSE,"14","065","Pihuamo"
549,-18.6965387861779,-39.3200058405222,2.27810603316137,0.495237978106944,"muestra_directa",FALSE,0.308272590245164,"muestra_directa",FALSE,TRUE,FALSE,"14","101","Tonalá"
550,-23.3012868049597,-52.199580397001,7.05883257604303,0.566179010898352,"sintetico_postestratificado",FALSE,0.333166142848755,"sintetico_postestratificado",FALSE,FALSE,FALSE,"14","076","San Martín de Bolaños"
551,-23.0179480037507,-51.797339357552,7.30182575671518,0.556813300436892,"sintetico_postestratificado",FALSE,0.326633820399385,"sintetico_postestratificado",FALSE,FALSE,FALSE,"14","023","Zapotlán el Grande"
552,-22.7389318527898,-52.2359542506916,8.2124015175746,0.552352125706304,"sintetico_postestratificado",FALSE,0.324962807178406,"sintetico_postestratificado",FALSE,FALSE,FALSE,"14","074","San Julián"
553,-23.8456566516085,-51.5101318248426,8.2906119031125,0.556662843131953,"sintetico_postestratificado",FALSE,0.318206276615867,"sintetico_postestratificado",FALSE,FALSE,FALSE,"14","073","San Juan de los Lagos"
554,-23.4226523125633,-52.0045707674518,6.75949665876712,0.578989883831882,"sintetico_postestratificado",FALSE,0.344763360706249,"sintetico_postestratificado",FALSE,FALSE,FALSE,"14","062","Mixtlán"
555,-24.0212410108202,-51.6856181384878,7.80524048361058,0.54945951065049,"sintetico_postestratificado",FALSE,0.309247100542288,"sintetico_postestratificado",FALSE,FALSE,FALSE,"14","113","San Gabriel"
556,-26.3504461603524,-55.3569127396862,6.217159776335,0.557399255752426,"sintetico_postestratificado",FALSE,0.293894794148902,"sintetico_postestratificado",FALSE,FALSE,FALSE,"14","087","Tecalitlán"
557,-23.7401754317787,-51.4672754388068,7.212038075538,0.558498104087576,"sintetico_postestratificado",FALSE,0.321096349769789,"sintetico_postestratificado",FALSE,FALSE,FALSE,"14","014","Atoyac"
558,-24.2346596245384,-51.5385792618037,5.92220711564251,0.587423931383662,"sintetico_postestratificado",FALSE,0.345077335138278,"sintetico_postestratificado",FALSE,FALSE,FALSE,"14","015","Autlán de Navarro"
559,-25.8560843212222,-48.4428063625596,-1.06086929738309,0.636810208445436,"muestra_directa",TRUE,0.378249365233213,"muestra_directa",FALSE,TRUE,TRUE,"14","097","Tlajomulco de Zúñiga"
560,-25.1619204929747,-52.5475936694178,5.99922798068337,0.554944327551345,"sintetico_postestratificado",FALSE,0.303325122621598,"sintetico_postestratificado",FALSE,FALSE,FALSE,"14","055","Magdalena"
561,-23.4673190372621,-53.7675959933426,6.84338902031221,0.560751093921584,"sintetico_postestratificado",FALSE,0.326077903548963,"sintetico_postestratificado",FALSE,FALSE,FALSE,"14","063","Ocotlán"
562,-23.8354370529564,-51.553124305586,6.74570346960335,0.578374214061425,"sintetico_postestratificado",FALSE,0.340019843531861,"sintetico_postestratificado",FALSE,FALSE,FALSE,"14","086","Tapalpa"
563,-26.2906128421346,-54.4518864262704,5.80779709820919,0.57689915791338,"sintetico_postestratificado",FALSE,0.313993029492034,"sintetico_postestratificado",FALSE,FALSE,FALSE,"14","043","La Huerta"
564,-26.1964853528699,-55.6570517721815,3.86047558739966,0.598977962891197,"sintetico_postestratificado",FALSE,0.337013109362498,"sintetico_postestratificado",FALSE,FALSE,FALSE,"14","116","Villa Hidalgo"
565,-25.9474334090685,-54.2078978352937,5.89251505469316,0.543565307738917,"sintetico_postestratificado",FALSE,0.284090973648232,"sintetico_postestratificado",FALSE,FALSE,FALSE,"14","012","Atenguillo"
566,-23.4096573690986,-51.3508915464805,7.98467306763962,0.574807204586467,"sintetico_postestratificado",FALSE,0.340710630895481,"sintetico_postestratificado",FALSE,FALSE,FALSE,"14","117","Cañadas de Obregón"
567,-22.774307437613,-52.152361943895,8.22290624937738,0.572723498625665,"sintetico_postestratificado",FALSE,0.344980424249534,"sintetico_postestratificado",FALSE,FALSE,FALSE,"14","118","Yahualica de González Gallo"
568,-21.7395076180142,-52.6590046917382,7.48440253479506,0.572858885519095,"sintetico_postestratificado",FALSE,0.355463809338953,"sintetico_postestratificado",FALSE,FALSE,FALSE,"14","017","Ayutla"
569,-23.0406277420032,-51.6285808645269,6.97288916629754,0.568457570371177,"sintetico_postestratificado",FALSE,0.338051292951145,"sintetico_postestratificado",FALSE,FALSE,FALSE,"14","119","Zacoalco de Torres"
570,-23.2250181742691,-40.8423533888613,-3.69128617055483,0.468765441072751,"muestra_directa",FALSE,0.23651525933006,"muestra_directa",FALSE,TRUE,FALSE,"14","120","Zapopan"
571,-24.1426590126358,-52.8438798038972,7.04257717672616,0.578104827302984,"sintetico_postestratificado",FALSE,0.336678237176627,"sintetico_postestratificado",FALSE,FALSE,FALSE,"14","121","Zapotiltic"
572,-25.8183308539263,-53.9942367933239,5.4482720499729,0.566046106350966,"sintetico_postestratificado",FALSE,0.307862797811703,"sintetico_postestratificado",FALSE,FALSE,FALSE,"14","123","Zapotlán del Rey"
573,-26.3522419352922,-54.2119784345402,5.63292808219702,0.60653337695912,"sintetico_postestratificado",FALSE,0.343010957606198,"sintetico_postestratificado",FALSE,FALSE,FALSE,"14","069","Quitupan"
574,-24.6640618504727,-52.7162335165967,7.38375207976747,0.59103598311794,"sintetico_postestratificado",FALSE,0.344395364613213,"sintetico_postestratificado",FALSE,FALSE,FALSE,"14","112","Valle de Juárez"
575,-23.6076012404966,-51.2449164101419,6.23912001921763,0.545423479163375,"sintetico_postestratificado",FALSE,0.309347466758409,"sintetico_postestratificado",FALSE,FALSE,FALSE,"14","111","Valle de Guadalupe"
576,-24.8580051057329,-53.1147573538036,5.78313594697166,0.568383834829159,"sintetico_postestratificado",FALSE,0.31980378377183,"sintetico_postestratificado",FALSE,FALSE,FALSE,"14","079","Gómez Farías"
577,-22.9572357455406,-50.7286364440497,8.40417602281132,0.571487656839636,"sintetico_postestratificado",FALSE,0.341915299384229,"sintetico_postestratificado",FALSE,FALSE,FALSE,"14","078","San Miguel el Alto"
578,-24.6124121217005,-52.9925089055485,6.96790966011384,0.565080351955118,"sintetico_postestratificado",FALSE,0.318956230738114,"sintetico_postestratificado",FALSE,FALSE,FALSE,"14","077","San Martín Hidalgo"
579,-20.6386469436089,-50.0517102149117,13.0675220213687,0.552758809195809,"sintetico_postestratificado",FALSE,0.34637233975972,"sintetico_postestratificado",FALSE,FALSE,FALSE,"14","075","San Marcos"
580,-24.4953203733762,-43.5926410958914,-4.38489834003488,0.522996301409175,"muestra_directa",FALSE,0.278043097675413,"muestra_directa",FALSE,TRUE,FALSE,"14","098","San Pedro Tlaquepaque"
581,-21.2717394589292,-50.8372449711045,9.38766864841653,0.537928400549759,"sintetico_postestratificado",FALSE,0.325211005960467,"sintetico_postestratificado",FALSE,FALSE,FALSE,"14","105","Tototlán"
582,-23.562462502441,-53.7180261018864,7.80237715316577,0.570089848019744,"sintetico_postestratificado",FALSE,0.334465222995334,"sintetico_postestratificado",FALSE,FALSE,FALSE,"14","104","Totatiche"
583,-22.5965992587552,-51.5281353287416,9.10619655967371,0.571855432835853,"sintetico_postestratificado",FALSE,0.345889440248301,"sintetico_postestratificado",FALSE,FALSE,FALSE,"14","103","Tonila"
584,-21.7878639057841,-51.7054658287883,8.81222458463368,0.558564848440385,"sintetico_postestratificado",FALSE,0.340686209382544,"sintetico_postestratificado",FALSE,FALSE,FALSE,"14","024","Cocula"
585,-23.0662191731691,-50.5515712312586,6.81294316730601,0.547656173486161,"sintetico_postestratificado",FALSE,0.31699398175447,"sintetico_postestratificado",FALSE,FALSE,FALSE,"14","102","Tonaya"
586,-23.0156858057869,-51.0067261535301,8.15769426686773,0.556526476188688,"sintetico_postestratificado",FALSE,0.326369618130819,"sintetico_postestratificado",FALSE,FALSE,FALSE,"14","100","Tomatlán"
587,-23.3767706935276,-52.070898211102,5.47226799360054,0.536674322869356,"sintetico_postestratificado",FALSE,0.30290661593408,"sintetico_postestratificado",FALSE,FALSE,FALSE,"14","099","Tolimán"
588,-25.2408082784479,-49.2385341017359,0.740783906005537,0.600567386237863,"muestra_directa",TRUE,0.348159303453384,"muestra_directa",FALSE,TRUE,TRUE,"14","093","Tepatitlán de Morelos"
589,-21.2122005783675,-48.4436732443772,8.79530861096251,0.563881592423326,"sintetico_postestratificado",FALSE,0.351759586639652,"sintetico_postestratificado",FALSE,FALSE,FALSE,"14","124","Zapotlanejo"
590,-23.4852727546592,-51.4204824679557,7.51939014297509,0.562439624243574,"sintetico_postestratificado",FALSE,0.327586896696982,"sintetico_postestratificado",FALSE,FALSE,FALSE,"14","115","Villa Guerrero"
591,-22.8065473810262,-47.7443414438949,5.45111378431833,0.576843847442743,"muestra_directa",TRUE,0.348778373632481,"muestra_directa",TRUE,TRUE,TRUE,"14","021","Casimiro Castillo"
592,-24.8199345582974,-52.0367718486031,3.84688328296494,0.551983657621499,"sintetico_postestratificado",FALSE,0.303784312038525,"sintetico_postestratificado",FALSE,FALSE,FALSE,"14","070","El Salto"
593,-24.78085959511,-52.6942767508354,9.60967726834401,0.575527168178766,"sintetico_postestratificado",FALSE,0.327718572227666,"sintetico_postestratificado",FALSE,FALSE,FALSE,"14","020","Cabo Corrientes"
594,-24.1412633306889,-51.3327107554407,4.70306075388808,0.569845557987707,"sintetico_postestratificado",FALSE,0.328432924680817,"sintetico_postestratificado",FALSE,FALSE,FALSE,"14","018","La Barca"
595,-23.8694688850878,-52.2072412910203,7.89894259125717,0.606184052556748,"sintetico_postestratificado",FALSE,0.36748936370587,"sintetico_postestratificado",FALSE,FALSE,FALSE,"14","051","Juanacatlán"
596,-23.8840334415413,-47.8184349033806,-0.162168882726082,0.477477304989571,"muestra_directa",TRUE,0.238636970574158,"muestra_directa",FALSE,TRUE,TRUE,"14","044","Ixtlahuacán de los Membrillos"
597,-20.3255041878403,-37.1907054441006,-1.97433698155224,0.553954044806121,"muestra_directa",FALSE,0.350699002927718,"muestra_directa",FALSE,TRUE,FALSE,"14","039","Guadalajara"
598,-21.3811922358064,-51.5648615019103,9.48355601478161,0.529159669972532,"sintetico_postestratificado",FALSE,0.315347747614468,"sintetico_postestratificado",FALSE,FALSE,FALSE,"14","022","Cihuatlán"
599,-23.4088042019391,-51.5356102556395,8.0229934829137,0.570966936470655,"sintetico_postestratificado",FALSE,0.336878894451264,"sintetico_postestratificado",FALSE,FALSE,FALSE,"14","016","Ayotlán"
600,-24.3031551388434,-51.7232230580024,7.69047116063976,0.525014600278825,"sintetico_postestratificado",FALSE,0.281983048890391,"sintetico_postestratificado",FALSE,FALSE,FALSE,"14","080","San Sebastián del Oeste"
601,-23.7599783402841,-51.9765637827018,7.59206061294027,0.565699828949776,"sintetico_postestratificado",FALSE,0.328100045546935,"sintetico_postestratificado",FALSE,FALSE,FALSE,"14","125","San Ignacio Cerro Gordo"
602,-22.4507508708095,-50.5966951669247,10.2632337617346,0.555496385971616,"sintetico_postestratificado",FALSE,0.330988877263521,"sintetico_postestratificado",FALSE,FALSE,FALSE,"14","072","San Diego de Alejandría"
603,-17.8748550376476,-42.7238412940625,8.31226761626646,0.442974574218876,"muestra_directa",TRUE,0.2642260238424,"muestra_directa",TRUE,TRUE,TRUE,"14","066","Poncitlán"
604,-23.0118897460888,-51.237892321906,7.5156317107893,0.568675595968868,"sintetico_postestratificado",FALSE,0.33855669850798,"sintetico_postestratificado",FALSE,FALSE,FALSE,"14","110","Unión de Tula"
605,-22.7615589995093,-52.1450541689385,8.49106346512197,0.577493286548126,"sintetico_postestratificado",FALSE,0.349877696553033,"sintetico_postestratificado",FALSE,FALSE,FALSE,"14","092","Teocuitatlán de Corona"
606,-23.1784166824984,-51.9332140545133,7.06766201521085,0.600910538902445,"sintetico_postestratificado",FALSE,0.369126372077461,"sintetico_postestratificado",FALSE,FALSE,FALSE,"14","091","Teocaltiche"
607,-20.6255944436748,-44.3035313130473,7.88144840511133,0.519293072986891,"muestra_directa",TRUE,0.313037128550143,"muestra_directa",TRUE,TRUE,TRUE,"14","002","Acatlán de Juárez"
608,-22.5243728699371,-52.8971218198763,8.37837087962047,0.562617628727466,"sintetico_postestratificado",FALSE,0.337373900028095,"sintetico_postestratificado",FALSE,FALSE,FALSE,"14","003","Ahualulco de Mercado"
609,-22.4543715550189,-51.1615488540322,8.47007198482351,0.543993026484184,"sintetico_postestratificado",FALSE,0.319449310933995,"sintetico_postestratificado",FALSE,FALSE,FALSE,"14","005","Amatitán"
610,-20.7495950044616,-46.5232161040188,8.68547232692814,0.552906746278535,"sintetico_postestratificado",FALSE,0.345410796233919,"sintetico_postestratificado",FALSE,FALSE,FALSE,"14","109","Unión de San Antonio"
611,-22.2072406359178,-50.4620025254016,8.21157447589542,0.523557698031704,"sintetico_postestratificado",FALSE,0.301485291672526,"sintetico_postestratificado",FALSE,FALSE,FALSE,"14","108","Tuxpan"
612,-22.3720553936426,-50.8850694761834,6.08671885461782,0.528864290325102,"sintetico_postestratificado",FALSE,0.305143736388675,"sintetico_postestratificado",FALSE,FALSE,FALSE,"14","088","Tecolotlán"
613,-21.6972962544437,-49.2842461120332,8.64605510264006,0.530149975660792,"sintetico_postestratificado",FALSE,0.313177013116355,"sintetico_postestratificado",FALSE,FALSE,FALSE,"14","090","Tenamaxtlán"
614,-21.9098304751847,-52.6120680238131,10.2517357332647,0.571630466720629,"sintetico_postestratificado",FALSE,0.352532161968783,"sintetico_postestratificado",FALSE,FALSE,FALSE,"14","071","San Cristóbal de la Barranca"
615,-22.4524985654143,-53.1047369962878,8.22676601173342,0.546122121295203,"sintetico_postestratificado",FALSE,0.321597135641061,"sintetico_postestratificado",FALSE,FALSE,FALSE,"14","068","Villa Purificación"
616,-19.143492484532,-42.8984914119605,5.66039680141891,0.484371950182559,"muestra_directa",TRUE,0.292937025337239,"muestra_directa",FALSE,TRUE,TRUE,"14","067","Puerto Vallarta"
617,-24.2948906866001,-50.0628231601925,4.1483517500208,0.548253701856497,"sintetico_postestratificado",FALSE,0.305304794990496,"sintetico_postestratificado",FALSE,FALSE,FALSE,"14","114","Villa Corona"
618,-24.5090995951945,-53.4224588032732,5.87338809996588,0.578853259311302,"sintetico_postestratificado",FALSE,0.333762263359357,"sintetico_postestratificado",FALSE,FALSE,FALSE,"14","107","Tuxcueca"
619,-23.1986415055558,-54.4641933050784,8.24111103840656,0.519403375836287,"sintetico_postestratificado",FALSE,0.287416960780729,"sintetico_postestratificado",FALSE,FALSE,FALSE,"14","106","Tuxcacuesco"
620,-22.627840116827,-50.9397312325427,8.76506983868318,0.549673609798069,"sintetico_postestratificado",FALSE,0.323395208629799,"sintetico_postestratificado",FALSE,FALSE,FALSE,"14","025","Colotlán"
621,-21.8622489726777,-50.2103272379736,8.07347772299872,0.547971211952779,"sintetico_postestratificado",FALSE,0.329348722226002,"sintetico_postestratificado",FALSE,FALSE,FALSE,"14","027","Cuautitlán de García Barragán"
622,-21.1571403963382,-51.8048192320433,10.0935024550566,0.531689476505585,"sintetico_postestratificado",FALSE,0.320118072542203,"sintetico_postestratificado",FALSE,FALSE,FALSE,"14","028","Cuautla"
623,-23.0094187807898,-53.3101554859774,9.75988332684011,0.559656937670005,"sintetico_postestratificado",FALSE,0.329562749862107,"sintetico_postestratificado",FALSE,FALSE,FALSE,"14","011","Atengo"
624,-23.2686075532226,-51.4395924847273,8.6277871425748,0.576626973164782,"sintetico_postestratificado",FALSE,0.343940897632557,"sintetico_postestratificado",FALSE,FALSE,FALSE,"14","064","Ojuelos de Jalisco"
625,-19.4056180612439,-46.9615242399804,7.93279229687175,0.460350522205037,"muestra_directa",TRUE,0.266294341592598,"muestra_directa",TRUE,TRUE,TRUE,"14","032","Chiquilistlán"
626,-22.0241901842449,-52.1803989231609,11.4533588661265,0.546556068625865,"sintetico_postestratificado",FALSE,0.326314166783415,"sintetico_postestratificado",FALSE,FALSE,FALSE,"14","030","Chapala"
627,-20.9952599131087,-51.24004180099,9.08160721183827,0.52960211139152,"sintetico_postestratificado",FALSE,0.319649512260433,"sintetico_postestratificado",FALSE,FALSE,FALSE,"14","029","Cuquío"
628,-22.8012608666392,-53.944830087776,7.84920879496147,0.559850234935858,"sintetico_postestratificado",FALSE,0.331837626269466,"sintetico_postestratificado",FALSE,FALSE,FALSE,"14","094","Tequila"
629,-22.012021271012,-51.3880207979499,9.37082587010962,0.548355942843562,"sintetico_postestratificado",FALSE,0.328235730133442,"sintetico_postestratificado",FALSE,FALSE,FALSE,"14","095","Teuchitlán"
630,-22.210462810707,-49.7095252954177,10.5828741108087,0.550651255976485,"sintetico_postestratificado",FALSE,0.328546627869415,"sintetico_postestratificado",FALSE,FALSE,FALSE,"14","096","Tizapán el Alto"
631,-21.8290517803455,-51.3944740025555,9.29789846445557,0.545254259913641,"sintetico_postestratificado",FALSE,0.326963742110186,"sintetico_postestratificado",FALSE,FALSE,FALSE,"14","061","Mezquitic"
632,-21.8970836698611,-49.8620733112993,10.6025310937484,0.555432139433656,"sintetico_postestratificado",FALSE,0.336461302735045,"sintetico_postestratificado",FALSE,FALSE,FALSE,"14","060","Mexticacán"
633,-21.2624465280858,-49.5761440174417,10.6920487728429,0.559156863750686,"sintetico_postestratificado",FALSE,0.346532398469827,"sintetico_postestratificado",FALSE,FALSE,FALSE,"14","059","Mazamitla"
634,-23.8001006718463,-50.1331842827789,4.50826114557135,0.605446827833215,"muestra_directa",TRUE,0.367445821114751,"muestra_directa",TRUE,TRUE,TRUE,"14","058","Mascota"
635,-23.230277038207,-50.8582212100033,5.35433649234041,0.559648045211285,"sintetico_postestratificado",FALSE,0.327345274829215,"sintetico_postestratificado",FALSE,FALSE,FALSE,"14","057","La Manzanilla de la Paz"
636,-25.4078862677797,-53.747559920374,3.86855804024663,0.606329074296124,"sintetico_postestratificado",FALSE,0.352250211618327,"sintetico_postestratificado",FALSE,FALSE,FALSE,"14","056","Santa María del Oro"
637,-23.6211536111498,-51.9315561916282,6.43234788055221,0.583491449849568,"sintetico_postestratificado",FALSE,0.347279913738071,"sintetico_postestratificado",FALSE,FALSE,FALSE,"14","054","El Limón"
638,-24.0565367699042,-51.9353915737251,6.33696042739262,0.562778148639214,"sintetico_postestratificado",FALSE,0.322212780940172,"sintetico_postestratificado",FALSE,FALSE,FALSE,"14","085","Tamazula de Gordiano"
639,-24.375264823447,-53.9720296240543,7.41070186555074,0.580258342738693,"sintetico_postestratificado",FALSE,0.336505694504224,"sintetico_postestratificado",FALSE,FALSE,FALSE,"14","084","Talpa de Allende"
640,-21.4584096868241,-43.4490616036563,1.91880183231743,0.463602227386554,"muestra_directa",TRUE,0.249018130518313,"muestra_directa",FALSE,TRUE,TRUE,"14","053","Lagos de Moreno"
641,-25.104977733046,-53.8563358303646,8.24844151876847,0.578549795015497,"sintetico_postestratificado",FALSE,0.327500017685037,"sintetico_postestratificado",FALSE,FALSE,FALSE,"14","052","Juchitlán"
642,-24.2063597652362,-51.508328626981,6.82363636950892,0.54576665160415,"sintetico_postestratificado",FALSE,0.303703053951788,"sintetico_postestratificado",FALSE,FALSE,FALSE,"14","050","Jocotepec"
643,-23.5897618045967,-52.0845622946303,6.44011455284766,0.588483570333262,"sintetico_postestratificado",FALSE,0.352585952287296,"sintetico_postestratificado",FALSE,FALSE,FALSE,"14","031","Chimaltitán"
644,-23.5794449344334,-52.6964114505667,5.02913575077533,0.530954369877313,"sintetico_postestratificado",FALSE,0.295159920532979,"sintetico_postestratificado",FALSE,FALSE,FALSE,"14","049","Jilotlán de los Dolores"
645,-22.830498517837,-49.2182476061923,8.80071948384762,0.612005674230375,"sintetico_postestratificado",FALSE,0.383700689052006,"sintetico_postestratificado",FALSE,FALSE,FALSE,"14","048","Jesús María"
646,-23.314190496662,-51.3508136159069,6.37001687995579,0.575605467423221,"sintetico_postestratificado",FALSE,0.3424635624566,"sintetico_postestratificado",FALSE,FALSE,FALSE,"14","047","Jamay"
647,-22.1513944644818,-46.3020517798203,3.69065332778969,0.547255676562972,"muestra_directa",TRUE,0.325741731918154,"muestra_directa",FALSE,TRUE,TRUE,"14","046","Jalostotitlán"
648,-23.1787329344917,-50.9941548024079,5.77692287636648,0.545284751856819,"sintetico_postestratificado",FALSE,0.313497422511903,"sintetico_postestratificado",FALSE,FALSE,FALSE,"14","045","Ixtlahuacán del Río"
649,-23.0846217306849,-52.0772175601605,9.7899062392511,0.557726378950027,"sintetico_postestratificado",FALSE,0.326880161643178,"sintetico_postestratificado",FALSE,FALSE,FALSE,"14","042","Huejuquilla el Alto"
650,-23.228520678881,-50.3054487272367,7.5299998933774,0.601093996927656,"sintetico_postestratificado",FALSE,0.368808790138846,"sintetico_postestratificado",FALSE,FALSE,FALSE,"14","041","Huejúcar"
651,-25.376405611079,-51.6948344659462,3.15047592099836,0.583315234672516,"sintetico_postestratificado",FALSE,0.329551178561726,"sintetico_postestratificado",FALSE,FALSE,FALSE,"14","040","Hostotipaquillo"
652,-23.3873451551593,-49.9868525455626,5.4523917021129,0.549076800093653,"sintetico_postestratificado",FALSE,0.31520334854206,"sintetico_postestratificado",FALSE,FALSE,FALSE,"14","038","Guachinango"
653,-23.9427230848827,-52.7208042584437,5.73748940028177,0.555088601327121,"sintetico_postestratificado",FALSE,0.315661370478293,"sintetico_postestratificado",FALSE,FALSE,FALSE,"14","037","El Grullo"
654,-23.1813358969972,-54.1437156206029,9.83970426959315,0.542451250715102,"sintetico_postestratificado",FALSE,0.31063789174513,"sintetico_postestratificado",FALSE,FALSE,FALSE,"14","036","Etzatlán"
655,-22.6397595761488,-49.8574779542565,7.92639523146627,0.560800269932911,"sintetico_postestratificado",FALSE,0.334402674171424,"sintetico_postestratificado",FALSE,FALSE,FALSE,"14","035","Encarnación de Díaz"
656,-23.230399088591,-51.197296249898,8.68259232804622,0.576576734063933,"sintetico_postestratificado",FALSE,0.344272743178023,"sintetico_postestratificado",FALSE,FALSE,FALSE,"14","034","Ejutla"
657,-24.0569845913673,-52.1200543500707,6.86277578280638,0.5840814418938,"sintetico_postestratificado",FALSE,0.343511595980127,"sintetico_postestratificado",FALSE,FALSE,FALSE,"14","033","Degollado"
658,-25.7225767647468,-54.1452482473452,5.50314731086468,0.552286565834046,"sintetico_postestratificado",FALSE,0.295060798186578,"sintetico_postestratificado",FALSE,FALSE,FALSE,"14","010","Atemajac de Brizuela"
659,-21.2422878947264,-48.3942435677723,7.2484452876488,0.514671173723134,"sintetico_postestratificado",FALSE,0.30224829477587,"sintetico_postestratificado",FALSE,FALSE,FALSE,"14","013","Atotonilco el Alto"
660,-21.2167448852316,-50.3393455190007,9.9891704421769,0.526400309218358,"sintetico_postestratificado",FALSE,0.314232860366042,"sintetico_postestratificado",FALSE,FALSE,FALSE,"14","089","Techaluta de Montenegro"
661,-22.7012300545454,-50.3643836944866,7.93112986937118,0.565334239670632,"sintetico_postestratificado",FALSE,0.338321939125179,"sintetico_postestratificado",FALSE,FALSE,FALSE,"14","026","Concepción de Buenos Aires"
662,-26.7005108466745,-53.9850971896848,3.31248083934368,0.567068323268721,"muestra_directa",TRUE,0.300063214801976,"muestra_directa",TRUE,TRUE,TRUE,"14","083","Tala"
663,-25.1323331484468,-54.7628592076171,9.54615113945421,0.59028712339459,"sintetico_postestratificado",FALSE,0.338963791910122,"sintetico_postestratificado",FALSE,FALSE,FALSE,"14","082","Sayula"
664,-24.2561959483483,-51.4239973134667,7.15077185765585,0.555361521188639,"sintetico_postestratificado",FALSE,0.312799561705156,"sintetico_postestratificado",FALSE,FALSE,FALSE,"14","081","Santa María de los Ángeles"
665,-23.9176361482786,-52.1592656913898,6.46788653987147,0.604223737024544,"sintetico_postestratificado",FALSE,0.365047375541758,"sintetico_postestratificado",FALSE,FALSE,FALSE,"14","009","El Arenal"
666,-18.5311593819126,-39.2648236817469,1.07015659885684,0.443384780852153,"muestra_directa",FALSE,0.258073187033027,"muestra_directa",FALSE,TRUE,FALSE,"14","008","Arandas"
667,-23.9200689834249,-49.9789954960102,5.50911502042636,0.564007851222555,"sintetico_postestratificado",FALSE,0.324807161388306,"sintetico_postestratificado",FALSE,FALSE,FALSE,"14","007","San Juanito de Escobedo"
668,-23.5239989980756,-51.5043157345075,10.1523146898314,0.568383183695037,"sintetico_postestratificado",FALSE,0.333143193714281,"sintetico_postestratificado",FALSE,FALSE,FALSE,"14","006","Ameca"
669,-23.5694240806483,-52.0084042021223,6.76682411352366,0.575587284179148,"sintetico_postestratificado",FALSE,0.339893043372665,"sintetico_postestratificado",FALSE,FALSE,FALSE,"14","004","Amacueca"
670,-23.7348462514625,-51.3792119574012,8.01881294655881,0.556189191240489,"sintetico_postestratificado",FALSE,0.318840728725864,"sintetico_postestratificado",FALSE,FALSE,FALSE,"14","001","Acatic"
671,-17.5839556617375,-39.8788275775903,4.75853705138028,0.457173045893629,"muestra_directa",FALSE,0.281333489276255,"muestra_directa",FALSE,TRUE,FALSE,"15","021","Coatepec Harinas"
672,-26.2592905438596,-56.0676480373591,4.56203749589881,0.600171957278401,"sintetico_postestratificado",FALSE,0.337579051839805,"sintetico_postestratificado",FALSE,FALSE,FALSE,"15","011","Atenco"
673,-23.3495210469588,-53.8109739274921,7.76601830943959,0.583502454864827,"sintetico_postestratificado",FALSE,0.350007244395238,"sintetico_postestratificado",FALSE,FALSE,FALSE,"15","004","Almoloya de Alquisiras"
674,-24.354067664305,-52.0228243611398,6.61305869730397,0.597527255389904,"sintetico_postestratificado",FALSE,0.353986578746854,"sintetico_postestratificado",FALSE,FALSE,FALSE,"15","002","Acolman"
675,-23.2828789214175,-52.7943960219349,6.97388831391688,0.592726074639656,"sintetico_postestratificado",FALSE,0.359897285425481,"sintetico_postestratificado",FALSE,FALSE,FALSE,"15","034","Ecatzingo"
676,-22.8992639603482,-52.077050861304,12.0978013003169,0.613203325184871,"sintetico_postestratificado",FALSE,0.384210685581389,"sintetico_postestratificado",FALSE,FALSE,FALSE,"15","030","Chiconcuac"
677,-25.4705148133269,-50.4023495232012,0.956121404353063,0.556172831477648,"muestra_directa",TRUE,0.301467683344379,"muestra_directa",TRUE,TRUE,TRUE,"15","068","Ozumba"
678,-22.7093520257153,-48.1136540011943,2.56726914372649,0.550391973259406,"muestra_directa",TRUE,0.323298453002253,"muestra_directa",TRUE,TRUE,TRUE,"15","082","Tejupilco"
679,-23.7525712666164,-52.8602201623459,9.70706764024773,0.595458809722294,"sintetico_postestratificado",FALSE,0.35793309705613,"sintetico_postestratificado",FALSE,FALSE,FALSE,"15","028","Chiautla"
680,-23.5630744966908,-52.964324563326,8.10657788907446,0.584710047213414,"sintetico_postestratificado",FALSE,0.349079302246505,"sintetico_postestratificado",FALSE,FALSE,FALSE,"15","019","Capulhuac"
681,-26.455011410161,-46.6648455934792,-5.67238370060405,0.70327011694427,"muestra_directa",FALSE,0.43872000284266,"muestra_directa",FALSE,TRUE,FALSE,"15","118","Zinacantepec"
682,-21.5995624703663,-49.4925918589396,9.34609855288286,0.631899246920083,"muestra_directa",TRUE,0.415903622216419,"muestra_directa",TRUE,TRUE,TRUE,"15","094","Tepetlixpa"
683,-22.8165857068155,-46.5989169721804,2.27797084369049,0.670180634983356,"muestra_directa",TRUE,0.4420147779152,"muestra_directa",TRUE,TRUE,TRUE,"15","074","San Felipe del Progreso"
684,-24.4241608615389,-51.865473488954,6.78544835563858,0.599989748073116,"sintetico_postestratificado",FALSE,0.355748139457727,"sintetico_postestratificado",FALSE,FALSE,FALSE,"15","036","Hueypoxtla"
685,-21.8772028708027,-51.294378590699,9.07447383045044,0.572598065039821,"sintetico_postestratificado",FALSE,0.353826036331794,"sintetico_postestratificado",FALSE,FALSE,FALSE,"15","041","Ixtapan del Oro"
686,-23.0458537070566,-52.3879179382231,7.29241443746757,0.601796164272241,"sintetico_postestratificado",FALSE,0.371337627201675,"sintetico_postestratificado",FALSE,FALSE,FALSE,"15","085","Temascalcingo"
687,-23.1299124457045,-51.7784474528525,8.71321274934317,0.579675115007175,"sintetico_postestratificado",FALSE,0.348375990550129,"sintetico_postestratificado",FALSE,FALSE,FALSE,"15","096","Tequixquiac"
688,-26.6812994032117,-47.0689311204898,-3.63189490588477,0.611651929888672,"muestra_directa",FALSE,0.344838935856555,"muestra_directa",FALSE,TRUE,FALSE,"15","104","Tlalnepantla de Baz"
689,-23.7972925432544,-53.5096048516871,8.29745184448897,0.598836593121108,"sintetico_postestratificado",FALSE,0.360863667688564,"sintetico_postestratificado",FALSE,FALSE,FALSE,"15","076","San Mateo Atenco"
690,-23.6727268044761,-52.4605867183534,7.4742975763396,0.603977673013217,"sintetico_postestratificado",FALSE,0.367250404968456,"sintetico_postestratificado",FALSE,FALSE,FALSE,"15","010","Apaxco"
691,-22.2128937767571,-52.4858043203107,10.3412379808875,0.605885851955508,"sintetico_postestratificado",FALSE,0.383756914187937,"sintetico_postestratificado",FALSE,FALSE,FALSE,"15","023","Coyotepec"
692,-34.9764150698897,-53.6521958761978,-12.2694886003378,0.71850900342264,"muestra_directa",FALSE,0.368744852723743,"muestra_directa",FALSE,TRUE,FALSE,"15","025","Chalco"
693,-25.4115630610446,-52.6445618497585,4.27205646151659,0.585080444733849,"sintetico_postestratificado",FALSE,0.330964814123402,"sintetico_postestratificado",FALSE,FALSE,FALSE,"15","103","Tlalmanalco"
694,-21.2787587688649,-43.1190175609706,4.8245201878827,0.686753069816078,"muestra_directa",TRUE,0.473965482127429,"muestra_directa",FALSE,TRUE,TRUE,"15","100","Tezoyuca"
695,-24.1080744134476,-49.2735792340043,3.80227811393786,0.594631614745753,"muestra_directa",TRUE,0.353550870611277,"muestra_directa",TRUE,TRUE,TRUE,"15","040","Ixtapan de la Sal"
696,-22.2232287679727,-49.9317193435979,8.89451841359683,0.579569617738824,"sintetico_postestratificado",FALSE,0.357337330059098,"sintetico_postestratificado",FALSE,FALSE,FALSE,"15","107","Tonatico"
697,-23.1258547053976,-51.8014174972634,6.47184323638438,0.584017119547337,"sintetico_postestratificado",FALSE,0.35275857249336,"sintetico_postestratificado",FALSE,FALSE,FALSE,"15","052","Malinalco"
698,-25.334920837041,-42.957244595135,-8.40350547058549,0.574636588916645,"muestra_directa",FALSE,0.321287380546235,"muestra_directa",FALSE,TRUE,FALSE,"15","109","Tultitlán"
699,-22.6137351425834,-46.2303074633361,1.75777559372902,0.552408740094966,"muestra_directa",TRUE,0.326271388669132,"muestra_directa",FALSE,TRUE,TRUE,"15","012","Atizapán"
700,-23.6871463462768,-52.6283232951793,7.87879184686615,0.607952168251049,"sintetico_postestratificado",FALSE,0.371080704788281,"sintetico_postestratificado",FALSE,FALSE,FALSE,"15","014","Atlacomulco"
701,-22.5881477899972,-50.3552708377821,7.53688076716412,0.549608892746636,"sintetico_postestratificado",FALSE,0.323727414846664,"sintetico_postestratificado",FALSE,FALSE,FALSE,"15","003","Aculco"
702,-24.126235672301,-52.0360119965923,6.60018397808524,0.606533110265644,"sintetico_postestratificado",FALSE,0.365270753542635,"sintetico_postestratificado",FALSE,FALSE,FALSE,"15","015","Atlautla"
703,-24.5153775606612,-52.9250923696482,6.53680981815209,0.591967015962867,"sintetico_postestratificado",FALSE,0.346813240356255,"sintetico_postestratificado",FALSE,FALSE,FALSE,"15","016","Axapusco"
704,-25.8001801985849,-52.5140161564777,4.14073452084199,0.57781203718318,"sintetico_postestratificado",FALSE,0.319810235197331,"sintetico_postestratificado",FALSE,FALSE,FALSE,"15","005","Almoloya de Juárez"
705,-20.0726662569315,-43.4399034979265,4.91423475229129,0.59961568955659,"muestra_directa",TRUE,0.398889026987275,"muestra_directa",TRUE,TRUE,TRUE,"15","024","Cuautitlán"
706,-26.2001213293321,-54.2217848994078,4.88076949326019,0.588814454881719,"sintetico_postestratificado",FALSE,0.326813241588398,"sintetico_postestratificado",FALSE,FALSE,FALSE,"15","008","Amatepec"
707,-30.5374050254006,-53.9585099471136,-4.68882626253893,0.56184808074502,"muestra_directa",TRUE,0.256474030491014,"muestra_directa",FALSE,TRUE,TRUE,"15","007","Amanalco"
708,-24.6634900303813,-49.8804816983754,3.7953596493735,0.642370524606147,"muestra_directa",TRUE,0.395735624302334,"muestra_directa",TRUE,TRUE,TRUE,"15","120","Zumpango"
709,-26.2960364856889,-52.346543545739,2.18900278229526,0.61267969103876,"muestra_directa",TRUE,0.349719326181872,"muestra_directa",TRUE,TRUE,TRUE,"15","042","Ixtlahuaca"
710,-21.3901500656631,-45.6231052069002,3.07829821705373,0.491650860963157,"muestra_directa",TRUE,0.277749360306527,"muestra_directa",FALSE,TRUE,TRUE,"15","084","Temascalapa"
711,-25.5640235746448,-53.6407868426022,3.26599200424306,0.565633876379608,"sintetico_postestratificado",FALSE,0.30999364063316,"sintetico_postestratificado",FALSE,FALSE,FALSE,"15","047","Jiquipilco"
712,-25.0205361371466,-53.0614603674175,4.47139724383153,0.593558079852483,"sintetico_postestratificado",FALSE,0.343352718481017,"sintetico_postestratificado",FALSE,FALSE,FALSE,"15","022","Cocotitlán"
713,-22.8549067962322,-48.8817279331806,4.65452555863194,0.532815422520807,"muestra_directa",TRUE,0.304266354558485,"muestra_directa",TRUE,TRUE,TRUE,"15","020","Coacalco de Berriozábal"
714,-25.0645554748311,-51.9205255645434,2.08804439974016,0.582805635978589,"sintetico_postestratificado",FALSE,0.332160081230278,"sintetico_postestratificado",FALSE,FALSE,FALSE,"15","062","Ocoyoacac"
715,-26.4262215578201,-53.6299176758016,3.1786700686781,0.579044675508568,"sintetico_postestratificado",FALSE,0.314782459930368,"sintetico_postestratificado",FALSE,FALSE,FALSE,"15","050","Juchitepec"
716,-24.8961243877761,-54.8021578319134,7.73621957730157,0.577534238404251,"sintetico_postestratificado",FALSE,0.32857299452649,"sintetico_postestratificado",FALSE,FALSE,FALSE,"15","061","Nopaltepec"
717,-24.9674096977986,-53.8581726888561,5.17009008405498,0.577077524526562,"sintetico_postestratificado",FALSE,0.327403427548576,"sintetico_postestratificado",FALSE,FALSE,FALSE,"15","101","Tianguistenco"
718,-27.3165238713206,-51.6036449642312,-3.70747271980475,0.687004498918792,"muestra_directa",TRUE,0.413839260205586,"muestra_directa",FALSE,TRUE,TRUE,"15","057","Naucalpan de Juárez"
719,-24.621076078101,-46.9259674129817,0.208864040596497,0.619033851980323,"muestra_directa",FALSE,0.372823091199313,"muestra_directa",FALSE,TRUE,FALSE,"15","105","Tlatlaya"
720,-19.8248273803293,-38.6455179700972,-0.367860623712206,0.594829002469338,"muestra_directa",FALSE,0.396580728666044,"muestra_directa",FALSE,TRUE,FALSE,"15","106","Toluca"
721,-24.1033739170126,-51.7779425861956,6.65627906010528,0.588945124636553,"sintetico_postestratificado",FALSE,0.347911385466427,"sintetico_postestratificado",FALSE,FALSE,FALSE,"15","116","Zacazonapan"
722,-23.234414920639,-51.9147135711055,5.14587221233048,0.57661884896067,"sintetico_postestratificado",FALSE,0.344274699754279,"sintetico_postestratificado",FALSE,FALSE,FALSE,"15","097","Texcaltitlán"
723,-24.1906574118153,-52.8709625954281,3.63754215687169,0.580042908862755,"sintetico_postestratificado",FALSE,0.338136334744602,"sintetico_postestratificado",FALSE,FALSE,FALSE,"15","079","Soyaniquilpan de Juárez"
724,-18.7436597932322,-41.9491441527724,2.03762985660661,0.438129035874782,"muestra_directa",TRUE,0.25069243794246,"muestra_directa",FALSE,TRUE,TRUE,"15","119","Zumpahuacán"
725,-23.3483866986291,-47.2538812408634,3.24770601222801,0.613791509066832,"muestra_directa",TRUE,0.380307642080542,"muestra_directa",TRUE,TRUE,TRUE,"15","081","Tecámac"
726,-21.8518640211159,-48.1864325569622,5.5447003772496,0.567884169024789,"muestra_directa",TRUE,0.34936552881363,"muestra_directa",TRUE,TRUE,TRUE,"15","035","Huehuetoca"
727,-24.7429369152972,-53.7153838711154,6.80067070508344,0.563559423135027,"sintetico_postestratificado",FALSE,0.316130053982054,"sintetico_postestratificado",FALSE,FALSE,FALSE,"15","064","El Oro"
728,-25.6682400748357,-52.9158493593465,7.53231138323799,0.612236375319877,"sintetico_postestratificado",FALSE,0.355553974571521,"sintetico_postestratificado",FALSE,FALSE,FALSE,"15","083","Temamatla"
729,-24.1698387127741,-52.151468366126,6.77659300883059,0.620581460277221,"sintetico_postestratificado",FALSE,0.37888307314948,"sintetico_postestratificado",FALSE,FALSE,FALSE,"15","102","Timilpan"
730,-24.2135573832063,-52.6631766284442,7.72275740327213,0.607906019846066,"sintetico_postestratificado",FALSE,0.365770446014003,"sintetico_postestratificado",FALSE,FALSE,FALSE,"15","087","Temoaya"
731,-24.0669693508149,-52.5560510666271,5.3033542096915,0.558652434582846,"sintetico_postestratificado",FALSE,0.317982741074697,"sintetico_postestratificado",FALSE,FALSE,FALSE,"15","066","Otzoloapan"
732,-23.1591187471915,-51.0285365413644,8.02090878078997,0.577424303620483,"sintetico_postestratificado",FALSE,0.345833116148568,"sintetico_postestratificado",FALSE,FALSE,FALSE,"15","108","Tultepec"
733,-25.4237219586046,-54.5936286522145,5.22780017460659,0.575820454685573,"sintetico_postestratificado",FALSE,0.321583235099526,"sintetico_postestratificado",FALSE,FALSE,FALSE,"15","089","Tenango del Aire"
734,-27.5301495959653,-51.4091459150326,-2.21551971873267,0.611325838544967,"muestra_directa",TRUE,0.336024342585314,"muestra_directa",TRUE,TRUE,TRUE,"15","051","Lerma"
735,-25.0427832322221,-52.7412240628045,5.12888226424826,0.582732679288283,"sintetico_postestratificado",FALSE,0.332304846966062,"sintetico_postestratificado",FALSE,FALSE,FALSE,"15","046","Jilotzingo"
736,-24.0502690346331,-43.1000386526107,-4.90321359674943,0.55515103453811,"muestra_directa",FALSE,0.314648344191779,"muestra_directa",FALSE,TRUE,FALSE,"15","037","Huixquilucan"
737,-25.6898181615389,-53.6830921349361,5.37203953420871,0.627424640736542,"sintetico_postestratificado",FALSE,0.370526459121153,"sintetico_postestratificado",FALSE,FALSE,FALSE,"15","038","Isidro Fabela"
738,-28.0403883470302,-47.9557076236143,-6.41791332403798,0.613799917909024,"muestra_directa",FALSE,0.333396034438723,"muestra_directa",FALSE,TRUE,FALSE,"15","039","Ixtapaluca"
739,-22.6340844901141,-51.9010328814955,10.0652049514247,0.588763209951068,"sintetico_postestratificado",FALSE,0.362422365049928,"sintetico_postestratificado",FALSE,FALSE,FALSE,"15","017","Ayapango"
740,-24.5776425861351,-54.9425730073452,7.85596833809539,0.566309192641873,"sintetico_postestratificado",FALSE,0.320532766780522,"sintetico_postestratificado",FALSE,FALSE,FALSE,"15","069","Papalotla"
741,-23.4334763132538,-51.7390589408564,6.45326900296122,0.578029306362612,"sintetico_postestratificado",FALSE,0.343694543230074,"sintetico_postestratificado",FALSE,FALSE,FALSE,"15","065","Otumba"
742,-24.8354118441222,-52.6849585681355,5.51021080555771,0.5942547671215,"sintetico_postestratificado",FALSE,0.345900648680277,"sintetico_postestratificado",FALSE,FALSE,FALSE,"15","048","Jocotitlán"
743,-32.898786572089,-51.8915379310623,-11.2543803562895,0.650344895582415,"muestra_directa",FALSE,0.321357029861525,"muestra_directa",FALSE,TRUE,FALSE,"15","121","Cuautitlán Izcalli"
744,-22.6845893167601,-52.2409486809746,9.42249543761627,0.569693265859659,"sintetico_postestratificado",FALSE,0.342847372692058,"sintetico_postestratificado",FALSE,FALSE,FALSE,"15","080","Sultepec"
745,-21.414993215178,-50.3370465974955,11.0055069242507,0.53721928403919,"sintetico_postestratificado",FALSE,0.32306935188741,"sintetico_postestratificado",FALSE,FALSE,FALSE,"15","071","Polotitlán"
746,-22.4955688127101,-50.3650777186676,8.94809049235925,0.571974305345074,"sintetico_postestratificado",FALSE,0.347018617217973,"sintetico_postestratificado",FALSE,FALSE,FALSE,"15","075","San Martín de las Pirámides"
747,-24.0678187422493,-50.1348127081897,5.87726186600889,0.555195344289867,"sintetico_postestratificado",FALSE,0.314517156867375,"sintetico_postestratificado",FALSE,FALSE,FALSE,"15","072","Rayón"
748,-23.8731031424784,-51.7207487228753,7.03480339449361,0.596510815011901,"sintetico_postestratificado",FALSE,0.357779783587117,"sintetico_postestratificado",FALSE,FALSE,FALSE,"15","056","Morelos"
749,-20.5026326403152,-45.9072894990523,7.52335256915942,0.569790707781883,"muestra_directa",TRUE,0.364764381378731,"muestra_directa",TRUE,TRUE,TRUE,"15","067","Otzolotepec"
750,-27.5341699147349,-52.4461588312075,0.219834285882326,0.660204637368989,"muestra_directa",TRUE,0.38486293822164,"muestra_directa",TRUE,TRUE,TRUE,"15","088","Tenancingo"
751,-35.9370670883416,-55.8353230139544,-12.9520347089519,0.72534459189671,"muestra_directa",TRUE,0.365973921013294,"muestra_directa",FALSE,TRUE,TRUE,"15","070","La Paz"
752,-23.9052966538482,-53.2272113059706,7.01725030349257,0.592725486847464,"sintetico_postestratificado",FALSE,0.353672520308982,"sintetico_postestratificado",FALSE,FALSE,FALSE,"15","078","Santo Tomás"
753,-23.6166644195186,-54.2164509745799,10.3681335398185,0.601709058082679,"sintetico_postestratificado",FALSE,0.365542413887493,"sintetico_postestratificado",FALSE,FALSE,FALSE,"15","111","Villa de Allende"
754,-23.3113883685759,-53.0046795097728,9.94518230327903,0.586663949018201,"sintetico_postestratificado",FALSE,0.353550065332441,"sintetico_postestratificado",FALSE,FALSE,FALSE,"15","112","Villa del Carbón"
755,-24.5616652009643,-53.4608666531601,5.25169839232972,0.562386286573013,"sintetico_postestratificado",FALSE,0.31676963456337,"sintetico_postestratificado",FALSE,FALSE,FALSE,"15","091","Teoloyucan"
756,-24.9910178437834,-54.3371156297783,6.54316780997803,0.592468320153716,"sintetico_postestratificado",FALSE,0.342558141715882,"sintetico_postestratificado",FALSE,FALSE,FALSE,"15","113","Villa Guerrero"
757,-25.9653128538944,-53.5561892932304,5.03287491088124,0.573291166810809,"sintetico_postestratificado",FALSE,0.313638038271865,"sintetico_postestratificado",FALSE,FALSE,FALSE,"15","006","Almoloya del Río"
758,-24.6606609680162,-52.8829840881059,6.12305321046731,0.577352814920357,"sintetico_postestratificado",FALSE,0.330746205240195,"sintetico_postestratificado",FALSE,FALSE,FALSE,"15","123","Luvianos"
759,-27.8302024843215,-54.336546967,-0.56765934729044,0.653112191673816,"muestra_directa",TRUE,0.374810166830601,"muestra_directa",TRUE,TRUE,TRUE,"15","099","Texcoco"
760,-24.3144102815165,-44.9502178553,-2.12765816614799,0.6314214134243,"muestra_directa",FALSE,0.388277310609136,"muestra_directa",FALSE,TRUE,FALSE,"15","060","Nicolás Romero"
761,-26.3611941692083,-48.4515863086781,-4.01160110077165,0.551305797486293,"muestra_directa",FALSE,0.28769385579421,"muestra_directa",FALSE,TRUE,FALSE,"15","122","Valle de Chalco Solidaridad"
762,-24.6588191794009,-52.9586501730525,4.76850495158618,0.588653785370006,"sintetico_postestratificado",FALSE,0.342065593575997,"sintetico_postestratificado",FALSE,FALSE,FALSE,"15","044","Jaltenco"
763,-24.4997978627956,-51.9024565941552,6.11940843932932,0.592503610879126,"sintetico_postestratificado",FALSE,0.347505632251169,"sintetico_postestratificado",FALSE,FALSE,FALSE,"15","110","Valle de Bravo"
764,-24.8656900032313,-52.6210880737795,9.97987487397533,0.613977224506257,"sintetico_postestratificado",FALSE,0.365320324473944,"sintetico_postestratificado",FALSE,FALSE,FALSE,"15","045","Jilotepec"
765,-24.2608787646365,-53.5260180465963,5.03150372602966,0.556977611988616,"sintetico_postestratificado",FALSE,0.314368824342251,"sintetico_postestratificado",FALSE,FALSE,FALSE,"15","098","Texcalyacac"
766,-21.7442835138968,-46.1265800175027,5.45876860225624,0.531834915962122,"muestra_directa",TRUE,0.314392080823154,"muestra_directa",TRUE,TRUE,TRUE,"15","115","Xonacatlán"
767,-26.1526791068415,-53.7950403649984,4.4589088597334,0.596895116068162,"sintetico_postestratificado",FALSE,0.335368324999747,"sintetico_postestratificado",FALSE,FALSE,FALSE,"15","117","Zacualpan"
768,-25.5866345749636,-53.153314194873,4.11932164484042,0.574634287939761,"sintetico_postestratificado",FALSE,0.318767942190125,"sintetico_postestratificado",FALSE,FALSE,FALSE,"15","124","San José del Rincón"
769,-25.9709285680558,-54.6192898097372,4.12171456559548,0.59630655385797,"sintetico_postestratificado",FALSE,0.336597268177413,"sintetico_postestratificado",FALSE,FALSE,FALSE,"15","029","Chicoloapan"
770,-38.2377229057702,-54.4544191742886,-20.3389283318271,0.766896832942634,"muestra_directa",FALSE,0.384519603884933,"muestra_directa",FALSE,TRUE,FALSE,"15","058","Nezahualcóyotl"
771,-22.1248554842593,-46.1823755557812,2.55976301339304,0.608047382581725,"muestra_directa",TRUE,0.386798827739132,"muestra_directa",FALSE,TRUE,TRUE,"15","092","Teotihuacán"
772,-22.3220698740808,-49.9175688920736,8.77259234016519,0.546994146364281,"sintetico_postestratificado",FALSE,0.323773447623473,"sintetico_postestratificado",FALSE,FALSE,FALSE,"15","077","San Simón de Guerrero"
773,-22.0351227935919,-52.1140094970155,9.8715041961635,0.556888394397028,"sintetico_postestratificado",FALSE,0.336537166461109,"sintetico_postestratificado",FALSE,FALSE,FALSE,"15","055","Mexicaltzingo"
774,-20.4083769945828,-43.2392062308993,3.29847406786816,0.60961505576744,"muestra_directa",FALSE,0.405531285821612,"muestra_directa",FALSE,TRUE,FALSE,"15","054","Metepec"
775,-23.9295485045698,-50.7612999914635,4.9673494859366,0.606419059978494,"sintetico_postestratificado",FALSE,0.367123574932796,"sintetico_postestratificado",FALSE,FALSE,FALSE,"15","049","Joquicingo"
776,-17.4040188719511,-40.9883046614583,5.5441060628477,0.414148277309808,"muestra_directa",TRUE,0.240108088590297,"muestra_directa",FALSE,TRUE,TRUE,"15","026","Chapa de Mota"
777,-20.5112574120642,-44.5878932107713,6.05083492380054,0.626536978718748,"muestra_directa",TRUE,0.421424404598107,"muestra_directa",FALSE,TRUE,TRUE,"15","001","Acambay de Ruíz Castañeda"
778,-17.3548749460721,-42.8826051144529,11.1378488168008,0.652278350532835,"muestra_directa",TRUE,0.478729601072114,"muestra_directa",TRUE,TRUE,TRUE,"15","059","Nextlalpan"
779,-23.9426644252429,-52.7381416777743,7.22227070823072,0.569050055251883,"sintetico_postestratificado",FALSE,0.329623410999454,"sintetico_postestratificado",FALSE,FALSE,FALSE,"15","086","Temascaltepec"
780,-22.6011418056064,-50.4527244065279,9.1141771460213,0.587604013439068,"sintetico_postestratificado",FALSE,0.361592595383003,"sintetico_postestratificado",FALSE,FALSE,FALSE,"15","053","Melchor Ocampo"
781,-24.3765435420663,-52.0960418250125,5.22414652783572,0.607445348200782,"sintetico_postestratificado",FALSE,0.363679912780119,"sintetico_postestratificado",FALSE,FALSE,FALSE,"15","090","Tenango del Valle"
782,-24.1806535270946,-52.4259815988722,7.5463221100204,0.611894442276206,"sintetico_postestratificado",FALSE,0.37008790700526,"sintetico_postestratificado",FALSE,FALSE,FALSE,"15","032","Donato Guerra"
783,-25.3846229051669,-52.3796164476332,4.96717490742348,0.582253277549176,"sintetico_postestratificado",FALSE,0.328407048497507,"sintetico_postestratificado",FALSE,FALSE,FALSE,"15","125","Tonanitla"
784,-23.9145364037753,-50.8478633544253,4.06525231174504,0.569160733491685,"sintetico_postestratificado",FALSE,0.330015369453932,"sintetico_postestratificado",FALSE,FALSE,FALSE,"15","114","Villa Victoria"
785,-23.7617373580733,-52.9227962180252,6.80884778258152,0.545275186450076,"sintetico_postestratificado",FALSE,0.307657812869344,"sintetico_postestratificado",FALSE,FALSE,FALSE,"15","093","Tepetlaoxtoc"
786,-23.7395097514066,-52.72396987725,7.32016122387337,0.559382589295735,"sintetico_postestratificado",FALSE,0.321987491781669,"sintetico_postestratificado",FALSE,FALSE,FALSE,"15","063","Ocuilan"
787,-24.8126170523205,-53.3346881594891,3.20462016502834,0.567214018460602,"sintetico_postestratificado",FALSE,0.319087847937398,"sintetico_postestratificado",FALSE,FALSE,FALSE,"15","073","San Antonio la Isla"
788,-21.0296980547073,-35.3169822881405,-6.55175647979596,0.645631363060265,"muestra_directa",FALSE,0.435334382513192,"muestra_directa",FALSE,TRUE,FALSE,"15","033","Ecatepec de Morelos"
789,-28.6593630268355,-50.4409138973443,-6.41278438331593,0.683242099103139,"muestra_directa",FALSE,0.396648468834784,"muestra_directa",FALSE,TRUE,FALSE,"15","013","Atizapán de Zaragoza"
790,-22.5339620147937,-51.1496991678253,8.39107723112325,0.614823295092347,"sintetico_postestratificado",FALSE,0.389483674944411,"sintetico_postestratificado",FALSE,FALSE,FALSE,"15","027","Chapultepec"
791,-23.314195821921,-50.5129766098567,8.17294252738116,0.58477087171274,"sintetico_postestratificado",FALSE,0.351628913493529,"sintetico_postestratificado",FALSE,FALSE,FALSE,"15","018","Calimaya"
792,-29.5150031651969,-51.6742680036651,-5.87493461199879,0.683110151923841,"muestra_directa",TRUE,0.387960120271872,"muestra_directa",FALSE,TRUE,TRUE,"15","009","Amecameca"
793,-27.9218499422296,-48.944432332293,-5.29303526525481,0.555600841561268,"muestra_directa",FALSE,0.276382342138972,"muestra_directa",FALSE,TRUE,FALSE,"15","031","Chimalhuacán"
794,-23.4211193701894,-52.9010951005909,8.420208400994,0.545059651830367,"sintetico_postestratificado",FALSE,0.310848458128473,"sintetico_postestratificado",FALSE,FALSE,FALSE,"15","043","Xalatlaco"
795,-23.8387876445588,-50.1054903097618,5.47049744681542,0.580939337831453,"muestra_directa",TRUE,0.342551461385865,"muestra_directa",TRUE,TRUE,TRUE,"15","095","Tepotzotlán"
796,-21.9842569451215,-53.1915569424725,9.08654383460552,0.55424666294345,"sintetico_postestratificado",FALSE,0.334404093492235,"sintetico_postestratificado",FALSE,FALSE,FALSE,"16","074","Cojumatlán de Régules"
797,-22.7447890889356,-52.4715531064534,9.55465538060757,0.598220681309007,"sintetico_postestratificado",FALSE,0.370772790419651,"sintetico_postestratificado",FALSE,FALSE,FALSE,"16","090","Tingambato"
798,-22.6115646860404,-49.0758395038146,8.95433660713417,0.570751201562262,"sintetico_postestratificado",FALSE,0.344635554701858,"sintetico_postestratificado",FALSE,FALSE,FALSE,"16","002","Aguililla"
799,-21.0338459093067,-50.4093581837979,9.04992796673286,0.559730012471059,"sintetico_postestratificado",FALSE,0.349391553377992,"sintetico_postestratificado",FALSE,FALSE,FALSE,"16","003","Álvaro Obregón"
800,-20.7881201520218,-50.3350565844153,7.87794196736025,0.551215213488203,"sintetico_postestratificado",FALSE,0.343334011967985,"sintetico_postestratificado",FALSE,FALSE,FALSE,"16","004","Angamacutiro"
801,-21.4562254481827,-52.5092749487402,11.4792696473422,0.548099364433657,"sintetico_postestratificado",FALSE,0.33353710995183,"sintetico_postestratificado",FALSE,FALSE,FALSE,"16","005","Angangueo"
802,-26.3444760204468,-50.4023684842346,-0.328541130682755,0.5424847036392,"muestra_directa",TRUE,0.279039943434731,"muestra_directa",TRUE,TRUE,TRUE,"16","006","Apatzingán"
803,-22.1106779971873,-50.3661408752701,7.3329627547335,0.534043717578779,"sintetico_postestratificado",FALSE,0.312936937606905,"sintetico_postestratificado",FALSE,FALSE,FALSE,"16","007","Aporo"
804,-22.39428769304,-52.2259448713227,7.39819613507124,0.581318775077936,"sintetico_postestratificado",FALSE,0.357375898147536,"sintetico_postestratificado",FALSE,FALSE,FALSE,"16","008","Aquila"
805,-22.7737799386329,-52.5452395407362,7.02876717605871,0.577216533444168,"sintetico_postestratificado",FALSE,0.349478734057839,"sintetico_postestratificado",FALSE,FALSE,FALSE,"16","009","Ario"
806,-24.622111301734,-52.583469282882,4.30517534806278,0.5764411592862,"sintetico_postestratificado",FALSE,0.33022004626886,"sintetico_postestratificado",FALSE,FALSE,FALSE,"16","096","Tumbiscatío"
807,-23.6471004322472,-53.1707033338067,6.43025220499154,0.567331779456644,"sintetico_postestratificado",FALSE,0.330860775134171,"sintetico_postestratificado",FALSE,FALSE,FALSE,"16","097","Turicato"
808,-20.440042486036,-47.8509273942795,9.63270334264164,0.521624761589634,"sintetico_postestratificado",FALSE,0.317224336729274,"sintetico_postestratificado",FALSE,FALSE,FALSE,"16","106","Yurécuaro"
809,-24.6279533647168,-46.8730409447441,-0.445494847376838,0.664010383160829,"muestra_directa",TRUE,0.417730849513661,"muestra_directa",FALSE,TRUE,TRUE,"16","107","Zacapu"
810,-22.0239892774661,-51.8866102539803,9.2058784375344,0.580431550331485,"sintetico_postestratificado",FALSE,0.360191657556824,"sintetico_postestratificado",FALSE,FALSE,FALSE,"16","108","Zamora"
811,-22.8492800906853,-52.1418528681539,8.04768659703775,0.543934880032955,"sintetico_postestratificado",FALSE,0.315442079126101,"sintetico_postestratificado",FALSE,FALSE,FALSE,"16","109","Zináparo"
812,-21.4490194594174,-48.4477298101431,11.9074414170832,0.573752477073631,"sintetico_postestratificado",FALSE,0.359262282479458,"sintetico_postestratificado",FALSE,FALSE,FALSE,"16","110","Zinapécuaro"
813,-21.6706845071397,-50.2726411616804,7.90191796664178,0.567024963608951,"sintetico_postestratificado",FALSE,0.350318118537554,"sintetico_postestratificado",FALSE,FALSE,FALSE,"16","010","Arteaga"
814,-21.9490882666923,-52.7351525796952,8.21106151844479,0.536280061308665,"sintetico_postestratificado",FALSE,0.316789178641742,"sintetico_postestratificado",FALSE,FALSE,FALSE,"16","011","Briseñas"
815,-23.042998946874,-53.3563349319001,11.3531185625556,0.586160698236661,"sintetico_postestratificado",FALSE,0.355730708767922,"sintetico_postestratificado",FALSE,FALSE,FALSE,"16","098","Tuxpan"
816,-21.731901157573,-51.579180564062,9.44427061757225,0.586533882046295,"sintetico_postestratificado",FALSE,0.369214870470565,"sintetico_postestratificado",FALSE,FALSE,FALSE,"16","031","Epitacio Huerta"
817,-23.0061438249882,-52.298437049851,6.55172201770447,0.575589260854545,"sintetico_postestratificado",FALSE,0.345527822604663,"sintetico_postestratificado",FALSE,FALSE,FALSE,"16","032","Erongarícuaro"
818,-22.9502132150699,-49.7992399508904,7.97705976540764,0.573922487289268,"sintetico_postestratificado",FALSE,0.34442035513857,"sintetico_postestratificado",FALSE,FALSE,FALSE,"16","077","San Lucas"
819,-23.9750586182121,-47.9440509848919,3.73535879705446,0.628068664706083,"muestra_directa",TRUE,0.388318078523962,"muestra_directa",TRUE,TRUE,TRUE,"16","099","Tuzantla"
820,-21.6799299982655,-51.0944041505632,7.50451810035667,0.511584499661612,"sintetico_postestratificado",FALSE,0.294785199678957,"sintetico_postestratificado",FALSE,FALSE,FALSE,"16","001","Acuitzio"
821,-17.5192467665178,-42.8736221655357,8.10455444370138,0.469220108388774,"muestra_directa",TRUE,0.294027640723596,"muestra_directa",TRUE,TRUE,TRUE,"16","043","Jacona"
822,-21.0669412978437,-48.9075210187202,10.6150642208099,0.526336391981833,"sintetico_postestratificado",FALSE,0.315666979003396,"sintetico_postestratificado",FALSE,FALSE,FALSE,"16","044","Jiménez"
823,-21.7426301078306,-49.2513266814658,8.63568706478537,0.543914256288595,"sintetico_postestratificado",FALSE,0.326487955210289,"sintetico_postestratificado",FALSE,FALSE,FALSE,"16","045","Jiquilpan"
824,-20.8657099777677,-46.5389964277699,6.69206906811994,0.602225819587619,"muestra_directa",TRUE,0.393568719809941,"muestra_directa",FALSE,TRUE,TRUE,"16","012","Buenavista"
825,-21.3683974799437,-49.2567599762264,9.87546489448684,0.562249002486197,"sintetico_postestratificado",FALSE,0.348565027686759,"sintetico_postestratificado",FALSE,FALSE,FALSE,"16","013","Carácuaro"
826,-22.9292869021556,-54.5320261893588,8.91937394344089,0.521034264767649,"sintetico_postestratificado",FALSE,0.291741395746093,"sintetico_postestratificado",FALSE,FALSE,FALSE,"16","021","Charapan"
827,-22.2590725131931,-52.12616035557,8.33354384310707,0.527227849399636,"sintetico_postestratificado",FALSE,0.304637124267705,"sintetico_postestratificado",FALSE,FALSE,FALSE,"16","020","Cuitzeo"
828,-20.4742379535375,-43.7420863187438,1.72712401510496,0.536899992643771,"muestra_directa",FALSE,0.332157613108396,"muestra_directa",FALSE,TRUE,FALSE,"16","019","Cotija"
829,-22.5557153802326,-50.6129647126068,7.07402531748415,0.556375530235155,"sintetico_postestratificado",FALSE,0.330818376432829,"sintetico_postestratificado",FALSE,FALSE,FALSE,"16","018","Copándaro"
830,-22.0179494035865,-50.5620233853094,9.62379167746623,0.545791892607133,"sintetico_postestratificado",FALSE,0.325612398571269,"sintetico_postestratificado",FALSE,FALSE,FALSE,"16","087","Taretan"
831,-22.8473923929414,-53.4818482308822,7.62284303842967,0.552600397532257,"sintetico_postestratificado",FALSE,0.324126473602843,"sintetico_postestratificado",FALSE,FALSE,FALSE,"16","086","Tanhuato"
832,-24.1527625722772,-53.2844467756727,4.85893821895235,0.566210547346171,"sintetico_postestratificado",FALSE,0.324682921623399,"sintetico_postestratificado",FALSE,FALSE,FALSE,"16","072","Queréndaro"
833,-23.9745836036313,-53.0498267967147,8.34018952185928,0.595169311852961,"sintetico_postestratificado",FALSE,0.355423475816648,"sintetico_postestratificado",FALSE,FALSE,FALSE,"16","067","Penjamillo"
834,-23.4603248477881,-53.8492521931487,7.89260887605421,0.555701275579777,"sintetico_postestratificado",FALSE,0.321098027101896,"sintetico_postestratificado",FALSE,FALSE,FALSE,"16","022","Charo"
835,-22.7322502905749,-53.3383721141177,7.99646784091546,0.567946416106946,"sintetico_postestratificado",FALSE,0.340623913201196,"sintetico_postestratificado",FALSE,FALSE,FALSE,"16","079","Salvador Escalante"
836,-23.7174844282128,-51.4537033200991,7.12256047829543,0.548058731361451,"sintetico_postestratificado",FALSE,0.310883887079323,"sintetico_postestratificado",FALSE,FALSE,FALSE,"16","078","Santa Ana Maya"
837,-23.589441643827,-49.8573937236942,6.64076764298788,0.572993672864795,"muestra_directa",TRUE,0.337099256426525,"muestra_directa",TRUE,TRUE,TRUE,"16","075","Los Reyes"
838,-20.7244437218706,-49.9371748523124,10.3266884337881,0.531324884020059,"sintetico_postestratificado",FALSE,0.324080446801353,"sintetico_postestratificado",FALSE,FALSE,FALSE,"16","076","Sahuayo"
839,-26.7546732590207,-52.3984239654362,0.549880501365296,0.589534910265975,"muestra_directa",TRUE,0.321988177675768,"muestra_directa",TRUE,TRUE,TRUE,"16","033","Gabriel Zamora"
840,-21.772274237208,-49.840472643199,8.32480968280887,0.548596366526633,"sintetico_postestratificado",FALSE,0.330873624154553,"sintetico_postestratificado",FALSE,FALSE,FALSE,"16","035","La Huacana"
841,-21.0854686580071,-48.401292494115,8.95017159682164,0.55064950837048,"sintetico_postestratificado",FALSE,0.339794821790409,"sintetico_postestratificado",FALSE,FALSE,FALSE,"16","036","Huandacareo"
842,-21.2073994309076,-50.7606646735515,7.13272248365872,0.551809075448724,"sintetico_postestratificado",FALSE,0.339735081139648,"sintetico_postestratificado",FALSE,FALSE,FALSE,"16","037","Huaniqueo"
843,-23.0291572998246,-51.3750866831923,6.72931039280436,0.565195369304794,"sintetico_postestratificado",FALSE,0.334903796306548,"sintetico_postestratificado",FALSE,FALSE,FALSE,"16","038","Huetamo"
844,-23.114784724514,-52.0656311234823,6.90439446518531,0.551362276131532,"sintetico_postestratificado",FALSE,0.320214428886392,"sintetico_postestratificado",FALSE,FALSE,FALSE,"16","039","Huiramba"
845,-21.2342922762691,-49.0547384579693,9.46408365445063,0.559123880747724,"sintetico_postestratificado",FALSE,0.346780957985033,"sintetico_postestratificado",FALSE,FALSE,FALSE,"16","040","Indaparapeo"
846,-23.9430588919888,-53.31124076404,5.33676269524062,0.548739797455272,"sintetico_postestratificado",FALSE,0.309309208535384,"sintetico_postestratificado",FALSE,FALSE,FALSE,"16","041","Irimbo"
847,-21.4877492873113,-50.7964736793868,9.0720794782881,0.545037161012072,"sintetico_postestratificado",FALSE,0.330159668138959,"sintetico_postestratificado",FALSE,FALSE,FALSE,"16","042","Ixtlán"
848,-21.709181437518,-50.6104270824653,9.39619398958319,0.582048434563517,"sintetico_postestratificado",FALSE,0.364956620188337,"sintetico_postestratificado",FALSE,FALSE,FALSE,"16","049","Madero"
849,-23.4801575899674,-50.9555261498439,8.29897291670231,0.557952806173898,"sintetico_postestratificado",FALSE,0.323151230274223,"sintetico_postestratificado",FALSE,FALSE,FALSE,"16","050","Maravatío"
850,-15.9684237111238,-41.1450236888589,8.31232602485471,0.491594332169375,"muestra_directa",TRUE,0.331910095058137,"muestra_directa",TRUE,TRUE,TRUE,"16","051","Marcos Castellanos"
851,-26.4960664485392,-47.5027786947993,-5.88403501191319,0.725062622781007,"muestra_directa",FALSE,0.460101958295614,"muestra_directa",FALSE,TRUE,FALSE,"16","052","Lázaro Cárdenas"
852,-22.6966067237904,-39.7608150688329,-3.91912316800504,0.477446451811593,"muestra_directa",FALSE,0.250480384573689,"muestra_directa",FALSE,TRUE,FALSE,"16","053","Morelia"
853,-23.3680226846897,-49.5421531806849,7.42517570806342,0.545109298221301,"sintetico_postestratificado",FALSE,0.311429071374403,"sintetico_postestratificado",FALSE,FALSE,FALSE,"16","014","Coahuayana"
854,-20.3351635493354,-45.9337185066456,4.71276493397086,0.523918413274568,"muestra_directa",TRUE,0.320566777781214,"muestra_directa",TRUE,TRUE,TRUE,"16","015","Coalcomán de Vázquez Pallares"
855,-23.9193600169739,-50.6465137045837,5.6734148776737,0.574390278396349,"sintetico_postestratificado",FALSE,0.33519667822661,"sintetico_postestratificado",FALSE,FALSE,FALSE,"16","016","Coeneo"
856,-24.627098064158,-52.26938657889,6.6428893849008,0.569479838845523,"sintetico_postestratificado",FALSE,0.323208858203943,"sintetico_postestratificado",FALSE,FALSE,FALSE,"16","017","Contepec"
857,-24.5471366577035,-55.3127034188631,9.10178936569697,0.56305183142864,"sintetico_postestratificado",FALSE,0.317580464851605,"sintetico_postestratificado",FALSE,FALSE,FALSE,"16","083","Tancítaro"
858,-23.1183617778025,-42.6804616368846,-4.24960670472821,0.527923244549319,"muestra_directa",FALSE,0.296739626771294,"muestra_directa",FALSE,TRUE,FALSE,"16","082","Tacámbaro"
859,-25.0223587651241,-53.8049765670866,5.38096084693619,0.561237528430525,"sintetico_postestratificado",FALSE,0.311013940779284,"sintetico_postestratificado",FALSE,FALSE,FALSE,"16","081","Susupuato"
860,-22.636086010621,-51.2117773024908,7.94901082352426,0.585069069045158,"sintetico_postestratificado",FALSE,0.358708208938948,"sintetico_postestratificado",FALSE,FALSE,FALSE,"16","056","Nahuatzen"
861,-23.2892875120496,-52.856511473089,6.55040075096766,0.58195233359817,"sintetico_postestratificado",FALSE,0.349059458477674,"sintetico_postestratificado",FALSE,FALSE,FALSE,"16","080","Senguio"
862,-23.1834941620425,-50.7505477696011,7.26045823608263,0.553104738636155,"sintetico_postestratificado",FALSE,0.32126979701573,"sintetico_postestratificado",FALSE,FALSE,FALSE,"16","057","Nocupétaro"
863,-24.7184294326599,-54.9745128103358,7.18442906206684,0.557163092409144,"sintetico_postestratificado",FALSE,0.309978798082546,"sintetico_postestratificado",FALSE,FALSE,FALSE,"16","034","Hidalgo"
864,-24.0461780197162,-54.3510809820903,7.26184547862419,0.571191242267022,"sintetico_postestratificado",FALSE,0.33072946206986,"sintetico_postestratificado",FALSE,FALSE,FALSE,"16","058","Nuevo Parangaricutiro"
865,-22.6207469070207,-52.6783110878456,8.44463589302336,0.592547774614384,"sintetico_postestratificado",FALSE,0.366340305544178,"sintetico_postestratificado",FALSE,FALSE,FALSE,"16","059","Nuevo Urecho"
866,-23.8283440562928,-52.759398023382,7.48342411924343,0.570680357449416,"sintetico_postestratificado",FALSE,0.332396916886489,"sintetico_postestratificado",FALSE,FALSE,FALSE,"16","060","Numarán"
867,-16.3065849055027,-40.3253910274086,8.24669647063592,0.463344321795993,"muestra_directa",TRUE,0.300278472740967,"muestra_directa",FALSE,TRUE,TRUE,"16","062","Pajacuarán"
868,-23.7005715385927,-54.3637062379832,8.2907564080817,0.582912899408772,"sintetico_postestratificado",FALSE,0.345907184022845,"sintetico_postestratificado",FALSE,FALSE,FALSE,"16","063","Panindícuaro"
869,-24.0367283664443,-52.3068742615035,8.34168916646185,0.579862296850761,"sintetico_postestratificado",FALSE,0.339495013186317,"sintetico_postestratificado",FALSE,FALSE,FALSE,"16","064","Parácuaro"
870,-23.1064506296479,-48.2792515077716,8.05235313749635,0.563266115598799,"sintetico_postestratificado",FALSE,0.33220160930232,"sintetico_postestratificado",FALSE,FALSE,FALSE,"16","105","Vista Hermosa"
871,-24.712111278103,-52.802079098557,6.00749311784562,0.55629698966072,"sintetico_postestratificado",FALSE,0.30917587687969,"sintetico_postestratificado",FALSE,FALSE,FALSE,"16","065","Paracho"
872,-22.7302818731544,-50.8467402302101,6.89021850831829,0.570663120115386,"sintetico_postestratificado",FALSE,0.343360301383843,"sintetico_postestratificado",FALSE,FALSE,FALSE,"16","089","Tepalcatepec"
873,-25.3385849723755,-51.2523041041115,-0.26541784292194,0.476956454101983,"muestra_directa",TRUE,0.223570604378228,"muestra_directa",FALSE,TRUE,TRUE,"16","061","Ocampo"
874,-24.6238664778812,-52.9045092475387,9.6080960627214,0.566459694092657,"sintetico_postestratificado",FALSE,0.320221029313846,"sintetico_postestratificado",FALSE,FALSE,FALSE,"16","055","Múgica"
875,-25.0438110264074,-52.6679138033845,5.89752503115802,0.562732177748323,"sintetico_postestratificado",FALSE,0.312294067484248,"sintetico_postestratificado",FALSE,FALSE,FALSE,"16","054","Morelos"
876,-21.6209110094001,-49.7307585564507,9.07307988503339,0.54580782138336,"sintetico_postestratificado",FALSE,0.329598711289359,"sintetico_postestratificado",FALSE,FALSE,FALSE,"16","030","Ecuandureo"
877,-30.4313129718936,-54.0073691459473,-5.29676748783304,0.659652115255114,"muestra_directa",TRUE,0.355338985536178,"muestra_directa",TRUE,TRUE,TRUE,"16","029","Churumuco"
878,-22.5720282871627,-50.4189358708355,7.30030320923573,0.564480142306873,"sintetico_postestratificado",FALSE,0.338759859435246,"sintetico_postestratificado",FALSE,FALSE,FALSE,"16","028","Churintzio"
879,-23.5649913007296,-51.2312164538391,9.00736374009365,0.556197359936397,"sintetico_postestratificado",FALSE,0.3205474469291,"sintetico_postestratificado",FALSE,FALSE,FALSE,"16","027","Chucándiro"
880,-22.5966720778936,-50.3551656529207,9.57442329881127,0.566153373820988,"sintetico_postestratificado",FALSE,0.340186653042052,"sintetico_postestratificado",FALSE,FALSE,FALSE,"16","026","Chinicuila"
881,-23.0093219222667,-52.3959454837299,8.60972668827182,0.551034265296161,"sintetico_postestratificado",FALSE,0.320941046073494,"sintetico_postestratificado",FALSE,FALSE,FALSE,"16","025","Chilchota"
882,-23.7643872143603,-50.4950758354406,8.29677940559736,0.55639501966139,"sintetico_postestratificado",FALSE,0.318751147517788,"sintetico_postestratificado",FALSE,FALSE,FALSE,"16","024","Cherán"
883,-24.7818239899515,-49.6667237951244,-0.255148200182501,0.542958926127089,"muestra_directa",TRUE,0.295140686227573,"muestra_directa",FALSE,TRUE,TRUE,"16","023","Chavinda"
884,-24.2188165329446,-51.8588596848987,5.39626405980431,0.580302349378295,"sintetico_postestratificado",FALSE,0.338114184048849,"sintetico_postestratificado",FALSE,FALSE,FALSE,"16","066","Pátzcuaro"
885,-27.2558851696174,-50.8765050489208,-1.84004490977197,0.658100031730546,"muestra_directa",TRUE,0.385541180034372,"muestra_directa",TRUE,TRUE,TRUE,"16","068","Peribán"
886,-29.8024822151671,-54.5213154949452,-1.20229518411842,0.615170604639847,"muestra_directa",TRUE,0.317145782488176,"muestra_directa",TRUE,TRUE,TRUE,"16","069","La Piedad"
887,-22.9258947778557,-50.3148496967167,8.2819751660075,0.570444030781196,"sintetico_postestratificado",FALSE,0.341185083002639,"sintetico_postestratificado",FALSE,FALSE,FALSE,"16","070","Purépero"
888,-22.8157397097791,-50.743876942078,9.71044594472719,0.589627288753767,"sintetico_postestratificado",FALSE,0.361469891655975,"sintetico_postestratificado",FALSE,FALSE,FALSE,"16","071","Puruándiro"
889,-27.4157910710569,-53.2810458231964,1.60645891800528,0.585247307130142,"muestra_directa",TRUE,0.311089396419573,"muestra_directa",TRUE,TRUE,TRUE,"16","073","Quiroga"
890,-23.6168518140655,-51.7578144199715,6.3929038345594,0.568085222906311,"sintetico_postestratificado",FALSE,0.331916704765656,"sintetico_postestratificado",FALSE,FALSE,FALSE,"16","091","Tingüindín"
891,-25.8159627363405,-53.5778985785413,4.35808893250561,0.57768287126096,"sintetico_postestratificado",FALSE,0.319523243897554,"sintetico_postestratificado",FALSE,FALSE,FALSE,"16","113","José Sixto Verduzco"
892,-17.511611294311,-42.2012314672331,6.28691596683791,0.460990030230277,"muestra_directa",TRUE,0.285873917287166,"muestra_directa",FALSE,TRUE,TRUE,"16","112","Zitácuaro"
893,-24.9240741351234,-53.537339744158,6.48905630627202,0.598351720320368,"sintetico_postestratificado",FALSE,0.349110978969134,"sintetico_postestratificado",FALSE,FALSE,FALSE,"16","085","Tangancícuaro"
894,-21.055996406267,-43.6597064970778,4.96799389165498,0.588038957751328,"muestra_directa",TRUE,0.377478993688658,"muestra_directa",FALSE,TRUE,TRUE,"16","088","Tarímbaro"
895,-24.56136305639,-53.8747457569304,6.6617781115279,0.587466637521398,"sintetico_postestratificado",FALSE,0.341853006957498,"sintetico_postestratificado",FALSE,FALSE,FALSE,"16","092","Tiquicheo de Nicolás Romero"
896,-24.0522379693364,-53.1440822400654,6.73025789120936,0.560079103493263,"sintetico_postestratificado",FALSE,0.319556723799899,"sintetico_postestratificado",FALSE,FALSE,FALSE,"16","093","Tlalpujahua"
897,-24.6534466925246,-52.7590576689898,7.67169790226774,0.621768081611412,"sintetico_postestratificado",FALSE,0.375233614686166,"sintetico_postestratificado",FALSE,FALSE,FALSE,"16","111","Ziracuaretiro"
898,-24.3468010814018,-52.3326214983473,5.53392388637099,0.5743682083325,"sintetico_postestratificado",FALSE,0.330900197518482,"sintetico_postestratificado",FALSE,FALSE,FALSE,"16","101","Tzitzio"
899,-23.4618810365765,-51.2201094175506,6.68280949068488,0.582284595673097,"sintetico_postestratificado",FALSE,0.347665785307332,"sintetico_postestratificado",FALSE,FALSE,FALSE,"16","100","Tzintzuntzan"
900,-24.5033500896707,-54.1623928244013,4.64720912878768,0.577654738443379,"sintetico_postestratificado",FALSE,0.332621237546672,"sintetico_postestratificado",FALSE,FALSE,FALSE,"16","095","Tocumbo"
901,-24.5867543872312,-53.7721101971609,6.71907769070526,0.590526087440762,"sintetico_postestratificado",FALSE,0.34465854356845,"sintetico_postestratificado",FALSE,FALSE,FALSE,"16","084","Tangamandapio"
902,-18.3941687735881,-41.0688274492763,6.65855282725855,0.568162552938493,"muestra_directa",TRUE,0.384220865202612,"muestra_directa",FALSE,TRUE,TRUE,"16","102","Uruapan"
903,-24.8609862021203,-51.8038221890021,6.38949951737831,0.597946858308034,"sintetico_postestratificado",FALSE,0.349336996286831,"sintetico_postestratificado",FALSE,FALSE,FALSE,"16","103","Venustiano Carranza"
904,-24.417690725172,-51.5271465188405,5.55475804775025,0.590810392702146,"sintetico_postestratificado",FALSE,0.346633485450426,"sintetico_postestratificado",FALSE,FALSE,FALSE,"16","104","Villamar"
905,-25.5477726989785,-52.8675176114717,4.10563779729673,0.60356000126486,"sintetico_postestratificado",FALSE,0.348082274275075,"sintetico_postestratificado",FALSE,FALSE,FALSE,"16","094","Tlazazalca"
906,-19.4568498099532,-43.9680282668039,7.50505785585465,0.489802765785577,"muestra_directa",TRUE,0.295234267686046,"muestra_directa",TRUE,TRUE,TRUE,"16","047","Jungapeo"
907,-24.7722135289965,-53.993072081954,7.53452868581083,0.587883375377183,"sintetico_postestratificado",FALSE,0.340161240087218,"sintetico_postestratificado",FALSE,FALSE,FALSE,"16","046","Juárez"
908,-23.810507996712,-52.765761225017,6.2120622188026,0.582084879856367,"sintetico_postestratificado",FALSE,0.343979799889247,"sintetico_postestratificado",FALSE,FALSE,FALSE,"16","048","Lagunillas"
909,-25.1510477911663,-53.7182067584502,6.2261333653973,0.567628451240927,"sintetico_postestratificado",FALSE,0.316117973329264,"sintetico_postestratificado",FALSE,FALSE,FALSE,"17","002","Atlatlahucan"
910,-31.0594710044492,-49.6118930932023,-10.4943221428297,0.626820010131743,"muestra_directa",FALSE,0.316225300087251,"muestra_directa",FALSE,TRUE,FALSE,"17","006","Cuautla"
911,-22.3028701864654,-45.6217478930802,2.87365428017071,0.688401788868469,"muestra_directa",FALSE,0.465373087003815,"muestra_directa",FALSE,TRUE,FALSE,"17","028","Xochitepec"
912,-23.1640982913996,-52.8025572358739,8.3613967323303,0.516082770400209,"sintetico_postestratificado",FALSE,0.284441787486213,"sintetico_postestratificado",FALSE,FALSE,FALSE,"17","022","Tetela del Volcán"
913,-22.0159870511767,-51.2702449344405,11.564246303515,0.571961097243192,"sintetico_postestratificado",FALSE,0.351801226731425,"sintetico_postestratificado",FALSE,FALSE,FALSE,"17","009","Huitzilac"
914,-21.6410122535264,-50.3688180780834,7.49334412596594,0.54855225397023,"sintetico_postestratificado",FALSE,0.332142131434966,"sintetico_postestratificado",FALSE,FALSE,FALSE,"17","016","Ocuituco"
915,-24.4505986999738,-46.0597489518933,-2.08149332679962,0.694896962179235,"muestra_directa",FALSE,0.450390975179497,"muestra_directa",FALSE,TRUE,FALSE,"17","008","Emiliano Zapata"
916,-18.8914446618096,-44.1239884379108,6.98125228874046,0.545702697068872,"muestra_directa",TRUE,0.356788250450776,"muestra_directa",TRUE,TRUE,TRUE,"17","003","Axochiapan"
917,-17.4417762792604,-43.0307973121867,8.56478899531106,0.431421947190442,"muestra_directa",TRUE,0.257004184397838,"muestra_directa",TRUE,TRUE,TRUE,"17","036","Hueyapan"
918,-23.7537807240098,-52.7266802531362,6.34996812495701,0.607255457969905,"sintetico_postestratificado",FALSE,0.369717650729808,"sintetico_postestratificado",FALSE,FALSE,FALSE,"17","035","Xoxocotla"
919,-24.1933947091435,-51.1567106214799,5.69729983505044,0.615845868242634,"muestra_directa",TRUE,0.373911921151199,"muestra_directa",TRUE,TRUE,TRUE,"17","025","Tlaquiltenango"
920,-24.2462966428678,-53.6363367131622,4.98689533136205,0.600649796984292,"sintetico_postestratificado",FALSE,0.358186830555614,"sintetico_postestratificado",FALSE,FALSE,FALSE,"17","001","Amacuzac"
921,-20.8062672299257,-43.3188137328088,3.77180165585141,0.59446524237795,"muestra_directa",TRUE,0.386402570078693,"muestra_directa",FALSE,TRUE,TRUE,"17","020","Tepoztlán"
922,-22.4171032311602,-50.6614965462649,10.134544628469,0.565640972790306,"sintetico_postestratificado",FALSE,0.341469940478704,"sintetico_postestratificado",FALSE,FALSE,FALSE,"17","034","Coatetelco"
923,-22.8775643993924,-51.5966264860738,8.94458411707344,0.580530868084204,"sintetico_postestratificado",FALSE,0.351755224090279,"sintetico_postestratificado",FALSE,FALSE,FALSE,"17","027","Totolapan"
924,-23.2787755582772,-53.1379827482625,7.80632055637062,0.572513952282721,"sintetico_postestratificado",FALSE,0.339726196699948,"sintetico_postestratificado",FALSE,FALSE,FALSE,"17","030","Yecapixtla"
925,-23.7106604725972,-53.1845411264022,7.25852549492874,0.578024933375011,"sintetico_postestratificado",FALSE,0.340918328649039,"sintetico_postestratificado",FALSE,FALSE,FALSE,"17","026","Tlayacapan"
926,-20.7491477331862,-44.6300589877157,6.63789323679079,0.578359101137653,"muestra_directa",TRUE,0.370867623805791,"muestra_directa",TRUE,TRUE,TRUE,"17","031","Zacatepec"
927,-22.9549185154007,-51.7429300495338,8.83654577504114,0.566790996913817,"sintetico_postestratificado",FALSE,0.337241811759809,"sintetico_postestratificado",FALSE,FALSE,FALSE,"17","021","Tetecala"
928,-36.7135739422657,-56.6346168497546,-13.796456655865,0.666724906896989,"muestra_directa",FALSE,0.299589167474333,"muestra_directa",FALSE,TRUE,FALSE,"17","019","Tepalcingo"
929,-21.5608176107962,-51.0676722914558,8.17641136917171,0.559280394926505,"sintetico_postestratificado",FALSE,0.343672218818543,"sintetico_postestratificado",FALSE,FALSE,FALSE,"17","023","Tlalnepantla"
930,-21.6494783159125,-50.185430684468,10.2246976717153,0.558355703209336,"sintetico_postestratificado",FALSE,0.34186092005021,"sintetico_postestratificado",FALSE,FALSE,FALSE,"17","017","Puente de Ixtla"
931,-21.1544179924818,-44.3463938131781,5.73900399278477,0.491983509176788,"muestra_directa",TRUE,0.280439329251969,"muestra_directa",FALSE,TRUE,TRUE,"17","015","Miacatlán"
932,-23.2127660029638,-52.1384223426339,6.80587585281622,0.56594961328271,"sintetico_postestratificado",FALSE,0.333821953253073,"sintetico_postestratificado",FALSE,FALSE,FALSE,"17","013","Jonacatepec de Leandro Valle"
933,-17.1768274758644,-36.4767851278442,2.53352745688248,0.682182650860087,"muestra_directa",FALSE,0.510414376101444,"muestra_directa",FALSE,TRUE,FALSE,"17","011","Jiutepec"
934,-27.5489272081486,-55.3152582424807,4.06811784307882,0.553398513900223,"muestra_directa",TRUE,0.277909241818738,"muestra_directa",TRUE,TRUE,TRUE,"17","010","Jantetelco"
935,-28.6963032792478,-51.5478572823776,-4.30386046935723,0.569124976594169,"muestra_directa",TRUE,0.282161943801692,"muestra_directa",FALSE,TRUE,TRUE,"17","018","Temixco"
936,-24.4515707146398,-44.9571518245765,-2.80844597708335,0.525334041309633,"muestra_directa",FALSE,0.280818334163235,"muestra_directa",FALSE,TRUE,FALSE,"17","029","Yautepec"
937,-31.2040256669649,-57.4569430026137,-2.61030619266908,0.615441544231934,"muestra_directa",TRUE,0.303401287562286,"muestra_directa",TRUE,TRUE,TRUE,"17","012","Jojutla"
938,-22.9889289902738,-45.3553415835354,0.249919943815644,0.521306590659517,"muestra_directa",TRUE,0.291417300756779,"muestra_directa",FALSE,TRUE,TRUE,"17","024","Tlaltizapán de Zapata"
939,-21.6504468147202,-38.1577705846511,-5.0002118594961,0.622705252818118,"muestra_directa",FALSE,0.406200784670916,"muestra_directa",FALSE,TRUE,FALSE,"17","007","Cuernavaca"
940,-27.1147754006778,-52.3716179935573,0.784136896695823,0.57601476129887,"muestra_directa",TRUE,0.304867007292092,"muestra_directa",TRUE,TRUE,TRUE,"17","005","Coatlán del Río"
941,-35.0521234126955,-53.1776772177789,-15.9836167147442,0.699498942004203,"muestra_directa",FALSE,0.348977707877248,"muestra_directa",FALSE,TRUE,FALSE,"17","004","Ayala"
942,-23.4498240498289,-52.3301350521761,11.4354238858775,0.589028818251951,"sintetico_postestratificado",FALSE,0.354530577753661,"sintetico_postestratificado",FALSE,FALSE,FALSE,"17","014","Mazatepec"
943,-22.5851477089248,-48.3956889253127,3.90309882657883,0.500933352878076,"muestra_directa",TRUE,0.275081875788829,"muestra_directa",TRUE,TRUE,TRUE,"17","032","Zacualpan de Amilpas"
944,-25.6806132879838,-54.3942751649777,6.21023896308544,0.588680131837854,"sintetico_postestratificado",FALSE,0.331873998958016,"sintetico_postestratificado",FALSE,FALSE,FALSE,"17","033","Temoac"
945,-22.8261053940434,-50.3509997895946,6.87266003761661,0.58441804391322,"sintetico_postestratificado",FALSE,0.356156989972787,"sintetico_postestratificado",FALSE,FALSE,FALSE,"18","001","Acaponeta"
946,-22.1228775648662,-48.9706532792965,8.52163541340068,0.52072411276849,"sintetico_postestratificado",FALSE,0.299495337119828,"sintetico_postestratificado",FALSE,FALSE,FALSE,"18","009","Del Nayar"
947,-22.1844682195745,-50.7465068942801,7.96204456134512,0.554707791946718,"sintetico_postestratificado",FALSE,0.332863109750973,"sintetico_postestratificado",FALSE,FALSE,FALSE,"18","010","Rosamorada"
948,-29.5301660097085,-51.2271395706505,-5.70964847418231,0.608768508223944,"muestra_directa",TRUE,0.313466848126859,"muestra_directa",FALSE,TRUE,TRUE,"18","011","Ruíz"
949,-20.4503333048001,-32.9770484530569,-7.74797103405707,0.468632322910944,"muestra_directa",FALSE,0.264128989862943,"muestra_directa",FALSE,TRUE,FALSE,"18","017","Tepic"
950,-22.4649502819374,-50.4108588303319,8.31577698285492,0.559326902338974,"sintetico_postestratificado",FALSE,0.334677399519599,"sintetico_postestratificado",FALSE,FALSE,FALSE,"18","018","Tuxpan"
951,-22.6546510926315,-51.1234346039705,8.84884466750215,0.574809450195169,"sintetico_postestratificado",FALSE,0.348262939268854,"sintetico_postestratificado",FALSE,FALSE,FALSE,"18","019","La Yesca"
952,-19.3513274261363,-43.1697573066394,2.69359706935433,0.405986773727285,"muestra_directa",TRUE,0.212473499465922,"muestra_directa",FALSE,TRUE,TRUE,"18","004","Compostela"
953,-18.6151260865453,-46.6951870254423,9.5284001975448,0.515958330585103,"muestra_directa",TRUE,0.32980706971965,"muestra_directa",TRUE,TRUE,TRUE,"18","013","San Pedro Lagunillas"
954,-30.0221469289896,-51.1828845802555,-5.50400006364605,0.660267404641017,"muestra_directa",TRUE,0.36004593535112,"muestra_directa",FALSE,TRUE,TRUE,"18","008","Xalisco"
955,-21.3188864654369,-49.8901716075398,7.95419845695841,0.581402723018011,"sintetico_postestratificado",FALSE,0.368213858363642,"sintetico_postestratificado",FALSE,FALSE,FALSE,"18","005","Huajicori"
956,-24.8837462976432,-43.8178322292616,-4.12367781012523,0.610936649784115,"muestra_directa",FALSE,0.362099186807683,"muestra_directa",FALSE,TRUE,FALSE,"18","006","Ixtlán del Río"
957,-27.9882809214284,-53.2247504103609,1.0547775144083,0.608073326199567,"muestra_directa",TRUE,0.328190516985283,"muestra_directa",TRUE,TRUE,TRUE,"18","007","Jala"
958,-23.9868878803825,-45.6591151839518,-2.22239026709505,0.550329411983832,"muestra_directa",FALSE,0.310460533180008,"muestra_directa",FALSE,TRUE,FALSE,"18","014","Santa María del Oro"
959,-20.6281957795554,-39.9505205606446,0.525897141090018,0.552714466268553,"muestra_directa",FALSE,0.346432508472999,"muestra_directa",FALSE,TRUE,FALSE,"18","015","Santiago Ixcuintla"
960,-22.2534725474926,-46.8157485911169,4.38021081682464,0.480715172783023,"muestra_directa",TRUE,0.258180447308097,"muestra_directa",TRUE,TRUE,TRUE,"18","016","Tecuala"
961,-23.9651829981862,-52.6045666024242,7.65710253118939,0.554086380374382,"sintetico_postestratificado",FALSE,0.31443455039252,"sintetico_postestratificado",FALSE,FALSE,FALSE,"18","003","Amatlán de Cañas"
962,-23.4178598796983,-51.6049285223207,9.78116508438846,0.571179320652514,"sintetico_postestratificado",FALSE,0.337000721855531,"sintetico_postestratificado",FALSE,FALSE,FALSE,"18","012","San Blas"
963,-22.3581304999012,-44.1739715659983,0.0583055850938508,0.472832341601554,"muestra_directa",FALSE,0.249251036602542,"muestra_directa",FALSE,TRUE,FALSE,"18","020","Bahía de Banderas"
964,-24.4905634764963,-47.9839073745606,1.40241160637602,0.496560107767446,"muestra_directa",TRUE,0.251654473002483,"muestra_directa",FALSE,TRUE,TRUE,"18","002","Ahuacatlán"
965,-21.283947804873,-52.7699220784128,14.6126753441822,0.552237630129237,"sintetico_postestratificado",FALSE,0.339398152080508,"sintetico_postestratificado",FALSE,FALSE,FALSE,"19","029","Hualahuises"
966,-17.41074340768,-34.7544659883362,-0.714796667492706,0.406580250694163,"muestra_directa",FALSE,0.232472816617363,"muestra_directa",FALSE,TRUE,FALSE,"19","048","Santa Catarina"
967,-20.7789038272019,-46.8907347132579,9.01999126270745,0.573798986640381,"muestra_directa",TRUE,0.366009948368362,"muestra_directa",TRUE,TRUE,TRUE,"19","044","Sabinas Hidalgo"
968,-22.6078195935477,-52.5848929194942,8.86096786088101,0.586498531638359,"sintetico_postestratificado",FALSE,0.360420335702882,"sintetico_postestratificado",FALSE,FALSE,FALSE,"19","042","Los Ramones"
969,-21.9254376842657,-49.9311584719952,9.23755485156502,0.528422821060191,"sintetico_postestratificado",FALSE,0.309168444217533,"sintetico_postestratificado",FALSE,FALSE,FALSE,"19","023","General Treviño"
970,-23.5204825926677,-50.0084764611674,9.08571896908686,0.583228496566877,"sintetico_postestratificado",FALSE,0.3480236706402,"muestra_directa",TRUE,FALSE,TRUE,"19","022","General Terán"
971,-23.9180950649873,-47.4029440504855,0.785504752481362,0.562544219312908,"muestra_directa",TRUE,0.323363268663034,"muestra_directa",FALSE,TRUE,TRUE,"19","047","Hidalgo"
972,-21.7854343872015,-44.837184701033,6.41402756935923,0.628878548130279,"muestra_directa",TRUE,0.411024204258264,"muestra_directa",TRUE,TRUE,TRUE,"19","049","Santiago"
973,-25.8731456955657,-46.7503666057665,-1.04151251586183,0.639183402769833,"muestra_directa",FALSE,0.380451945814176,"muestra_directa",FALSE,TRUE,FALSE,"19","009","Cadereyta Jiménez"
974,-21.1382743495641,-41.8185657206616,-0.661165297777596,0.517992904816822,"muestra_directa",FALSE,0.306610161321182,"muestra_directa",FALSE,TRUE,FALSE,"19","032","Lampazos de Naranjo"
975,-18.0466633111095,-35.808446918466,-0.378169950775191,0.464008526586114,"muestra_directa",FALSE,0.283541893475019,"muestra_directa",FALSE,TRUE,FALSE,"19","031","Juárez"
976,-20.4378626002468,-50.7735093650388,11.378575955365,0.601017111611162,"sintetico_postestratificado",FALSE,0.396638485608694,"sintetico_postestratificado",FALSE,FALSE,FALSE,"19","027","Los Herreras"
977,-22.2794980210785,-51.4993212988171,8.54573740042546,0.55050487754348,"sintetico_postestratificado",FALSE,0.327709897332695,"sintetico_postestratificado",FALSE,FALSE,FALSE,"19","020","General Bravo"
978,-19.224061413122,-44.3024476651188,7.56745679368357,0.470858783894825,"muestra_directa",TRUE,0.278618169763604,"muestra_directa",FALSE,TRUE,TRUE,"19","041","Pesquería"
979,-21.2010285340108,-49.2880242876572,9.66617823388215,0.560207211454902,"sintetico_postestratificado",FALSE,0.348196926114794,"sintetico_postestratificado",FALSE,FALSE,FALSE,"19","040","Parás"
980,-20.6405870648273,-31.3921768033686,-10.0346672421396,0.413876767594745,"muestra_directa",FALSE,0.207470896946472,"muestra_directa",FALSE,TRUE,FALSE,"19","039","Monterrey"
981,-23.3656416516738,-40.8343755801788,-6.48129863406768,0.658130209707659,"muestra_directa",FALSE,0.424473793190921,"muestra_directa",FALSE,TRUE,FALSE,"19","046","San Nicolás de los Garza"
982,-22.8728214161087,-50.7350522043669,10.4525299108607,0.618935837142405,"muestra_directa",TRUE,0.390207622981318,"muestra_directa",TRUE,TRUE,TRUE,"19","019","San Pedro Garza García"
983,-21.4593996764037,-51.7268069534095,11.3619809878324,0.529761457945993,"sintetico_postestratificado",FALSE,0.315167461181957,"sintetico_postestratificado",FALSE,FALSE,FALSE,"19","037","Mina"
984,-26.705242317748,-55.1504158270234,2.68797694045674,0.557340894491714,"sintetico_postestratificado",FALSE,0.290288471314234,"muestra_directa",TRUE,FALSE,TRUE,"19","010","El Carmen"
985,-21.2157761304211,-35.5586786411479,-6.84179317764975,0.558995462431347,"muestra_directa",FALSE,0.346837701127137,"muestra_directa",FALSE,TRUE,FALSE,"19","021","General Escobedo"
986,-22.6746302414829,-40.1197547289828,-3.35744750805172,0.585897094731896,"muestra_directa",FALSE,0.359150792317067,"muestra_directa",FALSE,TRUE,FALSE,"19","012","Ciénega de Flores"
987,-19.5425686756403,-51.0515521710021,11.2032457150053,0.5279317121944,"sintetico_postestratificado",FALSE,0.332506025437997,"sintetico_postestratificado",FALSE,FALSE,FALSE,"19","002","Agualeguas"
988,-20.7582374695104,-50.5734392174214,11.890121366454,0.556086669276008,"sintetico_postestratificado",FALSE,0.348504294580904,"sintetico_postestratificado",FALSE,FALSE,FALSE,"19","005","Anáhuac"
989,-21.1456602250141,-48.5059065232652,10.3060208325922,0.548878105136918,"sintetico_postestratificado",FALSE,0.337421502886777,"sintetico_postestratificado",FALSE,FALSE,FALSE,"19","024","General Zaragoza"
990,-20.1748265022041,-33.6295961234098,-5.65545023068595,0.643986753292712,"muestra_directa",FALSE,0.442238488270671,"muestra_directa",FALSE,TRUE,FALSE,"19","026","Guadalupe"
991,-18.7513697784386,-49.4927215122347,11.972642192583,0.475187621790148,"sintetico_postestratificado",FALSE,0.287673924005762,"sintetico_postestratificado",FALSE,FALSE,FALSE,"19","003","Los Aldamas"
992,-20.0767144105271,-48.2985125793068,12.1419504385612,0.551802469309955,"sintetico_postestratificado",FALSE,0.351035325204684,"sintetico_postestratificado",FALSE,FALSE,FALSE,"19","004","Allende"
993,-20.0540792018286,-50.7250983559136,12.7803971281814,0.517885849535045,"sintetico_postestratificado",FALSE,0.317345057516759,"sintetico_postestratificado",FALSE,FALSE,FALSE,"19","025","General Zuazua"
994,-20.5972439976568,-52.045610560927,12.2118367747693,0.527655409090025,"sintetico_postestratificado",FALSE,0.321682969113457,"sintetico_postestratificado",FALSE,FALSE,FALSE,"19","015","Doctor Coss"
995,-21.4038397377433,-47.5088883651555,3.3955043068461,0.594183832775891,"muestra_directa",TRUE,0.380145435398459,"muestra_directa",TRUE,TRUE,TRUE,"19","007","Aramberri"
996,-16.0153269809286,-34.4181696541142,6.00975201887755,0.551531263996693,"muestra_directa",FALSE,0.391377994187408,"muestra_directa",FALSE,TRUE,FALSE,"19","018","García"
997,-21.3906181185766,-49.4536912789708,9.09594841028551,0.547507862692116,"sintetico_postestratificado",FALSE,0.33360168150635,"sintetico_postestratificado",FALSE,FALSE,FALSE,"19","051","Villaldama"
998,-14.5588168388853,-27.9492743494909,-0.703838280110332,0.406768519746035,"muestra_directa",FALSE,0.261180351357181,"muestra_directa",FALSE,TRUE,FALSE,"19","006","Apodaca"
999,-22.3408611962754,-51.2404320571694,7.51880058479213,0.551220357553016,"sintetico_postestratificado",FALSE,0.327811745590262,"sintetico_postestratificado",FALSE,FALSE,FALSE,"19","011","Cerralvo"
1000,-24.2524128455588,-53.333325092303,7.04206407786932,0.551606474372852,"sintetico_postestratificado",FALSE,0.309082345917264,"sintetico_postestratificado",FALSE,FALSE,FALSE,"19","001","Abasolo"
1001,-23.2437170905895,-50.325387253464,8.64703036882361,0.562612122062317,"sintetico_postestratificado",FALSE,0.330174951156422,"sintetico_postestratificado",FALSE,FALSE,FALSE,"19","017","Galeana"
1002,-22.017651819425,-51.5271674059075,9.11741245677932,0.538600653226282,"sintetico_postestratificado",FALSE,0.318424135032033,"sintetico_postestratificado",FALSE,FALSE,FALSE,"19","016","Doctor González"
1003,-22.3855798548666,-49.8422547271272,8.50363475380792,0.553868755198294,"sintetico_postestratificado",FALSE,0.330012956649628,"sintetico_postestratificado",FALSE,FALSE,FALSE,"19","050","Vallecillo"
1004,-21.0984363549808,-50.4147208012686,9.43509917034436,0.554002087028905,"sintetico_postestratificado",FALSE,0.343017723479097,"sintetico_postestratificado",FALSE,FALSE,FALSE,"19","034","Marín"
1005,-21.7154055466799,-51.5975031629554,9.43746730795445,0.542144553056283,"sintetico_postestratificado",FALSE,0.324990497589484,"sintetico_postestratificado",FALSE,FALSE,FALSE,"19","035","Melchor Ocampo"
1006,-19.5286077582817,-49.3828644872123,12.5968726784621,0.520768170271372,"sintetico_postestratificado",FALSE,0.325482092688556,"sintetico_postestratificado",FALSE,FALSE,FALSE,"19","028","Higueras"
1007,-17.7144583203582,-43.3569390962009,10.3135534488964,0.422819115650621,"muestra_directa",TRUE,0.245674532447039,"muestra_directa",TRUE,TRUE,TRUE,"19","033","Linares"
1008,-21.1078176037458,-51.6484758880107,9.58295210364672,0.560764698387673,"sintetico_postestratificado",FALSE,0.349686522350215,"sintetico_postestratificado",FALSE,FALSE,FALSE,"19","036","Mier y Noriega"
1009,-20.3434288773543,-48.5677183492455,9.17569445496051,0.546819931214214,"sintetico_postestratificado",FALSE,0.34338564244067,"sintetico_postestratificado",FALSE,FALSE,FALSE,"19","043","Rayones"
1010,-21.2403187579309,-51.2111912877161,10.4730259561726,0.561655997576018,"sintetico_postestratificado",FALSE,0.349252809996708,"sintetico_postestratificado",FALSE,FALSE,FALSE,"19","014","Doctor Arroyo"
1011,-18.5086616781177,-46.127534723892,10.4916992318775,0.535463693481062,"sintetico_postestratificado",FALSE,0.350377076699885,"sintetico_postestratificado",FALSE,FALSE,FALSE,"19","038","Montemorelos"
1012,-19.9805785723284,-50.6644421426491,14.1448451648678,0.560292880618692,"sintetico_postestratificado",FALSE,0.360487094895408,"sintetico_postestratificado",FALSE,FALSE,FALSE,"19","008","Bustamante"
1013,-22.4799936640676,-50.6770361805356,8.15572164104443,0.557587041095623,"sintetico_postestratificado",FALSE,0.332787104454947,"sintetico_postestratificado",FALSE,FALSE,FALSE,"19","013","China"
1014,-21.2772423824089,-51.5621563091127,10.476537820755,0.532061705042467,"sintetico_postestratificado",FALSE,0.319289281218378,"sintetico_postestratificado",FALSE,FALSE,FALSE,"19","045","Salinas Victoria"
1015,-21.4114709799312,-49.1161687967019,10.7217738511087,0.577151477919857,"sintetico_postestratificado",FALSE,0.363036768120545,"sintetico_postestratificado",FALSE,FALSE,FALSE,"19","030","Iturbide"
1016,-22.9949133567965,-51.4590701602168,6.75250638225119,0.532579624723066,"sintetico_postestratificado",FALSE,0.302630491155101,"sintetico_postestratificado",FALSE,FALSE,FALSE,"20","125","San Carlos Yautepec"
1017,-23.3677779783078,-51.463377741768,8.08078279202071,0.582863056326406,"sintetico_postestratificado",FALSE,0.349185276543327,"sintetico_postestratificado",FALSE,FALSE,FALSE,"20","481","Santiago Nuyoó"
1018,-25.2258288374601,-54.0270564408381,8.51939981373048,0.58175658035766,"sintetico_postestratificado",FALSE,0.329498291983059,"sintetico_postestratificado",FALSE,FALSE,FALSE,"20","517","Santo Domingo Tepuxtepec"
1019,-19.9923063054071,-49.2122469919445,7.30314058530292,0.440787265456719,"sintetico_postestratificado",FALSE,0.240864202402648,"sintetico_postestratificado",FALSE,FALSE,FALSE,"20","524","Santo Domingo Yodohino"
1020,-23.8438343224037,-50.5545357960282,6.50908325775219,0.529341375077774,"sintetico_postestratificado",FALSE,0.290903031853737,"sintetico_postestratificado",FALSE,FALSE,FALSE,"20","378","Santa Cruz Mixtepec"
1021,-22.3348913936964,-49.3157229190912,9.68022043485874,0.54284118551626,"sintetico_postestratificado",FALSE,0.319492271579296,"sintetico_postestratificado",FALSE,FALSE,FALSE,"20","054","Magdalena Zahuatlán"
1022,-24.9141346267255,-53.8724537976083,5.79738665197421,0.59426801068951,"sintetico_postestratificado",FALSE,0.345126664422255,"sintetico_postestratificado",FALSE,FALSE,FALSE,"20","542","Taniche"
1023,-23.9034387977695,-52.8038322856589,8.102854531531,0.605539358149622,"sintetico_postestratificado",FALSE,0.366504970171927,"sintetico_postestratificado",FALSE,FALSE,FALSE,"20","237","San Marcos Arteaga"
1024,-24.3995497843309,-52.4449291901796,6.9587041981684,0.536336986099582,"sintetico_postestratificado",FALSE,0.292341488256272,"sintetico_postestratificado",FALSE,FALSE,FALSE,"20","489","Santiago Tetepec"
1025,-22.3682459331486,-52.2430231194276,11.7161279467958,0.566569795526674,"sintetico_postestratificado",FALSE,0.342887336195188,"sintetico_postestratificado",FALSE,FALSE,FALSE,"20","544","Teococuilco de Marcos Pérez"
1026,-24.7669454575708,-52.1276642233883,6.15866241417086,0.541599245482789,"sintetico_postestratificado",FALSE,0.293929790907081,"sintetico_postestratificado",FALSE,FALSE,FALSE,"20","490","Santiago Texcalcingo"
1027,-26.1261911416824,-53.535839481824,4.46387579411383,0.573532944860022,"sintetico_postestratificado",FALSE,0.312271033443198,"sintetico_postestratificado",FALSE,FALSE,FALSE,"20","333","San Pedro Totolápam"
1028,-23.3904853718888,-50.5372176639781,6.74917829609374,0.547618407484363,"sintetico_postestratificado",FALSE,0.313713553765474,"sintetico_postestratificado",FALSE,FALSE,FALSE,"20","334","Villa de Tututepec"
1029,-21.8329374180643,-51.2405938345546,9.18657826106994,0.525596728076879,"sintetico_postestratificado",FALSE,0.307267353896235,"sintetico_postestratificado",FALSE,FALSE,FALSE,"20","562","Magdalena Yodocono de Porfirio Díaz"
1030,-22.4065204047921,-50.9129503332079,6.38216877031129,0.547779713232606,"sintetico_postestratificado",FALSE,0.323714509184685,"sintetico_postestratificado",FALSE,FALSE,FALSE,"20","133","San Esteban Atatlahuca"
1031,-22.4210740802513,-49.2962519831067,5.9574851739966,0.532765432594075,"muestra_directa",TRUE,0.308554691791562,"muestra_directa",TRUE,TRUE,TRUE,"20","134","San Felipe Jalapa de Díaz"
1032,-23.7630375828905,-54.1417352714978,8.46034218455108,0.549433741966363,"sintetico_postestratificado",FALSE,0.311803366137458,"sintetico_postestratificado",FALSE,FALSE,FALSE,"20","138","San Francisco Cajonos"
1033,-24.1681928197879,-51.9885298336613,6.42407645745333,0.564276374932845,"sintetico_postestratificado",FALSE,0.322594446734966,"sintetico_postestratificado",FALSE,FALSE,FALSE,"20","149","San Francisco Sola"
1034,-24.339374002724,-53.4341355871435,7.3267854368023,0.576859533577889,"sintetico_postestratificado",FALSE,0.333465793550649,"sintetico_postestratificado",FALSE,FALSE,FALSE,"20","161","San Jerónimo Sosola"
1035,-22.7593214482813,-51.0111101922969,8.23319834155738,0.555427947396839,"sintetico_postestratificado",FALSE,0.327834732914026,"sintetico_postestratificado",FALSE,FALSE,FALSE,"20","159","San Jerónimo Coatlán"
1036,-24.589809783052,-52.7017775342237,3.7567002168101,0.541028678990425,"sintetico_postestratificado",FALSE,0.295130581159906,"sintetico_postestratificado",FALSE,FALSE,FALSE,"20","437","Santa María Tlahuitoltepec"
1037,-24.1572837600573,-52.5326425306973,7.55333473147129,0.564879732072307,"sintetico_postestratificado",FALSE,0.323306894471734,"sintetico_postestratificado",FALSE,FALSE,FALSE,"20","441","Santa María Xadani"
1038,-25.4059218915611,-52.648791918819,3.56084712438866,0.545303842500701,"sintetico_postestratificado",FALSE,0.29124462358509,"sintetico_postestratificado",FALSE,FALSE,FALSE,"20","446","Santa María Yucuhiti"
1039,-24.6909543787098,-52.7336528705901,8.56354676904293,0.551740707406693,"sintetico_postestratificado",FALSE,0.304831163619595,"sintetico_postestratificado",FALSE,FALSE,FALSE,"20","447","Santa María Zacatepec"
1040,-24.1429148005283,-52.0023754089303,6.91212378010164,0.581386252854871,"sintetico_postestratificado",FALSE,0.339957104849589,"sintetico_postestratificado",FALSE,FALSE,FALSE,"20","469","Santiago Juxtlahuaca"
1041,-24.0529765540951,-52.3413320641444,8.87367757034327,0.565886300348893,"sintetico_postestratificado",FALSE,0.325356534807942,"sintetico_postestratificado",FALSE,FALSE,FALSE,"20","511","Santo Domingo Nuxaá"
1042,-25.3277667840119,-52.8855623616575,6.80118416955314,0.559414708083453,"sintetico_postestratificado",FALSE,0.306137040243333,"sintetico_postestratificado",FALSE,FALSE,FALSE,"20","513","Santo Domingo Petapa"
1043,-24.4184515849999,-52.0047183080937,8.28018623408579,0.542433233284889,"sintetico_postestratificado",FALSE,0.29824871743489,"sintetico_postestratificado",FALSE,FALSE,FALSE,"20","278","San Miguel Soyaltepec"
1044,-25.9108230263651,-54.685740766653,4.35009389588638,0.558980972546452,"sintetico_postestratificado",FALSE,0.299872742282801,"sintetico_postestratificado",FALSE,FALSE,FALSE,"20","457","Santiago Camotlán"
1045,-23.2052521835822,-51.2668130348812,6.52887021937672,0.539812045250922,"sintetico_postestratificado",FALSE,0.3077595234151,"sintetico_postestratificado",FALSE,FALSE,FALSE,"20","163","San Jerónimo Tecóatl"
1046,-22.8750920034734,-52.8205065963723,9.38202064815636,0.548407756837097,"sintetico_postestratificado",FALSE,0.319656836802363,"sintetico_postestratificado",FALSE,FALSE,FALSE,"20","166","San José Chiltepec"
1047,-23.0808050103815,-51.3777104169405,6.97754610686033,0.548351006771715,"sintetico_postestratificado",FALSE,0.3175429566679,"sintetico_postestratificado",FALSE,FALSE,FALSE,"20","506","Santo Domingo Albarradas"
1048,-25.2187163955032,-55.3047020777592,8.48629270119711,0.542223073555975,"sintetico_postestratificado",FALSE,0.290035909600944,"sintetico_postestratificado",FALSE,FALSE,FALSE,"20","482","Santiago Pinotepa Nacional"
1049,-24.4840054701534,-50.1989942998307,4.25894290251381,0.566002499771834,"sintetico_postestratificado",FALSE,0.3211624450703,"sintetico_postestratificado",FALSE,FALSE,FALSE,"20","508","Santo Domingo Chihuitán"
1050,-23.2898348108627,-52.8676645595199,10.0313260964107,0.558185867375014,"sintetico_postestratificado",FALSE,0.325287519266387,"sintetico_postestratificado",FALSE,FALSE,FALSE,"20","205","San Juan Lalana"
1051,-23.6306263445341,-52.4547944625664,4.75198658296485,0.540958272883224,"sintetico_postestratificado",FALSE,0.304652009437884,"sintetico_postestratificado",FALSE,FALSE,FALSE,"20","271","San Miguel Mixtepec"
1052,-23.7508780409351,-52.8397833431889,8.69796801594871,0.545825802923657,"sintetico_postestratificado",FALSE,0.308317022514305,"sintetico_postestratificado",FALSE,FALSE,FALSE,"20","329","San Pedro Teozacoalco"
1053,-24.3796934114013,-53.02428919306,7.13832360510691,0.569652254513365,"sintetico_postestratificado",FALSE,0.325855320399352,"sintetico_postestratificado",FALSE,FALSE,FALSE,"20","330","San Pedro Teutila"
1054,-23.8806499771497,-54.2237536680613,8.16842955289697,0.553620395162595,"sintetico_postestratificado",FALSE,0.314813895391098,"sintetico_postestratificado",FALSE,FALSE,FALSE,"20","246","San Mateo Cajonos"
1055,-23.5123449147785,-50.2820797708285,6.14004955867044,0.552238552389127,"sintetico_postestratificado",FALSE,0.317115103241342,"sintetico_postestratificado",FALSE,FALSE,FALSE,"20","277","Villa Sola de Vega"
1056,-23.2787158245483,-46.9866300019821,2.55428667771557,0.674173056285992,"muestra_directa",TRUE,0.441385898040509,"muestra_directa",TRUE,TRUE,TRUE,"20","545","Teotitlán de Flores Magón"
1057,-24.9661746875388,-54.5650525594432,4.77505803660792,0.562689999863731,"sintetico_postestratificado",FALSE,0.313028252988342,"sintetico_postestratificado",FALSE,FALSE,FALSE,"20","546","Teotitlán del Valle"
1058,-25.1609981605395,-54.9105600245409,6.75961963794596,0.554192354293497,"sintetico_postestratificado",FALSE,0.302582372688102,"sintetico_postestratificado",FALSE,FALSE,FALSE,"20","547","Teotongo"
1059,-24.7486633887154,-51.76008546806,5.49378352571371,0.531799042322818,"sintetico_postestratificado",FALSE,0.284312408435664,"sintetico_postestratificado",FALSE,FALSE,FALSE,"20","170","San José Lachiguiri"
1060,-23.0648707064727,-53.799233890596,9.58471664581768,0.565665575697783,"sintetico_postestratificado",FALSE,0.335016868633056,"sintetico_postestratificado",FALSE,FALSE,FALSE,"20","230","San Lorenzo Victoria"
1061,-22.9310869996146,-50.2824067892403,7.18982108199512,0.59286501445129,"sintetico_postestratificado",FALSE,0.363554144455144,"sintetico_postestratificado",FALSE,FALSE,FALSE,"20","168","San José Estancia Grande"
1062,-20.1376362906655,-41.4992306995583,3.12901520065697,0.517324777526216,"muestra_directa",FALSE,0.315948414619561,"muestra_directa",FALSE,TRUE,FALSE,"20","184","San Juan Bautista Tuxtepec"
1063,-24.2702858295255,-54.2027760798605,8.15685936986109,0.551020607088717,"sintetico_postestratificado",FALSE,0.308317748793463,"sintetico_postestratificado",FALSE,FALSE,FALSE,"20","185","San Juan Cacahuatepec"
1064,-26.2437389524875,-55.2629384213683,4.53104556929798,0.616267177901084,"sintetico_postestratificado",FALSE,0.353829788376209,"sintetico_postestratificado",FALSE,FALSE,FALSE,"20","404","Santa María Chachoápam"
1065,-23.7513778743054,-52.1510878462202,8.36760766877808,0.5774107229885,"sintetico_postestratificado",FALSE,0.339896944245446,"sintetico_postestratificado",FALSE,FALSE,FALSE,"20","407","Santa María Chimalapa"
1066,-26.0827584835891,-52.6238252748569,3.57114165902446,0.532294793046348,"sintetico_postestratificado",FALSE,0.271467208210457,"sintetico_postestratificado",FALSE,FALSE,FALSE,"20","186","San Juan Cieneguilla"
1067,-20.1868797961453,-48.5231474105863,8.71878533039502,0.473474926644481,"sintetico_postestratificado",FALSE,0.271606128683028,"sintetico_postestratificado",FALSE,FALSE,FALSE,"20","214","San Juan Quiotepec"
1068,-27.7319890697745,-57.1376106110645,4.7699334208671,0.551386781139263,"sintetico_postestratificado",FALSE,0.274066890441517,"sintetico_postestratificado",FALSE,FALSE,FALSE,"20","220","San Juan Tepeuxila"
1069,-23.4954384082204,-52.5189410511985,8.88914959683505,0.520422412255253,"sintetico_postestratificado",FALSE,0.28546802817305,"sintetico_postestratificado",FALSE,FALSE,FALSE,"20","227","San Lorenzo Cacaotepec"
1070,-23.4925230400969,-51.2803673323308,7.36282575922828,0.56465813830836,"sintetico_postestratificado",FALSE,0.329732907907391,"sintetico_postestratificado",FALSE,FALSE,FALSE,"20","261","San Miguel Amatitlán"
1071,-24.2707455992671,-53.6449376952784,7.80744138861061,0.529150027970773,"sintetico_postestratificado",FALSE,0.286442571978101,"sintetico_postestratificado",FALSE,FALSE,FALSE,"20","552","Tlacotepec Plumas"
1072,-25.293324104705,-51.7309425634702,2.89722881973065,0.606968292351113,"sintetico_postestratificado",FALSE,0.354035051304063,"sintetico_postestratificado",FALSE,FALSE,FALSE,"20","262","San Miguel Amatlán"
1073,-22.6764652050247,-51.0059620319664,7.89316157666139,0.540622179829004,"sintetico_postestratificado",FALSE,0.313857527778757,"sintetico_postestratificado",FALSE,FALSE,FALSE,"20","266","San Miguel del Puerto"
1074,-23.8130057489296,-51.3130374574295,7.39370461755293,0.536502770030942,"sintetico_postestratificado",FALSE,0.298372712541646,"sintetico_postestratificado",FALSE,FALSE,FALSE,"20","550","San Jerónimo Tlacochahuaya"
1075,-23.9922821196449,-53.5118374970058,7.20791889467921,0.529408123779082,"sintetico_postestratificado",FALSE,0.289485302582633,"sintetico_postestratificado",FALSE,FALSE,FALSE,"20","253","San Mateo Piñas"
1076,-25.5997653417986,-53.5425101855123,3.27046223535946,0.586056631205078,"sintetico_postestratificado",FALSE,0.330058977787092,"sintetico_postestratificado",FALSE,FALSE,FALSE,"20","254","San Mateo Río Hondo"
1077,-26.3845672052194,-49.9455031350268,-0.0446257557391646,0.523644988594672,"muestra_directa",TRUE,0.259799316542478,"muestra_directa",FALSE,TRUE,TRUE,"20","272","San Miguel Panixtlahuaca"
1078,-23.406804561262,-52.7829752617529,7.23526620910902,0.508642850644056,"sintetico_postestratificado",FALSE,0.274574805031435,"sintetico_postestratificado",FALSE,FALSE,FALSE,"20","273","San Miguel Peras"
1079,-24.8476153327788,-53.2642583879096,5.44043181465912,0.56506825575656,"sintetico_postestratificado",FALSE,0.316592102428772,"sintetico_postestratificado",FALSE,FALSE,FALSE,"20","275","San Miguel Quetzaltepec"
1080,-25.6316679831754,-56.313528851201,4.44319923626349,0.551850760872403,"sintetico_postestratificado",FALSE,0.295534081040649,"sintetico_postestratificado",FALSE,FALSE,FALSE,"20","551","Tlacolula de Matamoros"
1081,-20.2054883534968,-50.3200531456003,8.98188587148555,0.481798882613395,"sintetico_postestratificado",FALSE,0.279743999078427,"sintetico_postestratificado",FALSE,FALSE,FALSE,"20","357","Santa Ana Tavela"
1082,-23.191088573538,-50.920183019293,6.20963175931682,0.512761238527596,"sintetico_postestratificado",FALSE,0.280850352792216,"sintetico_postestratificado",FALSE,FALSE,FALSE,"20","502","Santiago Zacatepec"
1083,-23.6209729151902,-51.7565074283299,7.18694596613156,0.542801893778293,"sintetico_postestratificado",FALSE,0.30659216462639,"sintetico_postestratificado",FALSE,FALSE,FALSE,"20","553","Tlalixtac de Cabrera"
1084,-22.4324116144284,-52.2551651612188,10.0131391341563,0.557055087252204,"sintetico_postestratificado",FALSE,0.332730971107919,"sintetico_postestratificado",FALSE,FALSE,FALSE,"20","265","San Miguel Chimalapa"
1085,-21.0567047749943,-48.8930509608714,8.88246868518372,0.556471696022,"sintetico_postestratificado",FALSE,0.345904648272057,"sintetico_postestratificado",FALSE,FALSE,FALSE,"20","493","Santiago Tillo"
1086,-14.4725913446718,-37.3965657828917,8.43141271184697,0.472433007807104,"muestra_directa",FALSE,0.327707094360386,"muestra_directa",FALSE,TRUE,FALSE,"20","318","San Pedro Mixtepec"
1087,-21.2451311906165,-49.5687154087677,9.96849666873164,0.551186196440117,"sintetico_postestratificado",FALSE,0.338734884533952,"sintetico_postestratificado",FALSE,FALSE,FALSE,"20","327","San Pedro Tapanatepec"
1088,-22.8896584353805,-51.2643503862342,9.3223230604328,0.557621478645501,"sintetico_postestratificado",FALSE,0.328724894291696,"sintetico_postestratificado",FALSE,FALSE,FALSE,"20","554","Totontepec Villa de Morelos"
1089,-23.3679710934413,-53.5861589904544,8.86981824963278,0.538251739895865,"sintetico_postestratificado",FALSE,0.304572028961452,"sintetico_postestratificado",FALSE,FALSE,FALSE,"20","555","Trinidad Zaachila"
1090,-23.8992369996587,-54.5175249022028,6.24250429624713,0.51390896368708,"sintetico_postestratificado",FALSE,0.274916593690492,"sintetico_postestratificado",FALSE,FALSE,FALSE,"20","556","La Trinidad Vista Hermosa"
1091,-23.6249866133489,-53.055642992846,6.53790780618031,0.510716058229313,"sintetico_postestratificado",FALSE,0.274466192095823,"sintetico_postestratificado",FALSE,FALSE,FALSE,"20","018","Concepción Buenavista"
1092,-24.9566566851739,-52.1890060195858,4.79953678845558,0.557639920984244,"sintetico_postestratificado",FALSE,0.308073354132505,"sintetico_postestratificado",FALSE,FALSE,FALSE,"20","036","Guevea de Humboldt"
1093,-25.1564966022083,-55.0505500975398,9.09857258392059,0.545363215731094,"sintetico_postestratificado",FALSE,0.293798249709011,"sintetico_postestratificado",FALSE,FALSE,FALSE,"20","338","Villa de Etla"
1094,-24.9206613084929,-53.0249634738742,8.83451349738475,0.564175510719942,"sintetico_postestratificado",FALSE,0.314968897635013,"sintetico_postestratificado",FALSE,FALSE,FALSE,"20","344","San Sebastián Coatlán"
1095,-25.7710707516798,-53.4137732077527,6.03871122731061,0.600224554575932,"sintetico_postestratificado",FALSE,0.342513847059134,"sintetico_postestratificado",FALSE,FALSE,FALSE,"20","366","Santa Catarina Loxicha"
1096,-23.8773294245941,-52.7795314492265,7.95450637792628,0.566564000026631,"sintetico_postestratificado",FALSE,0.32779070578069,"sintetico_postestratificado",FALSE,FALSE,FALSE,"20","377","Santa Cruz Itundujia"
1097,-22.3835102720679,-50.6646417999146,8.56096830558511,0.524282676309512,"sintetico_postestratificado",FALSE,0.300447573588833,"sintetico_postestratificado",FALSE,FALSE,FALSE,"20","451","Santiago Apoala"
1098,-22.6091433014998,-50.6948635931107,9.34072431290184,0.525329537225149,"sintetico_postestratificado",FALSE,0.299238104210151,"sintetico_postestratificado",FALSE,FALSE,FALSE,"20","005","Asunción Ixtaltepec"
1099,-22.9662571508485,-54.2609860151941,5.53197945365988,0.509841187916115,"sintetico_postestratificado",FALSE,0.280178616407629,"sintetico_postestratificado",FALSE,FALSE,FALSE,"20","558","Valerio Trujano"
1100,-23.3888852460937,-51.1248609553031,6.69573489566722,0.529149427728186,"sintetico_postestratificado",FALSE,0.295260575267249,"sintetico_postestratificado",FALSE,FALSE,FALSE,"20","561","Yaxe"
1101,-22.888636372436,-50.3887516146974,6.80577837287597,0.535571351022459,"sintetico_postestratificado",FALSE,0.306684987298099,"sintetico_postestratificado",FALSE,FALSE,FALSE,"20","056","Mártires de Tacubaya"
1102,-25.0070637194179,-53.5923135834052,7.93812989031442,0.574736802154711,"sintetico_postestratificado",FALSE,0.324666164960532,"sintetico_postestratificado",FALSE,FALSE,FALSE,"20","563","Yogana"
1103,-26.0267659494657,-55.4139402982229,3.81581547062892,0.57341410414098,"sintetico_postestratificado",FALSE,0.313146444646323,"sintetico_postestratificado",FALSE,FALSE,FALSE,"20","497","Santiago Yaitepec"
1104,-25.5879480343256,-53.3215175136741,5.18948489046115,0.549881261586218,"sintetico_postestratificado",FALSE,0.294001781242962,"sintetico_postestratificado",FALSE,FALSE,FALSE,"20","549","Heroica Villa Tezoatlán de Segura y Luna, Cuna de la Independencia de Oaxaca"
1105,-24.5279635852999,-53.0229575579579,6.60934471250713,0.588490934715217,"sintetico_postestratificado",FALSE,0.343211298862218,"sintetico_postestratificado",FALSE,FALSE,FALSE,"20","564","Yutanduchi de Guerrero"
1106,-24.7377677872361,-52.5070791673792,3.0939729626148,0.576836946427642,"sintetico_postestratificado",FALSE,0.329459268555281,"sintetico_postestratificado",FALSE,FALSE,FALSE,"20","565","Villa de Zaachila"
1107,-24.6750632630964,-53.7894527295132,5.44415181657178,0.534577634302819,"sintetico_postestratificado",FALSE,0.287827001671855,"sintetico_postestratificado",FALSE,FALSE,FALSE,"20","099","San Andrés Tepetlapa"
1108,-22.8342718477524,-51.4726657342074,9.28040862022106,0.563168532378161,"sintetico_postestratificado",FALSE,0.334825813900638,"sintetico_postestratificado",FALSE,FALSE,FALSE,"20","491","Santiago Textitlán"
1109,-24.2261262176095,-52.0847642730845,6.85581580977045,0.562293581022082,"sintetico_postestratificado",FALSE,0.320032318845987,"sintetico_postestratificado",FALSE,FALSE,FALSE,"20","031","Tamazulápam del Espíritu Santo"
1110,-23.6516416087862,-52.7269842650219,7.57309432766117,0.599967538911826,"sintetico_postestratificado",FALSE,0.363451122823964,"sintetico_postestratificado",FALSE,FALSE,FALSE,"20","279","San Miguel Suchixtepec"
1111,-23.5265211997515,-53.0375562043959,6.9401263360008,0.546823363532767,"sintetico_postestratificado",FALSE,0.311558151535252,"sintetico_postestratificado",FALSE,FALSE,FALSE,"20","401","Santa María Colotepec"
1112,-22.969381810314,-51.4759111281668,7.25193733369657,0.517496407591245,"sintetico_postestratificado",FALSE,0.287802589488105,"sintetico_postestratificado",FALSE,FALSE,FALSE,"20","367","Santa Catarina Mechoacán"
1113,-22.6463223158067,-48.2632303216919,3.04284756230454,0.522842793835586,"muestra_directa",TRUE,0.296379570677519,"muestra_directa",FALSE,TRUE,TRUE,"20","500","Santiago Yosondúa"
1114,-23.4261840506764,-53.3325934366547,11.2401463503722,0.56150146247498,"sintetico_postestratificado",FALSE,0.327239621968217,"sintetico_postestratificado",FALSE,FALSE,FALSE,"20","503","Santiago Zoochila"
1115,-25.3864604360408,-56.6073022101233,7.53677401994357,0.603462895213558,"sintetico_postestratificado",FALSE,0.34959829085315,"sintetico_postestratificado",FALSE,FALSE,FALSE,"20","379","Santa Cruz Nundaco"
1116,-25.2186026017122,-53.8657395716113,4.08848401325907,0.552676585480433,"sintetico_postestratificado",FALSE,0.300490559463311,"sintetico_postestratificado",FALSE,FALSE,FALSE,"20","494","Santiago Tlazoyaltepec"
1117,-20.4650637905884,-46.2657484616795,7.57072367704713,0.453875707184823,"muestra_directa",TRUE,0.249225069278938,"muestra_directa",TRUE,TRUE,TRUE,"20","499","Santiago Yolomécatl"
1118,-25.1196210471028,-52.0550968726277,6.60925608780049,0.558188141106109,"sintetico_postestratificado",FALSE,0.306991930635081,"sintetico_postestratificado",FALSE,FALSE,FALSE,"20","058","Mazatlán Villa de Flores"
1119,-24.5400755649882,-52.3466342319709,5.89628696320941,0.544103426057796,"sintetico_postestratificado",FALSE,0.298702670407914,"sintetico_postestratificado",FALSE,FALSE,FALSE,"20","059","Miahuatlán de Porfirio Díaz"
1120,-22.4102884214957,-51.8352008027219,9.49931503205714,0.521703283384741,"sintetico_postestratificado",FALSE,0.297600399169784,"sintetico_postestratificado",FALSE,FALSE,FALSE,"20","177","San Juan Bautista Cuicatlán"
1121,-22.6937798793838,-53.3807212752607,5.51047392256199,0.522380278449385,"sintetico_postestratificado",FALSE,0.295442479655547,"sintetico_postestratificado",FALSE,FALSE,FALSE,"20","359","Santa Ana Yareni"
1122,-25.0823650253733,-54.8275517338901,6.39925860961997,0.554465672819511,"sintetico_postestratificado",FALSE,0.303642022565778,"sintetico_postestratificado",FALSE,FALSE,FALSE,"20","364","Santa Catarina Juquila"
1123,-25.2479799668084,-53.1322871965165,5.45883468831365,0.583973885565782,"sintetico_postestratificado",FALSE,0.331494085897698,"sintetico_postestratificado",FALSE,FALSE,FALSE,"20","569","Santa Inés de Zaragoza"
1124,-24.7103370989721,-52.7594449529718,5.85707171191537,0.541429450464453,"sintetico_postestratificado",FALSE,0.294326079474732,"sintetico_postestratificado",FALSE,FALSE,FALSE,"20","570","Zimatlán de Álvarez"
1125,-20.2665961488748,-48.9837111422032,8.08044583457248,0.468928406651876,"sintetico_postestratificado",FALSE,0.266262445163129,"sintetico_postestratificado",FALSE,FALSE,FALSE,"20","567","Zapotitlán Lagunas"
1126,-34.0320967177871,-58.1711512327034,-6.91808558521467,0.590991100652511,"muestra_directa",TRUE,0.25067013347464,"muestra_directa",TRUE,TRUE,TRUE,"20","057","Matías Romero Avendaño"
1127,-22.7864039097192,-51.1402696150199,8.46289097174136,0.559020369133825,"sintetico_postestratificado",FALSE,0.331156330036634,"sintetico_postestratificado",FALSE,FALSE,FALSE,"20","423","Santa María Nduayaco"
1128,-23.081301784957,-52.5251667906108,6.33973646855359,0.527412607911218,"sintetico_postestratificado",FALSE,0.296599590061648,"sintetico_postestratificado",FALSE,FALSE,FALSE,"20","112","San Baltazar Chichicápam"
1129,-24.0589390447595,-53.7593431608014,9.64217335194659,0.520022158518749,"sintetico_postestratificado",FALSE,0.279432768071154,"sintetico_postestratificado",FALSE,FALSE,FALSE,"20","510","Santo Domingo Ixcatlán"
1130,-23.9603439423534,-54.0012675343557,9.15282226177132,0.55761713550367,"sintetico_postestratificado",FALSE,0.318013696080136,"sintetico_postestratificado",FALSE,FALSE,FALSE,"20","371","Santa Catarina Ticuá"
1131,-22.2293516465949,-50.6939629506557,5.76866170463003,0.565777598779705,"sintetico_postestratificado",FALSE,0.343484082313757,"sintetico_postestratificado",FALSE,FALSE,FALSE,"20","424","Santa María Ozolotepec"
1132,-22.7448943698251,-52.3727845154455,6.38905931370321,0.578019336001342,"sintetico_postestratificado",FALSE,0.35057039230309,"sintetico_postestratificado",FALSE,FALSE,FALSE,"20","406","Santa María Chilchotla"
1133,-24.8885806595117,-54.2462021744397,5.88419165304814,0.561270842305151,"sintetico_postestratificado",FALSE,0.312385035710034,"sintetico_postestratificado",FALSE,FALSE,FALSE,"20","410","Santa María Ecatepec"
1134,-22.5815736565973,-50.5405600892266,8.47842432683032,0.567674664247767,"sintetico_postestratificado",FALSE,0.341858927681795,"sintetico_postestratificado",FALSE,FALSE,FALSE,"20","435","Santa María Tepantlali"
1135,-25.6439790318365,-54.1636880359064,5.45336954529353,0.55763273696963,"sintetico_postestratificado",FALSE,0.301192946651265,"sintetico_postestratificado",FALSE,FALSE,FALSE,"20","417","Santa María Jacatepec"
1136,-23.8148427550991,-52.927636891566,5.98579520252353,0.55684886004917,"sintetico_postestratificado",FALSE,0.318700432498179,"sintetico_postestratificado",FALSE,FALSE,FALSE,"20","422","Santa María Nativitas"
1137,-24.085346438594,-52.813648478552,5.93729973499268,0.561900015938841,"sintetico_postestratificado",FALSE,0.3210465515529,"sintetico_postestratificado",FALSE,FALSE,FALSE,"20","439","Santa María Tonameca"
1138,-22.5110570828604,-50.6905128700524,5.23232128947464,0.521411504527686,"sintetico_postestratificado",FALSE,0.296300933699082,"sintetico_postestratificado",FALSE,FALSE,FALSE,"20","450","Santiago Amoltepec"
1139,-25.9457681545642,-49.3611746759883,0.376773258896536,0.65032122566788,"muestra_directa",FALSE,0.390863544122239,"muestra_directa",FALSE,TRUE,FALSE,"20","075","Reforma de Pineda"
1140,-24.8978215706981,-53.7401810673024,6.94340520320655,0.540989113895116,"sintetico_postestratificado",FALSE,0.292010898188135,"sintetico_postestratificado",FALSE,FALSE,FALSE,"20","501","Santiago Yucuyachi"
1141,-23.1513310455848,-51.8613740027084,6.19337577092335,0.558196802689432,"sintetico_postestratificado",FALSE,0.326683492233584,"sintetico_postestratificado",FALSE,FALSE,FALSE,"20","504","Nuevo Zoquiápam"
1142,-22.9924517775584,-51.5905214715348,6.0029170109269,0.532226964291667,"sintetico_postestratificado",FALSE,0.302302446516083,"sintetico_postestratificado",FALSE,FALSE,FALSE,"20","505","Santo Domingo Ingenio"
1143,-25.9343420712742,-51.9968107097029,6.05555144999883,0.596785417605207,"sintetico_postestratificado",FALSE,0.337441996892465,"sintetico_postestratificado",FALSE,FALSE,FALSE,"20","251","San Mateo Nejápam"
1144,-25.5113711852479,-53.8101847960183,4.07543443272019,0.493042560484841,"sintetico_postestratificado",FALSE,0.237928848632361,"sintetico_postestratificado",FALSE,FALSE,FALSE,"20","459","Villa de Santiago Chazumba"
1145,-26.2742262813151,-53.9022680404136,3.27239978268996,0.616690967026368,"sintetico_postestratificado",FALSE,0.353948704213216,"sintetico_postestratificado",FALSE,FALSE,FALSE,"20","477","Santiago Minas"
1146,-23.3732360415791,-52.8506753374557,9.96654249935675,0.57379305516627,"sintetico_postestratificado",FALSE,0.34006069475048,"sintetico_postestratificado",FALSE,FALSE,FALSE,"20","484","Santiago Tamazola"
1147,-22.3354802935677,-53.7620359525866,9.83996512335117,0.549744136074186,"sintetico_postestratificado",FALSE,0.326389333138509,"sintetico_postestratificado",FALSE,FALSE,FALSE,"20","485","Santiago Tapextla"
1148,-24.5603416480401,-51.6574712208508,5.92910041080521,0.587013221224678,"sintetico_postestratificado",FALSE,0.341409804744277,"sintetico_postestratificado",FALSE,FALSE,FALSE,"20","492","Santiago Tilantongo"
1149,-23.8614794087769,-54.6287677277627,4.36424667230975,0.535150677676501,"sintetico_postestratificado",FALSE,0.296535883588732,"sintetico_postestratificado",FALSE,FALSE,FALSE,"20","495","Santiago Xanica"
1150,-25.2014812193256,-53.7395488146439,3.64612618780095,0.561715639678433,"sintetico_postestratificado",FALSE,0.309700827485177,"sintetico_postestratificado",FALSE,FALSE,FALSE,"20","534","San Vicente Coatlán"
1151,-24.0817127748041,-52.0298193524044,7.01028927006939,0.561073392238249,"sintetico_postestratificado",FALSE,0.320256264490208,"sintetico_postestratificado",FALSE,FALSE,FALSE,"20","537","Silacayoápam"
1152,-23.6652153615531,-53.5236614389138,4.71809955578496,0.51339709809464,"sintetico_postestratificado",FALSE,0.276744944479108,"sintetico_postestratificado",FALSE,FALSE,FALSE,"20","543","Tataltepec de Valdés"
1153,-21.2433283310864,-52.0544310736904,9.92582582049774,0.538092765137578,"sintetico_postestratificado",FALSE,0.325659481826714,"sintetico_postestratificado",FALSE,FALSE,FALSE,"20","548","Tepelmeme Villa de Morelos"
1154,-21.7190315973862,-49.0269008780416,5.7841368629819,0.480137524213167,"sintetico_postestratificado",FALSE,0.262947208239306,"sintetico_postestratificado",FALSE,FALSE,FALSE,"20","463","Santiago Huauclilla"
1155,-25.1995039860787,-55.7467314125897,4.10424196719703,0.550251254854083,"sintetico_postestratificado",FALSE,0.298256214993296,"sintetico_postestratificado",FALSE,FALSE,FALSE,"20","467","Santiago Jamiltepec"
1156,-23.8226100694077,-54.1388298163916,8.79831450401411,0.565019268293719,"sintetico_postestratificado",FALSE,0.326793167599641,"sintetico_postestratificado",FALSE,FALSE,FALSE,"20","559","San Juan Bautista Valle Nacional"
1157,-23.8961632426925,-52.6527836878879,4.13119695154167,0.560754629813771,"sintetico_postestratificado",FALSE,0.321792997386846,"sintetico_postestratificado",FALSE,FALSE,FALSE,"20","169","San José Independencia"
1158,-25.5334158281585,-55.1123095790538,7.90407547417292,0.57155626498676,"sintetico_postestratificado",FALSE,0.316222106705176,"sintetico_postestratificado",FALSE,FALSE,FALSE,"20","117","San Bartolomé Loxicha"
1159,-21.6818062735839,-49.8206366408984,6.97506990040666,0.555964918620029,"sintetico_postestratificado",FALSE,0.33914685588419,"sintetico_postestratificado",FALSE,FALSE,FALSE,"20","512","Santo Domingo Ozolotepec"
1160,-27.3119766839683,-56.7505922085284,5.76420472568204,0.619769576091921,"sintetico_postestratificado",FALSE,0.346649809252238,"sintetico_postestratificado",FALSE,FALSE,FALSE,"20","514","Santo Domingo Roayaga"
1161,-25.6510163724762,-52.9200656671166,5.90581356589858,0.566681544394607,"sintetico_postestratificado",FALSE,0.310171380669845,"sintetico_postestratificado",FALSE,FALSE,FALSE,"20","118","San Bartolomé Quialana"
1162,-23.0199992286737,-51.3593137591612,5.80440650345512,0.45202866124861,"sintetico_postestratificado",FALSE,0.221828668961873,"sintetico_postestratificado",FALSE,FALSE,FALSE,"20","518","Santo Domingo Tlatayápam"
1163,-26.2391596556533,-54.6795240356428,3.6535128351098,0.538074141459423,"sintetico_postestratificado",FALSE,0.27568254490289,"sintetico_postestratificado",FALSE,FALSE,FALSE,"20","440","Santa María Totolapilla"
1164,-25.3660374985033,-52.267613379599,5.82799909522086,0.53047143176635,"sintetico_postestratificado",FALSE,0.276811056781317,"sintetico_postestratificado",FALSE,FALSE,FALSE,"20","568","Zapotitlán Palmas"
1165,-22.4855341422705,-53.8309928921067,10.1164899720157,0.557896732892392,"sintetico_postestratificado",FALSE,0.333041391469687,"sintetico_postestratificado",FALSE,FALSE,FALSE,"20","521","Santo Domingo Tonaltepec"
1166,-26.1842624143843,-54.9461049581717,5.55413338062761,0.602794789738116,"sintetico_postestratificado",FALSE,0.340952165594274,"sintetico_postestratificado",FALSE,FALSE,FALSE,"20","001","Abejones"
1167,-25.90533646284,-55.5879620623514,7.39992252936956,0.561261439754881,"sintetico_postestratificado",FALSE,0.302208075126481,"sintetico_postestratificado",FALSE,FALSE,FALSE,"20","256","San Mateo Tlapiltepec"
1168,-22.71514424166,-52.5143084527577,7.93500709251094,0.523413227634695,"sintetico_postestratificado",FALSE,0.296261785218095,"sintetico_postestratificado",FALSE,FALSE,FALSE,"20","003","Asunción Cacalotepec"
1169,-22.8523643664927,-52.1085444551719,8.50438495944563,0.539026406352521,"sintetico_postestratificado",FALSE,0.310502762687594,"sintetico_postestratificado",FALSE,FALSE,FALSE,"20","263","San Miguel Coatlán"
1170,-22.9340702506583,-52.0065163573575,9.15553090169099,0.593679724729409,"sintetico_postestratificado",FALSE,0.364339022222826,"sintetico_postestratificado",FALSE,FALSE,FALSE,"20","004","Asunción Cuyotepeji"
1171,-22.2779344384897,-50.0106764611178,8.2129726047653,0.458659737892842,"sintetico_postestratificado",FALSE,0.235880393507944,"sintetico_postestratificado",FALSE,FALSE,FALSE,"20","007","Asunción Ocotlán"
1172,-26.2631122235958,-54.8945399669258,7.8423611296003,0.651814884258496,"sintetico_postestratificado",FALSE,0.389183762022538,"sintetico_postestratificado",FALSE,FALSE,FALSE,"20","267","San Miguel del Río"
1173,-21.1495094455118,-51.4061418653969,9.33231301105164,0.534617009243272,"sintetico_postestratificado",FALSE,0.323121914788154,"sintetico_postestratificado",FALSE,FALSE,FALSE,"20","011","Calihualá"
1174,-21.0965021946341,-49.6531258628737,8.94372814807618,0.496822136374042,"sintetico_postestratificado",FALSE,0.285857114427701,"sintetico_postestratificado",FALSE,FALSE,FALSE,"20","027","Chiquihuitlán de Benito Juárez"
1175,-26.8099797121909,-49.8795656582208,-1.38260736083323,0.565293343370626,"muestra_directa",TRUE,0.297193546248717,"muestra_directa",FALSE,TRUE,TRUE,"20","030","El Espinal"
1176,-26.6918318578946,-54.2065042547002,4.92980600044794,0.603717305246161,"sintetico_postestratificado",FALSE,0.336798986667215,"sintetico_postestratificado",FALSE,FALSE,FALSE,"20","519","Santo Domingo Tomaltepec"
1177,-24.0291606518956,-53.4736217046726,5.43944663177456,0.506721183881643,"sintetico_postestratificado",FALSE,0.266429577362688,"sintetico_postestratificado",FALSE,FALSE,FALSE,"20","034","Guadalupe de Ramírez"
1178,-23.5185568655615,-51.1245542467529,6.01510147643173,0.528616761986049,"sintetico_postestratificado",FALSE,0.293431193330434,"sintetico_postestratificado",FALSE,FALSE,FALSE,"20","013","Ciénega de Zimatlán"
1179,-24.8415960039873,-53.2695424633312,7.1736400640235,0.601737779717723,"sintetico_postestratificado",FALSE,0.353321819677849,"sintetico_postestratificado",FALSE,FALSE,FALSE,"20","460","Santiago Choápam"
1180,-22.8579198866412,-51.3680377789852,6.46023539587228,0.496091218818265,"sintetico_postestratificado",FALSE,0.267512019951854,"sintetico_postestratificado",FALSE,FALSE,FALSE,"20","044","Loma Bonita"
1181,-22.8663246032215,-51.9036288135368,10.7416885371445,0.549112362133586,"sintetico_postestratificado",FALSE,0.320449116101372,"sintetico_postestratificado",FALSE,FALSE,FALSE,"20","017","La Compañía"
1182,-24.9724965573817,-54.8763221495313,7.90118060493742,0.542521242151246,"sintetico_postestratificado",FALSE,0.292796276577429,"sintetico_postestratificado",FALSE,FALSE,FALSE,"20","507","Santo Domingo Armenta"
1183,-26.3177497218149,-54.9570767587592,4.06173229034403,0.56697808983802,"sintetico_postestratificado",FALSE,0.303800592619871,"sintetico_postestratificado",FALSE,FALSE,FALSE,"20","049","Magdalena Ocotlán"
1184,-21.86996551465,-51.0591999365884,7.55948455321834,0.478485812942699,"sintetico_postestratificado",FALSE,0.259786157796198,"sintetico_postestratificado",FALSE,FALSE,FALSE,"20","520","Santo Domingo Tonalá"
1185,-22.8887396399921,-51.0139242197128,6.09877130584396,0.507624801030274,"sintetico_postestratificado",FALSE,0.278737404630353,"sintetico_postestratificado",FALSE,FALSE,FALSE,"20","019","Concepción Pápalo"
1186,-23.7089139398001,-51.796283418497,5.95831721552305,0.499367284009336,"sintetico_postestratificado",FALSE,0.262278144611335,"sintetico_postestratificado",FALSE,FALSE,FALSE,"20","022","Cosoltepec"
1187,-20.586610346716,-48.6530255074241,8.34580562321123,0.506720319843214,"sintetico_postestratificado",FALSE,0.300854216376055,"sintetico_postestratificado",FALSE,FALSE,FALSE,"20","024","Cuyamecalco Villa de Zaragoza"
1188,-21.5498004651915,-47.2599636962615,5.92980543798758,0.641803362122083,"muestra_directa",TRUE,0.426305357470169,"muestra_directa",TRUE,TRUE,TRUE,"20","025","Chahuites"
1189,-24.1907044824136,-53.3761511867396,5.59920454667694,0.55000957076412,"sintetico_postestratificado",FALSE,0.308102525939985,"sintetico_postestratificado",FALSE,FALSE,FALSE,"20","026","Chalcatongo de Hidalgo"
1190,-22.3390396009524,-52.4360322714345,11.7687429363636,0.499896863286255,"sintetico_postestratificado",FALSE,0.276506467276731,"sintetico_postestratificado",FALSE,FALSE,FALSE,"20","029","Eloxochitlán de Flores Magón"
1191,-22.5640267083753,-50.5718296063355,6.24012392296626,0.528116146835436,"sintetico_postestratificado",FALSE,0.302475879751683,"sintetico_postestratificado",FALSE,FALSE,FALSE,"20","032","Fresnillo de Trujano"
1192,-16.9212231625321,-37.8285496630369,1.89830655532729,0.387611782107216,"muestra_directa",FALSE,0.218399550481895,"muestra_directa",FALSE,TRUE,FALSE,"20","515","Santo Domingo Tehuantepec"
1193,-23.0475676446389,-45.6002869712655,2.46719896434011,0.527324555411513,"muestra_directa",TRUE,0.296848878965124,"muestra_directa",FALSE,TRUE,TRUE,"20","516","Santo Domingo Teojomulco"
1194,-25.712044556115,-54.1362939212101,4.43602491162407,0.566010224273689,"sintetico_postestratificado",FALSE,0.308889778712539,"sintetico_postestratificado",FALSE,FALSE,FALSE,"20","033","Guadalupe Etla"
1195,-28.0379824800321,-57.7351019668202,4.57846336425813,0.604174803066144,"sintetico_postestratificado",FALSE,0.323794978265824,"sintetico_postestratificado",FALSE,FALSE,FALSE,"20","050","Magdalena Peñasco"
1196,-22.5232400469156,-54.3837578679836,10.688266438243,0.559761006042182,"sintetico_postestratificado",FALSE,0.334528605573026,"sintetico_postestratificado",FALSE,FALSE,FALSE,"20","035","Guelatao de Juárez"
1197,-23.8097798417913,-52.3783257142392,9.79521222839209,0.544720062381418,"sintetico_postestratificado",FALSE,0.306622263963505,"sintetico_postestratificado",FALSE,FALSE,FALSE,"20","051","Magdalena Teitipac"
1198,-21.6220108595281,-51.4045693712536,11.3209760939387,0.544024262235168,"sintetico_postestratificado",FALSE,0.327804153639888,"sintetico_postestratificado",FALSE,FALSE,FALSE,"20","536","San Vicente Nuñú"
1199,-23.9343889695773,-52.2051884944888,6.7217707303394,0.506584807067804,"sintetico_postestratificado",FALSE,0.26724091737203,"sintetico_postestratificado",FALSE,FALSE,FALSE,"20","047","Santa Magdalena Jicotlán"
1200,-26.1793280311662,-55.2965913881701,4.88874615681854,0.573855561233602,"sintetico_postestratificado",FALSE,0.31206228092194,"sintetico_postestratificado",FALSE,FALSE,FALSE,"20","037","Mesones Hidalgo"
1201,-26.2593164953029,-53.8475094863032,2.56307520151828,0.611542239498112,"sintetico_postestratificado",FALSE,0.348949074545083,"sintetico_postestratificado",FALSE,FALSE,FALSE,"20","040","Huautepec"
1202,-24.5206774657761,-51.9746721872109,5.95128011837499,0.558497788587433,"sintetico_postestratificado",FALSE,0.313291013929671,"sintetico_postestratificado",FALSE,FALSE,FALSE,"20","041","Huautla de Jiménez"
1203,-23.5013617312024,-53.1353218712248,8.26844652632511,0.54373510853668,"sintetico_postestratificado",FALSE,0.308721491224656,"sintetico_postestratificado",FALSE,FALSE,FALSE,"20","042","Ixtlán de Juárez"
1204,-25.1831326577691,-54.1402869326011,3.95590953687987,0.529069075639767,"sintetico_postestratificado",FALSE,0.277237749062076,"sintetico_postestratificado",FALSE,FALSE,FALSE,"20","045","Magdalena Apasco"
1205,-24.5905268204789,-53.7434184063114,7.17727534417524,0.555273684711479,"sintetico_postestratificado",FALSE,0.30936841650669,"sintetico_postestratificado",FALSE,FALSE,FALSE,"20","053","Magdalena Tlacotepec"
1206,-24.8294117550945,-54.1666606365109,8.00001277089274,0.577702805760626,"sintetico_postestratificado",FALSE,0.32940868820968,"sintetico_postestratificado",FALSE,FALSE,FALSE,"20","046","Magdalena Jaltepec"
1207,-23.6862080238365,-51.9307972609502,5.75731620096295,0.536343938632881,"sintetico_postestratificado",FALSE,0.299481858394516,"sintetico_postestratificado",FALSE,FALSE,FALSE,"20","523","Santo Domingo Yanhuitlán"
1208,-22.9004083910689,-51.0091434673636,7.5889184484782,0.522997732551632,"sintetico_postestratificado",FALSE,0.293993648640943,"sintetico_postestratificado",FALSE,FALSE,FALSE,"20","048","Magdalena Mixtepec"
1209,-26.3074846525693,-55.3715400105841,5.68790999638518,0.631377890050432,"sintetico_postestratificado",FALSE,0.368303043524739,"sintetico_postestratificado",FALSE,FALSE,FALSE,"20","522","Santo Domingo Xagacía"
1210,-24.4181783581445,-52.0983162416842,6.60115949812809,0.533639148085207,"sintetico_postestratificado",FALSE,0.289457364503762,"sintetico_postestratificado",FALSE,FALSE,FALSE,"20","456","Santiago Cacaloxtepec"
1211,-26.264249250422,-55.825857340181,4.9381658054778,0.567457826359437,"sintetico_postestratificado",FALSE,0.304815333855217,"sintetico_postestratificado",FALSE,FALSE,FALSE,"20","060","Mixistlán de la Reforma"
1212,-24.306203104058,-54.5108295664661,7.23918985922012,0.565251640900317,"sintetico_postestratificado",FALSE,0.322189609859737,"sintetico_postestratificado",FALSE,FALSE,FALSE,"20","061","Monjas"
1213,-24.7070300137526,-55.0971936992732,6.41474276148836,0.5862585975039,"sintetico_postestratificado",FALSE,0.339188297366374,"sintetico_postestratificado",FALSE,FALSE,FALSE,"20","062","Natividad"
1214,-23.1688590088465,-51.6144712562561,6.98894095310457,0.531085833339437,"sintetico_postestratificado",FALSE,0.299397243250972,"sintetico_postestratificado",FALSE,FALSE,FALSE,"20","063","Nazareno Etla"
1215,-27.4370620105459,-54.2415463128268,4.52559850127558,0.581037595549275,"sintetico_postestratificado",FALSE,0.306666975443817,"sintetico_postestratificado",FALSE,FALSE,FALSE,"20","065","Ixpantepec Nieves"
1216,-25.5722879484876,-55.0546819237335,6.74457155666392,0.598987158284074,"sintetico_postestratificado",FALSE,0.343264278799198,"sintetico_postestratificado",FALSE,FALSE,FALSE,"20","069","La Pe"
1217,-24.4067434315437,-52.241929113591,4.21586640155194,0.527202495359317,"sintetico_postestratificado",FALSE,0.28313506104388,"sintetico_postestratificado",FALSE,FALSE,FALSE,"20","070","Pinotepa de Don Luis"
1218,-26.1323645558303,-55.9469517164672,4.71386265915758,0.551337630561785,"sintetico_postestratificado",FALSE,0.290013985003482,"sintetico_postestratificado",FALSE,FALSE,FALSE,"20","071","Pluma Hidalgo"
1219,-23.9405222071684,-55.4865523280082,7.8826418687907,0.539003804824502,"sintetico_postestratificado",FALSE,0.299598582752818,"sintetico_postestratificado",FALSE,FALSE,FALSE,"20","096","San Andrés Sinaxtla"
1220,-24.2380402265428,-53.405837901514,7.82399499033888,0.565670109940017,"sintetico_postestratificado",FALSE,0.323289707674589,"sintetico_postestratificado",FALSE,FALSE,FALSE,"20","072","San José del Progreso"
1221,-23.0504984163828,-50.993579130392,5.35679128192454,0.545900063644932,"sintetico_postestratificado",FALSE,0.315395079481104,"sintetico_postestratificado",FALSE,FALSE,FALSE,"20","097","San Andrés Solaga"
1222,-23.675743815356,-51.5710274323974,10.9627202031719,0.573244816947013,"sintetico_postestratificado",FALSE,0.336487378793453,"sintetico_postestratificado",FALSE,FALSE,FALSE,"20","098","San Andrés Teotilálpam"
1223,-25.0909596247745,-52.9716541306878,5.28497070666228,0.61765145370073,"sintetico_postestratificado",FALSE,0.366741857452985,"sintetico_postestratificado",FALSE,FALSE,FALSE,"20","074","Santa Catarina Quioquitani"
1224,-34.7403272546172,-54.8793372921164,-12.8332885713985,0.663230461476608,"muestra_directa",FALSE,0.315827188930436,"muestra_directa",FALSE,TRUE,FALSE,"20","076","La Reforma"
1225,-24.3099794817817,-51.5166230776508,4.50906327972193,0.537356333826132,"sintetico_postestratificado",FALSE,0.294256539008315,"sintetico_postestratificado",FALSE,FALSE,FALSE,"20","190","San Juan Cotzocón"
1226,-26.1920224984539,-54.0291899437188,4.93141061212742,0.51777429030936,"sintetico_postestratificado",FALSE,0.255854065324821,"sintetico_postestratificado",FALSE,FALSE,FALSE,"20","078","Rojas de Cuauhtémoc"
1227,-23.8919514220244,-53.6191537780664,7.30883308948008,0.54420570336148,"sintetico_postestratificado",FALSE,0.305286189141236,"sintetico_postestratificado",FALSE,FALSE,FALSE,"20","077","Reyes Etla"
1228,-21.6412767780819,-50.5550516077343,7.58004532014218,0.554116016313345,"sintetico_postestratificado",FALSE,0.337703248532526,"sintetico_postestratificado",FALSE,FALSE,FALSE,"20","081","San Agustín Atenango"
1229,-23.0728150061134,-52.3557210683675,3.7312043388077,0.530802683298423,"sintetico_postestratificado",FALSE,0.300074533237289,"sintetico_postestratificado",FALSE,FALSE,FALSE,"20","094","San Andrés Nuxiño"
1230,-22.1974293733278,-52.3540258043395,9.25999278120457,0.466336953961958,"sintetico_postestratificado",FALSE,0.244362660228679,"sintetico_postestratificado",FALSE,FALSE,FALSE,"20","080","San Agustín Amatengo"
1231,-22.7277648509389,-51.4470343355094,8.77215629926934,0.515805421474145,"sintetico_postestratificado",FALSE,0.288527772964756,"sintetico_postestratificado",FALSE,FALSE,FALSE,"20","084","San Agustín Etla"
1232,-24.1244697651111,-52.2772010967619,9.04709024220049,0.525289310242963,"muestra_directa",TRUE,0.284044612591852,"muestra_directa",TRUE,TRUE,TRUE,"20","082","San Agustín Chayuco"
1233,-23.6752549320179,-53.6577924838818,6.62245333572086,0.494591463206699,"sintetico_postestratificado",FALSE,0.25783891388652,"sintetico_postestratificado",FALSE,FALSE,FALSE,"20","086","San Agustín Tlacotepec"
1234,-22.9314760694842,-50.2474532906889,7.52608844406823,0.496666684635221,"sintetico_postestratificado",FALSE,0.267351923940379,"sintetico_postestratificado",FALSE,FALSE,FALSE,"20","083","San Agustín de las Juntas"
1235,-24.2881192984598,-56.1335379816435,6.55078864114329,0.540713185626117,"sintetico_postestratificado",FALSE,0.297831992641519,"sintetico_postestratificado",FALSE,FALSE,FALSE,"20","092","San Andrés Ixtlahuaca"
1236,-23.018719368524,-51.7157462733694,6.51783777383221,0.555117939616113,"sintetico_postestratificado",FALSE,0.324930745930873,"sintetico_postestratificado",FALSE,FALSE,FALSE,"20","087","San Agustín Yatareni"
1237,-25.9391435125133,-56.3063756541671,5.84063497571183,0.545009749794196,"sintetico_postestratificado",FALSE,0.285618314669063,"sintetico_postestratificado",FALSE,FALSE,FALSE,"20","089","San Andrés Dinicuiti"
1238,-24.1345047278747,-52.8246780129908,9.63836279874654,0.524275823718622,"sintetico_postestratificado",FALSE,0.282930776439875,"sintetico_postestratificado",FALSE,FALSE,FALSE,"20","090","San Andrés Huaxpaltepec"
1239,-24.4019501915977,-54.4229582086127,6.88304464776912,0.542928285899725,"sintetico_postestratificado",FALSE,0.298908783983747,"sintetico_postestratificado",FALSE,FALSE,FALSE,"20","091","San Andrés Huayápam"
1240,-23.2422484726462,-52.1029569640733,8.77945303151821,0.561115018882768,"sintetico_postestratificado",FALSE,0.328692534156306,"sintetico_postestratificado",FALSE,FALSE,FALSE,"20","095","San Andrés Paxtlán"
1241,-25.1485538510738,-55.2453915961632,7.27744499604016,0.550575324613849,"sintetico_postestratificado",FALSE,0.299089786103111,"sintetico_postestratificado",FALSE,FALSE,FALSE,"20","100","San Andrés Yaá"
1242,-22.3031643971992,-51.294366305656,8.25749128261139,0.508821011207579,"sintetico_postestratificado",FALSE,0.285789367235587,"sintetico_postestratificado",FALSE,FALSE,FALSE,"20","101","San Andrés Zabache"
1243,-23.1262445777928,-51.8060852302131,8.20013352325071,0.536930170571128,"sintetico_postestratificado",FALSE,0.305667724793199,"sintetico_postestratificado",FALSE,FALSE,FALSE,"20","102","San Andrés Zautla"
1244,-21.6602682692287,-48.8385298903291,7.39147508255869,0.490127654640953,"sintetico_postestratificado",FALSE,0.273524971948667,"sintetico_postestratificado",FALSE,FALSE,FALSE,"20","233","San Lucas Quiaviní"
1245,-24.2915892935771,-51.9851838086714,6.68226691884409,0.561017993345029,"sintetico_postestratificado",FALSE,0.318102100409257,"sintetico_postestratificado",FALSE,FALSE,FALSE,"20","103","San Antonino Castillo Velasco"
1246,-23.7127672763475,-52.1455541787455,9.48440531289972,0.604318194504498,"sintetico_postestratificado",FALSE,0.367190521741023,"sintetico_postestratificado",FALSE,FALSE,FALSE,"20","104","San Antonino el Alto"
1247,-23.5469066645717,-53.2536040555664,5.65345906293426,0.491626384230065,"sintetico_postestratificado",FALSE,0.256157317584349,"sintetico_postestratificado",FALSE,FALSE,FALSE,"20","105","San Antonino Monte Verde"
1248,-23.1423571953378,-47.8268476005727,3.93911848566204,0.579917613020215,"muestra_directa",TRUE,0.348494041066837,"muestra_directa",FALSE,TRUE,TRUE,"20","107","San Antonio de la Cal"
1249,-25.5301771593913,-54.1263453122884,3.85405139172942,0.591245147708664,"sintetico_postestratificado",FALSE,0.335943376114751,"sintetico_postestratificado",FALSE,FALSE,FALSE,"20","108","San Antonio Huitepec"
1250,-24.1913611065635,-51.5273188860407,4.68974740221847,0.537915387145997,"sintetico_postestratificado",FALSE,0.296001776080362,"sintetico_postestratificado",FALSE,FALSE,FALSE,"20","109","San Antonio Nanahuatípam"
1251,-22.987589763151,-52.0842545568226,8.51420455121846,0.538645711731616,"sintetico_postestratificado",FALSE,0.308769814100107,"sintetico_postestratificado",FALSE,FALSE,FALSE,"20","110","San Antonio Sinicahua"
1252,-23.8637815963597,-53.1720584837234,7.93655628098218,0.536825153033302,"sintetico_postestratificado",FALSE,0.298187337069705,"sintetico_postestratificado",FALSE,FALSE,FALSE,"20","111","San Antonio Tepetlapa"
1253,-21.9139235588457,-50.8001113903256,7.32791683402527,0.462248362161725,"sintetico_postestratificado",FALSE,0.243109126573268,"sintetico_postestratificado",FALSE,FALSE,FALSE,"20","527","Santos Reyes Pápalo"
1254,-24.3372292873163,-54.2499586617215,6.96597376923508,0.5314928783076,"sintetico_postestratificado",FALSE,0.288120585434436,"sintetico_postestratificado",FALSE,FALSE,FALSE,"20","116","San Bartolomé Ayautla"
1255,-25.7480145409863,-53.6007808764677,3.61803148458111,0.547903949534718,"sintetico_postestratificado",FALSE,0.290423804124855,"sintetico_postestratificado",FALSE,FALSE,FALSE,"20","114","San Baltazar Yatzachi el Bajo"
1256,-24.5789814141975,-54.8921274368628,8.71275514161952,0.559958329453724,"sintetico_postestratificado",FALSE,0.314168515311749,"sintetico_postestratificado",FALSE,FALSE,FALSE,"20","172","San Juan Achiutla"
1257,-23.8377236091962,-52.0981716747978,7.95553201822672,0.551354644306602,"sintetico_postestratificado",FALSE,0.31297740821464,"sintetico_postestratificado",FALSE,FALSE,FALSE,"20","115","San Bartolo Coyotepec"
1258,-22.995649342256,-53.208767071452,9.13958379276653,0.533100093628914,"sintetico_postestratificado",FALSE,0.303143600206354,"sintetico_postestratificado",FALSE,FALSE,FALSE,"20","413","Santa María Huatulco"
1259,-25.7006540413883,-54.1004762235059,7.79913507672985,0.582437238133587,"sintetico_postestratificado",FALSE,0.325430697719705,"sintetico_postestratificado",FALSE,FALSE,FALSE,"20","119","San Bartolomé Yucuañe"
1260,-23.0994517751068,-52.6715787082713,7.29921764499252,0.57184716876998,"sintetico_postestratificado",FALSE,0.340852651018912,"sintetico_postestratificado",FALSE,FALSE,FALSE,"20","120","San Bartolomé Zoogocho"
1261,-21.3308589607755,-47.9401063260494,7.63588803327966,0.50090829149227,"sintetico_postestratificado",FALSE,0.287599701884516,"sintetico_postestratificado",FALSE,FALSE,FALSE,"20","121","San Bartolo Soyaltepec"
1262,-22.7607906688456,-51.1067226093112,6.47888850660075,0.527150398856232,"sintetico_postestratificado",FALSE,0.299542492167776,"sintetico_postestratificado",FALSE,FALSE,FALSE,"20","014","Ciudad Ixtepec"
1263,-25.0514007984777,-53.7109549229656,5.99387952721804,0.576847483492684,"sintetico_postestratificado",FALSE,0.326333475507907,"sintetico_postestratificado",FALSE,FALSE,FALSE,"20","015","Coatecas Altas"
1264,-23.4185078400751,-51.2711777613747,6.07103740387653,0.504579327040249,"sintetico_postestratificado",FALSE,0.270394248639498,"sintetico_postestratificado",FALSE,FALSE,FALSE,"20","123","San Bernardo Mixtepec"
1265,-22.8523957653865,-50.8533523332892,8.21787713812899,0.55052008356243,"sintetico_postestratificado",FALSE,0.321996125908565,"sintetico_postestratificado",FALSE,FALSE,FALSE,"20","122","San Bartolo Yautepec"
1266,-24.0392603915956,-50.3855004989261,6.79693021718986,0.527532373672178,"sintetico_postestratificado",FALSE,0.287139769756222,"sintetico_postestratificado",FALSE,FALSE,FALSE,"20","528","Santos Reyes Tepejillo"
1267,-24.004036621803,-51.0196770462249,5.82928811403714,0.527505712393041,"sintetico_postestratificado",FALSE,0.287465346175011,"sintetico_postestratificado",FALSE,FALSE,FALSE,"20","124","Heroica Villa de San Blas Atempa"
1268,-23.0072202681563,-51.0835877431783,5.01605151161978,0.497934072714105,"sintetico_postestratificado",FALSE,0.267861870032541,"sintetico_postestratificado",FALSE,FALSE,FALSE,"20","129","San Cristóbal Suchixtlahuaca"
1269,-24.7435819399911,-56.4327090201455,7.515122157295,0.524967457697295,"sintetico_postestratificado",FALSE,0.277531638297384,"sintetico_postestratificado",FALSE,FALSE,FALSE,"20","206","San Juan de los Cués"
1270,-24.8601862857459,-52.8772459890424,4.8228173799867,0.555210050188793,"sintetico_postestratificado",FALSE,0.306608187331334,"sintetico_postestratificado",FALSE,FALSE,FALSE,"20","126","San Cristóbal Amatlán"
1271,-22.4027466000205,-50.2156792859422,7.67486883305025,0.49400314474893,"sintetico_postestratificado",FALSE,0.269975678748725,"sintetico_postestratificado",FALSE,FALSE,FALSE,"20","020","Constancia del Rosario"
1272,-23.0985160573699,-51.7328766402677,7.18576044424797,0.522691400684072,"sintetico_postestratificado",FALSE,0.291706240110373,"sintetico_postestratificado",FALSE,FALSE,FALSE,"20","127","San Cristóbal Amoltepec"
1273,-22.8358851327402,-50.7674780034647,7.48683915685694,0.511053450189762,"sintetico_postestratificado",FALSE,0.28269459886236,"sintetico_postestratificado",FALSE,FALSE,FALSE,"20","128","San Cristóbal Lachirioag"
1274,-23.9496275716192,-52.6188532201427,6.26553445111124,0.521810212617196,"sintetico_postestratificado",FALSE,0.282313936901004,"sintetico_postestratificado",FALSE,FALSE,FALSE,"20","529","Santos Reyes Yucuná"
1275,-21.3255612239828,-50.7467651414732,8.91443330593186,0.508528650059729,"sintetico_postestratificado",FALSE,0.295273037819901,"sintetico_postestratificado",FALSE,FALSE,FALSE,"20","131","San Dionisio Ocotepec"
1276,-21.1151766464989,-45.1517288412662,1.4006530703925,0.423302314890538,"muestra_directa",TRUE,0.21215054842555,"muestra_directa",FALSE,TRUE,TRUE,"20","130","San Dionisio del Mar"
1277,-23.9992844408891,-51.8003794925242,5.61373884293045,0.51283488871218,"sintetico_postestratificado",FALSE,0.272842044303289,"sintetico_postestratificado",FALSE,FALSE,FALSE,"20","152","San Francisco Tlapancingo"
1278,-23.8707954320815,-53.0053200548837,7.89219559602925,0.548224514966145,"sintetico_postestratificado",FALSE,0.30951656064533,"sintetico_postestratificado",FALSE,FALSE,FALSE,"20","153","San Gabriel Mixtepec"
1279,-23.3935064918839,-54.4750611805955,10.2879488712468,0.542885931894739,"sintetico_postestratificado",FALSE,0.3089508669759,"sintetico_postestratificado",FALSE,FALSE,FALSE,"20","132","San Dionisio Ocotlán"
1280,-22.4071712988189,-49.9612448454733,10.2250048134109,0.536211528315803,"sintetico_postestratificado",FALSE,0.312139815327613,"sintetico_postestratificado",FALSE,FALSE,FALSE,"20","135","San Felipe Tejalápam"
1281,-22.5372172745101,-51.7126914108249,5.4685991790124,0.48261963348371,"sintetico_postestratificado",FALSE,0.257247460738608,"sintetico_postestratificado",FALSE,FALSE,FALSE,"20","136","San Felipe Usila"
1282,-22.2948505897827,-51.2936765928302,8.38137721356749,0.524476178004751,"sintetico_postestratificado",FALSE,0.301527672106923,"sintetico_postestratificado",FALSE,FALSE,FALSE,"20","137","San Francisco Cahuacuá"
1283,-23.1761906254432,-51.8514221361915,8.88010327167304,0.521665820865846,"sintetico_postestratificado",FALSE,0.289903914611414,"sintetico_postestratificado",FALSE,FALSE,FALSE,"20","139","San Francisco Chapulapa"
1284,-21.942627149751,-51.1211039203017,11.6190009631521,0.533097600398987,"sintetico_postestratificado",FALSE,0.313671328901477,"sintetico_postestratificado",FALSE,FALSE,FALSE,"20","142","San Francisco Huehuetlán"
1285,-27.8193792875291,-56.4778106360645,5.53444989474932,0.603212170751973,"sintetico_postestratificado",FALSE,0.325018377876682,"sintetico_postestratificado",FALSE,FALSE,FALSE,"20","140","San Francisco Chindúa"
1286,-20.7811480726033,-49.2355482415178,7.90381684078389,0.509016596124052,"sintetico_postestratificado",FALSE,0.30120511539802,"sintetico_postestratificado",FALSE,FALSE,FALSE,"20","141","San Francisco del Mar"
1287,-23.3480670199769,-51.4293994642484,9.07975408352075,0.591713985941728,"sintetico_postestratificado",FALSE,0.358233315741959,"sintetico_postestratificado",FALSE,FALSE,FALSE,"20","160","San Jerónimo Silacayoapilla"
1288,-23.0898370138516,-50.6923522400391,6.17572899595779,0.575532055946845,"sintetico_postestratificado",FALSE,0.344633685808329,"sintetico_postestratificado",FALSE,FALSE,FALSE,"20","143","San Francisco Ixhuatán"
1289,-25.8538746329092,-55.8494770164918,5.05504228521898,0.570033967913119,"sintetico_postestratificado",FALSE,0.311495221584027,"sintetico_postestratificado",FALSE,FALSE,FALSE,"20","144","San Francisco Jaltepetongo"
1290,-24.3137517207104,-51.4255282426011,7.16793202616632,0.563696686740943,"sintetico_postestratificado",FALSE,0.320559169533839,"sintetico_postestratificado",FALSE,FALSE,FALSE,"20","145","San Francisco Lachigoló"
1291,-22.9813078248446,-54.3040747189207,9.62802385654079,0.513539697936803,"sintetico_postestratificado",FALSE,0.283726619688358,"sintetico_postestratificado",FALSE,FALSE,FALSE,"20","531","Santo Tomás Mazaltepec"
1292,-23.0175677527765,-51.3620094481409,9.36917670036024,0.58728345000107,"sintetico_postestratificado",FALSE,0.357107772473304,"sintetico_postestratificado",FALSE,FALSE,FALSE,"20","146","San Francisco Logueche"
1293,-22.2829110985584,-52.0582637325413,9.91797810021299,0.505552968737262,"sintetico_postestratificado",FALSE,0.282723857751678,"sintetico_postestratificado",FALSE,FALSE,FALSE,"20","147","San Francisco Nuxaño"
1294,-23.2430066228514,-53.5709512496104,8.86585360028668,0.543031532842438,"sintetico_postestratificado",FALSE,0.310601466613923,"sintetico_postestratificado",FALSE,FALSE,FALSE,"20","148","San Francisco Ozolotepec"
1295,-25.4370368487032,-54.0644182423279,5.86111154002918,0.561642808641522,"sintetico_postestratificado",FALSE,0.30727244015449,"sintetico_postestratificado",FALSE,FALSE,FALSE,"20","150","San Francisco Telixtlahuaca"
1296,-22.6867106724974,-50.2463129682717,7.88020763236977,0.496725769858332,"sintetico_postestratificado",FALSE,0.269858663133358,"sintetico_postestratificado",FALSE,FALSE,FALSE,"20","151","San Francisco Teopan"
1297,-24.3647877005738,-53.9042566423173,7.28853063475351,0.521297412170833,"sintetico_postestratificado",FALSE,0.277649535165095,"sintetico_postestratificado",FALSE,FALSE,FALSE,"20","157","San Jacinto Amilpas"
1298,-24.6502000331108,-51.9750968058885,5.79014770531248,0.527491899321672,"sintetico_postestratificado",FALSE,0.280989898990564,"sintetico_postestratificado",FALSE,FALSE,FALSE,"20","248","San Mateo del Mar"
1299,-26.3593998516082,-54.9555810352223,5.79155100032481,0.588263698632203,"sintetico_postestratificado",FALSE,0.324669700116121,"sintetico_postestratificado",FALSE,FALSE,FALSE,"20","158","San Jacinto Tlacotepec"
1300,-28.450856288792,-55.5248645931579,5.26528234246155,0.612913496988661,"sintetico_postestratificado",FALSE,0.328404934100741,"sintetico_postestratificado",FALSE,FALSE,FALSE,"20","162","San Jerónimo Taviche"
1301,-26.0443289567162,-53.0535765397346,3.52837783723591,0.529037075022668,"sintetico_postestratificado",FALSE,0.268593785455506,"sintetico_postestratificado",FALSE,FALSE,FALSE,"20","164","San Jorge Nuchita"
1302,-25.4288190169452,-53.7939872508837,4.54229160400568,0.596599875841403,"sintetico_postestratificado",FALSE,0.342311685671951,"sintetico_postestratificado",FALSE,FALSE,FALSE,"20","176","San Juan Bautista Coixtlahuaca"
1303,-22.3840735307258,-50.8312361757722,7.74928206979848,0.549002031858821,"sintetico_postestratificado",FALSE,0.325161296551564,"sintetico_postestratificado",FALSE,FALSE,FALSE,"20","165","San José Ayuquila"
1304,-25.3820900553237,-54.0413482866321,7.3041311777415,0.582609643105011,"sintetico_postestratificado",FALSE,0.328788742551774,"sintetico_postestratificado",FALSE,FALSE,FALSE,"20","167","San José del Peñasco"
1305,-23.5071305687932,-51.2584934058779,6.4386164756209,0.535861772824196,"sintetico_postestratificado",FALSE,0.300790467136264,"sintetico_postestratificado",FALSE,FALSE,FALSE,"20","530","Santo Tomás Jalieza"
1306,-21.5302360759745,-50.4658002273491,8.57972822923298,0.528351228598748,"sintetico_postestratificado",FALSE,0.313048867839003,"sintetico_postestratificado",FALSE,FALSE,FALSE,"20","187","San Juan Coatzóspam"
1307,-22.8668397504556,-49.3401975590328,7.03128534142184,0.536505658299547,"sintetico_postestratificado",FALSE,0.307837260794991,"sintetico_postestratificado",FALSE,FALSE,FALSE,"20","171","San José Tenango"
1308,-23.4975217887858,-51.0377285892339,4.38657833686392,0.540310415868052,"sintetico_postestratificado",FALSE,0.305335197980193,"sintetico_postestratificado",FALSE,FALSE,FALSE,"20","188","San Juan Colorado"
1309,-22.8297411067498,-54.8194879243549,7.86946844469303,0.492684199436005,"sintetico_postestratificado",FALSE,0.264386788368506,"sintetico_postestratificado",FALSE,FALSE,FALSE,"20","173","San Juan Atepec"
1310,-25.5784378894217,-55.4240076808118,4.99783943582167,0.550946478405401,"sintetico_postestratificado",FALSE,0.295162099511184,"sintetico_postestratificado",FALSE,FALSE,FALSE,"20","174","Ánimas Trujano"
1311,-23.5461706948809,-51.6252236791273,9.034879052809,0.543672259496588,"sintetico_postestratificado",FALSE,0.308210552547779,"sintetico_postestratificado",FALSE,FALSE,FALSE,"20","191","San Juan Chicomezúchil"
1312,-24.2689542184645,-52.2059691935581,6.5348396115972,0.523410546881556,"sintetico_postestratificado",FALSE,0.280721004696911,"sintetico_postestratificado",FALSE,FALSE,FALSE,"20","196","San Juan Evangelista Analco"
1313,-23.5317108432981,-53.0426424362783,5.67001456632765,0.564163572645401,"sintetico_postestratificado",FALSE,0.328846464212419,"sintetico_postestratificado",FALSE,FALSE,FALSE,"20","178","San Juan Bautista Guelache"
1314,-22.9040239511573,-51.7092413723574,8.1358260516848,0.525920762063404,"sintetico_postestratificado",FALSE,0.296880522551831,"sintetico_postestratificado",FALSE,FALSE,FALSE,"20","197","San Juan Guelavía"
1315,-24.6262189761178,-52.1686298577972,6.30721994214234,0.610458117747118,"sintetico_postestratificado",FALSE,0.36419592798594,"sintetico_postestratificado",FALSE,FALSE,FALSE,"20","180","San Juan Bautista Lo de Soto"
1316,-22.9376691783974,-51.290354313025,7.03723326304339,0.523474253561077,"sintetico_postestratificado",FALSE,0.294097561777103,"sintetico_postestratificado",FALSE,FALSE,FALSE,"20","204","San Juan Lajarcia"
1317,-21.9608418552244,-48.4492782091423,5.6470340696089,0.43858079298015,"sintetico_postestratificado",FALSE,0.218972374427907,"sintetico_postestratificado",FALSE,FALSE,FALSE,"20","181","San Juan Bautista Suchitepec"
1318,-26.7020078594085,-55.6736804725422,5.57999229403693,0.563016960132165,"sintetico_postestratificado",FALSE,0.29599688153808,"sintetico_postestratificado",FALSE,FALSE,FALSE,"20","480","Santiago Nundiche"
1319,-27.1168764082256,-55.9476945813749,4.79156982231577,0.619854092009049,"sintetico_postestratificado",FALSE,0.348685327926793,"sintetico_postestratificado",FALSE,FALSE,FALSE,"20","182","San Juan Bautista Tlacoatzintepec"
1320,-25.5246003592647,-54.3477474868112,7.84630921736451,0.577124535918742,"sintetico_postestratificado",FALSE,0.321878532326095,"sintetico_postestratificado",FALSE,FALSE,FALSE,"20","183","San Juan Bautista Tlachichilco"
1321,-23.4586951291139,-51.0709028949017,6.39026569410328,0.586253133087934,"sintetico_postestratificado",FALSE,0.351666181796795,"sintetico_postestratificado",FALSE,FALSE,FALSE,"20","189","San Juan Comaltepec"
1322,-22.8157532322699,-53.5120402837359,8.36113797091708,0.499316756295669,"sintetico_postestratificado",FALSE,0.27115922397297,"sintetico_postestratificado",FALSE,FALSE,FALSE,"20","192","San Juan Chilateca"
1323,-23.9083437244922,-51.8129427447001,8.85730523821653,0.586943253829667,"sintetico_postestratificado",FALSE,0.347859816584745,"sintetico_postestratificado",FALSE,FALSE,FALSE,"20","193","San Juan del Estado"
1324,-22.8762964854721,-53.3089528663766,8.98663694676992,0.515862512567795,"sintetico_postestratificado",FALSE,0.287099547713073,"sintetico_postestratificado",FALSE,FALSE,FALSE,"20","464","Santiago Ihuitlán Plumas"
1325,-21.9520773036661,-51.5180473560944,9.2392230265576,0.497832097895619,"sintetico_postestratificado",FALSE,0.278311324858958,"sintetico_postestratificado",FALSE,FALSE,FALSE,"20","194","San Juan del Río"
1326,-24.1117985491406,-52.7572979398913,4.64770885815412,0.500627206133432,"sintetico_postestratificado",FALSE,0.259509220642026,"sintetico_postestratificado",FALSE,FALSE,FALSE,"20","195","San Juan Diuxi"
1327,-22.6524512814145,-50.1473022529237,6.90247480630535,0.610862319575195,"sintetico_postestratificado",FALSE,0.38433780676105,"sintetico_postestratificado",FALSE,FALSE,FALSE,"20","199","San Juan Ihualtepec"
1328,-23.1104870226299,-51.96078515756,8.05757690183446,0.508152986490654,"sintetico_postestratificado",FALSE,0.277048116264356,"sintetico_postestratificado",FALSE,FALSE,FALSE,"20","200","San Juan Juquila Mixes"
1329,-23.2600892541047,-51.1309540973987,5.83099773591076,0.533158159675278,"sintetico_postestratificado",FALSE,0.300557267134231,"sintetico_postestratificado",FALSE,FALSE,FALSE,"20","201","San Juan Juquila Vijanos"
1330,-22.6961989352497,-52.5551144139054,8.22512470996508,0.52779355404754,"sintetico_postestratificado",FALSE,0.300831564695043,"sintetico_postestratificado",FALSE,FALSE,FALSE,"20","202","San Juan Lachao"
1331,-21.4518694874614,-51.3782192040943,11.0780359510612,0.536854784832184,"sintetico_postestratificado",FALSE,0.32233608995757,"sintetico_postestratificado",FALSE,FALSE,FALSE,"20","203","San Juan Lachigalla"
1332,-21.719474928601,-50.6389805207668,8.0350296746416,0.50938809307203,"sintetico_postestratificado",FALSE,0.292193343786021,"sintetico_postestratificado",FALSE,FALSE,FALSE,"20","210","San Juan Ñumí"
1333,-22.5023086800128,-51.1198958359105,9.37624473774699,0.532972398443947,"sintetico_postestratificado",FALSE,0.307949311643819,"sintetico_postestratificado",FALSE,FALSE,FALSE,"20","208","San Juan Mixtepec"
1334,-25.3375693192688,-52.4286165671979,4.49838212545059,0.586803107716287,"sintetico_postestratificado",FALSE,0.333427414523599,"sintetico_postestratificado",FALSE,FALSE,FALSE,"20","209","San Juan Mixtepec"
1335,-23.1648008026102,-51.5822936535165,9.64282099316743,0.525860923736262,"sintetico_postestratificado",FALSE,0.294212915710161,"sintetico_postestratificado",FALSE,FALSE,FALSE,"20","566","San Mateo Yucutindoo"
1336,-23.6853086528426,-52.5573547065167,5.97271189449718,0.550618066382188,"sintetico_postestratificado",FALSE,0.313764979853761,"sintetico_postestratificado",FALSE,FALSE,FALSE,"20","215","San Juan Sayultepec"
1337,-21.5608098502741,-48.3342271841183,7.49162728776884,0.504899047768256,"sintetico_postestratificado",FALSE,0.289290949265515,"sintetico_postestratificado",FALSE,FALSE,FALSE,"20","218","San Juan Teita"
1338,-25.2496582375528,-53.2034912813863,3.55962187749921,0.513370904767093,"sintetico_postestratificado",FALSE,0.260874322391565,"sintetico_postestratificado",FALSE,FALSE,FALSE,"20","284","San Miguel Tilquiápam"
1339,-23.5630167004111,-50.708715363916,7.36787823729285,0.526757723001657,"sintetico_postestratificado",FALSE,0.291127555997547,"sintetico_postestratificado",FALSE,FALSE,FALSE,"20","216","San Juan Tabaá"
1340,-24.7730489262021,-53.3042664195024,6.6496007396534,0.558630025162958,"sintetico_postestratificado",FALSE,0.310899535900937,"sintetico_postestratificado",FALSE,FALSE,FALSE,"20","217","San Juan Tamazola"
1341,-23.6472149379171,-52.507589469927,9.24462726858795,0.567688640198327,"sintetico_postestratificado",FALSE,0.331216490819157,"sintetico_postestratificado",FALSE,FALSE,FALSE,"20","219","San Juan Teitipac"
1342,-25.6310331588994,-53.8766441318311,6.99896363095457,0.541562294215619,"sintetico_postestratificado",FALSE,0.285251962626625,"sintetico_postestratificado",FALSE,FALSE,FALSE,"20","221","San Juan Teposcolula"
1343,-22.0915570950228,-50.3840645391631,9.02451676075839,0.556720038440447,"sintetico_postestratificado",FALSE,0.335804467490219,"sintetico_postestratificado",FALSE,FALSE,FALSE,"20","222","San Juan Yaeé"
1344,-26.3188599157254,-55.8055159039462,6.18101322814501,0.59567140783378,"sintetico_postestratificado",FALSE,0.332482808676526,"sintetico_postestratificado",FALSE,FALSE,FALSE,"20","223","San Juan Yatzona"
1345,-23.0213454268214,-50.7860857513714,6.50488696087839,0.561382575090641,"sintetico_postestratificado",FALSE,0.331169120822426,"sintetico_postestratificado",FALSE,FALSE,FALSE,"20","541","Tanetze de Zaragoza"
1346,-30.1421474938378,-54.0692667578634,-4.26334308174698,0.651100321407715,"muestra_directa",TRUE,0.349678846469337,"muestra_directa",TRUE,TRUE,TRUE,"20","498","Santiago Yaveo"
1347,-22.1137138515743,-49.8387374463291,7.57809651660076,0.510450748773471,"sintetico_postestratificado",FALSE,0.289313610257728,"sintetico_postestratificado",FALSE,FALSE,FALSE,"20","224","San Juan Yucuita"
1348,-24.8400499665898,-52.7521007471743,5.15462049906666,0.548667962801141,"sintetico_postestratificado",FALSE,0.300267463135243,"sintetico_postestratificado",FALSE,FALSE,FALSE,"20","225","San Lorenzo"
1349,-20.3357626968514,-47.2562454497297,7.48867885684101,0.505265426961844,"muestra_directa",TRUE,0.30190779999333,"muestra_directa",TRUE,TRUE,TRUE,"20","016","Coicoyán de las Flores"
1350,-23.4975322806309,-52.0557162922966,5.73715991826287,0.529590398558452,"sintetico_postestratificado",FALSE,0.294615075752143,"sintetico_postestratificado",FALSE,FALSE,FALSE,"20","226","San Lorenzo Albarradas"
1351,-24.7046572557914,-55.8467523128907,10.2415608128448,0.533515448908699,"sintetico_postestratificado",FALSE,0.286468876350785,"sintetico_postestratificado",FALSE,FALSE,FALSE,"20","228","San Lorenzo Cuaunecuiltitla"
1352,-23.1622668842135,-52.4057688401641,9.44181774557474,0.55627005289954,"sintetico_postestratificado",FALSE,0.324647384057406,"sintetico_postestratificado",FALSE,FALSE,FALSE,"20","229","San Lorenzo Texmelúcan"
1353,-23.4159783548239,-51.1618701016411,6.58018963800948,0.536191583571627,"sintetico_postestratificado",FALSE,0.302031800023388,"sintetico_postestratificado",FALSE,FALSE,FALSE,"20","231","San Lucas Camotlán"
1354,-22.5939361554278,-52.9728807383875,8.5462535337841,0.554465090654026,"sintetico_postestratificado",FALSE,0.328525729099748,"sintetico_postestratificado",FALSE,FALSE,FALSE,"20","232","San Lucas Ojitlán"
1355,-24.7381318243103,-53.5175527588441,6.19495061507968,0.543341024315697,"sintetico_postestratificado",FALSE,0.295959706072594,"sintetico_postestratificado",FALSE,FALSE,FALSE,"20","234","San Lucas Zoquiápam"
1356,-27.4653055826949,-52.9259017498264,0.805419945022508,0.544052558233544,"muestra_directa",TRUE,0.269399502406595,"muestra_directa",TRUE,TRUE,TRUE,"20","235","San Luis Amatlán"
1357,-23.3935234677087,-52.8181032372029,8.82576190202061,0.556254267617873,"sintetico_postestratificado",FALSE,0.322319032940786,"sintetico_postestratificado",FALSE,FALSE,FALSE,"20","236","San Marcial Ozolotepec"
1358,-22.6603452994555,-51.5309061718053,10.3112489777598,0.538282241713147,"sintetico_postestratificado",FALSE,0.311678788718591,"sintetico_postestratificado",FALSE,FALSE,FALSE,"20","239","San Martín Huamelúlpam"
1359,-22.3098431961947,-53.3478192380654,7.41290982978359,0.540296208239976,"sintetico_postestratificado",FALSE,0.317197776278029,"sintetico_postestratificado",FALSE,FALSE,FALSE,"20","240","San Martín Itunyoso"
1360,-24.222537596083,-53.131209908542,8.59085427766621,0.552153986336068,"sintetico_postestratificado",FALSE,0.309928610375238,"sintetico_postestratificado",FALSE,FALSE,FALSE,"20","241","San Martín Lachilá"
1361,-23.68776984019,-51.7629048208071,6.30223837782548,0.525165219246799,"sintetico_postestratificado",FALSE,0.288287520844898,"sintetico_postestratificado",FALSE,FALSE,FALSE,"20","242","San Martín Peras"
1362,-22.2737618159915,-51.5278714950991,8.11442179401464,0.515679694882692,"sintetico_postestratificado",FALSE,0.292942076722777,"sintetico_postestratificado",FALSE,FALSE,FALSE,"20","243","San Martín Tilcajete"
1363,-22.0808014417517,-51.7407591775515,8.75186268962294,0.533592700356167,"sintetico_postestratificado",FALSE,0.312784685938651,"sintetico_postestratificado",FALSE,FALSE,FALSE,"20","244","San Martín Toxpalan"
1364,-23.6387737767187,-52.1074319263848,4.34778462275313,0.522862853363321,"sintetico_postestratificado",FALSE,0.286475115596133,"sintetico_postestratificado",FALSE,FALSE,FALSE,"20","249","San Mateo Yoloxochitlán"
1365,-22.3201971705315,-53.5237913009686,5.67896339857352,0.516259705551198,"sintetico_postestratificado",FALSE,0.293057733845884,"sintetico_postestratificado",FALSE,FALSE,FALSE,"20","525","Santo Domingo Zanatepec"
1366,-22.5846587798996,-51.5399664299392,9.40846852782056,0.549809270624004,"sintetico_postestratificado",FALSE,0.323962682825008,"sintetico_postestratificado",FALSE,FALSE,FALSE,"20","526","Santos Reyes Nopala"
1367,-25.9108821993712,-57.7785797919471,3.62303532971806,0.653101541161025,"sintetico_postestratificado",FALSE,0.393992719167313,"sintetico_postestratificado",FALSE,FALSE,FALSE,"20","245","San Martín Zacatepec"
1368,-25.9195180678045,-54.2638192967467,5.69867197065902,0.547601700725023,"sintetico_postestratificado",FALSE,0.288406520046978,"sintetico_postestratificado",FALSE,FALSE,FALSE,"20","269","San Miguel el Grande"
1369,-22.2004972834968,-51.2517779563433,6.72381888704729,0.456667983223278,"sintetico_postestratificado",FALSE,0.23466301038831,"sintetico_postestratificado",FALSE,FALSE,FALSE,"20","247","Capulálpam de Méndez"
1370,-22.9178294098028,-50.4954921163042,6.89406536412665,0.50026641501483,"sintetico_postestratificado",FALSE,0.271088120916802,"sintetico_postestratificado",FALSE,FALSE,FALSE,"20","250","San Mateo Etlatongo"
1371,-22.5422548197096,-49.9556447477176,8.36396810964816,0.525896554935252,"sintetico_postestratificado",FALSE,0.300474006738156,"sintetico_postestratificado",FALSE,FALSE,FALSE,"20","255","San Mateo Sindihui"
1372,-24.4412145020559,-53.0869480822903,4.94898183189355,0.528822680857007,"sintetico_postestratificado",FALSE,0.284410535836448,"sintetico_postestratificado",FALSE,FALSE,FALSE,"20","252","San Mateo Peñasco"
1373,-24.7806763472686,-52.9174869262994,5.34398401534703,0.531322567470316,"sintetico_postestratificado",FALSE,0.283515803997629,"sintetico_postestratificado",FALSE,FALSE,FALSE,"20","257","San Melchor Betaza"
1374,-18.7833666402707,-44.353411818715,7.79078946152988,0.465527328323546,"muestra_directa",TRUE,0.277693661920839,"muestra_directa",TRUE,TRUE,TRUE,"20","258","San Miguel Achiutla"
1375,-21.3668701041646,-50.7908507288878,10.0308215114443,0.533578708390914,"sintetico_postestratificado",FALSE,0.319910007349268,"sintetico_postestratificado",FALSE,FALSE,FALSE,"20","259","San Miguel Ahuehuetitlán"
1376,-21.9741620359451,-48.6670820988255,9.36127582851724,0.528669541193895,"sintetico_postestratificado",FALSE,0.308927920834444,"sintetico_postestratificado",FALSE,FALSE,FALSE,"20","260","San Miguel Aloápam"
1377,-23.0753370622699,-52.7444890906979,7.72037460393079,0.558446373356841,"sintetico_postestratificado",FALSE,0.327693002734142,"sintetico_postestratificado",FALSE,FALSE,FALSE,"20","268","San Miguel Ejutla"
1378,-25.6177052787805,-55.0646692862027,5.92405490156835,0.620350990384911,"sintetico_postestratificado",FALSE,0.364173937597106,"sintetico_postestratificado",FALSE,FALSE,FALSE,"20","276","San Miguel Santa Flor"
1379,-22.7438026692362,-50.8425027692336,7.60886323657114,0.518365601793044,"sintetico_postestratificado",FALSE,0.290927575100681,"sintetico_postestratificado",FALSE,FALSE,FALSE,"20","281","San Miguel Tecomatlán"
1380,-27.4363177986973,-55.9452491922962,3.49518973170698,0.585144961618539,"sintetico_postestratificado",FALSE,0.310781783631566,"sintetico_postestratificado",FALSE,FALSE,FALSE,"20","274","San Miguel Piedras"
1381,-23.1230332846491,-50.9305204305632,5.44225659432329,0.542035029994762,"sintetico_postestratificado",FALSE,0.31080469714827,"sintetico_postestratificado",FALSE,FALSE,FALSE,"20","532","Santo Tomás Ocotepec"
1382,-27.5056119014569,-56.5493237937343,5.12826412038278,0.55828231319352,"sintetico_postestratificado",FALSE,0.28322619417895,"sintetico_postestratificado",FALSE,FALSE,FALSE,"20","280","Villa Talea de Castro"
1383,-25.8049421482079,-52.6235038376844,5.31108335270619,0.612749990670133,"sintetico_postestratificado",FALSE,0.354700569188054,"sintetico_postestratificado",FALSE,FALSE,FALSE,"20","533","Santo Tomás Tamazulapan"
1384,-21.1225287534785,-49.4982202381894,10.2325611228646,0.504061268113562,"sintetico_postestratificado",FALSE,0.292835980578777,"sintetico_postestratificado",FALSE,FALSE,FALSE,"20","368","Santa Catarina Minas"
1385,-23.489269054278,-54.7853650590694,7.61216248437212,0.559050655172548,"sintetico_postestratificado",FALSE,0.324157964629768,"sintetico_postestratificado",FALSE,FALSE,FALSE,"20","282","San Miguel Tenango"
1386,-23.166029622253,-53.3475777003997,8.91247828616936,0.578004739249643,"sintetico_postestratificado",FALSE,0.346344443027113,"sintetico_postestratificado",FALSE,FALSE,FALSE,"20","052","Magdalena Tequisistlán"
1387,-22.8082505788209,-50.1959232456776,5.58192390048276,0.549296022226043,"sintetico_postestratificado",FALSE,0.321213516437835,"sintetico_postestratificado",FALSE,FALSE,FALSE,"20","283","San Miguel Tequixtepec"
1388,-22.424332546301,-51.9092178404283,10.1425663717994,0.548756180727782,"sintetico_postestratificado",FALSE,0.324512855264772,"sintetico_postestratificado",FALSE,FALSE,FALSE,"20","535","San Vicente Lachixío"
1389,-23.9492937383439,-50.6006399549663,4.71803069946406,0.551198922488944,"sintetico_postestratificado",FALSE,0.311705985105504,"sintetico_postestratificado",FALSE,FALSE,FALSE,"20","286","San Miguel Tlacotepec"
1390,-24.4022772250921,-54.5081957837863,6.85677578588163,0.553953943656539,"sintetico_postestratificado",FALSE,0.309931171405618,"sintetico_postestratificado",FALSE,FALSE,FALSE,"20","285","San Miguel Tlacamama"
1391,-23.4247682286499,-51.9855752737537,7.82058163747904,0.551822669548469,"sintetico_postestratificado",FALSE,0.31757498726197,"sintetico_postestratificado",FALSE,FALSE,FALSE,"20","288","San Miguel Yotao"
1392,-24.0968297861973,-54.1718295308395,7.26492834804346,0.529075142840962,"sintetico_postestratificado",FALSE,0.288106844978989,"sintetico_postestratificado",FALSE,FALSE,FALSE,"20","289","San Nicolás"
1393,-21.7103361461598,-51.267733849231,8.0772651620347,0.493244941216728,"sintetico_postestratificado",FALSE,0.27614157975513,"sintetico_postestratificado",FALSE,FALSE,FALSE,"20","290","San Nicolás Hidalgo"
1394,-24.1503401458804,-53.8558471174794,6.10659408538104,0.53259630119961,"sintetico_postestratificado",FALSE,0.291092899740805,"sintetico_postestratificado",FALSE,FALSE,FALSE,"20","292","San Pablo Cuatro Venados"
1395,-26.1278979275236,-56.0216973679171,7.67442998417248,0.610581982467892,"sintetico_postestratificado",FALSE,0.349303003192656,"sintetico_postestratificado",FALSE,FALSE,FALSE,"20","380","Santa Cruz Papalutla"
1396,-21.9741313867151,-51.400031411778,8.84156638102522,0.530463383310806,"sintetico_postestratificado",FALSE,0.310722069443655,"sintetico_postestratificado",FALSE,FALSE,FALSE,"20","294","San Pablo Huitzo"
1397,-22.241140275133,-52.8197893100849,9.70468630337231,0.536362391575196,"sintetico_postestratificado",FALSE,0.313950988823867,"sintetico_postestratificado",FALSE,FALSE,FALSE,"20","043","Heroica Ciudad de Juchitán de Zaragoza"
1398,-23.7745328907698,-52.5327028717771,8.94641966924714,0.563442937271841,"sintetico_postestratificado",FALSE,0.325697608364144,"sintetico_postestratificado",FALSE,FALSE,FALSE,"20","295","San Pablo Huixtepec"
1399,-24.3176882309253,-52.2787922207859,6.1759409083871,0.543950782331546,"sintetico_postestratificado",FALSE,0.300773900022292,"sintetico_postestratificado",FALSE,FALSE,FALSE,"20","538","Sitio de Xitlapehua"
1400,-21.6341231435782,-50.8850317211713,11.2558461820666,0.534607812758095,"sintetico_postestratificado",FALSE,0.318266581322313,"sintetico_postestratificado",FALSE,FALSE,FALSE,"20","296","San Pablo Macuiltianguis"
1401,-24.0318804497194,-50.998281413498,4.95193311704125,0.593544380635255,"sintetico_postestratificado",FALSE,0.353225576138061,"sintetico_postestratificado",FALSE,FALSE,FALSE,"20","297","San Pablo Tijaltepec"
1402,-21.2641687420002,-50.1232018881234,10.8894851611982,0.499119648462775,"sintetico_postestratificado",FALSE,0.286477961042773,"sintetico_postestratificado",FALSE,FALSE,FALSE,"20","304","San Pedro Coxcaltepec Cántaros"
1403,-24.6187912762886,-53.29425479978,5.32940706581884,0.56294993375213,"sintetico_postestratificado",FALSE,0.316762020989244,"sintetico_postestratificado",FALSE,FALSE,FALSE,"20","299","San Pablo Yaganiza"
1404,-22.6948226654137,-50.8321479976757,9.33952319558583,0.536178475122401,"sintetico_postestratificado",FALSE,0.309230248468265,"sintetico_postestratificado",FALSE,FALSE,FALSE,"20","300","San Pedro Amuzgos"
1405,-24.6176215021696,-54.4191821562414,7.26344883341367,0.568001332677291,"sintetico_postestratificado",FALSE,0.321825117655595,"sintetico_postestratificado",FALSE,FALSE,FALSE,"20","308","San Pedro Huilotepec"
1406,-22.6561368396735,-51.9953023452791,8.8305887799742,0.551346345628694,"sintetico_postestratificado",FALSE,0.324784977231958,"sintetico_postestratificado",FALSE,FALSE,FALSE,"20","301","San Pedro Apóstol"
1407,-20.7507877859873,-49.8795219151425,10.8726312593257,0.567168542695585,"sintetico_postestratificado",FALSE,0.359660664835712,"sintetico_postestratificado",FALSE,FALSE,FALSE,"20","311","San Pedro Jaltepetongo"
1408,-25.3156849096589,-53.424610971027,6.646547841778,0.530211109284715,"sintetico_postestratificado",FALSE,0.277054260188126,"sintetico_postestratificado",FALSE,FALSE,FALSE,"20","302","San Pedro Atoyac"
1409,-22.8135075143213,-49.1361530546721,10.5073830052037,0.497157181062534,"sintetico_postestratificado",FALSE,0.269022105919321,"sintetico_postestratificado",FALSE,FALSE,FALSE,"20","303","San Pedro Cajonos"
1410,-23.2931136948865,-52.186851991961,7.95433369020884,0.54964235001574,"sintetico_postestratificado",FALSE,0.316711213066875,"sintetico_postestratificado",FALSE,FALSE,FALSE,"20","305","San Pedro Comitancillo"
1411,-23.0535193491144,-49.6280270954818,4.12868384472066,0.530007938114126,"sintetico_postestratificado",FALSE,0.299472744622982,"sintetico_postestratificado",FALSE,FALSE,FALSE,"20","321","San Pedro Nopala"
1412,-28.8376320209201,-56.8341264641952,1.10559091861854,0.589660794462377,"sintetico_postestratificado",FALSE,0.301284474253176,"sintetico_postestratificado",FALSE,FALSE,FALSE,"20","332","San Pedro Topiltepec"
1413,-24.8920446302302,-54.0326877417283,5.58913202341281,0.527561168693722,"sintetico_postestratificado",FALSE,0.27864072239142,"sintetico_postestratificado",FALSE,FALSE,FALSE,"20","307","San Pedro Huamelula"
1414,-23.4377344969802,-51.2974429233425,6.0767594105335,0.49718084071971,"sintetico_postestratificado",FALSE,0.262803495749908,"sintetico_postestratificado",FALSE,FALSE,FALSE,"20","312","San Pedro Jicayán"
1415,-26.3896034212756,-55.5469351417727,6.01159543993916,0.624818157693243,"sintetico_postestratificado",FALSE,0.360922123480486,"sintetico_postestratificado",FALSE,FALSE,FALSE,"20","313","San Pedro Jocotipac"
1416,-20.9504379414261,-51.8757883031198,10.0211057468047,0.475295906274235,"sintetico_postestratificado",FALSE,0.265791526859975,"sintetico_postestratificado",FALSE,FALSE,FALSE,"20","314","San Pedro Juchatengo"
1417,-21.4532269150094,-50.3841001030416,11.0145488039627,0.530900643989589,"sintetico_postestratificado",FALSE,0.316368374839494,"sintetico_postestratificado",FALSE,FALSE,FALSE,"20","079","Salina Cruz"
1418,-25.5094180318625,-52.5635983094325,5.47328124486176,0.580899720008488,"sintetico_postestratificado",FALSE,0.325805539689863,"sintetico_postestratificado",FALSE,FALSE,FALSE,"20","331","San Pedro Tidaá"
1419,-27.439856013161,-55.0463379903977,3.38953659432726,0.58540290407243,"sintetico_postestratificado",FALSE,0.31100434394082,"sintetico_postestratificado",FALSE,FALSE,FALSE,"20","315","San Pedro Mártir"
1420,-25.1725535362083,-51.8786113741773,5.534751067174,0.556110793522019,"sintetico_postestratificado",FALSE,0.304385258159936,"sintetico_postestratificado",FALSE,FALSE,FALSE,"20","316","San Pedro Mártir Quiechapa"
1421,-24.0083361332654,-52.9496576552111,7.68862914492442,0.574078503413876,"sintetico_postestratificado",FALSE,0.333995142081222,"sintetico_postestratificado",FALSE,FALSE,FALSE,"20","207","San Juan Mazatlán"
1422,-23.2624426012606,-52.1021176675305,11.1026391246151,0.554841850166807,"sintetico_postestratificado",FALSE,0.322217424154202,"sintetico_postestratificado",FALSE,FALSE,FALSE,"20","317","San Pedro Mártir Yucuxaco"
1423,-23.1264387748103,-51.4879896781451,8.58229656506255,0.55123853994862,"sintetico_postestratificado",FALSE,0.319974152200517,"sintetico_postestratificado",FALSE,FALSE,FALSE,"20","356","Santa Ana del Valle"
1424,-22.9410697319086,-51.3778292950913,8.35734811779003,0.583278537037353,"sintetico_postestratificado",FALSE,0.353867839718268,"sintetico_postestratificado",FALSE,FALSE,FALSE,"20","319","San Pedro Mixtepec"
1425,-24.1099964796632,-52.9023456957187,7.74540648376672,0.571825678038033,"sintetico_postestratificado",FALSE,0.330725713241401,"sintetico_postestratificado",FALSE,FALSE,FALSE,"20","320","San Pedro Molinos"
1426,-25.1166158613527,-53.6678819547204,5.7084388454746,0.53401571365235,"sintetico_postestratificado",FALSE,0.282849555038823,"sintetico_postestratificado",FALSE,FALSE,FALSE,"20","322","San Pedro Ocopetatillo"
1427,-23.0441751991944,-52.9330962897085,7.23589169247521,0.489682258815892,"sintetico_postestratificado",FALSE,0.259240506823948,"sintetico_postestratificado",FALSE,FALSE,FALSE,"20","323","San Pedro Ocotepec"
1428,-25.6961363218365,-50.8965714325169,4.35670999473739,0.548164295412846,"sintetico_postestratificado",FALSE,0.291202932194481,"sintetico_postestratificado",FALSE,FALSE,FALSE,"20","325","San Pedro Quiatoni"
1429,-25.3504155064675,-53.992560564246,4.89914868543839,0.616973542045345,"sintetico_postestratificado",FALSE,0.36346938698067,"sintetico_postestratificado",FALSE,FALSE,FALSE,"20","326","San Pedro Sochiápam"
1430,-22.2331589500699,-51.1440275300562,6.06033400820439,0.508650055938197,"sintetico_postestratificado",FALSE,0.286318466437498,"sintetico_postestratificado",FALSE,FALSE,FALSE,"20","328","San Pedro Taviche"
1431,-25.0601686808514,-55.8912827852776,7.79724150288547,0.566115487029332,"sintetico_postestratificado",FALSE,0.315513800220818,"sintetico_postestratificado",FALSE,FALSE,FALSE,"20","335","San Pedro Yaneri"
1432,-23.2972292636683,-52.7179718944972,8.03625167498423,0.542799892282447,"sintetico_postestratificado",FALSE,0.309827599645764,"sintetico_postestratificado",FALSE,FALSE,FALSE,"20","336","San Pedro Yólox"
1433,-19.1050290717241,-42.6125962897614,4.2248752942855,0.451506818332448,"muestra_directa",TRUE,0.260456527615207,"muestra_directa",FALSE,TRUE,TRUE,"20","339","San Pedro y San Pablo Teposcolula"
1434,-24.2170688751641,-51.5300562832528,7.34990864480102,0.499260132401257,"sintetico_postestratificado",FALSE,0.257089443649615,"sintetico_postestratificado",FALSE,FALSE,FALSE,"20","340","San Pedro y San Pablo Tequixtepec"
1435,-26.5286045833327,-57.0444263958246,4.94587543922431,0.59626544011201,"sintetico_postestratificado",FALSE,0.330979394278683,"sintetico_postestratificado",FALSE,FALSE,FALSE,"20","341","San Pedro Yucunama"
1436,-26.1487391694372,-54.9074253888296,7.40185397188002,0.561495813802329,"sintetico_postestratificado",FALSE,0.300008422107958,"sintetico_postestratificado",FALSE,FALSE,FALSE,"20","342","San Raymundo Jalpan"
1437,-25.1504708986353,-54.7836525429304,6.32973843165839,0.594686061325693,"sintetico_postestratificado",FALSE,0.343181352339339,"sintetico_postestratificado",FALSE,FALSE,FALSE,"20","343","San Sebastián Abasolo"
1438,-24.6018706145243,-53.4749152249464,3.98699692551436,0.552833691222451,"sintetico_postestratificado",FALSE,0.306814985077208,"sintetico_postestratificado",FALSE,FALSE,FALSE,"20","345","San Sebastián Ixcapa"
1439,-22.4150998736353,-50.8862446466752,8.7685205886843,0.594981738868348,"sintetico_postestratificado",FALSE,0.370830740131995,"sintetico_postestratificado",FALSE,FALSE,FALSE,"20","346","San Sebastián Nicananduta"
1440,-22.4439651149823,-50.5226951902386,7.44085511719171,0.531958139463297,"sintetico_postestratificado",FALSE,0.307518488313474,"sintetico_postestratificado",FALSE,FALSE,FALSE,"20","347","San Sebastián Río Hondo"
1441,-22.8148947585021,-52.1158768670873,8.36089841245811,0.528929176290747,"sintetico_postestratificado",FALSE,0.300780228705727,"sintetico_postestratificado",FALSE,FALSE,FALSE,"20","539","Soledad Etla"
1442,-24.8204537460382,-55.1502473867181,9.27703456363054,0.574785933261017,"sintetico_postestratificado",FALSE,0.326581395800635,"sintetico_postestratificado",FALSE,FALSE,FALSE,"20","211","San Juan Ozolotepec"
1443,-24.5764326114715,-51.5164036678299,7.6257113203797,0.561956532174852,"sintetico_postestratificado",FALSE,0.316192206060138,"sintetico_postestratificado",FALSE,FALSE,FALSE,"20","212","San Juan Petlapa"
1444,-24.3689977728861,-53.9958208234296,6.89079038052189,0.580840256801668,"sintetico_postestratificado",FALSE,0.337150279072807,"sintetico_postestratificado",FALSE,FALSE,FALSE,"20","213","San Juan Quiahije"
1445,-24.6065417546751,-53.0115914853791,6.45036223813211,0.530624749525648,"sintetico_postestratificado",FALSE,0.284559331978897,"sintetico_postestratificado",FALSE,FALSE,FALSE,"20","348","San Sebastián Tecomaxtlahuaca"
1446,-25.5712858545646,-53.4511824926253,7.79121991210429,0.615619555195407,"sintetico_postestratificado",FALSE,0.35990669664976,"sintetico_postestratificado",FALSE,FALSE,FALSE,"20","349","San Sebastián Teitipac"
1447,-23.3471510124674,-52.8583322920678,6.26537490282961,0.52309705330999,"sintetico_postestratificado",FALSE,0.289625543185316,"sintetico_postestratificado",FALSE,FALSE,FALSE,"20","540","Villa de Tamazulápam del Progreso"
1448,-22.8858717330855,-49.3796531612147,6.56378990248969,0.533028639356069,"sintetico_postestratificado",FALSE,0.304169922025213,"sintetico_postestratificado",FALSE,FALSE,FALSE,"20","350","San Sebastián Tutla"
1449,-24.3156904547581,-52.4979163619157,6.02033618556727,0.49887858300796,"sintetico_postestratificado",FALSE,0.255721678460379,"sintetico_postestratificado",FALSE,FALSE,FALSE,"20","352","San Simón Zahuatlán"
1450,-23.1764206204408,-50.923451209309,7.6257677065413,0.535337160179415,"sintetico_postestratificado",FALSE,0.303572953975007,"sintetico_postestratificado",FALSE,FALSE,FALSE,"20","353","Santa Ana"
1451,-27.0357977175346,-56.6082687303222,3.70861909965785,0.613014751528801,"sintetico_postestratificado",FALSE,0.342656774353455,"sintetico_postestratificado",FALSE,FALSE,FALSE,"20","354","Santa Ana Ateixtlahuaca"
1452,-25.5545819646447,-53.377817920163,4.88570082135398,0.575846161375553,"sintetico_postestratificado",FALSE,0.320300341729106,"sintetico_postestratificado",FALSE,FALSE,FALSE,"20","355","Santa Ana Cuauhtémoc"
1453,-23.2677117194787,-52.750398941387,4.65105986866921,0.505989780759547,"sintetico_postestratificado",FALSE,0.27331266356476,"sintetico_postestratificado",FALSE,FALSE,FALSE,"20","358","Santa Ana Tlapacoyan"
1454,-23.3530132570827,-51.6035285569685,6.64308426258735,0.552050435366217,"sintetico_postestratificado",FALSE,0.31852030279539,"sintetico_postestratificado",FALSE,FALSE,FALSE,"20","360","Santa Ana Zegache"
1455,-21.4517701081827,-49.8253852998696,8.61061363031132,0.572003219413308,"sintetico_postestratificado",FALSE,0.357485518331481,"sintetico_postestratificado",FALSE,FALSE,FALSE,"20","361","Santa Catalina Quierí"
1456,-23.471130251116,-54.9194281982897,10.324207014314,0.566154661806761,"sintetico_postestratificado",FALSE,0.331443359295601,"sintetico_postestratificado",FALSE,FALSE,FALSE,"20","362","Santa Catarina Cuixtla"
1457,-22.5246831480822,-48.684847144624,7.70113488566664,0.521864554212461,"sintetico_postestratificado",FALSE,0.296617722731639,"sintetico_postestratificado",FALSE,FALSE,FALSE,"20","363","Santa Catarina Ixtepeji"
1458,-25.7284300657502,-53.7038053968333,2.7451715851588,0.516019060758351,"sintetico_postestratificado",FALSE,0.258734760100849,"sintetico_postestratificado",FALSE,FALSE,FALSE,"20","369","Santa Catarina Quiané"
1459,-24.573547742499,-53.3162737141503,8.27697334690394,0.538154734321091,"sintetico_postestratificado",FALSE,0.292419256896102,"sintetico_postestratificado",FALSE,FALSE,FALSE,"20","370","Santa Catarina Tayata"
1460,-20.3241641801764,-49.2990647093886,8.32452514623838,0.463320157773323,"sintetico_postestratificado",FALSE,0.260078515971559,"sintetico_postestratificado",FALSE,FALSE,FALSE,"20","381","Santa Cruz Tacache de Mina"
1461,-26.4018217250151,-55.7968536802874,3.79862020602006,0.550603047079569,"sintetico_postestratificado",FALSE,0.286584829829418,"sintetico_postestratificado",FALSE,FALSE,FALSE,"20","372","Santa Catarina Yosonotú"
1462,-26.4985363808427,-54.3617863459559,7.35378248018843,0.615207698177806,"sintetico_postestratificado",FALSE,0.350222334369379,"sintetico_postestratificado",FALSE,FALSE,FALSE,"20","373","Santa Catarina Zapoquila"
1463,-22.8936766188976,-51.3954747637393,5.8735886113933,0.510485626928223,"sintetico_postestratificado",FALSE,0.281548860739248,"sintetico_postestratificado",FALSE,FALSE,FALSE,"20","374","Santa Cruz Acatepec"
1464,-22.7802710431399,-51.8591262300579,8.12776203467195,0.573212115598557,"sintetico_postestratificado",FALSE,0.345409405167158,"sintetico_postestratificado",FALSE,FALSE,FALSE,"20","293","San Pablo Etla"
1465,-22.4133114490039,-53.6785522949266,10.412880077466,0.537829481473649,"sintetico_postestratificado",FALSE,0.313696366983609,"sintetico_postestratificado",FALSE,FALSE,FALSE,"20","375","Santa Cruz Amilpas"
1466,-23.50047218214,-53.9973965663931,6.16971070214586,0.494684411999066,"sintetico_postestratificado",FALSE,0.259679690177667,"sintetico_postestratificado",FALSE,FALSE,FALSE,"20","376","Santa Cruz de Bravo"
1467,-24.7476538980818,-55.6609288929329,5.38351922350484,0.510583707099292,"sintetico_postestratificado",FALSE,0.263107168118473,"sintetico_postestratificado",FALSE,FALSE,FALSE,"20","382","Santa Cruz Tacahua"
1468,-25.1604480025066,-53.618026017793,7.05023142620785,0.61969393429982,"sintetico_postestratificado",FALSE,0.368089454274754,"sintetico_postestratificado",FALSE,FALSE,FALSE,"20","383","Santa Cruz Tayata"
1469,-24.7807259489364,-53.58638131589,5.99200365589844,0.521412292486814,"sintetico_postestratificado",FALSE,0.27360503299745,"sintetico_postestratificado",FALSE,FALSE,FALSE,"20","384","Santa Cruz Xitla"
1470,-26.3490457601578,-54.123420685442,3.91434447015595,0.556616576802181,"sintetico_postestratificado",FALSE,0.293126119200602,"sintetico_postestratificado",FALSE,FALSE,FALSE,"20","386","Santa Cruz Zenzontepec"
1471,-22.8591587785721,-54.498239035678,7.00203024746141,0.510898217209774,"sintetico_postestratificado",FALSE,0.282306629424053,"sintetico_postestratificado",FALSE,FALSE,FALSE,"20","387","Santa Gertrudis"
1472,-23.3524115056589,-52.5022785973028,8.07424774603481,0.513653793361007,"sintetico_postestratificado",FALSE,0.280129678304417,"sintetico_postestratificado",FALSE,FALSE,FALSE,"20","179","San Juan Bautista Jayacatlán"
1473,-24.4080795578633,-53.5936441245757,5.13694278658369,0.515888684245182,"sintetico_postestratificado",FALSE,0.271807888666549,"sintetico_postestratificado",FALSE,FALSE,FALSE,"20","388","Santa Inés del Monte"
1474,-22.1411713616849,-50.4353506848781,5.05002818132189,0.468112473873432,"muestra_directa",TRUE,0.246700760256582,"muestra_directa",TRUE,TRUE,TRUE,"20","390","Santa Lucía del Camino"
1475,-27.7406132094811,-54.5215780491699,-1.07162506816565,0.576553604920992,"muestra_directa",TRUE,0.299147472826181,"muestra_directa",TRUE,TRUE,TRUE,"20","408","Santa María del Rosario"
1476,-25.3856376618694,-53.3859652120369,5.74319474430442,0.536273646554657,"sintetico_postestratificado",FALSE,0.282417269935963,"sintetico_postestratificado",FALSE,FALSE,FALSE,"20","391","Santa Lucía Miahuatlán"
1477,-26.0071280802099,-54.821830374632,6.08249799392214,0.588739369497103,"sintetico_postestratificado",FALSE,0.328668088695004,"sintetico_postestratificado",FALSE,FALSE,FALSE,"20","418","Santa María Jalapa del Marqués"
1478,-23.9550496978851,-53.7035787650247,6.67905182979079,0.570054916277799,"sintetico_postestratificado",FALSE,0.330504419298948,"sintetico_postestratificado",FALSE,FALSE,FALSE,"20","392","Santa Lucía Monteverde"
1479,-21.2222659169968,-50.0762187013959,9.46340279583861,0.475514640613233,"sintetico_postestratificado",FALSE,0.263291981443265,"sintetico_postestratificado",FALSE,FALSE,FALSE,"20","393","Santa Lucía Ocotlán"
1480,-22.4808493250345,-51.9648243927813,6.45976422684392,0.518938233660346,"sintetico_postestratificado",FALSE,0.294129740410001,"sintetico_postestratificado",FALSE,FALSE,FALSE,"20","394","Santa María Alotepec"
1481,-20.5671107349976,-51.3582241936755,10.4644954792599,0.515890577199598,"sintetico_postestratificado",FALSE,0.310219469849622,"sintetico_postestratificado",FALSE,FALSE,FALSE,"20","395","Santa María Apazco"
1482,-20.1823051368061,-49.7917931794564,10.7304899171872,0.495213324350253,"sintetico_postestratificado",FALSE,0.293390272982192,"sintetico_postestratificado",FALSE,FALSE,FALSE,"20","396","Santa María la Asunción"
1483,-25.7162811432289,-47.7095348047434,-3.35115420730196,0.503340653023983,"muestra_directa",TRUE,0.246177841591694,"muestra_directa",FALSE,TRUE,TRUE,"20","397","Heroica Ciudad de Tlaxiaco"
1484,-25.7015594859542,-54.52697798344,5.76969310127257,0.549280236145989,"sintetico_postestratificado",FALSE,0.292264641286447,"sintetico_postestratificado",FALSE,FALSE,FALSE,"20","398","Ayoquezco de Aldama"
1485,-22.1637973208222,-50.886811670169,8.16071623128608,0.507093380046896,"sintetico_postestratificado",FALSE,0.285455406838674,"sintetico_postestratificado",FALSE,FALSE,FALSE,"20","399","Santa María Atzompa"
1486,-23.8313577024772,-51.3988105139095,7.90530785095337,0.525897624066752,"sintetico_postestratificado",FALSE,0.287584047041979,"sintetico_postestratificado",FALSE,FALSE,FALSE,"20","400","Santa María Camotlán"
1487,-23.8353907835254,-52.0020184363754,7.59642165580328,0.531153628637669,"sintetico_postestratificado",FALSE,0.292799720802415,"sintetico_postestratificado",FALSE,FALSE,FALSE,"20","402","Santa María Cortijo"
1488,-23.3377554383268,-49.8571427152874,6.91529377289571,0.510981594161121,"sintetico_postestratificado",FALSE,0.277604039777854,"sintetico_postestratificado",FALSE,FALSE,FALSE,"20","154","San Ildefonso Amatlán"
1489,-28.0619999913354,-54.5080153778497,2.88675200401635,0.611947968313711,"sintetico_postestratificado",FALSE,0.331327968400357,"sintetico_postestratificado",FALSE,FALSE,FALSE,"20","155","San Ildefonso Sola"
1490,-24.8703318281908,-53.6330733796441,7.68380134924691,0.545624778007727,"sintetico_postestratificado",FALSE,0.296921459725818,"sintetico_postestratificado",FALSE,FALSE,FALSE,"20","156","San Ildefonso Villa Alta"
1491,-24.1041381393116,-53.3664791773,8.80950302969392,0.587023125491121,"sintetico_postestratificado",FALSE,0.345981744098005,"sintetico_postestratificado",FALSE,FALSE,FALSE,"20","403","Santa María Coyotepec"
1492,-21.1044473192677,-50.3756523983886,11.2011872687213,0.497154631612818,"sintetico_postestratificado",FALSE,0.286110158420141,"sintetico_postestratificado",FALSE,FALSE,FALSE,"20","419","Santa María Jaltianguis"
1493,-26.9173728525759,-54.7909043214523,3.61499322132362,0.579955187969729,"sintetico_postestratificado",FALSE,0.31078145944397,"sintetico_postestratificado",FALSE,FALSE,FALSE,"20","405","Villa de Chilapa de Díaz"
1494,-23.8463355036186,-53.6073533019667,9.15179976632796,0.592715897490172,"sintetico_postestratificado",FALSE,0.354252542453986,"sintetico_postestratificado",FALSE,FALSE,FALSE,"20","409","Santa María del Tule"
1495,-24.510809109259,-53.3333460948955,3.62696795993318,0.513928949258832,"sintetico_postestratificado",FALSE,0.268820858166243,"sintetico_postestratificado",FALSE,FALSE,FALSE,"20","264","San Miguel Chicahua"
1496,-25.5426928173217,-53.0475139111953,4.06194048186095,0.565477889069906,"sintetico_postestratificado",FALSE,0.310050960896688,"sintetico_postestratificado",FALSE,FALSE,FALSE,"20","411","Santa María Guelacé"
1497,-22.6448940536904,-51.8372246646237,9.21466691299011,0.532098830621877,"sintetico_postestratificado",FALSE,0.305649890084974,"sintetico_postestratificado",FALSE,FALSE,FALSE,"20","106","San Antonio Acutla"
1498,-23.4002028266448,-52.2918904520902,8.24459907640157,0.545405212115325,"sintetico_postestratificado",FALSE,0.311403183848877,"sintetico_postestratificado",FALSE,FALSE,FALSE,"20","198","San Juan Guichicovi"
1499,-22.9515725314644,-51.7245844897425,8.97642526839067,0.479344614658217,"sintetico_postestratificado",FALSE,0.249828889343573,"sintetico_postestratificado",FALSE,FALSE,FALSE,"20","365","Santa Catarina Lachatao"
1500,-19.2991079623227,-42.0051329341937,5.97128640829954,0.51483594395736,"muestra_directa",FALSE,0.321844864334133,"muestra_directa",FALSE,TRUE,FALSE,"20","002","Acatlán de Pérez Figueroa"
1501,-23.9935772373778,-53.5746503393571,6.08889157198155,0.541519897356341,"sintetico_postestratificado",FALSE,0.301584124982563,"sintetico_postestratificado",FALSE,FALSE,FALSE,"20","006","Asunción Nochixtlán"
1502,-22.1271770446058,-51.1693108856228,10.8264698179193,0.543368747485701,"sintetico_postestratificado",FALSE,0.322096977039643,"sintetico_postestratificado",FALSE,FALSE,FALSE,"20","008","Asunción Tlacolulita"
1503,-23.2957099186912,-50.0933491020896,7.88517305450602,0.546684126801674,"sintetico_postestratificado",FALSE,0.313727027614762,"sintetico_postestratificado",FALSE,FALSE,FALSE,"20","009","Ayotzintepec"
1504,-22.9991664226055,-49.9284024119454,7.99203910884971,0.52689073347157,"sintetico_postestratificado",FALSE,0.296899069245515,"sintetico_postestratificado",FALSE,FALSE,FALSE,"20","010","El Barrio de la Soledad"
1505,-23.4564268365697,-53.3116830647501,8.11141504970268,0.545487206681352,"sintetico_postestratificado",FALSE,0.310922938315655,"sintetico_postestratificado",FALSE,FALSE,FALSE,"20","055","Mariscala de Juárez"
1506,-22.4905054579143,-52.6025822717899,7.08528798254531,0.553057635297685,"sintetico_postestratificado",FALSE,0.328152580718541,"sintetico_postestratificado",FALSE,FALSE,FALSE,"20","412","Santa María Guienagati"
1507,-21.8244092037577,-51.849520370575,10.6131229067797,0.50527727136602,"sintetico_postestratificado",FALSE,0.287033179328443,"sintetico_postestratificado",FALSE,FALSE,FALSE,"20","414","Santa María Huazolotitlán"
1508,-23.7721539027531,-53.9351948962715,5.68570455492633,0.537891686489549,"sintetico_postestratificado",FALSE,0.300170147462018,"sintetico_postestratificado",FALSE,FALSE,FALSE,"20","415","Santa María Ipalapa"
1509,-22.4954087701549,-51.7133138300713,9.1137053796936,0.528569615089709,"sintetico_postestratificado",FALSE,0.30361552738816,"sintetico_postestratificado",FALSE,FALSE,FALSE,"20","287","San Miguel Tulancingo"
1510,-23.0595406578696,-52.1470539873639,5.92163925339035,0.510392579890138,"sintetico_postestratificado",FALSE,0.279797173311442,"sintetico_postestratificado",FALSE,FALSE,FALSE,"20","291","San Pablo Coatlán"
1511,-22.1288021549852,-50.7047512199859,7.69573181056657,0.526238452767865,"sintetico_postestratificado",FALSE,0.304950431218013,"sintetico_postestratificado",FALSE,FALSE,FALSE,"20","298","San Pablo Villa de Mitla"
1512,-28.9760652418556,-53.4652105571201,-1.76454888501504,0.618463632915781,"muestra_directa",TRUE,0.328702980497225,"muestra_directa",TRUE,TRUE,TRUE,"20","385","Santa Cruz Xoxocotlán"
1513,-22.0336005424061,-50.1202562350014,10.9014619690258,0.522791352405849,"sintetico_postestratificado",FALSE,0.302455346981788,"sintetico_postestratificado",FALSE,FALSE,FALSE,"20","416","Santa María Ixcatlán"
1514,-23.6153416938771,-53.5023533423285,7.16196644014848,0.564563220337787,"sintetico_postestratificado",FALSE,0.328409803399016,"sintetico_postestratificado",FALSE,FALSE,FALSE,"20","420","Santa María Lachixío"
1515,-19.3454870972159,-46.6287954695555,8.14964683031936,0.486162359841337,"muestra_directa",TRUE,0.292707488869178,"muestra_directa",TRUE,TRUE,TRUE,"20","023","Cuilápam de Guerrero"
1516,-21.8576618538855,-51.1238504416246,9.4435341583015,0.531491019008754,"sintetico_postestratificado",FALSE,0.312914400469899,"sintetico_postestratificado",FALSE,FALSE,FALSE,"20","306","San Pedro el Alto"
1517,-22.324205442512,-47.0059832499623,3.47010622982938,0.530174567686909,"muestra_directa",TRUE,0.306932513261788,"muestra_directa",FALSE,TRUE,TRUE,"20","310","San Pedro Ixtlahuaca"
1518,-22.3053775519944,-50.6532123583782,9.4896095916267,0.554873186691808,"sintetico_postestratificado",FALSE,0.331819411171864,"sintetico_postestratificado",FALSE,FALSE,FALSE,"20","421","Santa María Mixtequilla"
1519,-22.2076560604709,-51.3248559803017,8.90609662821945,0.515842220427449,"sintetico_postestratificado",FALSE,0.293765659822739,"sintetico_postestratificado",FALSE,FALSE,FALSE,"20","309","San Pedro Ixcatlán"
1520,-23.0278607833756,-49.4428730926286,4.41034923198031,0.548061027535544,"muestra_directa",TRUE,0.317782419701789,"muestra_directa",TRUE,TRUE,TRUE,"20","324","San Pedro Pochutla"
1521,-21.6052227192938,-50.3677598634973,8.05011295252997,0.511718871312196,"sintetico_postestratificado",FALSE,0.295666644119257,"sintetico_postestratificado",FALSE,FALSE,FALSE,"20","337","San Pedro y San Pablo Ayutla"
1522,-22.8595409391878,-50.1524568372675,7.03759876323961,0.54009339011236,"sintetico_postestratificado",FALSE,0.311497980720482,"sintetico_postestratificado",FALSE,FALSE,FALSE,"20","351","San Simón Almolongas"
1523,-22.7040048269509,-50.9712427045021,8.08743106077238,0.527371187396528,"sintetico_postestratificado",FALSE,0.300331139127019,"sintetico_postestratificado",FALSE,FALSE,FALSE,"20","425","Santa María Pápalo"
1524,-23.418216125823,-51.707839210738,5.21146204909823,0.535375086659616,"sintetico_postestratificado",FALSE,0.301192925401385,"sintetico_postestratificado",FALSE,FALSE,FALSE,"20","426","Santa María Peñoles"
1525,-24.9751223501706,-54.0330597250361,6.84733014472076,0.550249196268079,"sintetico_postestratificado",FALSE,0.300497972766373,"sintetico_postestratificado",FALSE,FALSE,FALSE,"20","427","Santa María Petapa"
1526,-20.991095255803,-48.7727755900538,12.4725748185748,0.510440281512567,"sintetico_postestratificado",FALSE,0.300529328954538,"sintetico_postestratificado",FALSE,FALSE,FALSE,"20","428","Santa María Quiegolani"
1527,-22.0662834282466,-51.3069453842095,9.56963314954205,0.524174058432609,"sintetico_postestratificado",FALSE,0.303511224150143,"sintetico_postestratificado",FALSE,FALSE,FALSE,"20","432","Santa María Temaxcalapa"
1528,-25.6703741999059,-52.7987378203919,3.10889439326526,0.537742089458845,"sintetico_postestratificado",FALSE,0.281038347459786,"sintetico_postestratificado",FALSE,FALSE,FALSE,"20","429","Santa María Sola"
1529,-23.5380093257205,-52.827484805676,7.8430560296,0.539840081488642,"sintetico_postestratificado",FALSE,0.304459988231437,"sintetico_postestratificado",FALSE,FALSE,FALSE,"20","430","Santa María Tataltepec"
1530,-26.3318218761299,-56.1159991648667,5.55487428331178,0.58703531594194,"sintetico_postestratificado",FALSE,0.323717097180641,"sintetico_postestratificado",FALSE,FALSE,FALSE,"20","431","Santa María Tecomavaca"
1531,-30.2322002211894,-57.9187556994789,-2.31576905440406,0.557176054078923,"muestra_directa",TRUE,0.254854051867029,"muestra_directa",TRUE,TRUE,TRUE,"20","021","Cosolapa"
1532,-25.4797699003876,-54.8081983499249,6.28101461736785,0.611449637737756,"sintetico_postestratificado",FALSE,0.35665193873388,"sintetico_postestratificado",FALSE,FALSE,FALSE,"20","175","San Juan Bautista Atatlahuca"
1533,-21.2043527255562,-47.9189953758538,8.01105168839507,0.465301950799802,"sintetico_postestratificado",FALSE,0.25325842354424,"sintetico_postestratificado",FALSE,FALSE,FALSE,"20","270","San Miguel Huautla"
1534,-22.3898766499556,-52.110112533977,10.4923349315127,0.515482414989697,"sintetico_postestratificado",FALSE,0.291583648490141,"sintetico_postestratificado",FALSE,FALSE,FALSE,"20","433","Santa María Temaxcaltepec"
1535,-24.5686301351308,-54.0916192241303,8.40113836111559,0.574981333275385,"sintetico_postestratificado",FALSE,0.329295031924077,"sintetico_postestratificado",FALSE,FALSE,FALSE,"20","436","Santa María Texcatitlán"
1536,-21.8843230073669,-49.996379005123,7.71496574463508,0.499125723767825,"sintetico_postestratificado",FALSE,0.280282493694156,"sintetico_postestratificado",FALSE,FALSE,FALSE,"20","452","Santiago Apóstol"
1537,-24.614845192507,-52.6545084042211,5.50199387533576,0.662116962640762,"sintetico_postestratificado",FALSE,0.415968510715692,"sintetico_postestratificado",FALSE,FALSE,FALSE,"20","442","Santa María Yalina"
1538,-21.2099461906616,-49.2272223529235,8.21959774205135,0.514614664689659,"sintetico_postestratificado",FALSE,0.302515202783043,"sintetico_postestratificado",FALSE,FALSE,FALSE,"20","438","Santa María Tlalixtac"
1539,-22.6479266283356,-50.3919853459156,7.2111612180056,0.532050090009842,"sintetico_postestratificado",FALSE,0.305570823726486,"sintetico_postestratificado",FALSE,FALSE,FALSE,"20","434","Santa María Teopoxco"
1540,-25.6559062261684,-51.892115511939,3.47240639083398,0.529747308654985,"sintetico_postestratificado",FALSE,0.273188246393301,"sintetico_postestratificado",FALSE,FALSE,FALSE,"20","444","Santa María Yolotepec"
1541,-24.0180435862241,-52.7633788183703,6.89928924867086,0.520884888208653,"sintetico_postestratificado",FALSE,0.280704452346412,"sintetico_postestratificado",FALSE,FALSE,FALSE,"20","443","Santa María Yavesía"
1542,-25.1059044560021,-53.2362151653919,4.75510093151533,0.533398679890084,"sintetico_postestratificado",FALSE,0.282339635330063,"sintetico_postestratificado",FALSE,FALSE,FALSE,"20","445","Santa María Yosoyúa"
1543,-23.642500675174,-53.4955080869443,6.11331399434416,0.508550685843877,"sintetico_postestratificado",FALSE,0.272125679092136,"sintetico_postestratificado",FALSE,FALSE,FALSE,"20","448","Santa María Zaniza"
1544,-27.4292879846976,-57.2889992089514,4.30847905926494,0.597121442632627,"sintetico_postestratificado",FALSE,0.322828562785652,"sintetico_postestratificado",FALSE,FALSE,FALSE,"20","449","Santa María Zoquitlán"
1545,-24.6180211107772,-52.2387380596237,3.46989040328139,0.556649400529593,"sintetico_postestratificado",FALSE,0.310469189421821,"sintetico_postestratificado",FALSE,FALSE,FALSE,"20","462","Santiago Huajolotitlán"
1546,-24.6238365881564,-53.5120900432606,6.82849810894426,0.520237341452065,"sintetico_postestratificado",FALSE,0.273998975570501,"sintetico_postestratificado",FALSE,FALSE,FALSE,"20","453","Santiago Astata"
1547,-25.9643017605826,-55.9883585114761,3.60912865927292,0.5944061028455,"sintetico_postestratificado",FALSE,0.334763085239673,"sintetico_postestratificado",FALSE,FALSE,FALSE,"20","454","Santiago Atitlán"
1548,-26.0753628144772,-55.6309315023248,6.17773579344035,0.592839779760133,"sintetico_postestratificado",FALSE,0.332086151615361,"sintetico_postestratificado",FALSE,FALSE,FALSE,"20","455","Santiago Ayuquililla"
1549,-23.7965016642226,-52.7358562109725,8.51218362351987,0.580465645481781,"sintetico_postestratificado",FALSE,0.342500628839555,"sintetico_postestratificado",FALSE,FALSE,FALSE,"20","458","Santiago Comaltepec"
1550,-24.6930236910409,-51.8532870646328,6.97488769482087,0.546069556150038,"sintetico_postestratificado",FALSE,0.299139319239629,"sintetico_postestratificado",FALSE,FALSE,FALSE,"20","461","Santiago del Río"
1551,-23.2265858432048,-52.1247956469712,8.39640881988923,0.530779681555286,"sintetico_postestratificado",FALSE,0.298513823123238,"sintetico_postestratificado",FALSE,FALSE,FALSE,"20","465","Santiago Ixcuintepec"
1552,-23.2235584647585,-52.2637801100665,10.2258425739072,0.53977403963674,"sintetico_postestratificado",FALSE,0.307538454989154,"sintetico_postestratificado",FALSE,FALSE,FALSE,"20","466","Santiago Ixtayutla"
1553,-24.6759287785517,-51.9291300147843,7.71931133631579,0.58439748716868,"sintetico_postestratificado",FALSE,0.337638199383163,"sintetico_postestratificado",FALSE,FALSE,FALSE,"20","468","Santiago Jocotepec"
1554,-22.7292969977632,-51.9185200117026,9.80650304968316,0.53570269176387,"sintetico_postestratificado",FALSE,0.308409721786238,"sintetico_postestratificado",FALSE,FALSE,FALSE,"20","470","Santiago Lachiguiri"
1555,-23.1515591875446,-52.4850193507129,7.37714887430507,0.611612149503414,"sintetico_postestratificado",FALSE,0.380096557627968,"sintetico_postestratificado",FALSE,FALSE,FALSE,"20","471","Santiago Lalopa"
1556,-24.0356703024512,-52.6180205929129,8.5238898837039,0.56502066733443,"sintetico_postestratificado",FALSE,0.324663964309918,"sintetico_postestratificado",FALSE,FALSE,FALSE,"20","472","Santiago Laollaga"
1557,-25.6220665437081,-54.1975875257746,5.23921430994623,0.558370808006214,"sintetico_postestratificado",FALSE,0.302150142569133,"sintetico_postestratificado",FALSE,FALSE,FALSE,"20","473","Santiago Laxopa"
1558,-23.6627817913205,-52.1660262700469,7.08023548348822,0.545760314379317,"sintetico_postestratificado",FALSE,0.309132496466112,"sintetico_postestratificado",FALSE,FALSE,FALSE,"20","474","Santiago Llano Grande"
1559,-24.9239156220196,-52.557443188249,3.65001560368112,0.54488753603007,"sintetico_postestratificado",FALSE,0.295648379809874,"sintetico_postestratificado",FALSE,FALSE,FALSE,"20","475","Santiago Matatlán"
1560,-24.9477096291854,-50.6654499144537,4.55814122571072,0.550554961824267,"sintetico_postestratificado",FALSE,0.301077865532413,"sintetico_postestratificado",FALSE,FALSE,FALSE,"20","476","Santiago Miltepec"
1561,-23.7013962978919,-51.5899090975972,8.09590189399561,0.519020798077372,"sintetico_postestratificado",FALSE,0.282006835098452,"sintetico_postestratificado",FALSE,FALSE,FALSE,"20","389","Santa Inés Yatzeche"
1562,-25.0736877886743,-52.4334074926533,2.65155119113041,0.539579173322175,"sintetico_postestratificado",FALSE,0.288842295435432,"sintetico_postestratificado",FALSE,FALSE,FALSE,"20","478","Santiago Nacaltepec"
1563,-28.1153263735127,-55.8415637991917,3.53536534369572,0.657233972660533,"sintetico_postestratificado",FALSE,0.376080708925406,"sintetico_postestratificado",FALSE,FALSE,FALSE,"20","479","Santiago Nejapilla"
1564,-22.6664145528109,-52.8036361504647,7.48136559571348,0.55353059215985,"sintetico_postestratificado",FALSE,0.326866446631742,"sintetico_postestratificado",FALSE,FALSE,FALSE,"20","012","Candelaria Loxicha"
1565,-30.4728292225547,-55.1803301737501,-3.70417233086193,0.621639219584982,"muestra_directa",TRUE,0.316910927359434,"muestra_directa",TRUE,TRUE,TRUE,"20","028","Heroica Ciudad de Ejutla de Crespo"
1566,-33.6755016971306,-54.829331679496,-8.33903978923304,0.632800321862344,"muestra_directa",TRUE,0.296045304891038,"muestra_directa",FALSE,TRUE,TRUE,"20","039","Heroica Ciudad de Huajuapan de León"
1567,-25.8709899068417,-53.2105704676315,5.23209142003048,0.565273820830868,"sintetico_postestratificado",FALSE,0.306563921762451,"sintetico_postestratificado",FALSE,FALSE,FALSE,"20","064","Nejapa de Madero"
1568,-24.2915987271795,-52.2043658133769,8.27417900209189,0.563767780498989,"sintetico_postestratificado",FALSE,0.320851793227194,"sintetico_postestratificado",FALSE,FALSE,FALSE,"20","066","Santiago Niltepec"
1569,-28.4356511818866,-53.7277536841562,0.524817997769495,0.598761336742871,"muestra_directa",TRUE,0.314404824924006,"muestra_directa",TRUE,TRUE,TRUE,"20","067","Oaxaca de Juárez"
1570,-24.8471245576917,-52.6494558199856,7.35526122711465,0.552774206965019,"sintetico_postestratificado",FALSE,0.304302961388103,"sintetico_postestratificado",FALSE,FALSE,FALSE,"20","068","Ocotlán de Morelos"
1571,-26.0657150361219,-53.3082049458795,3.90988315134855,0.597133591752425,"sintetico_postestratificado",FALSE,0.336476441391206,"sintetico_postestratificado",FALSE,FALSE,FALSE,"20","073","Putla Villa de Guerrero"
1572,-23.9207068138855,-52.7401447589449,7.55689884323306,0.595736752815433,"sintetico_postestratificado",FALSE,0.356529684676578,"sintetico_postestratificado",FALSE,FALSE,FALSE,"20","085","San Agustín Loxicha"
1573,-24.1994906254318,-52.7810229346637,7.02765934193525,0.569565088474053,"sintetico_postestratificado",FALSE,0.327570182219735,"sintetico_postestratificado",FALSE,FALSE,FALSE,"20","088","San Andrés Cabecera Nueva"
1574,-22.165633308828,-51.4999041540808,7.67399509501663,0.518397745096714,"sintetico_postestratificado",FALSE,0.296741412008434,"sintetico_postestratificado",FALSE,FALSE,FALSE,"20","483","Santiago Suchilquitongo"
1575,-21.4254671825588,-50.5511071810524,10.0617339303591,0.560585600724983,"sintetico_postestratificado",FALSE,0.346330928899395,"sintetico_postestratificado",FALSE,FALSE,FALSE,"20","486","Villa Tejúpam de la Unión"
1576,-26.3399186079402,-54.6370638801841,7.06173658515693,0.646595212011005,"sintetico_postestratificado",FALSE,0.383196025931602,"sintetico_postestratificado",FALSE,FALSE,FALSE,"20","093","San Andrés Lagunas"
1577,-22.09233031005,-49.5264353270916,7.97575728083764,0.540407199655056,"sintetico_postestratificado",FALSE,0.319483896554556,"sintetico_postestratificado",FALSE,FALSE,FALSE,"20","113","San Baltazar Loxicha"
1578,-22.8608252605569,-53.7042538249016,5.33057983606162,0.548447372312254,"sintetico_postestratificado",FALSE,0.319839119706685,"sintetico_postestratificado",FALSE,FALSE,FALSE,"20","487","Santiago Tenango"
1579,-19.8387499762138,-50.7588004308079,11.8579454993612,0.475475810222005,"sintetico_postestratificado",FALSE,0.277088310459867,"sintetico_postestratificado",FALSE,FALSE,FALSE,"20","488","Santiago Tepetlapa"
1580,-21.8991853138582,-49.8467901219971,7.71879398693788,0.522675952813537,"sintetico_postestratificado",FALSE,0.303684099674954,"sintetico_postestratificado",FALSE,FALSE,FALSE,"20","496","Santiago Xiacuí"
1581,-22.8021413189674,-50.4572425298766,8.79596088352655,0.570317372392934,"sintetico_postestratificado",FALSE,0.34229595920326,"sintetico_postestratificado",FALSE,FALSE,FALSE,"20","509","Santo Domingo de Morelos"
1582,-22.2355562364218,-52.6252045964031,9.33850414390012,0.501916619694217,"sintetico_postestratificado",FALSE,0.279561057329999,"sintetico_postestratificado",FALSE,FALSE,FALSE,"20","557","Unión Hidalgo"
1583,-25.859471662918,-53.4533680880251,5.51850720585575,0.569445601411616,"sintetico_postestratificado",FALSE,0.310850884782436,"sintetico_postestratificado",FALSE,FALSE,FALSE,"20","560","Villa Díaz Ordaz"
1584,-26.9094572227613,-55.681002498806,3.02141028392441,0.563761718559622,"sintetico_postestratificado",FALSE,0.29466714633201,"sintetico_postestratificado",FALSE,FALSE,FALSE,"20","038","Villa Hidalgo Yalálag"
1585,-25.1410502680141,-55.9739088465129,7.65487107456085,0.607554211870927,"sintetico_postestratificado",FALSE,0.356143709190786,"sintetico_postestratificado",FALSE,FALSE,FALSE,"20","238","Heroico San Martín de los Cansecos"
1586,-23.9717156397667,-52.0988086093887,5.79921526973218,0.598451903604029,"sintetico_postestratificado",FALSE,0.358734747206362,"sintetico_postestratificado",FALSE,FALSE,FALSE,"21","180","Tlahuapan"
1587,-24.3412394146047,-53.3334170506084,6.39665055066179,0.550668105489926,"sintetico_postestratificado",FALSE,0.307255711343879,"sintetico_postestratificado",FALSE,FALSE,FALSE,"21","080","Atlequizayan"
1588,-23.8987941249777,-51.5785397585478,7.44784839706365,0.570776231229071,"sintetico_postestratificado",FALSE,0.331788289979294,"sintetico_postestratificado",FALSE,FALSE,FALSE,"21","087","Jolalpan"
1589,-24.6508385383451,-54.1465049092942,7.75136000274922,0.576960229809248,"sintetico_postestratificado",FALSE,0.330451844425798,"sintetico_postestratificado",FALSE,FALSE,FALSE,"21","088","Jonotla"
1590,-23.770138286466,-52.2831960815604,6.80683030284209,0.540629106047622,"sintetico_postestratificado",FALSE,0.302927723182962,"sintetico_postestratificado",FALSE,FALSE,FALSE,"21","081","Ixcamilpa de Guerrero"
1591,-24.3688982887899,-52.6762559102291,10.7437679818506,0.610596694882529,"sintetico_postestratificado",FALSE,0.36690771199463,"sintetico_postestratificado",FALSE,FALSE,FALSE,"21","083","Ixtacamaxtitlán"
1592,-28.9478893678839,-48.5097982874048,-7.09050252294635,0.688352937077143,"muestra_directa",FALSE,0.398874043398305,"muestra_directa",FALSE,TRUE,FALSE,"21","197","Xicotepec"
1593,-27.0906893709148,-56.6910157554081,3.23621558971921,0.562401156255205,"sintetico_postestratificado",FALSE,0.291494262546057,"sintetico_postestratificado",FALSE,FALSE,FALSE,"21","193","Tzicatlacoyan"
1594,-24.312429645685,-52.7020673198995,6.18394406948789,0.56614025167471,"sintetico_postestratificado",FALSE,0.323015955217859,"sintetico_postestratificado",FALSE,FALSE,FALSE,"21","192","Tuzamapan de Galeana"
1595,-22.8266971301027,-51.3389927205734,9.40526966632594,0.580913569664926,"sintetico_postestratificado",FALSE,0.352646598363899,"sintetico_postestratificado",FALSE,FALSE,FALSE,"21","215","Zongozotla"
1596,-22.1486993425641,-51.0877896069729,7.35036183608662,0.560933351722745,"sintetico_postestratificado",FALSE,0.339446358297104,"sintetico_postestratificado",FALSE,FALSE,FALSE,"21","191","Tulcingo"
1597,-21.870193868914,-52.1270952006544,11.0541815377092,0.577904401583763,"sintetico_postestratificado",FALSE,0.359202462894623,"sintetico_postestratificado",FALSE,FALSE,FALSE,"21","216","Zoquiapan"
1598,-18.4591175693982,-42.6006712258377,4.87837844059413,0.578535449622921,"muestra_directa",FALSE,0.393944273928939,"muestra_directa",FALSE,TRUE,FALSE,"21","199","Xiutetelco"
1599,-24.1827022075365,-53.6433925176654,8.58284177030866,0.59093235060298,"sintetico_postestratificado",FALSE,0.349105328527615,"sintetico_postestratificado",FALSE,FALSE,FALSE,"21","198","Xicotlán"
1600,-23.2924725295684,-51.5340947562511,6.82909860723646,0.530518158737702,"sintetico_postestratificado",FALSE,0.297593433442018,"sintetico_postestratificado",FALSE,FALSE,FALSE,"21","178","Tlacuilotepec"
1601,-25.1801119960562,-52.8384167348039,4.64112882009907,0.593579902832288,"sintetico_postestratificado",FALSE,0.341778782871726,"sintetico_postestratificado",FALSE,FALSE,FALSE,"21","105","Ocotepec"
1602,-22.7810493933156,-46.3013984693825,3.15982855239335,0.539542777458461,"muestra_directa",TRUE,0.311732283525305,"muestra_directa",FALSE,TRUE,TRUE,"21","132","San Martín Texmelucan"
1603,-24.774517703259,-53.8690350908332,5.85797226003849,0.54248554052782,"sintetico_postestratificado",FALSE,0.294740363495231,"sintetico_postestratificado",FALSE,FALSE,FALSE,"21","143","San Salvador el Verde"
1604,-23.4321214646232,-53.3010184938313,6.06403340426518,0.564836085097604,"sintetico_postestratificado",FALSE,0.330514870451372,"sintetico_postestratificado",FALSE,FALSE,FALSE,"21","176","Tilapa"
1605,-25.3262564531417,-53.9851431679708,7.51264804823743,0.559270872614727,"sintetico_postestratificado",FALSE,0.30600830808331,"sintetico_postestratificado",FALSE,FALSE,FALSE,"21","174","Teziutlán"
1606,-23.4043154480866,-51.7262345169836,7.16060655078918,0.511019753337342,"sintetico_postestratificado",FALSE,0.276976598856475,"sintetico_postestratificado",FALSE,FALSE,FALSE,"21","171","Tepeyahualco de Cuauhtémoc"
1607,-26.0932568137682,-53.5142042744948,3.95958740216464,0.575263694813324,"sintetico_postestratificado",FALSE,0.314331126675642,"sintetico_postestratificado",FALSE,FALSE,FALSE,"21","103","Nicolás Bravo"
1608,-25.8212881338052,-50.8722163215091,0.0978321503586182,0.542785306563577,"muestra_directa",TRUE,0.284572425225524,"muestra_directa",FALSE,TRUE,TRUE,"21","102","Nealtican"
1609,-23.736055433949,-50.8319240642127,8.14914408522117,0.597826949018447,"sintetico_postestratificado",FALSE,0.360466394678957,"sintetico_postestratificado",FALSE,FALSE,FALSE,"21","142","San Salvador el Seco"
1610,-23.2868074037299,-52.3752628949544,5.67284183191871,0.566828547565012,"sintetico_postestratificado",FALSE,0.333960473527712,"sintetico_postestratificado",FALSE,FALSE,FALSE,"21","101","Nauzontla"
1611,-25.0401553739549,-52.7992003334931,7.49309895489786,0.579791015426674,"sintetico_postestratificado",FALSE,0.329389461687125,"sintetico_postestratificado",FALSE,FALSE,FALSE,"21","100","Naupan"
1612,-24.5984600806492,-53.3136808600817,7.09465599263144,0.58445101193221,"sintetico_postestratificado",FALSE,0.338466411125718,"sintetico_postestratificado",FALSE,FALSE,FALSE,"21","099","Cañada Morelos"
1613,-28.068612760809,-54.8185295896957,2.78094355696803,0.61052228246394,"sintetico_postestratificado",FALSE,0.32983615485585,"sintetico_postestratificado",FALSE,FALSE,FALSE,"21","098","Molcaxac"
1614,-25.7222710002653,-53.6810782233298,3.76542451007676,0.521793540484893,"sintetico_postestratificado",FALSE,0.26457083048224,"sintetico_postestratificado",FALSE,FALSE,FALSE,"21","001","Acajete"
1615,-23.5074964517167,-50.6090294747575,5.85453763760469,0.612335054913723,"sintetico_postestratificado",FALSE,0.377260090396556,"sintetico_postestratificado",FALSE,FALSE,FALSE,"21","182","Tlanepantla"
1616,-25.2090891708768,-54.0083690517064,9.14989184270944,0.554351369612542,"sintetico_postestratificado",FALSE,0.302260477903775,"sintetico_postestratificado",FALSE,FALSE,FALSE,"21","201","Xochiltepec"
1617,-24.6564020073424,-52.0831439384117,4.48130141931323,0.550375578798177,"sintetico_postestratificado",FALSE,0.303811558724753,"sintetico_postestratificado",FALSE,FALSE,FALSE,"21","110","Palmar de Bravo"
1618,-24.0075416964782,-51.6113670784766,8.39666002483741,0.566069811211221,"sintetico_postestratificado",FALSE,0.325994394246439,"sintetico_postestratificado",FALSE,FALSE,FALSE,"21","109","Pahuatlán"
1619,-21.4350414430857,-52.3151442946217,11.5278939991554,0.547614430854783,"sintetico_postestratificado",FALSE,0.333264016423926,"sintetico_postestratificado",FALSE,FALSE,FALSE,"21","067","Guadalupe Victoria"
1620,-28.7379847419921,-53.8929045551897,-2.5503449938005,0.563737653121319,"muestra_directa",TRUE,0.276357805701397,"muestra_directa",TRUE,TRUE,TRUE,"21","147","Santa Inés Ahuatempan"
1621,-24.0513615602259,-53.0183600405803,7.73014281086757,0.542808902475038,"sintetico_postestratificado",FALSE,0.302295286872779,"sintetico_postestratificado",FALSE,FALSE,FALSE,"21","204","Yaonáhuac"
1622,-21.9094674740296,-50.0636619909166,9.86501857359966,0.515553235755872,"sintetico_postestratificado",FALSE,0.296458561015576,"sintetico_postestratificado",FALSE,FALSE,FALSE,"21","108","Oriental"
1623,-26.3274011109844,-52.9563478010033,3.35001597633521,0.567391446773705,"muestra_directa",TRUE,0.30411743566386,"muestra_directa",TRUE,TRUE,TRUE,"21","066","Guadalupe"
1624,-24.0407824465625,-52.1025705705365,7.3242090430714,0.590609471480751,"sintetico_postestratificado",FALSE,0.350201647015127,"sintetico_postestratificado",FALSE,FALSE,FALSE,"21","167","Tepetzintla"
1625,-21.9636035719982,-51.0335270288479,6.21167829192472,0.524611498909588,"sintetico_postestratificado",FALSE,0.304975463189606,"sintetico_postestratificado",FALSE,FALSE,FALSE,"21","166","Tepeojuma"
1626,-26.1047115671967,-47.8091905246067,-1.27814814164989,0.535845297817626,"muestra_directa",FALSE,0.274798182145659,"muestra_directa",FALSE,TRUE,FALSE,"21","065","General Felipe Ángeles"
1627,-23.7790607873404,-51.4500570217553,6.04398556754415,0.56397650776203,"sintetico_postestratificado",FALSE,0.326185899888626,"sintetico_postestratificado",FALSE,FALSE,FALSE,"21","181","Tlaltenango"
1628,-22.4639109151222,-52.3994154057466,9.45880470372249,0.570025656670456,"sintetico_postestratificado",FALSE,0.345386547519234,"sintetico_postestratificado",FALSE,FALSE,FALSE,"21","064","Francisco Z. Mena"
1629,-24.1381754362398,-48.9712330052776,4.46333172120176,0.585350939209546,"muestra_directa",TRUE,0.343969184847148,"muestra_directa",FALSE,TRUE,TRUE,"21","148","Santa Isabel Cholula"
1630,-24.549059228592,-53.9990537111916,5.8050647109135,0.553331232676422,"sintetico_postestratificado",FALSE,0.307840640390502,"sintetico_postestratificado",FALSE,FALSE,FALSE,"21","063","Esperanza"
1631,-23.5228914891946,-52.9479739727388,7.66415794576857,0.563250823787479,"sintetico_postestratificado",FALSE,0.328021908895533,"sintetico_postestratificado",FALSE,FALSE,FALSE,"21","217","Zoquitlán"
1632,-16.5644192355522,-35.6335550685733,2.15584370815796,0.418396300931975,"muestra_directa",FALSE,0.252752108576454,"muestra_directa",FALSE,TRUE,FALSE,"21","207","Zacapoaxtla"
1633,-25.9437027918796,-53.6163188322348,3.49557932661444,0.545419414761745,"sintetico_postestratificado",FALSE,0.285982386842949,"sintetico_postestratificado",FALSE,FALSE,FALSE,"21","214","Zinacatepec"
1634,-24.6961647845655,-53.8376873223134,8.72435458834553,0.541008070316693,"sintetico_postestratificado",FALSE,0.294046422471038,"sintetico_postestratificado",FALSE,FALSE,FALSE,"21","059","Chinantla"
1635,-24.6559279397616,-53.2726705931314,6.40933160663462,0.563652661010242,"sintetico_postestratificado",FALSE,0.317093381612626,"sintetico_postestratificado",FALSE,FALSE,FALSE,"21","058","Chilchotla"
1636,-27.8147891272249,-53.8903997853329,1.14728980171179,0.584843308967081,"sintetico_postestratificado",FALSE,0.306695417694832,"muestra_directa",TRUE,FALSE,TRUE,"21","057","Honey"
1637,-25.3194562756012,-51.8914280021971,4.83561556550062,0.535302008520148,"sintetico_postestratificado",FALSE,0.282107445764135,"sintetico_postestratificado",FALSE,FALSE,FALSE,"21","056","Chila de la Sal"
1638,-24.5760050916155,-50.342094155582,4.98161843037077,0.595680253413151,"sintetico_postestratificado",FALSE,0.349920202496996,"sintetico_postestratificado",FALSE,FALSE,FALSE,"21","107","Olintla"
1639,-24.8182628706152,-52.6266774052685,5.06769954807514,0.547595495730631,"sintetico_postestratificado",FALSE,0.299412867024479,"sintetico_postestratificado",FALSE,FALSE,FALSE,"21","106","Ocoyucan"
1640,-21.861381300244,-48.0096514261779,6.29303345229283,0.580808378906229,"muestra_directa",TRUE,0.362194565903788,"muestra_directa",TRUE,TRUE,TRUE,"21","055","Chila"
1641,-25.196599230609,-51.9892286407754,4.0327768444996,0.553313254934877,"sintetico_postestratificado",FALSE,0.301347262628788,"sintetico_postestratificado",FALSE,FALSE,FALSE,"21","200","Xochiapulco"
1642,-25.5531791586912,-53.9337755670975,4.76545455370877,0.562965858573763,"sintetico_postestratificado",FALSE,0.307434066986852,"sintetico_postestratificado",FALSE,FALSE,FALSE,"21","051","Chietla"
1643,-27.3839943362198,-56.3371615915247,2.99712656163945,0.546244716377727,"sintetico_postestratificado",FALSE,0.272404773015529,"sintetico_postestratificado",FALSE,FALSE,FALSE,"21","050","Chichiquila"
1644,-24.0740698379948,-50.9956444809442,3.84359634524708,0.554174709192014,"sintetico_postestratificado",FALSE,0.313434010812066,"sintetico_postestratificado",FALSE,FALSE,FALSE,"21","096","Mazapiltepec de Juárez"
1645,-24.0267557707424,-54.3922436769571,7.11060964944773,0.534567609885513,"sintetico_postestratificado",FALSE,0.294300052178088,"sintetico_postestratificado",FALSE,FALSE,FALSE,"21","095","La Magdalena Tlatlauquitepec"
1646,-23.4165873447846,-51.8110376208682,8.94045225170685,0.55235673342096,"sintetico_postestratificado",FALSE,0.318190859973114,"sintetico_postestratificado",FALSE,FALSE,FALSE,"21","094","Libres"
1647,-22.223783654115,-52.4088857507964,11.0512405480511,0.536446815849963,"sintetico_postestratificado",FALSE,0.314208979308813,"sintetico_postestratificado",FALSE,FALSE,FALSE,"21","093","Lafragua"
1648,-23.5453826394404,-50.9929491993873,7.54257597090006,0.566940081139312,"sintetico_postestratificado",FALSE,0.331486254744908,"sintetico_postestratificado",FALSE,FALSE,FALSE,"21","092","Juan N. Méndez"
1649,-23.7615908905501,-54.424306626453,7.37073345023232,0.573556082444112,"sintetico_postestratificado",FALSE,0.33594017353861,"sintetico_postestratificado",FALSE,FALSE,FALSE,"21","091","Juan Galindo"
1650,-24.0779458786344,-53.7382412668594,6.50573006393559,0.591218946061932,"sintetico_postestratificado",FALSE,0.350439487275588,"sintetico_postestratificado",FALSE,FALSE,FALSE,"21","208","Zacatlán"
1651,-21.9092702732243,-50.6315366242466,9.10184737732079,0.536798855554264,"sintetico_postestratificado",FALSE,0.317706152822021,"sintetico_postestratificado",FALSE,FALSE,FALSE,"21","090","Juan C. Bonilla"
1652,-22.4412732003616,-51.6926336949304,8.40255344954243,0.562629974100815,"sintetico_postestratificado",FALSE,0.338217242097198,"sintetico_postestratificado",FALSE,FALSE,FALSE,"21","037","Coyotepec"
1653,-23.9861743983148,-52.4558382872383,3.71210732637888,0.540154214925929,"sintetico_postestratificado",FALSE,0.300292470942781,"sintetico_postestratificado",FALSE,FALSE,FALSE,"21","035","Coxcatlán"
1654,-25.0727771625303,-49.5208779868632,-0.171694973540697,0.540777267315962,"muestra_directa",TRUE,0.290049495690659,"muestra_directa",TRUE,TRUE,TRUE,"21","034","Coronango"
1655,-26.6590107775043,-54.6282074121515,3.299349958301,0.550401988891628,"sintetico_postestratificado",FALSE,0.283811881116585,"sintetico_postestratificado",FALSE,FALSE,FALSE,"21","033","Cohuecan"
1656,-25.587507049155,-54.6461123715808,5.59232341563363,0.588771317497168,"sintetico_postestratificado",FALSE,0.332896247005618,"sintetico_postestratificado",FALSE,FALSE,FALSE,"21","032","Cohetzala"
1657,-23.9166753292006,-51.4204016364989,6.49163312896744,0.555792182694919,"sintetico_postestratificado",FALSE,0.316625429402913,"sintetico_postestratificado",FALSE,FALSE,FALSE,"21","031","Coatzingo"
1658,-22.6453682986025,-53.1666212789104,10.1538337544218,0.528327899297369,"sintetico_postestratificado",FALSE,0.301874216311343,"sintetico_postestratificado",FALSE,FALSE,FALSE,"21","030","Coatepec"
1659,-24.0938700911407,-51.9675546030179,5.30256929141284,0.550538413199223,"sintetico_postestratificado",FALSE,0.309599712287815,"sintetico_postestratificado",FALSE,FALSE,FALSE,"21","029","Caxhuacan"
1660,-25.0281326743113,-53.4971284936314,8.68829001421495,0.565222207593557,"sintetico_postestratificado",FALSE,0.314940880850444,"sintetico_postestratificado",FALSE,FALSE,FALSE,"21","028","Camocuautla"
1661,-23.3374492659111,-51.896888303859,5.02865552787678,0.544512514424393,"sintetico_postestratificado",FALSE,0.311138021765282,"sintetico_postestratificado",FALSE,FALSE,FALSE,"21","020","Atoyatempan"
1662,-25.3320736479869,-54.2325467430131,9.18131199548609,0.581021276432645,"sintetico_postestratificado",FALSE,0.327700539952776,"sintetico_postestratificado",FALSE,FALSE,FALSE,"21","077","Hueytlalpan"
1663,-23.8148607002519,-52.9521175535013,6.57098574167716,0.556866186931228,"sintetico_postestratificado",FALSE,0.318717579928709,"sintetico_postestratificado",FALSE,FALSE,FALSE,"21","074","Huejotzingo"
1664,-25.0866123424395,-52.3076813511184,3.69217323715073,0.52303755168146,"sintetico_postestratificado",FALSE,0.272171428257065,"sintetico_postestratificado",FALSE,FALSE,FALSE,"21","022","Atzitzihuacán"
1665,-22.1009227616431,-51.3206220751306,9.19946714854575,0.554017403217344,"sintetico_postestratificado",FALSE,0.333008175600913,"sintetico_postestratificado",FALSE,FALSE,FALSE,"21","025","Ayotoxco de Guerrero"
1666,-18.5831451354086,-41.6551257507527,5.92966492271599,0.448198529254153,"muestra_directa",TRUE,0.262367077900068,"muestra_directa",FALSE,TRUE,TRUE,"21","177","Tlacotepec de Benito Juárez"
1667,-21.4420279377858,-50.715017777436,7.95622502644319,0.544738555505533,"sintetico_postestratificado",FALSE,0.330318276127675,"sintetico_postestratificado",FALSE,FALSE,FALSE,"21","075","Hueyapan"
1668,-21.5535798932609,-50.049548435833,10.0594257272087,0.542431901044271,"sintetico_postestratificado",FALSE,0.326896102111662,"sintetico_postestratificado",FALSE,FALSE,FALSE,"21","078","Huitzilan de Serdán"
1669,-22.3406306249831,-49.87528971552,9.33134716316169,0.563234385643033,"sintetico_postestratificado",FALSE,0.339828079393202,"sintetico_postestratificado",FALSE,FALSE,FALSE,"21","079","Huitziltepec"
1670,-22.5904760192385,-52.183108082327,7.48213578538665,0.535213429870434,"sintetico_postestratificado",FALSE,0.309308669678049,"sintetico_postestratificado",FALSE,FALSE,FALSE,"21","187","Tlaxco"
1671,-23.0647216705512,-52.4999757634014,6.41565887256932,0.542879866006912,"sintetico_postestratificado",FALSE,0.3122326493014,"sintetico_postestratificado",FALSE,FALSE,FALSE,"21","188","Tochimilco"
1672,-23.8562985497953,-52.8058251420344,7.45027387219238,0.526418232342152,"sintetico_postestratificado",FALSE,0.287855246844199,"sintetico_postestratificado",FALSE,FALSE,FALSE,"21","189","Tochtepec"
1673,-22.2026280745994,-51.287691378683,6.33424780503989,0.495337103223884,"sintetico_postestratificado",FALSE,0.27331082247789,"sintetico_postestratificado",FALSE,FALSE,FALSE,"21","190","Totoltepec de Guerrero"
1674,-24.5091183663134,-52.8631001993274,4.54230433095494,0.568927078586726,"sintetico_postestratificado",FALSE,0.323835894923592,"sintetico_postestratificado",FALSE,FALSE,FALSE,"21","194","Venustiano Carranza"
1675,-25.0836966913265,-51.8343553377621,3.8446135917521,0.584685554416962,"sintetico_postestratificado",FALSE,0.333848587503696,"sintetico_postestratificado",FALSE,FALSE,FALSE,"21","184","Tlapacoya"
1676,-25.9996876928791,-53.4131858625885,2.92446929570377,0.591636486615586,"sintetico_postestratificado",FALSE,0.331639609686795,"sintetico_postestratificado",FALSE,FALSE,FALSE,"21","185","Tlapanalá"
1677,-24.3068574447713,-52.5407317454327,6.66854021726737,0.554337506090353,"sintetico_postestratificado",FALSE,0.31126893164264,"sintetico_postestratificado",FALSE,FALSE,FALSE,"21","082","Ixcaquixtla"
1678,-17.4016054134334,-42.0485844268693,4.84037444745662,0.411386734586627,"muestra_directa",TRUE,0.237370680452293,"muestra_directa",FALSE,TRUE,TRUE,"21","085","Izúcar de Matamoros"
1679,-25.1401306974788,-51.6680586925206,4.57091510751576,0.598606380730303,"sintetico_postestratificado",FALSE,0.347205073755515,"sintetico_postestratificado",FALSE,FALSE,FALSE,"21","104","Nopalucan"
1680,-23.4842307356318,-52.5629859280999,7.74468836531572,0.585071656062233,"sintetico_postestratificado",FALSE,0.350229348705915,"sintetico_postestratificado",FALSE,FALSE,FALSE,"21","122","San Felipe Teotlalcingo"
1681,-22.8430077229086,-51.7904868185257,8.00094358785191,0.537310591720438,"sintetico_postestratificado",FALSE,0.308880514491352,"sintetico_postestratificado",FALSE,FALSE,FALSE,"21","123","San Felipe Tepatlán"
1682,-24.0930381869828,-53.5616484029758,6.3126715791538,0.557417116603891,"sintetico_postestratificado",FALSE,0.316486734734063,"sintetico_postestratificado",FALSE,FALSE,FALSE,"21","012","Aljojuca"
1683,-24.0847360507193,-53.8826992513762,7.06295462924621,0.553398350265802,"sintetico_postestratificado",FALSE,0.31255098975861,"sintetico_postestratificado",FALSE,FALSE,FALSE,"21","013","Altepexi"
1684,-26.1448353498122,-54.4804752049764,4.36330005078208,0.57147380449766,"sintetico_postestratificado",FALSE,0.310025450999538,"sintetico_postestratificado",FALSE,FALSE,FALSE,"21","007","Ahuatlán"
1685,-23.1071640115852,-51.4650997338666,9.01550187876144,0.542165626143046,"sintetico_postestratificado",FALSE,0.311093986027194,"sintetico_postestratificado",FALSE,FALSE,FALSE,"21","011","Albino Zertuche"
1686,-23.4734050245575,-53.3592832144467,9.7401419715331,0.536570568464188,"sintetico_postestratificado",FALSE,0.301836518218613,"sintetico_postestratificado",FALSE,FALSE,FALSE,"21","018","Atexcal"
1687,-22.970306407248,-51.6581945071142,7.36491503371836,0.555364572866365,"sintetico_postestratificado",FALSE,0.325661508793885,"sintetico_postestratificado",FALSE,FALSE,FALSE,"21","054","Chignautla"
1688,-24.8248732420832,-52.5164911729802,5.60097749577635,0.606120777324326,"sintetico_postestratificado",FALSE,0.357872044903494,"sintetico_postestratificado",FALSE,FALSE,FALSE,"21","127","San Jerónimo Xayacatlán"
1689,-24.97792404222,-53.8774610176484,3.64255700936847,0.557254244221349,"sintetico_postestratificado",FALSE,0.307475003799149,"sintetico_postestratificado",FALSE,FALSE,FALSE,"21","129","San José Miahuatlán"
1690,-24.9588529696856,-53.3593163362733,7.63690807379358,0.576628301188849,"sintetico_postestratificado",FALSE,0.327039771491993,"sintetico_postestratificado",FALSE,FALSE,FALSE,"21","130","San Juan Atenco"
1691,-24.7376139932529,-53.4238269591359,6.04024786221002,0.583117278577732,"sintetico_postestratificado",FALSE,0.335741138645203,"sintetico_postestratificado",FALSE,FALSE,FALSE,"21","213","Zihuateutla"
1692,-24.0268947010734,-53.6665346077858,7.93451345751242,0.572371871446925,"sintetico_postestratificado",FALSE,0.332102924436191,"sintetico_postestratificado",FALSE,FALSE,FALSE,"21","124","San Gabriel Chilac"
1693,-23.6162712986488,-51.2105223027017,7.94174288879692,0.580648966729149,"sintetico_postestratificado",FALSE,0.34448625374266,"sintetico_postestratificado",FALSE,FALSE,FALSE,"21","169","Tepexi de Rodríguez"
1694,-22.3066603486548,-51.5121503582527,7.91302290306715,0.508977003425917,"sintetico_postestratificado",FALSE,0.285910399939369,"sintetico_postestratificado",FALSE,FALSE,FALSE,"21","159","Teopantlán"
1695,-25.7795846733757,-48.6006138348435,-3.91823826281761,0.46500707714084,"muestra_directa",TRUE,0.207211230407083,"muestra_directa",FALSE,TRUE,TRUE,"21","156","Tehuacán"
1696,-23.9435831650246,-52.4199045037119,6.3165230847819,0.534033545373563,"sintetico_postestratificado",FALSE,0.294597713723317,"sintetico_postestratificado",FALSE,FALSE,FALSE,"21","155","Tecomatlán"
1697,-20.5698033353169,-51.0192961009854,9.81364777603077,0.538630791307939,"sintetico_postestratificado",FALSE,0.33293275795477,"sintetico_postestratificado",FALSE,FALSE,FALSE,"21","154","Tecamachalco"
1698,-22.0053738673023,-51.0874447833644,8.79729831032017,0.560222517463572,"sintetico_postestratificado",FALSE,0.34016877879055,"sintetico_postestratificado",FALSE,FALSE,FALSE,"21","172","Tetela de Ocampo"
1699,-23.3426077642264,-51.3799887931725,8.46689506695268,0.565201053193629,"sintetico_postestratificado",FALSE,0.331774975551365,"sintetico_postestratificado",FALSE,FALSE,FALSE,"21","179","Tlachichuca"
1700,-26.2669114632948,-53.7786554585123,2.89071832831291,0.56534722535335,"sintetico_postestratificado",FALSE,0.302678110720401,"sintetico_postestratificado",FALSE,FALSE,FALSE,"21","153","Tecali de Herrera"
1701,-22.4796363102389,-52.0759129721566,8.38690762082669,0.587705343593984,"sintetico_postestratificado",FALSE,0.362908980491594,"sintetico_postestratificado",FALSE,FALSE,FALSE,"21","151","Santo Tomás Hueyotlipan"
1702,-22.7808604020841,-51.9400797772678,9.71034051221543,0.55017362291729,"sintetico_postestratificado",FALSE,0.322365018896449,"sintetico_postestratificado",FALSE,FALSE,FALSE,"21","121","San Diego la Mesa Tochimiltzingo"
1703,-21.4700933700102,-51.1489809345552,10.881946875828,0.544212150755691,"sintetico_postestratificado",FALSE,0.329511217055589,"sintetico_postestratificado",FALSE,FALSE,FALSE,"21","202","Xochitlán de Vicente Suárez"
1704,-22.6544222111919,-53.3432489434909,8.36471141307169,0.548511828685638,"sintetico_postestratificado",FALSE,0.321967606573719,"sintetico_postestratificado",FALSE,FALSE,FALSE,"21","203","Xochitlán Todos Santos"
1705,-24.0639405780929,-52.3147711170091,8.0764824497725,0.590100997783427,"sintetico_postestratificado",FALSE,0.349461592002498,"sintetico_postestratificado",FALSE,FALSE,FALSE,"21","073","Huehuetlán el Chico"
1706,-25.1648810031679,-53.5399092299301,2.62608852200588,0.543524592082567,"sintetico_postestratificado",FALSE,0.291875782050889,"sintetico_postestratificado",FALSE,FALSE,FALSE,"21","097","Mixtla"
1707,-23.9697288014788,-52.0710986485021,4.43087555899876,0.506096080768864,"sintetico_postestratificado",FALSE,0.266398792754076,"sintetico_postestratificado",FALSE,FALSE,FALSE,"21","036","Coyomeapan"
1708,-23.96549150536,-50.9295754570027,7.58381989075073,0.569614586414014,"sintetico_postestratificado",FALSE,0.329959671360414,"sintetico_postestratificado",FALSE,FALSE,FALSE,"21","044","Cuyoaco"
1709,-25.7004573648319,-56.460772205004,6.31537455953591,0.565146243740086,"sintetico_postestratificado",FALSE,0.308141670091767,"sintetico_postestratificado",FALSE,FALSE,FALSE,"21","060","Domingo Arenas"
1710,-26.3893668402239,-53.386658541122,4.12769868064648,0.59155870850647,"sintetico_postestratificado",FALSE,0.327665040104231,"sintetico_postestratificado",FALSE,FALSE,FALSE,"21","061","Eloxochitlán"
1711,-24.0903936630869,-54.1109340934683,6.32465688606276,0.536751613578923,"sintetico_postestratificado",FALSE,0.295847676948054,"sintetico_postestratificado",FALSE,FALSE,FALSE,"21","062","Epatlán"
1712,-24.8010394604128,-53.7083632707348,4.96286345966287,0.546518424089026,"sintetico_postestratificado",FALSE,0.298508029484899,"sintetico_postestratificado",FALSE,FALSE,FALSE,"21","068","Hermenegildo Galeana"
1713,-25.7502474900232,-52.8680628291978,3.94283459067755,0.573933992714006,"sintetico_postestratificado",FALSE,0.316431517813774,"sintetico_postestratificado",FALSE,FALSE,FALSE,"21","072","Huehuetla"
1714,-24.6166980502259,-52.3677307724868,5.43439357582832,0.559127890971259,"sintetico_postestratificado",FALSE,0.312960910469,"sintetico_postestratificado",FALSE,FALSE,FALSE,"21","160","Teotlalco"
1715,-23.8885084845445,-51.220546953891,7.06974779692983,0.525451505459726,"sintetico_postestratificado",FALSE,0.286566420614281,"sintetico_postestratificado",FALSE,FALSE,FALSE,"21","161","Tepanco de López"
1716,-22.0849345523219,-49.5809933342844,5.80704342992746,0.493405230695355,"sintetico_postestratificado",FALSE,0.272555885172136,"sintetico_postestratificado",FALSE,FALSE,FALSE,"21","024","Axutla"
1717,-22.388767431102,-51.46231417231,10.0322502886134,0.539236552603847,"sintetico_postestratificado",FALSE,0.315348878292827,"sintetico_postestratificado",FALSE,FALSE,FALSE,"21","186","Tlatlauquitepec"
1718,-23.6514634571766,-52.3884004301158,8.60623360484536,0.552079388610262,"sintetico_postestratificado",FALSE,0.315564754038496,"sintetico_postestratificado",FALSE,FALSE,FALSE,"21","170","Tepeyahualco"
1719,-23.827458551404,-52.3523437748927,9.04364496559017,0.573798965429728,"sintetico_postestratificado",FALSE,0.335524379915688,"sintetico_postestratificado",FALSE,FALSE,FALSE,"21","196","Xayacatlán de Bravo"
1720,-25.8205756926003,-54.0613514713791,7.71996689133189,0.615962531966946,"sintetico_postestratificado",FALSE,0.357756775040942,"sintetico_postestratificado",FALSE,FALSE,FALSE,"21","117","Rafael Lara Grajales"
1721,-22.6422001795011,-52.0124622662075,6.24828357746824,0.534919570335616,"sintetico_postestratificado",FALSE,0.308497568540604,"sintetico_postestratificado",FALSE,FALSE,FALSE,"21","017","Atempan"
1722,-30.5433729171058,-55.7516914149127,-0.12507675317314,0.580914872646599,"muestra_directa",TRUE,0.275481143475541,"muestra_directa",TRUE,TRUE,TRUE,"21","019","Atlixco"
1723,-24.8774609837004,-51.9237911030587,6.97070514883999,0.597426784415604,"sintetico_postestratificado",FALSE,0.3486521745786,"sintetico_postestratificado",FALSE,FALSE,FALSE,"21","173","Teteles de Ávila Castillo"
1724,-24.7180081426023,-53.9001619395139,6.35887231112452,0.588660632258642,"sintetico_postestratificado",FALSE,0.341480550832618,"sintetico_postestratificado",FALSE,FALSE,FALSE,"21","175","Tianguismanalco"
1725,-24.8144142201874,-54.2389395136864,6.44318660617699,0.604884514333832,"sintetico_postestratificado",FALSE,0.356740372131958,"sintetico_postestratificado",FALSE,FALSE,FALSE,"21","052","Chigmecatitlán"
1726,-25.6224940199523,-54.7989671881631,5.87308647511355,0.568993951701546,"sintetico_postestratificado",FALSE,0.312769011502024,"sintetico_postestratificado",FALSE,FALSE,FALSE,"21","069","Huaquechula"
1727,-25.3289503627504,-52.5836998589565,5.9058338792404,0.580031839251776,"sintetico_postestratificado",FALSE,0.326742335624272,"sintetico_postestratificado",FALSE,FALSE,FALSE,"21","168","Tepexco"
1728,-23.6126142289201,-52.9168244739011,7.43696007040825,0.560218592778879,"sintetico_postestratificado",FALSE,0.324092450489678,"sintetico_postestratificado",FALSE,FALSE,FALSE,"21","157","Tehuitzingo"
1729,-24.168776727498,-52.8664752449382,7.99951027917364,0.550745058992822,"sintetico_postestratificado",FALSE,0.309057291717843,"sintetico_postestratificado",FALSE,FALSE,FALSE,"21","162","Tepango de Rodríguez"
1730,-24.9639618172651,-53.5723051593219,4.29555892860679,0.532323954276446,"sintetico_postestratificado",FALSE,0.282684336103794,"sintetico_postestratificado",FALSE,FALSE,FALSE,"21","209","Zapotitlán"
1731,-24.0734345908142,-50.7061918034677,7.16949776385538,0.570453059545641,"sintetico_postestratificado",FALSE,0.329718713637499,"sintetico_postestratificado",FALSE,FALSE,FALSE,"21","118","Los Reyes de Juárez"
1732,-26.6684635991242,-53.2489451241021,-0.130738259967352,0.467247023557489,"muestra_directa",TRUE,0.200562387566248,"muestra_directa",TRUE,TRUE,TRUE,"21","119","San Andrés Cholula"
1733,-23.334867143555,-50.7267176455361,7.72688348858185,0.571872469412047,"sintetico_postestratificado",FALSE,0.338523797976498,"sintetico_postestratificado",FALSE,FALSE,FALSE,"21","120","San Antonio Cañada"
1734,-23.4214322051854,-50.969602164853,7.71821967672098,0.551481113420023,"sintetico_postestratificado",FALSE,0.317266791368169,"sintetico_postestratificado",FALSE,FALSE,FALSE,"21","125","San Gregorio Atzompa"
1735,-21.3637689784958,-48.5597811752699,7.1906286538382,0.564193461467093,"muestra_directa",TRUE,0.350555771682135,"muestra_directa",TRUE,TRUE,TRUE,"21","126","San Jerónimo Tecuanipan"
1736,-21.8124294147873,-48.4307954812876,6.80644396162266,0.554527266421109,"sintetico_postestratificado",FALSE,0.336402972273236,"sintetico_postestratificado",FALSE,FALSE,FALSE,"21","128","San José Chiapa"
1737,-22.980499625599,-51.4996079460192,7.51405015843872,0.550941353848011,"sintetico_postestratificado",FALSE,0.321136357592021,"sintetico_postestratificado",FALSE,FALSE,FALSE,"21","158","Tenampulco"
1738,-23.7074424711678,-51.2535739258877,8.09769373159413,0.562985350612645,"sintetico_postestratificado",FALSE,0.325910925900967,"sintetico_postestratificado",FALSE,FALSE,FALSE,"21","053","Chignahuapan"
1739,-23.0462390135813,-51.9829260097817,7.55088864417226,0.564262858323461,"sintetico_postestratificado",FALSE,0.333800468187648,"sintetico_postestratificado",FALSE,FALSE,FALSE,"21","002","Acateno"
1740,-23.1333761780483,-48.8953919344466,5.29462511682718,0.556867826918685,"sintetico_postestratificado",FALSE,0.325534065138202,"sintetico_postestratificado",FALSE,FALSE,FALSE,"21","003","Acatlán"
1741,-25.5134428556585,-53.0485561625993,2.61625360368841,0.588568524332887,"sintetico_postestratificado",FALSE,0.333434095776302,"sintetico_postestratificado",FALSE,FALSE,FALSE,"21","004","Acatzingo"
1742,-26.918975026326,-56.7682938934297,1.73902490808525,0.604951008526853,"sintetico_postestratificado",FALSE,0.335761258263593,"sintetico_postestratificado",FALSE,FALSE,FALSE,"21","005","Acteopan"
1743,-26.1314668895802,-53.6979522191336,1.53922897458551,0.53257968665887,"sintetico_postestratificado",FALSE,0.271265017763068,"sintetico_postestratificado",FALSE,FALSE,FALSE,"21","006","Ahuacatlán"
1744,-23.8637029136628,-51.9174715100777,6.67260215835445,0.548607536288326,"sintetico_postestratificado",FALSE,0.309970507151698,"sintetico_postestratificado",FALSE,FALSE,FALSE,"21","008","Ahuazotepec"
1745,-26.3715591671861,-53.7794281762773,5.8404522145849,0.631684967593645,"sintetico_postestratificado",FALSE,0.367969375921784,"sintetico_postestratificado",FALSE,FALSE,FALSE,"21","133","San Martín Totoltepec"
1746,-22.6345257784962,-52.0490140420784,10.6204444816443,0.532206542622297,"sintetico_postestratificado",FALSE,0.305861284837336,"sintetico_postestratificado",FALSE,FALSE,FALSE,"21","134","San Matías Tlalancaleca"
1747,-26.2328494140847,-55.6268437274368,3.77477800731977,0.528402477898406,"sintetico_postestratificado",FALSE,0.266073983757559,"sintetico_postestratificado",FALSE,FALSE,FALSE,"21","135","San Miguel Ixitlán"
1748,-21.2014519951107,-50.8326479926292,8.80614147976757,0.549296544604988,"sintetico_postestratificado",FALSE,0.337282024653882,"sintetico_postestratificado",FALSE,FALSE,FALSE,"21","137","San Nicolás Buenos Aires"
1749,-23.5365225061122,-51.4944472600872,7.36789756342164,0.540936462411679,"sintetico_postestratificado",FALSE,0.305571237350557,"sintetico_postestratificado",FALSE,FALSE,FALSE,"21","138","San Nicolás de los Ranchos"
1750,-25.0974062425022,-54.1629223202289,5.31900556712909,0.543921024425974,"sintetico_postestratificado",FALSE,0.292946962000952,"sintetico_postestratificado",FALSE,FALSE,FALSE,"21","139","San Pablo Anicano"
1751,-18.9457942723219,-42.0514182348979,5.55333549362817,0.572740146245214,"muestra_directa",FALSE,0.383282203521994,"muestra_directa",FALSE,TRUE,FALSE,"21","140","San Pedro Cholula"
1752,-22.0120948020312,-49.1600390242982,7.43199050811575,0.539631526791836,"sintetico_postestratificado",FALSE,0.319510578771524,"sintetico_postestratificado",FALSE,FALSE,FALSE,"21","141","San Pedro Yeloixtlahuaca"
1753,-22.3033666996188,-51.1268977486672,7.8514547748223,0.518597874863083,"sintetico_postestratificado",FALSE,0.295564207866895,"sintetico_postestratificado",FALSE,FALSE,FALSE,"21","205","Yehualtepec"
1754,-23.414972352752,-51.5739707495858,7.12806758362383,0.56748900762955,"sintetico_postestratificado",FALSE,0.33333928410203,"sintetico_postestratificado",FALSE,FALSE,FALSE,"21","023","Atzitzintla"
1755,-25.2794920608684,-52.8336861970151,5.31111998693707,0.537941425705252,"sintetico_postestratificado",FALSE,0.285146505096567,"muestra_directa",TRUE,FALSE,TRUE,"21","116","Quimixtlán"
1756,-18.6713394747916,-42.637921136628,5.49821071396426,0.480559938730864,"muestra_directa",TRUE,0.293846543982948,"muestra_directa",TRUE,TRUE,TRUE,"21","115","Quecholac"
1757,-22.744783896949,-39.5118508235293,-4.97969427588345,0.486624043873641,"muestra_directa",FALSE,0.25917620490415,"muestra_directa",FALSE,TRUE,FALSE,"21","114","Puebla"
1758,-20.5117863000455,-43.2764073837384,3.0199559938124,0.584718925005851,"muestra_directa",TRUE,0.379601062005395,"muestra_directa",TRUE,TRUE,TRUE,"21","144","San Salvador Huixcolotla"
1759,-23.019175011671,-51.007635155719,7.33159622791683,0.544159428349814,"sintetico_postestratificado",FALSE,0.313967678233105,"sintetico_postestratificado",FALSE,FALSE,FALSE,"21","145","San Sebastián Tlacotepec"
1760,-25.9824481042822,-54.3705201456772,5.44179868817563,0.613558849336982,"sintetico_postestratificado",FALSE,0.35373436829416,"sintetico_postestratificado",FALSE,FALSE,FALSE,"21","146","Santa Catarina Tlaltempan"
1761,-26.7279987172942,-55.1207780883187,2.55631803361922,0.567519394599306,"sintetico_postestratificado",FALSE,0.300239407426364,"sintetico_postestratificado",FALSE,FALSE,FALSE,"21","149","Santiago Miahuatlán"
1762,-25.6544371775309,-55.5835223344315,3.83723863450549,0.551127022774135,"sintetico_postestratificado",FALSE,0.294582650998826,"sintetico_postestratificado",FALSE,FALSE,FALSE,"21","150","Huehuetlán el Grande"
1763,-21.9644856276278,-47.742507708973,2.00346133405531,0.49833413711643,"muestra_directa",TRUE,0.278689280840153,"muestra_directa",FALSE,TRUE,TRUE,"21","010","Ajalpan"
1764,-25.070661755953,-53.4402167387131,3.48420790280774,0.579458891939668,"sintetico_postestratificado",FALSE,0.328752274380138,"sintetico_postestratificado",FALSE,FALSE,FALSE,"21","014","Amixtlán"
1765,-23.9767481593104,-52.006272745505,6.55257785413127,0.57111569145464,"sintetico_postestratificado",FALSE,0.331348209861536,"sintetico_postestratificado",FALSE,FALSE,FALSE,"21","015","Amozoc"
1766,-26.1044793887172,-52.3833289077122,6.07540181326642,0.622411991553724,"sintetico_postestratificado",FALSE,0.361367197666552,"sintetico_postestratificado",FALSE,FALSE,FALSE,"21","016","Aquixtla"
1767,-23.2039315381862,-53.8970890350449,8.74639689563176,0.515266118722552,"sintetico_postestratificado",FALSE,0.28322680334069,"sintetico_postestratificado",FALSE,FALSE,FALSE,"21","021","Atzala"
1768,-23.5310926408003,-52.1837276878044,8.40546923844381,0.560699468578853,"sintetico_postestratificado",FALSE,0.325388542170849,"sintetico_postestratificado",FALSE,FALSE,FALSE,"21","026","Calpan"
1769,-21.4340739895908,-51.0605530923234,9.05979649624123,0.516725446800252,"sintetico_postestratificado",FALSE,0.302384706904344,"sintetico_postestratificado",FALSE,FALSE,FALSE,"21","027","Caltepec"
1770,-23.3249866584381,-54.655161725876,8.37454418209147,0.564404029626865,"sintetico_postestratificado",FALSE,0.331154163042483,"sintetico_postestratificado",FALSE,FALSE,FALSE,"21","165","Tepemaxalco"
1771,-26.3698849098655,-52.4551317214861,1.98143625518454,0.565411924268262,"sintetico_postestratificado",FALSE,0.301713075169607,"sintetico_postestratificado",FALSE,FALSE,FALSE,"21","152","Soltepec"
1772,-26.0640782837278,-52.7606456983019,4.44003680893228,0.594425219095702,"sintetico_postestratificado",FALSE,0.333784436258424,"sintetico_postestratificado",FALSE,FALSE,FALSE,"21","206","Zacapala"
1773,-23.6962013148291,-54.1658816054296,6.48135955597697,0.573104327257192,"sintetico_postestratificado",FALSE,0.336142314108901,"sintetico_postestratificado",FALSE,FALSE,FALSE,"21","211","Zaragoza"
1774,-25.4731714981438,-44.6761981357166,-3.79612043487756,0.634553508294819,"muestra_directa",FALSE,0.37982179331338,"muestra_directa",FALSE,TRUE,FALSE,"21","212","Zautla"
1775,-21.9967819969501,-52.7920470782232,8.65615297709102,0.534290236535104,"sintetico_postestratificado",FALSE,0.314322416565602,"sintetico_postestratificado",FALSE,FALSE,FALSE,"21","163","Tepatlaxco de Hidalgo"
1776,-23.1165675513128,-53.7751968094932,8.25188097039587,0.565352480396361,"sintetico_postestratificado",FALSE,0.334186804883233,"sintetico_postestratificado",FALSE,FALSE,FALSE,"21","049","Chiconcuautla"
1777,-23.6828992443625,-51.050101453556,7.22526622703187,0.566300845970296,"sintetico_postestratificado",FALSE,0.329471853526671,"sintetico_postestratificado",FALSE,FALSE,FALSE,"21","048","Chiautzingo"
1778,-23.1708263371989,-52.5438509615251,7.32599898644919,0.550785618108176,"sintetico_postestratificado",FALSE,0.319077354736186,"sintetico_postestratificado",FALSE,FALSE,FALSE,"21","047","Chiautla"
1779,-22.2953606996618,-50.6866291582234,7.80057273399416,0.493347828453481,"sintetico_postestratificado",FALSE,0.270394221456864,"sintetico_postestratificado",FALSE,FALSE,FALSE,"21","195","Vicente Guerrero"
1780,-19.4719126815174,-41.8815303267086,3.85683099549699,0.477988569298882,"muestra_directa",FALSE,0.283269442483708,"muestra_directa",FALSE,TRUE,FALSE,"21","164","Tepeaca"
1781,-22.6217300015632,-51.6722325117751,7.96803303505399,0.527687988372486,"sintetico_postestratificado",FALSE,0.301470688356854,"sintetico_postestratificado",FALSE,FALSE,FALSE,"21","046","Chapulco"
1782,-22.2012781095744,-51.3612168189331,8.89979452628146,0.556860760473897,"sintetico_postestratificado",FALSE,0.334847979378153,"sintetico_postestratificado",FALSE,FALSE,FALSE,"21","210","Zapotitlán de Méndez"
1783,-22.4015403429192,-50.6725082282682,9.19722639165309,0.502980611129896,"sintetico_postestratificado",FALSE,0.278965207700704,"sintetico_postestratificado",FALSE,FALSE,FALSE,"21","136","San Miguel Xoxtla"
1784,-22.9556374766398,-50.7449820807803,5.63467482712218,0.532820551439783,"sintetico_postestratificado",FALSE,0.303264176673385,"sintetico_postestratificado",FALSE,FALSE,FALSE,"21","045","Chalchicomula de Sesma"
1785,-19.94476374717,-45.2603166967611,5.70697708076307,0.498898811923892,"muestra_directa",TRUE,0.299451174452193,"muestra_directa",TRUE,TRUE,TRUE,"21","043","Cuetzalan del Progreso"
1786,-21.2102888520855,-50.3775342170554,9.86453996767685,0.529307319128783,"sintetico_postestratificado",FALSE,0.317204430607928,"sintetico_postestratificado",FALSE,FALSE,FALSE,"21","084","Ixtepec"
1787,-25.2474144499506,-53.2849942651351,8.15887052823268,0.555497539308437,"sintetico_postestratificado",FALSE,0.303023394808932,"sintetico_postestratificado",FALSE,FALSE,FALSE,"21","086","Jalpan"
1788,-22.2302797942056,-49.7697942656705,7.74655950906938,0.574071276294933,"sintetico_postestratificado",FALSE,0.351768478352877,"sintetico_postestratificado",FALSE,FALSE,FALSE,"21","042","Cuayuca de Andrade"
1789,-22.1344789239713,-49.7821876098958,7.59396157776495,0.595283401773726,"sintetico_postestratificado",FALSE,0.373938612534013,"sintetico_postestratificado",FALSE,FALSE,FALSE,"21","113","Piaxtla"
1790,-23.6824758631968,-51.4735586028112,7.87624736766131,0.567118624131897,"sintetico_postestratificado",FALSE,0.330293865499929,"sintetico_postestratificado",FALSE,FALSE,FALSE,"21","131","San Juan Atzompa"
1791,-21.6961366323119,-49.6959617769755,7.15237366172352,0.547594727591885,"sintetico_postestratificado",FALSE,0.330633361268766,"sintetico_postestratificado",FALSE,FALSE,FALSE,"21","089","Jopala"
1792,-21.6025424065907,-48.877375764731,5.25332523765679,0.567799278497035,"muestra_directa",TRUE,0.351773854431128,"muestra_directa",TRUE,TRUE,TRUE,"21","041","Cuautlancingo"
1793,-20.9764499923913,-50.5188032107193,9.99525202184395,0.529633579232902,"sintetico_postestratificado",FALSE,0.319869079308989,"sintetico_postestratificado",FALSE,FALSE,FALSE,"21","040","Cuautinchán"
1794,-21.2660598310192,-48.871057107216,9.97741116773835,0.519263276793877,"sintetico_postestratificado",FALSE,0.306602678483685,"sintetico_postestratificado",FALSE,FALSE,FALSE,"21","039","Cuautempan"
1795,-25.1718093388959,-52.6206007549164,4.85741917273606,0.551834268532581,"sintetico_postestratificado",FALSE,0.300116175143621,"sintetico_postestratificado",FALSE,FALSE,FALSE,"21","038","Cuapiaxtla de Madero"
1796,-25.3282916909261,-52.8035224734473,3.38849230584861,0.529588006635837,"sintetico_postestratificado",FALSE,0.276305089726576,"sintetico_postestratificado",FALSE,FALSE,FALSE,"21","112","Petlalcingo"
1797,-24.5197588986312,-51.451379899876,6.04910814895172,0.609153478294025,"sintetico_postestratificado",FALSE,0.363955889307713,"sintetico_postestratificado",FALSE,FALSE,FALSE,"21","009","Ahuehuetitla"
1798,-21.9065016084847,-45.8482233455178,4.66373411232024,0.497355483691049,"muestra_directa",TRUE,0.278290467606202,"muestra_directa",TRUE,TRUE,TRUE,"21","076","Hueytamalco"
1799,-24.4707691231715,-54.1358007538502,5.58979967703909,0.55631025871743,"sintetico_postestratificado",FALSE,0.311602567485715,"sintetico_postestratificado",FALSE,FALSE,FALSE,"21","183","Tlaola"
1800,-28.7148064949164,-51.8520092169641,-1.41122281414038,0.617346925584459,"muestra_directa",TRUE,0.330198860635295,"muestra_directa",FALSE,TRUE,TRUE,"21","071","Huauchinango"
1801,-22.9126943868629,-52.5164070158533,8.8759743155193,0.544410265612182,"sintetico_postestratificado",FALSE,0.315283321743553,"sintetico_postestratificado",FALSE,FALSE,FALSE,"21","070","Huatlatlauca"
1802,-23.2378030954029,-50.1352878280313,7.76014327057879,0.549612685529015,"sintetico_postestratificado",FALSE,0.317234654574986,"sintetico_postestratificado",FALSE,FALSE,FALSE,"21","111","Pantepec"
1803,-26.2612241719531,-47.6056993247533,-2.93132146821276,0.6515615403594,"muestra_directa",TRUE,0.388949298639869,"muestra_directa",FALSE,TRUE,TRUE,"22","002","Pinal de Amoles"
1804,-22.7272388044493,-51.6676725555697,10.3125478769455,0.593397937813368,"sintetico_postestratificado",FALSE,0.366125549768875,"sintetico_postestratificado",FALSE,FALSE,FALSE,"22","010","Landa de Matamoros"
1805,-37.954189993232,-59.8424508802567,-13.0414428632756,0.626480072606975,"muestra_directa",TRUE,0.246938172674655,"muestra_directa",FALSE,TRUE,TRUE,"22","006","Corregidora"
1806,-24.0602251303835,-52.5986793902236,8.66137192134345,0.540058347408974,"sintetico_postestratificado",FALSE,0.299456096105139,"sintetico_postestratificado",FALSE,FALSE,FALSE,"22","003","Arroyo Seco"
1807,-20.8452011434416,-38.2674121107543,-1.56413097639646,0.444580088945825,"muestra_directa",FALSE,0.236128077511409,"muestra_directa",FALSE,TRUE,FALSE,"22","011","El Marqués"
1808,-25.5769000162345,-50.8336987000385,1.27104778111549,0.5482137461386,"muestra_directa",TRUE,0.292444745976256,"muestra_directa",TRUE,TRUE,TRUE,"22","012","Pedro Escobedo"
1809,-22.6732363595434,-50.698111461059,8.87311719495466,0.588253126751565,"sintetico_postestratificado",FALSE,0.361520763156131,"sintetico_postestratificado",FALSE,FALSE,FALSE,"22","015","San Joaquín"
1810,-18.7247560849116,-34.6144928745985,-3.54725969732014,0.470905028565857,"muestra_directa",FALSE,0.283657467716742,"muestra_directa",FALSE,TRUE,FALSE,"22","016","San Juan del Río"
1811,-23.758935664857,-51.9998801540838,6.85878687085035,0.574898289215882,"sintetico_postestratificado",FALSE,0.337308932567312,"sintetico_postestratificado",FALSE,FALSE,FALSE,"22","017","Tequisquiapan"
1812,-20.6742435041026,-46.1908351570664,6.88042208517251,0.56376070789227,"muestra_directa",TRUE,0.357018272851244,"muestra_directa",TRUE,TRUE,TRUE,"22","018","Tolimán"
1813,-21.8224439902411,-50.3520577533936,9.8701377741123,0.580603321861952,"sintetico_postestratificado",FALSE,0.362378881959541,"sintetico_postestratificado",FALSE,FALSE,FALSE,"22","007","Ezequiel Montes"
1814,-27.8365396777229,-48.8268405837351,-6.33607390010248,0.546179621270812,"muestra_directa",FALSE,0.267814224493583,"muestra_directa",FALSE,TRUE,FALSE,"22","001","Amealco de Bonfil"
1815,-28.1032352041216,-39.722488676562,-15.1468706583988,0.740303484486992,"muestra_directa",FALSE,0.459271132445776,"muestra_directa",FALSE,TRUE,FALSE,"22","014","Querétaro"
1816,-21.0120105384612,-48.7452535030449,11.1043419999847,0.580777814776624,"sintetico_postestratificado",FALSE,0.370657709392012,"sintetico_postestratificado",FALSE,FALSE,FALSE,"22","005","Colón"
1817,-30.7082456703344,-54.6852993069285,-4.19242547649243,0.603041514910079,"muestra_directa",TRUE,0.295959058206735,"muestra_directa",FALSE,TRUE,TRUE,"22","004","Cadereyta de Montes"
1818,-21.1397956822863,-48.7035235420528,11.0351612437269,0.598540036333304,"sintetico_postestratificado",FALSE,0.387142079510441,"sintetico_postestratificado",FALSE,FALSE,FALSE,"22","013","Peñamiller"
1819,-25.7646901975722,-47.3284542118456,-2.14060529282844,0.596499009859033,"muestra_directa",FALSE,0.338852107883311,"muestra_directa",FALSE,TRUE,FALSE,"22","008","Huimilpan"
1820,-23.5001622404437,-51.8953719398339,9.68574495056849,0.561330395432181,"sintetico_postestratificado",FALSE,0.326328773027744,"sintetico_postestratificado",FALSE,FALSE,FALSE,"22","009","Jalpan de Serra"
1821,-19.429273303324,-47.2073185696906,9.10329307398188,0.455592091949492,"muestra_directa",TRUE,0.261299358916252,"muestra_directa",TRUE,TRUE,TRUE,"23","001","Cozumel"
1822,-20.095940551962,-49.837695827662,12.7589149797447,0.531002023541041,"sintetico_postestratificado",FALSE,0.330042618021422,"sintetico_postestratificado",FALSE,FALSE,FALSE,"23","003","Isla Mujeres"
1823,-24.516212013426,-41.6476217849358,-4.04203663924742,0.701858232564248,"muestra_directa",FALSE,0.456696112429989,"muestra_directa",FALSE,TRUE,FALSE,"23","002","Felipe Carrillo Puerto"
1824,-15.9959609315327,-31.7149255357436,-1.75386319719506,0.508401459522642,"muestra_directa",FALSE,0.348441850207315,"muestra_directa",FALSE,TRUE,FALSE,"23","005","Benito Juárez"
1825,-22.0184269436163,-39.8117339128731,-3.18672095804692,0.59521105885911,"muestra_directa",FALSE,0.375026789422947,"muestra_directa",FALSE,TRUE,FALSE,"23","004","Othón P. Blanco"
1826,-21.1458514435558,-51.1093769146869,8.1934175470864,0.499566878015039,"sintetico_postestratificado",FALSE,0.288108363579481,"sintetico_postestratificado",FALSE,FALSE,FALSE,"23","011","Puerto Morelos"
1827,-29.7493289508128,-49.2346333717203,-9.67628274844138,0.580651155416495,"muestra_directa",FALSE,0.283157865908367,"muestra_directa",FALSE,TRUE,FALSE,"23","008","Solidaridad"
1828,-21.0196098139624,-50.5599514362984,10.1916611955284,0.507482665523241,"sintetico_postestratificado",FALSE,0.297286567383617,"sintetico_postestratificado",FALSE,FALSE,FALSE,"23","010","Bacalar"
1829,-20.1970363491041,-46.0356322050711,6.16746659359071,0.446435807666917,"muestra_directa",TRUE,0.244465444175877,"muestra_directa",TRUE,TRUE,TRUE,"23","007","Lázaro Cárdenas"
1830,-22.1941334750526,-45.9898367377391,4.35959697233599,0.44512054894105,"muestra_directa",TRUE,0.223179214190524,"muestra_directa",TRUE,TRUE,TRUE,"23","006","José María Morelos"
1831,-24.0587170667634,-48.4950680383302,2.8664403305183,0.579808405156259,"muestra_directa",TRUE,0.339221234488624,"muestra_directa",TRUE,TRUE,TRUE,"23","009","Tulum"
1832,-25.4300785189453,-49.7130740963359,-1.00565834435987,0.510040719913412,"muestra_directa",FALSE,0.255739934723959,"muestra_directa",FALSE,TRUE,FALSE,"24","050","Villa de Reyes"
1833,-26.709955249378,-50.7085193868383,0.493335917411476,0.549883726108275,"muestra_directa",TRUE,0.282784173614495,"muestra_directa",TRUE,TRUE,TRUE,"24","052","Villa Juárez"
1834,-23.0261758273962,-47.8285392379012,2.00865359597992,0.660568148740446,"muestra_directa",TRUE,0.430306390466484,"muestra_directa",TRUE,TRUE,TRUE,"24","053","Axtla de Terrazas"
1835,-22.0246585976073,-50.2609988423023,8.88537813929579,0.571968740629769,"sintetico_postestratificado",FALSE,0.351722154653696,"sintetico_postestratificado",FALSE,FALSE,FALSE,"24","054","Xilitla"
1836,-20.3420613612147,-50.9694253863903,11.1903615848886,0.5581975583307,"sintetico_postestratificado",FALSE,0.354776944718553,"sintetico_postestratificado",FALSE,FALSE,FALSE,"24","055","Zaragoza"
1837,-22.8681205116206,-52.7153654377822,5.44851973643714,0.565414354216325,"sintetico_postestratificado",FALSE,0.336733149100119,"sintetico_postestratificado",FALSE,FALSE,FALSE,"24","048","Villa de la Paz"
1838,-22.7178987570582,-51.4530036930176,8.90756855730913,0.569380681796543,"sintetico_postestratificado",FALSE,0.342201694225961,"sintetico_postestratificado",FALSE,FALSE,FALSE,"24","015","Charcas"
1839,-25.382700629784,-42.311602161056,-6.75238923063137,0.734645566155785,"muestra_directa",FALSE,0.480818559857945,"muestra_directa",FALSE,TRUE,FALSE,"24","013","Ciudad Valles"
1840,-23.4952725685549,-52.4790247470053,10.4850281157996,0.569078657204766,"sintetico_postestratificado",FALSE,0.334125931519217,"sintetico_postestratificado",FALSE,FALSE,FALSE,"24","009","Cerro de San Pedro"
1841,-21.9709974218411,-50.7824620272514,11.185357909283,0.575960949499789,"sintetico_postestratificado",FALSE,0.356250975281377,"sintetico_postestratificado",FALSE,FALSE,FALSE,"24","043","Tierra Nueva"
1842,-23.2968392180862,-51.8612898910995,6.97783575865882,0.57671227521053,"sintetico_postestratificado",FALSE,0.343743883029669,"sintetico_postestratificado",FALSE,FALSE,FALSE,"24","042","Tanquián de Escobedo"
1843,-21.1255513925399,-50.0267623414949,10.3654391162327,0.589336705157674,"sintetico_postestratificado",FALSE,0.378081191232275,"sintetico_postestratificado",FALSE,FALSE,FALSE,"24","012","Tancanhuitz"
1844,-21.7756725956363,-49.866065723193,10.7430075994636,0.587338307558297,"sintetico_postestratificado",FALSE,0.369581581601934,"sintetico_postestratificado",FALSE,FALSE,FALSE,"24","011","Ciudad Fernández"
1845,-22.2966257660193,-51.3446979824137,7.46660599141248,0.567888383465534,"sintetico_postestratificado",FALSE,0.34492212580534,"sintetico_postestratificado",FALSE,FALSE,FALSE,"24","010","Ciudad del Maíz"
1846,-25.0026359513313,-52.6357608670934,3.54533345680152,0.573628064406518,"muestra_directa",TRUE,0.323601704893204,"muestra_directa",TRUE,TRUE,TRUE,"24","008","Cerritos"
1847,-20.2554555023922,-48.0063166147482,11.1877747197576,0.54625389258388,"sintetico_postestratificado",FALSE,0.343699337559958,"sintetico_postestratificado",FALSE,FALSE,FALSE,"24","007","Cedral"
1848,-21.2430566162501,-41.1410385440362,1.26534469073065,0.568894812072146,"muestra_directa",FALSE,0.356464245909645,"muestra_directa",FALSE,TRUE,FALSE,"24","035","Soledad de Graciano Sánchez"
1849,-20.9260803261389,-51.816133558218,9.79457480232728,0.542687101255845,"sintetico_postestratificado",FALSE,0.333426297994456,"sintetico_postestratificado",FALSE,FALSE,FALSE,"24","041","Tanlajás"
1850,-22.3742846380022,-50.4295298157691,8.04127379308202,0.57663086646679,"sintetico_postestratificado",FALSE,0.352888020086768,"sintetico_postestratificado",FALSE,FALSE,FALSE,"24","040","Tamuín"
1851,-22.2292023210017,-50.210551389348,9.00811561143629,0.58269032801381,"sintetico_postestratificado",FALSE,0.360398304803794,"sintetico_postestratificado",FALSE,FALSE,FALSE,"24","039","Tampamolón Corona"
1852,-21.8655474556579,-52.2381887401954,10.4326481911165,0.583275407614443,"sintetico_postestratificado",FALSE,0.364619933057864,"sintetico_postestratificado",FALSE,FALSE,FALSE,"24","038","Tampacán"
1853,-17.3409069102693,-34.5261638068899,0.654477003810015,0.506208247115754,"muestra_directa",FALSE,0.332799178013061,"muestra_directa",FALSE,TRUE,FALSE,"24","037","Tamazunchale"
1854,-21.4218286105924,-50.9718484853095,10.1203477737026,0.546062921233785,"sintetico_postestratificado",FALSE,0.331844635127861,"sintetico_postestratificado",FALSE,FALSE,FALSE,"24","036","Tamasopo"
1855,-21.3150503524919,-50.8495447406421,10.5127906696272,0.586259658680378,"sintetico_postestratificado",FALSE,0.373109155155458,"sintetico_postestratificado",FALSE,FALSE,FALSE,"24","006","Catorce"
1856,-34.7198153637351,-48.5258346132442,-19.443885687433,0.69530790260001,"muestra_directa",FALSE,0.348109748962659,"muestra_directa",FALSE,TRUE,FALSE,"24","028","San Luis Potosí"
1857,-22.6911958466768,-51.6716123908523,6.91162733840899,0.552203528568381,"sintetico_postestratificado",FALSE,0.325291570101613,"sintetico_postestratificado",FALSE,FALSE,FALSE,"24","031","Santa Catarina"
1858,-21.4233175521868,-48.5456482697302,8.8914656362455,0.591123550666441,"sintetico_postestratificado",FALSE,0.376890375144574,"sintetico_postestratificado",FALSE,FALSE,FALSE,"24","030","San Nicolás Tolentino"
1859,-21.6331350431496,-50.9405876103513,10.9790018135872,0.554963957324201,"sintetico_postestratificado",FALSE,0.338632606892706,"sintetico_postestratificado",FALSE,FALSE,FALSE,"24","029","San Martín Chalchicuautla"
1860,-23.7713380015567,-53.0009217456896,8.35415576324687,0.554047886078664,"sintetico_postestratificado",FALSE,0.316334506063097,"sintetico_postestratificado",FALSE,FALSE,FALSE,"24","026","San Antonio"
1861,-22.8967278230773,-52.7162472104857,10.1496020074842,0.567338905931674,"sintetico_postestratificado",FALSE,0.338371627700901,"sintetico_postestratificado",FALSE,FALSE,FALSE,"24","005","Cárdenas"
1862,-23.9727922046715,-54.4610880488628,7.40398498717874,0.578500467934264,"sintetico_postestratificado",FALSE,0.338772545887549,"sintetico_postestratificado",FALSE,FALSE,FALSE,"24","024","Rioverde"
1863,-24.3051992594564,-52.6167210823697,6.30306778949139,0.540668800601641,"sintetico_postestratificado",FALSE,0.297616808007077,"sintetico_postestratificado",FALSE,FALSE,FALSE,"24","023","Rayón"
1864,-22.2369497556158,-51.019816989061,11.1572174538315,0.572432097423052,"sintetico_postestratificado",FALSE,0.350062599866894,"sintetico_postestratificado",FALSE,FALSE,FALSE,"24","022","Moctezuma"
1865,-27.2636706036838,-46.0632911254338,-7.24031175551184,0.566073593656654,"muestra_directa",FALSE,0.293436887619817,"muestra_directa",FALSE,TRUE,FALSE,"24","021","Mexquitic de Carmona"
1866,-20.4636863827921,-48.994224357087,11.3790256752586,0.56891570384238,"sintetico_postestratificado",FALSE,0.364278840014459,"sintetico_postestratificado",FALSE,FALSE,FALSE,"24","017","Guadalcázar"
1867,-20.6318765323123,-50.8026684053075,11.3228726585785,0.550131604806644,"sintetico_postestratificado",FALSE,0.34381283948352,"sintetico_postestratificado",FALSE,FALSE,FALSE,"24","016","Ebano"
1868,-22.1941298843285,-52.0934418142426,7.75283471700659,0.591953703441857,"sintetico_postestratificado",FALSE,0.370012404598572,"sintetico_postestratificado",FALSE,FALSE,FALSE,"24","014","Coxcatlán"
1869,-12.0248922720128,-33.0984326943386,8.31551361314547,0.357881599388707,"muestra_directa",FALSE,0.237632676668578,"muestra_directa",FALSE,TRUE,FALSE,"24","033","Santo Domingo"
1870,-22.6668202362481,-53.1948057454552,7.10002446776142,0.577872662655407,"sintetico_postestratificado",FALSE,0.351204460292926,"sintetico_postestratificado",FALSE,FALSE,FALSE,"24","001","Ahualulco del Sonido 13"
1871,-21.0274407218797,-49.6098816073466,10.6283399084513,0.555462590381187,"sintetico_postestratificado",FALSE,0.34518818316239,"sintetico_postestratificado",FALSE,FALSE,FALSE,"24","057","Matlapa"
1872,-21.395076952082,-49.7695889126863,10.3041710741264,0.55440971750267,"sintetico_postestratificado",FALSE,0.34045894798185,"sintetico_postestratificado",FALSE,FALSE,FALSE,"24","051","Villa Hidalgo"
1873,-22.6610113490713,-51.3204423142576,8.33642749290026,0.550230493370115,"sintetico_postestratificado",FALSE,0.323620379879402,"sintetico_postestratificado",FALSE,FALSE,FALSE,"24","058","El Naranjo"
1874,-24.5782132532106,-52.0639877607422,6.40653960531794,0.570345952484461,"sintetico_postestratificado",FALSE,0.324563819952355,"sintetico_postestratificado",FALSE,FALSE,FALSE,"24","032","Santa María del Río"
1875,-22.8889560131308,-52.3741811355066,11.1859320707315,0.583318626089525,"sintetico_postestratificado",FALSE,0.354429065958216,"sintetico_postestratificado",FALSE,FALSE,FALSE,"24","027","San Ciro de Acosta"
1876,-20.1076876314723,-41.064923765205,2.80084844718325,0.538364881182398,"muestra_directa",FALSE,0.337288004867675,"muestra_directa",FALSE,TRUE,FALSE,"24","025","Salinas"
1877,-20.9279981938124,-50.82657163064,10.9129603506881,0.583672258005032,"sintetico_postestratificado",FALSE,0.374392276066908,"sintetico_postestratificado",FALSE,FALSE,FALSE,"24","056","Villa de Arista"
1878,-23.0602742186844,-52.0955640858658,6.81305917619359,0.558243230011924,"sintetico_postestratificado",FALSE,0.32764048782508,"sintetico_postestratificado",FALSE,FALSE,FALSE,"24","047","Villa de Guadalupe"
1880,-23.019016810426,-53.1897425058271,10.1853076107406,0.566332180039304,"sintetico_postestratificado",FALSE,0.336142011935044,"sintetico_postestratificado",FALSE,FALSE,FALSE,"24","034","San Vicente Tancuayalab"
1881,-23.8687158528389,-52.5846053182252,8.77164155005846,0.590202806464025,"sintetico_postestratificado",FALSE,0.351515647935636,"sintetico_postestratificado",FALSE,FALSE,FALSE,"24","002","Alaquines"
1882,-17.4902492978468,-39.2625941479891,4.61071073856388,0.557215837257333,"muestra_directa",FALSE,0.382313344278865,"muestra_directa",FALSE,TRUE,FALSE,"24","003","Aquismón"
1883,-22.3376358892656,-52.280046971873,9.02771993813812,0.56424033745842,"sintetico_postestratificado",FALSE,0.340863978565764,"sintetico_postestratificado",FALSE,FALSE,FALSE,"24","004","Armadillo de los Infante"
1884,-22.4931811484136,-51.7197153748764,9.42763441359641,0.59710729770637,"sintetico_postestratificado",FALSE,0.372175486222234,"sintetico_postestratificado",FALSE,FALSE,FALSE,"24","046","Villa de Arriaga"
1885,-22.8560353145106,-49.8092250846671,7.01186323261843,0.615943828540355,"sintetico_postestratificado",FALSE,0.38738347539525,"sintetico_postestratificado",FALSE,FALSE,FALSE,"24","018","Huehuetlán"
1886,-22.8803503171637,-52.4221823789643,8.4300403851326,0.555634774658992,"sintetico_postestratificado",FALSE,0.326831271487355,"sintetico_postestratificado",FALSE,FALSE,FALSE,"24","019","Lagunillas"
1887,-29.5398770778732,-55.5719745425048,1.5339532422452,0.577934322158285,"muestra_directa",TRUE,0.282535551379553,"muestra_directa",TRUE,TRUE,TRUE,"24","020","Matehuala"
1888,-22.2698211453331,-53.7527920828722,11.5202163562767,0.581004551297837,"sintetico_postestratificado",FALSE,0.358306339844506,"sintetico_postestratificado",FALSE,FALSE,FALSE,"24","044","Vanegas"
1889,-21.6477526538808,-50.8718751825963,11.3164847579384,0.569852644530992,"sintetico_postestratificado",FALSE,0.353375117992184,"sintetico_postestratificado",FALSE,FALSE,FALSE,"24","045","Venado"
1890,-21.7116096488186,-45.6394038656734,4.88412472703728,0.561757829300285,"muestra_directa",TRUE,0.344641732812099,"muestra_directa",FALSE,TRUE,TRUE,"24","049","Villa de Ramos"
1891,-30.8649601425148,-50.6267171707017,-7.05043975973695,0.7154951410675,"muestra_directa",FALSE,0.406845539642352,"muestra_directa",FALSE,TRUE,FALSE,"25","010","El Fuerte"
1892,-22.4808431880459,-46.7303375949935,3.14269729536499,0.515502658178323,"muestra_directa",TRUE,0.290694226297864,"muestra_directa",FALSE,TRUE,TRUE,"25","008","Elota"
1893,-22.3975162635706,-50.5556618819803,6.39113827949762,0.555400932489464,"sintetico_postestratificado",FALSE,0.331425769853758,"sintetico_postestratificado",FALSE,FALSE,FALSE,"25","016","San Ignacio"
1894,-19.6193063856906,-39.5116607624399,5.52942646109978,0.596575543711713,"muestra_directa",FALSE,0.400382479854807,"muestra_directa",FALSE,TRUE,FALSE,"25","018","Navolato"
1895,-21.4807344187672,-50.4520163244885,11.533144532367,0.598978811085349,"sintetico_postestratificado",FALSE,0.384171466897677,"sintetico_postestratificado",FALSE,FALSE,FALSE,"25","003","Badiraguato"
1896,-22.8195216164033,-51.183327696155,10.2781820336975,0.591719353266401,"sintetico_postestratificado",FALSE,0.363524137102368,"sintetico_postestratificado",FALSE,FALSE,FALSE,"25","014","Rosario"
1897,-25.2844925802358,-40.0315943172997,-8.1496508523758,0.700896165755063,"muestra_directa",FALSE,0.448051239952705,"muestra_directa",FALSE,TRUE,FALSE,"25","001","Ahome"
1898,-21.1859341846111,-42.8132097310613,2.40766992363793,0.626779907209236,"muestra_directa",FALSE,0.414920565363125,"muestra_directa",FALSE,TRUE,FALSE,"25","002","Angostura"
1901,-19.2123950032843,-42.4394413748154,5.31860100148662,0.518395196069602,"muestra_directa",FALSE,0.326271246036759,"muestra_directa",FALSE,TRUE,FALSE,"25","009","Escuinapa"
1902,-20.3080798033091,-42.8945634254887,3.06243310701736,0.643110712362726,"muestra_directa",TRUE,0.440029914329635,"muestra_directa",FALSE,TRUE,TRUE,"25","004","Concordia"
1903,-13.046406345355,-38.4167702548467,14.0246707851576,0.547805222684893,"muestra_directa",TRUE,0.417341159231343,"muestra_directa",FALSE,TRUE,TRUE,"25","005","Cosalá"
1904,-21.4016914566342,-35.5029564509868,-5.44570270343287,0.579112440836836,"muestra_directa",FALSE,0.365095526270494,"muestra_directa",FALSE,TRUE,FALSE,"25","012","Mazatlán"
1905,-24.0310115672497,-49.5718262746185,3.71164473519933,0.604461140616958,"muestra_directa",TRUE,0.364151024944461,"muestra_directa",TRUE,TRUE,TRUE,"25","007","Choix"
1906,-21.3352504752314,-48.8890102391873,9.58776232222949,0.567744048151756,"sintetico_postestratificado",FALSE,0.354391543399442,"sintetico_postestratificado",FALSE,FALSE,FALSE,"25","013","Mocorito"
1907,-26.0757159701186,-44.0041289749052,-8.32606481225005,0.634078503204188,"muestra_directa",FALSE,0.373321343503002,"muestra_directa",FALSE,TRUE,FALSE,"25","015","Salvador Alvarado"
1908,-25.819275982432,-39.3506972208116,-11.1798558668137,0.607672990324089,"muestra_directa",FALSE,0.349480230499769,"muestra_directa",FALSE,TRUE,FALSE,"25","006","Culiacán"
1909,-20.6112995068343,-42.7015014434808,6.09661946966797,0.553573984517575,"muestra_directa",TRUE,0.347460989449232,"muestra_directa",FALSE,TRUE,TRUE,"25","017","Sinaloa"
1910,-24.1284693023425,-38.8769374746039,-9.04758263247947,0.566519080620586,"muestra_directa",FALSE,0.32523438759716,"muestra_directa",FALSE,TRUE,FALSE,"25","011","Guasave"
1911,-21.3399112218751,-51.0912839642233,9.72991850348623,0.535011525502698,"sintetico_postestratificado",FALSE,0.321612413283947,"sintetico_postestratificado",FALSE,FALSE,FALSE,"26","066","Ures"
1912,-19.9114457108874,-50.7625729584636,11.7228938383178,0.518908124512434,"sintetico_postestratificado",FALSE,0.319793667403561,"sintetico_postestratificado",FALSE,FALSE,FALSE,"26","038","Moctezuma"
1913,-19.0070508916789,-44.6920023092526,7.69134035367022,0.585882543264448,"muestra_directa",TRUE,0.395812034347659,"muestra_directa",TRUE,TRUE,TRUE,"26","033","Huatabampo"
1914,-20.5950040670056,-47.8482547321132,10.2105160212387,0.591388297579411,"sintetico_postestratificado",FALSE,0.385438256909355,"sintetico_postestratificado",FALSE,FALSE,FALSE,"26","056","San Miguel de Horcasitas"
1915,-20.2685185951909,-48.3595930868016,9.79235157211976,0.526332177966068,"sintetico_postestratificado",FALSE,0.323646992014159,"sintetico_postestratificado",FALSE,FALSE,FALSE,"26","031","Huachinera"
1916,-20.9022982603404,-51.7235712811402,9.80338833387772,0.525777406763245,"sintetico_postestratificado",FALSE,0.316754424159841,"sintetico_postestratificado",FALSE,FALSE,FALSE,"26","032","Huásabas"
1917,-21.6222149239846,-54.0237553501628,9.11434699652071,0.538414615336366,"sintetico_postestratificado",FALSE,0.32219246609652,"sintetico_postestratificado",FALSE,FALSE,FALSE,"26","070","General Plutarco Elías Calles"
1918,-22.6448366208648,-50.2423889684525,9.89589334617407,0.572075594299781,"sintetico_postestratificado",FALSE,0.345627228091133,"sintetico_postestratificado",FALSE,FALSE,FALSE,"26","064","Trincheras"
1919,-22.8538246836604,-50.9761854668201,9.1601440004037,0.557796480919256,"sintetico_postestratificado",FALSE,0.329258234082652,"sintetico_postestratificado",FALSE,FALSE,FALSE,"26","062","Suaqui Grande"
1920,-22.1680464960851,-50.7373549416212,9.51336765245592,0.585918860511661,"sintetico_postestratificado",FALSE,0.36423839555081,"sintetico_postestratificado",FALSE,FALSE,FALSE,"26","052","Sahuaripa"
1921,-21.075287146525,-48.0749170167607,9.98023417080177,0.561756296417966,"sintetico_postestratificado",FALSE,0.351003424952716,"sintetico_postestratificado",FALSE,FALSE,FALSE,"26","051","Rosario"
1922,-22.085689106252,-50.6466341770883,10.2223236037147,0.588231883139619,"sintetico_postestratificado",FALSE,0.3673749920771,"sintetico_postestratificado",FALSE,FALSE,FALSE,"26","037","Mazatán"
1923,-20.4540045306137,-49.8226757014437,10.9651326691209,0.574191071623465,"sintetico_postestratificado",FALSE,0.369651026317329,"sintetico_postestratificado",FALSE,FALSE,FALSE,"26","021","La Colorada"
1924,-19.8384546347254,-45.371453610447,4.59486906017703,0.483544705681245,"muestra_directa",TRUE,0.285160159333991,"muestra_directa",TRUE,TRUE,TRUE,"26","041","Nacozari de García"
1925,-32.1170719773828,-48.8750814556023,-14.4580264378549,0.578023060570564,"muestra_directa",FALSE,0.256852340796736,"muestra_directa",FALSE,TRUE,FALSE,"26","043","Nogales"
1926,-22.9847206519112,-52.2569152540135,7.99470332061043,0.605013680346721,"sintetico_postestratificado",FALSE,0.375166473827608,"sintetico_postestratificado",FALSE,FALSE,FALSE,"26","034","Huépac"
1927,-23.2964520910776,-50.9338144104845,7.02457041968398,0.588716155241323,"sintetico_postestratificado",FALSE,0.355751634330547,"sintetico_postestratificado",FALSE,FALSE,FALSE,"26","016","Benjamín Hill"
1928,-28.6345959401461,-52.0808803428793,-3.35595130210902,0.67931419993758,"muestra_directa",TRUE,0.392968240536119,"muestra_directa",FALSE,TRUE,TRUE,"26","014","Baviácora"
1929,-22.9736435460623,-50.9699959911171,8.9970170868169,0.595523723658122,"sintetico_postestratificado",FALSE,0.365787288197499,"sintetico_postestratificado",FALSE,FALSE,FALSE,"26","015","Bavispe"
1930,-20.8618255696109,-51.2002191765186,10.3384609331995,0.55028169446506,"sintetico_postestratificado",FALSE,0.341663438768951,"sintetico_postestratificado",FALSE,FALSE,FALSE,"26","069","Yécora"
1931,-23.0152455430011,-51.372514744678,6.43632278723328,0.588172263253461,"sintetico_postestratificado",FALSE,0.35801980782345,"sintetico_postestratificado",FALSE,FALSE,FALSE,"26","009","Bacanora"
1932,-17.2237328865653,-37.7771895204677,4.29193351847071,0.430560370551331,"muestra_directa",FALSE,0.258323041685678,"muestra_directa",FALSE,TRUE,FALSE,"26","029","Guaymas"
1933,-16.7153583021552,-34.6333654269029,1.60814874274789,0.46278155940979,"muestra_directa",FALSE,0.295627976388238,"muestra_directa",FALSE,TRUE,FALSE,"26","002","Agua Prieta"
1934,-25.9016269858346,-54.3630589350286,4.93210914895432,0.60122030082869,"sintetico_postestratificado",FALSE,0.342204030970343,"sintetico_postestratificado",FALSE,FALSE,FALSE,"26","057","San Pedro de la Cueva"
1935,-27.8960997016094,-46.9391665223364,-8.99563533333968,0.564087770542867,"muestra_directa",FALSE,0.285126773526773,"muestra_directa",FALSE,TRUE,FALSE,"26","055","San Luis Río Colorado"
1936,-22.650099206785,-51.2896094127201,10.6613318951262,0.644510921654942,"sintetico_postestratificado",FALSE,0.418009929587091,"sintetico_postestratificado",FALSE,FALSE,FALSE,"26","024","Divisaderos"
1937,-23.6379135695308,-53.1658925926932,5.38514143798344,0.563462528180849,"sintetico_postestratificado",FALSE,0.327083392485541,"sintetico_postestratificado",FALSE,FALSE,FALSE,"26","023","Cumpas"
1938,-23.6256139227783,-51.8450011254191,9.9686914861885,0.602148145890612,"sintetico_postestratificado",FALSE,0.365892006662829,"sintetico_postestratificado",FALSE,FALSE,FALSE,"26","001","Aconchi"
1939,-21.031417312199,-49.5090727836814,11.2697937994539,0.577493198279107,"sintetico_postestratificado",FALSE,0.367179025157117,"sintetico_postestratificado",FALSE,FALSE,FALSE,"26","003","Álamos"
1940,-13.4283012351787,-25.6156578267552,-0.519051874673887,0.441035051339228,"muestra_directa",FALSE,0.306752038987441,"muestra_directa",FALSE,TRUE,FALSE,"26","030","Hermosillo"
1941,-23.2068911142908,-51.2841433616192,7.38449846474174,0.55028195676131,"sintetico_postestratificado",FALSE,0.318213045618402,"sintetico_postestratificado",FALSE,FALSE,FALSE,"26","022","Cucurpe"
1942,-21.026719782093,-51.2394391923946,9.95268920213191,0.582598296509662,"muestra_directa",TRUE,0.372331098688732,"muestra_directa",TRUE,TRUE,TRUE,"26","025","Empalme"
1943,-23.5634960174058,-52.2585341343042,9.50329098058106,0.556667106943565,"sintetico_postestratificado",FALSE,0.321032146769506,"sintetico_postestratificado",FALSE,FALSE,FALSE,"26","027","Fronteras"
1944,-24.5175589281176,-52.0771114011966,8.02243950586825,0.600507537975186,"sintetico_postestratificado",FALSE,0.355331948694009,"sintetico_postestratificado",FALSE,FALSE,FALSE,"26","005","Arivechi"
1945,-22.0217715106894,-49.4052392851779,6.98417916970715,0.545607556031247,"sintetico_postestratificado",FALSE,0.325389840924353,"sintetico_postestratificado",FALSE,FALSE,FALSE,"26","006","Arizpe"
1946,-22.1469653286209,-46.3427688522416,4.65927538649578,0.598857077610511,"muestra_directa",TRUE,0.377387424324302,"muestra_directa",FALSE,TRUE,TRUE,"26","035","Imuris"
1947,-20.8855155891943,-50.3325758708175,11.9532930397091,0.551537028410958,"sintetico_postestratificado",FALSE,0.342681872519015,"sintetico_postestratificado",FALSE,FALSE,FALSE,"26","068","Villa Pesqueira"
1948,-24.6207571285113,-53.8551625960826,7.78822538070399,0.606601682705222,"sintetico_postestratificado",FALSE,0.36039411142011,"sintetico_postestratificado",FALSE,FALSE,FALSE,"26","046","Oquitoa"
1949,-21.1928536150677,-49.9236076455833,8.50852090290072,0.550071356235774,"sintetico_postestratificado",FALSE,0.338142820085097,"sintetico_postestratificado",FALSE,FALSE,FALSE,"26","026","Etchojoa"
1950,-23.1972445761132,-52.3189478472074,8.75893936580505,0.56658596051563,"sintetico_postestratificado",FALSE,0.334613514754499,"sintetico_postestratificado",FALSE,FALSE,FALSE,"26","049","Quiriego"
1951,-22.2367604940707,-50.9399394240904,9.11711915411537,0.570132408977303,"sintetico_postestratificado",FALSE,0.347764804036596,"sintetico_postestratificado",FALSE,FALSE,FALSE,"26","071","Benito Juárez"
1952,-21.9793738185137,-49.584559610505,9.42762036316624,0.589413028783213,"sintetico_postestratificado",FALSE,0.369619290598075,"sintetico_postestratificado",FALSE,FALSE,FALSE,"26","004","Altar"
1953,-20.8093894248804,-51.8872317768627,9.10146332688272,0.554917962268145,"sintetico_postestratificado",FALSE,0.346824068019341,"sintetico_postestratificado",FALSE,FALSE,FALSE,"26","063","Tepache"
1954,-21.2889372208604,-51.8318056058478,12.6825660983965,0.583937087521436,"sintetico_postestratificado",FALSE,0.371047715312833,"sintetico_postestratificado",FALSE,FALSE,FALSE,"26","028","Granados"
1955,-14.7343197621978,-38.7230398608451,8.38141832133546,0.417760006862453,"muestra_directa",TRUE,0.270416809240475,"muestra_directa",FALSE,TRUE,TRUE,"26","048","Puerto Peñasco"
1956,-22.4894682305613,-50.5051790746865,8.79199153331472,0.559683951279875,"sintetico_postestratificado",FALSE,0.334789268974262,"sintetico_postestratificado",FALSE,FALSE,FALSE,"26","017","Caborca"
1957,-21.636342273747,-51.8504048156094,10.29643244736,0.576473695637543,"sintetico_postestratificado",FALSE,0.360110272900074,"sintetico_postestratificado",FALSE,FALSE,FALSE,"26","012","Bácum"
1958,-20.696324506399,-49.3142274208277,11.7403342723605,0.536008339774367,"sintetico_postestratificado",FALSE,0.329045094710377,"sintetico_postestratificado",FALSE,FALSE,FALSE,"26","044","Ónavas"
1959,-21.889565438276,-51.7295252362929,11.3689439080386,0.575506435834649,"sintetico_postestratificado",FALSE,0.356610781451889,"sintetico_postestratificado",FALSE,FALSE,FALSE,"26","036","Magdalena"
1960,-23.1615628589966,-51.9972666861554,10.1127114662684,0.554089957320279,"sintetico_postestratificado",FALSE,0.322474328730314,"sintetico_postestratificado",FALSE,FALSE,FALSE,"26","013","Banámichi"
1961,-22.9726203275525,-53.9859471512165,9.41192156933325,0.571238277733367,"sintetico_postestratificado",FALSE,0.341512074457842,"sintetico_postestratificado",FALSE,FALSE,FALSE,"26","010","Bacerac"
1962,-21.972016192811,-49.6806634832847,7.35851546371783,0.555004010449965,"sintetico_postestratificado",FALSE,0.335283848521855,"sintetico_postestratificado",FALSE,FALSE,FALSE,"26","050","Rayón"
1963,-22.6221308666701,-53.1469760527304,12.4954916075313,0.60675596775033,"sintetico_postestratificado",FALSE,0.38053465908363,"sintetico_postestratificado",FALSE,FALSE,FALSE,"26","072","San Ignacio Río Muerto"
1964,-20.3688020147795,-51.3012444084996,11.008040909682,0.551814088890267,"sintetico_postestratificado",FALSE,0.348126068742471,"sintetico_postestratificado",FALSE,FALSE,FALSE,"26","061","Soyopa"
1965,-19.9543597605626,-50.9668209690896,11.5475512812855,0.505272284047705,"sintetico_postestratificado",FALSE,0.305728686442079,"sintetico_postestratificado",FALSE,FALSE,FALSE,"26","011","Bacoachi"
1966,-20.6395879280484,-39.8628297904043,0.303541049386345,0.634324726527943,"muestra_directa",FALSE,0.427928847247459,"muestra_directa",FALSE,TRUE,FALSE,"26","018","Cajeme"
1967,-17.1696099626358,-35.6643799159133,3.20178286749752,0.57019260357128,"muestra_directa",FALSE,0.398496503944922,"muestra_directa",FALSE,TRUE,FALSE,"26","047","Pitiquito"
1968,-20.5245022308233,-46.6072269672336,6.70336189906173,0.522988011383041,"muestra_directa",TRUE,0.317742989074807,"muestra_directa",FALSE,TRUE,TRUE,"26","019","Cananea"
1969,-23.2518495617124,-51.9409362346359,5.42621596237791,0.565603305306277,"sintetico_postestratificado",FALSE,0.333084809689153,"sintetico_postestratificado",FALSE,FALSE,FALSE,"26","020","Carbó"
1970,-22.6266168821784,-52.2963905610215,8.85838268888693,0.546108070527245,"sintetico_postestratificado",FALSE,0.319841901705461,"sintetico_postestratificado",FALSE,FALSE,FALSE,"26","053","San Felipe de Jesús"
1971,-10.2507138460833,-29.9388951641238,9.37069884074757,0.323421929966411,"muestra_directa",FALSE,0.220914791505578,"muestra_directa",FALSE,TRUE,FALSE,"26","042","Navojoa"
1972,-18.225813485978,-45.9241885490801,14.4696967694763,0.527014161512301,"sintetico_postestratificado",FALSE,0.344756026652521,"sintetico_postestratificado",FALSE,FALSE,FALSE,"26","008","Bacadéhuachi"
1973,-19.5056907593614,-48.5471493644292,10.5722518700591,0.524910051886314,"sintetico_postestratificado",FALSE,0.3298531442927,"sintetico_postestratificado",FALSE,FALSE,FALSE,"26","060","Sáric"
1974,-21.0862279011956,-49.8362749225712,12.4048083446014,0.579668098092865,"sintetico_postestratificado",FALSE,0.368805819080909,"sintetico_postestratificado",FALSE,FALSE,FALSE,"26","039","Naco"
1975,-22.5359034141995,-51.7165165475403,9.56789613429196,0.552446862153446,"sintetico_postestratificado",FALSE,0.327087828011451,"sintetico_postestratificado",FALSE,FALSE,FALSE,"26","059","Santa Cruz"
1976,-22.6711577865033,-50.3063212086804,10.3435551477869,0.571732611374466,"sintetico_postestratificado",FALSE,0.345021033509433,"sintetico_postestratificado",FALSE,FALSE,FALSE,"26","040","Nácori Chico"
1977,-23.0813434973865,-52.3758740439595,7.66262068454183,0.541987553537287,"sintetico_postestratificado",FALSE,0.311174118563422,"sintetico_postestratificado",FALSE,FALSE,FALSE,"26","067","Villa Hidalgo"
1978,-22.1963922195894,-52.2561561096287,12.3299102704627,0.561601425258492,"sintetico_postestratificado",FALSE,0.339637503062598,"sintetico_postestratificado",FALSE,FALSE,FALSE,"26","065","Tubutama"
1979,-20.2211865237862,-48.7650765244543,10.3732437115793,0.596590455897416,"sintetico_postestratificado",FALSE,0.394378590659555,"sintetico_postestratificado",FALSE,FALSE,FALSE,"26","007","Atil"
1980,-23.8691621540996,-52.2587232238397,5.65963778325612,0.56811530183219,"sintetico_postestratificado",FALSE,0.329423680291194,"sintetico_postestratificado",FALSE,FALSE,FALSE,"26","045","Opodepe"
1981,-22.2355418391331,-51.947379676765,9.58057767295044,0.626424890479877,"sintetico_postestratificado",FALSE,0.404069472088546,"sintetico_postestratificado",FALSE,FALSE,FALSE,"26","054","San Javier"
1982,-23.6365131141368,-50.0388002373571,4.63813563046725,0.585436633119255,"sintetico_postestratificado",FALSE,0.349071501977887,"sintetico_postestratificado",FALSE,FALSE,FALSE,"26","058","Santa Ana"
1983,-20.8735710406467,-38.2795221573106,-2.39121928384132,0.525269685781073,"muestra_directa",FALSE,0.316533975374606,"muestra_directa",FALSE,TRUE,FALSE,"27","006","Cunduacán"
1984,-21.6639677027309,-49.3111673348477,6.02593631881599,0.532686970225805,"muestra_directa",TRUE,0.316047293198496,"muestra_directa",TRUE,TRUE,TRUE,"27","001","Balancán"
1985,-27.8032504685731,-53.3924292920738,-1.13321203797616,0.589020552765257,"muestra_directa",TRUE,0.310988048079526,"muestra_directa",FALSE,TRUE,TRUE,"27","016","Teapa"
1986,-23.5936978955103,-52.30196695038,8.66823351771466,0.5443672902287,"sintetico_postestratificado",FALSE,0.308430311273598,"sintetico_postestratificado",FALSE,FALSE,FALSE,"27","015","Tacotalpa"
1987,-21.846824937212,-50.9374533130817,6.41321376905339,0.553592218342606,"sintetico_postestratificado",FALSE,0.335123968970485,"sintetico_postestratificado",FALSE,FALSE,FALSE,"27","014","Paraíso"
1988,-16.5148827716856,-38.0705121057767,6.05352689280997,0.480995782203428,"muestra_directa",FALSE,0.315846954486572,"muestra_directa",FALSE,TRUE,FALSE,"27","012","Macuspana"
1989,-18.7950650574122,-35.1280289816415,-1.75026199880889,0.583868167063358,"muestra_directa",FALSE,0.395917516489236,"muestra_directa",FALSE,TRUE,FALSE,"27","002","Cárdenas"
1990,-24.6961844598303,-53.5562093264447,5.10014575633653,0.555535935019754,"sintetico_postestratificado",FALSE,0.308574090421451,"sintetico_postestratificado",FALSE,FALSE,FALSE,"27","003","Centla"
1991,-16.1442106536404,-31.7905306300632,0.245690715526041,0.637331733653224,"muestra_directa",FALSE,0.47588962711682,"muestra_directa",FALSE,TRUE,FALSE,"27","004","Centro"
1992,-21.7677936553183,-38.9702127775148,-3.58638545521575,0.582852604045054,"muestra_directa",FALSE,0.365174667491871,"muestra_directa",FALSE,TRUE,FALSE,"27","005","Comalcalco"
1993,-24.5100191464571,-44.9786143603114,-1.69896291465114,0.666112184641375,"muestra_directa",FALSE,0.421011993176804,"muestra_directa",FALSE,TRUE,FALSE,"27","007","Emiliano Zapata"
1994,-20.5550416779729,-39.0316010268132,0.844302376237569,0.695530991574762,"muestra_directa",FALSE,0.489980574795033,"muestra_directa",FALSE,TRUE,FALSE,"27","008","Huimanguillo"
1995,-24.0768005653884,-49.3948577984903,6.54161613864761,0.618940956486966,"muestra_directa",TRUE,0.378172950833082,"muestra_directa",TRUE,TRUE,TRUE,"27","009","Jalapa"
1996,-20.5145721038314,-44.770867810857,4.87948854318689,0.512645884633371,"muestra_directa",TRUE,0.307500163595057,"muestra_directa",FALSE,TRUE,TRUE,"27","010","Jalpa de Méndez"
1997,-32.9915437177399,-56.3561039566936,-8.57121174550545,0.65027218282225,"muestra_directa",TRUE,0.320356745644851,"muestra_directa",FALSE,TRUE,TRUE,"27","011","Jonuta"
1998,-26.2969057801766,-44.7208281932303,-6.53172110311128,0.59584868362055,"muestra_directa",FALSE,0.332879625818784,"muestra_directa",FALSE,TRUE,FALSE,"27","013","Nacajuca"
1999,-23.5905999078877,-52.4995254501283,8.7557559640294,0.598276719929196,"muestra_directa",TRUE,0.362370720850319,"muestra_directa",TRUE,TRUE,TRUE,"27","017","Tenosique"
2000,-17.6051491112358,-32.4016246484305,-3.30374518329467,0.472530340397381,"muestra_directa",FALSE,0.296478849285024,"muestra_directa",FALSE,TRUE,FALSE,"28","003","Altamira"
2001,-13.7397305073218,-30.9048788241388,2.3484972426027,0.347406598173297,"muestra_directa",FALSE,0.21000929310008,"muestra_directa",FALSE,TRUE,FALSE,"28","041","Victoria"
2002,-21.6141041775355,-50.4746535596505,8.61858332543924,0.563146036952829,"sintetico_postestratificado",FALSE,0.347004995177473,"sintetico_postestratificado",FALSE,FALSE,FALSE,"28","010","Cruillas"
2003,-21.1857543197473,-51.9961309063467,9.4792795464035,0.559206832234608,"sintetico_postestratificado",FALSE,0.347349289037135,"sintetico_postestratificado",FALSE,FALSE,FALSE,"28","024","Mier"
2004,-19.6837545333298,-48.9122124239714,11.6210176009751,0.546861137984791,"sintetico_postestratificado",FALSE,0.350023592651492,"sintetico_postestratificado",FALSE,FALSE,FALSE,"28","015","Gustavo Díaz Ordaz"
2005,-19.3260196088595,-47.4423879515822,10.3577635687365,0.526533526493838,"sintetico_postestratificado",FALSE,0.333273330405243,"sintetico_postestratificado",FALSE,FALSE,FALSE,"28","025","Miguel Alemán"
2006,-19.5824351248943,-50.0519312957917,11.4204566902978,0.548119602903309,"sintetico_postestratificado",FALSE,0.352295251654366,"sintetico_postestratificado",FALSE,FALSE,FALSE,"28","040","Valle Hermoso"
2007,-20.4862140221702,-49.9149124365804,9.22672689234615,0.527472957632048,"sintetico_postestratificado",FALSE,0.322610817410345,"sintetico_postestratificado",FALSE,FALSE,FALSE,"28","023","Méndez"
2008,-19.6418427449003,-47.2035514732588,9.17510213766872,0.566059280960128,"sintetico_postestratificado",FALSE,0.369640853511125,"sintetico_postestratificado",FALSE,FALSE,FALSE,"28","031","Palmillas"
2009,-20.5389801746409,-50.2648324698279,10.6914116544542,0.515894040559965,"sintetico_postestratificado",FALSE,0.310504238813557,"sintetico_postestratificado",FALSE,FALSE,FALSE,"28","039","Tula"
2010,-25.6655459374876,-45.2064685617309,-4.51375893056178,0.681354848603004,"muestra_directa",FALSE,0.424699389228129,"muestra_directa",FALSE,TRUE,FALSE,"28","038","Tampico"
2011,-19.8067939370663,-50.9824956635884,11.8001825543368,0.504276550090703,"sintetico_postestratificado",FALSE,0.306208610720039,"sintetico_postestratificado",FALSE,FALSE,FALSE,"28","037","Soto la Marina"
2012,-19.7879554992174,-44.5247602788222,9.60036001352943,0.628306398769659,"muestra_directa",TRUE,0.430426843777486,"muestra_directa",TRUE,TRUE,TRUE,"28","007","Camargo"
2013,-20.6068278505574,-48.7865187567696,11.3031841230255,0.528875763090504,"sintetico_postestratificado",FALSE,0.32280748458493,"sintetico_postestratificado",FALSE,FALSE,FALSE,"28","005","Burgos"
2014,-19.0418223205267,-38.7018423010124,2.90606965144101,0.551091920948898,"muestra_directa",FALSE,0.360673697743631,"muestra_directa",FALSE,TRUE,FALSE,"28","032","Reynosa"
2015,-17.9340550406015,-42.3406367815436,5.64826668985589,0.432975369247088,"muestra_directa",TRUE,0.253634818841073,"muestra_directa",FALSE,TRUE,TRUE,"28","033","Río Bravo"
2016,-20.8427714908466,-44.2453911603504,4.25419766190016,0.600959864844791,"muestra_directa",TRUE,0.392532149936324,"muestra_directa",TRUE,TRUE,TRUE,"28","029","Ocampo"
2017,-21.6177844832507,-49.6502519446767,8.08583799653004,0.551847701529111,"sintetico_postestratificado",FALSE,0.335669856696604,"sintetico_postestratificado",FALSE,FALSE,FALSE,"28","030","Padilla"
2018,-21.0163610519737,-47.7737152534993,10.9742885556573,0.593746001441733,"sintetico_postestratificado",FALSE,0.383582390921996,"sintetico_postestratificado",FALSE,FALSE,FALSE,"28","034","San Carlos"
2019,-21.4099373127138,-49.5313402419424,11.3598418219104,0.571696050299899,"sintetico_postestratificado",FALSE,0.357596677172761,"sintetico_postestratificado",FALSE,FALSE,FALSE,"28","035","San Fernando"
2020,-16.5768232532202,-36.0747304984223,2.78396835018837,0.604797735123647,"muestra_directa",FALSE,0.439029502591445,"muestra_directa",FALSE,TRUE,FALSE,"28","022","Matamoros"
2021,-21.5768232505039,-51.2637578005249,9.04267856947404,0.584679895208772,"sintetico_postestratificado",FALSE,0.368911662703733,"sintetico_postestratificado",FALSE,FALSE,FALSE,"28","036","San Nicolás"
2022,-21.4718315398433,-50.3764260293676,9.05465850990436,0.557084768664877,"sintetico_postestratificado",FALSE,0.342366453266444,"sintetico_postestratificado",FALSE,FALSE,FALSE,"28","028","Nuevo Morelos"
2023,-18.750850522364,-47.0205401771943,11.0039860001564,0.517099796750835,"muestra_directa",TRUE,0.329591291527195,"muestra_directa",TRUE,TRUE,TRUE,"28","021","El Mante"
2024,-22.659308844468,-53.5827297240747,11.9442270196661,0.589726344905757,"sintetico_postestratificado",FALSE,0.363133256461078,"sintetico_postestratificado",FALSE,FALSE,FALSE,"28","011","Gómez Farías"
2025,-22.8224956285898,-49.528775636687,6.57302897466328,0.564930955660344,"sintetico_postestratificado",FALSE,0.336705999374446,"sintetico_postestratificado",FALSE,FALSE,FALSE,"28","012","González"
2026,-19.1671843132642,-39.9431796231134,4.82695643862305,0.514613926070222,"muestra_directa",FALSE,0.322942082937581,"muestra_directa",FALSE,TRUE,FALSE,"28","027","Nuevo Laredo"
2027,-22.0977563006485,-50.2630954266475,10.3395277741418,0.557160602737635,"sintetico_postestratificado",FALSE,0.336183039731149,"sintetico_postestratificado",FALSE,FALSE,FALSE,"28","013","Güémez"
2028,-22.5712522765104,-51.4551740832171,9.62594125841053,0.594606959845325,"sintetico_postestratificado",FALSE,0.368894437080221,"sintetico_postestratificado",FALSE,FALSE,FALSE,"28","004","Antiguo Morelos"
2029,-23.9347544787463,-51.9530863201994,6.87424437806642,0.561868777639696,"sintetico_postestratificado",FALSE,0.322521232852233,"sintetico_postestratificado",FALSE,FALSE,FALSE,"28","006","Bustamante"
2030,-19.5495009149813,-45.7592099176616,9.14228406036291,0.507956232553787,"muestra_directa",TRUE,0.312461223403974,"muestra_directa",TRUE,TRUE,TRUE,"28","016","Hidalgo"
2031,-22.736745802252,-51.1087040043949,7.62481102875331,0.594247552284518,"sintetico_postestratificado",FALSE,0.366880094261998,"sintetico_postestratificado",FALSE,FALSE,FALSE,"28","019","Llera"
2032,-16.9339743180027,-38.9352636763526,6.7512013278759,0.454489754392818,"muestra_directa",FALSE,0.285150011212791,"muestra_directa",FALSE,TRUE,FALSE,"28","017","Jaumave"
2033,-20.7521031878135,-50.926813125341,11.1313892518519,0.588622372640662,"sintetico_postestratificado",FALSE,0.381101340762527,"sintetico_postestratificado",FALSE,FALSE,FALSE,"28","020","Mainero"
2034,-20.4294170852736,-48.4319240747357,10.3781708725735,0.52134200461363,"sintetico_postestratificado",FALSE,0.317047833760894,"sintetico_postestratificado",FALSE,FALSE,FALSE,"28","008","Casas"
2035,-22.0640678297016,-52.8690859464658,10.9118679840231,0.574502331085196,"sintetico_postestratificado",FALSE,0.35386165278818,"sintetico_postestratificado",FALSE,FALSE,FALSE,"28","043","Xicoténcatl"
2036,-18.0637832828153,-49.2517377871247,13.791708410868,0.489319442410103,"sintetico_postestratificado",FALSE,0.30868160958195,"sintetico_postestratificado",FALSE,FALSE,FALSE,"28","042","Villagrán"
2037,-21.2458282529521,-50.7564097050971,9.67633006696201,0.550861006982321,"sintetico_postestratificado",FALSE,0.338402724452801,"sintetico_postestratificado",FALSE,FALSE,FALSE,"28","014","Guerrero"
2038,-33.2061537030206,-54.9055975334997,-8.39481493744498,0.69958297951057,"muestra_directa",TRUE,0.367521442480364,"muestra_directa",FALSE,TRUE,TRUE,"28","009","Ciudad Madero"
2039,-22.6392583221397,-51.4163546460425,9.28283385581234,0.533892990760515,"sintetico_postestratificado",FALSE,0.307500407539118,"sintetico_postestratificado",FALSE,FALSE,FALSE,"28","026","Miquihuana"
2040,-21.112859285734,-50.4446681685087,9.34836623548139,0.551375402115646,"sintetico_postestratificado",FALSE,0.340246809258306,"sintetico_postestratificado",FALSE,FALSE,FALSE,"28","001","Abasolo"
2041,-21.7339733519821,-51.7436357457053,12.1775436789778,0.573236703305602,"sintetico_postestratificado",FALSE,0.355896969785782,"sintetico_postestratificado",FALSE,FALSE,FALSE,"28","002","Aldama"
2042,-20.9414242851594,-44.1697316449967,3.09770630386361,0.593640909761859,"muestra_directa",FALSE,0.384226666910266,"muestra_directa",FALSE,TRUE,FALSE,"28","018","Jiménez"
2043,-24.1889441632082,-49.309773446968,4.80530259737857,0.63261210661462,"muestra_directa",TRUE,0.390722664982537,"muestra_directa",TRUE,TRUE,TRUE,"29","019","Tepetitla de Lardizábal"
2044,-25.0943931559467,-53.8054564276935,5.33089797341929,0.570127573158574,"sintetico_postestratificado",FALSE,0.319183641599107,"sintetico_postestratificado",FALSE,FALSE,FALSE,"29","045","Benito Juárez"
2045,-21.5698445076597,-51.3486144406329,7.90276225951875,0.549086625775996,"sintetico_postestratificado",FALSE,0.333388180699399,"sintetico_postestratificado",FALSE,FALSE,FALSE,"29","047","Lázaro Cárdenas"
2046,-29.642586731055,-50.6161425477291,-6.97846184398553,0.656284755460944,"muestra_directa",FALSE,0.359858888150394,"muestra_directa",FALSE,TRUE,FALSE,"29","033","Tlaxcala"
2047,-24.8660505705524,-53.1219778777514,5.04335816322578,0.55662631088494,"sintetico_postestratificado",FALSE,0.307965805179416,"sintetico_postestratificado",FALSE,FALSE,FALSE,"29","059","Santa Cruz Quilehtla"
2048,-31.4072025700469,-56.2166174384105,-5.3676128816227,0.628086798943217,"muestra_directa",TRUE,0.314014773242747,"muestra_directa",TRUE,TRUE,TRUE,"29","004","Atltzayanca"
2049,-24.908356218756,-52.5178772939966,4.47994543741665,0.56442957378886,"sintetico_postestratificado",FALSE,0.3153460116013,"sintetico_postestratificado",FALSE,FALSE,FALSE,"29","054","San Lorenzo Axocomanitla"
2050,-24.7036300662217,-53.9528263020881,6.94375095817608,0.577585422216066,"sintetico_postestratificado",FALSE,0.330549121553849,"sintetico_postestratificado",FALSE,FALSE,FALSE,"29","042","Xicohtzinco"
2051,-22.5163698128733,-48.536379175023,3.61612637153351,0.496891742769506,"muestra_directa",TRUE,0.271728044640773,"muestra_directa",TRUE,TRUE,TRUE,"29","044","Zacatelco"
2052,-24.5327694560533,-53.5934732832937,5.1189179306244,0.60256453673459,"sintetico_postestratificado",FALSE,0.357236842174057,"sintetico_postestratificado",FALSE,FALSE,FALSE,"29","053","San Juan Huactzinco"
2053,-26.5762113939106,-55.2112939928818,4.19230389870923,0.581282162544262,"sintetico_postestratificado",FALSE,0.315520048605156,"sintetico_postestratificado",FALSE,FALSE,FALSE,"29","008","Cuapiaxtla"
2054,-25.9985044643477,-53.9013114235489,3.45250255575514,0.576602675496565,"sintetico_postestratificado",FALSE,0.316617630853088,"sintetico_postestratificado",FALSE,FALSE,FALSE,"29","029","Tepeyanco"
2055,-24.914281280853,-53.4317709759227,5.60665466051469,0.582969358750699,"sintetico_postestratificado",FALSE,0.333826545942169,"sintetico_postestratificado",FALSE,FALSE,FALSE,"29","046","Emiliano Zapata"
2056,-27.9766977562048,-52.8734800481946,-4.0074190732724,0.592174845656642,"muestra_directa",TRUE,0.312407868094594,"muestra_directa",FALSE,TRUE,TRUE,"29","025","San Pablo del Monte"
2057,-29.3157396861222,-52.3983344608118,-4.44161869908573,0.661827864966302,"muestra_directa",TRUE,0.36867046810508,"muestra_directa",FALSE,TRUE,TRUE,"29","058","Santa Catarina Ayometla"
2058,-16.5721879348295,-38.8181544675673,6.1478915059003,0.481936189438979,"muestra_directa",FALSE,0.316214310090684,"muestra_directa",FALSE,TRUE,FALSE,"29","014","Hueyotlipan"
2059,-22.2249288076029,-47.0627936297165,3.52795610644891,0.600181169259471,"muestra_directa",TRUE,0.377931881183442,"muestra_directa",TRUE,TRUE,TRUE,"29","028","Teolocholco"
2060,-24.4236460487094,-52.2873797746748,4.48065768638601,0.537421804363651,"sintetico_postestratificado",FALSE,0.293185343876557,"sintetico_postestratificado",FALSE,FALSE,FALSE,"29","040","Xaltocan"
2061,-24.6219153864064,-53.4460568734267,7.29820057864346,0.556419622660992,"sintetico_postestratificado",FALSE,0.310200468796928,"sintetico_postestratificado",FALSE,FALSE,FALSE,"29","060","Santa Isabel Xiloxoxtla"
2062,-21.7387719180558,-45.5605856786287,3.73803957575144,0.598412336587915,"muestra_directa",TRUE,0.381024617407357,"muestra_directa",FALSE,TRUE,TRUE,"29","015","Ixtacuixtla de Mariano Matamoros"
2063,-24.4323127465659,-52.6554790381316,7.03899007360569,0.565777719554082,"sintetico_postestratificado",FALSE,0.321454592088423,"sintetico_postestratificado",FALSE,FALSE,FALSE,"29","057","Santa Apolonia Teacalco"
2064,-25.2563155753307,-54.528698882753,4.78468702953563,0.588617827036296,"sintetico_postestratificado",FALSE,0.33605467128299,"sintetico_postestratificado",FALSE,FALSE,FALSE,"29","056","Santa Ana Nopalucan"
2065,-23.7547627198304,-52.4221814889615,7.63300008942562,0.605352724298392,"sintetico_postestratificado",FALSE,0.367805097100089,"sintetico_postestratificado",FALSE,FALSE,FALSE,"29","051","San Jerónimo Zacualpan"
2066,-22.9328491749103,-48.2666822096046,6.97219068768115,0.575681793873675,"muestra_directa",TRUE,0.346353302124571,"muestra_directa",TRUE,TRUE,TRUE,"29","041","Papalotla de Xicohténcatl"
2067,-18.8700401224558,-43.4701576381738,9.24159629205433,0.541852293901135,"muestra_directa",TRUE,0.353151892676577,"muestra_directa",TRUE,TRUE,TRUE,"29","038","Tzompantepec"
2068,-14.0993489010929,-37.6443381952138,9.86203459906574,0.44370622467919,"muestra_directa",TRUE,0.302712735668261,"muestra_directa",FALSE,TRUE,TRUE,"29","023","Natívitas"
2069,-22.2627865150597,-50.8905188381036,7.9568362410259,0.559604000016706,"sintetico_postestratificado",FALSE,0.336976134866109,"sintetico_postestratificado",FALSE,FALSE,FALSE,"29","020","Sanctórum de Lázaro Cárdenas"
2070,-25.5190310434106,-57.372905967839,6.3987404677508,0.571493845426625,"sintetico_postestratificado",FALSE,0.316303534992519,"sintetico_postestratificado",FALSE,FALSE,FALSE,"29","017","Mazatecochco de José María Morelos"
2071,-24.9544115714066,-52.4874869327838,6.61065058126162,0.593940425513649,"sintetico_postestratificado",FALSE,0.344396309799584,"sintetico_postestratificado",FALSE,FALSE,FALSE,"29","022","Acuamanala de Miguel Hidalgo"
2072,-23.2399637542787,-48.5505862159447,5.60638514736823,0.555841948702425,"muestra_directa",TRUE,0.323442311159639,"muestra_directa",TRUE,TRUE,TRUE,"29","001","Amaxac de Guerrero"
2073,-28.5630578907406,-54.7334493239921,-0.320700495138884,0.604605069236917,"muestra_directa",TRUE,0.31897449032951,"muestra_directa",TRUE,TRUE,TRUE,"29","006","Calpulalpan"
2074,-22.9455827268579,-52.9559227568415,6.43627080639172,0.55193967609568,"sintetico_postestratificado",FALSE,0.322483848827101,"sintetico_postestratificado",FALSE,FALSE,FALSE,"29","016","Ixtenco"
2075,-25.101437258128,-53.2865297136657,5.61519303032636,0.582998275431374,"sintetico_postestratificado",FALSE,0.331983902850094,"sintetico_postestratificado",FALSE,FALSE,FALSE,"29","049","San Damián Texóloc"
2076,-22.534358829352,-44.1855405143549,-2.17668770104232,0.573239409353094,"muestra_directa",FALSE,0.347895821059574,"muestra_directa",FALSE,TRUE,FALSE,"29","043","Yauhquemehcan"
2077,-33.2490237314495,-50.8495003855837,-13.5427569898111,0.603201543912838,"muestra_directa",FALSE,0.270711306598343,"muestra_directa",FALSE,TRUE,FALSE,"29","013","Huamantla"
2078,-15.3174977406885,-38.7244117454336,6.95011582588966,0.392463287312226,"muestra_directa",TRUE,0.239288309905341,"muestra_directa",FALSE,TRUE,TRUE,"29","002","Apetatitlán de Antonio Carvajal"
2079,-24.8299476192407,-51.6044952860704,2.41142442219457,0.594101356193527,"muestra_directa",TRUE,0.34580188000112,"muestra_directa",TRUE,TRUE,TRUE,"29","005","Apizaco"
2080,-32.8909883924072,-54.4460767436012,-7.55833818468641,0.611085888086967,"muestra_directa",TRUE,0.282176004162894,"muestra_directa",FALSE,TRUE,TRUE,"29","018","Contla de Juan Cuamatzi"
2081,-28.2796388690999,-54.841190369149,1.54350957337061,0.616699331751379,"muestra_directa",TRUE,0.33390294306038,"muestra_directa",TRUE,TRUE,TRUE,"29","003","Atlangatepec"
2082,-22.1106594989971,-51.0600197588401,9.3097849331184,0.563791562102653,"sintetico_postestratificado",FALSE,0.342684967112683,"sintetico_postestratificado",FALSE,FALSE,FALSE,"29","011","Muñoz de Domingo Arenas"
2083,-22.918365764372,-52.968575978261,8.46468923400434,0.559596879107388,"sintetico_postestratificado",FALSE,0.330413221463668,"sintetico_postestratificado",FALSE,FALSE,FALSE,"29","009","Cuaxomulco"
2084,-26.496259485513,-53.9999075450741,4.43222328923321,0.56954888273488,"muestra_directa",TRUE,0.30458628787975,"muestra_directa",TRUE,TRUE,TRUE,"29","010","Chiautempan"
2085,-28.8385146571271,-49.7989272773237,-6.64393383685116,0.528042887135758,"muestra_directa",TRUE,0.239657740564487,"muestra_directa",FALSE,TRUE,TRUE,"29","007","El Carmen Tequexquitla"
2086,-24.3861900072615,-52.4508531346848,7.09739318298413,0.585539557547221,"sintetico_postestratificado",FALSE,0.341677657474606,"sintetico_postestratificado",FALSE,FALSE,FALSE,"29","021","Nanacamilpa de Mariano Arista"
2087,-24.4483164591992,-52.3807503218124,7.52045932185577,0.604961604232284,"sintetico_postestratificado",FALSE,0.360478439640292,"sintetico_postestratificado",FALSE,FALSE,FALSE,"29","012","Españita"
2088,-29.4963954076604,-50.1128369598301,-7.15835981354646,0.718842071298725,"muestra_directa",FALSE,0.423878117222122,"muestra_directa",FALSE,TRUE,FALSE,"29","031","Tetla de la Solidaridad"
2089,-24.1316227030812,-49.0063726645965,3.10377525232957,0.561153099496653,"muestra_directa",TRUE,0.319836872465841,"muestra_directa",TRUE,TRUE,TRUE,"29","032","Tetlatlahuca"
2090,-23.4163640557784,-52.1127437770528,8.51695211619572,0.540505033014616,"sintetico_postestratificado",FALSE,0.306341392456832,"sintetico_postestratificado",FALSE,FALSE,FALSE,"29","034","Tlaxco"
2091,-23.3265177758612,-52.7834138136316,7.37853072471948,0.595025231719251,"muestra_directa",TRUE,0.36176005396064,"muestra_directa",TRUE,TRUE,TRUE,"29","035","Tocatlán"
2092,-26.7901755526597,-53.8170748455784,8.9780301066054,0.602254358068483,"sintetico_postestratificado",FALSE,0.334352602541885,"sintetico_postestratificado",FALSE,FALSE,FALSE,"29","030","Terrenate"
2093,-25.206498188854,-53.6654059220168,6.86403627496768,0.606112183689553,"sintetico_postestratificado",FALSE,0.354047201801013,"sintetico_postestratificado",FALSE,FALSE,FALSE,"29","026","Santa Cruz Tlaxcala"
2094,-22.8518555979628,-51.9690013479048,6.99255743371279,0.579072059723631,"sintetico_postestratificado",FALSE,0.350553503744003,"sintetico_postestratificado",FALSE,FALSE,FALSE,"29","050","San Francisco Tetlanohcan"
2095,-23.5921345729555,-51.4485969900497,6.13961517921151,0.582428576734071,"sintetico_postestratificado",FALSE,0.346507231004516,"sintetico_postestratificado",FALSE,FALSE,FALSE,"29","052","San José Teacalco"
2096,-18.7132698416634,-45.1489115572044,8.59378796120098,0.438258952979718,"muestra_directa",TRUE,0.251126254563083,"muestra_directa",TRUE,TRUE,TRUE,"29","027","Tenancingo"
2097,-24.6576046053946,-52.6523722050115,5.40727049207526,0.575181384139484,"sintetico_postestratificado",FALSE,0.328605338085538,"sintetico_postestratificado",FALSE,FALSE,FALSE,"29","055","San Lucas Tecopilco"
2098,-23.5029559533442,-51.2628064355085,5.39805710298338,0.547154813918761,"sintetico_postestratificado",FALSE,0.312125254385318,"sintetico_postestratificado",FALSE,FALSE,FALSE,"29","024","Panotla"
2099,-24.9180224032251,-53.7306139196715,6.43043236903803,0.613027228364554,"sintetico_postestratificado",FALSE,0.363847004332303,"sintetico_postestratificado",FALSE,FALSE,FALSE,"29","037","Ziltlaltépec de Trinidad Sánchez Santos"
2100,-33.1162530758223,-56.8215072508164,-5.72861019654069,0.686927841125519,"muestra_directa",TRUE,0.355765310367296,"muestra_directa",FALSE,TRUE,TRUE,"29","048","La Magdalena Tlaltelulco"
2101,-21.152261434833,-46.1691406607955,7.24520529384965,0.474777555163269,"muestra_directa",TRUE,0.263254940814939,"muestra_directa",TRUE,TRUE,TRUE,"29","039","Xaloztoc"
2102,-26.7361847152951,-54.276501507755,4.85406382083907,0.607380573775264,"sintetico_postestratificado",FALSE,0.340018726622313,"sintetico_postestratificado",FALSE,FALSE,FALSE,"29","036","Totolac"
2103,-22.9446779677004,-50.2265236991619,8.60742178256646,0.521479702383471,"sintetico_postestratificado",FALSE,0.292032922706466,"sintetico_postestratificado",FALSE,FALSE,FALSE,"30","162","Tenampa"
2104,-19.9247576207619,-49.4681822671043,9.29004193361501,0.489163996668916,"sintetico_postestratificado",FALSE,0.289916420461297,"sintetico_postestratificado",FALSE,FALSE,FALSE,"30","169","José Azueta"
2105,-24.509483944196,-53.6688584305196,5.72905801573988,0.549932639460591,"sintetico_postestratificado",FALSE,0.304837800018631,"sintetico_postestratificado",FALSE,FALSE,FALSE,"30","185","Tlilapan"
2106,-26.6619150534901,-54.3620395576325,4.08969147874793,0.57710590959169,"sintetico_postestratificado",FALSE,0.310486759056788,"sintetico_postestratificado",FALSE,FALSE,FALSE,"30","187","Tonayán"
2107,-24.5570845563364,-53.3496959564039,6.83348950135332,0.578127437828661,"sintetico_postestratificado",FALSE,0.332556592265297,"sintetico_postestratificado",FALSE,FALSE,FALSE,"30","188","Totutla"
2108,-21.7402492775944,-51.0501885079236,9.9443135895608,0.550400481737562,"sintetico_postestratificado",FALSE,0.332997988961619,"sintetico_postestratificado",FALSE,FALSE,FALSE,"30","189","Tuxpan"
2109,-24.4484887245097,-52.3090628830694,6.58305910081061,0.582489860572892,"sintetico_postestratificado",FALSE,0.338004973327795,"sintetico_postestratificado",FALSE,FALSE,FALSE,"30","190","Tuxtilla"
2110,-23.2232615929082,-52.2644270237853,7.04671255712937,0.553359200025384,"sintetico_postestratificado",FALSE,0.321126584096302,"sintetico_postestratificado",FALSE,FALSE,FALSE,"30","078","Ixcatepec"
2111,-23.8328777532063,-52.3918403803096,7.7346833278857,0.56740023590313,"sintetico_postestratificado",FALSE,0.329071458371067,"sintetico_postestratificado",FALSE,FALSE,FALSE,"30","191","Ursulo Galván"
2112,-17.5223299256211,-41.5697982143109,8.06858200012073,0.498768901212958,"muestra_directa",TRUE,0.323545601956747,"muestra_directa",TRUE,TRUE,TRUE,"30","079","Ixhuacán de los Reyes"
2113,-33.1721186150727,-56.9520870140548,-7.20716412583192,0.661902950774325,"muestra_directa",TRUE,0.330181764623598,"muestra_directa",FALSE,TRUE,TRUE,"30","192","Vega de Alatorre"
2114,-24.5537611528528,-53.223002271566,7.25880291746526,0.586783142745876,"sintetico_postestratificado",FALSE,0.341245531217348,"sintetico_postestratificado",FALSE,FALSE,FALSE,"30","194","Villa Aldama"
2115,-25.8552404037025,-55.5090253526281,6.28704170043328,0.615631480975495,"sintetico_postestratificado",FALSE,0.35707907693847,"sintetico_postestratificado",FALSE,FALSE,FALSE,"30","031","Carrillo Puerto"
2116,-25.0835925650675,-52.8777424777115,4.94975674429245,0.580666965732518,"sintetico_postestratificado",FALSE,0.329831040081842,"sintetico_postestratificado",FALSE,FALSE,FALSE,"30","195","Xoxocotla"
2117,-25.3543003145855,-56.9701171364805,7.58166167268306,0.564126935167347,"sintetico_postestratificado",FALSE,0.310583932021492,"sintetico_postestratificado",FALSE,FALSE,FALSE,"30","199","Zaragoza"
2118,-28.5756947502417,-55.8923523923829,0.175824854154009,0.615004039881457,"muestra_directa",TRUE,0.32924709237904,"muestra_directa",TRUE,TRUE,TRUE,"30","206","Nanchital de Lázaro Cárdenas del Río"
2119,-22.948445659634,-54.3680575302376,6.32297258543729,0.519308612313205,"sintetico_postestratificado",FALSE,0.289824155716866,"sintetico_postestratificado",FALSE,FALSE,FALSE,"30","210","Uxpanapa"
2120,-25.4940979350429,-53.3398254744451,5.00346295188255,0.534847222906041,"sintetico_postestratificado",FALSE,0.279906243555612,"sintetico_postestratificado",FALSE,FALSE,FALSE,"30","211","San Rafael"
2121,-25.4992735328182,-53.6869093121353,5.99031769902399,0.571482027489289,"sintetico_postestratificado",FALSE,0.316489292161106,"sintetico_postestratificado",FALSE,FALSE,FALSE,"30","212","Santiago Sochiapan"
2122,-25.0489661633561,-53.0011343116915,5.38476751948052,0.557190070010672,"sintetico_postestratificado",FALSE,0.306700408377111,"sintetico_postestratificado",FALSE,FALSE,FALSE,"30","103","Mecatlán"
2123,-23.7140854846407,-46.3651318539669,-0.954496048423635,0.531556326154657,"muestra_directa",TRUE,0.29441547130825,"muestra_directa",FALSE,TRUE,TRUE,"30","141","San Andrés Tuxtla"
2124,-25.4050897098678,-55.08607284065,6.86473237325633,0.546639757200839,"sintetico_postestratificado",FALSE,0.292588860102162,"sintetico_postestratificado",FALSE,FALSE,FALSE,"30","140","San Andrés Tenejapan"
2125,-23.3356261550841,-51.0488933634024,6.81492976745326,0.539070258539594,"sintetico_postestratificado",FALSE,0.305713996988754,"sintetico_postestratificado",FALSE,FALSE,FALSE,"30","138","Río Blanco"
2126,-22.5058536905569,-51.6090046189142,10.1762488214006,0.549719436269661,"sintetico_postestratificado",FALSE,0.324660899364092,"sintetico_postestratificado",FALSE,FALSE,FALSE,"30","136","Rafael Lucio"
2127,-25.1606974627636,-50.462841431871,1.07005396600947,0.532155573859994,"muestra_directa",TRUE,0.280548599232358,"muestra_directa",TRUE,TRUE,TRUE,"30","131","Poza Rica de Hidalgo"
2128,-22.2764818513786,-51.0122432177836,8.54092553463179,0.5713520127994,"sintetico_postestratificado",FALSE,0.348587194285614,"sintetico_postestratificado",FALSE,FALSE,FALSE,"30","116","Oluta"
2129,-22.1778176089771,-50.4763814846065,7.28940168889952,0.534561655674349,"sintetico_postestratificado",FALSE,0.312783479584578,"sintetico_postestratificado",FALSE,FALSE,FALSE,"30","109","Misantla"
2130,-23.6763443994857,-55.0446245686717,8.6378612269844,0.558752833297273,"sintetico_postestratificado",FALSE,0.321989389302416,"sintetico_postestratificado",FALSE,FALSE,FALSE,"30","107","Las Minas"
2131,-23.6817219288157,-52.2985993282835,9.07724553718229,0.537011610024624,"sintetico_postestratificado",FALSE,0.300194390736467,"sintetico_postestratificado",FALSE,FALSE,FALSE,"30","203","Zozocolco de Hidalgo"
2132,-23.3783604641293,-54.1841934554955,7.73825741362628,0.57255525563602,"sintetico_postestratificado",FALSE,0.338771650994727,"sintetico_postestratificado",FALSE,FALSE,FALSE,"30","205","El Higo"
2133,-22.451962825468,-50.9772735595799,7.83169433089191,0.53709881185824,"sintetico_postestratificado",FALSE,0.31257918360356,"sintetico_postestratificado",FALSE,FALSE,FALSE,"30","071","Huatusco"
2134,-22.9170806467208,-50.0177497480256,4.93617316523703,0.554720955955787,"muestra_directa",TRUE,0.325550149488579,"muestra_directa",TRUE,TRUE,TRUE,"30","069","Gutiérrez Zamora"
2135,-25.0595263950169,-52.6168965351328,6.92939923936754,0.541402320573146,"sintetico_postestratificado",FALSE,0.290807056622977,"sintetico_postestratificado",FALSE,FALSE,FALSE,"30","098","Magdalena"
2136,-22.4318976441963,-50.7145860694127,10.0069683701889,0.553018295335799,"sintetico_postestratificado",FALSE,0.328699318893836,"sintetico_postestratificado",FALSE,FALSE,FALSE,"30","075","Ignacio de la Llave"
2137,-24.5888162937466,-53.9095231930158,5.33084817847461,0.569560486114111,"sintetico_postestratificado",FALSE,0.323672323176645,"sintetico_postestratificado",FALSE,FALSE,FALSE,"30","074","Huiloapan de Cuauhtémoc"
2138,-23.7697043347161,-50.9377590939784,4.70165799197156,0.560782477408047,"sintetico_postestratificado",FALSE,0.323085434060887,"sintetico_postestratificado",FALSE,FALSE,FALSE,"30","073","Hueyapan de Ocampo"
2139,-22.6135966292453,-52.2393742033015,7.67186461869447,0.576542550014256,"sintetico_postestratificado",FALSE,0.350406583721803,"sintetico_postestratificado",FALSE,FALSE,FALSE,"30","072","Huayacocotla"
2140,-21.6120457077582,-52.1441868848134,10.9771195688785,0.557490569310639,"sintetico_postestratificado",FALSE,0.341370112233057,"sintetico_postestratificado",FALSE,FALSE,FALSE,"30","149","Soteapan"
2141,-24.0390317275161,-54.1754665012756,7.55675357490355,0.570102356425872,"sintetico_postestratificado",FALSE,0.329712039150711,"sintetico_postestratificado",FALSE,FALSE,FALSE,"30","150","Tamalín"
2142,-22.8224411603591,-52.7486567248948,10.6893497028434,0.542403679287774,"sintetico_postestratificado",FALSE,0.314179267684183,"sintetico_postestratificado",FALSE,FALSE,FALSE,"30","148","Soledad de Doblado"
2143,-24.1343910024835,-51.4545717185858,5.75220021327907,0.537954305834027,"sintetico_postestratificado",FALSE,0.296610395809192,"sintetico_postestratificado",FALSE,FALSE,FALSE,"30","147","Soledad Atzompa"
2144,-21.7968804824107,-52.3347005806169,9.67372849943937,0.540742226205619,"sintetico_postestratificado",FALSE,0.322773421381512,"sintetico_postestratificado",FALSE,FALSE,FALSE,"30","146","Sochiapa"
2145,-21.1639035945765,-50.2714989756574,10.8958376369285,0.543509358953385,"sintetico_postestratificado",FALSE,0.33187032300762,"sintetico_postestratificado",FALSE,FALSE,FALSE,"30","145","Soconusco"
2146,-22.4029996950516,-50.1464450570832,7.52722320413549,0.53810524862659,"sintetico_postestratificado",FALSE,0.314075251676074,"sintetico_postestratificado",FALSE,FALSE,FALSE,"30","004","Actopan"
2147,-21.1702584031047,-50.5826828561225,9.92308748691853,0.5267901197834,"sintetico_postestratificado",FALSE,0.315087535752353,"sintetico_postestratificado",FALSE,FALSE,FALSE,"30","070","Hidalgotitlán"
2148,-22.2046414064433,-51.7210556000534,9.21675212942082,0.536420535369326,"sintetico_postestratificado",FALSE,0.314374121304893,"sintetico_postestratificado",FALSE,FALSE,FALSE,"30","068","Fortín"
2149,-24.8434796565687,-51.2933331891251,4.9232231427243,0.603615901551799,"sintetico_postestratificado",FALSE,0.355181104986112,"sintetico_postestratificado",FALSE,FALSE,FALSE,"30","067","Filomeno Mata"
2150,-24.2827720326483,-51.6938269862835,6.59370003885418,0.551685162297046,"sintetico_postestratificado",FALSE,0.308857441970564,"sintetico_postestratificado",FALSE,FALSE,FALSE,"30","066","Espinal"
2151,-23.1832616458972,-51.9010992515694,7.08321557770507,0.563986718605943,"sintetico_postestratificado",FALSE,0.332154102146971,"sintetico_postestratificado",FALSE,FALSE,FALSE,"30","065","Emiliano Zapata"
2152,-24.4102994734126,-52.6058358641778,5.57873129864332,0.594392639304336,"sintetico_postestratificado",FALSE,0.35028964457021,"sintetico_postestratificado",FALSE,FALSE,FALSE,"30","064","Chumatlán"
2153,-25.2913560273599,-52.2821555990962,6.63450421859637,0.566618534050513,"sintetico_postestratificado",FALSE,0.313704973776914,"sintetico_postestratificado",FALSE,FALSE,FALSE,"30","173","Tezonapa"
2154,-24.0850237779347,-55.2248961646738,10.6564944881185,0.579834633800909,"sintetico_postestratificado",FALSE,0.338984396021562,"sintetico_postestratificado",FALSE,FALSE,FALSE,"30","209","Tatahuicapan de Juárez"
2155,-19.9557392669882,-38.5902453118178,-1.55614684233237,0.444077304660646,"muestra_directa",FALSE,0.244519911990764,"muestra_directa",FALSE,TRUE,FALSE,"30","032","Catemaco"
2156,-23.3873786159442,-51.5142051540984,7.24745884430578,0.556562556358199,"sintetico_postestratificado",FALSE,0.322688770198757,"sintetico_postestratificado",FALSE,FALSE,FALSE,"30","040","Coatzintla"
2157,-23.7027446009102,-50.2587809891715,6.61960469667152,0.578060863208703,"muestra_directa",TRUE,0.341033417199601,"muestra_directa",TRUE,TRUE,TRUE,"30","039","Coatzacoalcos"
2158,-22.9393030197801,-51.6931401915907,7.4188069656854,0.555255011082762,"sintetico_postestratificado",FALSE,0.325861980884961,"sintetico_postestratificado",FALSE,FALSE,FALSE,"30","038","Coatepec"
2159,-24.2650512240806,-54.1841434002604,6.93142232735233,0.571148484236439,"sintetico_postestratificado",FALSE,0.328497971995634,"sintetico_postestratificado",FALSE,FALSE,FALSE,"30","037","Coahuitlán"
2160,-25.7442485453035,-54.7424776211985,6.39992492837288,0.594894883495635,"sintetico_postestratificado",FALSE,0.3374523980426,"sintetico_postestratificado",FALSE,FALSE,FALSE,"30","036","Coacoatzintla"
2161,-26.6530922278095,-53.4738318730287,2.85772956124452,0.578360833095148,"sintetico_postestratificado",FALSE,0.311829910817053,"sintetico_postestratificado",FALSE,FALSE,FALSE,"30","035","Citlaltépetl"
2162,-24.0827455343183,-50.7724651799845,6.60482733421057,0.594787179576137,"sintetico_postestratificado",FALSE,0.353959724232954,"sintetico_postestratificado",FALSE,FALSE,FALSE,"30","034","Cerro Azul"
2163,-22.1138310893878,-45.3322524526382,3.90269493255877,0.490698975173113,"muestra_directa",TRUE,0.269560664279235,"muestra_directa",FALSE,TRUE,TRUE,"30","033","Cazones de Herrera"
2164,-23.5594863735032,-54.2613886854013,9.1807831236522,0.580626807005989,"sintetico_postestratificado",FALSE,0.345031943270957,"sintetico_postestratificado",FALSE,FALSE,FALSE,"30","030","Camerino Z. Mendoza"
2165,-20.8429476423005,-48.8606982584289,8.93315796532349,0.520025764679977,"sintetico_postestratificado",FALSE,0.311596288256972,"sintetico_postestratificado",FALSE,FALSE,FALSE,"30","029","Calcahualco"
2166,-24.6379890466449,-51.4625465721719,4.66428821814401,0.654243745001761,"muestra_directa",TRUE,0.407863854535312,"muestra_directa",TRUE,TRUE,TRUE,"30","028","Boca del Río"
2167,-21.7471493933334,-49.7713191013083,9.03035135409008,0.539517905390439,"sintetico_postestratificado",FALSE,0.322046411457105,"sintetico_postestratificado",FALSE,FALSE,FALSE,"30","027","Benito Juárez"
2168,-22.1543986019384,-49.5628610320875,4.8103995588283,0.507618372318409,"muestra_directa",TRUE,0.286074386299024,"muestra_directa",TRUE,TRUE,TRUE,"30","026","Banderilla"
2169,-19.4444455236817,-43.9198735983996,5.97077724606415,0.575301873566623,"muestra_directa",TRUE,0.380857418329807,"muestra_directa",TRUE,TRUE,TRUE,"30","025","Ayahualulco"
2170,-23.3839026571874,-51.7928929928589,7.10314907126215,0.538169043246803,"sintetico_postestratificado",FALSE,0.304330016674928,"sintetico_postestratificado",FALSE,FALSE,FALSE,"30","024","Tlaltetela"
2171,-23.3514986295993,-54.3253156198147,8.3497394344143,0.556540985782614,"sintetico_postestratificado",FALSE,0.323025999486621,"sintetico_postestratificado",FALSE,FALSE,FALSE,"30","023","Atzalan"
2172,-24.2672520055937,-52.3658660034209,6.14452028603281,0.534579801686779,"sintetico_postestratificado",FALSE,0.291907281630842,"sintetico_postestratificado",FALSE,FALSE,FALSE,"30","022","Atzacan"
2173,-25.3738338832514,-52.538520968053,5.62132817142137,0.57243645333424,"sintetico_postestratificado",FALSE,0.318698114501726,"sintetico_postestratificado",FALSE,FALSE,FALSE,"30","168","Tequila"
2174,-25.4268701473448,-53.4544963310618,6.50490615696662,0.611558960020571,"sintetico_postestratificado",FALSE,0.357290258547123,"sintetico_postestratificado",FALSE,FALSE,FALSE,"30","166","Tepetlán"
2175,-24.4405243186119,-51.2982654208295,7.02885412984595,0.550062444576936,"sintetico_postestratificado",FALSE,0.305657201390817,"sintetico_postestratificado",FALSE,FALSE,FALSE,"30","165","Tepatlaxco"
2176,-24.4244667618768,-51.7139470164142,6.28117392734874,0.554578381889723,"sintetico_postestratificado",FALSE,0.310333714270955,"sintetico_postestratificado",FALSE,FALSE,FALSE,"30","164","Teocelo"
2177,-24.1525747864997,-52.8953494141902,5.77704322314611,0.530697081555209,"sintetico_postestratificado",FALSE,0.289171333690212,"sintetico_postestratificado",FALSE,FALSE,FALSE,"30","126","Paso de Ovejas"
2178,-24.0159193196597,-51.6226140903208,5.39690872592953,0.561470564481541,"sintetico_postestratificado",FALSE,0.321311371284944,"sintetico_postestratificado",FALSE,FALSE,FALSE,"30","050","Coxquihui"
2179,-23.6430589698692,-52.9566432247404,7.95889473218217,0.562529980296326,"sintetico_postestratificado",FALSE,0.326099390597634,"sintetico_postestratificado",FALSE,FALSE,FALSE,"30","046","Cosautlán de Carvajal"
2180,-23.1332913035918,-51.03127034593,5.71755809696881,0.56552962341052,"sintetico_postestratificado",FALSE,0.334196710374602,"sintetico_postestratificado",FALSE,FALSE,FALSE,"30","021","Atoyac"
2181,-22.6283280352664,-49.7137469256129,5.96306952157406,0.561657874399885,"sintetico_postestratificado",FALSE,0.335374594047222,"sintetico_postestratificado",FALSE,FALSE,FALSE,"30","128","Perote"
2182,-22.1142194249847,-48.3376070789524,7.06918194024146,0.529047297985758,"sintetico_postestratificado",FALSE,0.307905103735911,"sintetico_postestratificado",FALSE,FALSE,FALSE,"30","020","Atlahuilco"
2183,-24.7633022174473,-53.8297965236172,6.75690917099791,0.556467510408754,"sintetico_postestratificado",FALSE,0.308834488234282,"sintetico_postestratificado",FALSE,FALSE,FALSE,"30","101","Mariano Escobedo"
2184,-25.329643865452,-54.591648083283,4.10772879549471,0.526444614138013,"sintetico_postestratificado",FALSE,0.273148175483493,"sintetico_postestratificado",FALSE,FALSE,FALSE,"30","018","Aquila"
2185,-24.452095206945,-53.7675885574454,5.37555159809105,0.563785635272792,"sintetico_postestratificado",FALSE,0.319264683203342,"sintetico_postestratificado",FALSE,FALSE,FALSE,"30","009","Alto Lucero de Gutiérrez Barrios"
2186,-24.5402040916914,-52.7675275113225,7.28627577874901,0.58136904420823,"sintetico_postestratificado",FALSE,0.335967003291316,"sintetico_postestratificado",FALSE,FALSE,FALSE,"30","112","Naolinco"
2187,-24.2488134601804,-49.1232931667183,3.81408288519218,0.554618620971633,"muestra_directa",TRUE,0.312130486369829,"muestra_directa",TRUE,TRUE,TRUE,"30","008","Alpatláhuac"
2188,-24.0235836504553,-53.9570249765374,10.0444737493003,0.56790013374462,"sintetico_postestratificado",FALSE,0.327664297240067,"sintetico_postestratificado",FALSE,FALSE,FALSE,"30","007","Camarón de Tejeda"
2189,-26.0684758208159,-53.0305645789452,5.961124665014,0.556807548097695,"sintetico_postestratificado",FALSE,0.296122789889537,"sintetico_postestratificado",FALSE,FALSE,FALSE,"30","006","Acultzingo"
2190,-24.6266355577729,-51.9043996938071,8.61166855329562,0.557945625292509,"sintetico_postestratificado",FALSE,0.31167926971478,"sintetico_postestratificado",FALSE,FALSE,FALSE,"30","111","Moloacán"
2191,-24.4349553640664,-51.9045210464827,6.42339120625991,0.573725137764075,"sintetico_postestratificado",FALSE,0.32937558412341,"sintetico_postestratificado",FALSE,FALSE,FALSE,"30","110","Mixtla de Altamirano"
2192,-24.9599076353258,-53.2212648382431,8.63010198606808,0.567638004016473,"sintetico_postestratificado",FALSE,0.318038927663215,"sintetico_postestratificado",FALSE,FALSE,FALSE,"30","005","Acula"
2193,-23.9741295563293,-52.907613095438,5.55249943085666,0.569137239046696,"sintetico_postestratificado",FALSE,0.329395943483404,"sintetico_postestratificado",FALSE,FALSE,FALSE,"30","051","Coyutla"
2194,-24.2162674894918,-52.4275728642129,7.65323712948523,0.578863727025632,"sintetico_postestratificado",FALSE,0.336701052130714,"sintetico_postestratificado",FALSE,FALSE,FALSE,"30","045","Cosamaloapan de Carpio"
2195,-23.3572645155842,-51.662765019026,7.92069149806249,0.582614630170159,"sintetico_postestratificado",FALSE,0.349041985014318,"sintetico_postestratificado",FALSE,FALSE,FALSE,"30","013","Naranjos Amatlán"
2196,-24.6179359540873,-52.2743129919687,6.92380698449027,0.558686213387931,"sintetico_postestratificado",FALSE,0.312506853847058,"sintetico_postestratificado",FALSE,FALSE,FALSE,"30","014","Amatlán de los Reyes"
2197,-25.556941106182,-56.4876057634826,5.96723250737575,0.586165429132596,"sintetico_postestratificado",FALSE,0.330596018070776,"sintetico_postestratificado",FALSE,FALSE,FALSE,"30","002","Acatlán"
2198,-25.6310322949514,-56.5849249256953,5.28891751615813,0.531987782437686,"sintetico_postestratificado",FALSE,0.275677459488172,"sintetico_postestratificado",FALSE,FALSE,FALSE,"30","001","Acajete"
2199,-24.4446156722087,-52.2296171449056,6.72446679515412,0.54647362073473,"sintetico_postestratificado",FALSE,0.302027464012643,"sintetico_postestratificado",FALSE,FALSE,FALSE,"30","003","Acayucan"
2200,-24.1783693263379,-52.8697695036819,7.14159421250986,0.571350472767762,"sintetico_postestratificado",FALSE,0.329566779504384,"sintetico_postestratificado",FALSE,FALSE,FALSE,"30","120","Oteapan"
2201,-25.2770730120226,-52.8492676620281,5.22918612709954,0.606587390651551,"sintetico_postestratificado",FALSE,0.353816660531324,"sintetico_postestratificado",FALSE,FALSE,FALSE,"30","127","La Perla"
2202,-21.8949645826923,-47.5577094778669,5.34261334728917,0.605838459133809,"muestra_directa",TRUE,0.386888813306886,"muestra_directa",TRUE,TRUE,TRUE,"30","048","Cosoleacaque"
2203,-25.4022297526211,-51.4527532423063,5.94657394165812,0.581514038166022,"sintetico_postestratificado",FALSE,0.32749174063981,"sintetico_postestratificado",FALSE,FALSE,FALSE,"30","059","Chinameca"
2204,-25.2674453132011,-52.8256660379765,5.85064710543135,0.556806820811376,"sintetico_postestratificado",FALSE,0.304132367679365,"sintetico_postestratificado",FALSE,FALSE,FALSE,"30","100","Manlio Fabio Altamirano"
2205,-28.7158671381376,-52.3103094275209,-3.67320083276897,0.523391114363331,"muestra_directa",TRUE,0.236232442981955,"muestra_directa",FALSE,TRUE,TRUE,"30","087","Xalapa"
2206,-24.0598583479541,-51.5371920522708,6.24881563518173,0.551895867171717,"sintetico_postestratificado",FALSE,0.311297283692176,"sintetico_postestratificado",FALSE,FALSE,FALSE,"30","097","Lerdo de Tejada"
2207,-24.8629808656892,-53.0442120683712,6.3428801671533,0.557287040769979,"sintetico_postestratificado",FALSE,0.308657232113086,"sintetico_postestratificado",FALSE,FALSE,FALSE,"30","010","Altotonga"
2208,-23.4528774148087,-50.5153387647493,7.15427720899542,0.55849584864646,"sintetico_postestratificado",FALSE,0.323967074498373,"sintetico_postestratificado",FALSE,FALSE,FALSE,"30","108","Minatitlán"
2209,-23.5705411739034,-53.2596295317004,10.31145500146,0.54675205423824,"sintetico_postestratificado",FALSE,0.311046642499206,"sintetico_postestratificado",FALSE,FALSE,FALSE,"30","011","Alvarado"
2210,-23.2452745523144,-51.902722934234,7.90875439110159,0.590808989308399,"sintetico_postestratificado",FALSE,0.358356243785254,"sintetico_postestratificado",FALSE,FALSE,FALSE,"30","012","Amatitlán"
2211,-23.7545630236415,-52.1201175562318,7.26471713503887,0.572915077151492,"sintetico_postestratificado",FALSE,0.335369446915077,"sintetico_postestratificado",FALSE,FALSE,FALSE,"30","015","Angel R. Cabada"
2212,-24.9229782030952,-52.6734386980625,4.9707607625269,0.544720049488378,"sintetico_postestratificado",FALSE,0.295490267457426,"sintetico_postestratificado",FALSE,FALSE,FALSE,"30","016","La Antigua"
2213,-26.6381623084234,-55.8960295400447,7.27769000685275,0.576032656875641,"sintetico_postestratificado",FALSE,0.309651033791406,"sintetico_postestratificado",FALSE,FALSE,FALSE,"30","017","Apazapan"
2214,-25.451412099013,-47.9746494393974,-3.14243044971566,0.622065470294704,"muestra_directa",TRUE,0.367551349304575,"muestra_directa",FALSE,TRUE,TRUE,"30","117","Omealca"
2215,-25.9814994107185,-53.6936310637475,1.91276049291341,0.561714840356786,"sintetico_postestratificado",FALSE,0.301899846249601,"sintetico_postestratificado",FALSE,FALSE,FALSE,"30","113","Naranjal"
2216,-23.1395000277244,-52.4933067395206,8.15812175472228,0.578251191438137,"sintetico_postestratificado",FALSE,0.346856191160893,"sintetico_postestratificado",FALSE,FALSE,FALSE,"30","114","Nautla"
2217,-25.252549529543,-53.5774104300465,6.09993736942994,0.559725265474059,"sintetico_postestratificado",FALSE,0.307199770178629,"sintetico_postestratificado",FALSE,FALSE,FALSE,"30","115","Nogales"
2218,-26.8142189379583,-53.7293733543985,3.35551089792749,0.551069775605295,"sintetico_postestratificado",FALSE,0.282927586225713,"sintetico_postestratificado",FALSE,FALSE,FALSE,"30","163","Tenochtitlán"
2219,-25.1005682269514,-53.5290033858951,8.85493055731084,0.546863944937233,"sintetico_postestratificado",FALSE,0.295858262667719,"sintetico_postestratificado",FALSE,FALSE,FALSE,"30","019","Astacinga"
2220,-24.3629130182898,-54.7958552680171,6.58807637493996,0.566084092393052,"sintetico_postestratificado",FALSE,0.322454962210154,"sintetico_postestratificado",FALSE,FALSE,FALSE,"30","042","Colipa"
2221,-24.6558114437746,-53.0659366215638,8.97252097219087,0.587171586798624,"sintetico_postestratificado",FALSE,0.340613472360878,"sintetico_postestratificado",FALSE,FALSE,FALSE,"30","043","Comapa"
2222,-22.1549478433453,-48.6089557282846,7.03045748982243,0.532872650258718,"muestra_directa",TRUE,0.311323171825265,"muestra_directa",TRUE,TRUE,TRUE,"30","044","Córdoba"
2223,-25.1977707344645,-51.5538622224198,3.87717647445736,0.564668984244734,"sintetico_postestratificado",FALSE,0.312691276900089,"sintetico_postestratificado",FALSE,FALSE,FALSE,"30","047","Coscomatepec"
2224,-23.7615415751695,-53.0973433217225,6.68683962156649,0.576436840122064,"sintetico_postestratificado",FALSE,0.338821424370369,"sintetico_postestratificado",FALSE,FALSE,FALSE,"30","049","Cotaxtla"
2225,-23.7391307621771,-51.818583943885,7.42146321396138,0.56227736759565,"sintetico_postestratificado",FALSE,0.324886059973879,"sintetico_postestratificado",FALSE,FALSE,FALSE,"30","052","Cuichapa"
2226,-23.0489237530184,-49.5712175211242,8.01923247120156,0.5538445367109,"sintetico_postestratificado",FALSE,0.323355299180716,"sintetico_postestratificado",FALSE,FALSE,FALSE,"30","099","Maltrata"
2227,-28.9110544912706,-52.5354591946685,-4.31136454012381,0.598973899308866,"muestra_directa",TRUE,0.30986335439616,"muestra_directa",FALSE,TRUE,TRUE,"30","105","Medellín de Bravo"
2228,-20.9903423625929,-48.9033495421254,8.15842052452177,0.532186408135697,"sintetico_postestratificado",FALSE,0.322282984509768,"sintetico_postestratificado",FALSE,FALSE,FALSE,"30","184","Tlaquilpa"
2229,-26.1336771889714,-51.3272153252926,2.73183671623907,0.551494232799378,"muestra_directa",TRUE,0.290157460909664,"muestra_directa",TRUE,TRUE,TRUE,"30","175","Tihuatlán"
2230,-22.3401823463776,-52.0658182090453,10.0210316351231,0.520522102017606,"sintetico_postestratificado",FALSE,0.297120278553831,"sintetico_postestratificado",FALSE,FALSE,FALSE,"30","178","Tlacotalpan"
2231,-21.2675835340739,-51.0254764851115,9.2968619395622,0.543815150858334,"sintetico_postestratificado",FALSE,0.331139315517595,"sintetico_postestratificado",FALSE,FALSE,FALSE,"30","180","Tlachichilco"
2232,-23.1302597494851,-51.1093218422141,7.62613402732535,0.569025859916637,"sintetico_postestratificado",FALSE,0.337723262421786,"sintetico_postestratificado",FALSE,FALSE,FALSE,"30","137","Los Reyes"
2233,-22.3373187560675,-46.4065502452562,3.08020451458189,0.573114626939863,"muestra_directa",TRUE,0.349741439379188,"muestra_directa",TRUE,TRUE,TRUE,"30","196","Yanga"
2234,-22.0792066243174,-51.452373974553,9.44495232304024,0.555006248439223,"sintetico_postestratificado",FALSE,0.334214182196049,"sintetico_postestratificado",FALSE,FALSE,FALSE,"30","197","Yecuatla"
2235,-21.9929506520129,-52.0510396503395,10.2940765562921,0.544058327487266,"sintetico_postestratificado",FALSE,0.324128820967138,"sintetico_postestratificado",FALSE,FALSE,FALSE,"30","198","Zacualpan"
2236,-22.7877282868735,-52.7433242938042,6.56229625938516,0.534755795128402,"sintetico_postestratificado",FALSE,0.306878512259666,"sintetico_postestratificado",FALSE,FALSE,FALSE,"30","139","Saltabarranca"
2237,-22.2316742340687,-51.3399751947447,7.52818864263978,0.548357133335729,"sintetico_postestratificado",FALSE,0.326040390995041,"sintetico_postestratificado",FALSE,FALSE,FALSE,"30","186","Tomatlán"
2238,-23.3289289769325,-55.0502114240506,8.44484222394308,0.536732635588591,"sintetico_postestratificado",FALSE,0.303443345819266,"sintetico_postestratificado",FALSE,FALSE,FALSE,"30","200","Zentla"
2239,-21.1423289613863,-51.1807365369935,9.54916372350258,0.53975222474372,"sintetico_postestratificado",FALSE,0.328328935129856,"sintetico_postestratificado",FALSE,FALSE,FALSE,"30","202","Zontecomatlán de López y Fuentes"
2240,-21.6695134057396,-49.0355452805352,10.2417261085162,0.547634161626348,"sintetico_postestratificado",FALSE,0.330939027568952,"sintetico_postestratificado",FALSE,FALSE,FALSE,"30","204","Agua Dulce"
2241,-22.4585708931734,-50.5490239611802,8.44085088821144,0.54415582188396,"sintetico_postestratificado",FALSE,0.319570112952226,"sintetico_postestratificado",FALSE,FALSE,FALSE,"30","207","Tres Valles"
2242,-23.3081864985718,-51.7415390356513,8.74569972650617,0.55735415056726,"sintetico_postestratificado",FALSE,0.324272285581542,"sintetico_postestratificado",FALSE,FALSE,FALSE,"30","208","Carlos A. Carrillo"
2243,-20.178805681125,-42.1372082757795,4.83182448034354,0.511844138819228,"muestra_directa",TRUE,0.310056082007977,"muestra_directa",TRUE,TRUE,TRUE,"30","201","Zongolica"
2244,-25.3702616899659,-53.7402595472378,4.04435569909323,0.558237886588458,"sintetico_postestratificado",FALSE,0.304535269688799,"sintetico_postestratificado",FALSE,FALSE,FALSE,"30","181","Tlalixcoyan"
2245,-24.7986182598336,-52.8320173433462,8.00337550864953,0.58795871490275,"sintetico_postestratificado",FALSE,0.339972532304413,"sintetico_postestratificado",FALSE,FALSE,FALSE,"30","182","Tlalnelhuayocan"
2246,-25.3538653672092,-53.4673978928601,4.6758911862033,0.583192098984018,"sintetico_postestratificado",FALSE,0.329653445311926,"sintetico_postestratificado",FALSE,FALSE,FALSE,"30","183","Tlapacoyan"
2247,-23.8219932090023,-53.3197788945746,9.92107248257691,0.578417794546018,"sintetico_postestratificado",FALSE,0.340197862455995,"sintetico_postestratificado",FALSE,FALSE,FALSE,"30","076","Ilamatlán"
2248,-24.7889641398308,-51.9496106164653,5.35388868932675,0.572825348666286,"sintetico_postestratificado",FALSE,0.324935707267978,"sintetico_postestratificado",FALSE,FALSE,FALSE,"30","077","Isla"
2249,-25.7777101315431,-53.5209789575218,4.14448125600243,0.580691192620912,"sintetico_postestratificado",FALSE,0.322914091305481,"sintetico_postestratificado",FALSE,FALSE,FALSE,"30","080","Ixhuatlán del Café"
2250,-28.8108297206799,-56.0753826140519,0.549745807776574,0.568350492461666,"muestra_directa",TRUE,0.280242195254867,"muestra_directa",TRUE,TRUE,TRUE,"30","081","Ixhuatlancillo"
2251,-23.9967813213972,-51.8778216734338,4.71107276734474,0.551454411069207,"sintetico_postestratificado",FALSE,0.311486597855235,"sintetico_postestratificado",FALSE,FALSE,FALSE,"30","082","Ixhuatlán del Sureste"
2252,-25.3062744901587,-55.2262956555631,5.708837659962,0.556129755565996,"sintetico_postestratificado",FALSE,0.303067010664409,"sintetico_postestratificado",FALSE,FALSE,FALSE,"30","083","Ixhuatlán de Madero"
2253,-21.2518845537741,-50.4584546217374,9.14200476159105,0.514110390883625,"sintetico_postestratificado",FALSE,0.301591545345884,"sintetico_postestratificado",FALSE,FALSE,FALSE,"30","084","Ixmatlahuacan"
2254,-24.0312198963217,-52.4170888471112,7.06216450098856,0.530710190117748,"sintetico_postestratificado",FALSE,0.290397991154531,"sintetico_postestratificado",FALSE,FALSE,FALSE,"30","085","Ixtaczoquitlán"
2255,-21.883383931537,-49.1689807341544,10.9384102112099,0.535584997279151,"sintetico_postestratificado",FALSE,0.316751157963781,"sintetico_postestratificado",FALSE,FALSE,FALSE,"30","086","Jalacingo"
2256,-22.1001944799675,-52.9046951391325,10.1419719958044,0.522701580163444,"sintetico_postestratificado",FALSE,0.301699635363769,"sintetico_postestratificado",FALSE,FALSE,FALSE,"30","088","Jalcomulco"
2257,-21.6707012972524,-50.4312501584668,8.24876891945068,0.534662380315951,"sintetico_postestratificado",FALSE,0.317955367343427,"sintetico_postestratificado",FALSE,FALSE,FALSE,"30","089","Jáltipan"
2258,-22.8720067805059,-52.8926107262028,8.43913353076386,0.559267097156405,"sintetico_postestratificado",FALSE,0.330547029351346,"sintetico_postestratificado",FALSE,FALSE,FALSE,"30","090","Jamapa"
2259,-21.6828942408089,-50.2929923167287,7.9205519700813,0.510473419891539,"sintetico_postestratificado",FALSE,0.293644477483451,"sintetico_postestratificado",FALSE,FALSE,FALSE,"30","091","Jesús Carranza"
2260,-22.6891066140059,-50.758843323649,8.45930875914655,0.5322475257879,"sintetico_postestratificado",FALSE,0.305356459647841,"sintetico_postestratificado",FALSE,FALSE,FALSE,"30","092","Xico"
2261,-21.7925923565477,-51.0885788842658,7.41833322636336,0.50571279666416,"sintetico_postestratificado",FALSE,0.287786873098683,"sintetico_postestratificado",FALSE,FALSE,FALSE,"30","041","Coetzala"
2262,-21.8307820176112,-49.9362938996067,8.75903639510887,0.547848315925853,"sintetico_postestratificado",FALSE,0.329540495749741,"sintetico_postestratificado",FALSE,FALSE,FALSE,"30","053","Cuitláhuac"
2263,-22.1305461187347,-52.3172281773459,9.66047781966048,0.546521339613936,"sintetico_postestratificado",FALSE,0.325215878426589,"sintetico_postestratificado",FALSE,FALSE,FALSE,"30","054","Chacaltianguis"
2264,-21.884066976054,-51.1999178604542,7.04793053723934,0.540988372555499,"sintetico_postestratificado",FALSE,0.322147702794959,"sintetico_postestratificado",FALSE,FALSE,FALSE,"30","055","Chalma"
2265,-21.9998494055194,-51.3145429779899,11.5340716934468,0.558489425759152,"sintetico_postestratificado",FALSE,0.338490931703957,"sintetico_postestratificado",FALSE,FALSE,FALSE,"30","056","Chiconamel"
2266,-22.0889058035505,-52.8415411728919,8.34923536706451,0.519904421902058,"sintetico_postestratificado",FALSE,0.299015363866553,"sintetico_postestratificado",FALSE,FALSE,FALSE,"30","057","Chiconquiaco"
2267,-22.3974582090257,-51.6564161486433,8.67511564236967,0.524219549401254,"sintetico_postestratificado",FALSE,0.300244967310997,"sintetico_postestratificado",FALSE,FALSE,FALSE,"30","058","Chicontepec"
2268,-22.3608649194785,-50.9615992439462,7.59133584392266,0.550136471034227,"sintetico_postestratificado",FALSE,0.326527821839442,"sintetico_postestratificado",FALSE,FALSE,FALSE,"30","060","Chinampa de Gorostiza"
2269,-21.8717295878576,-50.1267665756993,9.15130523019034,0.520172613300866,"sintetico_postestratificado",FALSE,0.30145531742229,"sintetico_postestratificado",FALSE,FALSE,FALSE,"30","061","Las Choapas"
2270,-23.9640735182218,-51.4918503231204,7.88988785815252,0.552264608129898,"sintetico_postestratificado",FALSE,0.31262387294768,"sintetico_postestratificado",FALSE,FALSE,FALSE,"30","062","Chocamán"
2271,-21.5185755865171,-50.8495479038797,10.2743819020901,0.519809701095137,"sintetico_postestratificado",FALSE,0.304623945229966,"sintetico_postestratificado",FALSE,FALSE,FALSE,"30","063","Chontla"
2272,-21.9653575304713,-50.625219307975,10.196024270035,0.547718543781636,"sintetico_postestratificado",FALSE,0.328064968476923,"sintetico_postestratificado",FALSE,FALSE,FALSE,"30","093","Jilotepec"
2273,-23.2356396725733,-50.7371620754149,6.93748066117053,0.532872345915774,"sintetico_postestratificado",FALSE,0.300515949190042,"sintetico_postestratificado",FALSE,FALSE,FALSE,"30","094","Juan Rodríguez Clara"
2274,-22.7832569855223,-53.8598200474467,6.94675252778185,0.534441166478595,"sintetico_postestratificado",FALSE,0.306608596623372,"sintetico_postestratificado",FALSE,FALSE,FALSE,"30","095","Juchique de Ferrer"
2275,-21.0960957764892,-51.4665731718998,10.3216722414265,0.546489992710976,"sintetico_postestratificado",FALSE,0.335529034946084,"sintetico_postestratificado",FALSE,FALSE,FALSE,"30","096","Landero y Coss"
2276,-23.055776705345,-51.9642476065495,7.50113469020994,0.559466855116464,"sintetico_postestratificado",FALSE,0.328909088063013,"sintetico_postestratificado",FALSE,FALSE,FALSE,"30","104","Mecayapan"
2277,-21.870548375305,-47.6103025119515,6.18876876056391,0.597203211752484,"muestra_directa",TRUE,0.378497727999434,"muestra_directa",TRUE,TRUE,TRUE,"30","118","Orizaba"
2278,-23.5159893025207,-52.7695898723348,7.52651097687985,0.562711181586623,"sintetico_postestratificado",FALSE,0.327551288561416,"sintetico_postestratificado",FALSE,FALSE,FALSE,"30","119","Otatitlán"
2279,-22.4541551509441,-51.0853841008584,6.89250513199713,0.568921896757117,"sintetico_postestratificado",FALSE,0.344380345247676,"sintetico_postestratificado",FALSE,FALSE,FALSE,"30","121","Ozuluama de Mascareñas"
2280,-23.2622567977488,-43.9625577283436,-2.67726865156085,0.667464733137788,"muestra_directa",FALSE,0.4348421651603,"muestra_directa",FALSE,TRUE,FALSE,"30","123","Pánuco"
2281,-22.3057418811736,-45.7274586604253,4.11348719443955,0.58793156689783,"muestra_directa",TRUE,0.364874148086093,"muestra_directa",TRUE,TRUE,TRUE,"30","124","Papantla"
2282,-25.4299822017235,-52.8190963108712,5.13961844265137,0.582768039199763,"sintetico_postestratificado",FALSE,0.328468217182528,"sintetico_postestratificado",FALSE,FALSE,FALSE,"30","125","Paso del Macho"
2283,-25.3481988875174,-52.8321631642013,3.51819144334392,0.589061273929357,"sintetico_postestratificado",FALSE,0.335579285054183,"sintetico_postestratificado",FALSE,FALSE,FALSE,"30","129","Platón Sánchez"
2284,-25.950131871241,-55.6476796284858,3.83806191359734,0.580454029937633,"sintetico_postestratificado",FALSE,0.320952711225223,"sintetico_postestratificado",FALSE,FALSE,FALSE,"30","130","Playa Vicente"
2285,-26.2383947552403,-53.2922909921514,4.27269812104775,0.596426632486996,"sintetico_postestratificado",FALSE,0.334042684934594,"sintetico_postestratificado",FALSE,FALSE,FALSE,"30","122","Pajapan"
2286,-23.802279690567,-51.906073458396,6.17365580631773,0.528441966633538,"sintetico_postestratificado",FALSE,0.290419169727868,"sintetico_postestratificado",FALSE,FALSE,FALSE,"30","132","Las Vigas de Ramírez"
2287,-21.5629495057551,-51.4260835129778,11.3928506161388,0.559432882519806,"sintetico_postestratificado",FALSE,0.343803387462255,"sintetico_postestratificado",FALSE,FALSE,FALSE,"30","133","Pueblo Viejo"
2288,-19.3957546432102,-45.393024088349,8.86021443988496,0.529988372585549,"muestra_directa",TRUE,0.336030826153447,"muestra_directa",TRUE,TRUE,TRUE,"30","134","Puente Nacional"
2289,-22.1230098457125,-50.7820958741606,9.16682786414243,0.56231458987914,"sintetico_postestratificado",FALSE,0.341084491422015,"sintetico_postestratificado",FALSE,FALSE,FALSE,"30","135","Rafael Delgado"
2290,-23.8638137107757,-53.3179111460446,9.50150496650769,0.608178887951276,"sintetico_postestratificado",FALSE,0.369540750843519,"sintetico_postestratificado",FALSE,FALSE,FALSE,"30","106","Miahuatlán"
2291,-26.0949362546819,-50.907753138723,3.81042554418281,0.589120097976432,"muestra_directa",TRUE,0.328170735429614,"muestra_directa",TRUE,TRUE,TRUE,"30","102","Martínez de la Torre"
2292,-24.3254107836098,-53.1684970835662,7.13281729216,0.598498649028751,"sintetico_postestratificado",FALSE,0.355244541192652,"sintetico_postestratificado",FALSE,FALSE,FALSE,"30","170","Texcatepec"
2293,-24.9434432352934,-53.8359349624368,3.99620752415555,0.545882129059804,"sintetico_postestratificado",FALSE,0.29644769670687,"sintetico_postestratificado",FALSE,FALSE,FALSE,"30","171","Texhuacán"
2294,-24.7597473993713,-52.3074872159542,4.67111509494383,0.55226174543951,"sintetico_postestratificado",FALSE,0.304664271445797,"sintetico_postestratificado",FALSE,FALSE,FALSE,"30","172","Texistepec"
2295,-24.20217478531,-52.3957230162018,5.83064499626692,0.574162496642776,"sintetico_postestratificado",FALSE,0.332140748789677,"sintetico_postestratificado",FALSE,FALSE,FALSE,"30","174","Tierra Blanca"
2296,-22.5689127164767,-52.1022006095859,7.92902302739467,0.55428446133545,"sintetico_postestratificado",FALSE,0.328595334170683,"sintetico_postestratificado",FALSE,FALSE,FALSE,"30","176","Tlacojalpan"
2297,-21.9202983697741,-50.290437810569,10.3477829975672,0.524657079195394,"sintetico_postestratificado",FALSE,0.305454095497652,"sintetico_postestratificado",FALSE,FALSE,FALSE,"30","179","Tlacotepec de Mejía"
2298,-19.1495469897618,-43.9930647246201,8.21607042306137,0.645126505528317,"muestra_directa",TRUE,0.453631035630699,"muestra_directa",TRUE,TRUE,TRUE,"30","177","Tlacolulan"
2299,-29.2343477082275,-51.7128515053728,-3.34890187400882,0.54542607109362,"muestra_directa",TRUE,0.253082594011345,"muestra_directa",FALSE,TRUE,TRUE,"30","193","Veracruz"
2300,-22.2147659543366,-51.0388784008542,9.94879135459076,0.519023253583976,"sintetico_postestratificado",FALSE,0.296875594040609,"sintetico_postestratificado",FALSE,FALSE,FALSE,"30","143","Santiago Tuxtla"
2301,-24.0460035252319,-51.8625488850695,8.39200213438023,0.569858577470091,"sintetico_postestratificado",FALSE,0.329398542217773,"sintetico_postestratificado",FALSE,FALSE,FALSE,"30","144","Sayula de Alemán"
2302,-24.0375244012259,-52.8367520725415,8.67094082786654,0.564637918215078,"sintetico_postestratificado",FALSE,0.32426267420282,"sintetico_postestratificado",FALSE,FALSE,FALSE,"30","142","San Juan Evangelista"
2303,-19.2408049997498,-42.6265901854709,6.8943919098486,0.655003796783889,"muestra_directa",FALSE,0.462595746786392,"muestra_directa",FALSE,TRUE,FALSE,"30","151","Tamiahua"
2304,-22.8840252702491,-52.0321313974506,9.93507630845267,0.610618017034975,"sintetico_postestratificado",FALSE,0.381777764332484,"sintetico_postestratificado",FALSE,FALSE,FALSE,"30","152","Tampico Alto"
2305,-23.8282016496082,-53.997593482085,6.83782126936404,0.594040598798635,"sintetico_postestratificado",FALSE,0.355758582302553,"sintetico_postestratificado",FALSE,FALSE,FALSE,"30","153","Tancoco"
2306,-23.5398786451398,-52.7685958515417,8.22964251332252,0.550413212212058,"sintetico_postestratificado",FALSE,0.31501442576066,"sintetico_postestratificado",FALSE,FALSE,FALSE,"30","154","Tantima"
2307,-21.0872943930784,-43.6206237014796,1.64815144938192,0.524101373567458,"muestra_directa",FALSE,0.313228429636673,"muestra_directa",FALSE,TRUE,FALSE,"30","155","Tantoyuca"
2308,-23.5744873688648,-51.9308729368056,7.67010471297599,0.583754829936937,"sintetico_postestratificado",FALSE,0.348009956248289,"sintetico_postestratificado",FALSE,FALSE,FALSE,"30","156","Tatatila"
2309,-22.7251521074,-51.7748091652661,6.95248515318411,0.56417786094431,"sintetico_postestratificado",FALSE,0.33692633987031,"sintetico_postestratificado",FALSE,FALSE,FALSE,"30","157","Castillo de Teayo"
2310,-23.5819165378404,-52.1997911020925,7.34574384907786,0.560900337088642,"sintetico_postestratificado",FALSE,0.325081171710238,"sintetico_postestratificado",FALSE,FALSE,FALSE,"30","158","Tecolutla"
2311,-24.2210334514671,-48.6661240176811,2.16352698184552,0.513950651317183,"muestra_directa",TRUE,0.271740316802512,"muestra_directa",FALSE,TRUE,TRUE,"30","159","Tehuipango"
2312,-22.4423665561536,-49.6103277865751,6.25653406711537,0.563905061971885,"sintetico_postestratificado",FALSE,0.339481396410349,"sintetico_postestratificado",FALSE,FALSE,FALSE,"30","160","Álamo Temapache"
2313,-22.2437127340386,-50.2775233660756,8.8688221438579,0.570261556506731,"sintetico_postestratificado",FALSE,0.347824429166345,"sintetico_postestratificado",FALSE,FALSE,FALSE,"30","161","Tempoal"
2314,-20.6232961910462,-41.2883597477147,1.25943915038874,0.598724939774902,"muestra_directa",FALSE,0.39249197786444,"muestra_directa",FALSE,TRUE,FALSE,"30","167","Tepetzintla"
2315,-22.0792141353767,-50.300827236043,7.34244359929854,0.505375794023657,"sintetico_postestratificado",FALSE,0.28458365266989,"sintetico_postestratificado",FALSE,FALSE,FALSE,"31","009","Cansahcab"
2316,-20.8367686895387,-49.5051300177823,8.94532030761215,0.49516953864081,"sintetico_postestratificado",FALSE,0.286801851745423,"sintetico_postestratificado",FALSE,FALSE,FALSE,"31","007","Cacalchén"
2317,-19.8357989875833,-48.6085057814783,8.86392259302724,0.454791221847809,"sintetico_postestratificado",FALSE,0.256433231971976,"sintetico_postestratificado",FALSE,FALSE,FALSE,"31","019","Chemax"
2318,-19.31924131161,-42.2666731764508,4.09281135267199,0.558725411139418,"muestra_directa",FALSE,0.365532998023319,"muestra_directa",FALSE,TRUE,FALSE,"31","101","Umán"
2319,-21.6861257531583,-48.9625344894819,9.01064150468798,0.518597301703369,"sintetico_postestratificado",FALSE,0.301736044171786,"sintetico_postestratificado",FALSE,FALSE,FALSE,"31","106","Yobaín"
2320,-21.8811083053793,-51.2776230777847,8.92280159956207,0.479934584739383,"sintetico_postestratificado",FALSE,0.26112350168559,"sintetico_postestratificado",FALSE,FALSE,FALSE,"31","105","Yaxkukul"
2321,-22.414224122365,-51.4447173382484,7.11288789201472,0.561894357532958,"sintetico_postestratificado",FALSE,0.337752116309308,"sintetico_postestratificado",FALSE,FALSE,FALSE,"31","103","Xocchel"
2322,-20.1770275496326,-49.6677764257629,9.02678193826464,0.497642788886594,"sintetico_postestratificado",FALSE,0.295872513390268,"sintetico_postestratificado",FALSE,FALSE,FALSE,"31","097","Tunkás"
2323,-20.9981932702586,-50.8729600041129,10.7193562825813,0.484395877481758,"sintetico_postestratificado",FALSE,0.274413944779173,"sintetico_postestratificado",FALSE,FALSE,FALSE,"31","095","Tixpéhual"
2324,-20.53008197746,-48.6393667723807,9.99309284478167,0.493680345825724,"sintetico_postestratificado",FALSE,0.288379526051123,"sintetico_postestratificado",FALSE,FALSE,FALSE,"31","081","Tekom"
2325,-20.5471061607662,-50.0594038076039,9.8568200281493,0.49270733462348,"sintetico_postestratificado",FALSE,0.287236273015819,"sintetico_postestratificado",FALSE,FALSE,FALSE,"31","090","Timucuy"
2326,-20.5231899758867,-51.4965628320603,10.2517670593091,0.546353009552232,"sintetico_postestratificado",FALSE,0.341121109793365,"sintetico_postestratificado",FALSE,FALSE,FALSE,"31","088","Teya"
2327,-21.5164656810314,-50.7936388803291,10.5821591204317,0.530551058368456,"sintetico_postestratificado",FALSE,0.315386401558143,"sintetico_postestratificado",FALSE,FALSE,FALSE,"31","087","Tetiz"
2328,-20.7943340312203,-49.3982165650274,9.4686123194954,0.486880777020072,"sintetico_postestratificado",FALSE,0.278937436707869,"sintetico_postestratificado",FALSE,FALSE,FALSE,"31","066","Santa Elena"
2329,-23.7165008032161,-55.3737978639848,8.18754042505818,0.504332297718708,"sintetico_postestratificado",FALSE,0.267167289686548,"sintetico_postestratificado",FALSE,FALSE,FALSE,"31","086","Tepakán"
2330,-22.3714355008596,-52.0456251754566,8.39253768086863,0.55785854922695,"sintetico_postestratificado",FALSE,0.334144194218354,"sintetico_postestratificado",FALSE,FALSE,FALSE,"31","083","Telchac Puerto"
2331,-21.5516931806028,-52.2918303950887,9.9469977837359,0.516994577532311,"sintetico_postestratificado",FALSE,0.301477645726283,"sintetico_postestratificado",FALSE,FALSE,FALSE,"31","082","Telchac Pueblo"
2332,-21.2924547160197,-49.9119217414284,10.0067826000818,0.503690582551324,"sintetico_postestratificado",FALSE,0.290766035391126,"sintetico_postestratificado",FALSE,FALSE,FALSE,"31","080","Tekit"
2333,-22.2237502243331,-44.7470008370372,2.74287575958909,0.524993508780018,"muestra_directa",TRUE,0.302756006536687,"muestra_directa",FALSE,TRUE,TRUE,"31","102","Valladolid"
2334,-23.9718701110076,-50.8364061963142,8.65340249846574,0.582374332928781,"sintetico_postestratificado",FALSE,0.342655631818705,"sintetico_postestratificado",FALSE,FALSE,FALSE,"31","071","Sudzal"
2335,-18.5442053465958,-45.0162706302847,8.39735689278726,0.475390978798787,"muestra_directa",TRUE,0.289948925332829,"muestra_directa",TRUE,TRUE,TRUE,"31","069","Sotuta"
2336,-21.0731061747421,-50.7708119273751,12.0608395850826,0.497874783792689,"sintetico_postestratificado",FALSE,0.287143722045268,"sintetico_postestratificado",FALSE,FALSE,FALSE,"31","078","Tekantó"
2337,-20.3984822369122,-47.773171932297,10.2285455718738,0.509968105862713,"sintetico_postestratificado",FALSE,0.305983283493591,"sintetico_postestratificado",FALSE,FALSE,FALSE,"31","037","Huhí"
2338,-21.9727418834547,-52.5902360507188,8.13679932478786,0.539469956812691,"sintetico_postestratificado",FALSE,0.319742537978144,"sintetico_postestratificado",FALSE,FALSE,FALSE,"31","027","Dzidzantún"
2339,-21.3374493297569,-50.499279662745,11.0177297706579,0.514013164288121,"sintetico_postestratificado",FALSE,0.300638670990553,"sintetico_postestratificado",FALSE,FALSE,FALSE,"31","058","Peto"
2340,-20.8581405146178,-53.4391827166124,9.76460789579122,0.504047524087583,"sintetico_postestratificado",FALSE,0.295466118941405,"sintetico_postestratificado",FALSE,FALSE,FALSE,"31","055","Opichén"
2341,-20.0985590304407,-50.6564426993437,11.0783703293717,0.481371523049601,"sintetico_postestratificado",FALSE,0.280385932745194,"sintetico_postestratificado",FALSE,FALSE,FALSE,"31","036","Homún"
2342,-21.3321952668814,-50.0917003110214,9.39384158647221,0.484333353845245,"sintetico_postestratificado",FALSE,0.271011401176431,"sintetico_postestratificado",FALSE,FALSE,FALSE,"31","032","Espita"
2343,-19.2372415386397,-48.4628513753487,10.2809211443133,0.498584239469056,"sintetico_postestratificado",FALSE,0.306211824082659,"sintetico_postestratificado",FALSE,FALSE,FALSE,"31","077","Tekal de Venegas"
2344,-20.3002131397454,-48.2962231048488,11.7166899545003,0.49341780047278,"sintetico_postestratificado",FALSE,0.290415669075326,"sintetico_postestratificado",FALSE,FALSE,FALSE,"31","074","Tahmek"
2345,-21.7968827262252,-49.9958404882209,8.75946283345855,0.527956784880269,"sintetico_postestratificado",FALSE,0.309987957618017,"sintetico_postestratificado",FALSE,FALSE,FALSE,"31","026","Dzemul"
2346,-20.5849380879961,-50.4367254101421,10.2949831395757,0.518380251867559,"sintetico_postestratificado",FALSE,0.312530870987598,"sintetico_postestratificado",FALSE,FALSE,FALSE,"31","025","Dzan"
2347,-21.3638922272704,-50.1754674323835,11.8075056459608,0.520702868404961,"sintetico_postestratificado",FALSE,0.307063946132257,"sintetico_postestratificado",FALSE,FALSE,FALSE,"31","001","Abalá"
2348,-25.1886553854862,-39.8794477824464,-10.2506563717628,0.571945989098684,"muestra_directa",FALSE,0.320059435243822,"muestra_directa",FALSE,TRUE,FALSE,"31","050","Mérida"
2349,-23.0447292571932,-46.2751060761869,2.49728219694641,0.529839010622041,"muestra_directa",TRUE,0.299391718050108,"muestra_directa",FALSE,TRUE,TRUE,"31","023","Chocholá"
2350,-18.7403654601143,-47.2048800509484,11.7609618151633,0.497192128997364,"sintetico_postestratificado",FALSE,0.309788474396221,"sintetico_postestratificado",FALSE,FALSE,FALSE,"31","035","Hoctún"
2351,-20.9920659430618,-49.6089215249355,8.20565489864627,0.511867316963027,"sintetico_postestratificado",FALSE,0.301946657532409,"sintetico_postestratificado",FALSE,FALSE,FALSE,"31","034","Hocabá"
2352,-21.0844603901268,-51.6357121364867,11.7438831670566,0.539382716612457,"sintetico_postestratificado",FALSE,0.328538112711189,"sintetico_postestratificado",FALSE,FALSE,FALSE,"31","016","Chacsinkín"
2353,-20.710829701275,-49.8304033616539,10.8367057884202,0.501159557933988,"sintetico_postestratificado",FALSE,0.294051260921238,"sintetico_postestratificado",FALSE,FALSE,FALSE,"31","015","Cuzamá"
2354,-23.1671627904301,-50.292969625375,5.66513904319034,0.524585055203795,"sintetico_postestratificado",FALSE,0.292913427299494,"sintetico_postestratificado",FALSE,FALSE,FALSE,"31","013","Conkal"
2355,-20.2470421110903,-48.14894406234,9.31885017359735,0.495473875442205,"sintetico_postestratificado",FALSE,0.293003454331302,"sintetico_postestratificado",FALSE,FALSE,FALSE,"31","049","Mayapán"
2356,-22.461092117401,-51.7878645648684,9.35948166201499,0.529110383174991,"sintetico_postestratificado",FALSE,0.304499462000981,"sintetico_postestratificado",FALSE,FALSE,FALSE,"31","065","San Felipe"
2357,-20.9803295798753,-49.8557065861554,11.123650974444,0.501391327530222,"sintetico_postestratificado",FALSE,0.291588031731468,"sintetico_postestratificado",FALSE,FALSE,FALSE,"31","064","Sanahcat"
2358,-21.3281188205155,-52.4477619185859,10.2250245195603,0.490208685403916,"sintetico_postestratificado",FALSE,0.276927497198762,"sintetico_postestratificado",FALSE,FALSE,FALSE,"31","073","Tahdziú"
2359,-21.5745964393923,-50.5695941704102,10.8582425626111,0.518894789469145,"sintetico_postestratificado",FALSE,0.303148825075222,"sintetico_postestratificado",FALSE,FALSE,FALSE,"31","072","Suma"
2360,-19.5559400237144,-48.5087745597195,9.28362634042876,0.476999626885867,"sintetico_postestratificado",FALSE,0.281440226648722,"sintetico_postestratificado",FALSE,FALSE,FALSE,"31","093","Tixkokob"
2361,-20.986275306345,-51.5140545939616,9.25068154780174,0.515412840054118,"sintetico_postestratificado",FALSE,0.305550086990668,"sintetico_postestratificado",FALSE,FALSE,FALSE,"31","061","Río Lagartos"
2362,-19.0580229089658,-48.9273178646294,12.3995641544292,0.500552595228501,"sintetico_postestratificado",FALSE,0.309972366138843,"sintetico_postestratificado",FALSE,FALSE,FALSE,"31","014","Cuncunul"
2363,-17.8428748052696,-42.9568609333591,9.74000299949945,0.470004014007065,"muestra_directa",TRUE,0.291575265954369,"muestra_directa",TRUE,TRUE,TRUE,"31","089","Ticul"
2364,-19.602860011872,-49.6359243830717,9.23351271743286,0.46518600230383,"sintetico_postestratificado",FALSE,0.26915740218511,"sintetico_postestratificado",FALSE,FALSE,FALSE,"31","070","Sucilá"
2365,-24.2336256047411,-47.8611846288929,2.10635590583644,0.638339626413048,"muestra_directa",FALSE,0.396003370365636,"muestra_directa",FALSE,TRUE,FALSE,"31","068","Sinanché"
2366,-21.2365904928917,-51.9674215133374,9.12903163382408,0.492465998271188,"sintetico_postestratificado",FALSE,0.280100093342271,"sintetico_postestratificado",FALSE,FALSE,FALSE,"31","012","Cenotillo"
2367,-20.2692093765395,-48.9547312913055,9.43634470697293,0.469728893869537,"sintetico_postestratificado",FALSE,0.267036800104142,"sintetico_postestratificado",FALSE,FALSE,FALSE,"31","010","Cantamayec"
2368,-21.036612200116,-49.7470856613715,8.33690179019234,0.470597642284247,"sintetico_postestratificado",FALSE,0.260231520283087,"sintetico_postestratificado",FALSE,FALSE,FALSE,"31","002","Acanceh"
2369,-20.0684542950901,-50.1216209090561,11.3592030572408,0.478234753349028,"sintetico_postestratificado",FALSE,0.277550210398127,"sintetico_postestratificado",FALSE,FALSE,FALSE,"31","063","Samahil"
2370,-23.2872957551951,-51.0616472803565,7.84373905257609,0.547042144114751,"sintetico_postestratificado",FALSE,0.314169186562799,"sintetico_postestratificado",FALSE,FALSE,FALSE,"31","060","Quintana Roo"
2371,-22.3486631855975,-51.9939675982008,9.16084469300612,0.544939164161239,"sintetico_postestratificado",FALSE,0.321452532305264,"sintetico_postestratificado",FALSE,FALSE,FALSE,"31","054","Muxupip"
2372,-20.8296637249224,-50.1717516485079,10.7439053996284,0.534174989544207,"sintetico_postestratificado",FALSE,0.325878352294983,"sintetico_postestratificado",FALSE,FALSE,FALSE,"31","053","Muna"
2373,-21.5210057604452,-50.0904744405438,10.9071757639037,0.496827939039161,"sintetico_postestratificado",FALSE,0.281617881434709,"sintetico_postestratificado",FALSE,FALSE,FALSE,"31","076","Tecoh"
2374,-20.4788164873561,-44.6339404544248,3.33635097290292,0.491866930387193,"muestra_directa",TRUE,0.287078765513632,"muestra_directa",FALSE,TRUE,TRUE,"31","098","Tzucacab"
2375,-19.801115428043,-47.3611277969608,10.4397469807141,0.509428429405183,"sintetico_postestratificado",FALSE,0.311417275124753,"sintetico_postestratificado",FALSE,FALSE,FALSE,"31","042","Kantunil"
2376,-15.0534768808423,-34.5463347368407,5.83331557343336,0.393318298428072,"muestra_directa",FALSE,0.242783529619649,"muestra_directa",FALSE,TRUE,FALSE,"31","052","Motul"
2377,-20.4469450661889,-49.4157383523662,10.8366612016063,0.527741144594495,"sintetico_postestratificado",FALSE,0.323271693932606,"sintetico_postestratificado",FALSE,FALSE,FALSE,"31","006","Buctzotz"
2378,-18.5401876797847,-41.5053033070664,2.74118120045581,0.446509257425506,"muestra_directa",FALSE,0.261107380627659,"muestra_directa",FALSE,TRUE,FALSE,"31","056","Oxkutzcab"
2379,-21.5396699341262,-49.3068293448231,6.94954044674998,0.485183399212224,"sintetico_postestratificado",FALSE,0.269786699870962,"sintetico_postestratificado",FALSE,FALSE,FALSE,"31","057","Panabá"
2380,-18.956007928512,-49.3100505005739,12.1138307609349,0.433421028823782,"sintetico_postestratificado",FALSE,0.243860949538662,"sintetico_postestratificado",FALSE,FALSE,FALSE,"31","028","Dzilam de Bravo"
2381,-21.0683604163708,-49.2347345721182,9.47803719120815,0.487866121660493,"sintetico_postestratificado",FALSE,0.277182517496785,"sintetico_postestratificado",FALSE,FALSE,FALSE,"31","062","Sacalum"
2382,-21.2095587537628,-49.8639852521238,9.87914319266501,0.537517242821517,"sintetico_postestratificado",FALSE,0.325421655283889,"sintetico_postestratificado",FALSE,FALSE,FALSE,"31","051","Mocochá"
2383,-11.610787509122,-33.3415811590909,12.3831878595893,0.338654842792109,"muestra_directa",TRUE,0.222546967700889,"muestra_directa",FALSE,TRUE,TRUE,"31","040","Izamal"
2384,-21.4274907881516,-50.6309134777252,10.0185400196141,0.510672708671283,"sintetico_postestratificado",FALSE,0.296397800789767,"sintetico_postestratificado",FALSE,FALSE,FALSE,"31","085","Temozón"
2385,-20.2600901369028,-45.4922578232458,3.68396258004255,0.460676093738336,"muestra_directa",TRUE,0.258075192369307,"muestra_directa",TRUE,TRUE,TRUE,"31","104","Yaxcabá"
2386,-20.2696209476616,-51.2225506263704,9.52120975416193,0.492756804298784,"sintetico_postestratificado",FALSE,0.290060594822168,"sintetico_postestratificado",FALSE,FALSE,FALSE,"31","091","Tinum"
2387,-20.427896800634,-45.9271369191414,5.77490952113831,0.459325177387582,"muestra_directa",TRUE,0.255046209381243,"muestra_directa",TRUE,TRUE,TRUE,"31","048","Maxcanú"
2388,-16.1011536279482,-41.2476920087387,9.56433069149146,0.401727507307233,"muestra_directa",TRUE,0.240715971027751,"muestra_directa",TRUE,TRUE,TRUE,"31","096","Tizimín"
2389,-21.266654217029,-51.6258386411654,9.42385996065892,0.510152135846606,"sintetico_postestratificado",FALSE,0.297485593676316,"sintetico_postestratificado",FALSE,FALSE,FALSE,"31","099","Uayma"
2390,-20.2067517320122,-48.4424382351026,10.4424263824663,0.492200066279031,"sintetico_postestratificado",FALSE,0.29013254895891,"sintetico_postestratificado",FALSE,FALSE,FALSE,"31","005","Bokobá"
2391,-19.8218876305904,-47.8851530824459,9.21912151426392,0.476764152066145,"sintetico_postestratificado",FALSE,0.278545275760241,"sintetico_postestratificado",FALSE,FALSE,FALSE,"31","047","Maní"
2392,-23.4650406429062,-52.9927433853282,7.44066657607615,0.537731382713083,"sintetico_postestratificado",FALSE,0.303080976284022,"sintetico_postestratificado",FALSE,FALSE,FALSE,"31","046","Mama"
2393,-22.3263425115385,-51.4212132088526,8.99441419542751,0.544128036056986,"sintetico_postestratificado",FALSE,0.320864610941601,"sintetico_postestratificado",FALSE,FALSE,FALSE,"31","045","Kopomá"
2394,-22.825197876703,-54.1030746871553,6.18430895673234,0.487107609138307,"sintetico_postestratificado",FALSE,0.258855630371276,"sintetico_postestratificado",FALSE,FALSE,FALSE,"31","044","Kinchil"
2395,-20.4392904310922,-50.3097128873421,10.0288328708476,0.521891299254007,"sintetico_postestratificado",FALSE,0.317498394943085,"sintetico_postestratificado",FALSE,FALSE,FALSE,"31","100","Ucú"
2396,-19.1169158142556,-49.3541979453052,10.0815385907727,0.443215320413696,"sintetico_postestratificado",FALSE,0.25204616227114,"sintetico_postestratificado",FALSE,FALSE,FALSE,"31","043","Kaua"
2397,-22.2377836946025,-49.6820341127088,10.1089094479281,0.513694626733864,"sintetico_postestratificado",FALSE,0.291316789787838,"sintetico_postestratificado",FALSE,FALSE,FALSE,"31","020","Chicxulub Pueblo"
2398,-19.5089427057912,-46.9134919284043,8.28729166142218,0.477213483129517,"sintetico_postestratificado",FALSE,0.282124056071605,"sintetico_postestratificado",FALSE,FALSE,FALSE,"31","067","Seyé"
2399,-21.0444220511344,-48.6710735994416,8.12579992909087,0.487866474109702,"sintetico_postestratificado",FALSE,0.277422253598359,"sintetico_postestratificado",FALSE,FALSE,FALSE,"31","075","Teabo"
2400,-21.0023596355998,-48.9492560659626,9.25314024741571,0.511445593869412,"sintetico_postestratificado",FALSE,0.301421997513414,"sintetico_postestratificado",FALSE,FALSE,FALSE,"31","004","Baca"
2401,-19.931513031716,-50.586235033246,11.0936795599465,0.528707714066003,"sintetico_postestratificado",FALSE,0.329392583748843,"sintetico_postestratificado",FALSE,FALSE,FALSE,"31","003","Akil"
2402,-20.210123899128,-48.506879160289,9.43642363220631,0.46969115669488,"sintetico_postestratificado",FALSE,0.2675899177036,"sintetico_postestratificado",FALSE,FALSE,FALSE,"31","022","Chikindzonot"
2403,-20.1779790991638,-50.4779910053814,9.43759678322767,0.477075255712483,"sintetico_postestratificado",FALSE,0.275295464720846,"sintetico_postestratificado",FALSE,FALSE,FALSE,"31","033","Halachó"
2404,-22.9508701464934,-45.0820561974863,-1.57556777440237,0.548340237068504,"muestra_directa",FALSE,0.318831535603569,"muestra_directa",FALSE,TRUE,FALSE,"31","079","Tekax"
2405,-20.8425676510515,-51.0258775109648,9.80247932411565,0.521565499393888,"sintetico_postestratificado",FALSE,0.313139822883373,"sintetico_postestratificado",FALSE,FALSE,FALSE,"31","059","Progreso"
2406,-21.2430542830502,-50.4034213164284,9.28966922003009,0.491486738935966,"sintetico_postestratificado",FALSE,0.279056196105464,"sintetico_postestratificado",FALSE,FALSE,FALSE,"31","094","Tixméhuac"
2407,-21.7527361597088,-51.2615409960975,11.361911518189,0.535157782984652,"sintetico_postestratificado",FALSE,0.317630421387565,"sintetico_postestratificado",FALSE,FALSE,FALSE,"31","084","Temax"
2408,-18.0246658449754,-40.2809603347316,5.19081678272292,0.451155670853811,"muestra_directa",FALSE,0.270909012404057,"muestra_directa",FALSE,TRUE,FALSE,"31","029","Dzilam González"
2409,-19.7441526553197,-39.3327053799633,0.160630839430543,0.41608273604225,"muestra_directa",FALSE,0.218641209489054,"muestra_directa",FALSE,TRUE,FALSE,"31","041","Kanasín"
2410,-19.8625431447068,-41.5461896621162,4.09857441204916,0.451781656932562,"muestra_directa",FALSE,0.253156225485494,"muestra_directa",FALSE,TRUE,FALSE,"31","038","Hunucmá"
2411,-19.9106971244399,-49.0606252322943,10.2563008978058,0.486981576149696,"sintetico_postestratificado",FALSE,0.287874604905297,"sintetico_postestratificado",FALSE,FALSE,FALSE,"31","030","Dzitás"
2412,-22.233369533236,-50.4101579437397,7.60351864000151,0.512492488837927,"sintetico_postestratificado",FALSE,0.290158793505567,"sintetico_postestratificado",FALSE,FALSE,FALSE,"31","021","Chichimilá"
2413,-19.8581732981157,-48.6328044271033,9.63546681465859,0.509854058010603,"sintetico_postestratificado",FALSE,0.311272325029446,"sintetico_postestratificado",FALSE,FALSE,FALSE,"31","039","Ixil"
2414,-19.8576243290934,-41.174618446329,2.19396871530293,0.466341439247486,"muestra_directa",TRUE,0.267765195956553,"muestra_directa",FALSE,TRUE,TRUE,"31","092","Tixcacalcupul"
2415,-19.2222723825677,-50.2092776740494,9.76856674652641,0.494203135140753,"sintetico_postestratificado",FALSE,0.301980411315076,"sintetico_postestratificado",FALSE,FALSE,FALSE,"31","018","Chapab"
2416,-22.4368393402311,-52.9702478710004,7.91579106205879,0.534444634386599,"sintetico_postestratificado",FALSE,0.310076240984288,"muestra_directa",TRUE,FALSE,TRUE,"31","017","Chankom"
2417,-19.8825028428034,-50.2918170035697,7.3966108714527,0.490506743490516,"sintetico_postestratificado",FALSE,0.291681715062482,"sintetico_postestratificado",FALSE,FALSE,FALSE,"31","024","Chumayel"
2418,-20.3813070391843,-51.3969220582805,12.6918595057404,0.490970754334787,"sintetico_postestratificado",FALSE,0.287157683942944,"sintetico_postestratificado",FALSE,FALSE,FALSE,"31","031","Dzoncauich"
2419,-22.0230087522274,-50.6298983391638,8.33203833836384,0.532979245636058,"sintetico_postestratificado",FALSE,0.312749158113784,"sintetico_postestratificado",FALSE,FALSE,FALSE,"31","011","Celestún"
2420,-19.6690816766336,-50.8727371924198,12.7283809460681,0.50423500167603,"sintetico_postestratificado",FALSE,0.307544184909695,"sintetico_postestratificado",FALSE,FALSE,FALSE,"31","008","Calotmul"
2421,-21.223221735057,-48.5552228567529,10.5948856246689,0.536141065157563,"sintetico_postestratificado",FALSE,0.323908847806993,"sintetico_postestratificado",FALSE,FALSE,FALSE,"32","027","Melchor Ocampo"
2422,-30.2960156334107,-55.4426903382085,-1.59086318765577,0.577250808563533,"muestra_directa",TRUE,0.274290652229426,"muestra_directa",TRUE,TRUE,TRUE,"32","019","Jalpa"
2423,-23.5354606656996,-52.3084940275454,7.03579729405034,0.533465297853762,"sintetico_postestratificado",FALSE,0.298110691196766,"sintetico_postestratificado",FALSE,FALSE,FALSE,"32","003","Atolinga"
2424,-24.0190173191596,-50.3670296629344,6.34247987552182,0.551849714493314,"sintetico_postestratificado",FALSE,0.311659541301718,"sintetico_postestratificado",FALSE,FALSE,FALSE,"32","058","Santa María de la Paz"
2425,-18.441782689264,-40.8008299764001,3.2313673649956,0.454608774826645,"muestra_directa",FALSE,0.270190947934005,"muestra_directa",FALSE,TRUE,FALSE,"32","036","Ojocaliente"
2426,-27.5463419319904,-52.2550922998633,0.703632302198211,0.658891141952437,"muestra_directa",TRUE,0.383427722632534,"muestra_directa",TRUE,TRUE,TRUE,"32","035","Noria de Ángeles"
2427,-23.0142128433999,-51.5902249574394,7.34643671890405,0.556963076132205,"sintetico_postestratificado",FALSE,0.326820947698207,"sintetico_postestratificado",FALSE,FALSE,FALSE,"32","037","Pánuco"
2428,-23.5820119190366,-44.7329501336067,-0.63562719423084,0.601905951972069,"muestra_directa",FALSE,0.366085832781704,"muestra_directa",FALSE,TRUE,FALSE,"32","040","Sain Alto"
2429,-21.7786135648446,-49.6609030929107,8.38383472086444,0.545137196887461,"sintetico_postestratificado",FALSE,0.327351061239015,"sintetico_postestratificado",FALSE,FALSE,FALSE,"32","033","Moyahua de Estrada"
2430,-20.0596002943774,-41.9871948651356,3.91519027428066,0.635975244487424,"muestra_directa",FALSE,0.43537924154365,"muestra_directa",FALSE,TRUE,FALSE,"32","020","Jerez"
2431,-28.2043779691174,-46.1998599238896,-7.83773253332275,0.547843580817757,"muestra_directa",FALSE,0.265799801126584,"muestra_directa",FALSE,TRUE,FALSE,"32","010","Fresnillo"
2432,-22.4081800102925,-50.9014654773059,7.81344905635271,0.550188896612312,"sintetico_postestratificado",FALSE,0.326107096509388,"sintetico_postestratificado",FALSE,FALSE,FALSE,"32","034","Nochistlán de Mejía"
2433,-19.530317324724,-46.4023982385839,10.48862451621,0.571754584899774,"muestra_directa",TRUE,0.376451411652534,"muestra_directa",TRUE,TRUE,TRUE,"32","005","Calera"
2434,-21.5199393663988,-50.2519129650607,10.4828186214749,0.533410566969019,"sintetico_postestratificado",FALSE,0.318211173305031,"sintetico_postestratificado",FALSE,FALSE,FALSE,"32","045","Tepechitlán"
2435,-20.6423420109423,-48.2098944825373,10.2446664945666,0.54463064203154,"sintetico_postestratificado",FALSE,0.338207221922117,"sintetico_postestratificado",FALSE,FALSE,FALSE,"32","038","Pinos"
2436,-21.4527175435584,-46.4963089453386,6.02926373617948,0.508884604698904,"muestra_directa",TRUE,0.29435742926332,"muestra_directa",TRUE,TRUE,TRUE,"32","051","Villa de Cos"
2437,-21.9238545918497,-51.5907155311532,9.46348431260095,0.575409914797683,"sintetico_postestratificado",FALSE,0.356171368879185,"sintetico_postestratificado",FALSE,FALSE,FALSE,"32","050","Vetagrande"
2438,-21.8843596429117,-50.8864889179699,9.07297177961999,0.552258355157253,"sintetico_postestratificado",FALSE,0.333414758728136,"sintetico_postestratificado",FALSE,FALSE,FALSE,"32","049","Valparaíso"
2439,-20.6758126825339,-42.139473945191,1.85545702226277,0.639674468348816,"muestra_directa",FALSE,0.432916341523477,"muestra_directa",FALSE,TRUE,FALSE,"32","048","Tlaltenango de Sánchez Román"
2440,-21.9598310378946,-51.8233198080842,12.5267660367315,0.548794063103659,"sintetico_postestratificado",FALSE,0.329195752724714,"sintetico_postestratificado",FALSE,FALSE,FALSE,"32","046","Tepetongo"
2441,-23.4162194515034,-50.9200164908212,2.81169892754188,0.501836177306593,"muestra_directa",TRUE,0.267673982791559,"muestra_directa",TRUE,TRUE,TRUE,"32","025","Luis Moya"
2442,-21.1220640944132,-50.701844198448,12.8120921780805,0.531546136606945,"sintetico_postestratificado",FALSE,0.320325495662813,"sintetico_postestratificado",FALSE,FALSE,FALSE,"32","044","Tabasco"
2443,-20.4746166329662,-48.7211233181279,10.5789219828056,0.545129696225035,"sintetico_postestratificado",FALSE,0.340383529895374,"sintetico_postestratificado",FALSE,FALSE,FALSE,"32","043","Susticacán"
2444,-20.963499151727,-51.9202068132395,10.1289571246434,0.540390145527484,"sintetico_postestratificado",FALSE,0.330755154010214,"sintetico_postestratificado",FALSE,FALSE,FALSE,"32","054","Villa Hidalgo"
2445,-20.9000823204074,-51.1598944642297,7.08626608922355,0.53733277444716,"sintetico_postestratificado",FALSE,0.328331951243086,"sintetico_postestratificado",FALSE,FALSE,FALSE,"32","042","Sombrerete"
2446,-20.5388106752479,-48.3885110018342,11.3332908500349,0.547035109458208,"sintetico_postestratificado",FALSE,0.341647002705729,"sintetico_postestratificado",FALSE,FALSE,FALSE,"32","041","El Salvador"
2447,-20.1120222315149,-50.7219274158317,10.6386851590961,0.515472254926481,"sintetico_postestratificado",FALSE,0.314352032611332,"sintetico_postestratificado",FALSE,FALSE,FALSE,"32","016","General Pánfilo Natera"
2448,-21.625853451997,-49.6268880805085,7.61469343054046,0.534706483484227,"sintetico_postestratificado",FALSE,0.318447948964258,"sintetico_postestratificado",FALSE,FALSE,FALSE,"32","014","General Francisco R. Murguía"
2449,-20.8934904698007,-49.7889480760903,12.1330013922681,0.550099119069012,"sintetico_postestratificado",FALSE,0.341164214371005,"sintetico_postestratificado",FALSE,FALSE,FALSE,"32","013","General Enrique Estrada"
2450,-20.7322001440537,-49.0078593563348,10.4655040643579,0.569966773567549,"sintetico_postestratificado",FALSE,0.362644772127012,"sintetico_postestratificado",FALSE,FALSE,FALSE,"32","009","Chalchihuites"
2451,-25.6823406183649,-42.2659538472669,-9.00980016599907,0.548724409283701,"muestra_directa",FALSE,0.291901003100051,"muestra_directa",FALSE,TRUE,FALSE,"32","017","Guadalupe"
2452,-20.4402428055678,-49.5057675678565,11.4745173806391,0.557546196735369,"sintetico_postestratificado",FALSE,0.353143768679691,"sintetico_postestratificado",FALSE,FALSE,FALSE,"32","057","Trancoso"
2453,-21.9943490148812,-51.0407480574205,13.0404047019039,0.544276045667955,"sintetico_postestratificado",FALSE,0.324332555519143,"sintetico_postestratificado",FALSE,FALSE,FALSE,"32","030","Momax"
2454,-20.1303406617149,-50.6281297081968,9.85256139382403,0.54598137465702,"sintetico_postestratificado",FALSE,0.34467796803987,"sintetico_postestratificado",FALSE,FALSE,FALSE,"32","032","Morelos"
2455,-19.587625038608,-41.1720805160467,3.94398459380043,0.651981073738124,"muestra_directa",FALSE,0.456104823352044,"muestra_directa",FALSE,TRUE,FALSE,"32","056","Zacatecas"
2456,-22.0963270015363,-48.7480273904825,7.29270610711824,0.563363192236994,"sintetico_postestratificado",FALSE,0.342399922221631,"sintetico_postestratificado",FALSE,FALSE,FALSE,"32","018","Huanusco"
2457,-22.6835804997651,-50.899237986628,8.95711046004424,0.559165418083502,"sintetico_postestratificado",FALSE,0.332329613085851,"sintetico_postestratificado",FALSE,FALSE,FALSE,"32","022","Juan Aldama"
2458,-23.4514798716962,-51.1575843894294,6.23209064756521,0.597545789968649,"sintetico_postestratificado",FALSE,0.363030991251687,"sintetico_postestratificado",FALSE,FALSE,FALSE,"32","002","Apulco"
2459,-24.6799663034315,-53.5897130303542,6.21313887452814,0.595029922220969,"sintetico_postestratificado",FALSE,0.348230259186654,"sintetico_postestratificado",FALSE,FALSE,FALSE,"32","001","Apozol"
2460,-26.4425345809601,-53.5460304702755,4.28235009768713,0.55924320336961,"sintetico_postestratificado",FALSE,0.294817857560009,"sintetico_postestratificado",FALSE,FALSE,FALSE,"32","015","El Plateado de Joaquín Amaro"
2461,-23.9220686242465,-50.69401628155,5.20579950927381,0.562443829636364,"sintetico_postestratificado",FALSE,0.323223143393898,"sintetico_postestratificado",FALSE,FALSE,FALSE,"32","028","Mezquital del Oro"
2462,-25.4847900744191,-52.6890449687817,6.24212659335815,0.614093964543238,"sintetico_postestratificado",FALSE,0.359246063799047,"sintetico_postestratificado",FALSE,FALSE,FALSE,"32","026","Mazapil"
2463,-20.7721117063479,-41.0016218491002,0.962059251527409,0.576651687588735,"muestra_directa",FALSE,0.368930570525256,"muestra_directa",FALSE,TRUE,FALSE,"32","052","Villa García"
2464,-16.3208052578033,-38.414407875713,3.30048214442664,0.446719202936259,"muestra_directa",FALSE,0.283511150358226,"muestra_directa",FALSE,TRUE,FALSE,"32","024","Loreto"
2465,-24.5926483815294,-52.7222657368149,7.61067072304932,0.58489093443646,"sintetico_postestratificado",FALSE,0.338964450621166,"sintetico_postestratificado",FALSE,FALSE,FALSE,"32","004","Benito Juárez"
2466,-30.1620993109121,-52.438417314889,-4.84399469897124,0.698307570521812,"muestra_directa",TRUE,0.396686577412691,"muestra_directa",FALSE,TRUE,TRUE,"32","029","Miguel Auza"
2467,-22.3019552528555,-43.0201448332378,0.402800421396723,0.599928656445429,"muestra_directa",FALSE,0.376909103916874,"muestra_directa",FALSE,TRUE,FALSE,"32","053","Villa González Ortega"
2468,-23.2041788024271,-43.7763899842289,0.987831023857265,0.667706197798201,"muestra_directa",TRUE,0.43566440977393,"muestra_directa",FALSE,TRUE,TRUE,"32","023","Juchipila"
2469,-22.0469465909693,-42.9153244248303,1.05756262676877,0.557762272096307,"muestra_directa",TRUE,0.337292806186614,"muestra_directa",FALSE,TRUE,TRUE,"32","039","Río Grande"
2470,-25.3214773594198,-53.1694877013959,6.7860021828046,0.583245044942377,"sintetico_postestratificado",FALSE,0.330030271348179,"sintetico_postestratificado",FALSE,FALSE,FALSE,"32","055","Villanueva"
2471,-28.5831740169524,-52.4510604476889,-1.31931135473406,0.609927309162054,"muestra_directa",TRUE,0.32409556899253,"muestra_directa",FALSE,TRUE,TRUE,"32","031","Monte Escobedo"
2472,-24.2523019050085,-53.6417527444696,6.76841089225154,0.547739461432701,"sintetico_postestratificado",FALSE,0.305216442382616,"sintetico_postestratificado",FALSE,FALSE,FALSE,"32","021","Jiménez del Teul"
2473,-21.1078722076813,-44.2612524582006,2.49146287389187,0.602207733791874,"muestra_directa",TRUE,0.391129011715061,"muestra_directa",FALSE,TRUE,TRUE,"32","008","Cuauhtémoc"
2474,-23.1013058432593,-49.9268970341331,8.15957983018753,0.581112391918224,"sintetico_postestratificado",FALSE,0.350099333485631,"sintetico_postestratificado",FALSE,FALSE,FALSE,"32","007","Concepción del Oro"
2475,-24.7444782924387,-53.1129592785516,5.11802777535789,0.568212730228531,"sintetico_postestratificado",FALSE,0.320767947304145,"sintetico_postestratificado",FALSE,FALSE,FALSE,"32","047","Teúl de González Ortega"
2476,-24.0614422106993,-55.4820896363738,8.31289447552899,0.599633938822191,"sintetico_postestratificado",FALSE,0.359019516715198,"sintetico_postestratificado",FALSE,FALSE,FALSE,"32","012","Genaro Codina"
2477,-21.7535350064501,-50.6597709929899,11.4567232746825,0.554863279520878,"sintetico_postestratificado",FALSE,0.337327929456377,"sintetico_postestratificado",FALSE,FALSE,FALSE,"32","006","Cañitas de Felipe Pescador"
2478,-21.8249610784045,-50.9986794502599,8.36113978224177,0.568093699866492,"sintetico_postestratificado",FALSE,0.349844089082447,"sintetico_postestratificado",FALSE,FALSE,FALSE,"32","011","Trinidad García de la Cadena"
