"muni_idx","prev","prev_q025","prev_q975","n_directo","fuente","suprimir_privacidad","ancho_ic95","cve_ent","cve_mun","nomgeo"
1,0.616451117022471,0.488200330177149,0.727563638647297,3,"muestra_directa",TRUE,0.239363308470148,"01","005","Jesús María"
2,0.5911064742365,0.45532174082866,0.719818570717277,NA,"sintetico_postestratificado",FALSE,0.264496829888616,"01","008","San José de Gracia"
3,0.665666931997331,0.585998692559151,0.740760202055074,121,"muestra_directa",FALSE,0.154761509495922,"01","001","Aguascalientes"
4,0.576629486672832,0.426176110430228,0.707352954155846,3,"muestra_directa",TRUE,0.281176843725617,"01","004","Cosío"
5,0.618232445882096,0.482436136026382,0.740725288173345,NA,"sintetico_postestratificado",FALSE,0.258289152146963,"01","011","San Francisco de los Romo"
6,0.610582254484003,0.483727191610507,0.725729582492813,9,"muestra_directa",TRUE,0.242002390882306,"01","006","Pabellón de Arteaga"
7,0.592023839827952,0.445914674023127,0.716521587720624,NA,"sintetico_postestratificado",FALSE,0.270606913697497,"01","003","Calvillo"
8,0.571406960040382,0.423245570281633,0.69921826429937,NA,"sintetico_postestratificado",FALSE,0.275972694017737,"01","010","El Llano"
9,0.614488300203625,0.490784855290576,0.723886321498175,10,"muestra_directa",FALSE,0.233101466207599,"01","002","Asientos"
10,0.6223975128378,0.51022262345078,0.719653504295089,24,"muestra_directa",FALSE,0.209430880844308,"01","009","Tepezalá"
11,0.597264658050831,0.468123416528031,0.721570155420962,NA,"sintetico_postestratificado",FALSE,0.253446738892932,"01","007","Rincón de Romos"
12,0.63753838242277,0.505766821500437,0.763505376348188,8,"muestra_directa",TRUE,0.25773855484775,"02","003","Tecate"
13,0.596906178153218,0.496409466888958,0.683982013857721,65,"muestra_directa",FALSE,0.187572546968763,"02","004","Tijuana"
14,0.586261922369452,0.457495536214211,0.710769457642999,18,"muestra_directa",FALSE,0.253273921428788,"02","001","Ensenada"
15,0.565984971427454,0.431274580952588,0.70550119147241,4,"muestra_directa",TRUE,0.274226610519822,"02","006","San Quintín"
17,0.609360137916634,0.497798121856714,0.705814883874462,46,"muestra_directa",FALSE,0.208016762017747,"02","002","Mexicali"
18,0.604220732311356,0.47410476643022,0.738866116842198,7,"muestra_directa",TRUE,0.264761350411978,"02","005","Playas de Rosarito"
19,0.586956401565441,0.451758706257848,0.713198400010635,13,"muestra_directa",FALSE,0.261439693752787,"03","002","Mulegé"
20,0.629390479554906,0.468050793533868,0.774288731300418,NA,"sintetico_postestratificado",FALSE,0.30623793776655,"03","009","Loreto"
21,0.61565612708312,0.503993147798922,0.713736015597779,56,"muestra_directa",FALSE,0.209742867798858,"03","008","Los Cabos"
22,0.61496578823337,0.530895480884487,0.695225715004334,89,"muestra_directa",FALSE,0.164330234119847,"03","003","La Paz"
23,0.685892579517916,0.584472535401654,0.790567110503577,46,"muestra_directa",FALSE,0.206094575101923,"03","001","Comondú"
24,0.630992416691153,0.531924908738836,0.728060844199635,45,"muestra_directa",FALSE,0.196135935460799,"04","003","Carmen"
25,0.615861618242663,0.479121065680471,0.74379752187616,4,"muestra_directa",TRUE,0.264676456195689,"04","007","Palizada"
27,0.565634687798536,0.421532224845591,0.705239462912403,NA,"sintetico_postestratificado",FALSE,0.283707238066811,"04","005","Hecelchakán"
28,0.51631848475839,0.394206891943185,0.63579188040299,17,"muestra_directa",FALSE,0.241584988459804,"04","004","Champotón"
29,0.566133403115025,0.433239969384649,0.700021624470799,8,"muestra_directa",TRUE,0.266781655086149,"04","011","Candelaria"
31,0.51137291243988,0.429722615836662,0.598467631724786,89,"muestra_directa",FALSE,0.168745015888124,"04","002","Campeche"
32,0.506017880192262,0.368891735334388,0.635935126663351,3,"muestra_directa",TRUE,0.267043391328964,"04","006","Hopelchén"
33,0.495988009136855,0.36753633286123,0.621421970884962,14,"muestra_directa",FALSE,0.253885638023732,"04","001","Calkiní"
34,0.534633745492089,0.395928641106533,0.664357373793972,NA,"sintetico_postestratificado",FALSE,0.268428732687439,"04","010","Calakmul"
35,0.581922253412315,0.452182791868971,0.698619522873682,12,"muestra_directa",FALSE,0.246436731004711,"04","009","Escárcega"
36,0.451854665080482,0.31683286575478,0.595088204377892,7,"muestra_directa",TRUE,0.278255338623112,"04","008","Tenabo"
37,0.630322710205867,0.491579624110497,0.761943934925606,NA,"sintetico_postestratificado",FALSE,0.270364310815109,"05","005","Candela"
38,0.654728675030757,0.547069976615062,0.758752566144224,23,"muestra_directa",FALSE,0.211682589529162,"05","017","Matamoros"
39,0.621045344020636,0.492700262115644,0.743593762623079,7,"muestra_directa",TRUE,0.250893500507435,"05","018","Monclova"
40,0.608579086050412,0.464343310083858,0.740958511546319,NA,"sintetico_postestratificado",FALSE,0.276615201462462,"05","014","Jiménez"
41,0.580660466263679,0.477506452207793,0.678218520578672,37,"muestra_directa",FALSE,0.200712068370879,"05","035","Torreón"
42,0.592386614073196,0.44799426484245,0.729947730693866,NA,"sintetico_postestratificado",FALSE,0.281953465851416,"05","013","Hidalgo"
43,0.622198032848595,0.482372346065958,0.755288911759671,NA,"sintetico_postestratificado",FALSE,0.272916565693713,"05","015","Juárez"
44,0.601968168140626,0.462204981767946,0.737494211814042,NA,"sintetico_postestratificado",FALSE,0.275289230046096,"05","020","Múzquiz"
45,0.618439180576227,0.498982095525182,0.728176366403763,10,"muestra_directa",FALSE,0.229194270878582,"05","024","Parras"
46,0.635487903213835,0.500152831551573,0.747952626200145,1,"muestra_directa",TRUE,0.247799794648571,"05","026","Progreso"
47,0.655221955363221,0.545046035357795,0.765121571998198,8,"muestra_directa",TRUE,0.220075536640403,"05","027","Ramos Arizpe"
48,0.616467678573127,0.486000101090349,0.753943163510171,5,"muestra_directa",TRUE,0.267943062419822,"05","025","Piedras Negras"
49,0.613256585974168,0.469472255543124,0.739661954795725,NA,"sintetico_postestratificado",FALSE,0.270189699252601,"05","028","Sabinas"
50,0.554035408788006,0.441257202489439,0.653766665186522,35,"muestra_directa",FALSE,0.212509462697083,"05","030","Saltillo"
51,0.603240561221488,0.460523421176765,0.723975839507983,NA,"sintetico_postestratificado",FALSE,0.263452418331218,"05","031","San Buenaventura"
52,0.617383925268272,0.480968857910066,0.736268095174749,NA,"sintetico_postestratificado",FALSE,0.255299237264683,"05","016","Lamadrid"
53,0.609907551944497,0.466694063045662,0.736674362868447,NA,"sintetico_postestratificado",FALSE,0.269980299822785,"05","004","Arteaga"
54,0.592713535448656,0.461269190231301,0.706655497734176,13,"muestra_directa",FALSE,0.245386307502875,"05","002","Acuña"
55,0.618666147052772,0.480811597021196,0.747528965277416,NA,"sintetico_postestratificado",FALSE,0.26671736825622,"05","032","San Juan de Sabinas"
56,0.580991226305102,0.452256996141711,0.692823903285543,9,"muestra_directa",TRUE,0.240566907143832,"05","033","San Pedro"
57,0.611093584126722,0.485002263616283,0.735673576350248,NA,"sintetico_postestratificado",FALSE,0.250671312733965,"05","009","Francisco I. Madero"
58,0.607707170173322,0.463901144148324,0.744075648292128,NA,"sintetico_postestratificado",FALSE,0.280174504143804,"05","012","Guerrero"
59,0.604364374644433,0.463077917004132,0.73336166651956,NA,"sintetico_postestratificado",FALSE,0.270283749515428,"05","006","Castaños"
60,0.604179469945908,0.469378365542348,0.735651981981053,NA,"sintetico_postestratificado",FALSE,0.266273616438705,"05","003","Allende"
61,0.613473590464109,0.479527297738838,0.73021062004541,NA,"sintetico_postestratificado",FALSE,0.250683322306572,"05","023","Ocampo"
62,0.618040545000002,0.484538623460504,0.748856519729543,NA,"sintetico_postestratificado",FALSE,0.264317896269039,"05","008","Escobedo"
63,0.617296311247134,0.471664266578133,0.745756020520043,NA,"sintetico_postestratificado",FALSE,0.27409175394191,"05","022","Nava"
64,0.592562875860725,0.454617014041506,0.73126157180958,NA,"sintetico_postestratificado",FALSE,0.276644557768074,"05","019","Morelos"
65,0.600968336597113,0.468101874798165,0.731572723966724,NA,"sintetico_postestratificado",FALSE,0.263470849168559,"05","007","Cuatro Ciénegas"
66,0.612655164022815,0.480043254643284,0.734394488956715,NA,"sintetico_postestratificado",FALSE,0.254351234313431,"05","034","Sierra Mojada"
67,0.601706740327856,0.460922242944681,0.730055358924186,NA,"sintetico_postestratificado",FALSE,0.269133115979505,"05","037","Villa Unión"
68,0.588942132638322,0.447170428754837,0.715792770343952,NA,"sintetico_postestratificado",FALSE,0.268622341589115,"05","029","Sacramento"
69,0.588302402861962,0.456148632315195,0.720507692279089,NA,"sintetico_postestratificado",FALSE,0.264359059963894,"05","001","Abasolo"
70,0.566486141019449,0.431365729083645,0.687142760909398,6,"muestra_directa",TRUE,0.255777031825753,"05","038","Zaragoza"
71,0.580883783392056,0.44307260896129,0.711251771360053,NA,"sintetico_postestratificado",FALSE,0.268179162398763,"05","021","Nadadores"
72,0.583076030920091,0.444988890791689,0.719105565643856,NA,"sintetico_postestratificado",FALSE,0.274116674852167,"05","010","Frontera"
73,0.634051107362918,0.504585838373723,0.757821264495468,NA,"sintetico_postestratificado",FALSE,0.253235426121744,"05","011","General Cepeda"
74,0.600582888623699,0.460398280490946,0.725526802848206,NA,"sintetico_postestratificado",FALSE,0.26512852235726,"05","036","Viesca"
75,0.600698223055192,0.460173255326731,0.729174171502901,NA,"sintetico_postestratificado",FALSE,0.26900091617617,"06","006","Ixtlahuacán"
76,0.652962353309333,0.537335213820861,0.757561244061681,13,"muestra_directa",FALSE,0.22022603024082,"06","002","Colima"
77,0.58230195546841,0.449776971742159,0.705606427726469,3,"muestra_directa",TRUE,0.25582945598431,"06","005","Cuauhtémoc"
78,0.580997968038441,0.442653185238819,0.708648301340307,2,"muestra_directa",TRUE,0.265995116101488,"06","008","Minatitlán"
79,0.612894736004841,0.473646547911674,0.739056376896609,4,"muestra_directa",TRUE,0.265409828984935,"06","001","Armería"
80,0.599394855971146,0.459795707595985,0.724515374708557,1,"muestra_directa",TRUE,0.264719667112572,"06","004","Coquimatlán"
81,0.605704784938236,0.486603354536286,0.712306008909959,24,"muestra_directa",FALSE,0.225702654373673,"06","010","Villa de Álvarez"
82,0.621752276251531,0.506809837858868,0.732650565600238,16,"muestra_directa",FALSE,0.22584072774137,"06","003","Comala"
83,0.623882895781702,0.521852088802831,0.718597583366709,32,"muestra_directa",FALSE,0.196745494563878,"06","007","Manzanillo"
84,0.612366434102817,0.497567882435276,0.717696692504202,28,"muestra_directa",FALSE,0.220128810068926,"06","009","Tecomán"
85,0.508027027950148,0.367501082912895,0.638496588834622,7,"muestra_directa",TRUE,0.270995505921727,"07","019","Comitán de Domínguez"
86,0.520542220848092,0.383011534165232,0.660238033692051,NA,"sintetico_postestratificado",FALSE,0.277226499526818,"07","090","Tapalapa"
87,0.54062571537323,0.397146883113132,0.676341596097096,4,"muestra_directa",TRUE,0.279194712983963,"07","020","La Concordia"
88,0.505160644459542,0.376211382275379,0.63512042389864,NA,"sintetico_postestratificado",FALSE,0.258909041623261,"07","021","Copainalá"
89,0.484298465067225,0.3488706637533,0.62306182400569,NA,"sintetico_postestratificado",FALSE,0.27419116025239,"07","079","San Fernando"
90,0.512743871211288,0.357254283685608,0.653970024325444,NA,"sintetico_postestratificado",FALSE,0.296715740639836,"07","109","Yajalón"
91,0.470448059998625,0.337082593016443,0.604054704177091,5,"muestra_directa",TRUE,0.266972111160648,"07","108","Villaflores"
92,0.503822980029595,0.365154532960527,0.624309348072111,8,"muestra_directa",TRUE,0.259154815111584,"07","107","Villa Corzo"
93,0.551568869305644,0.406913935075475,0.684963642281329,NA,"sintetico_postestratificado",FALSE,0.278049707205854,"07","106","Venustiano Carranza"
94,0.504012481224611,0.361434362813931,0.641308099901194,NA,"sintetico_postestratificado",FALSE,0.279873737087264,"07","104","Tzimol"
95,0.573366710397568,0.430576932196087,0.705573752985144,8,"muestra_directa",TRUE,0.274996820789057,"07","103","Tuzantán"
96,0.521984846656257,0.352333733922065,0.672675650566777,NA,"sintetico_postestratificado",FALSE,0.320341916644712,"07","102","Tuxtla Chico"
97,0.532219972578207,0.411690372195868,0.652596288072518,14,"muestra_directa",FALSE,0.24090591587665,"07","101","Tuxtla Gutiérrez"
98,0.514050300920352,0.362186323835291,0.66274815787165,NA,"sintetico_postestratificado",FALSE,0.300561834036359,"07","120","Capitán Luis Ángel Vidal"
99,0.572485380282618,0.436184502168221,0.706803954668625,NA,"sintetico_postestratificado",FALSE,0.270619452500403,"07","074","Reforma"
100,0.555745608451171,0.421984537704318,0.685586233964519,NA,"sintetico_postestratificado",FALSE,0.263601696260202,"07","075","Las Rosas"
101,0.455910518430907,0.312406478678321,0.588053028808822,7,"muestra_directa",TRUE,0.275646550130501,"07","057","Motozintla"
102,0.549940995033189,0.400358108378004,0.67711178336618,NA,"sintetico_postestratificado",FALSE,0.276753674988176,"07","007","Amatenango del Valle"
103,0.512149676379703,0.367716391013223,0.645939270642938,NA,"sintetico_postestratificado",FALSE,0.278222879629714,"07","111","Zinacantán"
104,0.510177580113502,0.357027200661129,0.655719825659353,NA,"sintetico_postestratificado",FALSE,0.298692624998224,"07","054","Mazatán"
105,0.534681916645334,0.395345252514071,0.669875321213831,1,"muestra_directa",TRUE,0.27453006869976,"07","076","Sabanilla"
106,0.477660540524362,0.340551504121381,0.617468390900151,NA,"sintetico_postestratificado",FALSE,0.27691688677877,"07","081","Simojovel"
107,0.446173255295241,0.304240654478601,0.582534839690631,NA,"sintetico_postestratificado",FALSE,0.278294185212031,"07","063","Osumacinta"
108,0.513127620531558,0.362052889502594,0.654992738397358,NA,"sintetico_postestratificado",FALSE,0.292939848894764,"07","110","San Lucas"
109,0.473261908880494,0.337583665223075,0.604073909210702,7,"muestra_directa",TRUE,0.266490243987627,"07","051","Mapastepec"
110,0.499674853715206,0.346297150029382,0.647133511958281,NA,"sintetico_postestratificado",FALSE,0.300836361928898,"07","070","El Porvenir"
111,0.576099603822548,0.439159496946916,0.706416349348831,NA,"sintetico_postestratificado",FALSE,0.267256852401915,"07","112","San Juan Cancuc"
112,0.524486695055604,0.373091611957735,0.676622371533493,NA,"sintetico_postestratificado",FALSE,0.303530759575758,"07","050","La Libertad"
113,0.524488534663918,0.383166711450085,0.65667286742041,2,"muestra_directa",TRUE,0.273506155970326,"07","022","Chalchihuitán"
114,0.506451223066158,0.362920338609646,0.646184185137936,NA,"sintetico_postestratificado",FALSE,0.28326384652829,"07","053","Mazapa de Madero"
115,0.550619930746705,0.395715792451185,0.691378529123274,NA,"sintetico_postestratificado",FALSE,0.295662736672089,"07","080","Siltepec"
116,0.561726359231007,0.416601333822925,0.696022348320607,NA,"sintetico_postestratificado",FALSE,0.279421014497681,"07","049","Larráinzar"
117,0.509257280657706,0.371998417903649,0.645491121778718,NA,"sintetico_postestratificado",FALSE,0.273492703875069,"07","065","Palenque"
118,0.518866769124986,0.376250976630043,0.659719635076436,NA,"sintetico_postestratificado",FALSE,0.283468658446393,"07","086","Suchiapa"
119,0.542770700528866,0.393803859578709,0.68302221020791,NA,"sintetico_postestratificado",FALSE,0.289218350629201,"07","062","Ostuacán"
120,0.559275585044097,0.414984016118495,0.689913314427891,NA,"sintetico_postestratificado",FALSE,0.274929298309396,"07","077","Salto de Agua"
121,0.52247597729978,0.38151023438161,0.657617118230697,NA,"sintetico_postestratificado",FALSE,0.276106883849086,"07","082","Sitalá"
122,0.538285131851717,0.395076180519835,0.672275831607013,NA,"sintetico_postestratificado",FALSE,0.277199651087179,"07","024","Chanal"
123,0.480002594893119,0.337527102027342,0.631666479542467,NA,"sintetico_postestratificado",FALSE,0.294139377515125,"07","121","Rincón Chamula San Pedro"
124,0.496777403313064,0.352392546700959,0.644406400272065,NA,"sintetico_postestratificado",FALSE,0.292013853571107,"07","042","Ixhuatán"
125,0.539900778158656,0.397613912498926,0.67815762302738,NA,"sintetico_postestratificado",FALSE,0.280543710528454,"07","025","Chapultenango"
126,0.484488791996604,0.343694760014059,0.625801801256901,NA,"sintetico_postestratificado",FALSE,0.282107041242842,"07","018","Coapilla"
127,0.466236618680383,0.333475919808872,0.599071183178867,8,"muestra_directa",TRUE,0.265595263369995,"07","052","Las Margaritas"
128,0.548701720156032,0.406114558508692,0.671852841209487,NA,"sintetico_postestratificado",FALSE,0.265738282700796,"07","026","Chenalhó"
129,0.512639097772478,0.378089368921714,0.659823604646259,2,"muestra_directa",TRUE,0.281734235724544,"07","083","Socoltenango"
130,0.531882537055109,0.383079918687985,0.671124796602499,NA,"sintetico_postestratificado",FALSE,0.288044877914514,"07","084","Solosuchiapa"
131,0.497515615302218,0.354236055199776,0.638644580529325,5,"muestra_directa",TRUE,0.284408525329549,"07","089","Tapachula"
132,0.54143450564414,0.403566300500049,0.674501839212568,NA,"sintetico_postestratificado",FALSE,0.27093553871252,"07","068","Pichucalco"
133,0.513537216673134,0.377743111777914,0.649244137788066,4,"muestra_directa",TRUE,0.271501026010152,"07","027","Chiapa de Corzo"
134,0.532839249314809,0.403086909212808,0.675662982643089,NA,"sintetico_postestratificado",FALSE,0.272576073430281,"07","048","Juárez"
135,0.50572533222646,0.367536701280967,0.641470922625436,3,"muestra_directa",TRUE,0.273934221344469,"07","046","Jiquipilas"
136,0.455386918644862,0.287112985818679,0.620183173387881,NA,"sintetico_postestratificado",FALSE,0.333070187569202,"07","105","Unión Juárez"
137,0.522135268034604,0.375312157171882,0.661105864040504,NA,"sintetico_postestratificado",FALSE,0.285793706868623,"07","100","Tumbalá"
138,0.530344325223089,0.393510081727641,0.662268363859985,NA,"sintetico_postestratificado",FALSE,0.268758282132344,"07","045","Ixtapangajoya"
139,0.512833924114325,0.354699834477142,0.667793063188755,NA,"sintetico_postestratificado",FALSE,0.313093228711613,"07","114","Benemérito de las Américas"
140,0.515713495478718,0.373155886992421,0.666215173338683,NA,"sintetico_postestratificado",FALSE,0.293059286346262,"07","028","Chiapilla"
141,0.505027190026236,0.366241886674322,0.647973963337415,NA,"sintetico_postestratificado",FALSE,0.281732076663093,"07","029","Chicoasén"
142,0.473319094516413,0.3297783899796,0.62659483509241,NA,"sintetico_postestratificado",FALSE,0.296816445112811,"07","091","Tapilula"
143,0.527315594381426,0.37317203126795,0.674883935636698,NA,"sintetico_postestratificado",FALSE,0.301711904368748,"07","073","Rayón"
144,0.551891879966811,0.398643250443924,0.682064819625843,NA,"sintetico_postestratificado",FALSE,0.283421569181919,"07","030","Chicomuselo"
145,0.593215169456192,0.463061677596298,0.71266611922216,NA,"sintetico_postestratificado",FALSE,0.249604441625862,"07","044","Ixtapa"
146,0.430693386073276,0.299356016986989,0.569641296626525,6,"muestra_directa",TRUE,0.270285279639536,"07","008","Ángel Albino Corzo"
147,0.523663054647028,0.379694065568419,0.663885222224937,NA,"sintetico_postestratificado",FALSE,0.284191156656518,"07","009","Arriaga"
148,0.568877023616671,0.440211405213526,0.692678609802994,9,"muestra_directa",TRUE,0.252467204589468,"07","031","Chilón"
149,0.511064652127467,0.352948360876709,0.658984936071078,NA,"sintetico_postestratificado",FALSE,0.306036575194369,"07","043","Ixtacomitán"
150,0.559308232977827,0.423548226340947,0.688443314031453,NA,"sintetico_postestratificado",FALSE,0.264895087690506,"07","017","Cintalapa de Figueroa"
151,0.562657773240075,0.41596211205444,0.706141620430704,NA,"sintetico_postestratificado",FALSE,0.290179508376264,"07","119","Santiago el Pinar"
152,0.560566582209993,0.410760144653243,0.698453997350239,NA,"sintetico_postestratificado",FALSE,0.287693852696996,"07","116","Marqués de Comillas"
153,0.587339404776906,0.449687020815406,0.712477292937193,NA,"sintetico_postestratificado",FALSE,0.262790272121787,"07","060","Ocotepec"
154,0.493604888076288,0.345889314993895,0.647988199533899,1,"muestra_directa",TRUE,0.302098884540003,"07","058","Nicolás Ruíz"
155,0.518147371334093,0.364754441927693,0.664159758754842,NA,"sintetico_postestratificado",FALSE,0.29940531682715,"07","041","La Independencia"
156,0.514727907122847,0.377458675982005,0.650415171909088,8,"muestra_directa",TRUE,0.272956495927083,"07","040","Huixtla"
157,0.605983928618826,0.465234797084233,0.729204380757312,NA,"sintetico_postestratificado",FALSE,0.263969583673079,"07","056","Mitontic"
158,0.5137841979225,0.383726064373411,0.641956447292281,11,"muestra_directa",FALSE,0.25823038291887,"07","039","Huitiupán"
159,0.461160943954529,0.32943177132123,0.587431268020439,14,"muestra_directa",FALSE,0.257999496699209,"07","099","La Trinitaria"
160,0.517876517802756,0.380180415700474,0.652735109919269,NA,"sintetico_postestratificado",FALSE,0.272554694218795,"07","097","Tonalá"
161,0.554764165372876,0.417108132890693,0.700540028177258,NA,"sintetico_postestratificado",FALSE,0.283431895286565,"07","096","Tila"
162,0.547264877496269,0.399865869213082,0.682343337412164,NA,"sintetico_postestratificado",FALSE,0.282477468199082,"07","118","San Andrés Duraznal"
163,0.506875686536237,0.364851515061847,0.650203108321543,NA,"sintetico_postestratificado",FALSE,0.285351593259696,"07","122","El Parral"
164,0.48516421383183,0.347482908981308,0.630141312634491,NA,"sintetico_postestratificado",FALSE,0.282658403653183,"07","038","Huixtán"
165,0.476884647791896,0.329365930541511,0.625187722907655,NA,"sintetico_postestratificado",FALSE,0.295821792366143,"07","001","Acacoyagua"
166,0.521059522791787,0.369600624762105,0.668879947875176,NA,"sintetico_postestratificado",FALSE,0.299279323113071,"07","036","La Grandeza"
167,0.514972405034195,0.374857948573579,0.65203064630514,NA,"sintetico_postestratificado",FALSE,0.277172697731561,"07","002","Acala"
168,0.485256500215558,0.340447013588449,0.636310666316686,NA,"sintetico_postestratificado",FALSE,0.295863652728237,"07","003","Acapetahua"
169,0.5205001172842,0.375596974427581,0.665943385326919,NA,"sintetico_postestratificado",FALSE,0.290346410899338,"07","011","Bella Vista"
170,0.541404691088722,0.407261188389614,0.673203745372308,NA,"sintetico_postestratificado",FALSE,0.265942556982694,"07","012","Berriozábal"
171,0.557851822546789,0.416251199024397,0.694107734606839,NA,"sintetico_postestratificado",FALSE,0.277856535582442,"07","072","Pueblo Nuevo Solistahuacán"
172,0.553538287987303,0.407711108749591,0.691868312231624,NA,"sintetico_postestratificado",FALSE,0.284157203482033,"07","037","Huehuetán"
173,0.570508313385944,0.429492845120119,0.703878565073065,NA,"sintetico_postestratificado",FALSE,0.274385719952947,"07","023","Chamula"
174,0.496324153234922,0.349143423110479,0.641940595062971,NA,"sintetico_postestratificado",FALSE,0.292797171952493,"07","010","Bejucal de Ocampo"
175,0.510570270986442,0.364771154568991,0.64748123207573,NA,"sintetico_postestratificado",FALSE,0.282710077506739,"07","004","Altamirano"
176,0.511170940471912,0.358538626506163,0.644771916838943,NA,"sintetico_postestratificado",FALSE,0.286233290332779,"07","005","Amatán"
177,0.485519059283788,0.324904183983538,0.640450278959839,NA,"sintetico_postestratificado",FALSE,0.315546094976301,"07","035","Frontera Hidalgo"
178,0.475213622756069,0.326317791884867,0.622056305516877,NA,"sintetico_postestratificado",FALSE,0.295738513632009,"07","032","Escuintla"
179,0.516743400830648,0.388998029275583,0.637702553240963,6,"muestra_directa",TRUE,0.24870452396538,"07","013","Bochil"
180,0.53100628836274,0.388794775947046,0.668219356467974,NA,"sintetico_postestratificado",FALSE,0.279424580520928,"07","014","El Bosque"
181,0.498959063141877,0.352063354792146,0.65131605494165,NA,"sintetico_postestratificado",FALSE,0.299252700149504,"07","069","Pijijiapan"
182,0.535149784230146,0.402672234499637,0.668981848772368,7,"muestra_directa",TRUE,0.266309614272731,"07","094","Teopisca"
183,0.530318805104953,0.385709962931395,0.677290045143984,NA,"sintetico_postestratificado",FALSE,0.291580082212589,"07","092","Tecpatán"
184,0.576096306791672,0.4151668157786,0.731380446463809,NA,"sintetico_postestratificado",FALSE,0.31621363068521,"07","015","Cacahoatán"
185,0.556366855964459,0.408457953006909,0.694948339132224,NA,"sintetico_postestratificado",FALSE,0.286490386125315,"07","016","Catazajá"
186,0.536689508617534,0.399584810900625,0.676988027710748,NA,"sintetico_postestratificado",FALSE,0.277403216810122,"07","047","Jitotol"
187,0.502729592526781,0.355898544892359,0.647178744739844,NA,"sintetico_postestratificado",FALSE,0.291280199847485,"07","006","Amatenango de la Frontera"
188,0.562892082235866,0.440246965033687,0.686536408741621,7,"muestra_directa",TRUE,0.246289443707934,"07","078","San Cristóbal de las Casas"
189,0.513152056511298,0.361596830637038,0.652637519813546,NA,"sintetico_postestratificado",FALSE,0.291040689176508,"07","033","Francisco León"
190,0.476142893541185,0.316572864960087,0.628591073942608,NA,"sintetico_postestratificado",FALSE,0.312018208982522,"07","117","Montecristo de Guerrero"
191,0.488658569730568,0.348316235915509,0.629542448883765,4,"muestra_directa",TRUE,0.281226212968256,"07","115","Maravilla Tenejapa"
192,0.538899865836884,0.374343538009228,0.691524118286067,NA,"sintetico_postestratificado",FALSE,0.31718058027684,"07","071","Villa Comaltitlán"
193,0.488990996519916,0.341936397629927,0.635195265092686,NA,"sintetico_postestratificado",FALSE,0.293258867462759,"07","066","Pantelhó"
194,0.50058454348882,0.357551055278755,0.645724114025862,NA,"sintetico_postestratificado",FALSE,0.288173058747107,"07","113","Aldama"
195,0.492862443192483,0.3485154209445,0.637520975863457,NA,"sintetico_postestratificado",FALSE,0.289005554918957,"07","098","Totolapa"
196,0.49948207626231,0.352001646079878,0.636827791564371,NA,"sintetico_postestratificado",FALSE,0.284826145484493,"07","093","Tenejapa"
197,0.503493682155654,0.362890621036018,0.653160866017251,NA,"sintetico_postestratificado",FALSE,0.290270244981233,"07","064","Oxchuc"
198,0.510219080922131,0.374354414116943,0.644702961536132,NA,"sintetico_postestratificado",FALSE,0.270348547419188,"07","059","Ocosingo"
199,0.479280896738287,0.341522761784396,0.61227556248666,3,"muestra_directa",TRUE,0.270752800702265,"07","061","Ocozocoautla de Espinosa"
200,0.55739173876738,0.411246483788186,0.69604563413355,NA,"sintetico_postestratificado",FALSE,0.284799150345364,"07","088","Sunuapa"
201,0.476994933011418,0.32633862287741,0.622860856984116,4,"muestra_directa",TRUE,0.296522234106705,"07","087","Suchiate"
202,0.433353112943274,0.293693901054135,0.583671652592565,NA,"sintetico_postestratificado",FALSE,0.289977751538429,"07","085","Soyaló"
203,0.484822144781104,0.341278904791844,0.632698205370965,NA,"sintetico_postestratificado",FALSE,0.29141930057912,"07","124","Mezcalapa"
204,0.496543223984605,0.352653997605089,0.63941944963705,NA,"sintetico_postestratificado",FALSE,0.286765452031961,"07","067","Pantepec"
206,0.530141501857387,0.360308795878963,0.682813355347561,NA,"sintetico_postestratificado",FALSE,0.322504559468598,"07","055","Metapa"
207,0.532090593384127,0.379354662622368,0.662233837089004,NA,"sintetico_postestratificado",FALSE,0.282879174466636,"07","123","Emiliano Zapata"
208,0.504604053379275,0.358724437392439,0.655258482631767,NA,"sintetico_postestratificado",FALSE,0.296534045239328,"07","034","Frontera Comalapa"
209,0.590806332830044,0.448045649089632,0.732051725319399,NA,"sintetico_postestratificado",FALSE,0.284006076229767,"08","067","Valle de Zaragoza"
210,0.609130365257147,0.471099991308186,0.738717064920329,NA,"sintetico_postestratificado",FALSE,0.267617073612143,"08","043","Matachí"
211,0.600002711147599,0.462063263508094,0.727892498939295,NA,"sintetico_postestratificado",FALSE,0.265829235431201,"08","058","San Francisco de Conchos"
212,0.624179847125936,0.47744445746099,0.756691456161888,NA,"sintetico_postestratificado",FALSE,0.279246998700898,"08","056","Rosario"
213,0.60555393195679,0.463427883531259,0.747789076629326,NA,"sintetico_postestratificado",FALSE,0.284361193098068,"08","054","Riva Palacio"
214,0.613897481537432,0.471397461456785,0.73283090896157,NA,"sintetico_postestratificado",FALSE,0.261433447504786,"08","018","Cusihuiriachi"
215,0.599560419922776,0.469749654565859,0.717104057280416,NA,"sintetico_postestratificado",FALSE,0.247354402714557,"08","007","Balleza"
216,0.583308582094634,0.450134325534299,0.707102309761308,NA,"sintetico_postestratificado",FALSE,0.256967984227009,"08","001","Ahumada"
217,0.553791904423649,0.404579469018225,0.697256033447951,NA,"sintetico_postestratificado",FALSE,0.292676564429726,"08","041","Maguarichi"
218,0.591243960860296,0.442647592895787,0.722996457760404,NA,"sintetico_postestratificado",FALSE,0.280348864864617,"08","057","San Francisco de Borja"
219,0.511841979930685,0.353709080450404,0.668535645445219,NA,"sintetico_postestratificado",FALSE,0.314826564994815,"08","053","Praxedis G. Guerrero"
220,0.500412948077957,0.365256001416569,0.644707194680706,NA,"sintetico_postestratificado",FALSE,0.279451193264138,"08","051","Ocampo"
221,0.533773183328543,0.422524948662389,0.646630607759555,21,"muestra_directa",FALSE,0.224105659097167,"08","050","Nuevo Casas Grandes"
222,0.535914691087704,0.396301156718443,0.664939543713451,3,"muestra_directa",TRUE,0.268638386995008,"08","031","Guerrero"
223,0.587183148489251,0.451796468417529,0.717101024245516,1,"muestra_directa",TRUE,0.265304555827987,"08","055","Rosales"
224,0.541422334377311,0.398938833309081,0.675435352949967,3,"muestra_directa",TRUE,0.276496519640886,"08","025","Gómez Farías"
225,0.57403437482908,0.439662158079628,0.691760579714007,4,"muestra_directa",TRUE,0.252098421634379,"08","023","Galeana"
226,0.611820570203967,0.470712566993259,0.739742116858049,NA,"sintetico_postestratificado",FALSE,0.26902954986479,"08","022","Dr. Belisario Domínguez"
227,0.628186397258186,0.498560437169276,0.750716524529346,NA,"sintetico_postestratificado",FALSE,0.25215608736007,"08","014","Coronado"
228,0.599798751015975,0.468672737724968,0.72220649046287,NA,"sintetico_postestratificado",FALSE,0.253533752737902,"08","003","Allende"
229,0.655499440366135,0.533793209067582,0.771601798649415,20,"muestra_directa",FALSE,0.237808589581833,"08","021","Delicias"
230,0.590458091532237,0.449880937090172,0.724888972326232,NA,"sintetico_postestratificado",FALSE,0.275008035236061,"08","020","Chínipas"
231,0.619158332710978,0.491973333117543,0.729716913019132,7,"muestra_directa",TRUE,0.237743579901589,"08","017","Cuauhtémoc"
232,0.588453903826792,0.443012169474877,0.719179672677848,NA,"sintetico_postestratificado",FALSE,0.276167503202971,"08","016","La Cruz"
233,0.564197353148231,0.422919884780465,0.692732001737752,NA,"sintetico_postestratificado",FALSE,0.269812116957287,"08","015","Coyame del Sotol"
234,0.577536235638642,0.448518728118239,0.699618807901381,6,"muestra_directa",TRUE,0.251100079783143,"08","052","Ojinaga"
235,0.618034740704012,0.478223554010966,0.747876487483046,1,"muestra_directa",TRUE,0.26965293347208,"08","013","Casas Grandes"
236,0.589877587985573,0.444552420849651,0.718770238706242,NA,"sintetico_postestratificado",FALSE,0.274217817856591,"08","012","Carichí"
237,0.541904961368254,0.429204614011853,0.665050832628574,15,"muestra_directa",FALSE,0.235846218616722,"08","011","Camargo"
238,0.582764270941667,0.43512840094972,0.715924422414508,NA,"sintetico_postestratificado",FALSE,0.280796021464788,"08","010","Buenaventura"
239,0.502514546286573,0.356922565828342,0.642261586655533,NA,"sintetico_postestratificado",FALSE,0.285339020827191,"08","009","Bocoyna"
240,0.510739666934505,0.367112147144669,0.648441167047084,NA,"sintetico_postestratificado",FALSE,0.281329019902415,"08","008","Batopilas de Manuel Gómez Morín"
241,0.507874088778063,0.356817285669936,0.654464256148017,1,"muestra_directa",TRUE,0.297646970478081,"08","006","Bachíniva"
242,0.6079796066247,0.462855432722816,0.733728512946041,2,"muestra_directa",TRUE,0.270873080223226,"08","004","Aquiles Serdán"
243,0.595802932951826,0.458140457937921,0.719081957951933,NA,"sintetico_postestratificado",FALSE,0.260941500014012,"08","005","Ascensión"
244,0.655513523510709,0.529288626773475,0.774018640473962,9,"muestra_directa",TRUE,0.244730013700487,"08","032","Hidalgo del Parral"
245,0.591801876496081,0.462159810645814,0.716348600861653,NA,"sintetico_postestratificado",FALSE,0.254188790215839,"08","042","Manuel Benavides"
246,0.571408757597831,0.43179473158308,0.706683271883191,NA,"sintetico_postestratificado",FALSE,0.274888540300111,"08","040","Madera"
247,0.582069514267946,0.43070788923095,0.719460535954956,NA,"sintetico_postestratificado",FALSE,0.288752646724006,"08","039","López"
248,0.567931783108697,0.429328758540145,0.698669225304007,NA,"sintetico_postestratificado",FALSE,0.269340466763862,"08","038","Julimes"
249,0.583146625338211,0.448134571079491,0.708932506897171,NA,"sintetico_postestratificado",FALSE,0.260797935817681,"08","035","Janos"
250,0.576343423324992,0.43796062083465,0.708424543771589,NA,"sintetico_postestratificado",FALSE,0.270463922936939,"08","034","Ignacio Zaragoza"
251,0.616134331997635,0.479823399258403,0.74757949449583,NA,"sintetico_postestratificado",FALSE,0.267756095237427,"08","033","Huejotitán"
252,0.598925975996884,0.473473010838272,0.722884704071035,NA,"sintetico_postestratificado",FALSE,0.249411693232763,"08","063","Temósachic"
253,0.582209131763791,0.447899446334933,0.701562249421442,NA,"sintetico_postestratificado",FALSE,0.253662803086509,"08","061","Satevó"
254,0.577791218596947,0.438419001210184,0.708805633747439,NA,"sintetico_postestratificado",FALSE,0.270386632537255,"08","062","Saucillo"
255,0.621681495960735,0.480151130003729,0.743116801525126,NA,"sintetico_postestratificado",FALSE,0.262965671521397,"08","030","Guazapares"
256,0.61298828755032,0.469787980952382,0.746158452161775,NA,"sintetico_postestratificado",FALSE,0.276370471209393,"08","028","Guadalupe"
257,0.613148806556554,0.468202956859721,0.730553710001249,NA,"sintetico_postestratificado",FALSE,0.262350753141529,"08","027","Guachochi"
258,0.511576608154059,0.377729839234423,0.640167804261646,NA,"sintetico_postestratificado",FALSE,0.262437965027223,"08","026","Gran Morelos"
259,0.608573788406887,0.516453651844526,0.698359402240664,57,"muestra_directa",FALSE,0.181905750396139,"08","019","Chihuahua"
260,0.592625351202619,0.464864861841987,0.709061601906402,7,"muestra_directa",TRUE,0.244196740064415,"08","064","El Tule"
261,0.591736671985417,0.457615510604784,0.718970617839102,NA,"sintetico_postestratificado",FALSE,0.261355107234319,"08","024","Santa Isabel"
262,0.596903929811909,0.501398196667524,0.689584375296029,69,"muestra_directa",FALSE,0.188186178628506,"08","037","Juárez"
263,0.607312325291883,0.463568684078395,0.734949628110694,NA,"sintetico_postestratificado",FALSE,0.271380944032299,"08","059","San Francisco del Oro"
264,0.629825255596199,0.491844783962747,0.753730416923477,NA,"sintetico_postestratificado",FALSE,0.26188563296073,"08","066","Uruachi"
265,0.630291087445681,0.487000287351927,0.756559168502023,NA,"sintetico_postestratificado",FALSE,0.269558881150095,"08","065","Urique"
266,0.606595770902001,0.47223130343843,0.734809258359894,NA,"sintetico_postestratificado",FALSE,0.262577954921464,"08","060","Santa Bárbara"
267,0.61915371285118,0.484613384984781,0.748197892881437,NA,"sintetico_postestratificado",FALSE,0.263584507896656,"08","044","Matamoros"
268,0.643795404434063,0.501251092679991,0.763786283275618,NA,"sintetico_postestratificado",FALSE,0.262535190595627,"08","045","Meoqui"
269,0.600439754680881,0.459871473723884,0.738146412457937,NA,"sintetico_postestratificado",FALSE,0.278274938734053,"08","046","Morelos"
270,0.59554650822538,0.455199882579582,0.718681897140693,NA,"sintetico_postestratificado",FALSE,0.263482014561111,"08","047","Moris"
271,0.579443634627519,0.439347567284053,0.704688755970844,NA,"sintetico_postestratificado",FALSE,0.26534118868679,"08","048","Namiquipa"
272,0.617232818017676,0.491964665459538,0.744743380678998,NA,"sintetico_postestratificado",FALSE,0.252778715219459,"08","029","Guadalupe y Calvo"
273,0.616175859758471,0.492424377037366,0.73167211547741,10,"muestra_directa",FALSE,0.239247738440044,"08","036","Jiménez"
274,0.537304951252196,0.397488012394021,0.669550804061214,NA,"sintetico_postestratificado",FALSE,0.272062791667193,"08","049","Nonoava"
275,0.591691864717097,0.483351006945253,0.70556139265393,13,"muestra_directa",FALSE,0.222210385708677,"08","002","Aldama"
276,0.633814650009643,0.537539827737607,0.731428787733228,41,"muestra_directa",FALSE,0.193888959995621,"09","012","Tlalpan"
277,0.644263930192788,0.528747634787256,0.74989118740542,15,"muestra_directa",FALSE,0.221143552618164,"09","009","Milpa Alta"
278,0.640738587141088,0.518332826682498,0.755002556157628,16,"muestra_directa",FALSE,0.23666972947513,"09","015","Cuauhtémoc"
279,0.697031276506781,0.629100962502387,0.757581295739921,138,"muestra_directa",FALSE,0.128480333237534,"09","007","Iztapalapa"
280,0.656981536291455,0.533301256532252,0.772918832144866,22,"muestra_directa",FALSE,0.239617575612614,"09","008","La Magdalena Contreras"
281,0.625307956063024,0.527445272275985,0.721798431093926,40,"muestra_directa",FALSE,0.194353158817941,"09","010","Álvaro Obregón"
282,0.593712099746551,0.472241137909038,0.706849746062058,17,"muestra_directa",FALSE,0.234608608153021,"09","003","Coyoacán"
283,0.653152684064158,0.533191949905558,0.768968140984544,13,"muestra_directa",FALSE,0.235776191078986,"09","016","Miguel Hidalgo"
284,0.635446142241664,0.501338722825466,0.756137031392087,3,"muestra_directa",TRUE,0.254798308566621,"09","004","Cuajimalpa de Morelos"
285,0.602931765523058,0.492544194839836,0.706879403462022,34,"muestra_directa",FALSE,0.214335208622186,"09","006","Iztacalco"
286,0.63344667006793,0.51378394396646,0.735611229863613,21,"muestra_directa",FALSE,0.221827285897153,"09","011","Tláhuac"
287,0.546623465253216,0.439985069943162,0.64121505251071,28,"muestra_directa",FALSE,0.201229982567547,"09","013","Xochimilco"
288,0.705152218673297,0.618417666269128,0.781651917497381,72,"muestra_directa",FALSE,0.163234251228253,"09","005","Gustavo A. Madero"
289,0.667014729196257,0.550558712093342,0.76901788896562,22,"muestra_directa",FALSE,0.218459176872278,"09","002","Azcapotzalco"
290,0.632575032960171,0.529375081847436,0.730433231620237,36,"muestra_directa",FALSE,0.201058149772801,"09","017","Venustiano Carranza"
291,0.628320707730595,0.498360304926846,0.739282126065004,9,"muestra_directa",TRUE,0.240921821138158,"09","014","Benito Juárez"
292,0.639512132136614,0.523227647430051,0.753402827507461,13,"muestra_directa",FALSE,0.23017518007741,"10","006","General Simón Bolívar"
293,0.580694276991418,0.463084456700157,0.699919715292813,17,"muestra_directa",FALSE,0.236835258592656,"10","008","Guadalupe Victoria"
294,0.562626628950316,0.423808036079014,0.701941706082752,NA,"sintetico_postestratificado",FALSE,0.278133670003738,"10","009","Guanaceví"
295,0.627157573265158,0.492449982853538,0.741843209035033,NA,"sintetico_postestratificado",FALSE,0.249393226181496,"10","010","Hidalgo"
296,0.595892575410356,0.450152334184425,0.736606691062359,NA,"sintetico_postestratificado",FALSE,0.286454356877933,"10","029","San Luis del Cordero"
297,0.593632408853285,0.453918197015693,0.71891522415295,NA,"sintetico_postestratificado",FALSE,0.264997027137257,"10","031","Santa Clara"
298,0.575662038558698,0.42957767807479,0.701224582383392,NA,"sintetico_postestratificado",FALSE,0.271646904308602,"10","011","Indé"
299,0.60352720011974,0.475299728830437,0.73139135676421,7,"muestra_directa",TRUE,0.256091627933773,"10","038","Vicente Guerrero"
300,0.549126352718388,0.415710249494581,0.686639454152162,NA,"sintetico_postestratificado",FALSE,0.270929204657582,"10","030","San Pedro del Gallo"
301,0.605454436859513,0.473304985175798,0.73442021745479,NA,"sintetico_postestratificado",FALSE,0.261115232278993,"10","023","Pueblo Nuevo"
302,0.565176838111285,0.432516465094588,0.692285689442417,NA,"sintetico_postestratificado",FALSE,0.259769224347829,"10","025","San Bernardo"
303,0.548390515396092,0.427174338778619,0.676258773765004,4,"muestra_directa",TRUE,0.249084434986385,"10","032","Santiago Papasquiaro"
304,0.595488453445186,0.452686738200113,0.725363800181338,NA,"sintetico_postestratificado",FALSE,0.272677061981225,"10","027","San Juan de Guadalupe"
305,0.532735492469297,0.436685717352402,0.62611214431622,46,"muestra_directa",FALSE,0.189426426963818,"10","007","Gómez Palacio"
306,0.557861640118725,0.423999035524348,0.689966612120433,NA,"sintetico_postestratificado",FALSE,0.265967576596085,"10","015","Nazas"
307,0.575108442756553,0.430140023190002,0.713876650925316,NA,"sintetico_postestratificado",FALSE,0.283736627735313,"10","035","Tepehuanes"
308,0.608333280101597,0.47451873183879,0.725254610717374,3,"muestra_directa",TRUE,0.250735878878584,"10","022","Poanas"
309,0.654570537417121,0.543217709160218,0.764067873611704,9,"muestra_directa",TRUE,0.220850164451486,"10","028","San Juan del Río"
310,0.57887159567435,0.441588467130335,0.707509984974841,NA,"sintetico_postestratificado",FALSE,0.265921517844506,"10","017","Ocampo"
311,0.530207582866387,0.398078178094492,0.67001167027884,NA,"sintetico_postestratificado",FALSE,0.271933492184348,"10","001","Canatlán"
312,0.634122284139028,0.543950771273587,0.717997831643608,75,"muestra_directa",FALSE,0.174047060370021,"10","005","Durango"
313,0.563754439668124,0.431626066976872,0.695079729184924,NA,"sintetico_postestratificado",FALSE,0.263453662208052,"10","037","Topia"
314,0.560869818822895,0.441456991605299,0.680885568127172,12,"muestra_directa",FALSE,0.239428576521874,"10","033","Súchil"
315,0.576838216214087,0.437297795063978,0.706908593754461,NA,"sintetico_postestratificado",FALSE,0.269610798690484,"10","036","Tlahualilo"
316,0.638199830102963,0.52912548311967,0.737067445305534,29,"muestra_directa",FALSE,0.207941962185864,"10","012","Lerdo"
317,0.540566028053673,0.400482070818714,0.683548255430967,NA,"sintetico_postestratificado",FALSE,0.283066184612254,"10","014","Mezquital"
318,0.550363939945863,0.409090635931272,0.684277220010789,NA,"sintetico_postestratificado",FALSE,0.275186584079517,"10","026","San Dimas"
319,0.561532524825364,0.413541825384295,0.704743148136018,NA,"sintetico_postestratificado",FALSE,0.291201322751723,"10","019","Otáez"
320,0.556372531498953,0.41843966961398,0.684307681900068,NA,"sintetico_postestratificado",FALSE,0.265868012286088,"10","034","Tamazula"
321,0.562398671944092,0.430790070112821,0.690099266189457,7,"muestra_directa",TRUE,0.259309196076636,"10","013","Mapimí"
322,0.624021307640865,0.492302500116728,0.743841615284541,10,"muestra_directa",FALSE,0.251539115167813,"10","016","Nombre de Dios"
323,0.558711678157546,0.41112301851281,0.688371934191584,NA,"sintetico_postestratificado",FALSE,0.277248915678774,"10","018","El Oro"
324,0.54476840993436,0.411449688806689,0.685357342515486,NA,"sintetico_postestratificado",FALSE,0.273907653708797,"10","020","Pánuco de Coronado"
325,0.566981598928138,0.42895345857444,0.69244952371246,NA,"sintetico_postestratificado",FALSE,0.263496065138021,"10","002","Canelas"
326,0.603906926943285,0.472172425100752,0.73134320055438,4,"muestra_directa",TRUE,0.259170775453628,"10","039","Nuevo Ideal"
327,0.569228413635125,0.435559468940254,0.698380205097026,3,"muestra_directa",TRUE,0.262820736156772,"10","021","Peñón Blanco"
328,0.55930945879581,0.417662563163803,0.692295790032841,NA,"sintetico_postestratificado",FALSE,0.274633226869038,"10","003","Coneto de Comonfort"
329,0.588095859869794,0.442036317212492,0.713381100448834,NA,"sintetico_postestratificado",FALSE,0.271344783236342,"10","024","Rodeo"
330,0.591388968494124,0.464249790308627,0.71167386380877,NA,"sintetico_postestratificado",FALSE,0.247424073500142,"10","004","Cuencamé"
331,0.589311543484783,0.463312764950303,0.700988577686607,11,"muestra_directa",FALSE,0.237675812736304,"11","019","Jerécuaro"
332,0.655650557512493,0.584672155185089,0.719830870313968,179,"muestra_directa",FALSE,0.135158715128879,"11","020","León"
333,0.589883296219322,0.454196657422034,0.720860390322794,NA,"sintetico_postestratificado",FALSE,0.266663732900761,"11","021","Moroleón"
334,0.605090079666915,0.493011935309356,0.708993376405881,26,"muestra_directa",FALSE,0.215981441096525,"11","023","Pénjamo"
335,0.582574280615045,0.453493816615869,0.71048111222272,NA,"sintetico_postestratificado",FALSE,0.256987295606851,"11","038","Tarandacuao"
336,0.642027345273839,0.529905985409294,0.751527356167599,11,"muestra_directa",FALSE,0.221621370758305,"11","039","Tarimoro"
337,0.589654538860758,0.453846400945202,0.720550369040129,NA,"sintetico_postestratificado",FALSE,0.266703968094927,"11","040","Tierra Blanca"
338,0.610046916610268,0.496569964185952,0.718543020618764,17,"muestra_directa",FALSE,0.221973056432812,"11","041","Uriangato"
339,0.618678875413654,0.505127076677197,0.741445169863795,12,"muestra_directa",FALSE,0.236318093186597,"11","002","Acámbaro"
340,0.543492155973701,0.411089388744166,0.66593997556638,7,"muestra_directa",TRUE,0.254850586822213,"11","012","Cuerámaro"
341,0.598605852763468,0.47540021377713,0.718199102521782,11,"muestra_directa",FALSE,0.242798888744652,"11","013","Doctor Mora"
342,0.65536482902019,0.546820453733093,0.756732166312984,21,"muestra_directa",FALSE,0.209911712579891,"11","014","Dolores Hidalgo Cuna de la Independencia Nacional"
343,0.617204139306326,0.500690629177036,0.72667225730297,11,"muestra_directa",FALSE,0.225981628125934,"11","022","Ocampo"
344,0.582427253340402,0.443583315836732,0.723144237460238,NA,"sintetico_postestratificado",FALSE,0.279560921623505,"11","024","Pueblo Nuevo"
345,0.623659814104331,0.515447560127951,0.728500603217441,20,"muestra_directa",FALSE,0.21305304308949,"11","030","San Felipe"
346,0.567212808666618,0.428176354453214,0.70612780554657,NA,"sintetico_postestratificado",FALSE,0.277951451093356,"11","036","Santiago Maravatío"
347,0.589490183033306,0.487481146142505,0.673001994286889,55,"muestra_directa",FALSE,0.185520848144384,"11","007","Celaya"
348,0.530573939140445,0.412533730876206,0.635258986781621,25,"muestra_directa",FALSE,0.222725255905415,"11","027","Salamanca"
349,0.592348771779089,0.461929812998498,0.723033000235973,2,"muestra_directa",TRUE,0.261103187237475,"11","035","Santa Cruz de Juventino Rosas"
350,0.590253584806084,0.453049198581456,0.721621685120683,2,"muestra_directa",TRUE,0.268572486539228,"11","011","Cortazar"
351,0.592108494691975,0.467898444733225,0.716952169747709,9,"muestra_directa",TRUE,0.249053725014484,"11","031","San Francisco del Rincón"
352,0.58230770810338,0.462130441316007,0.702195856750694,12,"muestra_directa",FALSE,0.240065415434687,"11","025","Purísima del Rincón"
353,0.586748315920927,0.458377429679952,0.710435951398964,3,"muestra_directa",TRUE,0.252058521719011,"11","026","Romita"
354,0.603168924493793,0.475689788394948,0.717326119773171,9,"muestra_directa",TRUE,0.241636331378224,"11","028","Salvatierra"
355,0.624109114768793,0.501952583275235,0.749597671339646,2,"muestra_directa",TRUE,0.24764508806441,"11","029","San Diego de la Unión"
356,0.5504101242674,0.425826957445296,0.665569265088991,14,"muestra_directa",FALSE,0.239742307643695,"11","032","San José Iturbide"
357,0.580639855801381,0.455527374899542,0.688121792379092,13,"muestra_directa",FALSE,0.23259441747955,"11","033","San Luis de la Paz"
358,0.603662786146595,0.464987730556824,0.727002512176987,NA,"sintetico_postestratificado",FALSE,0.262014781620163,"11","034","Santa Catarina"
359,0.598234105992413,0.481166686026197,0.703698369627021,25,"muestra_directa",FALSE,0.222531683600824,"11","037","Silao de la Victoria"
360,0.62115649763203,0.507379370973333,0.724841525179807,21,"muestra_directa",FALSE,0.217462154206474,"11","042","Valle de Santiago"
361,0.592191836498899,0.457645321252382,0.719514217060364,2,"muestra_directa",TRUE,0.261868895807982,"11","043","Victoria"
362,0.567630661318271,0.433079093131697,0.696711723241241,NA,"sintetico_postestratificado",FALSE,0.263632630109544,"11","045","Xichú"
363,0.599984543890736,0.471983653956848,0.714952130892105,15,"muestra_directa",FALSE,0.242968476935257,"11","044","Villagrán"
364,0.60729891725286,0.474998647817838,0.722733010626937,6,"muestra_directa",TRUE,0.2477343628091,"11","046","Yuriria"
365,0.593172239688244,0.4709307503114,0.711373638933192,7,"muestra_directa",TRUE,0.240442888621792,"11","001","Abasolo"
366,0.565528032849397,0.443786701800802,0.684494122570754,14,"muestra_directa",FALSE,0.240707420769952,"11","003","San Miguel de Allende"
367,0.619516743972837,0.498502218385374,0.737418696882096,13,"muestra_directa",FALSE,0.238916478496721,"11","004","Apaseo el Alto"
368,0.592865640792553,0.480818281050766,0.708905665862905,18,"muestra_directa",FALSE,0.228087384812139,"11","005","Apaseo el Grande"
369,0.562287015602922,0.422572958753819,0.701418907687462,NA,"sintetico_postestratificado",FALSE,0.278845948933643,"11","006","Atarjea"
370,0.58610102067148,0.45730124077867,0.702379272727332,1,"muestra_directa",TRUE,0.245078031948662,"11","008","Manuel Doblado"
371,0.615642230726212,0.489735998453481,0.729658499407258,9,"muestra_directa",TRUE,0.239922500953776,"11","009","Comonfort"
372,0.578104076844647,0.434768101261042,0.70799166387169,NA,"sintetico_postestratificado",FALSE,0.273223562610649,"11","010","Coroneo"
373,0.628135896749118,0.521519157346957,0.723754271258348,29,"muestra_directa",FALSE,0.202235113911392,"11","015","Guanajuato"
374,0.56110041888668,0.436071173995727,0.684366859912162,11,"muestra_directa",FALSE,0.248295685916435,"11","016","Huanímaro"
375,0.579983632479736,0.486288841840079,0.675574001380729,60,"muestra_directa",FALSE,0.18928515954065,"11","017","Irapuato"
376,0.610007716234067,0.486544845048401,0.720965669783923,11,"muestra_directa",FALSE,0.234420824735522,"11","018","Jaral del Progreso"
377,0.583789988655472,0.4481389227182,0.710218230572138,NA,"sintetico_postestratificado",FALSE,0.262079307853937,"12","033","Huamuxtitlán"
378,0.583362326711843,0.441016940997599,0.70835145239713,2,"muestra_directa",TRUE,0.267334511399531,"12","031","General Canuto A. Neri"
381,0.500393985398317,0.356513204668187,0.637142371361396,NA,"sintetico_postestratificado",FALSE,0.280629166693209,"12","073","Zirándaro"
382,0.536816461037806,0.387074259003266,0.667851624821569,NA,"sintetico_postestratificado",FALSE,0.280777365818303,"12","065","Tlalixtaquilla de Maldonado"
383,0.4702765611346,0.326680046510713,0.617968762843321,NA,"sintetico_postestratificado",FALSE,0.291288716332609,"12","047","Pedro Ascencio Alquisiras"
384,0.526627346914338,0.380031401983101,0.655714141301964,NA,"sintetico_postestratificado",FALSE,0.275682739318863,"12","054","San Miguel Totolapan"
385,0.553534330263217,0.405768480789058,0.695547259095327,1,"muestra_directa",TRUE,0.289778778306269,"12","053","San Marcos"
386,0.581742716924103,0.440039640531714,0.708177605389328,NA,"sintetico_postestratificado",FALSE,0.268137964857614,"12","066","Tlapa de Comonfort"
387,0.55501381834983,0.411157274016888,0.694130592121737,NA,"sintetico_postestratificado",FALSE,0.282973318104848,"12","048","Petatlán"
388,0.54268817150945,0.413539594919248,0.6744947223926,9,"muestra_directa",TRUE,0.260955127473352,"12","007","Arcelia"
389,0.527344194837418,0.398282176404564,0.654569780075122,7,"muestra_directa",TRUE,0.256287603670558,"12","012","Ayutla de los Libres"
390,0.589406344309994,0.447621421097656,0.718653516383559,NA,"sintetico_postestratificado",FALSE,0.271032095285903,"12","006","Apaxtla"
391,0.550608040144187,0.423739431326481,0.682166978954097,NA,"sintetico_postestratificado",FALSE,0.258427547627616,"12","010","Atlixtac"
392,0.599181813825524,0.468302905852265,0.719472099330203,3,"muestra_directa",TRUE,0.251169193477938,"12","011","Atoyac de Álvarez"
393,0.666817953559453,0.549047331444327,0.781591416580879,9,"muestra_directa",TRUE,0.232544085136552,"12","032","General Heliodoro Castillo"
394,0.592470312289937,0.462424022532896,0.711714609469876,NA,"sintetico_postestratificado",FALSE,0.24929058693698,"12","028","Chilapa de Álvarez"
395,0.574961315653001,0.456777857749177,0.685299892500227,13,"muestra_directa",FALSE,0.22852203475105,"12","029","Chilpancingo de los Bravo"
396,0.575794505650519,0.434962180547834,0.703588159705985,NA,"sintetico_postestratificado",FALSE,0.268625979158151,"12","004","Alcozauca de Guerrero"
397,0.509106937913475,0.363548210747111,0.660395866208464,NA,"sintetico_postestratificado",FALSE,0.296847655461353,"12","068","La Unión de Isidoro Montes de Oca"
398,0.525827192991835,0.390389371947707,0.650114265441961,9,"muestra_directa",TRUE,0.259724893494255,"12","039","Juan R. Escudero"
399,0.577723808663844,0.447413292979883,0.698211171070481,9,"muestra_directa",TRUE,0.250797878090598,"12","038","Zihuatanejo de Azueta"
400,0.580694512338844,0.44121830904566,0.710177869975711,NA,"sintetico_postestratificado",FALSE,0.268959560930051,"12","043","Metlatónoc"
401,0.555289262823695,0.406687456155067,0.697315023268281,NA,"sintetico_postestratificado",FALSE,0.290627567113214,"12","030","Florencio Villarreal"
402,0.524503239256471,0.387508097836199,0.665359507909987,2,"muestra_directa",TRUE,0.277851410073788,"12","064","Tlalchapa"
403,0.542965404145868,0.395834849120134,0.684962437280132,NA,"sintetico_postestratificado",FALSE,0.289127588159998,"12","067","Tlapehuala"
404,0.539244269312236,0.427805614028409,0.642294551619086,39,"muestra_directa",FALSE,0.214488937590677,"12","001","Acapulco de Juárez"
405,0.573479295260611,0.432749491863151,0.707037310025142,NA,"sintetico_postestratificado",FALSE,0.274287818161991,"12","019","Copalillo"
406,0.587636449128473,0.456939494292579,0.714197530414816,NA,"sintetico_postestratificado",FALSE,0.257258036122237,"12","045","Olinalá"
407,0.57874422101579,0.438349091403135,0.709171618992043,NA,"sintetico_postestratificado",FALSE,0.270822527588907,"12","008","Atenango del Río"
408,0.529584872266565,0.391725127141473,0.6634154013607,NA,"sintetico_postestratificado",FALSE,0.271690274219227,"12","009","Atlamajalcingo del Monte"
409,0.522264188695132,0.386741330716001,0.657231685407476,NA,"sintetico_postestratificado",FALSE,0.270490354691475,"12","046","Ometepec"
410,0.550836285848873,0.407794753569897,0.688134065221075,NA,"sintetico_postestratificado",FALSE,0.280339311651178,"12","036","Igualapa"
411,0.558653515741103,0.413282709504884,0.689659702849333,NA,"sintetico_postestratificado",FALSE,0.276376993344449,"12","044","Mochitlán"
412,0.575459222485956,0.441467269243823,0.698356524006207,7,"muestra_directa",TRUE,0.256889254762384,"12","042","Mártir de Cuilapan"
413,0.544678189505363,0.406040552298819,0.683318499108579,NA,"sintetico_postestratificado",FALSE,0.27727794680976,"12","040","Leonardo Bravo"
414,0.538594816549491,0.399450198731409,0.680557287079104,NA,"sintetico_postestratificado",FALSE,0.281107088347695,"12","076","Acatepec"
415,0.567760791129856,0.44532419364913,0.699032551227966,9,"muestra_directa",TRUE,0.253708357578836,"12","075","Eduardo Neri"
416,0.549958902511503,0.414088423144129,0.673344291943328,NA,"sintetico_postestratificado",FALSE,0.259255868799199,"12","074","Zitlala"
417,0.544223937177461,0.401526698774268,0.680282939853265,NA,"sintetico_postestratificado",FALSE,0.278756241078997,"12","072","Zapotitlán Tablas"
418,0.524020032516552,0.37896473563555,0.658827803122229,NA,"sintetico_postestratificado",FALSE,0.279863067486679,"12","071","Xochistlahuaca"
419,0.538324222702732,0.40142118428074,0.681707518343154,NA,"sintetico_postestratificado",FALSE,0.280286334062413,"12","070","Xochihuehuetlán"
420,0.504559232281644,0.360970207784717,0.640520382282068,NA,"sintetico_postestratificado",FALSE,0.279550174497351,"12","069","Xalpatláhuac"
421,0.55912982780386,0.416401580120166,0.697566547629277,NA,"sintetico_postestratificado",FALSE,0.281164967509111,"12","052","San Luis Acatlán"
422,0.534032906669944,0.387906781749373,0.670007264216701,NA,"sintetico_postestratificado",FALSE,0.282100482467327,"12","041","Malinaltepec"
423,0.499006396772462,0.375982872886581,0.636173258978992,3,"muestra_directa",TRUE,0.26019038609241,"12","062","Tlacoachistlahuaca"
424,0.549815992284562,0.414309034582472,0.679656577415901,NA,"sintetico_postestratificado",FALSE,0.265347542833428,"12","023","Cuajinicuilapa"
425,0.546534038848065,0.406191372831064,0.682277490083064,NA,"sintetico_postestratificado",FALSE,0.276086117252,"12","013","Azoyú"
426,0.552374020964525,0.415639349829746,0.67958813882725,NA,"sintetico_postestratificado",FALSE,0.263948788997504,"12","024","Cualác"
427,0.547188387580631,0.412914054938707,0.670446585010808,13,"muestra_directa",FALSE,0.257532530072101,"12","027","Cutzamala de Pinzón"
428,0.560852612940961,0.415437353667367,0.699279386235131,NA,"sintetico_postestratificado",FALSE,0.283842032567763,"12","037","Ixcateopan de Cuauhtémoc"
429,0.51424745428601,0.365987981598878,0.654010972376666,NA,"sintetico_postestratificado",FALSE,0.288022990777788,"12","055","Taxco de Alarcón"
430,0.512182865993718,0.365071227938191,0.651504112919843,NA,"sintetico_postestratificado",FALSE,0.286432884981652,"12","025","Cuautepec"
431,0.553390853256145,0.405947360004638,0.682919857231406,NA,"sintetico_postestratificado",FALSE,0.276972497226767,"12","026","Cuetzala del Progreso"
432,0.540144750925447,0.400911039993335,0.669698556872929,NA,"sintetico_postestratificado",FALSE,0.268787516879594,"12","059","Tepecoacuilco de Trujano"
433,0.523223556766804,0.382571102745195,0.662808300049249,NA,"sintetico_postestratificado",FALSE,0.280237197304054,"12","077","Marquelia"
434,0.534623430983407,0.383141791889743,0.679359164799196,NA,"sintetico_postestratificado",FALSE,0.296217372909453,"12","078","Cochoapa el Grande"
435,0.558394316727555,0.432531828174851,0.679944480624132,8,"muestra_directa",TRUE,0.247412652449281,"12","061","Tixtla de Guerrero"
436,0.58517719855888,0.454370158413166,0.711523207910749,NA,"sintetico_postestratificado",FALSE,0.257153049497583,"12","018","Copala"
437,0.513472845337653,0.371805998040109,0.645394676059051,4,"muestra_directa",TRUE,0.273588678018942,"12","056","Tecoanapa"
438,0.529488565050389,0.385333483357436,0.665060961823309,NA,"sintetico_postestratificado",FALSE,0.279727478465873,"12","003","Ajuchitlán del Progreso"
439,0.522035593055345,0.394960262081807,0.654903505417026,NA,"sintetico_postestratificado",FALSE,0.259943243335219,"12","002","Ahuacuotzingo"
440,0.534787046955771,0.409828532453772,0.651680625891067,11,"muestra_directa",FALSE,0.241852093437295,"12","035","Iguala de la Independencia"
441,0.542013490052999,0.389425786156154,0.686815928075926,NA,"sintetico_postestratificado",FALSE,0.297390141919771,"12","016","Coahuayutla de José María Izazaga"
442,0.561980359948223,0.42164083173916,0.701442427720631,NA,"sintetico_postestratificado",FALSE,0.279801595981471,"12","017","Cocula"
443,0.535450043148934,0.394501754692905,0.661802402968948,NA,"sintetico_postestratificado",FALSE,0.267300648276043,"12","020","Copanatoyac"
444,0.547862394412866,0.40689416532259,0.680173882688869,NA,"sintetico_postestratificado",FALSE,0.273279717366279,"12","057","Técpan de Galeana"
445,0.564373683424057,0.430577912839877,0.689132314366231,NA,"sintetico_postestratificado",FALSE,0.258554401526354,"12","021","Coyuca de Benítez"
446,0.577234021966137,0.435289107724739,0.709973655715355,NA,"sintetico_postestratificado",FALSE,0.274684547990616,"12","022","Coyuca de Catalán"
447,0.517100978079136,0.368937987066666,0.6513769237806,NA,"sintetico_postestratificado",FALSE,0.282438936713935,"12","060","Tetipac"
448,0.525023114436017,0.385426406087625,0.668693296856856,NA,"sintetico_postestratificado",FALSE,0.283266890769231,"12","063","Tlacoapa"
449,0.542105473507038,0.412187270029697,0.685795614118099,NA,"sintetico_postestratificado",FALSE,0.273608344088402,"12","058","Teloloapan"
450,0.479682240922199,0.34795112642974,0.601553734666867,10,"muestra_directa",FALSE,0.253602608237127,"12","051","Quechultenango"
451,0.537536089680443,0.383514982889093,0.6723242406833,NA,"sintetico_postestratificado",FALSE,0.288809257794207,"12","050","Pungarabato"
452,0.512164075315671,0.377189093854208,0.659514917649822,NA,"sintetico_postestratificado",FALSE,0.282325823795614,"12","081","Iliatenco"
453,0.523299635975876,0.375319923837146,0.659291176428567,NA,"sintetico_postestratificado",FALSE,0.283971252591421,"12","080","Juchitán"
454,0.519119975538735,0.390235779403386,0.66887147724584,NA,"sintetico_postestratificado",FALSE,0.278635697842454,"12","005","Alpoyeca"
455,0.523613411885899,0.376623027497079,0.665967964179402,7,"muestra_directa",TRUE,0.289344936682323,"12","014","Benito Juárez"
456,0.528196960846628,0.386241807709328,0.651787691348094,NA,"sintetico_postestratificado",FALSE,0.265545883638766,"12","015","Buenavista de Cuéllar"
457,0.491581066400567,0.362595892158496,0.622530343238984,NA,"sintetico_postestratificado",FALSE,0.259934451080489,"12","049","Pilcaya"
458,0.549773636589712,0.4083654195457,0.697812203976194,NA,"sintetico_postestratificado",FALSE,0.289446784430494,"12","079","José Joaquín de Herrera"
459,0.562044274450099,0.426814725615892,0.690828037739092,NA,"sintetico_postestratificado",FALSE,0.2640133121232,"12","034","Huitzuco de los Figueroa"
462,0.590796245173658,0.442704808830565,0.716174939750068,NA,"sintetico_postestratificado",FALSE,0.273470130919502,"13","004","Agua Blanca de Iturbide"
463,0.556477195007791,0.418944250072686,0.688168568278822,6,"muestra_directa",TRUE,0.269224318206136,"13","010","Atitalaquia"
464,0.584061334299825,0.449634699629159,0.710621428167029,NA,"sintetico_postestratificado",FALSE,0.26098672853787,"13","081","Zacualtipán de Ángeles"
465,0.54130391525104,0.403114316016802,0.671108675580757,NA,"sintetico_postestratificado",FALSE,0.267994359563955,"13","034","Lolotla"
466,0.548024478923048,0.419350800650637,0.670393282832595,4,"muestra_directa",TRUE,0.251042482181958,"13","080","Yahualica"
467,0.539337867153012,0.396706054638235,0.67234015387722,NA,"sintetico_postestratificado",FALSE,0.275634099238985,"13","079","Xochicoatlán"
468,0.50860711420933,0.385176066754724,0.631966524617846,10,"muestra_directa",FALSE,0.246790457863123,"13","041","Mixquiahuala de Juárez"
469,0.574857011570073,0.428215534677065,0.712493141824787,NA,"sintetico_postestratificado",FALSE,0.284277607147722,"13","032","Jaltocán"
470,0.566127881818155,0.435999758910348,0.692899926893924,NA,"sintetico_postestratificado",FALSE,0.256900167983575,"13","019","Chilcuautla"
471,0.626854886421898,0.48180892316973,0.741992647324906,NA,"sintetico_postestratificado",FALSE,0.260183724155177,"13","082","Zapotlán de Juárez"
472,0.552265353364659,0.413787512534676,0.691131754233133,NA,"sintetico_postestratificado",FALSE,0.277344241698457,"13","050","Progreso de Obregón"
473,0.562183334397007,0.42903236049484,0.683015756376396,NA,"sintetico_postestratificado",FALSE,0.253983395881556,"13","083","Zempoala"
474,0.582597265178839,0.457018350406039,0.705399088881208,6,"muestra_directa",TRUE,0.248380738475169,"13","018","Chapulhuacán"
475,0.597097952149866,0.46750877171003,0.727657862482113,3,"muestra_directa",TRUE,0.260149090772082,"13","035","Metepec"
476,0.556274161306883,0.423021486583033,0.687211101525368,NA,"sintetico_postestratificado",FALSE,0.264189614942335,"13","036","San Agustín Metzquititlán"
477,0.601459721301032,0.476853700267539,0.720343851567369,11,"muestra_directa",FALSE,0.24349015129983,"13","037","Metztitlán"
478,0.555134576496166,0.413516505379536,0.688002202980562,NA,"sintetico_postestratificado",FALSE,0.274485697601026,"13","020","Eloxochitlán"
479,0.571025934800664,0.425040886140136,0.707715108963692,NA,"sintetico_postestratificado",FALSE,0.282674222823556,"13","022","Epazoyucan"
480,0.579999903907633,0.44136721610628,0.715643946885153,NA,"sintetico_postestratificado",FALSE,0.274276730778872,"13","023","Francisco I. Madero"
481,0.583524273167113,0.448785632076077,0.701752422173321,NA,"sintetico_postestratificado",FALSE,0.252966790097244,"13","052","San Agustín Tlaxiaca"
482,0.612319200748297,0.483242345406183,0.729187563017942,4,"muestra_directa",TRUE,0.245945217611759,"13","024","Huasca de Ocampo"
483,0.621864401779991,0.475668567674334,0.745965212169487,NA,"sintetico_postestratificado",FALSE,0.270296644495153,"13","009","El Arenal"
484,0.613727171259175,0.476435601904545,0.740132347110308,NA,"sintetico_postestratificado",FALSE,0.263696745205763,"13","038","Mineral del Chico"
485,0.602288099472072,0.462614817423084,0.72322522720542,NA,"sintetico_postestratificado",FALSE,0.260610409782336,"13","071","Tlahuiltepa"
486,0.589925540614478,0.456389951866743,0.718941066304699,NA,"sintetico_postestratificado",FALSE,0.262551114437956,"13","064","Tepetitlán"
487,0.590535728062718,0.453788024371766,0.714830043584947,NA,"sintetico_postestratificado",FALSE,0.261042019213181,"13","053","San Bartolo Tutotepec"
488,0.57944284921787,0.45453658115427,0.707215019908352,6,"muestra_directa",TRUE,0.252678438754081,"13","008","Apan"
489,0.544990654851801,0.404299328563137,0.678432051497964,NA,"sintetico_postestratificado",FALSE,0.274132722934827,"13","007","Almoloya"
490,0.540713563853653,0.387260619628302,0.6849914841949,NA,"sintetico_postestratificado",FALSE,0.297730864566597,"13","068","Tianguistengo"
491,0.548398510265646,0.409105690230511,0.675600700811727,6,"muestra_directa",TRUE,0.266495010581216,"13","069","Tizayuca"
492,0.554760391624393,0.433879364927007,0.668668833241188,20,"muestra_directa",FALSE,0.234789468314181,"13","076","Tula de Allende"
493,0.563215052567607,0.417894499128268,0.705557569297097,NA,"sintetico_postestratificado",FALSE,0.28766307016883,"13","078","Xochiatipan"
494,0.566409617984878,0.428287545758741,0.708539086132947,NA,"sintetico_postestratificado",FALSE,0.280251540374206,"13","074","Tlaxcoapan"
495,0.541458192500575,0.410082676526701,0.666501649726075,8,"muestra_directa",TRUE,0.256418973199375,"13","051","Mineral de la Reforma"
496,0.528747541694502,0.393952119527901,0.662328490108814,NA,"sintetico_postestratificado",FALSE,0.268376370580913,"13","030","Ixmiquilpan"
497,0.541922977240491,0.404256927255222,0.683382064614263,NA,"sintetico_postestratificado",FALSE,0.279125137359041,"13","031","Jacala de Ledezma"
498,0.556501340103983,0.411731976497033,0.688297769076599,2,"muestra_directa",TRUE,0.276565792579566,"13","029","Huichapan"
499,0.571147319981583,0.425995157164719,0.707573745857299,NA,"sintetico_postestratificado",FALSE,0.28157858869258,"13","070","Tlahuelilpan"
500,0.566804458717028,0.428427841945603,0.703912103427703,NA,"sintetico_postestratificado",FALSE,0.2754842614821,"13","025","Huautla"
501,0.589505562786175,0.452825892425286,0.713776741104273,3,"muestra_directa",TRUE,0.260950848678988,"13","054","San Salvador"
502,0.563258521489255,0.43167997605373,0.689863900374676,NA,"sintetico_postestratificado",FALSE,0.258183924320946,"13","055","Santiago de Anaya"
503,0.509512447637005,0.381563884170771,0.627070679116868,10,"muestra_directa",FALSE,0.245506794946097,"13","006","Alfajayucan"
504,0.560857920507581,0.430333946896061,0.673476127386903,13,"muestra_directa",FALSE,0.243142180490843,"13","048","Pachuca de Soto"
505,0.536230866332847,0.387952818464535,0.673079711303279,NA,"sintetico_postestratificado",FALSE,0.285126892838745,"13","026","Huazalingo"
506,0.553142888344828,0.427346886368812,0.669117670889697,7,"muestra_directa",TRUE,0.241770784520885,"13","027","Huehuetla"
507,0.590473285054968,0.465645081155318,0.70640621713305,11,"muestra_directa",FALSE,0.240761135977732,"13","028","Huejutla de Reyes"
508,0.558635775291739,0.431164767648548,0.686175016638699,NA,"sintetico_postestratificado",FALSE,0.255010248990151,"13","043","Nicolás Flores"
509,0.590278545539117,0.456431804045133,0.713427394205913,NA,"sintetico_postestratificado",FALSE,0.25699559016078,"13","065","Tetepango"
510,0.603530237711434,0.468466190249349,0.725823081747485,3,"muestra_directa",TRUE,0.257356891498136,"13","063","Tepeji del Río de Ocampo"
511,0.608870233736955,0.48007221151883,0.738064965697807,NA,"sintetico_postestratificado",FALSE,0.257992754178977,"13","033","Juárez Hidalgo"
512,0.590176746361602,0.460916284702749,0.722425577437813,NA,"sintetico_postestratificado",FALSE,0.261509292735064,"13","013","Atotonilco de Tula"
513,0.541504037305793,0.393994283616938,0.677850400539892,NA,"sintetico_postestratificado",FALSE,0.283856116922954,"13","014","Calnali"
514,0.587435793043407,0.446773837723911,0.712679591269644,NA,"sintetico_postestratificado",FALSE,0.265905753545733,"13","015","Cardonal"
515,0.578723243269354,0.45202639049472,0.705019868857114,NA,"sintetico_postestratificado",FALSE,0.252993478362394,"13","016","Cuautepec de Hinojosa"
516,0.603978505959942,0.463266124172933,0.727278672219312,NA,"sintetico_postestratificado",FALSE,0.264012548046379,"13","021","Emiliano Zapata"
517,0.587747084132324,0.459838796223442,0.705247601449776,NA,"sintetico_postestratificado",FALSE,0.245408805226334,"13","005","Ajacuba"
518,0.566697142768089,0.432767132655749,0.695607717545075,NA,"sintetico_postestratificado",FALSE,0.262840584889326,"13","017","Chapantongo"
519,0.582917480488486,0.441699213435367,0.709965182918407,NA,"sintetico_postestratificado",FALSE,0.26826596948304,"13","066","Villa de Tezontepec"
520,0.571986768665211,0.445827339683997,0.695982502706043,NA,"sintetico_postestratificado",FALSE,0.250155163022046,"13","067","Tezontepec de Aldama"
521,0.530401590884256,0.388748369214167,0.672219340089749,NA,"sintetico_postestratificado",FALSE,0.283470970875582,"13","044","Nopala de Villagrán"
522,0.561167855657836,0.428852992814441,0.692481166186247,NA,"sintetico_postestratificado",FALSE,0.263628173371807,"13","045","Omitlán de Juárez"
523,0.550630799401584,0.438218970546778,0.667846636411945,16,"muestra_directa",FALSE,0.229627665865167,"13","046","San Felipe Orizatlán"
524,0.581099335785435,0.4428592214886,0.715968735594403,NA,"sintetico_postestratificado",FALSE,0.273109514105803,"13","039","Mineral del Monte"
525,0.591115858493395,0.447354390180177,0.717678225599611,NA,"sintetico_postestratificado",FALSE,0.270323835419434,"13","047","Pacula"
526,0.54630370117069,0.412824476477838,0.667864385931939,NA,"sintetico_postestratificado",FALSE,0.255039909454101,"13","049","Pisaflores"
527,0.561318401677392,0.420994154989371,0.682911128268832,4,"muestra_directa",TRUE,0.261916973279461,"13","077","Tulancingo de Bravo"
528,0.55845670622093,0.417093999210154,0.690656443766364,NA,"sintetico_postestratificado",FALSE,0.273562444556209,"13","062","Tepehuacán de Guerrero"
529,0.556733771521999,0.426422730556294,0.683608539836683,NA,"sintetico_postestratificado",FALSE,0.257185809280388,"13","003","Actopan"
530,0.518966641399722,0.384451506178206,0.656395101420774,4,"muestra_directa",TRUE,0.271943595242569,"13","002","Acaxochitlán"
531,0.597122669920942,0.453306151350911,0.729204826692378,NA,"sintetico_postestratificado",FALSE,0.275898675341467,"13","001","Acatlán"
532,0.551029795125782,0.409808127287322,0.674230558629389,3,"muestra_directa",TRUE,0.264422431342066,"13","061","Tepeapulco"
533,0.589900229173172,0.457256431105173,0.715349427020053,NA,"sintetico_postestratificado",FALSE,0.25809299591488,"13","058","Tasquillo"
534,0.536295519291127,0.409398564896471,0.669756971702369,NA,"sintetico_postestratificado",FALSE,0.260358406805898,"13","073","Tlanchinol"
535,0.576182837710632,0.443808824237003,0.703305111449098,NA,"sintetico_postestratificado",FALSE,0.259496287212096,"13","072","Tlanalapa"
536,0.602864028074069,0.472615581969849,0.728974225336546,NA,"sintetico_postestratificado",FALSE,0.256358643366697,"13","059","Tecozautla"
537,0.62709034463647,0.490581392977288,0.754074544940554,NA,"sintetico_postestratificado",FALSE,0.263493151963266,"13","060","Tenango de Doria"
538,0.604285533310307,0.482847232466619,0.724904708676255,NA,"sintetico_postestratificado",FALSE,0.242057476209636,"13","012","Atotonilco el Grande"
539,0.583149928956561,0.441082503712694,0.709030407024477,NA,"sintetico_postestratificado",FALSE,0.267947903311784,"13","011","Atlapexco"
540,0.549842431136647,0.402404412136333,0.683989086379609,NA,"sintetico_postestratificado",FALSE,0.281584674243276,"13","040","La Misión"
541,0.551114258473021,0.406247275540018,0.682900879675841,NA,"sintetico_postestratificado",FALSE,0.276653604135824,"13","042","Molango de Escamilla"
542,0.556889290585487,0.421238160588497,0.693826198719619,NA,"sintetico_postestratificado",FALSE,0.272588038131122,"13","056","Santiago Tulantepec de Lugo Guerrero"
543,0.626873210883851,0.506347642018895,0.725248255206685,16,"muestra_directa",FALSE,0.218900613187791,"13","057","Singuilucan"
544,0.613515529033708,0.486198088206146,0.737737704410332,NA,"sintetico_postestratificado",FALSE,0.251539616204186,"13","084","Zimapán"
545,0.60131975396568,0.45895477681947,0.731320923160177,NA,"sintetico_postestratificado",FALSE,0.272366146340707,"13","075","Tolcayuca"
546,0.613870259607449,0.480054464338481,0.746938702398397,NA,"sintetico_postestratificado",FALSE,0.266884238059916,"14","122","Zapotitlán de Vadillo"
547,0.581071129734808,0.431493487320522,0.718191952981216,NA,"sintetico_postestratificado",FALSE,0.286698465660695,"14","019","Bolaños"
548,0.623416896707265,0.498183911792846,0.744138172327185,NA,"sintetico_postestratificado",FALSE,0.245954260534339,"14","065","Pihuamo"
549,0.561182440589215,0.445995667685808,0.673231814004327,19,"muestra_directa",FALSE,0.227236146318519,"14","101","Tonalá"
550,0.610208066911386,0.474823011138204,0.741869816407544,NA,"sintetico_postestratificado",FALSE,0.26704680526934,"14","076","San Martín de Bolaños"
551,0.597517048956784,0.472488771402619,0.720932312911192,NA,"sintetico_postestratificado",FALSE,0.248443541508573,"14","023","Zapotlán el Grande"
552,0.595483472718342,0.451219292395205,0.728456039848736,NA,"sintetico_postestratificado",FALSE,0.277236747453531,"14","074","San Julián"
553,0.605663601286903,0.465785254764095,0.731143424773595,NA,"sintetico_postestratificado",FALSE,0.2653581700095,"14","073","San Juan de los Lagos"
554,0.604983985547903,0.475630878352141,0.720022175546632,NA,"sintetico_postestratificado",FALSE,0.244391297194491,"14","062","Mixtlán"
555,0.602208836505955,0.469065611902057,0.730381517167421,NA,"sintetico_postestratificado",FALSE,0.261315905265364,"14","113","San Gabriel"
556,0.526435709496531,0.394251065110491,0.662977861818635,NA,"sintetico_postestratificado",FALSE,0.268726796708143,"14","087","Tecalitlán"
557,0.611914499559469,0.473646680366256,0.745788282684524,NA,"sintetico_postestratificado",FALSE,0.272141602318269,"14","014","Atoyac"
558,0.605688894809104,0.465348661317229,0.733523743119685,NA,"sintetico_postestratificado",FALSE,0.268175081802456,"14","015","Autlán de Navarro"
559,0.625348336542074,0.509118462723763,0.733066592362111,8,"muestra_directa",TRUE,0.223948129638349,"14","097","Tlajomulco de Zúñiga"
560,0.562559989314026,0.420679460503635,0.690565402611675,NA,"sintetico_postestratificado",FALSE,0.26988594210804,"14","055","Magdalena"
561,0.578119586234624,0.430260629475178,0.700456301118781,NA,"sintetico_postestratificado",FALSE,0.270195671643603,"14","063","Ocotlán"
562,0.599333068667461,0.465776398692931,0.734210256818646,NA,"sintetico_postestratificado",FALSE,0.268433858125715,"14","086","Tapalpa"
563,0.576086791677173,0.437910854620253,0.714769566472327,NA,"sintetico_postestratificado",FALSE,0.276858711852074,"14","043","La Huerta"
564,0.599327941535427,0.4528648135268,0.726935205959701,NA,"sintetico_postestratificado",FALSE,0.274070392432901,"14","116","Villa Hidalgo"
565,0.567682885561824,0.420550070757034,0.705368250156427,NA,"sintetico_postestratificado",FALSE,0.284818179399393,"14","012","Atenguillo"
566,0.595930530376852,0.453994891733584,0.714738067907172,NA,"sintetico_postestratificado",FALSE,0.260743176173589,"14","117","Cañadas de Obregón"
567,0.61668659913472,0.476829216645479,0.742042014590975,NA,"sintetico_postestratificado",FALSE,0.265212797945495,"14","118","Yahualica de González Gallo"
568,0.612491998855042,0.479082091399042,0.734041361723629,NA,"sintetico_postestratificado",FALSE,0.254959270324587,"14","017","Ayutla"
569,0.606440607661382,0.468160157158506,0.735242567997871,NA,"sintetico_postestratificado",FALSE,0.267082410839365,"14","119","Zacoalco de Torres"
570,0.520850798501103,0.401928547993601,0.637946809646222,18,"muestra_directa",FALSE,0.236018261652621,"14","120","Zapopan"
571,0.576501551172548,0.43281231424497,0.707361375696934,NA,"sintetico_postestratificado",FALSE,0.274549061451964,"14","121","Zapotiltic"
572,0.592966877135361,0.460736993308407,0.713838592000436,NA,"sintetico_postestratificado",FALSE,0.253101598692029,"14","123","Zapotlán del Rey"
573,0.600407391654696,0.460068694396737,0.725357260674262,NA,"sintetico_postestratificado",FALSE,0.265288566277525,"14","069","Quitupan"
574,0.598336977365956,0.462174511562893,0.723524233640044,NA,"sintetico_postestratificado",FALSE,0.26134972207715,"14","112","Valle de Juárez"
575,0.535073165701987,0.385111855776303,0.672825900697289,NA,"sintetico_postestratificado",FALSE,0.287714044920987,"14","111","Valle de Guadalupe"
576,0.590489382076019,0.453351878770876,0.715535376110085,NA,"sintetico_postestratificado",FALSE,0.26218349733921,"14","079","Gómez Farías"
577,0.620199634969834,0.48872561950416,0.738864340225728,NA,"sintetico_postestratificado",FALSE,0.250138720721568,"14","078","San Miguel el Alto"
578,0.592065713174303,0.455589759790692,0.713848564398686,NA,"sintetico_postestratificado",FALSE,0.258258804607995,"14","077","San Martín Hidalgo"
579,0.591076786882743,0.449721644609975,0.722573506957616,NA,"sintetico_postestratificado",FALSE,0.272851862347642,"14","075","San Marcos"
580,0.577450378747207,0.459028236389551,0.684667088119611,20,"muestra_directa",FALSE,0.225638851730059,"14","098","San Pedro Tlaquepaque"
581,0.555135978028236,0.418256965272662,0.683955703028006,NA,"sintetico_postestratificado",FALSE,0.265698737755344,"14","105","Tototlán"
582,0.543704831668534,0.397760699473108,0.681791322841273,NA,"sintetico_postestratificado",FALSE,0.284030623368165,"14","104","Totatiche"
583,0.585418553862717,0.445374972761529,0.709615617494735,NA,"sintetico_postestratificado",FALSE,0.264240644733206,"14","103","Tonila"
584,0.562367177242998,0.416822074672028,0.694963978270831,NA,"sintetico_postestratificado",FALSE,0.278141903598803,"14","024","Cocula"
585,0.582667981128028,0.435129976690138,0.706459390041025,NA,"sintetico_postestratificado",FALSE,0.271329413350887,"14","102","Tonaya"
586,0.589964322434775,0.459176500732737,0.713624339926202,NA,"sintetico_postestratificado",FALSE,0.254447839193465,"14","100","Tomatlán"
587,0.569598968312172,0.424427866578683,0.699960744214135,NA,"sintetico_postestratificado",FALSE,0.275532877635452,"14","099","Tolimán"
588,0.582156174498585,0.455873698435183,0.695253615713354,5,"muestra_directa",TRUE,0.239379917278171,"14","093","Tepatitlán de Morelos"
589,0.579913744211839,0.446309809872636,0.701924652957309,NA,"sintetico_postestratificado",FALSE,0.255614843084673,"14","124","Zapotlanejo"
590,0.582519481234128,0.452069536792014,0.71218938666379,NA,"sintetico_postestratificado",FALSE,0.260119849871776,"14","115","Villa Guerrero"
591,0.590129941432712,0.454462279962462,0.713622596131215,4,"muestra_directa",TRUE,0.259160316168754,"14","021","Casimiro Castillo"
592,0.583684960676418,0.444934105590276,0.721851899966328,NA,"sintetico_postestratificado",FALSE,0.276917794376052,"14","070","El Salto"
593,0.604249494564207,0.462283598816144,0.731898422806814,NA,"sintetico_postestratificado",FALSE,0.26961482399067,"14","020","Cabo Corrientes"
594,0.587721670362366,0.44837101544717,0.709668060792019,NA,"sintetico_postestratificado",FALSE,0.261297045344849,"14","018","La Barca"
595,0.597046431788755,0.467939321586888,0.720935518596981,NA,"sintetico_postestratificado",FALSE,0.252996197010093,"14","051","Juanacatlán"
596,0.577294864156991,0.439376677754819,0.695901744251847,6,"muestra_directa",TRUE,0.256525066497028,"14","044","Ixtlahuacán de los Membrillos"
597,0.586741195968882,0.478534598156361,0.689352409654588,34,"muestra_directa",FALSE,0.210817811498228,"14","039","Guadalajara"
598,0.560415933800995,0.420192768665229,0.685173369486043,NA,"sintetico_postestratificado",FALSE,0.264980600820813,"14","022","Cihuatlán"
599,0.608896569873393,0.474786311703886,0.750780548478482,NA,"sintetico_postestratificado",FALSE,0.275994236774596,"14","016","Ayotlán"
600,0.565721029786336,0.419563065025513,0.700334601982049,NA,"sintetico_postestratificado",FALSE,0.280771536956536,"14","080","San Sebastián del Oeste"
601,0.596861783790903,0.439290772540846,0.733914594846034,NA,"sintetico_postestratificado",FALSE,0.294623822305188,"14","125","San Ignacio Cerro Gordo"
602,0.571162544719501,0.440003151081839,0.703535988533574,NA,"sintetico_postestratificado",FALSE,0.263532837451736,"14","072","San Diego de Alejandría"
603,0.50983024026056,0.367025262294501,0.639985192205507,4,"muestra_directa",TRUE,0.272959929911006,"14","066","Poncitlán"
604,0.597681808374267,0.454755334079101,0.72528866317918,NA,"sintetico_postestratificado",FALSE,0.270533329100079,"14","110","Unión de Tula"
605,0.626446278174037,0.487088243197761,0.750790464669106,NA,"sintetico_postestratificado",FALSE,0.263702221471345,"14","092","Teocuitatlán de Corona"
606,0.607738527779616,0.480795662528486,0.734345078662258,NA,"sintetico_postestratificado",FALSE,0.253549416133772,"14","091","Teocaltiche"
607,0.566612210068266,0.43335436245386,0.698809837697013,6,"muestra_directa",TRUE,0.265455475243153,"14","002","Acatlán de Juárez"
608,0.586889146206091,0.444523988365901,0.709897957826249,NA,"sintetico_postestratificado",FALSE,0.265373969460348,"14","003","Ahualulco de Mercado"
609,0.578464403366982,0.436029621889106,0.706602821590833,NA,"sintetico_postestratificado",FALSE,0.270573199701726,"14","005","Amatitán"
610,0.575899650487879,0.436719746443259,0.702629097129394,NA,"sintetico_postestratificado",FALSE,0.265909350686135,"14","109","Unión de San Antonio"
611,0.549251643511598,0.413900578228113,0.680663172108388,NA,"sintetico_postestratificado",FALSE,0.266762593880275,"14","108","Tuxpan"
612,0.561528720661448,0.437914168363671,0.688434268015035,NA,"sintetico_postestratificado",FALSE,0.250520099651364,"14","088","Tecolotlán"
613,0.572298799250956,0.435646728997718,0.707411707193319,NA,"sintetico_postestratificado",FALSE,0.271764978195602,"14","090","Tenamaxtlán"
614,0.58514700131382,0.451636467123577,0.718446522389268,NA,"sintetico_postestratificado",FALSE,0.266810055265691,"14","071","San Cristóbal de la Barranca"
615,0.582928840735797,0.44734910390054,0.716970914585917,NA,"sintetico_postestratificado",FALSE,0.269621810685378,"14","068","Villa Purificación"
616,0.553032281999348,0.42752352411451,0.688247522546539,9,"muestra_directa",TRUE,0.260723998432029,"14","067","Puerto Vallarta"
617,0.57895597991509,0.449475608090932,0.714442504294532,NA,"sintetico_postestratificado",FALSE,0.2649668962036,"14","114","Villa Corona"
618,0.593340655626457,0.46237440600876,0.71436504156883,NA,"sintetico_postestratificado",FALSE,0.25199063556007,"14","107","Tuxcueca"
619,0.555838149096379,0.422297108428541,0.688458237851256,NA,"sintetico_postestratificado",FALSE,0.266161129422715,"14","106","Tuxcacuesco"
620,0.574993936153833,0.435711538794583,0.705276871025755,NA,"sintetico_postestratificado",FALSE,0.269565332231172,"14","025","Colotlán"
621,0.570964985834973,0.434998783520576,0.70036776495434,NA,"sintetico_postestratificado",FALSE,0.265368981433764,"14","027","Cuautitlán de García Barragán"
622,0.565345088273636,0.420138788433448,0.702731004269215,NA,"sintetico_postestratificado",FALSE,0.282592215835767,"14","028","Cuautla"
623,0.593984586801158,0.456970096606703,0.722891312588957,NA,"sintetico_postestratificado",FALSE,0.265921215982254,"14","011","Atengo"
624,0.615795672922516,0.481067200369746,0.746920131602159,NA,"sintetico_postestratificado",FALSE,0.265852931232413,"14","064","Ojuelos de Jalisco"
625,0.56024649828174,0.422089069705857,0.691702176791867,2,"muestra_directa",TRUE,0.26961310708601,"14","032","Chiquilistlán"
626,0.597121451814122,0.467829602912341,0.71953022872449,NA,"sintetico_postestratificado",FALSE,0.251700625812148,"14","030","Chapala"
627,0.564857037433327,0.433529788093477,0.699116014271326,NA,"sintetico_postestratificado",FALSE,0.26558622617785,"14","029","Cuquío"
628,0.588156387586085,0.453120913893574,0.719177009858523,NA,"sintetico_postestratificado",FALSE,0.266056095964949,"14","094","Tequila"
629,0.582587296762318,0.456279245081844,0.707382465309151,NA,"sintetico_postestratificado",FALSE,0.251103220227307,"14","095","Teuchitlán"
630,0.578177789688675,0.43663731651526,0.708125966554629,NA,"sintetico_postestratificado",FALSE,0.271488650039369,"14","096","Tizapán el Alto"
631,0.578117024766554,0.445106480857879,0.714311641787248,NA,"sintetico_postestratificado",FALSE,0.269205160929369,"14","061","Mezquitic"
632,0.585795424525964,0.439706799707247,0.72039470422182,NA,"sintetico_postestratificado",FALSE,0.280687904514573,"14","060","Mexticacán"
633,0.587022020724313,0.454379637159179,0.7349269333585,NA,"sintetico_postestratificado",FALSE,0.280547296199322,"14","059","Mazamitla"
634,0.60009843681126,0.462062166675169,0.730876878590234,3,"muestra_directa",TRUE,0.268814711915065,"14","058","Mascota"
635,0.592470796168881,0.462498096037873,0.720476594387395,NA,"sintetico_postestratificado",FALSE,0.257978498349523,"14","057","La Manzanilla de la Paz"
636,0.617738054010274,0.471499162196751,0.739427148262299,NA,"sintetico_postestratificado",FALSE,0.267927986065548,"14","056","Santa María del Oro"
637,0.629019117637861,0.495036638787922,0.748999473879161,NA,"sintetico_postestratificado",FALSE,0.253962835091239,"14","054","El Limón"
638,0.567778568509154,0.439711384271976,0.697898220940345,NA,"sintetico_postestratificado",FALSE,0.25818683666837,"14","085","Tamazula de Gordiano"
639,0.603792141284431,0.462797275820934,0.730482979815228,NA,"sintetico_postestratificado",FALSE,0.267685703994295,"14","084","Talpa de Allende"
640,0.567187496071383,0.431025900929794,0.68699119225174,7,"muestra_directa",TRUE,0.255965291321946,"14","053","Lagos de Moreno"
641,0.597886151091645,0.455153752389105,0.728019667800627,NA,"sintetico_postestratificado",FALSE,0.272865915411522,"14","052","Juchitlán"
642,0.571024702164751,0.428213393867728,0.700616359521451,NA,"sintetico_postestratificado",FALSE,0.272402965653723,"14","050","Jocotepec"
643,0.596313805426246,0.464957811820222,0.720259899870084,NA,"sintetico_postestratificado",FALSE,0.255302088049863,"14","031","Chimaltitán"
644,0.576925255546585,0.436077440927077,0.70840819227713,NA,"sintetico_postestratificado",FALSE,0.272330751350053,"14","049","Jilotlán de los Dolores"
645,0.621502867351889,0.48994524112862,0.739903465035905,NA,"sintetico_postestratificado",FALSE,0.249958223907285,"14","048","Jesús María"
646,0.618314331056035,0.480750343008602,0.737557081265106,NA,"sintetico_postestratificado",FALSE,0.256806738256504,"14","047","Jamay"
647,0.588603769096505,0.458003292471233,0.702401528588906,7,"muestra_directa",TRUE,0.244398236117673,"14","046","Jalostotitlán"
648,0.573885893350531,0.432481320607955,0.704388862925945,NA,"sintetico_postestratificado",FALSE,0.271907542317991,"14","045","Ixtlahuacán del Río"
649,0.57555588497626,0.421002289021933,0.705877869661357,NA,"sintetico_postestratificado",FALSE,0.284875580639424,"14","042","Huejuquilla el Alto"
650,0.600423432705432,0.465151039944932,0.726009755357269,NA,"sintetico_postestratificado",FALSE,0.260858715412337,"14","041","Huejúcar"
651,0.597117826109252,0.450311514282825,0.719579056633008,NA,"sintetico_postestratificado",FALSE,0.269267542350183,"14","040","Hostotipaquillo"
652,0.589514800252932,0.460071580845606,0.721766251979644,NA,"sintetico_postestratificado",FALSE,0.261694671134038,"14","038","Guachinango"
653,0.586470515625545,0.451228781309047,0.716124475170605,NA,"sintetico_postestratificado",FALSE,0.264895693861557,"14","037","El Grullo"
654,0.585784149842172,0.441128738587177,0.717032781483479,NA,"sintetico_postestratificado",FALSE,0.275904042896302,"14","036","Etzatlán"
655,0.580997442938786,0.43923967464676,0.706564807524013,NA,"sintetico_postestratificado",FALSE,0.267325132877253,"14","035","Encarnación de Díaz"
656,0.588961041017617,0.447703829512461,0.713933236960169,NA,"sintetico_postestratificado",FALSE,0.266229407447708,"14","034","Ejutla"
657,0.594217037208344,0.46090082375127,0.720688279835187,NA,"sintetico_postestratificado",FALSE,0.259787456083917,"14","033","Degollado"
658,0.564643785229177,0.42952239313554,0.699770113000239,NA,"sintetico_postestratificado",FALSE,0.270247719864699,"14","010","Atemajac de Brizuela"
659,0.538644317001959,0.405264038319571,0.670209143222292,NA,"sintetico_postestratificado",FALSE,0.264945104902721,"14","013","Atotonilco el Alto"
660,0.563720434178773,0.418060814454678,0.698887403948745,NA,"sintetico_postestratificado",FALSE,0.280826589494067,"14","089","Techaluta de Montenegro"
661,0.588635568323103,0.459046316347728,0.716936768781068,NA,"sintetico_postestratificado",FALSE,0.257890452433339,"14","026","Concepción de Buenos Aires"
662,0.569827173300313,0.430608879013075,0.712051089753391,1,"muestra_directa",TRUE,0.281442210740317,"14","083","Tala"
663,0.592809743445558,0.4550104810464,0.721788513481493,NA,"sintetico_postestratificado",FALSE,0.266778032435093,"14","082","Sayula"
664,0.612796123525618,0.470780625745643,0.742278540759423,NA,"sintetico_postestratificado",FALSE,0.27149791501378,"14","081","Santa María de los Ángeles"
665,0.619393163856434,0.485729809932548,0.739757228098912,NA,"sintetico_postestratificado",FALSE,0.254027418166364,"14","009","El Arenal"
666,0.598950507415733,0.480105879643394,0.703681699696823,15,"muestra_directa",FALSE,0.22357582005343,"14","008","Arandas"
667,0.575120186515759,0.43436660547452,0.716009393517073,NA,"sintetico_postestratificado",FALSE,0.281642788042553,"14","007","San Juanito de Escobedo"
668,0.596601186547821,0.459625198819453,0.722056447237507,NA,"sintetico_postestratificado",FALSE,0.262431248418054,"14","006","Ameca"
669,0.612621390494701,0.472905714479079,0.743730668315556,NA,"sintetico_postestratificado",FALSE,0.270824953836477,"14","004","Amacueca"
670,0.580475189638952,0.442332375126963,0.710882558929298,NA,"sintetico_postestratificado",FALSE,0.268550183802335,"14","001","Acatic"
671,0.515810984989618,0.381446244306379,0.631404121515968,10,"muestra_directa",FALSE,0.249957877209589,"15","021","Coatepec Harinas"
672,0.586877464833253,0.447266577265563,0.714949930408072,NA,"sintetico_postestratificado",FALSE,0.267683353142508,"15","011","Atenco"
673,0.572273838447078,0.428951483376355,0.707873616828361,NA,"sintetico_postestratificado",FALSE,0.278922133452006,"15","004","Almoloya de Alquisiras"
674,0.586258144898893,0.447888028856375,0.710804067982082,NA,"sintetico_postestratificado",FALSE,0.262916039125707,"15","002","Acolman"
675,0.576965817095597,0.436088269630926,0.712169648375148,NA,"sintetico_postestratificado",FALSE,0.276081378744222,"15","034","Ecatzingo"
676,0.590677939848748,0.441047552909195,0.727054648672617,NA,"sintetico_postestratificado",FALSE,0.286007095763422,"15","030","Chiconcuac"
677,0.550800694388735,0.414197270189063,0.690773227748621,4,"muestra_directa",TRUE,0.276575957559558,"15","068","Ozumba"
678,0.54927419440054,0.412228232144579,0.6813935568779,5,"muestra_directa",TRUE,0.269165324733321,"15","082","Tejupilco"
679,0.58651354030467,0.440237946294807,0.724350852039857,NA,"sintetico_postestratificado",FALSE,0.28411290574505,"15","028","Chiautla"
680,0.583110294837024,0.441391090987136,0.71623064394461,NA,"sintetico_postestratificado",FALSE,0.274839552957474,"15","019","Capulhuac"
681,0.594333034578728,0.473300421084713,0.709077920909141,16,"muestra_directa",FALSE,0.235777499824428,"15","118","Zinacantepec"
682,0.59953821964807,0.4640242668784,0.723847913490056,4,"muestra_directa",TRUE,0.259823646611656,"15","094","Tepetlixpa"
683,0.647602931421368,0.519402462487603,0.758066875452798,7,"muestra_directa",TRUE,0.238664412965195,"15","074","San Felipe del Progreso"
684,0.586331177159779,0.458168612037169,0.715470780433565,NA,"sintetico_postestratificado",FALSE,0.257302168396396,"15","036","Hueypoxtla"
685,0.559509046489544,0.411212709320168,0.693626878687359,NA,"sintetico_postestratificado",FALSE,0.282414169367192,"15","041","Ixtapan del Oro"
686,0.57604039991633,0.441814012459578,0.693651882842045,NA,"sintetico_postestratificado",FALSE,0.251837870382467,"15","085","Temascalcingo"
687,0.601675197332729,0.461719837995378,0.729907630361995,NA,"sintetico_postestratificado",FALSE,0.268187792366618,"15","096","Tequixquiac"
688,0.601190287073119,0.48033366902926,0.721569652593233,12,"muestra_directa",FALSE,0.241235983563973,"15","104","Tlalnepantla de Baz"
689,0.584133256111103,0.438611891600069,0.713068853315601,NA,"sintetico_postestratificado",FALSE,0.274456961715533,"15","076","San Mateo Atenco"
690,0.619778582846658,0.4791642954462,0.738941217107655,NA,"sintetico_postestratificado",FALSE,0.259776921661455,"15","010","Apaxco"
691,0.603664917958907,0.460645413884589,0.726561374536355,NA,"sintetico_postestratificado",FALSE,0.265915960651766,"15","023","Coyotepec"
692,0.622158637342979,0.497701975568412,0.733040953798646,13,"muestra_directa",FALSE,0.235338978230234,"15","025","Chalco"
693,0.624630259057359,0.486974248666759,0.743619331100728,NA,"sintetico_postestratificado",FALSE,0.25664508243397,"15","103","Tlalmanalco"
694,0.631854133316261,0.500569186697557,0.758533746667409,6,"muestra_directa",TRUE,0.257964559969852,"15","100","Tezoyuca"
695,0.556948347863666,0.409739651839678,0.687568925664984,6,"muestra_directa",TRUE,0.277829273825306,"15","040","Ixtapan de la Sal"
696,0.563276302411351,0.430996170066517,0.689793504484107,NA,"sintetico_postestratificado",FALSE,0.258797334417591,"15","107","Tonatico"
697,0.579374785160517,0.442787973428849,0.708126508096405,NA,"sintetico_postestratificado",FALSE,0.265338534667556,"15","052","Malinalco"
698,0.565890188322519,0.458972530060295,0.670696957804008,34,"muestra_directa",FALSE,0.211724427743712,"15","109","Tultitlán"
699,0.587583650864218,0.456949396416589,0.716877550769468,8,"muestra_directa",TRUE,0.259928154352879,"15","012","Atizapán"
700,0.587328613332055,0.458095672622231,0.706291019788639,NA,"sintetico_postestratificado",FALSE,0.248195347166408,"15","014","Atlacomulco"
701,0.540214022688975,0.407590751377334,0.669457161955291,NA,"sintetico_postestratificado",FALSE,0.261866410577957,"15","003","Aculco"
702,0.5662781452764,0.420022355919829,0.690538012534428,NA,"sintetico_postestratificado",FALSE,0.270515656614599,"15","015","Atlautla"
703,0.598315759449553,0.459221946974522,0.726016181262395,NA,"sintetico_postestratificado",FALSE,0.266794234287873,"15","016","Axapusco"
704,0.561344098085556,0.423592163291561,0.687945399162137,NA,"sintetico_postestratificado",FALSE,0.264353235870576,"15","005","Almoloya de Juárez"
705,0.563611057412271,0.432914111271381,0.688618748884217,7,"muestra_directa",TRUE,0.255704637612837,"15","024","Cuautitlán"
706,0.566787010089074,0.431962185426312,0.693328329258594,NA,"sintetico_postestratificado",FALSE,0.261366143832282,"15","008","Amatepec"
707,0.584761008186592,0.448779454686093,0.704218235696711,6,"muestra_directa",TRUE,0.255438781010618,"15","007","Amanalco"
708,0.596922446662735,0.455433867768918,0.714965543539833,5,"muestra_directa",TRUE,0.259531675770915,"15","120","Zumpango"
709,0.590266396077245,0.451589040519517,0.711038199978691,3,"muestra_directa",TRUE,0.259449159459175,"15","042","Ixtlahuaca"
710,0.549002068659435,0.427843674060399,0.676026109775799,6,"muestra_directa",TRUE,0.2481824357154,"15","084","Temascalapa"
711,0.529045639728957,0.381460901043892,0.671539150025107,NA,"sintetico_postestratificado",FALSE,0.290078248981214,"15","047","Jiquipilco"
712,0.562929634459656,0.415510923197908,0.707649285825838,NA,"sintetico_postestratificado",FALSE,0.29213836262793,"15","022","Cocotitlán"
713,0.566632756611322,0.425608323602398,0.693106570571595,3,"muestra_directa",TRUE,0.267498246969197,"15","020","Coacalco de Berriozábal"
714,0.582409942178859,0.447414312824244,0.710818066359181,NA,"sintetico_postestratificado",FALSE,0.263403753534937,"15","062","Ocoyoacac"
715,0.587845592068185,0.451090477642636,0.713173125273144,NA,"sintetico_postestratificado",FALSE,0.262082647630508,"15","050","Juchitepec"
716,0.550196896296515,0.409300728493315,0.693252304323423,NA,"sintetico_postestratificado",FALSE,0.283951575830108,"15","061","Nopaltepec"
717,0.575723940526526,0.43794656483155,0.696375378121061,NA,"sintetico_postestratificado",FALSE,0.258428813289511,"15","101","Tianguistenco"
718,0.604299373173955,0.485530786319213,0.724546988640443,7,"muestra_directa",TRUE,0.239016202321231,"15","057","Naucalpan de Juárez"
719,0.596758146126168,0.471573080138549,0.714638782631298,11,"muestra_directa",FALSE,0.243065702492749,"15","105","Tlatlaya"
720,0.587675466685327,0.477123888826839,0.690748999104178,22,"muestra_directa",FALSE,0.213625110277338,"15","106","Toluca"
721,0.587050677853207,0.446771587102729,0.725279398472714,NA,"sintetico_postestratificado",FALSE,0.278507811369986,"15","116","Zacazonapan"
722,0.608997891546031,0.474681890232394,0.733884416525051,NA,"sintetico_postestratificado",FALSE,0.259202526292657,"15","097","Texcaltitlán"
723,0.581281009355877,0.438611994728652,0.709640789514412,NA,"sintetico_postestratificado",FALSE,0.271028794785761,"15","079","Soyaniquilpan de Juárez"
724,0.506111768594644,0.373041509754826,0.628229203406582,6,"muestra_directa",TRUE,0.255187693651755,"15","119","Zumpahuacán"
725,0.605622346554541,0.47867507828602,0.721542134606447,5,"muestra_directa",TRUE,0.242867056320427,"15","081","Tecámac"
726,0.565089373118326,0.426768177692825,0.691107339508612,2,"muestra_directa",TRUE,0.264339161815787,"15","035","Huehuetoca"
727,0.564061826790131,0.42549117612001,0.700110945372973,NA,"sintetico_postestratificado",FALSE,0.274619769252964,"15","064","El Oro"
728,0.604109512655312,0.484423774287694,0.725854766159945,NA,"sintetico_postestratificado",FALSE,0.241430991872251,"15","083","Temamatla"
729,0.591610949355165,0.456100290619385,0.724265203669414,NA,"sintetico_postestratificado",FALSE,0.268164913050029,"15","102","Timilpan"
730,0.593065014211737,0.455202638781879,0.712302459866079,NA,"sintetico_postestratificado",FALSE,0.2570998210842,"15","087","Temoaya"
731,0.570920542902829,0.427763859257123,0.698232971070107,NA,"sintetico_postestratificado",FALSE,0.270469111812985,"15","066","Otzoloapan"
732,0.563429019252973,0.426523314908279,0.701571891094826,NA,"sintetico_postestratificado",FALSE,0.275048576186548,"15","108","Tultepec"
733,0.563280303794511,0.419967659424273,0.690768764370003,NA,"sintetico_postestratificado",FALSE,0.27080110494573,"15","089","Tenango del Aire"
734,0.574922184239729,0.444106747168334,0.703366959889075,5,"muestra_directa",TRUE,0.259260212720741,"15","051","Lerma"
735,0.560900698670368,0.414437702228087,0.710671702269607,NA,"sintetico_postestratificado",FALSE,0.29623400004152,"15","046","Jilotzingo"
736,0.563641008247474,0.449899942415119,0.673184253073251,23,"muestra_directa",FALSE,0.223284310658132,"15","037","Huixquilucan"
737,0.595580291559879,0.465329465225257,0.717189423112336,NA,"sintetico_postestratificado",FALSE,0.251859957887079,"15","038","Isidro Fabela"
738,0.580239136973497,0.460537301097195,0.691480319168587,19,"muestra_directa",FALSE,0.230943018071392,"15","039","Ixtapaluca"
739,0.610107574525005,0.469686668794787,0.727485492437197,NA,"sintetico_postestratificado",FALSE,0.257798823642409,"15","017","Ayapango"
740,0.580648177379823,0.43655668082515,0.717815130424879,NA,"sintetico_postestratificado",FALSE,0.281258449599729,"15","069","Papalotla"
741,0.599600232799603,0.454017611737504,0.736557576259802,NA,"sintetico_postestratificado",FALSE,0.282539964522298,"15","065","Otumba"
742,0.558347151273599,0.429886589547009,0.684871810191488,NA,"sintetico_postestratificado",FALSE,0.254985220644478,"15","048","Jocotitlán"
743,0.65287929088031,0.537598968378016,0.757898832856101,15,"muestra_directa",FALSE,0.220299864478085,"15","121","Cuautitlán Izcalli"
744,0.573707753859236,0.426190072872237,0.705430931679652,NA,"sintetico_postestratificado",FALSE,0.279240858807415,"15","080","Sultepec"
745,0.551708603640159,0.405975188986488,0.674449941471878,NA,"sintetico_postestratificado",FALSE,0.26847475248539,"15","071","Polotitlán"
746,0.568811529714074,0.423613395288795,0.704496884887775,NA,"sintetico_postestratificado",FALSE,0.28088348959898,"15","075","San Martín de las Pirámides"
747,0.573828262470301,0.435522004866641,0.715883267175888,NA,"sintetico_postestratificado",FALSE,0.280361262309247,"15","072","Rayón"
748,0.606494592352402,0.474595229440861,0.731375136856804,NA,"sintetico_postestratificado",FALSE,0.256779907415943,"15","056","Morelos"
749,0.582812265230991,0.441649698400359,0.704180550120909,6,"muestra_directa",TRUE,0.26253085172055,"15","067","Otzolotepec"
750,0.631127179149424,0.513385404399594,0.761136081754547,5,"muestra_directa",TRUE,0.247750677354954,"15","088","Tenancingo"
751,0.630385218732622,0.510143318482803,0.747216192987844,7,"muestra_directa",TRUE,0.237072874505041,"15","070","La Paz"
752,0.581433160504672,0.446288943311925,0.710209479336952,NA,"sintetico_postestratificado",FALSE,0.263920536025027,"15","078","Santo Tomás"
753,0.580481223161077,0.444098204332146,0.70980066654706,NA,"sintetico_postestratificado",FALSE,0.265702462214914,"15","111","Villa de Allende"
754,0.580572679904304,0.442245864495518,0.703362413596492,NA,"sintetico_postestratificado",FALSE,0.261116549100974,"15","112","Villa del Carbón"
755,0.55377518683415,0.414671839195479,0.704480459425859,NA,"sintetico_postestratificado",FALSE,0.28980862023038,"15","091","Teoloyucan"
756,0.587645797811129,0.442475206198166,0.712369068639801,NA,"sintetico_postestratificado",FALSE,0.269893862441635,"15","113","Villa Guerrero"
757,0.551785430445159,0.407542167431833,0.691510872584554,NA,"sintetico_postestratificado",FALSE,0.283968705152722,"15","006","Almoloya del Río"
758,0.571196761082144,0.430820400442738,0.699468947885075,NA,"sintetico_postestratificado",FALSE,0.268648547442337,"15","123","Luvianos"
759,0.611333146229013,0.488749482276674,0.735736348470152,3,"muestra_directa",TRUE,0.246986866193478,"15","099","Texcoco"
760,0.568360519993643,0.443917029008748,0.678520656608653,14,"muestra_directa",FALSE,0.234603627599906,"15","060","Nicolás Romero"
761,0.598145350108786,0.477240404467283,0.709916424403872,12,"muestra_directa",FALSE,0.232676019936589,"15","122","Valle de Chalco Solidaridad"
762,0.583639945533901,0.457037704908577,0.708465560019591,NA,"sintetico_postestratificado",FALSE,0.251427855111014,"15","044","Jaltenco"
763,0.58342056149207,0.440335989715778,0.705103802511913,NA,"sintetico_postestratificado",FALSE,0.264767812796135,"15","110","Valle de Bravo"
764,0.608198076503334,0.478831541504636,0.731739460788075,NA,"sintetico_postestratificado",FALSE,0.252907919283439,"15","045","Jilotepec"
765,0.556725052924056,0.423061095129256,0.687149188797486,NA,"sintetico_postestratificado",FALSE,0.26408809366823,"15","098","Texcalyacac"
766,0.567346675352946,0.439969471306891,0.688817415853819,5,"muestra_directa",TRUE,0.248847944546929,"15","115","Xonacatlán"
767,0.56855429841446,0.434192083774004,0.694253680391929,NA,"sintetico_postestratificado",FALSE,0.260061596617925,"15","117","Zacualpan"
768,0.563533826653435,0.420239238926499,0.697449469953397,NA,"sintetico_postestratificado",FALSE,0.277210231026898,"15","124","San José del Rincón"
769,0.580282828747032,0.442833101569538,0.710419387110619,NA,"sintetico_postestratificado",FALSE,0.267586285541081,"15","029","Chicoloapan"
770,0.651244672653802,0.534833695766857,0.758213423263372,27,"muestra_directa",FALSE,0.223379727496515,"15","058","Nezahualcóyotl"
771,0.560757280642606,0.426352314309742,0.682987337074902,8,"muestra_directa",TRUE,0.25663502276516,"15","092","Teotihuacán"
772,0.551378294218698,0.412550499242607,0.687494675864887,NA,"sintetico_postestratificado",FALSE,0.27494417662228,"15","077","San Simón de Guerrero"
773,0.568517385190124,0.422801361989605,0.716232374562609,NA,"sintetico_postestratificado",FALSE,0.293431012573004,"15","055","Mexicaltzingo"
774,0.571768351805238,0.44804202112385,0.695211501439576,10,"muestra_directa",FALSE,0.247169480315726,"15","054","Metepec"
775,0.606989517696014,0.458915910052373,0.732327953587493,NA,"sintetico_postestratificado",FALSE,0.27341204353512,"15","049","Joquicingo"
776,0.512701429376382,0.377099196755998,0.640388463210942,9,"muestra_directa",TRUE,0.263289266454944,"15","026","Chapa de Mota"
777,0.588696264097393,0.458754810489101,0.714087878447241,9,"muestra_directa",TRUE,0.25533306795814,"15","001","Acambay de Ruíz Castañeda"
778,0.595120678396401,0.470355785130167,0.722352836320418,4,"muestra_directa",TRUE,0.25199705119025,"15","059","Nextlalpan"
779,0.54384679720903,0.410976273239993,0.670259739141496,NA,"sintetico_postestratificado",FALSE,0.259283465901503,"15","086","Temascaltepec"
780,0.547706983690126,0.407757522730004,0.683455465704944,NA,"sintetico_postestratificado",FALSE,0.275697942974941,"15","053","Melchor Ocampo"
781,0.57344843576061,0.436255291233012,0.705407560039707,NA,"sintetico_postestratificado",FALSE,0.269152268806695,"15","090","Tenango del Valle"
782,0.5836155489176,0.432648527837119,0.725052083904169,NA,"sintetico_postestratificado",FALSE,0.29240355606705,"15","032","Donato Guerra"
783,0.547252274315384,0.410390026432828,0.679200137653699,NA,"sintetico_postestratificado",FALSE,0.268810111220872,"15","125","Tonanitla"
784,0.577131016654836,0.446409213376069,0.703660558165801,NA,"sintetico_postestratificado",FALSE,0.257251344789732,"15","114","Villa Victoria"
785,0.538825701619116,0.395774453400275,0.669163993534014,NA,"sintetico_postestratificado",FALSE,0.273389540133739,"15","093","Tepetlaoxtoc"
786,0.541950787579837,0.397547828880913,0.664535499850584,NA,"sintetico_postestratificado",FALSE,0.266987670969672,"15","063","Ocuilan"
787,0.553059129704405,0.41828344958428,0.688144119888315,NA,"sintetico_postestratificado",FALSE,0.269860670304035,"15","073","San Antonio la Isla"
788,0.586539544791413,0.49099127742634,0.673936763347405,55,"muestra_directa",FALSE,0.182945485921065,"15","033","Ecatepec de Morelos"
789,0.635776793459682,0.516587082771362,0.743635012640034,12,"muestra_directa",FALSE,0.227047929868672,"15","013","Atizapán de Zaragoza"
790,0.645688428958659,0.502782469732879,0.766672310372785,NA,"sintetico_postestratificado",FALSE,0.263889840639906,"15","027","Chapultepec"
791,0.578964927805792,0.448412656548605,0.711510113297184,NA,"sintetico_postestratificado",FALSE,0.26309745674858,"15","018","Calimaya"
792,0.571716921524268,0.452084864377345,0.687169998301618,9,"muestra_directa",TRUE,0.235085133924273,"15","009","Amecameca"
793,0.531589250937435,0.400262062329974,0.655164838062298,15,"muestra_directa",FALSE,0.254902775732323,"15","031","Chimalhuacán"
794,0.514347442812633,0.371699142980003,0.652102423017744,NA,"sintetico_postestratificado",FALSE,0.280403280037741,"15","043","Xalatlaco"
795,0.575816434089176,0.445896006427489,0.700644222383686,5,"muestra_directa",TRUE,0.254748215956196,"15","095","Tepotzotlán"
796,0.554796260216321,0.408873244830179,0.689615813019732,NA,"sintetico_postestratificado",FALSE,0.280742568189553,"16","074","Cojumatlán de Régules"
797,0.573686293426031,0.440857670349603,0.692698470072455,NA,"sintetico_postestratificado",FALSE,0.251840799722852,"16","090","Tingambato"
798,0.554464427817174,0.410120528423053,0.682925577981622,NA,"sintetico_postestratificado",FALSE,0.272805049558569,"16","002","Aguililla"
799,0.585459386478131,0.447238688180331,0.722309914004532,NA,"sintetico_postestratificado",FALSE,0.275071225824201,"16","003","Álvaro Obregón"
800,0.557045304635976,0.42198204678207,0.688836163964787,NA,"sintetico_postestratificado",FALSE,0.266854117182717,"16","004","Angamacutiro"
801,0.577951326998201,0.447469961205419,0.701005363322209,NA,"sintetico_postestratificado",FALSE,0.253535402116791,"16","005","Angangueo"
802,0.558193038077429,0.428952395656351,0.692788257366641,5,"muestra_directa",TRUE,0.263835861710289,"16","006","Apatzingán"
803,0.559680335666399,0.414348954661662,0.702373160117632,NA,"sintetico_postestratificado",FALSE,0.28802420545597,"16","007","Aporo"
804,0.584551288104607,0.454075078429341,0.711625437124955,NA,"sintetico_postestratificado",FALSE,0.257550358695614,"16","008","Aquila"
805,0.586042017393096,0.455674425192512,0.714993184754721,NA,"sintetico_postestratificado",FALSE,0.259318759562209,"16","009","Ario"
806,0.595158632097793,0.454654429938206,0.732939951201016,NA,"sintetico_postestratificado",FALSE,0.27828552126281,"16","096","Tumbiscatío"
807,0.578881128364517,0.443185362618405,0.708907263762182,NA,"sintetico_postestratificado",FALSE,0.265721901143777,"16","097","Turicato"
808,0.540188018480613,0.390186557121544,0.668072035091999,NA,"sintetico_postestratificado",FALSE,0.277885477970455,"16","106","Yurécuaro"
809,0.608788805719265,0.488768313335638,0.731173250185383,9,"muestra_directa",TRUE,0.242404936849745,"16","107","Zacapu"
810,0.589937736811211,0.459066552794632,0.712098902385504,NA,"sintetico_postestratificado",FALSE,0.253032349590872,"16","108","Zamora"
811,0.572328630324282,0.427888333808622,0.715533433144353,NA,"sintetico_postestratificado",FALSE,0.287645099335731,"16","109","Zináparo"
812,0.586477197695113,0.44304802357826,0.710707016389449,NA,"sintetico_postestratificado",FALSE,0.267658992811189,"16","110","Zinapécuaro"
813,0.561627047013919,0.427528413081671,0.689808949605869,NA,"sintetico_postestratificado",FALSE,0.262280536524198,"16","010","Arteaga"
814,0.55254735859341,0.409239025676929,0.686983587381966,NA,"sintetico_postestratificado",FALSE,0.277744561705037,"16","011","Briseñas"
815,0.590086692270405,0.458483391088061,0.712931950774591,NA,"sintetico_postestratificado",FALSE,0.254448559686529,"16","098","Tuxpan"
816,0.557777561403849,0.416497751608626,0.693716097637166,NA,"sintetico_postestratificado",FALSE,0.27721834602854,"16","031","Epitacio Huerta"
817,0.5330204364137,0.389862467310392,0.659261709579757,NA,"sintetico_postestratificado",FALSE,0.269399242269364,"16","032","Erongarícuaro"
818,0.599655903305785,0.456006331253081,0.728621616370155,NA,"sintetico_postestratificado",FALSE,0.272615285117075,"16","077","San Lucas"
819,0.59537433155903,0.472177980844521,0.720620338114893,4,"muestra_directa",TRUE,0.248442357270372,"16","099","Tuzantla"
820,0.488564870073881,0.354308884824748,0.634157883791952,NA,"sintetico_postestratificado",FALSE,0.279848998967204,"16","001","Acuitzio"
821,0.55451896650026,0.421393149444627,0.684660916358456,7,"muestra_directa",TRUE,0.263267766913829,"16","043","Jacona"
822,0.563960738295525,0.432328947580121,0.706126717668744,NA,"sintetico_postestratificado",FALSE,0.273797770088623,"16","044","Jiménez"
823,0.562788655115593,0.418616965550195,0.693626128066692,NA,"sintetico_postestratificado",FALSE,0.275009162516497,"16","045","Jiquilpan"
824,0.570922742924732,0.436465185269162,0.693734719654639,9,"muestra_directa",TRUE,0.257269534385477,"16","012","Buenavista"
825,0.581977078262871,0.44623372834872,0.702707557573821,NA,"sintetico_postestratificado",FALSE,0.256473829225101,"16","013","Carácuaro"
826,0.524984720899544,0.382525578774401,0.661206650442575,NA,"sintetico_postestratificado",FALSE,0.278681071668174,"16","021","Charapan"
827,0.54623294555075,0.409155180689717,0.679429176291454,NA,"sintetico_postestratificado",FALSE,0.270273995601737,"16","020","Cuitzeo"
828,0.547388041991373,0.426024560596298,0.65880457561191,12,"muestra_directa",FALSE,0.232780015015612,"16","019","Cotija"
829,0.546652573289397,0.410230222602523,0.675209010554156,NA,"sintetico_postestratificado",FALSE,0.264978787951633,"16","018","Copándaro"
830,0.552862450019056,0.412276641940823,0.682559884462316,NA,"sintetico_postestratificado",FALSE,0.270283242521492,"16","087","Taretan"
831,0.568466716651023,0.435506733200026,0.695326783775084,NA,"sintetico_postestratificado",FALSE,0.259820050575058,"16","086","Tanhuato"
832,0.58073912071395,0.448173483323496,0.715966459803869,NA,"sintetico_postestratificado",FALSE,0.267792976480373,"16","072","Queréndaro"
833,0.589753323881293,0.459913765266474,0.710838138788821,NA,"sintetico_postestratificado",FALSE,0.250924373522346,"16","067","Penjamillo"
834,0.543356468490212,0.416109697709722,0.67438278816105,NA,"sintetico_postestratificado",FALSE,0.258273090451328,"16","022","Charo"
835,0.555558790480596,0.424950709043752,0.687180623039261,NA,"sintetico_postestratificado",FALSE,0.262229913995509,"16","079","Salvador Escalante"
836,0.553144402290734,0.416821107041393,0.679069133855107,NA,"sintetico_postestratificado",FALSE,0.262248026813714,"16","078","Santa Ana Maya"
837,0.564381571602557,0.431894469612676,0.682746759424613,2,"muestra_directa",TRUE,0.250852289811938,"16","075","Los Reyes"
838,0.565529385443634,0.411936386663597,0.702775158466975,NA,"sintetico_postestratificado",FALSE,0.290838771803378,"16","076","Sahuayo"
839,0.569930223431366,0.433584343216378,0.699460481754009,4,"muestra_directa",TRUE,0.265876138537632,"16","033","Gabriel Zamora"
840,0.554562049780138,0.43200608525214,0.68102248218668,NA,"sintetico_postestratificado",FALSE,0.249016396934541,"16","035","La Huacana"
841,0.558436077342036,0.432043995941717,0.68724298510128,NA,"sintetico_postestratificado",FALSE,0.255198989159563,"16","036","Huandacareo"
842,0.54990693724325,0.411457790122039,0.687281232302542,NA,"sintetico_postestratificado",FALSE,0.275823442180504,"16","037","Huaniqueo"
843,0.54800197375953,0.413388104470614,0.67962156420811,NA,"sintetico_postestratificado",FALSE,0.266233459737496,"16","038","Huetamo"
844,0.541061667316035,0.41030337103406,0.685264847131263,NA,"sintetico_postestratificado",FALSE,0.274961476097204,"16","039","Huiramba"
845,0.588327285928334,0.44934981467642,0.719667261763599,NA,"sintetico_postestratificado",FALSE,0.270317447087179,"16","040","Indaparapeo"
846,0.586010136988917,0.445120234205069,0.709336970131786,NA,"sintetico_postestratificado",FALSE,0.264216735926717,"16","041","Irimbo"
847,0.598107329859339,0.453636956936721,0.729453177210676,NA,"sintetico_postestratificado",FALSE,0.275816220273955,"16","042","Ixtlán"
848,0.602265473504878,0.468456910654269,0.725236957012333,NA,"sintetico_postestratificado",FALSE,0.256780046358064,"16","049","Madero"
849,0.569917963990975,0.441227794254094,0.710255403601837,NA,"sintetico_postestratificado",FALSE,0.269027609347743,"16","050","Maravatío"
850,0.5285080068115,0.390579592944975,0.653019123281682,6,"muestra_directa",TRUE,0.262439530336707,"16","051","Marcos Castellanos"
851,0.588494797108346,0.46029617188561,0.708298285598087,15,"muestra_directa",FALSE,0.248002113712477,"16","052","Lázaro Cárdenas"
852,0.526872551468899,0.403618494326396,0.640308324484627,28,"muestra_directa",FALSE,0.236689830158231,"16","053","Morelia"
853,0.574021499918698,0.442863361087678,0.694520403623149,NA,"sintetico_postestratificado",FALSE,0.251657042535471,"16","014","Coahuayana"
854,0.526684317861431,0.40411707455467,0.652620366325117,7,"muestra_directa",TRUE,0.248503291770447,"16","015","Coalcomán de Vázquez Pallares"
855,0.536558165540455,0.401673238530289,0.658452200837353,NA,"sintetico_postestratificado",FALSE,0.256778962307064,"16","016","Coeneo"
856,0.557920563065223,0.419531624166357,0.690211619287426,NA,"sintetico_postestratificado",FALSE,0.270679995121069,"16","017","Contepec"
857,0.574935059791362,0.436986719917345,0.710110712922878,NA,"sintetico_postestratificado",FALSE,0.273123993005532,"16","083","Tancítaro"
858,0.548364648972062,0.434984441296444,0.65934506315116,24,"muestra_directa",FALSE,0.224360621854716,"16","082","Tacámbaro"
859,0.560025315414804,0.421899191298691,0.69342207376161,NA,"sintetico_postestratificado",FALSE,0.271522882462919,"16","081","Susupuato"
860,0.593151167285605,0.44272941655139,0.729326288646006,NA,"sintetico_postestratificado",FALSE,0.286596872094616,"16","056","Nahuatzen"
861,0.587453865967655,0.451219885072256,0.71724423726579,NA,"sintetico_postestratificado",FALSE,0.266024352193534,"16","080","Senguio"
862,0.588814049701538,0.451631855009041,0.712966577461732,NA,"sintetico_postestratificado",FALSE,0.261334722452691,"16","057","Nocupétaro"
863,0.58967361137774,0.451432595289298,0.70722225981662,NA,"sintetico_postestratificado",FALSE,0.255789664527322,"16","034","Hidalgo"
864,0.589893455643279,0.445230363354305,0.725049825010469,NA,"sintetico_postestratificado",FALSE,0.279819461656164,"16","058","Nuevo Parangaricutiro"
865,0.609739260600666,0.478745238545542,0.739360818537803,NA,"sintetico_postestratificado",FALSE,0.26061557999226,"16","059","Nuevo Urecho"
866,0.573528685298401,0.424165636317894,0.710700850243209,NA,"sintetico_postestratificado",FALSE,0.286535213925315,"16","060","Numarán"
867,0.531130554773467,0.401243386218045,0.655724219294196,8,"muestra_directa",TRUE,0.254480833076151,"16","062","Pajacuarán"
868,0.5711829070178,0.434409492623193,0.706551415443067,NA,"sintetico_postestratificado",FALSE,0.272141922819875,"16","063","Panindícuaro"
869,0.585152018129264,0.446954215518332,0.712534976004886,NA,"sintetico_postestratificado",FALSE,0.265580760486554,"16","064","Parácuaro"
870,0.587024888530983,0.455965846910318,0.72115209037585,NA,"sintetico_postestratificado",FALSE,0.265186243465532,"16","105","Vista Hermosa"
871,0.563359416407507,0.427701870061454,0.700154422700291,NA,"sintetico_postestratificado",FALSE,0.272452552638837,"16","065","Paracho"
872,0.577210829937242,0.442745481092066,0.708902215845301,NA,"sintetico_postestratificado",FALSE,0.266156734753234,"16","089","Tepalcatepec"
873,0.534097954389481,0.408499504001709,0.661672186885813,5,"muestra_directa",TRUE,0.253172682884104,"16","061","Ocampo"
874,0.560345436639708,0.415260153807934,0.702976919520765,NA,"sintetico_postestratificado",FALSE,0.28771676571283,"16","055","Múgica"
875,0.554704858908073,0.424964971332562,0.685449015712105,NA,"sintetico_postestratificado",FALSE,0.260484044379543,"16","054","Morelos"
876,0.581655158567622,0.441313665431594,0.704440895886725,NA,"sintetico_postestratificado",FALSE,0.26312723045513,"16","030","Ecuandureo"
877,0.647936244001796,0.51905849454668,0.762790146952428,5,"muestra_directa",TRUE,0.243731652405748,"16","029","Churumuco"
878,0.571724845284627,0.432870424102836,0.694976940415957,NA,"sintetico_postestratificado",FALSE,0.262106516313121,"16","028","Churintzio"
879,0.558254418606363,0.414692259822219,0.70163694805314,NA,"sintetico_postestratificado",FALSE,0.286944688230921,"16","027","Chucándiro"
880,0.580858202453375,0.441236513209102,0.711403298450264,NA,"sintetico_postestratificado",FALSE,0.270166785241162,"16","026","Chinicuila"
881,0.583161921685544,0.455491611781266,0.713885261284993,NA,"sintetico_postestratificado",FALSE,0.258393649503727,"16","025","Chilchota"
882,0.606743124383212,0.473865691288441,0.739795423555686,NA,"sintetico_postestratificado",FALSE,0.265929732267244,"16","024","Cherán"
883,0.608519282402212,0.478280127924441,0.724563669326054,5,"muestra_directa",TRUE,0.246283541401613,"16","023","Chavinda"
884,0.6248500098949,0.491211836058781,0.741005106656932,NA,"sintetico_postestratificado",FALSE,0.249793270598151,"16","066","Pátzcuaro"
885,0.597018250246653,0.479790956932419,0.716770708494426,6,"muestra_directa",TRUE,0.236979751562008,"16","068","Peribán"
886,0.597561015301167,0.469946909830418,0.722008754012649,3,"muestra_directa",TRUE,0.25206184418223,"16","069","La Piedad"
887,0.594216297097304,0.454893598024796,0.726161953137928,NA,"sintetico_postestratificado",FALSE,0.271268355113132,"16","070","Purépero"
888,0.5925698167797,0.450428350568101,0.714557486245363,NA,"sintetico_postestratificado",FALSE,0.264129135677262,"16","071","Puruándiro"
889,0.590707916904557,0.453792159653211,0.712193286892836,2,"muestra_directa",TRUE,0.258401127239625,"16","073","Quiroga"
890,0.598118747224876,0.460682783112688,0.72475557713019,NA,"sintetico_postestratificado",FALSE,0.264072794017502,"16","091","Tingüindín"
891,0.590483652162361,0.45614784202455,0.710523216028189,NA,"sintetico_postestratificado",FALSE,0.254375374003639,"16","113","José Sixto Verduzco"
892,0.536602511565671,0.405253323026577,0.651209424813401,7,"muestra_directa",TRUE,0.245956101786825,"16","112","Zitácuaro"
893,0.595810857104374,0.465434289907628,0.725380945708488,NA,"sintetico_postestratificado",FALSE,0.25994665580086,"16","085","Tangancícuaro"
894,0.553960116323963,0.426619876168093,0.678343821231581,7,"muestra_directa",TRUE,0.251723945063489,"16","088","Tarímbaro"
895,0.572949079400272,0.44167011458357,0.693318086565163,NA,"sintetico_postestratificado",FALSE,0.251647971981592,"16","092","Tiquicheo de Nicolás Romero"
896,0.557379667783835,0.41916292097699,0.691011207469239,NA,"sintetico_postestratificado",FALSE,0.271848286492249,"16","093","Tlalpujahua"
897,0.603989407837422,0.470373166719133,0.732834632053223,NA,"sintetico_postestratificado",FALSE,0.26246146533409,"16","111","Ziracuaretiro"
898,0.559451735681975,0.422792209212237,0.694589576358274,NA,"sintetico_postestratificado",FALSE,0.271797367146037,"16","101","Tzitzio"
899,0.591278459652425,0.449946897676311,0.718187634488901,NA,"sintetico_postestratificado",FALSE,0.26824073681259,"16","100","Tzintzuntzan"
900,0.588214133590682,0.448096216188293,0.716186127148356,NA,"sintetico_postestratificado",FALSE,0.268089910960064,"16","095","Tocumbo"
901,0.594250158126682,0.469002115428919,0.717130034226129,NA,"sintetico_postestratificado",FALSE,0.24812791879721,"16","084","Tangamandapio"
902,0.591141386123821,0.470905814419425,0.70644784851582,8,"muestra_directa",TRUE,0.235542034096394,"16","102","Uruapan"
903,0.595411485668742,0.456568723779122,0.721587203027628,NA,"sintetico_postestratificado",FALSE,0.265018479248505,"16","103","Venustiano Carranza"
904,0.59566121660499,0.456489927138454,0.723785331647736,NA,"sintetico_postestratificado",FALSE,0.267295404509281,"16","104","Villamar"
905,0.602847111061023,0.466692593391204,0.727608765468145,NA,"sintetico_postestratificado",FALSE,0.260916172076942,"16","094","Tlazazalca"
906,0.562981221009864,0.4245320707156,0.680330173218363,4,"muestra_directa",TRUE,0.255798102502763,"16","047","Jungapeo"
907,0.580252621443531,0.447858346228088,0.704707331763152,NA,"sintetico_postestratificado",FALSE,0.256848985535064,"16","046","Juárez"
908,0.591851179602145,0.449822606208968,0.720739870108256,NA,"sintetico_postestratificado",FALSE,0.270917263899288,"16","048","Lagunillas"
909,0.567820978308421,0.439030061436369,0.698302028516618,NA,"sintetico_postestratificado",FALSE,0.25927196708025,"17","002","Atlatlahucan"
910,0.57681234248103,0.446977969540088,0.688257851090729,21,"muestra_directa",FALSE,0.241279881550641,"17","006","Cuautla"
911,0.619556804234252,0.497303869963967,0.737204331252475,10,"muestra_directa",FALSE,0.239900461288509,"17","028","Xochitepec"
912,0.537276285481077,0.40260617382714,0.669513400528385,NA,"sintetico_postestratificado",FALSE,0.266907226701245,"17","022","Tetela del Volcán"
913,0.583808692633029,0.443803562761732,0.711838391536576,NA,"sintetico_postestratificado",FALSE,0.268034828774844,"17","009","Huitzilac"
914,0.574246150087704,0.42781569065123,0.700265930640905,NA,"sintetico_postestratificado",FALSE,0.272450239989676,"17","016","Ocuituco"
915,0.59882079163351,0.479137988215013,0.721726750342595,13,"muestra_directa",FALSE,0.242588762127582,"17","008","Emiliano Zapata"
916,0.574062679356975,0.43873687601869,0.700118895729642,6,"muestra_directa",TRUE,0.261382019710952,"17","003","Axochiapan"
917,0.556455862609962,0.421789150202388,0.681696196384939,5,"muestra_directa",TRUE,0.259907046182552,"17","036","Hueyapan"
918,0.591625236970713,0.457538696444927,0.714962949769923,NA,"sintetico_postestratificado",FALSE,0.257424253324996,"17","035","Xoxocotla"
919,0.617335025020745,0.48176559296697,0.742274052524752,2,"muestra_directa",TRUE,0.260508459557782,"17","025","Tlaquiltenango"
920,0.606923518300906,0.47709979069691,0.726471130674827,NA,"sintetico_postestratificado",FALSE,0.249371339977917,"17","001","Amacuzac"
921,0.591563703474945,0.46370755545063,0.70717475707013,9,"muestra_directa",TRUE,0.243467201619501,"17","020","Tepoztlán"
922,0.565750043308305,0.439575549441592,0.697751625671732,NA,"sintetico_postestratificado",FALSE,0.258176076230139,"17","034","Coatetelco"
923,0.588844448860518,0.452972894668875,0.722401773025471,NA,"sintetico_postestratificado",FALSE,0.269428878356596,"17","027","Totolapan"
924,0.572707461555229,0.441741804499001,0.701214036573393,NA,"sintetico_postestratificado",FALSE,0.259472232074392,"17","030","Yecapixtla"
925,0.555166028024516,0.411175938604314,0.688204589552799,NA,"sintetico_postestratificado",FALSE,0.277028650948485,"17","026","Tlayacapan"
926,0.583305114846983,0.454377186152173,0.709289738926523,8,"muestra_directa",TRUE,0.25491255277435,"17","031","Zacatepec"
927,0.547994752353245,0.408282153166344,0.68484879581537,NA,"sintetico_postestratificado",FALSE,0.276566642649026,"17","021","Tetecala"
928,0.567146193908507,0.455098925271984,0.678080356420203,12,"muestra_directa",FALSE,0.222981431148219,"17","019","Tepalcingo"
929,0.577477297330292,0.439361876037598,0.709904537630535,NA,"sintetico_postestratificado",FALSE,0.270542661592937,"17","023","Tlalnepantla"
930,0.563727652167193,0.424946888915372,0.693142221546896,NA,"sintetico_postestratificado",FALSE,0.268195332631524,"17","017","Puente de Ixtla"
931,0.513884812714174,0.377130712577515,0.639051911505943,6,"muestra_directa",TRUE,0.261921198928428,"17","015","Miacatlán"
932,0.544746318836413,0.41570129096112,0.677080581566285,NA,"sintetico_postestratificado",FALSE,0.261379290605166,"17","013","Jonacatepec de Leandro Valle"
933,0.625279510025143,0.50883870600985,0.725522315258104,26,"muestra_directa",FALSE,0.216683609248253,"17","011","Jiutepec"
934,0.554566077132283,0.415886014422395,0.684002725665047,1,"muestra_directa",TRUE,0.268116711242652,"17","010","Jantetelco"
935,0.558419210768968,0.443913877632038,0.675753266873097,7,"muestra_directa",TRUE,0.231839389241058,"17","018","Temixco"
936,0.578595673640515,0.456979735282367,0.690732757898999,13,"muestra_directa",FALSE,0.233753022616632,"17","029","Yautepec"
937,0.581214220925937,0.438263108764026,0.710445256179735,2,"muestra_directa",TRUE,0.272182147415708,"17","012","Jojutla"
938,0.529137436616622,0.397536078337838,0.656810726242946,9,"muestra_directa",TRUE,0.259274647905108,"17","024","Tlaltizapán de Zapata"
939,0.608648321034564,0.507036139105058,0.704187035869519,39,"muestra_directa",FALSE,0.197150896764462,"17","007","Cuernavaca"
940,0.539423195969196,0.410644101993051,0.659874454442045,4,"muestra_directa",TRUE,0.249230352448995,"17","005","Coatlán del Río"
941,0.562715599913655,0.436569680722354,0.681757179635518,15,"muestra_directa",FALSE,0.245187498913163,"17","004","Ayala"
942,0.545447655866282,0.407365298981391,0.681676787509608,NA,"sintetico_postestratificado",FALSE,0.274311488528217,"17","014","Mazatepec"
943,0.506969905033483,0.378698331187673,0.635762783585276,5,"muestra_directa",TRUE,0.257064452397603,"17","032","Zacualpan de Amilpas"
944,0.530642796846144,0.391348725295396,0.660081702601846,NA,"sintetico_postestratificado",FALSE,0.268732977306449,"17","033","Temoac"
945,0.606081902236656,0.46515617819596,0.731016488071224,NA,"sintetico_postestratificado",FALSE,0.265860309875264,"18","001","Acaponeta"
946,0.587620842628504,0.454671000319488,0.71248705972447,NA,"sintetico_postestratificado",FALSE,0.257816059404982,"18","009","Del Nayar"
947,0.602715657605396,0.46898914372952,0.739082421905265,NA,"sintetico_postestratificado",FALSE,0.270093278175744,"18","010","Rosamorada"
948,0.610147969704453,0.485794490447536,0.721092373960819,8,"muestra_directa",TRUE,0.235297883513283,"18","011","Ruíz"
949,0.518338020296233,0.426727453627869,0.606768150734205,64,"muestra_directa",FALSE,0.180040697106336,"18","017","Tepic"
950,0.568814573471278,0.42208772970001,0.702343389010604,NA,"sintetico_postestratificado",FALSE,0.280255659310595,"18","018","Tuxpan"
951,0.57469996805321,0.435307537295709,0.699680836019054,NA,"sintetico_postestratificado",FALSE,0.264373298723344,"18","019","La Yesca"
952,0.540591706152603,0.408419908356346,0.670018136263957,9,"muestra_directa",TRUE,0.261598227907611,"18","004","Compostela"
953,0.511239818430828,0.369683973101689,0.649941811895333,5,"muestra_directa",TRUE,0.280257838793644,"18","013","San Pedro Lagunillas"
954,0.622525908430673,0.497856211002019,0.741763802483399,9,"muestra_directa",TRUE,0.24390759148138,"18","008","Xalisco"
955,0.608714884928221,0.467496321653069,0.739739700808811,NA,"sintetico_postestratificado",FALSE,0.272243379155743,"18","005","Huajicori"
956,0.638246246043636,0.527362849452228,0.74215712656553,21,"muestra_directa",FALSE,0.214794277113302,"18","006","Ixtlán del Río"
957,0.62062302225406,0.488319203887528,0.742931059244629,1,"muestra_directa",TRUE,0.254611855357102,"18","007","Jala"
958,0.625161550733637,0.505836046436462,0.730346318226637,13,"muestra_directa",FALSE,0.224510271790175,"18","014","Santa María del Oro"
959,0.585871296161196,0.464562924357162,0.699850999071494,15,"muestra_directa",FALSE,0.235288074714332,"18","015","Santiago Ixcuintla"
960,0.590043542555885,0.447298231210818,0.714566114896218,4,"muestra_directa",TRUE,0.2672678836854,"18","016","Tecuala"
961,0.618120197657869,0.488745184608609,0.746679127150995,NA,"sintetico_postestratificado",FALSE,0.257933942542386,"18","003","Amatlán de Cañas"
962,0.601867847250039,0.461224897633985,0.730879293505896,NA,"sintetico_postestratificado",FALSE,0.269654395871911,"18","012","San Blas"
963,0.511799130022249,0.374579178685012,0.646109479693812,11,"muestra_directa",FALSE,0.2715303010088,"18","020","Bahía de Banderas"
964,0.565758466709703,0.432691716595534,0.680493364282192,8,"muestra_directa",TRUE,0.247801647686658,"18","002","Ahuacatlán"
965,0.635774503171559,0.478457485803376,0.774843908932437,NA,"sintetico_postestratificado",FALSE,0.296386423129061,"19","029","Hualahuises"
966,0.559981947881337,0.440688214737112,0.664121363592011,24,"muestra_directa",FALSE,0.223433148854899,"19","048","Santa Catarina"
967,0.613859378220221,0.483423407661514,0.738381726690132,5,"muestra_directa",TRUE,0.254958319028618,"19","044","Sabinas Hidalgo"
968,0.61016675849092,0.471588006968632,0.73148277008873,NA,"sintetico_postestratificado",FALSE,0.259894763120097,"19","042","Los Ramones"
969,0.619957337405088,0.468354396611139,0.743071877297601,NA,"sintetico_postestratificado",FALSE,0.274717480686462,"19","023","General Treviño"
970,0.624912037047442,0.489898975900572,0.746287049813469,NA,"sintetico_postestratificado",FALSE,0.256388073912897,"19","022","General Terán"
971,0.553443842807647,0.421803220156097,0.683820485918793,7,"muestra_directa",TRUE,0.262017265762696,"19","047","Hidalgo"
972,0.604101558910139,0.476215871019912,0.737735147735836,7,"muestra_directa",TRUE,0.261519276715924,"19","049","Santiago"
973,0.630526234929896,0.505629753390844,0.745596511433632,11,"muestra_directa",FALSE,0.239966758042787,"19","009","Cadereyta Jiménez"
974,0.553458769174828,0.429947761533067,0.671965796946756,14,"muestra_directa",FALSE,0.242018035413689,"19","032","Lampazos de Naranjo"
975,0.590002097889778,0.47892708434041,0.687207547130563,33,"muestra_directa",FALSE,0.208280462790153,"19","031","Juárez"
976,0.649266450419719,0.506441511420122,0.766779057023532,NA,"sintetico_postestratificado",FALSE,0.26033754560341,"19","027","Los Herreras"
977,0.611760638046117,0.460504425480087,0.737729594863449,NA,"sintetico_postestratificado",FALSE,0.277225169383363,"19","020","General Bravo"
978,0.531142100188125,0.401975876340439,0.648950973523362,5,"muestra_directa",TRUE,0.246975097182922,"19","041","Pesquería"
979,0.597528349154114,0.457371417083592,0.726472029781418,NA,"sintetico_postestratificado",FALSE,0.269100612697826,"19","040","Parás"
980,0.612207790988854,0.517612490241295,0.701397832215323,86,"muestra_directa",FALSE,0.183785341974027,"19","039","Monterrey"
981,0.565580943521875,0.459643954048562,0.673233740063952,37,"muestra_directa",FALSE,0.21358978601539,"19","046","San Nicolás de los Garza"
982,0.615292183261688,0.472140595221151,0.747008428834164,1,"muestra_directa",TRUE,0.274867833613013,"19","019","San Pedro Garza García"
983,0.577019573281365,0.443948945499531,0.71043136217282,NA,"sintetico_postestratificado",FALSE,0.26648241667329,"19","037","Mina"
984,0.598928039566806,0.455218830599571,0.742609843768541,NA,"sintetico_postestratificado",FALSE,0.28739101316897,"19","010","El Carmen"
985,0.628583545685793,0.534873760502444,0.718882183965948,49,"muestra_directa",FALSE,0.184008423463504,"19","021","General Escobedo"
986,0.620110243496809,0.508683072991319,0.730116821028587,24,"muestra_directa",FALSE,0.221433748037268,"19","012","Ciénega de Flores"
987,0.586103388366176,0.452882257913982,0.720611848534696,NA,"sintetico_postestratificado",FALSE,0.267729590620714,"19","002","Agualeguas"
988,0.618357437000743,0.477275397179275,0.74687967365311,NA,"sintetico_postestratificado",FALSE,0.269604276473835,"19","005","Anáhuac"
989,0.565920346735281,0.435816514219503,0.6900401351126,NA,"sintetico_postestratificado",FALSE,0.254223620893097,"19","024","General Zaragoza"
990,0.673563681088629,0.587952360331521,0.757151586369237,67,"muestra_directa",FALSE,0.169199226037716,"19","026","Guadalupe"
991,0.549561358483346,0.406288791668971,0.687767773116354,NA,"sintetico_postestratificado",FALSE,0.281478981447383,"19","003","Los Aldamas"
992,0.610748651581277,0.474339357312779,0.740967817970645,NA,"sintetico_postestratificado",FALSE,0.266628460657866,"19","004","Allende"
993,0.603859971424926,0.459421639243243,0.738402829302163,NA,"sintetico_postestratificado",FALSE,0.278981190058921,"19","025","General Zuazua"
994,0.585546200222273,0.45192728762343,0.7188408923205,NA,"sintetico_postestratificado",FALSE,0.26691360469707,"19","015","Doctor Coss"
995,0.593230992166082,0.462342505170406,0.723275912932242,7,"muestra_directa",TRUE,0.260933407761835,"19","007","Aramberri"
996,0.618460417936107,0.508065895445684,0.722029477772135,20,"muestra_directa",FALSE,0.213963582326451,"19","018","García"
997,0.605529761554574,0.464447449377461,0.747102536860398,NA,"sintetico_postestratificado",FALSE,0.282655087482937,"19","051","Villaldama"
998,0.608997743441884,0.509535903077041,0.706833886626332,49,"muestra_directa",FALSE,0.197297983549291,"19","006","Apodaca"
999,0.591669947052623,0.459987733057364,0.718884296402402,NA,"sintetico_postestratificado",FALSE,0.258896563345037,"19","011","Cerralvo"
1000,0.598284647489286,0.453741775506838,0.728294490673133,NA,"sintetico_postestratificado",FALSE,0.274552715166294,"19","001","Abasolo"
1001,0.615733366018262,0.486472084545341,0.74036578576161,NA,"sintetico_postestratificado",FALSE,0.253893701216269,"19","017","Galeana"
1002,0.583642067847087,0.445307799886068,0.713060353868197,NA,"sintetico_postestratificado",FALSE,0.267752553982129,"19","016","Doctor González"
1003,0.590138871167162,0.452702307575284,0.72386074817822,NA,"sintetico_postestratificado",FALSE,0.271158440602936,"19","050","Vallecillo"
1004,0.628718758493546,0.498548727475727,0.74980180620729,NA,"sintetico_postestratificado",FALSE,0.251253078731562,"19","034","Marín"
1005,0.601729549773182,0.456495265835249,0.730173847075473,NA,"sintetico_postestratificado",FALSE,0.273678581240224,"19","035","Melchor Ocampo"
1006,0.594874171404381,0.457200087298439,0.729001545913947,NA,"sintetico_postestratificado",FALSE,0.271801458615508,"19","028","Higueras"
1007,0.551627144333768,0.413654295896646,0.679040713209673,2,"muestra_directa",TRUE,0.265386417313027,"19","033","Linares"
1008,0.608094865761051,0.45497684134624,0.731641544315678,NA,"sintetico_postestratificado",FALSE,0.276664702969438,"19","036","Mier y Noriega"
1009,0.601958260584814,0.473071832621647,0.727153826280655,NA,"sintetico_postestratificado",FALSE,0.254081993659007,"19","043","Rayones"
1010,0.609476695079469,0.473641138946901,0.734605570754147,NA,"sintetico_postestratificado",FALSE,0.260964431807246,"19","014","Doctor Arroyo"
1011,0.601736231649475,0.466549003609357,0.721259225060233,NA,"sintetico_postestratificado",FALSE,0.254710221450876,"19","038","Montemorelos"
1012,0.595188704631505,0.447102915161167,0.726941570054045,NA,"sintetico_postestratificado",FALSE,0.279838654892878,"19","008","Bustamante"
1013,0.612021069356565,0.475094216178233,0.74228023022718,NA,"sintetico_postestratificado",FALSE,0.267186014048947,"19","013","China"
1014,0.621606893997731,0.483179692839583,0.743616858863747,NA,"sintetico_postestratificado",FALSE,0.260437166024165,"19","045","Salinas Victoria"
1015,0.633111892661437,0.487681399520655,0.769299213032066,NA,"sintetico_postestratificado",FALSE,0.281617813511411,"19","030","Iturbide"
1016,0.499374511360622,0.366974370610108,0.642389811698902,NA,"sintetico_postestratificado",FALSE,0.275415441088794,"20","125","San Carlos Yautepec"
1017,0.603709924074585,0.471776858825744,0.727170507690225,NA,"sintetico_postestratificado",FALSE,0.255393648864481,"20","481","Santiago Nuyoó"
1018,0.57165519853322,0.434501127869576,0.699217885661721,NA,"sintetico_postestratificado",FALSE,0.264716757792146,"20","517","Santo Domingo Tepuxtepec"
1019,0.410021060565975,0.275299568552865,0.562520109475045,NA,"sintetico_postestratificado",FALSE,0.28722054092218,"20","524","Santo Domingo Yodohino"
1020,0.531863495801922,0.384104662593035,0.677069870681069,NA,"sintetico_postestratificado",FALSE,0.292965208088034,"20","378","Santa Cruz Mixtepec"
1021,0.578635327224705,0.446014604018378,0.709085218557636,NA,"sintetico_postestratificado",FALSE,0.263070614539258,"20","054","Magdalena Zahuatlán"
1022,0.647297870617172,0.501026318356817,0.769987520353854,NA,"sintetico_postestratificado",FALSE,0.268961201997037,"20","542","Taniche"
1023,0.638495589420269,0.498104787435798,0.757627836138,NA,"sintetico_postestratificado",FALSE,0.259523048702202,"20","237","San Marcos Arteaga"
1024,0.525230110129914,0.378216629940061,0.656351594652239,NA,"sintetico_postestratificado",FALSE,0.278134964712178,"20","489","Santiago Tetepec"
1025,0.532611969952451,0.388081179706814,0.669195054214634,NA,"sintetico_postestratificado",FALSE,0.28111387450782,"20","544","Teococuilco de Marcos Pérez"
1026,0.500444111573737,0.361604560817751,0.639700706027225,NA,"sintetico_postestratificado",FALSE,0.278096145209474,"20","490","Santiago Texcalcingo"
1027,0.55035582578267,0.41567488368906,0.680723501712851,NA,"sintetico_postestratificado",FALSE,0.265048618023791,"20","333","San Pedro Totolápam"
1028,0.507162275371405,0.364521931842508,0.644655699326779,NA,"sintetico_postestratificado",FALSE,0.280133767484271,"20","334","Villa de Tututepec"
1029,0.611336533325541,0.469238736499588,0.729327611555815,NA,"sintetico_postestratificado",FALSE,0.260088875056228,"20","562","Magdalena Yodocono de Porfirio Díaz"
1030,0.606802081278774,0.454133909636082,0.738925771041695,NA,"sintetico_postestratificado",FALSE,0.284791861405613,"20","133","San Esteban Atatlahuca"
1031,0.51235713053324,0.365840657935001,0.648241177436581,2,"muestra_directa",TRUE,0.28240051950158,"20","134","San Felipe Jalapa de Díaz"
1032,0.527044284183237,0.382779423254875,0.663728236515951,NA,"sintetico_postestratificado",FALSE,0.280948813261076,"20","138","San Francisco Cajonos"
1033,0.591573786759289,0.449898177390344,0.722427431754224,NA,"sintetico_postestratificado",FALSE,0.27252925436388,"20","149","San Francisco Sola"
1034,0.625340804583533,0.477066814999569,0.744470181218687,NA,"sintetico_postestratificado",FALSE,0.267403366219118,"20","161","San Jerónimo Sosola"
1035,0.550372257910542,0.417212848491895,0.675702144106892,NA,"sintetico_postestratificado",FALSE,0.258489295614997,"20","159","San Jerónimo Coatlán"
1036,0.497064007046608,0.355576027610887,0.639166832618495,NA,"sintetico_postestratificado",FALSE,0.283590805007609,"20","437","Santa María Tlahuitoltepec"
1037,0.561858505713348,0.406793331041743,0.700035368766079,NA,"sintetico_postestratificado",FALSE,0.293242037724336,"20","441","Santa María Xadani"
1038,0.51276516262708,0.3715600475345,0.660621879577438,NA,"sintetico_postestratificado",FALSE,0.289061832042938,"20","446","Santa María Yucuhiti"
1039,0.549619034521189,0.415559459069584,0.673323743529143,NA,"sintetico_postestratificado",FALSE,0.257764284459558,"20","447","Santa María Zacatepec"
1040,0.572203907840602,0.448571881722693,0.696508376348008,NA,"sintetico_postestratificado",FALSE,0.247936494625315,"20","469","Santiago Juxtlahuaca"
1041,0.57603710661598,0.439387904415302,0.706956266825066,NA,"sintetico_postestratificado",FALSE,0.267568362409763,"20","511","Santo Domingo Nuxaá"
1042,0.537682184342444,0.404030800637314,0.669346400821676,NA,"sintetico_postestratificado",FALSE,0.265315600184361,"20","513","Santo Domingo Petapa"
1043,0.543777783066125,0.393447252699982,0.677992508247311,NA,"sintetico_postestratificado",FALSE,0.284545255547329,"20","278","San Miguel Soyaltepec"
1044,0.522184838462499,0.388491117401811,0.653088647652991,NA,"sintetico_postestratificado",FALSE,0.26459753025118,"20","457","Santiago Camotlán"
1045,0.506926710223273,0.37147440649017,0.64837765687063,NA,"sintetico_postestratificado",FALSE,0.27690325038046,"20","163","San Jerónimo Tecóatl"
1046,0.544838831957397,0.402128636922987,0.676581582788027,NA,"sintetico_postestratificado",FALSE,0.27445294586504,"20","166","San José Chiltepec"
1047,0.525968896384548,0.38470538140561,0.664223419387342,NA,"sintetico_postestratificado",FALSE,0.279518037981732,"20","506","Santo Domingo Albarradas"
1048,0.591654511713872,0.459889774397577,0.726495645721496,NA,"sintetico_postestratificado",FALSE,0.266605871323919,"20","482","Santiago Pinotepa Nacional"
1049,0.564879009341982,0.441934381108493,0.690098499504372,NA,"sintetico_postestratificado",FALSE,0.248164118395879,"20","508","Santo Domingo Chihuitán"
1050,0.522230973397415,0.375524021515374,0.659360988815473,NA,"sintetico_postestratificado",FALSE,0.283836967300099,"20","205","San Juan Lalana"
1051,0.518354039955498,0.362813008832702,0.660085741152387,NA,"sintetico_postestratificado",FALSE,0.297272732319685,"20","271","San Miguel Mixtepec"
1052,0.590972293115461,0.442929337795941,0.723931959939771,NA,"sintetico_postestratificado",FALSE,0.28100262214383,"20","329","San Pedro Teozacoalco"
1053,0.599308058471253,0.460150464303677,0.732058206176759,NA,"sintetico_postestratificado",FALSE,0.271907741873082,"20","330","San Pedro Teutila"
1054,0.598750052323455,0.449572746219677,0.74340252992539,NA,"sintetico_postestratificado",FALSE,0.293829783705713,"20","246","San Mateo Cajonos"
1055,0.576164396537235,0.448983862435948,0.7063130456489,NA,"sintetico_postestratificado",FALSE,0.257329183212953,"20","277","Villa Sola de Vega"
1056,0.565170790609717,0.442430353948656,0.691880005827904,9,"muestra_directa",TRUE,0.249449651879249,"20","545","Teotitlán de Flores Magón"
1057,0.590252759895802,0.439380857738011,0.724001048080303,NA,"sintetico_postestratificado",FALSE,0.284620190342292,"20","546","Teotitlán del Valle"
1058,0.525051769793829,0.381723622150213,0.658844853844182,NA,"sintetico_postestratificado",FALSE,0.277121231693969,"20","547","Teotongo"
1059,0.507526877421478,0.355363369113627,0.655536166757439,NA,"sintetico_postestratificado",FALSE,0.300172797643812,"20","170","San José Lachiguiri"
1060,0.530716464833089,0.388834843766165,0.677870504228491,NA,"sintetico_postestratificado",FALSE,0.289035660462325,"20","230","San Lorenzo Victoria"
1061,0.562288421228965,0.425486061279254,0.701404734589028,NA,"sintetico_postestratificado",FALSE,0.275918673309774,"20","168","San José Estancia Grande"
1062,0.517905436233777,0.38790022820484,0.638424127674379,11,"muestra_directa",FALSE,0.250523899469538,"20","184","San Juan Bautista Tuxtepec"
1063,0.545797116012803,0.403786630406709,0.674564614945348,NA,"sintetico_postestratificado",FALSE,0.270777984538639,"20","185","San Juan Cacahuatepec"
1064,0.590077575243302,0.443284138683317,0.723618318270759,NA,"sintetico_postestratificado",FALSE,0.280334179587442,"20","404","Santa María Chachoápam"
1065,0.634193031550213,0.495945527249294,0.754186040839263,NA,"sintetico_postestratificado",FALSE,0.258240513589969,"20","407","Santa María Chimalapa"
1066,0.503770307148635,0.361762437473711,0.643664157798583,NA,"sintetico_postestratificado",FALSE,0.281901720324872,"20","186","San Juan Cieneguilla"
1067,0.448666352633768,0.30951726581657,0.59636870195267,NA,"sintetico_postestratificado",FALSE,0.2868514361361,"20","214","San Juan Quiotepec"
1068,0.520161306700917,0.374399714651117,0.658433855849549,NA,"sintetico_postestratificado",FALSE,0.284034141198433,"20","220","San Juan Tepeuxila"
1069,0.467807835765302,0.32023045249514,0.616289355107894,NA,"sintetico_postestratificado",FALSE,0.296058902612754,"20","227","San Lorenzo Cacaotepec"
1070,0.542327473368516,0.403954079156003,0.678076009483082,NA,"sintetico_postestratificado",FALSE,0.274121930327079,"20","261","San Miguel Amatitlán"
1071,0.543499638344149,0.410477248546,0.678212776446874,NA,"sintetico_postestratificado",FALSE,0.267735527900874,"20","552","Tlacotepec Plumas"
1072,0.594727997648468,0.457062767732666,0.720424021201465,NA,"sintetico_postestratificado",FALSE,0.263361253468799,"20","262","San Miguel Amatlán"
1073,0.603869744029403,0.452332529475872,0.73133641715508,NA,"sintetico_postestratificado",FALSE,0.279003887679208,"20","266","San Miguel del Puerto"
1074,0.524571171309667,0.381652714689277,0.661495099985265,NA,"sintetico_postestratificado",FALSE,0.279842385295988,"20","550","San Jerónimo Tlacochahuaya"
1075,0.546703727190058,0.403727308026215,0.695893666221106,NA,"sintetico_postestratificado",FALSE,0.29216635819489,"20","253","San Mateo Piñas"
1076,0.584388334206149,0.430526167084138,0.719949024554013,NA,"sintetico_postestratificado",FALSE,0.289422857469875,"20","254","San Mateo Río Hondo"
1077,0.509414371015661,0.378288560772604,0.634536967942105,4,"muestra_directa",TRUE,0.256248407169502,"20","272","San Miguel Panixtlahuaca"
1078,0.502432941325902,0.367853407469618,0.634643188599697,NA,"sintetico_postestratificado",FALSE,0.266789781130079,"20","273","San Miguel Peras"
1079,0.53669016101759,0.396104916251254,0.667457538801781,NA,"sintetico_postestratificado",FALSE,0.271352622550527,"20","275","San Miguel Quetzaltepec"
1080,0.57659289720353,0.440751687510934,0.706281730164019,NA,"sintetico_postestratificado",FALSE,0.265530042653085,"20","551","Tlacolula de Matamoros"
1081,0.525464987999014,0.385002405245523,0.657516151359754,NA,"sintetico_postestratificado",FALSE,0.27251374611423,"20","357","Santa Ana Tavela"
1082,0.535227758025906,0.4001469981836,0.666499449804683,NA,"sintetico_postestratificado",FALSE,0.266352451621083,"20","502","Santiago Zacatepec"
1083,0.535159686599636,0.390990348451946,0.670709669462587,NA,"sintetico_postestratificado",FALSE,0.279719321010641,"20","553","Tlalixtac de Cabrera"
1084,0.566598730122507,0.418044421928133,0.693466904814721,NA,"sintetico_postestratificado",FALSE,0.275422482886587,"20","265","San Miguel Chimalapa"
1085,0.584704836706077,0.444143997963834,0.718733153226871,NA,"sintetico_postestratificado",FALSE,0.274589155263037,"20","493","Santiago Tillo"
1086,0.560692520414948,0.425348190687145,0.679101133448452,11,"muestra_directa",FALSE,0.253752942761307,"20","318","San Pedro Mixtepec"
1087,0.57854235576056,0.432204570945165,0.71311684919385,NA,"sintetico_postestratificado",FALSE,0.280912278248686,"20","327","San Pedro Tapanatepec"
1088,0.547348294200134,0.399579211176024,0.690369626258311,NA,"sintetico_postestratificado",FALSE,0.290790415082287,"20","554","Totontepec Villa de Morelos"
1089,0.49622418412629,0.346437922948391,0.643057839764015,NA,"sintetico_postestratificado",FALSE,0.296619916815624,"20","555","Trinidad Zaachila"
1090,0.492345037068928,0.354785923728287,0.633857018268927,NA,"sintetico_postestratificado",FALSE,0.27907109454064,"20","556","La Trinidad Vista Hermosa"
1091,0.445116903701251,0.313320256356707,0.579624181094993,NA,"sintetico_postestratificado",FALSE,0.266303924738285,"20","018","Concepción Buenavista"
1092,0.533974214916871,0.387109880547212,0.670985448513505,NA,"sintetico_postestratificado",FALSE,0.283875567966293,"20","036","Guevea de Humboldt"
1093,0.512796551566883,0.37346188080665,0.658583553910806,NA,"sintetico_postestratificado",FALSE,0.285121673104157,"20","338","Villa de Etla"
1094,0.532760513153067,0.386318794599782,0.672979312655945,NA,"sintetico_postestratificado",FALSE,0.286660518056162,"20","344","San Sebastián Coatlán"
1095,0.549989775687332,0.412993189123879,0.685458695637757,NA,"sintetico_postestratificado",FALSE,0.272465506513878,"20","366","Santa Catarina Loxicha"
1096,0.531424601262672,0.382556266463527,0.683421954896846,NA,"sintetico_postestratificado",FALSE,0.300865688433319,"20","377","Santa Cruz Itundujia"
1097,0.518043825069323,0.381543751507335,0.652612551481563,NA,"sintetico_postestratificado",FALSE,0.271068799974228,"20","451","Santiago Apoala"
1098,0.574500988248156,0.431397390318712,0.710286586734551,NA,"sintetico_postestratificado",FALSE,0.27888919641584,"20","005","Asunción Ixtaltepec"
1099,0.591691204947224,0.441128890731653,0.728157519642418,NA,"sintetico_postestratificado",FALSE,0.287028628910766,"20","558","Valerio Trujano"
1100,0.59352902745949,0.446306028525269,0.730156765619142,NA,"sintetico_postestratificado",FALSE,0.283850737093873,"20","561","Yaxe"
1101,0.555517282970603,0.430701569824213,0.683608623809724,NA,"sintetico_postestratificado",FALSE,0.25290705398551,"20","056","Mártires de Tacubaya"
1102,0.570625940815454,0.431659276237152,0.7060073920269,NA,"sintetico_postestratificado",FALSE,0.274348115789748,"20","563","Yogana"
1103,0.568091703301637,0.422472974121335,0.707426586732477,NA,"sintetico_postestratificado",FALSE,0.284953612611141,"20","497","Santiago Yaitepec"
1104,0.540476754411963,0.400631013329914,0.682835383441415,NA,"sintetico_postestratificado",FALSE,0.282204370111501,"20","549","Heroica Villa Tezoatlán de Segura y Luna, Cuna de la Independencia de Oaxaca"
1105,0.62457300984767,0.49017772230285,0.742185774700085,NA,"sintetico_postestratificado",FALSE,0.252008052397235,"20","564","Yutanduchi de Guerrero"
1106,0.593996527131946,0.447404471695704,0.719929924669465,NA,"sintetico_postestratificado",FALSE,0.272525452973761,"20","565","Villa de Zaachila"
1107,0.499304136463746,0.353948870817279,0.648839912492528,NA,"sintetico_postestratificado",FALSE,0.294891041675248,"20","099","San Andrés Tepetlapa"
1108,0.490444701858412,0.346479674712421,0.628514487550627,NA,"sintetico_postestratificado",FALSE,0.282034812838206,"20","491","Santiago Textitlán"
1109,0.536630795979456,0.392844426676786,0.674267017235972,NA,"sintetico_postestratificado",FALSE,0.281422590559186,"20","031","Tamazulápam del Espíritu Santo"
1110,0.568842604007832,0.439333120215486,0.707378218059447,NA,"sintetico_postestratificado",FALSE,0.26804509784396,"20","279","San Miguel Suchixtepec"
1111,0.523420154604416,0.376002318187979,0.674790962743931,NA,"sintetico_postestratificado",FALSE,0.298788644555952,"20","401","Santa María Colotepec"
1112,0.501134276037924,0.3486349076766,0.656281592648569,NA,"sintetico_postestratificado",FALSE,0.307646684971969,"20","367","Santa Catarina Mechoacán"
1113,0.56619406923933,0.430387507177331,0.69885807969457,6,"muestra_directa",TRUE,0.268470572517239,"20","500","Santiago Yosondúa"
1114,0.623566866277711,0.486593996761166,0.745255067390319,NA,"sintetico_postestratificado",FALSE,0.258661070629153,"20","503","Santiago Zoochila"
1115,0.627275300282855,0.482471800830301,0.748705852472787,NA,"sintetico_postestratificado",FALSE,0.266234051642486,"20","379","Santa Cruz Nundaco"
1116,0.549978715135884,0.420053178959584,0.678104646869852,NA,"sintetico_postestratificado",FALSE,0.258051467910268,"20","494","Santiago Tlazoyaltepec"
1117,0.477602412416329,0.340629845005549,0.624959535020027,2,"muestra_directa",TRUE,0.284329690014478,"20","499","Santiago Yolomécatl"
1118,0.516754386603539,0.381870938462897,0.654560727856401,NA,"sintetico_postestratificado",FALSE,0.272689789393504,"20","058","Mazatlán Villa de Flores"
1119,0.546908836052659,0.397111838645895,0.682880725758803,NA,"sintetico_postestratificado",FALSE,0.285768887112907,"20","059","Miahuatlán de Porfirio Díaz"
1120,0.502455738194035,0.353919022126696,0.650113407770073,NA,"sintetico_postestratificado",FALSE,0.296194385643377,"20","177","San Juan Bautista Cuicatlán"
1121,0.511975960823922,0.367772764503717,0.66251164151079,NA,"sintetico_postestratificado",FALSE,0.294738877007073,"20","359","Santa Ana Yareni"
1122,0.567298572972279,0.434378234829212,0.699423141062108,NA,"sintetico_postestratificado",FALSE,0.265044906232896,"20","364","Santa Catarina Juquila"
1123,0.558838030747267,0.418814256946499,0.692966464188294,NA,"sintetico_postestratificado",FALSE,0.274152207241795,"20","569","Santa Inés de Zaragoza"
1124,0.51534210063061,0.366996915280335,0.658851439762608,NA,"sintetico_postestratificado",FALSE,0.291854524482273,"20","570","Zimatlán de Álvarez"
1125,0.50485879948395,0.358234105616844,0.642729644728043,NA,"sintetico_postestratificado",FALSE,0.284495539111199,"20","567","Zapotitlán Lagunas"
1126,0.562898788260006,0.437685900477088,0.686683612749426,4,"muestra_directa",TRUE,0.248997712272338,"20","057","Matías Romero Avendaño"
1127,0.549793032184147,0.402052691746039,0.689311662078546,NA,"sintetico_postestratificado",FALSE,0.287258970332507,"20","423","Santa María Nduayaco"
1128,0.510792308190504,0.375606895801101,0.645579792276406,NA,"sintetico_postestratificado",FALSE,0.269972896475305,"20","112","San Baltazar Chichicápam"
1129,0.48126810412844,0.333085542708138,0.625111858853662,NA,"sintetico_postestratificado",FALSE,0.292026316145523,"20","510","Santo Domingo Ixcatlán"
1130,0.500297195468275,0.346016994153097,0.643746474051488,NA,"sintetico_postestratificado",FALSE,0.297729479898391,"20","371","Santa Catarina Ticuá"
1131,0.51571402994962,0.375553203868859,0.65426519045016,NA,"sintetico_postestratificado",FALSE,0.278711986581301,"20","424","Santa María Ozolotepec"
1132,0.53184188189763,0.403659869713036,0.663769714668148,NA,"sintetico_postestratificado",FALSE,0.260109844955113,"20","406","Santa María Chilchotla"
1133,0.521641358449705,0.380492624270284,0.656135344910761,NA,"sintetico_postestratificado",FALSE,0.275642720640477,"20","410","Santa María Ecatepec"
1134,0.550062264700493,0.415078240000632,0.680469550147441,NA,"sintetico_postestratificado",FALSE,0.265391310146809,"20","435","Santa María Tepantlali"
1135,0.582887474179284,0.441491353198551,0.717886074364646,NA,"sintetico_postestratificado",FALSE,0.276394721166095,"20","417","Santa María Jacatepec"
1136,0.594818869343783,0.456527473992676,0.725353482804429,NA,"sintetico_postestratificado",FALSE,0.268826008811753,"20","422","Santa María Nativitas"
1137,0.548990306934065,0.420749221566362,0.680987159168663,NA,"sintetico_postestratificado",FALSE,0.260237937602301,"20","439","Santa María Tonameca"
1138,0.497871268820129,0.365418819223813,0.645647304354101,NA,"sintetico_postestratificado",FALSE,0.280228485130289,"20","450","Santiago Amoltepec"
1139,0.584506569793294,0.455592073041583,0.725975128151448,10,"muestra_directa",FALSE,0.270383055109865,"20","075","Reforma de Pineda"
1140,0.519262595146424,0.378289938480691,0.658920003742236,NA,"sintetico_postestratificado",FALSE,0.280630065261545,"20","501","Santiago Yucuyachi"
1141,0.537201939150295,0.392729328114748,0.670273572767801,NA,"sintetico_postestratificado",FALSE,0.277544244653053,"20","504","Nuevo Zoquiápam"
1142,0.511894115735023,0.355557517009349,0.653924134279628,NA,"sintetico_postestratificado",FALSE,0.298366617270279,"20","505","Santo Domingo Ingenio"
1143,0.577782368265264,0.430160827626656,0.723456294683275,NA,"sintetico_postestratificado",FALSE,0.293295467056619,"20","251","San Mateo Nejápam"
1144,0.491517212378468,0.349202167542157,0.622158660498713,NA,"sintetico_postestratificado",FALSE,0.272956492956556,"20","459","Villa de Santiago Chazumba"
1145,0.587229294819767,0.43338988990695,0.717045262022591,NA,"sintetico_postestratificado",FALSE,0.283655372115641,"20","477","Santiago Minas"
1146,0.541292415086065,0.391741216886027,0.681767351606149,NA,"sintetico_postestratificado",FALSE,0.290026134720122,"20","484","Santiago Tamazola"
1147,0.514148756360451,0.376547538351511,0.655044217466232,NA,"sintetico_postestratificado",FALSE,0.278496679114721,"20","485","Santiago Tapextla"
1148,0.527796863772574,0.395026552370606,0.66576898469137,NA,"sintetico_postestratificado",FALSE,0.270742432320764,"20","492","Santiago Tilantongo"
1149,0.499362405771929,0.351214982323011,0.642241029004861,NA,"sintetico_postestratificado",FALSE,0.291026046681849,"20","495","Santiago Xanica"
1150,0.570973505912496,0.434453199849168,0.704584230382437,NA,"sintetico_postestratificado",FALSE,0.270131030533269,"20","534","San Vicente Coatlán"
1151,0.527633713437216,0.400517207794369,0.659519705884528,NA,"sintetico_postestratificado",FALSE,0.25900249809016,"20","537","Silacayoápam"
1152,0.469514847657922,0.322599642897042,0.612372189462009,NA,"sintetico_postestratificado",FALSE,0.289772546564967,"20","543","Tataltepec de Valdés"
1153,0.567474761757692,0.43934698641658,0.692656586665452,NA,"sintetico_postestratificado",FALSE,0.253309600248872,"20","548","Tepelmeme Villa de Morelos"
1154,0.454074502092191,0.315289466331197,0.595719389840275,NA,"sintetico_postestratificado",FALSE,0.280429923509078,"20","463","Santiago Huauclilla"
1155,0.497481361403686,0.350364561414393,0.649797340857844,NA,"sintetico_postestratificado",FALSE,0.299432779443451,"20","467","Santiago Jamiltepec"
1156,0.536981347780207,0.394948103580376,0.674608430313568,NA,"sintetico_postestratificado",FALSE,0.279660326733192,"20","559","San Juan Bautista Valle Nacional"
1157,0.532889638066923,0.40440680590398,0.669873085047658,NA,"sintetico_postestratificado",FALSE,0.265466279143677,"20","169","San José Independencia"
1158,0.514933306628171,0.367465417682055,0.658507764135101,NA,"sintetico_postestratificado",FALSE,0.291042346453046,"20","117","San Bartolomé Loxicha"
1159,0.508249715211706,0.366459655892073,0.649913084851582,NA,"sintetico_postestratificado",FALSE,0.283453428959509,"20","512","Santo Domingo Ozolotepec"
1160,0.580652979663014,0.429641545512444,0.728039326464614,NA,"sintetico_postestratificado",FALSE,0.298397780952169,"20","514","Santo Domingo Roayaga"
1161,0.557828851069826,0.408641685847816,0.698175154564329,NA,"sintetico_postestratificado",FALSE,0.289533468716513,"20","118","San Bartolomé Quialana"
1162,0.429013223911008,0.285629122914722,0.576580154378812,NA,"sintetico_postestratificado",FALSE,0.290951031464091,"20","518","Santo Domingo Tlatayápam"
1163,0.506282783108078,0.356943603616898,0.656599463912746,NA,"sintetico_postestratificado",FALSE,0.299655860295848,"20","440","Santa María Totolapilla"
1164,0.507694851645995,0.360288467012382,0.657210044761833,NA,"sintetico_postestratificado",FALSE,0.296921577749451,"20","568","Zapotitlán Palmas"
1165,0.547298852143947,0.404828826102423,0.696992297693528,NA,"sintetico_postestratificado",FALSE,0.292163471591105,"20","521","Santo Domingo Tonaltepec"
1166,0.565495405811876,0.432467354528468,0.689755384705203,NA,"sintetico_postestratificado",FALSE,0.257288030176734,"20","001","Abejones"
1167,0.516470674894402,0.384067409395561,0.664717752534902,NA,"sintetico_postestratificado",FALSE,0.280650343139341,"20","256","San Mateo Tlapiltepec"
1168,0.535943812091219,0.389147779891566,0.676900750627592,NA,"sintetico_postestratificado",FALSE,0.287752970736027,"20","003","Asunción Cacalotepec"
1169,0.518859962745297,0.36324576956775,0.660907518316324,NA,"sintetico_postestratificado",FALSE,0.297661748748574,"20","263","San Miguel Coatlán"
1170,0.564889175877675,0.436080624906538,0.696780571051831,NA,"sintetico_postestratificado",FALSE,0.260699946145294,"20","004","Asunción Cuyotepeji"
1171,0.475266452106945,0.33106689256542,0.626047833936545,NA,"sintetico_postestratificado",FALSE,0.294980941371125,"20","007","Asunción Ocotlán"
1172,0.644493624584768,0.493756572700154,0.76968710824073,NA,"sintetico_postestratificado",FALSE,0.275930535540577,"20","267","San Miguel del Río"
1173,0.498756706714409,0.36107234984379,0.633687642163972,NA,"sintetico_postestratificado",FALSE,0.272615292320182,"20","011","Calihualá"
1174,0.480490613246615,0.347824295130176,0.618799830228666,NA,"sintetico_postestratificado",FALSE,0.27097553509849,"20","027","Chiquihuitlán de Benito Juárez"
1175,0.522406823355275,0.379728268878849,0.657078852616326,6,"muestra_directa",TRUE,0.277350583737477,"20","030","El Espinal"
1176,0.571940652891967,0.430431810409086,0.703512184202047,NA,"sintetico_postestratificado",FALSE,0.273080373792961,"20","519","Santo Domingo Tomaltepec"
1177,0.480032568853798,0.334907466684845,0.627213570193256,NA,"sintetico_postestratificado",FALSE,0.292306103508411,"20","034","Guadalupe de Ramírez"
1178,0.522560660453628,0.380462896833138,0.666333510677079,NA,"sintetico_postestratificado",FALSE,0.28587061384394,"20","013","Ciénega de Zimatlán"
1179,0.571907667646832,0.425037472408153,0.710757250818222,NA,"sintetico_postestratificado",FALSE,0.285719778410069,"20","460","Santiago Choápam"
1180,0.493445204355482,0.351029097699805,0.629535825789694,NA,"sintetico_postestratificado",FALSE,0.27850672808989,"20","044","Loma Bonita"
1181,0.597100054365763,0.454218267794468,0.728263331264175,NA,"sintetico_postestratificado",FALSE,0.274045063469707,"20","017","La Compañía"
1182,0.534273385241845,0.39387376755405,0.663105732540371,NA,"sintetico_postestratificado",FALSE,0.269231964986322,"20","507","Santo Domingo Armenta"
1183,0.533865039487352,0.391470902877078,0.68408269203402,NA,"sintetico_postestratificado",FALSE,0.292611789156942,"20","049","Magdalena Ocotlán"
1184,0.471226529999706,0.337285828769953,0.609797984498249,NA,"sintetico_postestratificado",FALSE,0.272512155728296,"20","520","Santo Domingo Tonalá"
1185,0.478051247831737,0.334584788536827,0.618444799595738,NA,"sintetico_postestratificado",FALSE,0.28386001105891,"20","019","Concepción Pápalo"
1186,0.471577866438433,0.327705432675268,0.625992090459048,NA,"sintetico_postestratificado",FALSE,0.29828665778378,"20","022","Cosoltepec"
1187,0.494106354815386,0.351294828101034,0.634555748097548,NA,"sintetico_postestratificado",FALSE,0.283260919996514,"20","024","Cuyamecalco Villa de Zaragoza"
1188,0.534145702261837,0.388150262319933,0.675838063601983,7,"muestra_directa",TRUE,0.28768780128205,"20","025","Chahuites"
1189,0.550630693137577,0.417238842565819,0.686196965971295,NA,"sintetico_postestratificado",FALSE,0.268958123405476,"20","026","Chalcatongo de Hidalgo"
1190,0.517831789074491,0.378202923325462,0.657783453765863,NA,"sintetico_postestratificado",FALSE,0.279580530440401,"20","029","Eloxochitlán de Flores Magón"
1191,0.516806842673653,0.390189126855157,0.654441850464641,NA,"sintetico_postestratificado",FALSE,0.264252723609483,"20","032","Fresnillo de Trujano"
1192,0.451869889308944,0.32830339953249,0.573196229572784,17,"muestra_directa",FALSE,0.244892830040294,"20","515","Santo Domingo Tehuantepec"
1193,0.512143351356227,0.374211846779211,0.637733763875164,7,"muestra_directa",TRUE,0.263521917095953,"20","516","Santo Domingo Teojomulco"
1194,0.534010691672964,0.38635699390835,0.67750670236162,NA,"sintetico_postestratificado",FALSE,0.29114970845327,"20","033","Guadalupe Etla"
1195,0.614113731617424,0.4693467331736,0.746492121109885,NA,"sintetico_postestratificado",FALSE,0.277145387936285,"20","050","Magdalena Peñasco"
1196,0.583306069848244,0.432856423956779,0.718007275563867,NA,"sintetico_postestratificado",FALSE,0.285150851607088,"20","035","Guelatao de Juárez"
1197,0.520463691164162,0.373846885420617,0.65434394872057,NA,"sintetico_postestratificado",FALSE,0.280497063299953,"20","051","Magdalena Teitipac"
1198,0.527380637361872,0.37247880607529,0.674518781054441,NA,"sintetico_postestratificado",FALSE,0.302039974979151,"20","536","San Vicente Nuñú"
1199,0.502432177537384,0.364917949129708,0.637839293537578,NA,"sintetico_postestratificado",FALSE,0.272921344407871,"20","047","Santa Magdalena Jicotlán"
1200,0.573461340994929,0.43228835238878,0.711016662445196,NA,"sintetico_postestratificado",FALSE,0.278728310056416,"20","037","Mesones Hidalgo"
1201,0.592689436730708,0.456350109163941,0.718437670571809,NA,"sintetico_postestratificado",FALSE,0.262087561407868,"20","040","Huautepec"
1202,0.582652390478455,0.453252789812775,0.705481258831611,NA,"sintetico_postestratificado",FALSE,0.252228469018836,"20","041","Huautla de Jiménez"
1203,0.544662416257844,0.410726173089295,0.678580451775748,NA,"sintetico_postestratificado",FALSE,0.267854278686453,"20","042","Ixtlán de Juárez"
1204,0.514431362700649,0.37409449084204,0.651903331890608,NA,"sintetico_postestratificado",FALSE,0.277808841048569,"20","045","Magdalena Apasco"
1205,0.562528570300565,0.431234696583358,0.69891145829583,NA,"sintetico_postestratificado",FALSE,0.267676761712472,"20","053","Magdalena Tlacotepec"
1206,0.568644020402183,0.424867285994626,0.702700219570922,NA,"sintetico_postestratificado",FALSE,0.277832933576296,"20","046","Magdalena Jaltepec"
1207,0.530436451936338,0.392652679624685,0.664363872405402,NA,"sintetico_postestratificado",FALSE,0.271711192780717,"20","523","Santo Domingo Yanhuitlán"
1208,0.521968681759851,0.387410726860007,0.658530822417601,NA,"sintetico_postestratificado",FALSE,0.271120095557594,"20","048","Magdalena Mixtepec"
1209,0.60527555725622,0.455204822792537,0.744771430578523,NA,"sintetico_postestratificado",FALSE,0.289566607785986,"20","522","Santo Domingo Xagacía"
1210,0.50835776191538,0.373166614360922,0.640815994011395,NA,"sintetico_postestratificado",FALSE,0.267649379650472,"20","456","Santiago Cacaloxtepec"
1211,0.52124392213101,0.37939719008181,0.655116587569968,NA,"sintetico_postestratificado",FALSE,0.275719397488158,"20","060","Mixistlán de la Reforma"
1212,0.542777164071496,0.397656321185065,0.688535539352571,NA,"sintetico_postestratificado",FALSE,0.290879218167506,"20","061","Monjas"
1213,0.539504745334847,0.380374087343183,0.687597649104983,NA,"sintetico_postestratificado",FALSE,0.307223561761801,"20","062","Natividad"
1214,0.506572077716969,0.354378259232013,0.644460171924168,NA,"sintetico_postestratificado",FALSE,0.290081912692155,"20","063","Nazareno Etla"
1215,0.557309410725114,0.42006026107516,0.683804921597031,NA,"sintetico_postestratificado",FALSE,0.263744660521871,"20","065","Ixpantepec Nieves"
1216,0.578030119827382,0.431320116955733,0.706254664960447,NA,"sintetico_postestratificado",FALSE,0.274934548004714,"20","069","La Pe"
1217,0.526500853109833,0.394040599483892,0.662193937228311,NA,"sintetico_postestratificado",FALSE,0.268153337744419,"20","070","Pinotepa de Don Luis"
1218,0.541067160448566,0.401957121766168,0.682620641329827,NA,"sintetico_postestratificado",FALSE,0.28066351956366,"20","071","Pluma Hidalgo"
1219,0.508945478016948,0.371312765950324,0.650536074817945,NA,"sintetico_postestratificado",FALSE,0.27922330886762,"20","096","San Andrés Sinaxtla"
1220,0.539139994776797,0.398861575551238,0.675582596069252,NA,"sintetico_postestratificado",FALSE,0.276721020518013,"20","072","San José del Progreso"
1221,0.536715474244084,0.39514381378237,0.668943352096448,NA,"sintetico_postestratificado",FALSE,0.273799538314077,"20","097","San Andrés Solaga"
1222,0.555869206583417,0.42469035017959,0.698614661955221,NA,"sintetico_postestratificado",FALSE,0.273924311775631,"20","098","San Andrés Teotilálpam"
1223,0.589928522634597,0.461339257976797,0.717352582763509,NA,"sintetico_postestratificado",FALSE,0.256013324786712,"20","074","Santa Catarina Quioquitani"
1224,0.537414886522423,0.404155234187973,0.670311168471948,10,"muestra_directa",FALSE,0.266155934283974,"20","076","La Reforma"
1225,0.520546889012725,0.383721681161246,0.655559470473632,NA,"sintetico_postestratificado",FALSE,0.271837789312385,"20","190","San Juan Cotzocón"
1226,0.49138579396363,0.349855449755289,0.629184491536991,NA,"sintetico_postestratificado",FALSE,0.279329041781701,"20","078","Rojas de Cuauhtémoc"
1227,0.528124635751864,0.393484938535139,0.669937310324012,NA,"sintetico_postestratificado",FALSE,0.276452371788873,"20","077","Reyes Etla"
1228,0.522401962189068,0.376841876475961,0.661563769835713,NA,"sintetico_postestratificado",FALSE,0.284721893359753,"20","081","San Agustín Atenango"
1229,0.533878071665971,0.383233816275284,0.675767812802806,NA,"sintetico_postestratificado",FALSE,0.292533996527522,"20","094","San Andrés Nuxiño"
1230,0.45457902758851,0.317020842880283,0.605393217201169,NA,"sintetico_postestratificado",FALSE,0.288372374320885,"20","080","San Agustín Amatengo"
1231,0.495207661080596,0.343757779171953,0.647193489102891,NA,"sintetico_postestratificado",FALSE,0.303435709930938,"20","084","San Agustín Etla"
1232,0.530979712128236,0.394853660642943,0.670696897952741,1,"muestra_directa",TRUE,0.275843237309799,"20","082","San Agustín Chayuco"
1233,0.455643082883781,0.309336438674816,0.596324070817802,NA,"sintetico_postestratificado",FALSE,0.286987632142986,"20","086","San Agustín Tlacotepec"
1234,0.470551826126686,0.333798075189613,0.617978152705485,NA,"sintetico_postestratificado",FALSE,0.284180077515871,"20","083","San Agustín de las Juntas"
1235,0.530577860788654,0.395155839146165,0.677933619955517,NA,"sintetico_postestratificado",FALSE,0.282777780809352,"20","092","San Andrés Ixtlahuaca"
1236,0.578968944576842,0.44152051585032,0.706829178725055,NA,"sintetico_postestratificado",FALSE,0.265308662874734,"20","087","San Agustín Yatareni"
1237,0.505549114599628,0.367615702097327,0.650586480122824,NA,"sintetico_postestratificado",FALSE,0.282970778025497,"20","089","San Andrés Dinicuiti"
1238,0.474692940882207,0.327884773126625,0.616619135579334,NA,"sintetico_postestratificado",FALSE,0.288734362452709,"20","090","San Andrés Huaxpaltepec"
1239,0.51221969673424,0.361453354147812,0.659699148892305,NA,"sintetico_postestratificado",FALSE,0.298245794744492,"20","091","San Andrés Huayápam"
1240,0.547339229872259,0.406748858028372,0.686393750525496,NA,"sintetico_postestratificado",FALSE,0.279644892497124,"20","095","San Andrés Paxtlán"
1241,0.522828572224755,0.370562585758898,0.660564821333074,NA,"sintetico_postestratificado",FALSE,0.290002235574176,"20","100","San Andrés Yaá"
1242,0.508839671206964,0.363412954103166,0.662476095326569,NA,"sintetico_postestratificado",FALSE,0.299063141223403,"20","101","San Andrés Zabache"
1243,0.532822814396619,0.388276534490121,0.665124418908454,NA,"sintetico_postestratificado",FALSE,0.276847884418333,"20","102","San Andrés Zautla"
1244,0.478676099992872,0.34232189079383,0.611718960512556,NA,"sintetico_postestratificado",FALSE,0.269397069718726,"20","233","San Lucas Quiaviní"
1245,0.609971530538041,0.463657824326606,0.741763041712574,NA,"sintetico_postestratificado",FALSE,0.278105217385968,"20","103","San Antonino Castillo Velasco"
1246,0.628494581939862,0.496080168529879,0.751282596338455,NA,"sintetico_postestratificado",FALSE,0.255202427808576,"20","104","San Antonino el Alto"
1247,0.455248002535335,0.322944057543506,0.605911898776526,NA,"sintetico_postestratificado",FALSE,0.28296784123302,"20","105","San Antonino Monte Verde"
1248,0.522646978628474,0.384134620088623,0.661495426001176,8,"muestra_directa",TRUE,0.277360805912552,"20","107","San Antonio de la Cal"
1249,0.523580770097083,0.385904409586922,0.65749523565865,NA,"sintetico_postestratificado",FALSE,0.271590826071728,"20","108","San Antonio Huitepec"
1250,0.517182085695899,0.382750647228358,0.657337308156305,NA,"sintetico_postestratificado",FALSE,0.274586660927947,"20","109","San Antonio Nanahuatípam"
1251,0.501853883773265,0.35505078221106,0.645415834009939,NA,"sintetico_postestratificado",FALSE,0.290365051798879,"20","110","San Antonio Sinicahua"
1252,0.500644490757416,0.358868089508126,0.646010333758875,NA,"sintetico_postestratificado",FALSE,0.287142244250749,"20","111","San Antonio Tepetlapa"
1253,0.445729488333279,0.312132574161803,0.597049731941853,NA,"sintetico_postestratificado",FALSE,0.28491715778005,"20","527","Santos Reyes Pápalo"
1254,0.519446750654325,0.368555483522943,0.654199015129878,NA,"sintetico_postestratificado",FALSE,0.285643531606935,"20","116","San Bartolomé Ayautla"
1255,0.539052615439408,0.396001566004263,0.667452535677314,NA,"sintetico_postestratificado",FALSE,0.271450969673051,"20","114","San Baltazar Yatzachi el Bajo"
1256,0.549724149062835,0.390913193840069,0.68701766182495,NA,"sintetico_postestratificado",FALSE,0.296104467984881,"20","172","San Juan Achiutla"
1257,0.535484119512212,0.393786233856675,0.671749223572537,NA,"sintetico_postestratificado",FALSE,0.277962989715862,"20","115","San Bartolo Coyotepec"
1258,0.492839894200197,0.348373651988762,0.638662471646229,NA,"sintetico_postestratificado",FALSE,0.290288819657467,"20","413","Santa María Huatulco"
1259,0.60293431110574,0.456476005311999,0.728025064472161,NA,"sintetico_postestratificado",FALSE,0.271549059160163,"20","119","San Bartolomé Yucuañe"
1260,0.566833096276988,0.416513621438167,0.709514877420465,NA,"sintetico_postestratificado",FALSE,0.293001255982298,"20","120","San Bartolomé Zoogocho"
1261,0.487572414324817,0.356119896247198,0.627985821439001,NA,"sintetico_postestratificado",FALSE,0.271865925191802,"20","121","San Bartolo Soyaltepec"
1262,0.550639347925543,0.406094582960589,0.681705172662536,NA,"sintetico_postestratificado",FALSE,0.275610589701947,"20","014","Ciudad Ixtepec"
1263,0.527164179202702,0.388321098074555,0.674079655670634,NA,"sintetico_postestratificado",FALSE,0.285758557596079,"20","015","Coatecas Altas"
1264,0.474991546240992,0.333234508254752,0.611458974282625,NA,"sintetico_postestratificado",FALSE,0.278224466027872,"20","123","San Bernardo Mixtepec"
1265,0.494107168213881,0.348417927445007,0.637934175920352,NA,"sintetico_postestratificado",FALSE,0.289516248475345,"20","122","San Bartolo Yautepec"
1266,0.505983493742926,0.365346720630399,0.644236700963641,NA,"sintetico_postestratificado",FALSE,0.278889980333243,"20","528","Santos Reyes Tepejillo"
1267,0.48950166815408,0.351046126982699,0.637230646613678,NA,"sintetico_postestratificado",FALSE,0.28618451963098,"20","124","Heroica Villa de San Blas Atempa"
1268,0.458286602505673,0.322350082389912,0.591548384032961,NA,"sintetico_postestratificado",FALSE,0.269198301643048,"20","129","San Cristóbal Suchixtlahuaca"
1269,0.510315265934986,0.35944810838776,0.647046052470929,NA,"sintetico_postestratificado",FALSE,0.287597944083169,"20","206","San Juan de los Cués"
1270,0.537765333529149,0.384222363883613,0.683711527477685,NA,"sintetico_postestratificado",FALSE,0.299489163594073,"20","126","San Cristóbal Amatlán"
1271,0.470116067855764,0.331129448454304,0.62166463284528,NA,"sintetico_postestratificado",FALSE,0.290535184390976,"20","020","Constancia del Rosario"
1272,0.494059688820279,0.357429925333979,0.636591019457548,NA,"sintetico_postestratificado",FALSE,0.27916109412357,"20","127","San Cristóbal Amoltepec"
1273,0.492829763769525,0.344539735469002,0.635134297918756,NA,"sintetico_postestratificado",FALSE,0.290594562449753,"20","128","San Cristóbal Lachirioag"
1274,0.510708779535565,0.364174707089574,0.648503204776658,NA,"sintetico_postestratificado",FALSE,0.284328497687083,"20","529","Santos Reyes Yucuná"
1275,0.504933973939854,0.364454488538029,0.649501351974078,NA,"sintetico_postestratificado",FALSE,0.285046863436049,"20","131","San Dionisio Ocotepec"
1276,0.479693465134009,0.354303548687334,0.613218185815682,7,"muestra_directa",TRUE,0.258914637128347,"20","130","San Dionisio del Mar"
1277,0.533933339961656,0.3851204670234,0.679957755218074,NA,"sintetico_postestratificado",FALSE,0.294837288194674,"20","152","San Francisco Tlapancingo"
1278,0.556258123282036,0.420803856300481,0.695687565822685,NA,"sintetico_postestratificado",FALSE,0.274883709522204,"20","153","San Gabriel Mixtepec"
1279,0.539844760386307,0.388828717086562,0.681363351291905,NA,"sintetico_postestratificado",FALSE,0.292534634205343,"20","132","San Dionisio Ocotlán"
1280,0.503638281654912,0.359075032941721,0.642229912679836,NA,"sintetico_postestratificado",FALSE,0.283154879738115,"20","135","San Felipe Tejalápam"
1281,0.431379995347275,0.294147895286014,0.581198051288626,NA,"sintetico_postestratificado",FALSE,0.287050156002612,"20","136","San Felipe Usila"
1282,0.489279741026295,0.351478707936123,0.625785874990828,NA,"sintetico_postestratificado",FALSE,0.274307167054705,"20","137","San Francisco Cahuacuá"
1283,0.485395639258846,0.334793609481695,0.634345201564171,NA,"sintetico_postestratificado",FALSE,0.299551592082476,"20","139","San Francisco Chapulapa"
1284,0.481437080064384,0.340686752300874,0.62535099472102,NA,"sintetico_postestratificado",FALSE,0.284664242420146,"20","142","San Francisco Huehuetlán"
1285,0.532027749867086,0.39434464683528,0.658781499621297,NA,"sintetico_postestratificado",FALSE,0.264436852786017,"20","140","San Francisco Chindúa"
1286,0.492891405027646,0.352892716731915,0.636982522009715,NA,"sintetico_postestratificado",FALSE,0.284089805277799,"20","141","San Francisco del Mar"
1287,0.581550808343913,0.448445891703155,0.706086443246586,NA,"sintetico_postestratificado",FALSE,0.257640551543431,"20","160","San Jerónimo Silacayoapilla"
1288,0.544214494500752,0.391153008904842,0.691327141407104,NA,"sintetico_postestratificado",FALSE,0.300174132502262,"20","143","San Francisco Ixhuatán"
1289,0.553372828406348,0.41152498960874,0.706066969037939,NA,"sintetico_postestratificado",FALSE,0.294541979429199,"20","144","San Francisco Jaltepetongo"
1290,0.542172080102826,0.399739058144679,0.676620134414744,NA,"sintetico_postestratificado",FALSE,0.276881076270065,"20","145","San Francisco Lachigoló"
1291,0.496772409623018,0.349117937509698,0.635403806730775,NA,"sintetico_postestratificado",FALSE,0.286285869221077,"20","531","Santo Tomás Mazaltepec"
1292,0.525570060424244,0.377636612451275,0.661648254143314,NA,"sintetico_postestratificado",FALSE,0.284011641692038,"20","146","San Francisco Logueche"
1293,0.502542984797026,0.350411579765765,0.652161021457275,NA,"sintetico_postestratificado",FALSE,0.30174944169151,"20","147","San Francisco Nuxaño"
1294,0.546582033176401,0.392338151162186,0.697466882319835,NA,"sintetico_postestratificado",FALSE,0.305128731157649,"20","148","San Francisco Ozolotepec"
1295,0.536322539058402,0.402623275261763,0.666625000931847,NA,"sintetico_postestratificado",FALSE,0.264001725670084,"20","150","San Francisco Telixtlahuaca"
1296,0.488182953751206,0.358175564699637,0.630711489191067,NA,"sintetico_postestratificado",FALSE,0.27253592449143,"20","151","San Francisco Teopan"
1297,0.528483370266689,0.376457347228085,0.665642840646569,NA,"sintetico_postestratificado",FALSE,0.289185493418484,"20","157","San Jacinto Amilpas"
1298,0.499853133938785,0.362775662186748,0.641172949279029,NA,"sintetico_postestratificado",FALSE,0.278397287092281,"20","248","San Mateo del Mar"
1299,0.652860804190344,0.503534886946998,0.782663219133061,NA,"sintetico_postestratificado",FALSE,0.279128332186063,"20","158","San Jacinto Tlacotepec"
1300,0.656928557890118,0.509148291765649,0.786669802492898,NA,"sintetico_postestratificado",FALSE,0.27752151072725,"20","162","San Jerónimo Taviche"
1301,0.573013739690467,0.437446802164437,0.697054370502951,NA,"sintetico_postestratificado",FALSE,0.259607568338514,"20","164","San Jorge Nuchita"
1302,0.604056657294133,0.475721109545073,0.723194168209172,NA,"sintetico_postestratificado",FALSE,0.247473058664099,"20","176","San Juan Bautista Coixtlahuaca"
1303,0.578479671412559,0.449766839274399,0.708572008818962,NA,"sintetico_postestratificado",FALSE,0.258805169544563,"20","165","San José Ayuquila"
1304,0.583822285807103,0.447656320081501,0.706330504828627,NA,"sintetico_postestratificado",FALSE,0.258674184747126,"20","167","San José del Peñasco"
1305,0.518326901037673,0.369827027771835,0.656283900848993,NA,"sintetico_postestratificado",FALSE,0.286456873077158,"20","530","Santo Tomás Jalieza"
1306,0.491663297805586,0.341976078072116,0.641464419946654,NA,"sintetico_postestratificado",FALSE,0.299488341874538,"20","187","San Juan Coatzóspam"
1307,0.542557569439074,0.409866676399217,0.673566713470912,NA,"sintetico_postestratificado",FALSE,0.263700037071695,"20","171","San José Tenango"
1308,0.52128761859808,0.379835087776885,0.668384953794693,NA,"sintetico_postestratificado",FALSE,0.288549866017808,"20","188","San Juan Colorado"
1309,0.464321111308858,0.313129222369525,0.619509613074221,NA,"sintetico_postestratificado",FALSE,0.306380390704696,"20","173","San Juan Atepec"
1310,0.550622340036859,0.405968350067689,0.69132313050785,NA,"sintetico_postestratificado",FALSE,0.28535478044016,"20","174","Ánimas Trujano"
1311,0.513218459564538,0.367593326290013,0.653022707679403,NA,"sintetico_postestratificado",FALSE,0.28542938138939,"20","191","San Juan Chicomezúchil"
1312,0.435053815511523,0.290945814656633,0.588634250620895,NA,"sintetico_postestratificado",FALSE,0.297688435964262,"20","196","San Juan Evangelista Analco"
1313,0.53421684826304,0.398226338477246,0.66448422435679,NA,"sintetico_postestratificado",FALSE,0.266257885879544,"20","178","San Juan Bautista Guelache"
1314,0.528223980397027,0.394012022638854,0.66708535362633,NA,"sintetico_postestratificado",FALSE,0.273073330987476,"20","197","San Juan Guelavía"
1315,0.631610264122566,0.495083354486358,0.762665506305888,NA,"sintetico_postestratificado",FALSE,0.26758215181953,"20","180","San Juan Bautista Lo de Soto"
1316,0.494302328505396,0.34534845894247,0.636586404144968,NA,"sintetico_postestratificado",FALSE,0.291237945202499,"20","204","San Juan Lajarcia"
1317,0.471021296973311,0.337168746564739,0.616100987532868,NA,"sintetico_postestratificado",FALSE,0.278932240968128,"20","181","San Juan Bautista Suchitepec"
1318,0.579665928689816,0.448602789126186,0.704403921784793,NA,"sintetico_postestratificado",FALSE,0.255801132658607,"20","480","Santiago Nundiche"
1319,0.586608434930569,0.441498842985863,0.716625051378983,NA,"sintetico_postestratificado",FALSE,0.27512620839312,"20","182","San Juan Bautista Tlacoatzintepec"
1320,0.546011769336556,0.400336820707221,0.671051627756335,NA,"sintetico_postestratificado",FALSE,0.270714807049114,"20","183","San Juan Bautista Tlachichilco"
1321,0.532897917537078,0.388507749302592,0.667512268234962,NA,"sintetico_postestratificado",FALSE,0.27900451893237,"20","189","San Juan Comaltepec"
1322,0.530205195080325,0.388568349359584,0.675453995621588,NA,"sintetico_postestratificado",FALSE,0.286885646262004,"20","192","San Juan Chilateca"
1323,0.588356220667051,0.456708988291886,0.715220858887799,NA,"sintetico_postestratificado",FALSE,0.258511870595913,"20","193","San Juan del Estado"
1324,0.475009861491617,0.327984516648577,0.623562930357006,NA,"sintetico_postestratificado",FALSE,0.29557841370843,"20","464","Santiago Ihuitlán Plumas"
1325,0.47785169011432,0.320757431819362,0.625154877391498,NA,"sintetico_postestratificado",FALSE,0.304397445572136,"20","194","San Juan del Río"
1326,0.448542635605158,0.311034407081721,0.600196609668796,NA,"sintetico_postestratificado",FALSE,0.289162202587075,"20","195","San Juan Diuxi"
1327,0.564039536617835,0.426768396294098,0.693036804462712,NA,"sintetico_postestratificado",FALSE,0.266268408168614,"20","199","San Juan Ihualtepec"
1328,0.493451311233329,0.354067018321118,0.6282928354007,NA,"sintetico_postestratificado",FALSE,0.274225817079582,"20","200","San Juan Juquila Mixes"
1329,0.538446271246038,0.393138125221881,0.686417943989392,NA,"sintetico_postestratificado",FALSE,0.29327981876751,"20","201","San Juan Juquila Vijanos"
1330,0.523480849478775,0.393475659801659,0.666981713586437,NA,"sintetico_postestratificado",FALSE,0.273506053784778,"20","202","San Juan Lachao"
1331,0.518699119882802,0.378132063152192,0.656791715723214,NA,"sintetico_postestratificado",FALSE,0.278659652571022,"20","203","San Juan Lachigalla"
1332,0.523086254020712,0.375138066781021,0.661761120034695,NA,"sintetico_postestratificado",FALSE,0.286623053253674,"20","210","San Juan Ñumí"
1333,0.552153301913013,0.404655953802661,0.688594242730297,NA,"sintetico_postestratificado",FALSE,0.283938288927636,"20","208","San Juan Mixtepec"
1334,0.577789692203982,0.43124499838425,0.706998719701817,NA,"sintetico_postestratificado",FALSE,0.275753721317568,"20","209","San Juan Mixtepec"
1335,0.497971755622861,0.365656103363941,0.640058431271815,NA,"sintetico_postestratificado",FALSE,0.274402327907874,"20","566","San Mateo Yucutindoo"
1336,0.526094168558571,0.381531564635567,0.661795672899531,NA,"sintetico_postestratificado",FALSE,0.280264108263964,"20","215","San Juan Sayultepec"
1337,0.472879610345798,0.329972570076771,0.613883995038712,NA,"sintetico_postestratificado",FALSE,0.283911424961941,"20","218","San Juan Teita"
1338,0.475593952189235,0.3334995897844,0.625777848106636,NA,"sintetico_postestratificado",FALSE,0.292278258322236,"20","284","San Miguel Tilquiápam"
1339,0.540917217562184,0.385603096076579,0.678221462216172,NA,"sintetico_postestratificado",FALSE,0.292618366139593,"20","216","San Juan Tabaá"
1340,0.583448338409383,0.446713410698217,0.710315115910662,NA,"sintetico_postestratificado",FALSE,0.263601705212446,"20","217","San Juan Tamazola"
1341,0.544835602023401,0.412834232111462,0.669767801175173,NA,"sintetico_postestratificado",FALSE,0.256933569063711,"20","219","San Juan Teitipac"
1342,0.484096262148019,0.34801813249562,0.633740600478619,NA,"sintetico_postestratificado",FALSE,0.285722467982999,"20","221","San Juan Teposcolula"
1343,0.509724674886735,0.361418238050169,0.646499458037339,NA,"sintetico_postestratificado",FALSE,0.28508121998717,"20","222","San Juan Yaeé"
1344,0.568837193504297,0.427608595852829,0.717187563251659,NA,"sintetico_postestratificado",FALSE,0.28957896739883,"20","223","San Juan Yatzona"
1345,0.588483117881674,0.448923986993347,0.720163378087574,NA,"sintetico_postestratificado",FALSE,0.271239391094228,"20","541","Tanetze de Zaragoza"
1346,0.598501770209154,0.4623659062231,0.719338098812523,4,"muestra_directa",TRUE,0.256972192589423,"20","498","Santiago Yaveo"
1347,0.481693198462635,0.351452628582409,0.616299856379792,NA,"sintetico_postestratificado",FALSE,0.264847227797383,"20","224","San Juan Yucuita"
1348,0.516548536863769,0.374567487018679,0.658330328541584,NA,"sintetico_postestratificado",FALSE,0.283762841522906,"20","225","San Lorenzo"
1349,0.507486032810534,0.366569607166632,0.636785730876711,3,"muestra_directa",TRUE,0.270216123710079,"20","016","Coicoyán de las Flores"
1350,0.507287731042207,0.369217435644048,0.644261610348012,NA,"sintetico_postestratificado",FALSE,0.275044174703964,"20","226","San Lorenzo Albarradas"
1351,0.528824338815024,0.379578319266038,0.664187966424957,NA,"sintetico_postestratificado",FALSE,0.284609647158919,"20","228","San Lorenzo Cuaunecuiltitla"
1352,0.602031638815431,0.452993960226695,0.731417142061398,NA,"sintetico_postestratificado",FALSE,0.278423181834703,"20","229","San Lorenzo Texmelúcan"
1353,0.543904168733163,0.400214702510886,0.678168905995236,NA,"sintetico_postestratificado",FALSE,0.277954203484351,"20","231","San Lucas Camotlán"
1354,0.530153030837282,0.388397983961621,0.668910471364472,NA,"sintetico_postestratificado",FALSE,0.280512487402851,"20","232","San Lucas Ojitlán"
1355,0.526664485959828,0.381071648650956,0.656893049085031,NA,"sintetico_postestratificado",FALSE,0.275821400434075,"20","234","San Lucas Zoquiápam"
1356,0.576699223505557,0.434768925355678,0.705572122219796,2,"muestra_directa",TRUE,0.270803196864118,"20","235","San Luis Amatlán"
1357,0.603297572191939,0.453750772611287,0.734501304830434,NA,"sintetico_postestratificado",FALSE,0.280750532219146,"20","236","San Marcial Ozolotepec"
1358,0.572479955222423,0.430042682381354,0.700334949624727,NA,"sintetico_postestratificado",FALSE,0.270292267243373,"20","239","San Martín Huamelúlpam"
1359,0.551113628870131,0.412531644570019,0.67665721597075,NA,"sintetico_postestratificado",FALSE,0.264125571400731,"20","240","San Martín Itunyoso"
1360,0.53680776358927,0.393170107350537,0.673463032149602,NA,"sintetico_postestratificado",FALSE,0.280292924799065,"20","241","San Martín Lachilá"
1361,0.567838498928105,0.419252628005074,0.704177018293131,NA,"sintetico_postestratificado",FALSE,0.284924390288057,"20","242","San Martín Peras"
1362,0.519699255409159,0.381034958950422,0.649888368409569,NA,"sintetico_postestratificado",FALSE,0.268853409459147,"20","243","San Martín Tilcajete"
1363,0.522299836120901,0.39039378380816,0.664461705835337,NA,"sintetico_postestratificado",FALSE,0.274067922027177,"20","244","San Martín Toxpalan"
1364,0.488339968410964,0.35856602887252,0.625023972156294,NA,"sintetico_postestratificado",FALSE,0.266457943283775,"20","249","San Mateo Yoloxochitlán"
1365,0.496485716421496,0.351612214429946,0.635550903086059,NA,"sintetico_postestratificado",FALSE,0.283938688656113,"20","525","Santo Domingo Zanatepec"
1366,0.56567316753496,0.412278940741112,0.70764665622212,NA,"sintetico_postestratificado",FALSE,0.295367715481008,"20","526","Santos Reyes Nopala"
1367,0.692456539701254,0.567536460562738,0.804690339520821,NA,"sintetico_postestratificado",FALSE,0.237153878958083,"20","245","San Martín Zacatepec"
1368,0.522071107863808,0.379266788461159,0.662536350273754,NA,"sintetico_postestratificado",FALSE,0.283269561812595,"20","269","San Miguel el Grande"
1369,0.426957666492511,0.284683700858364,0.579517017998128,NA,"sintetico_postestratificado",FALSE,0.294833317139764,"20","247","Capulálpam de Méndez"
1370,0.467849449848194,0.330517416460759,0.604304374071963,NA,"sintetico_postestratificado",FALSE,0.273786957611204,"20","250","San Mateo Etlatongo"
1371,0.501052305295435,0.360046277567948,0.653551959833891,NA,"sintetico_postestratificado",FALSE,0.293505682265944,"20","255","San Mateo Sindihui"
1372,0.525024175858364,0.383984817822277,0.667442323644693,NA,"sintetico_postestratificado",FALSE,0.283457505822416,"20","252","San Mateo Peñasco"
1373,0.510115468708263,0.363724355023995,0.651712130722848,NA,"sintetico_postestratificado",FALSE,0.287987775698853,"20","257","San Melchor Betaza"
1374,0.52286732385544,0.386328167326783,0.648186559041746,5,"muestra_directa",TRUE,0.261858391714964,"20","258","San Miguel Achiutla"
1375,0.526383380489118,0.383181760623445,0.660314100427888,NA,"sintetico_postestratificado",FALSE,0.277132339804443,"20","259","San Miguel Ahuehuetitlán"
1376,0.517702971867065,0.380176133679745,0.646737657644496,NA,"sintetico_postestratificado",FALSE,0.266561523964751,"20","260","San Miguel Aloápam"
1377,0.539398179981641,0.388438263204549,0.691076434163249,NA,"sintetico_postestratificado",FALSE,0.3026381709587,"20","268","San Miguel Ejutla"
1378,0.580287176482154,0.441066006194969,0.704162874321687,NA,"sintetico_postestratificado",FALSE,0.263096868126718,"20","276","San Miguel Santa Flor"
1379,0.503060515937713,0.355454267468304,0.640529704694713,NA,"sintetico_postestratificado",FALSE,0.28507543722641,"20","281","San Miguel Tecomatlán"
1380,0.570522907724176,0.435290988634133,0.705369750927922,NA,"sintetico_postestratificado",FALSE,0.270078762293789,"20","274","San Miguel Piedras"
1381,0.535170814295105,0.396055273495054,0.672251378333924,NA,"sintetico_postestratificado",FALSE,0.27619610483887,"20","532","Santo Tomás Ocotepec"
1382,0.527503164483106,0.383360399830665,0.666244411326547,NA,"sintetico_postestratificado",FALSE,0.282884011495882,"20","280","Villa Talea de Castro"
1383,0.572411814982411,0.428534262583153,0.718997526049568,NA,"sintetico_postestratificado",FALSE,0.290463263466416,"20","533","Santo Tomás Tamazulapan"
1384,0.482708061088002,0.343104305880331,0.620082758290494,NA,"sintetico_postestratificado",FALSE,0.276978452410163,"20","368","Santa Catarina Minas"
1385,0.502045831496489,0.342326783174234,0.650255662945357,NA,"sintetico_postestratificado",FALSE,0.307928879771123,"20","282","San Miguel Tenango"
1386,0.533020195385253,0.386814319602408,0.669485071468442,NA,"sintetico_postestratificado",FALSE,0.282670751866034,"20","052","Magdalena Tequisistlán"
1387,0.567912831277951,0.432611263240738,0.693556470837623,NA,"sintetico_postestratificado",FALSE,0.260945207596884,"20","283","San Miguel Tequixtepec"
1388,0.597916401731773,0.442952601177331,0.732779729448298,NA,"sintetico_postestratificado",FALSE,0.289827128270967,"20","535","San Vicente Lachixío"
1389,0.529849325126423,0.398509977545818,0.664181909006079,NA,"sintetico_postestratificado",FALSE,0.265671931460261,"20","286","San Miguel Tlacotepec"
1390,0.520773288248538,0.383679736031278,0.668283811917406,NA,"sintetico_postestratificado",FALSE,0.284604075886128,"20","285","San Miguel Tlacamama"
1391,0.529393705538786,0.385925251745662,0.675412319881742,NA,"sintetico_postestratificado",FALSE,0.289487068136079,"20","288","San Miguel Yotao"
1392,0.496225067291802,0.35370712799516,0.649033950855153,NA,"sintetico_postestratificado",FALSE,0.295326822859993,"20","289","San Nicolás"
1393,0.466651069272768,0.32183267804173,0.613593600972772,NA,"sintetico_postestratificado",FALSE,0.291760922931042,"20","290","San Nicolás Hidalgo"
1394,0.549620277627157,0.417027363936054,0.693984883141628,NA,"sintetico_postestratificado",FALSE,0.276957519205574,"20","292","San Pablo Cuatro Venados"
1395,0.613285085459683,0.47458211375977,0.73508739377854,NA,"sintetico_postestratificado",FALSE,0.26050528001877,"20","380","Santa Cruz Papalutla"
1396,0.513712424918575,0.367937826755821,0.652585817274592,NA,"sintetico_postestratificado",FALSE,0.284647990518771,"20","294","San Pablo Huitzo"
1397,0.561212618140005,0.421826408086476,0.689150617693269,NA,"sintetico_postestratificado",FALSE,0.267324209606792,"20","043","Heroica Ciudad de Juchitán de Zaragoza"
1398,0.546677036553021,0.404185234726961,0.674419733382898,NA,"sintetico_postestratificado",FALSE,0.270234498655937,"20","295","San Pablo Huixtepec"
1399,0.508965082000776,0.359512563350952,0.649160880130637,NA,"sintetico_postestratificado",FALSE,0.289648316779685,"20","538","Sitio de Xitlapehua"
1400,0.511761679190537,0.374561629798555,0.653132374559857,NA,"sintetico_postestratificado",FALSE,0.278570744761302,"20","296","San Pablo Macuiltianguis"
1401,0.540194374894491,0.392488783782024,0.673452664737159,NA,"sintetico_postestratificado",FALSE,0.280963880955136,"20","297","San Pablo Tijaltepec"
1402,0.552407773838692,0.399903558461743,0.692678065696615,NA,"sintetico_postestratificado",FALSE,0.292774507234872,"20","304","San Pedro Coxcaltepec Cántaros"
1403,0.575604868063867,0.42231247869776,0.707153414300899,NA,"sintetico_postestratificado",FALSE,0.284840935603138,"20","299","San Pablo Yaganiza"
1404,0.520629083706765,0.386173712396231,0.662413429223709,NA,"sintetico_postestratificado",FALSE,0.276239716827478,"20","300","San Pedro Amuzgos"
1405,0.551924199279677,0.396001646075378,0.695788632163693,NA,"sintetico_postestratificado",FALSE,0.299786986088315,"20","308","San Pedro Huilotepec"
1406,0.515480939057092,0.368665608772043,0.659279289649413,NA,"sintetico_postestratificado",FALSE,0.29061368087737,"20","301","San Pedro Apóstol"
1407,0.5612366972434,0.422929934568223,0.696893935737362,NA,"sintetico_postestratificado",FALSE,0.27396400116914,"20","311","San Pedro Jaltepetongo"
1408,0.535793548572049,0.40141287215347,0.66444548149061,NA,"sintetico_postestratificado",FALSE,0.26303260933714,"20","302","San Pedro Atoyac"
1409,0.450191987330284,0.301244064280757,0.608300796815735,NA,"sintetico_postestratificado",FALSE,0.307056732534978,"20","303","San Pedro Cajonos"
1410,0.501605172845893,0.349400538123936,0.645563212473664,NA,"sintetico_postestratificado",FALSE,0.296162674349728,"20","305","San Pedro Comitancillo"
1411,0.496854083242511,0.353302368850211,0.637226288147987,NA,"sintetico_postestratificado",FALSE,0.283923919297776,"20","321","San Pedro Nopala"
1412,0.570181732292021,0.426109734940355,0.700912310123183,NA,"sintetico_postestratificado",FALSE,0.274802575182828,"20","332","San Pedro Topiltepec"
1413,0.485063819517876,0.340565753738369,0.62809874657871,NA,"sintetico_postestratificado",FALSE,0.287532992840341,"20","307","San Pedro Huamelula"
1414,0.497087373629561,0.354357793571743,0.642793925351505,NA,"sintetico_postestratificado",FALSE,0.288436131779762,"20","312","San Pedro Jicayán"
1415,0.618568298720768,0.482708894793799,0.746737163723613,NA,"sintetico_postestratificado",FALSE,0.264028268929814,"20","313","San Pedro Jocotipac"
1416,0.464998452789562,0.333812115337929,0.608393324223627,NA,"sintetico_postestratificado",FALSE,0.274581208885698,"20","314","San Pedro Juchatengo"
1417,0.572199684509879,0.422563777427415,0.709960735230581,NA,"sintetico_postestratificado",FALSE,0.287396957803166,"20","079","Salina Cruz"
1418,0.592085593929987,0.444054533008378,0.719678958782236,NA,"sintetico_postestratificado",FALSE,0.275624425773858,"20","331","San Pedro Tidaá"
1419,0.583504992584334,0.433476980293337,0.714511775230373,NA,"sintetico_postestratificado",FALSE,0.281034794937036,"20","315","San Pedro Mártir"
1420,0.612392591206244,0.465764916717465,0.74188679546751,NA,"sintetico_postestratificado",FALSE,0.276121878750046,"20","316","San Pedro Mártir Quiechapa"
1421,0.606328352624704,0.465223163750287,0.726460482006889,NA,"sintetico_postestratificado",FALSE,0.261237318256602,"20","207","San Juan Mazatlán"
1422,0.550536324465861,0.418730800601367,0.67882501510313,NA,"sintetico_postestratificado",FALSE,0.260094214501763,"20","317","San Pedro Mártir Yucuxaco"
1423,0.58824799379187,0.447791091953828,0.718101458278227,NA,"sintetico_postestratificado",FALSE,0.2703103663244,"20","356","Santa Ana del Valle"
1424,0.600452634603394,0.463527914832127,0.734075454883126,NA,"sintetico_postestratificado",FALSE,0.270547540050999,"20","319","San Pedro Mixtepec"
1425,0.591405918880143,0.449809171211301,0.717251434841676,NA,"sintetico_postestratificado",FALSE,0.267442263630375,"20","320","San Pedro Molinos"
1426,0.552055000596648,0.404538516497159,0.693209374229368,NA,"sintetico_postestratificado",FALSE,0.288670857732209,"20","322","San Pedro Ocopetatillo"
1427,0.460512132121348,0.304954209841264,0.615849958450967,NA,"sintetico_postestratificado",FALSE,0.310895748609703,"20","323","San Pedro Ocotepec"
1428,0.503362969312829,0.360467756116052,0.643132100395486,NA,"sintetico_postestratificado",FALSE,0.282664344279435,"20","325","San Pedro Quiatoni"
1429,0.574934919683374,0.442604868436334,0.706924413841743,NA,"sintetico_postestratificado",FALSE,0.264319545405409,"20","326","San Pedro Sochiápam"
1430,0.56217047644189,0.419622758771112,0.699413450983398,NA,"sintetico_postestratificado",FALSE,0.279790692212286,"20","328","San Pedro Taviche"
1431,0.603669212009844,0.452520460851395,0.750870601596568,NA,"sintetico_postestratificado",FALSE,0.298350140745173,"20","335","San Pedro Yaneri"
1432,0.543227307915128,0.413797208140624,0.668203510876834,NA,"sintetico_postestratificado",FALSE,0.254406302736211,"20","336","San Pedro Yólox"
1433,0.527178453441493,0.390516897095722,0.650971763758752,9,"muestra_directa",TRUE,0.260454866663029,"20","339","San Pedro y San Pablo Teposcolula"
1434,0.498503015372475,0.363835664911872,0.625360715923407,NA,"sintetico_postestratificado",FALSE,0.261525051011535,"20","340","San Pedro y San Pablo Tequixtepec"
1435,0.58838801862428,0.439760313227882,0.719598378176616,NA,"sintetico_postestratificado",FALSE,0.279838064948733,"20","341","San Pedro Yucunama"
1436,0.60038947437307,0.451644773968694,0.730259828838599,NA,"sintetico_postestratificado",FALSE,0.278615054869905,"20","342","San Raymundo Jalpan"
1437,0.624008765464468,0.489927167562508,0.749426231478562,NA,"sintetico_postestratificado",FALSE,0.259499063916054,"20","343","San Sebastián Abasolo"
1438,0.547495282129294,0.401368517971508,0.6811901419226,NA,"sintetico_postestratificado",FALSE,0.279821623951092,"20","345","San Sebastián Ixcapa"
1439,0.580401522029603,0.439485001297716,0.713411353394386,NA,"sintetico_postestratificado",FALSE,0.27392635209667,"20","346","San Sebastián Nicananduta"
1440,0.519736490801339,0.374260275386972,0.651441534908222,NA,"sintetico_postestratificado",FALSE,0.277181259521249,"20","347","San Sebastián Río Hondo"
1441,0.518710619991146,0.376190726482103,0.656095617237629,NA,"sintetico_postestratificado",FALSE,0.279904890755526,"20","539","Soledad Etla"
1442,0.609226606552915,0.465420238679217,0.733914001729979,NA,"sintetico_postestratificado",FALSE,0.268493763050762,"20","211","San Juan Ozolotepec"
1443,0.586376426088711,0.44734913016573,0.723328334920755,NA,"sintetico_postestratificado",FALSE,0.275979204755025,"20","212","San Juan Petlapa"
1444,0.573128726232233,0.428919382960867,0.707993573977489,NA,"sintetico_postestratificado",FALSE,0.279074191016622,"20","213","San Juan Quiahije"
1445,0.515121892102655,0.377744440038937,0.655685968953652,NA,"sintetico_postestratificado",FALSE,0.277941528914715,"20","348","San Sebastián Tecomaxtlahuaca"
1446,0.611742043582309,0.469983981756342,0.737662397170743,NA,"sintetico_postestratificado",FALSE,0.267678415414401,"20","349","San Sebastián Teitipac"
1447,0.481397826017564,0.351625104296067,0.625116922165567,NA,"sintetico_postestratificado",FALSE,0.273491817869499,"20","540","Villa de Tamazulápam del Progreso"
1448,0.499080569714032,0.34828797474234,0.634007462994661,NA,"sintetico_postestratificado",FALSE,0.285719488252321,"20","350","San Sebastián Tutla"
1449,0.453770542793558,0.308340906107874,0.601144142060846,NA,"sintetico_postestratificado",FALSE,0.292803235952972,"20","352","San Simón Zahuatlán"
1450,0.524289475075992,0.378244126994911,0.67265081817506,NA,"sintetico_postestratificado",FALSE,0.294406691180148,"20","353","Santa Ana"
1451,0.637552818170752,0.490520424272095,0.759076688665112,NA,"sintetico_postestratificado",FALSE,0.268556264393017,"20","354","Santa Ana Ateixtlahuaca"
1452,0.570503707365496,0.422274285724921,0.711674077855957,NA,"sintetico_postestratificado",FALSE,0.289399792131035,"20","355","Santa Ana Cuauhtémoc"
1453,0.475137062103642,0.33615816594414,0.612869785795515,NA,"sintetico_postestratificado",FALSE,0.276711619851374,"20","358","Santa Ana Tlapacoyan"
1454,0.535604118821624,0.374422174837441,0.679322716198113,NA,"sintetico_postestratificado",FALSE,0.304900541360673,"20","360","Santa Ana Zegache"
1455,0.598712330934121,0.44860622615651,0.731721841670549,NA,"sintetico_postestratificado",FALSE,0.283115615514039,"20","361","Santa Catalina Quierí"
1456,0.566970360894664,0.426064594891607,0.701226792657805,NA,"sintetico_postestratificado",FALSE,0.275162197766198,"20","362","Santa Catarina Cuixtla"
1457,0.494539966137595,0.347331189718907,0.642305436593273,NA,"sintetico_postestratificado",FALSE,0.294974246874366,"20","363","Santa Catarina Ixtepeji"
1458,0.476060046073482,0.322701973382894,0.618829100291242,NA,"sintetico_postestratificado",FALSE,0.296127126908348,"20","369","Santa Catarina Quiané"
1459,0.513543892939122,0.378308617984048,0.655788964289576,NA,"sintetico_postestratificado",FALSE,0.277480346305528,"20","370","Santa Catarina Tayata"
1460,0.429570671035913,0.291110541515519,0.571144812937876,NA,"sintetico_postestratificado",FALSE,0.280034271422356,"20","381","Santa Cruz Tacache de Mina"
1461,0.501247876486038,0.361575193385194,0.638852673432929,NA,"sintetico_postestratificado",FALSE,0.277277480047735,"20","372","Santa Catarina Yosonotú"
1462,0.545838946380365,0.410496286921796,0.687178353999827,NA,"sintetico_postestratificado",FALSE,0.276682067078032,"20","373","Santa Catarina Zapoquila"
1463,0.474025921660868,0.338741360376313,0.61814301435989,NA,"sintetico_postestratificado",FALSE,0.279401653983576,"20","374","Santa Cruz Acatepec"
1464,0.570257035907971,0.423765393515953,0.697854796247878,NA,"sintetico_postestratificado",FALSE,0.274089402731925,"20","293","San Pablo Etla"
1465,0.540617236483088,0.391047252832807,0.682366958286833,NA,"sintetico_postestratificado",FALSE,0.291319705454025,"20","375","Santa Cruz Amilpas"
1466,0.478487831074923,0.332449464126861,0.622537445635537,NA,"sintetico_postestratificado",FALSE,0.290087981508676,"20","376","Santa Cruz de Bravo"
1467,0.459155013749783,0.315056004709355,0.605943075555259,NA,"sintetico_postestratificado",FALSE,0.290887070845905,"20","382","Santa Cruz Tacahua"
1468,0.58400483221271,0.440577783371486,0.718834179486645,NA,"sintetico_postestratificado",FALSE,0.278256396115159,"20","383","Santa Cruz Tayata"
1469,0.494036411132742,0.351146028467336,0.633304901361697,NA,"sintetico_postestratificado",FALSE,0.282158872894361,"20","384","Santa Cruz Xitla"
1470,0.520144389094148,0.361442501483477,0.659464358118588,NA,"sintetico_postestratificado",FALSE,0.298021856635112,"20","386","Santa Cruz Zenzontepec"
1471,0.499088131611007,0.358765434222817,0.650441122051077,NA,"sintetico_postestratificado",FALSE,0.29167568782826,"20","387","Santa Gertrudis"
1472,0.465750495965941,0.329408783001734,0.60271704878707,NA,"sintetico_postestratificado",FALSE,0.273308265785336,"20","179","San Juan Bautista Jayacatlán"
1473,0.467742388479153,0.335824131535901,0.616962271684536,NA,"sintetico_postestratificado",FALSE,0.281138140148635,"20","388","Santa Inés del Monte"
1474,0.497637808396312,0.369331200854788,0.635138758029854,3,"muestra_directa",TRUE,0.265807557175066,"20","390","Santa Lucía del Camino"
1475,0.493756908875354,0.356718767329783,0.638829796050082,4,"muestra_directa",TRUE,0.282111028720299,"20","408","Santa María del Rosario"
1476,0.492363798757353,0.350781562844991,0.630832782822548,NA,"sintetico_postestratificado",FALSE,0.280051219977556,"20","391","Santa Lucía Miahuatlán"
1477,0.533411669295478,0.389570093502356,0.665904437121979,NA,"sintetico_postestratificado",FALSE,0.276334343619623,"20","418","Santa María Jalapa del Marqués"
1478,0.597595444863256,0.463925331092467,0.717968948399821,NA,"sintetico_postestratificado",FALSE,0.254043617307354,"20","392","Santa Lucía Monteverde"
1479,0.453986046607559,0.316756485109856,0.592493657977541,NA,"sintetico_postestratificado",FALSE,0.275737172867684,"20","393","Santa Lucía Ocotlán"
1480,0.520341674060185,0.374071576822073,0.661749524874941,NA,"sintetico_postestratificado",FALSE,0.287677948052868,"20","394","Santa María Alotepec"
1481,0.503549689466668,0.371978742402491,0.641877208615795,NA,"sintetico_postestratificado",FALSE,0.269898466213304,"20","395","Santa María Apazco"
1482,0.48009305669854,0.334584587488608,0.628840668800478,NA,"sintetico_postestratificado",FALSE,0.29425608131187,"20","396","Santa María la Asunción"
1483,0.499171469412136,0.369256315059753,0.628147268297973,8,"muestra_directa",TRUE,0.258890953238221,"20","397","Heroica Ciudad de Tlaxiaco"
1484,0.555591209109283,0.408786454913927,0.690087846088607,NA,"sintetico_postestratificado",FALSE,0.28130139117468,"20","398","Ayoquezco de Aldama"
1485,0.485350738540823,0.350637187232593,0.631378116432148,NA,"sintetico_postestratificado",FALSE,0.280740929199555,"20","399","Santa María Atzompa"
1486,0.48316920287971,0.35341150284537,0.622701534381949,NA,"sintetico_postestratificado",FALSE,0.269290031536579,"20","400","Santa María Camotlán"
1487,0.513109777324891,0.362092303723853,0.648754055927977,NA,"sintetico_postestratificado",FALSE,0.286661752204124,"20","402","Santa María Cortijo"
1488,0.51223314542718,0.382195284410772,0.641740944171085,NA,"sintetico_postestratificado",FALSE,0.259545659760314,"20","154","San Ildefonso Amatlán"
1489,0.585345771762297,0.442736598438048,0.719799466756224,NA,"sintetico_postestratificado",FALSE,0.277062868318177,"20","155","San Ildefonso Sola"
1490,0.520787572881157,0.379280759497721,0.671292868530389,NA,"sintetico_postestratificado",FALSE,0.292012109032668,"20","156","San Ildefonso Villa Alta"
1491,0.543528362065156,0.38983209914065,0.678341794773689,NA,"sintetico_postestratificado",FALSE,0.288509695633039,"20","403","Santa María Coyotepec"
1492,0.471919924692806,0.326689039229117,0.614444395439138,NA,"sintetico_postestratificado",FALSE,0.287755356210021,"20","419","Santa María Jaltianguis"
1493,0.544075854611,0.402231033376834,0.672817238949303,NA,"sintetico_postestratificado",FALSE,0.270586205572469,"20","405","Villa de Chilapa de Díaz"
1494,0.60300353316684,0.468814426886606,0.728650452942648,NA,"sintetico_postestratificado",FALSE,0.259836026056042,"20","409","Santa María del Tule"
1495,0.48696775201821,0.346512320334414,0.629352904710514,NA,"sintetico_postestratificado",FALSE,0.282840584376101,"20","264","San Miguel Chicahua"
1496,0.58231849939601,0.443945592574098,0.717137097543163,NA,"sintetico_postestratificado",FALSE,0.273191504969065,"20","411","Santa María Guelacé"
1497,0.505898468420007,0.3620151425979,0.645406155578196,NA,"sintetico_postestratificado",FALSE,0.283391012980296,"20","106","San Antonio Acutla"
1498,0.49925781923806,0.350928634475395,0.643832530577082,NA,"sintetico_postestratificado",FALSE,0.292903896101687,"20","198","San Juan Guichicovi"
1499,0.461167266526257,0.318860558639127,0.61535413209697,NA,"sintetico_postestratificado",FALSE,0.296493573457843,"20","365","Santa Catarina Lachatao"
1500,0.514645158304001,0.379624948425872,0.641265993617575,10,"muestra_directa",FALSE,0.261641045191703,"20","002","Acatlán de Pérez Figueroa"
1501,0.556479673320305,0.418074521338015,0.693224273017453,NA,"sintetico_postestratificado",FALSE,0.275149751679438,"20","006","Asunción Nochixtlán"
1502,0.552376147717572,0.404355503818939,0.687725703962291,NA,"sintetico_postestratificado",FALSE,0.283370200143353,"20","008","Asunción Tlacolulita"
1503,0.52386243496995,0.38848710499863,0.66001898753044,NA,"sintetico_postestratificado",FALSE,0.27153188253181,"20","009","Ayotzintepec"
1504,0.511661480620253,0.368655122673404,0.647759405375686,NA,"sintetico_postestratificado",FALSE,0.279104282702282,"20","010","El Barrio de la Soledad"
1505,0.550836633743205,0.408250731366316,0.680637106967508,NA,"sintetico_postestratificado",FALSE,0.272386375601192,"20","055","Mariscala de Juárez"
1506,0.536028598324977,0.398019100392871,0.668875826240637,NA,"sintetico_postestratificado",FALSE,0.270856725847766,"20","412","Santa María Guienagati"
1507,0.480899795278527,0.331649817652956,0.628311483218574,NA,"sintetico_postestratificado",FALSE,0.296661665565617,"20","414","Santa María Huazolotitlán"
1508,0.498392887663577,0.356709953546687,0.639920337504261,NA,"sintetico_postestratificado",FALSE,0.283210383957574,"20","415","Santa María Ipalapa"
1509,0.486312149419545,0.348373955264979,0.63352480482508,NA,"sintetico_postestratificado",FALSE,0.285150849560101,"20","287","San Miguel Tulancingo"
1510,0.490573108258335,0.343069053819984,0.627911723458472,NA,"sintetico_postestratificado",FALSE,0.284842669638488,"20","291","San Pablo Coatlán"
1511,0.497377413353277,0.357955858187429,0.632315561437551,NA,"sintetico_postestratificado",FALSE,0.274359703250122,"20","298","San Pablo Villa de Mitla"
1512,0.5326896491661,0.40481628075168,0.656168783830735,3,"muestra_directa",TRUE,0.251352503079055,"20","385","Santa Cruz Xoxocotlán"
1513,0.486963097313132,0.357037216341846,0.635088439212619,NA,"sintetico_postestratificado",FALSE,0.278051222870773,"20","416","Santa María Ixcatlán"
1514,0.566262397624824,0.411511210556216,0.701286375771116,NA,"sintetico_postestratificado",FALSE,0.2897751652149,"20","420","Santa María Lachixío"
1515,0.492190277664239,0.356939604629006,0.62791972390707,4,"muestra_directa",TRUE,0.270980119278064,"20","023","Cuilápam de Guerrero"
1516,0.519332881589984,0.377228776743498,0.646951392064963,NA,"sintetico_postestratificado",FALSE,0.269722615321465,"20","306","San Pedro el Alto"
1517,0.522138431848398,0.396814805266151,0.653970715576335,7,"muestra_directa",TRUE,0.257155910310183,"20","310","San Pedro Ixtlahuaca"
1518,0.563576556950312,0.426801521016514,0.699463441288191,NA,"sintetico_postestratificado",FALSE,0.272661920271677,"20","421","Santa María Mixtequilla"
1519,0.482586577408922,0.341344815818083,0.635913420643664,NA,"sintetico_postestratificado",FALSE,0.294568604825581,"20","309","San Pedro Ixcatlán"
1520,0.552409571969306,0.420489022753691,0.682177929706125,4,"muestra_directa",TRUE,0.261688906952434,"20","324","San Pedro Pochutla"
1521,0.489266902033141,0.334149046330119,0.62414589298152,NA,"sintetico_postestratificado",FALSE,0.289996846651401,"20","337","San Pedro y San Pablo Ayutla"
1522,0.509763269680001,0.361133365493036,0.65601244436429,NA,"sintetico_postestratificado",FALSE,0.294879078871254,"20","351","San Simón Almolongas"
1523,0.48936127187303,0.346519732912428,0.62636291801175,NA,"sintetico_postestratificado",FALSE,0.279843185099322,"20","425","Santa María Pápalo"
1524,0.520543524501339,0.375856504186582,0.649355063370168,NA,"sintetico_postestratificado",FALSE,0.273498559183585,"20","426","Santa María Peñoles"
1525,0.522656142884323,0.38497295480413,0.665764550450449,NA,"sintetico_postestratificado",FALSE,0.280791595646319,"20","427","Santa María Petapa"
1526,0.563709761201374,0.416779685166979,0.709651499191539,NA,"sintetico_postestratificado",FALSE,0.292871814024561,"20","428","Santa María Quiegolani"
1527,0.540494389407315,0.389942656984112,0.679233589960649,NA,"sintetico_postestratificado",FALSE,0.289290932976537,"20","432","Santa María Temaxcalapa"
1528,0.513468543956038,0.370162891284074,0.648385861075828,NA,"sintetico_postestratificado",FALSE,0.278222969791754,"20","429","Santa María Sola"
1529,0.510426417070409,0.36215412509756,0.653615460198013,NA,"sintetico_postestratificado",FALSE,0.291461335100453,"20","430","Santa María Tataltepec"
1530,0.56878513931543,0.433065433602439,0.703664794765307,NA,"sintetico_postestratificado",FALSE,0.270599361162868,"20","431","Santa María Tecomavaca"
1531,0.54376454204757,0.40551485697261,0.675788337256649,1,"muestra_directa",TRUE,0.270273480284039,"20","021","Cosolapa"
1532,0.62417645942316,0.494075240704799,0.756782001743823,NA,"sintetico_postestratificado",FALSE,0.262706761039024,"20","175","San Juan Bautista Atatlahuca"
1533,0.424472213612393,0.28735078987994,0.565479941485417,NA,"sintetico_postestratificado",FALSE,0.278129151605476,"20","270","San Miguel Huautla"
1534,0.528261296603501,0.376732267104696,0.672604940367484,NA,"sintetico_postestratificado",FALSE,0.295872673262788,"20","433","Santa María Temaxcaltepec"
1535,0.586449944144166,0.448589788677703,0.707829808982361,NA,"sintetico_postestratificado",FALSE,0.259240020304659,"20","436","Santa María Texcatitlán"
1536,0.510708996822433,0.376200104904852,0.657347659924332,NA,"sintetico_postestratificado",FALSE,0.28114755501948,"20","452","Santiago Apóstol"
1537,0.651559157686154,0.505382607268454,0.778040884398902,NA,"sintetico_postestratificado",FALSE,0.272658277130448,"20","442","Santa María Yalina"
1538,0.526673612624337,0.390074587873803,0.656051919536985,NA,"sintetico_postestratificado",FALSE,0.265977331663182,"20","438","Santa María Tlalixtac"
1539,0.510943538866204,0.374592409092551,0.653753077858567,NA,"sintetico_postestratificado",FALSE,0.279160668766016,"20","434","Santa María Teopoxco"
1540,0.487318032391684,0.345471272531623,0.627875555275939,NA,"sintetico_postestratificado",FALSE,0.282404282744316,"20","444","Santa María Yolotepec"
1541,0.486351331440572,0.345627820586026,0.635771470431585,NA,"sintetico_postestratificado",FALSE,0.290143649845558,"20","443","Santa María Yavesía"
1542,0.499913448249814,0.357482606938769,0.637450451575535,NA,"sintetico_postestratificado",FALSE,0.279967844636766,"20","445","Santa María Yosoyúa"
1543,0.493212070981014,0.34272542535564,0.637935923371526,NA,"sintetico_postestratificado",FALSE,0.295210498015886,"20","448","Santa María Zaniza"
1544,0.549407003629141,0.414719742231273,0.680981006467414,NA,"sintetico_postestratificado",FALSE,0.266261264236142,"20","449","Santa María Zoquitlán"
1545,0.502358741711141,0.359540910384666,0.638982684868588,NA,"sintetico_postestratificado",FALSE,0.279441774483922,"20","462","Santiago Huajolotitlán"
1546,0.513039766925367,0.364998450644465,0.661773065889302,NA,"sintetico_postestratificado",FALSE,0.296774615244837,"20","453","Santiago Astata"
1547,0.57546045325875,0.441614437333342,0.702021924515627,NA,"sintetico_postestratificado",FALSE,0.260407487182286,"20","454","Santiago Atitlán"
1548,0.519726179966247,0.381762920657331,0.664239677508813,NA,"sintetico_postestratificado",FALSE,0.282476756851481,"20","455","Santiago Ayuquililla"
1549,0.532024965151862,0.384255447346112,0.672706115276465,NA,"sintetico_postestratificado",FALSE,0.288450667930354,"20","458","Santiago Comaltepec"
1550,0.545966817656603,0.401663823960895,0.677797690097739,NA,"sintetico_postestratificado",FALSE,0.276133866136844,"20","461","Santiago del Río"
1551,0.533151072897229,0.382825846876511,0.670731902504215,NA,"sintetico_postestratificado",FALSE,0.287906055627704,"20","465","Santiago Ixcuintepec"
1552,0.50445316535679,0.367779292372697,0.641758150400561,NA,"sintetico_postestratificado",FALSE,0.273978858027865,"20","466","Santiago Ixtayutla"
1553,0.573576041777726,0.428987515819576,0.71167205323637,NA,"sintetico_postestratificado",FALSE,0.282684537416794,"20","468","Santiago Jocotepec"
1554,0.584408785581291,0.442053157400182,0.705827780294251,NA,"sintetico_postestratificado",FALSE,0.26377462289407,"20","470","Santiago Lachiguiri"
1555,0.616332213562309,0.468661124665976,0.745244735169357,NA,"sintetico_postestratificado",FALSE,0.276583610503382,"20","471","Santiago Lalopa"
1556,0.560772055572996,0.416536408809716,0.69822010605281,NA,"sintetico_postestratificado",FALSE,0.281683697243094,"20","472","Santiago Laollaga"
1557,0.539495543211223,0.402833941182762,0.675054329773411,NA,"sintetico_postestratificado",FALSE,0.272220388590649,"20","473","Santiago Laxopa"
1558,0.531396994190905,0.384292170700251,0.668047346128339,NA,"sintetico_postestratificado",FALSE,0.283755175428088,"20","474","Santiago Llano Grande"
1559,0.486089184981201,0.337594548595584,0.623785529584562,NA,"sintetico_postestratificado",FALSE,0.286190980988978,"20","475","Santiago Matatlán"
1560,0.490700245915266,0.346803094725698,0.625200845141014,NA,"sintetico_postestratificado",FALSE,0.278397750415316,"20","476","Santiago Miltepec"
1561,0.53650346582094,0.377145961889467,0.687536256944572,NA,"sintetico_postestratificado",FALSE,0.310390295055105,"20","389","Santa Inés Yatzeche"
1562,0.556602757604902,0.406174704569575,0.698965523824161,NA,"sintetico_postestratificado",FALSE,0.292790819254586,"20","478","Santiago Nacaltepec"
1563,0.672610657881344,0.534809129967791,0.784297840667539,NA,"sintetico_postestratificado",FALSE,0.249488710699748,"20","479","Santiago Nejapilla"
1564,0.546243192070509,0.417635645615523,0.681618706996609,NA,"sintetico_postestratificado",FALSE,0.263983061381087,"20","012","Candelaria Loxicha"
1565,0.582182262234431,0.462304472287743,0.699355459226974,3,"muestra_directa",TRUE,0.237050986939231,"20","028","Heroica Ciudad de Ejutla de Crespo"
1566,0.56160967597253,0.430607010918035,0.693976283729261,5,"muestra_directa",TRUE,0.263369272811225,"20","039","Heroica Ciudad de Huajuapan de León"
1567,0.564965154119921,0.419403949002052,0.69419671851138,NA,"sintetico_postestratificado",FALSE,0.274792769509328,"20","064","Nejapa de Madero"
1568,0.591879255495632,0.450794065542981,0.722986718424993,NA,"sintetico_postestratificado",FALSE,0.272192652882012,"20","066","Santiago Niltepec"
1569,0.585104090919317,0.451419605833427,0.715098279419433,4,"muestra_directa",TRUE,0.263678673586005,"20","067","Oaxaca de Juárez"
1570,0.541419422977012,0.400059302845525,0.671548640615924,NA,"sintetico_postestratificado",FALSE,0.271489337770399,"20","068","Ocotlán de Morelos"
1571,0.590813390612173,0.462580469863304,0.72079955660574,NA,"sintetico_postestratificado",FALSE,0.258219086742436,"20","073","Putla Villa de Guerrero"
1572,0.610464192179837,0.467741847946361,0.730728537390671,NA,"sintetico_postestratificado",FALSE,0.262986689444309,"20","085","San Agustín Loxicha"
1573,0.56064179036344,0.418823572821301,0.69213580427162,NA,"sintetico_postestratificado",FALSE,0.273312231450319,"20","088","San Andrés Cabecera Nueva"
1574,0.484470344625991,0.34205963045646,0.620367806579037,NA,"sintetico_postestratificado",FALSE,0.278308176122578,"20","483","Santiago Suchilquitongo"
1575,0.510204231606968,0.367512579802579,0.650380080742496,NA,"sintetico_postestratificado",FALSE,0.282867500939917,"20","486","Villa Tejúpam de la Unión"
1576,0.586457225867212,0.446879042333469,0.712283124207137,NA,"sintetico_postestratificado",FALSE,0.265404081873667,"20","093","San Andrés Lagunas"
1577,0.53408842241533,0.38663525804931,0.67468387008099,NA,"sintetico_postestratificado",FALSE,0.288048612031679,"20","113","San Baltazar Loxicha"
1578,0.531503227682969,0.380186725598165,0.671622970309094,NA,"sintetico_postestratificado",FALSE,0.291436244710929,"20","487","Santiago Tenango"
1579,0.503939823505606,0.366815992016086,0.656907800388114,NA,"sintetico_postestratificado",FALSE,0.290091808372027,"20","488","Santiago Tepetlapa"
1580,0.549709127693482,0.415971765525431,0.688598795513512,NA,"sintetico_postestratificado",FALSE,0.272627029988081,"20","496","Santiago Xiacuí"
1581,0.558877279559947,0.42081456408806,0.692895743784685,NA,"sintetico_postestratificado",FALSE,0.272081179696625,"20","509","Santo Domingo de Morelos"
1582,0.500675930330235,0.353922785666979,0.644780115365999,NA,"sintetico_postestratificado",FALSE,0.290857329699019,"20","557","Unión Hidalgo"
1583,0.543474775059497,0.40096352479525,0.676866284469461,NA,"sintetico_postestratificado",FALSE,0.275902759674212,"20","560","Villa Díaz Ordaz"
1584,0.567152145996914,0.433712952558543,0.70382004268818,NA,"sintetico_postestratificado",FALSE,0.270107090129638,"20","038","Villa Hidalgo Yalálag"
1585,0.597997273138344,0.44068968969811,0.74024860783581,NA,"sintetico_postestratificado",FALSE,0.299558918137699,"20","238","Heroico San Martín de los Cansecos"
1586,0.546333952968685,0.415105651471322,0.676582479761782,NA,"sintetico_postestratificado",FALSE,0.26147682829046,"21","180","Tlahuapan"
1587,0.550230052244701,0.401984287312671,0.681266492306605,NA,"sintetico_postestratificado",FALSE,0.279282204993934,"21","080","Atlequizayan"
1588,0.55842356292047,0.422151263529999,0.681554327886043,NA,"sintetico_postestratificado",FALSE,0.259403064356044,"21","087","Jolalpan"
1589,0.552908745936265,0.408976854346357,0.688752647522793,NA,"sintetico_postestratificado",FALSE,0.279775793176436,"21","088","Jonotla"
1590,0.515610153567293,0.380516649222197,0.655316105526611,NA,"sintetico_postestratificado",FALSE,0.274799456304414,"21","081","Ixcamilpa de Guerrero"
1591,0.551631496879432,0.418814332511115,0.681862832693474,NA,"sintetico_postestratificado",FALSE,0.263048500182359,"21","083","Ixtacamaxtitlán"
1592,0.590314360908482,0.474372798434022,0.716720263907112,13,"muestra_directa",FALSE,0.24234746547309,"21","197","Xicotepec"
1593,0.524396208531988,0.387014133892407,0.662169220913273,NA,"sintetico_postestratificado",FALSE,0.275155087020867,"21","193","Tzicatlacoyan"
1594,0.535732228463992,0.396610042874805,0.666804906919637,NA,"sintetico_postestratificado",FALSE,0.270194864044832,"21","192","Tuzamapan de Galeana"
1595,0.564986603403582,0.434824168204526,0.690051749359495,NA,"sintetico_postestratificado",FALSE,0.255227581154969,"21","215","Zongozotla"
1596,0.548340302247134,0.392886904004993,0.677362254567292,NA,"sintetico_postestratificado",FALSE,0.2844753505623,"21","191","Tulcingo"
1597,0.544670154382298,0.396028499019133,0.681322074836159,NA,"sintetico_postestratificado",FALSE,0.285293575817026,"21","216","Zoquiapan"
1598,0.552287764818113,0.432514174027597,0.672543821400106,13,"muestra_directa",FALSE,0.240029647372509,"21","199","Xiutetelco"
1599,0.547048861519796,0.394459075846378,0.686626194135914,NA,"sintetico_postestratificado",FALSE,0.292167118289536,"21","198","Xicotlán"
1600,0.504210451002049,0.36752403404744,0.638354901613472,NA,"sintetico_postestratificado",FALSE,0.270830867566032,"21","178","Tlacuilotepec"
1601,0.541601906513698,0.403821475017842,0.671403324122714,NA,"sintetico_postestratificado",FALSE,0.267581849104872,"21","105","Ocotepec"
1602,0.570838472889808,0.441801190249993,0.687540367930224,6,"muestra_directa",TRUE,0.245739177680231,"21","132","San Martín Texmelucan"
1603,0.536783987602386,0.399082465230411,0.663543008055794,NA,"sintetico_postestratificado",FALSE,0.264460542825383,"21","143","San Salvador el Verde"
1604,0.535209688628179,0.389571717274483,0.662389605776043,NA,"sintetico_postestratificado",FALSE,0.27281788850156,"21","176","Tilapa"
1605,0.566779142991129,0.423271600847812,0.693553734726756,NA,"sintetico_postestratificado",FALSE,0.270282133878943,"21","174","Teziutlán"
1606,0.482403826931706,0.335255199448409,0.621374977047633,NA,"sintetico_postestratificado",FALSE,0.286119777599225,"21","171","Tepeyahualco de Cuauhtémoc"
1607,0.559933280613615,0.411334052002448,0.693469144342484,NA,"sintetico_postestratificado",FALSE,0.282135092340036,"21","103","Nicolás Bravo"
1608,0.531614518012363,0.399219603041708,0.670009050952283,5,"muestra_directa",TRUE,0.270789447910575,"21","102","Nealtican"
1609,0.542121452723981,0.396376446691181,0.67772258787085,NA,"sintetico_postestratificado",FALSE,0.281346141179669,"21","142","San Salvador el Seco"
1610,0.585665951470566,0.439096690561839,0.718970314294207,NA,"sintetico_postestratificado",FALSE,0.279873623732368,"21","101","Nauzontla"
1611,0.565450808477109,0.420381281524818,0.69444179328901,NA,"sintetico_postestratificado",FALSE,0.274060511764192,"21","100","Naupan"
1612,0.55568629398431,0.421267820685709,0.687256972515652,NA,"sintetico_postestratificado",FALSE,0.265989151829943,"21","099","Cañada Morelos"
1613,0.547427441206612,0.400827254068548,0.682612627252197,NA,"sintetico_postestratificado",FALSE,0.281785373183649,"21","098","Molcaxac"
1614,0.483505613098719,0.344462102914911,0.629750982477186,NA,"sintetico_postestratificado",FALSE,0.285288879562275,"21","001","Acajete"
1615,0.564096738286251,0.415439344702637,0.694775807868956,NA,"sintetico_postestratificado",FALSE,0.279336463166318,"21","182","Tlanepantla"
1616,0.554651834454004,0.419682991523483,0.688477118487298,NA,"sintetico_postestratificado",FALSE,0.268794126963815,"21","201","Xochiltepec"
1617,0.540527795389235,0.402291098795309,0.679141891057278,NA,"sintetico_postestratificado",FALSE,0.276850792261969,"21","110","Palmar de Bravo"
1618,0.541465908477825,0.403324249504178,0.684004006655491,NA,"sintetico_postestratificado",FALSE,0.280679757151313,"21","109","Pahuatlán"
1619,0.525177840120684,0.396100791211957,0.658716516923283,NA,"sintetico_postestratificado",FALSE,0.262615725711327,"21","067","Guadalupe Victoria"
1620,0.52174673042179,0.38804342058361,0.650406251991183,3,"muestra_directa",TRUE,0.262362831407573,"21","147","Santa Inés Ahuatempan"
1621,0.514582141434745,0.37700214662808,0.650095619929799,NA,"sintetico_postestratificado",FALSE,0.273093473301719,"21","204","Yaonáhuac"
1622,0.496436794771006,0.350831101669329,0.632974058181057,NA,"sintetico_postestratificado",FALSE,0.282142956511728,"21","108","Oriental"
1623,0.517184212142081,0.393310325296084,0.649091143810365,3,"muestra_directa",TRUE,0.25578081851428,"21","066","Guadalupe"
1624,0.575483826474283,0.433205329957867,0.711726883388102,NA,"sintetico_postestratificado",FALSE,0.278521553430234,"21","167","Tepetzintla"
1625,0.546160780221703,0.408342167804287,0.676022268785405,NA,"sintetico_postestratificado",FALSE,0.267680100981118,"21","166","Tepeojuma"
1626,0.523809423098305,0.401905815272572,0.639774359586905,12,"muestra_directa",FALSE,0.237868544314333,"21","065","General Felipe Ángeles"
1627,0.551170229287911,0.408299794453325,0.689672424823691,NA,"sintetico_postestratificado",FALSE,0.281372630370367,"21","181","Tlaltenango"
1628,0.548037422250381,0.412396280066881,0.683304235082799,NA,"sintetico_postestratificado",FALSE,0.270907955015918,"21","064","Francisco Z. Mena"
1629,0.545142461367724,0.405658446340739,0.678634870717596,6,"muestra_directa",TRUE,0.272976424376857,"21","148","Santa Isabel Cholula"
1630,0.540597391545176,0.396557781638354,0.669806740222429,NA,"sintetico_postestratificado",FALSE,0.273248958584074,"21","063","Esperanza"
1631,0.551198616868256,0.414565856072273,0.681767257287061,NA,"sintetico_postestratificado",FALSE,0.267201401214788,"21","217","Zoquitlán"
1632,0.470376736969179,0.346992520292219,0.593489060778308,17,"muestra_directa",FALSE,0.24649654048609,"21","207","Zacapoaxtla"
1633,0.499890443173704,0.354270994218576,0.646051241631502,NA,"sintetico_postestratificado",FALSE,0.291780247412926,"21","214","Zinacatepec"
1634,0.486054350798695,0.339492830178802,0.629251455953099,NA,"sintetico_postestratificado",FALSE,0.289758625774297,"21","059","Chinantla"
1635,0.545211591419649,0.40325459872639,0.681957450053702,NA,"sintetico_postestratificado",FALSE,0.278702851327311,"21","058","Chilchotla"
1636,0.550601317987593,0.413790829415988,0.697683878399857,NA,"sintetico_postestratificado",FALSE,0.283893048983869,"21","057","Honey"
1637,0.512547757031754,0.372607260259424,0.651804608970354,NA,"sintetico_postestratificado",FALSE,0.279197348710931,"21","056","Chila de la Sal"
1638,0.565804724047795,0.429844108488855,0.691676209851487,NA,"sintetico_postestratificado",FALSE,0.261832101362632,"21","107","Olintla"
1639,0.520104523872515,0.374269683422137,0.649032246676974,NA,"sintetico_postestratificado",FALSE,0.274762563254837,"21","106","Ocoyucan"
1640,0.537795386585705,0.406931480302448,0.657886708673378,4,"muestra_directa",TRUE,0.250955228370931,"21","055","Chila"
1641,0.548538678111838,0.393629088198134,0.694763046298856,NA,"sintetico_postestratificado",FALSE,0.301133958100722,"21","200","Xochiapulco"
1642,0.529152715123359,0.396673000544994,0.663235401402018,NA,"sintetico_postestratificado",FALSE,0.266562400857024,"21","051","Chietla"
1643,0.482666456829696,0.336138094838922,0.628763598450217,NA,"sintetico_postestratificado",FALSE,0.292625503611295,"21","050","Chichiquila"
1644,0.531821354260812,0.388756530293834,0.668850392910734,NA,"sintetico_postestratificado",FALSE,0.280093862616899,"21","096","Mazapiltepec de Juárez"
1645,0.474244885495029,0.329872305986732,0.62383747581785,NA,"sintetico_postestratificado",FALSE,0.293965169831119,"21","095","La Magdalena Tlatlauquitepec"
1646,0.532432350724286,0.409233300224373,0.654930114330539,NA,"sintetico_postestratificado",FALSE,0.245696814106167,"21","094","Libres"
1647,0.531018052859764,0.401620278105624,0.677357052040209,NA,"sintetico_postestratificado",FALSE,0.275736773934585,"21","093","Lafragua"
1648,0.529730162690763,0.392953740725425,0.667047814687236,NA,"sintetico_postestratificado",FALSE,0.27409407396181,"21","092","Juan N. Méndez"
1649,0.533561576192961,0.387617203923168,0.676224440872788,NA,"sintetico_postestratificado",FALSE,0.28860723694962,"21","091","Juan Galindo"
1650,0.535023070336145,0.390213853369789,0.675478780117653,NA,"sintetico_postestratificado",FALSE,0.285264926747864,"21","208","Zacatlán"
1651,0.525058979759916,0.385932296438645,0.670620736806657,NA,"sintetico_postestratificado",FALSE,0.284688440368012,"21","090","Juan C. Bonilla"
1652,0.515275292550454,0.376406016150426,0.65125748917661,NA,"sintetico_postestratificado",FALSE,0.274851473026184,"21","037","Coyotepec"
1653,0.5211811507555,0.386264742147951,0.656421386510667,NA,"sintetico_postestratificado",FALSE,0.270156644362715,"21","035","Coxcatlán"
1654,0.52180730417383,0.386549625405188,0.653591684629275,4,"muestra_directa",TRUE,0.267042059224086,"21","034","Coronango"
1655,0.530397958042654,0.398993267995539,0.67144438221865,NA,"sintetico_postestratificado",FALSE,0.272451114223111,"21","033","Cohuecan"
1656,0.565209314801317,0.414867646203494,0.697348447430505,NA,"sintetico_postestratificado",FALSE,0.282480801227011,"21","032","Cohetzala"
1657,0.531850339784623,0.391345755180045,0.67333586202913,NA,"sintetico_postestratificado",FALSE,0.281990106849084,"21","031","Coatzingo"
1658,0.503857424254575,0.360217615698394,0.634825071682548,NA,"sintetico_postestratificado",FALSE,0.274607455984154,"21","030","Coatepec"
1659,0.513806443467927,0.369349952759443,0.662430079660453,NA,"sintetico_postestratificado",FALSE,0.29308012690101,"21","029","Caxhuacan"
1660,0.553533104893511,0.419654943520768,0.685454071739456,NA,"sintetico_postestratificado",FALSE,0.265799128218689,"21","028","Camocuautla"
1661,0.517273761238802,0.371404370346573,0.651206824441786,NA,"sintetico_postestratificado",FALSE,0.279802454095213,"21","020","Atoyatempan"
1662,0.511142395929479,0.372123479988017,0.654521214364783,NA,"sintetico_postestratificado",FALSE,0.282397734376766,"21","077","Hueytlalpan"
1663,0.518849874489898,0.380749370576065,0.645679944683773,NA,"sintetico_postestratificado",FALSE,0.264930574107708,"21","074","Huejotzingo"
1664,0.481151301774421,0.342854539703471,0.616956624250155,NA,"sintetico_postestratificado",FALSE,0.274102084546685,"21","022","Atzitzihuacán"
1665,0.520558494739064,0.393184158009122,0.651387343564206,NA,"sintetico_postestratificado",FALSE,0.258203185555084,"21","025","Ayotoxco de Guerrero"
1666,0.494493802810558,0.36608230552054,0.623424209322876,9,"muestra_directa",TRUE,0.257341903802335,"21","177","Tlacotepec de Benito Juárez"
1667,0.552601395726063,0.413394154052924,0.680011341839929,NA,"sintetico_postestratificado",FALSE,0.266617187787005,"21","075","Hueyapan"
1668,0.538233313849295,0.394100486112995,0.674244443507452,NA,"sintetico_postestratificado",FALSE,0.280143957394457,"21","078","Huitzilan de Serdán"
1669,0.522333160332313,0.385986768242921,0.657545554739139,NA,"sintetico_postestratificado",FALSE,0.271558786496218,"21","079","Huitziltepec"
1670,0.539440950299853,0.398156210797209,0.68308095714048,NA,"sintetico_postestratificado",FALSE,0.284924746343271,"21","187","Tlaxco"
1671,0.537618555637764,0.404623325646278,0.674217450512336,NA,"sintetico_postestratificado",FALSE,0.269594124866058,"21","188","Tochimilco"
1672,0.490435551299486,0.345723053522108,0.644947660040821,NA,"sintetico_postestratificado",FALSE,0.299224606518713,"21","189","Tochtepec"
1673,0.474685189327671,0.334126763500128,0.605909303876568,NA,"sintetico_postestratificado",FALSE,0.27178254037644,"21","190","Totoltepec de Guerrero"
1674,0.524830289432329,0.380368895612992,0.65270635326133,NA,"sintetico_postestratificado",FALSE,0.272337457648338,"21","194","Venustiano Carranza"
1675,0.568587715128688,0.419661188252892,0.696543483488051,NA,"sintetico_postestratificado",FALSE,0.276882295235159,"21","184","Tlapacoya"
1676,0.564970680055172,0.427779326532504,0.695920020422539,NA,"sintetico_postestratificado",FALSE,0.268140693890035,"21","185","Tlapanalá"
1677,0.541041613508771,0.394263705701913,0.676694107362966,NA,"sintetico_postestratificado",FALSE,0.282430401661053,"21","082","Ixcaquixtla"
1678,0.487295226213506,0.347512673734607,0.622001570338803,7,"muestra_directa",TRUE,0.274488896604196,"21","085","Izúcar de Matamoros"
1679,0.564015339639222,0.42198034866591,0.686825810825395,NA,"sintetico_postestratificado",FALSE,0.264845462159485,"21","104","Nopalucan"
1680,0.590019498302697,0.445943446075471,0.72548254029476,NA,"sintetico_postestratificado",FALSE,0.279539094219289,"21","122","San Felipe Teotlalcingo"
1681,0.528868300693049,0.383804819777771,0.664567571687217,NA,"sintetico_postestratificado",FALSE,0.280762751909446,"21","123","San Felipe Tepatlán"
1682,0.518515381600016,0.381381620082005,0.653105140793245,NA,"sintetico_postestratificado",FALSE,0.27172352071124,"21","012","Aljojuca"
1683,0.538797867345294,0.393651283743002,0.684596612831039,NA,"sintetico_postestratificado",FALSE,0.290945329088037,"21","013","Altepexi"
1684,0.553634353173176,0.422039683285498,0.688544120945081,NA,"sintetico_postestratificado",FALSE,0.266504437659582,"21","007","Ahuatlán"
1685,0.491195157404132,0.348685434804463,0.637083502015371,NA,"sintetico_postestratificado",FALSE,0.288398067210908,"21","011","Albino Zertuche"
1686,0.512010608095302,0.373164167067443,0.6478658810893,NA,"sintetico_postestratificado",FALSE,0.274701714021858,"21","018","Atexcal"
1687,0.534270074805626,0.382556551029245,0.66977031079938,NA,"sintetico_postestratificado",FALSE,0.287213759770135,"21","054","Chignautla"
1688,0.559408298208953,0.427060571127442,0.691370760281249,NA,"sintetico_postestratificado",FALSE,0.264310189153807,"21","127","San Jerónimo Xayacatlán"
1689,0.543084092405781,0.4080646494364,0.670804606619124,NA,"sintetico_postestratificado",FALSE,0.262739957182724,"21","129","San José Miahuatlán"
1690,0.546774885206445,0.407543654439767,0.6824894124125,NA,"sintetico_postestratificado",FALSE,0.274945757972732,"21","130","San Juan Atenco"
1691,0.53860063388645,0.408977964053156,0.666153785553158,NA,"sintetico_postestratificado",FALSE,0.257175821500002,"21","213","Zihuateutla"
1692,0.555199416364563,0.414078621131259,0.693559461710473,NA,"sintetico_postestratificado",FALSE,0.279480840579214,"21","124","San Gabriel Chilac"
1693,0.552949447803832,0.419544096264669,0.678818423701884,NA,"sintetico_postestratificado",FALSE,0.259274327437215,"21","169","Tepexi de Rodríguez"
1694,0.471872927185453,0.341166869009301,0.60635039205141,NA,"sintetico_postestratificado",FALSE,0.265183523042109,"21","159","Teopantlán"
1695,0.51043260299464,0.387816207847472,0.634904861570403,8,"muestra_directa",TRUE,0.247088653722931,"21","156","Tehuacán"
1696,0.505862169532865,0.372913699344705,0.637959734063581,NA,"sintetico_postestratificado",FALSE,0.265046034718876,"21","155","Tecomatlán"
1697,0.5879410775838,0.445934811700177,0.712002493213175,NA,"sintetico_postestratificado",FALSE,0.266067681512998,"21","154","Tecamachalco"
1698,0.564098510383742,0.443216912123351,0.691998703797664,NA,"sintetico_postestratificado",FALSE,0.248781791674313,"21","172","Tetela de Ocampo"
1699,0.523251606261401,0.382006359974955,0.660794385720292,NA,"sintetico_postestratificado",FALSE,0.278788025745337,"21","179","Tlachichuca"
1700,0.530821575212499,0.382182527659656,0.656515140928287,NA,"sintetico_postestratificado",FALSE,0.274332613268631,"21","153","Tecali de Herrera"
1701,0.535270190829769,0.389933804202119,0.671931692528001,NA,"sintetico_postestratificado",FALSE,0.281997888325881,"21","151","Santo Tomás Hueyotlipan"
1702,0.583258260427931,0.434843133840309,0.716964028556861,NA,"sintetico_postestratificado",FALSE,0.282120894716552,"21","121","San Diego la Mesa Tochimiltzingo"
1703,0.544636770336265,0.407287642000793,0.675712754701975,NA,"sintetico_postestratificado",FALSE,0.268425112701182,"21","202","Xochitlán de Vicente Suárez"
1704,0.527186701166867,0.392027861701822,0.659779680646553,NA,"sintetico_postestratificado",FALSE,0.267751818944731,"21","203","Xochitlán Todos Santos"
1705,0.555078685717092,0.4223401163926,0.687563169308443,NA,"sintetico_postestratificado",FALSE,0.265223052915843,"21","073","Huehuetlán el Chico"
1706,0.520633288561831,0.376354334826772,0.66069540641018,NA,"sintetico_postestratificado",FALSE,0.284341071583407,"21","097","Mixtla"
1707,0.49757921978096,0.348700372066918,0.631957925606333,NA,"sintetico_postestratificado",FALSE,0.283257553539415,"21","036","Coyomeapan"
1708,0.541061590346832,0.401000741475939,0.671156505891648,NA,"sintetico_postestratificado",FALSE,0.270155764415708,"21","044","Cuyoaco"
1709,0.534647548838963,0.390012922366067,0.675592443765521,NA,"sintetico_postestratificado",FALSE,0.285579521399454,"21","060","Domingo Arenas"
1710,0.550461613002196,0.40691461059901,0.688520118310034,NA,"sintetico_postestratificado",FALSE,0.281605507711024,"21","061","Eloxochitlán"
1711,0.539323764322785,0.40279261631162,0.665419968239979,NA,"sintetico_postestratificado",FALSE,0.262627351928359,"21","062","Epatlán"
1712,0.533113006467812,0.401594752967329,0.679231030740224,NA,"sintetico_postestratificado",FALSE,0.277636277772895,"21","068","Hermenegildo Galeana"
1713,0.541550348617699,0.402442099559562,0.667969598202601,NA,"sintetico_postestratificado",FALSE,0.265527498643039,"21","072","Huehuetla"
1714,0.514869810257755,0.37525351287042,0.647217914650007,NA,"sintetico_postestratificado",FALSE,0.271964401779587,"21","160","Teotlalco"
1715,0.513140469019041,0.378528935034772,0.652398039476358,NA,"sintetico_postestratificado",FALSE,0.273869104441586,"21","161","Tepanco de López"
1716,0.489403835391468,0.360488196904883,0.622139861912288,NA,"sintetico_postestratificado",FALSE,0.261651665007404,"21","024","Axutla"
1717,0.532283553447193,0.398684145422475,0.666205193903285,NA,"sintetico_postestratificado",FALSE,0.26752104848081,"21","186","Tlatlauquitepec"
1718,0.543614759269252,0.412802572739145,0.676697755981064,NA,"sintetico_postestratificado",FALSE,0.263895183241919,"21","170","Tepeyahualco"
1719,0.55044506284022,0.413854006016686,0.678392502295548,NA,"sintetico_postestratificado",FALSE,0.264538496278862,"21","196","Xayacatlán de Bravo"
1720,0.626555591061474,0.490926895246811,0.752263454390599,NA,"sintetico_postestratificado",FALSE,0.261336559143788,"21","117","Rafael Lara Grajales"
1721,0.53188230031241,0.389425353562819,0.668114854375656,NA,"sintetico_postestratificado",FALSE,0.278689500812837,"21","017","Atempan"
1722,0.530599221960281,0.401241286293279,0.664320148473082,1,"muestra_directa",TRUE,0.263078862179803,"21","019","Atlixco"
1723,0.580995197540222,0.437652735983818,0.725962169187305,NA,"sintetico_postestratificado",FALSE,0.288309433203487,"21","173","Teteles de Ávila Castillo"
1724,0.59852270123007,0.46787957615449,0.723381465562139,NA,"sintetico_postestratificado",FALSE,0.255501889407648,"21","175","Tianguismanalco"
1725,0.599413615612186,0.452805170188477,0.730035617617227,NA,"sintetico_postestratificado",FALSE,0.27723044742875,"21","052","Chigmecatitlán"
1726,0.561254861675375,0.429106528272721,0.691068992432576,NA,"sintetico_postestratificado",FALSE,0.261962464159855,"21","069","Huaquechula"
1727,0.554511211129239,0.416085609194855,0.684278459868236,NA,"sintetico_postestratificado",FALSE,0.268192850673381,"21","168","Tepexco"
1728,0.529114538343894,0.392876616224994,0.652158230963705,NA,"sintetico_postestratificado",FALSE,0.259281614738711,"21","157","Tehuitzingo"
1729,0.509946659296778,0.366502749476461,0.653294050555691,NA,"sintetico_postestratificado",FALSE,0.28679130107923,"21","162","Tepango de Rodríguez"
1730,0.516987212795626,0.385649306121813,0.64660426143732,NA,"sintetico_postestratificado",FALSE,0.260954955315507,"21","209","Zapotitlán"
1731,0.543897484863922,0.410328607065116,0.674228022835303,NA,"sintetico_postestratificado",FALSE,0.263899415770187,"21","118","Los Reyes de Juárez"
1732,0.508047332567154,0.368958075817132,0.639415700880249,2,"muestra_directa",TRUE,0.270457625063117,"21","119","San Andrés Cholula"
1733,0.54740951571591,0.401259300167999,0.674423227310436,NA,"sintetico_postestratificado",FALSE,0.273163927142438,"21","120","San Antonio Cañada"
1734,0.513459670183029,0.373816900641669,0.645635957013242,NA,"sintetico_postestratificado",FALSE,0.271819056371573,"21","125","San Gregorio Atzompa"
1735,0.518293605832099,0.382165211619999,0.643834618095831,2,"muestra_directa",TRUE,0.261669406475832,"21","126","San Jerónimo Tecuanipan"
1736,0.530217792813327,0.390728198147699,0.663848490676761,NA,"sintetico_postestratificado",FALSE,0.273120292529062,"21","128","San José Chiapa"
1737,0.542874667095097,0.39629865305007,0.66829288699995,NA,"sintetico_postestratificado",FALSE,0.27199423394988,"21","158","Tenampulco"
1738,0.539815653984885,0.394476975732432,0.677041645804288,NA,"sintetico_postestratificado",FALSE,0.282564670071856,"21","053","Chignahuapan"
1739,0.555409520078889,0.41658698450049,0.698705207544715,NA,"sintetico_postestratificado",FALSE,0.282118223044225,"21","002","Acateno"
1740,0.536928985054488,0.404618293783954,0.668328211065722,NA,"sintetico_postestratificado",FALSE,0.263709917281767,"21","003","Acatlán"
1741,0.544491962475518,0.40157806289122,0.675876053934501,NA,"sintetico_postestratificado",FALSE,0.274297991043281,"21","004","Acatzingo"
1742,0.581622325283917,0.433702880724599,0.714211338030163,NA,"sintetico_postestratificado",FALSE,0.280508457305565,"21","005","Acteopan"
1743,0.473316614090355,0.339258832118561,0.620425361065804,NA,"sintetico_postestratificado",FALSE,0.281166528947243,"21","006","Ahuacatlán"
1744,0.533581500574824,0.394712991256969,0.66816671661616,NA,"sintetico_postestratificado",FALSE,0.273453725359191,"21","008","Ahuazotepec"
1745,0.589291840602287,0.452028255257785,0.723630249330665,NA,"sintetico_postestratificado",FALSE,0.271601994072879,"21","133","San Martín Totoltepec"
1746,0.481076832593322,0.339568605176222,0.615033730305628,NA,"sintetico_postestratificado",FALSE,0.275465125129407,"21","134","San Matías Tlalancaleca"
1747,0.489005725846868,0.353412241519944,0.634583239231941,NA,"sintetico_postestratificado",FALSE,0.281170997711998,"21","135","San Miguel Ixitlán"
1748,0.537432150772454,0.393793407458373,0.673938140400945,NA,"sintetico_postestratificado",FALSE,0.280144732942572,"21","137","San Nicolás Buenos Aires"
1749,0.514419934537736,0.363023974779132,0.651601593998998,NA,"sintetico_postestratificado",FALSE,0.288577619219866,"21","138","San Nicolás de los Ranchos"
1750,0.518695741554922,0.378069440988772,0.650367168554844,NA,"sintetico_postestratificado",FALSE,0.272297727566072,"21","139","San Pablo Anicano"
1751,0.509027247050444,0.376522711663003,0.63743275517577,10,"muestra_directa",FALSE,0.260910043512767,"21","140","San Pedro Cholula"
1752,0.519536228895536,0.38465294015739,0.651915218240208,NA,"sintetico_postestratificado",FALSE,0.267262278082818,"21","141","San Pedro Yeloixtlahuaca"
1753,0.504568530585736,0.371047952945553,0.633644249897917,NA,"sintetico_postestratificado",FALSE,0.262596296952363,"21","205","Yehualtepec"
1754,0.540418658586861,0.407694323914093,0.673015570349504,NA,"sintetico_postestratificado",FALSE,0.26532124643541,"21","023","Atzitzintla"
1755,0.51417679162906,0.377582923491299,0.656172764853657,NA,"sintetico_postestratificado",FALSE,0.278589841362358,"21","116","Quimixtlán"
1756,0.507109851496012,0.370116527523921,0.629239206941349,6,"muestra_directa",TRUE,0.259122679417428,"21","115","Quecholac"
1757,0.53477758813466,0.423589921296576,0.637594894047948,28,"muestra_directa",FALSE,0.214004972751372,"21","114","Puebla"
1758,0.553064259448023,0.432844127255711,0.670833065309201,8,"muestra_directa",TRUE,0.237988938053491,"21","144","San Salvador Huixcolotla"
1759,0.514898398754899,0.365120934650869,0.649237729007829,NA,"sintetico_postestratificado",FALSE,0.284116794356961,"21","145","San Sebastián Tlacotepec"
1760,0.572614938203423,0.429497466908285,0.704853516934159,NA,"sintetico_postestratificado",FALSE,0.275356050025874,"21","146","Santa Catarina Tlaltempan"
1761,0.554312202480988,0.41058726046354,0.6901059075369,NA,"sintetico_postestratificado",FALSE,0.279518647073359,"21","149","Santiago Miahuatlán"
1762,0.52490528562214,0.386936033557348,0.659095053145758,NA,"sintetico_postestratificado",FALSE,0.27215901958841,"21","150","Huehuetlán el Grande"
1763,0.521086857209054,0.378826361614058,0.653753547578452,5,"muestra_directa",TRUE,0.274927185964394,"21","010","Ajalpan"
1764,0.546674774098843,0.408979335425884,0.697317875856302,NA,"sintetico_postestratificado",FALSE,0.288338540430419,"21","014","Amixtlán"
1765,0.550653684824658,0.406150075462433,0.68563751650126,NA,"sintetico_postestratificado",FALSE,0.279487441038827,"21","015","Amozoc"
1766,0.568665121591426,0.426957386080846,0.706805634755074,NA,"sintetico_postestratificado",FALSE,0.279848248674228,"21","016","Aquixtla"
1767,0.497566704115737,0.344401329248488,0.647282500233735,NA,"sintetico_postestratificado",FALSE,0.302881170985246,"21","021","Atzala"
1768,0.502546919090897,0.357393793384818,0.658401175900946,NA,"sintetico_postestratificado",FALSE,0.301007382516128,"21","026","Calpan"
1769,0.48307375467477,0.340333889182992,0.621330358477819,NA,"sintetico_postestratificado",FALSE,0.280996469294828,"21","027","Caltepec"
1770,0.48936171536417,0.342231964107401,0.639883557674769,NA,"sintetico_postestratificado",FALSE,0.297651593567368,"21","165","Tepemaxalco"
1771,0.524020061253408,0.383779554066222,0.674932590716706,NA,"sintetico_postestratificado",FALSE,0.291153036650484,"21","152","Soltepec"
1772,0.546546083966372,0.409438404419668,0.677772392737794,NA,"sintetico_postestratificado",FALSE,0.268333988318126,"21","206","Zacapala"
1773,0.549704666675927,0.400556604539005,0.688308352565247,NA,"sintetico_postestratificado",FALSE,0.287751748026242,"21","211","Zaragoza"
1774,0.56485636825568,0.448789479487959,0.68322584847367,17,"muestra_directa",FALSE,0.234436368985711,"21","212","Zautla"
1775,0.509117890564897,0.38055945982311,0.634782988367687,NA,"sintetico_postestratificado",FALSE,0.254223528544577,"21","163","Tepatlaxco de Hidalgo"
1776,0.53440016197159,0.391827383910254,0.680096096880897,NA,"sintetico_postestratificado",FALSE,0.288268712970643,"21","049","Chiconcuautla"
1777,0.537620443748253,0.391883051108448,0.674979033316033,NA,"sintetico_postestratificado",FALSE,0.283095982207586,"21","048","Chiautzingo"
1778,0.537356280970294,0.405136212199312,0.667418756833548,NA,"sintetico_postestratificado",FALSE,0.262282544634237,"21","047","Chiautla"
1779,0.498208068638194,0.36417811763245,0.64007997546344,NA,"sintetico_postestratificado",FALSE,0.27590185783099,"21","195","Vicente Guerrero"
1780,0.487037203332064,0.353933101591258,0.607860209614391,11,"muestra_directa",FALSE,0.253927108023134,"21","164","Tepeaca"
1781,0.530720053221233,0.393766711583081,0.665167849501433,NA,"sintetico_postestratificado",FALSE,0.271401137918352,"21","046","Chapulco"
1782,0.5386153984485,0.376809121395223,0.673771499931707,NA,"sintetico_postestratificado",FALSE,0.296962378536484,"21","210","Zapotitlán de Méndez"
1783,0.486874841265963,0.343681552427605,0.632195525524397,NA,"sintetico_postestratificado",FALSE,0.288513973096791,"21","136","San Miguel Xoxtla"
1784,0.516958295785325,0.385421655016305,0.649133562854137,NA,"sintetico_postestratificado",FALSE,0.263711907837832,"21","045","Chalchicomula de Sesma"
1785,0.511556758723385,0.368141427490673,0.640127978557343,6,"muestra_directa",TRUE,0.27198655106667,"21","043","Cuetzalan del Progreso"
1786,0.491106661828278,0.350823978983185,0.636962905945387,NA,"sintetico_postestratificado",FALSE,0.286138926962201,"21","084","Ixtepec"
1787,0.502768985501851,0.357996005064045,0.641377878166424,NA,"sintetico_postestratificado",FALSE,0.283381873102379,"21","086","Jalpan"
1788,0.555734886286388,0.410463232988643,0.693051838067863,NA,"sintetico_postestratificado",FALSE,0.28258860507922,"21","042","Cuayuca de Andrade"
1789,0.589342214741742,0.456337331898372,0.714929848136018,NA,"sintetico_postestratificado",FALSE,0.258592516237647,"21","113","Piaxtla"
1790,0.544704859738003,0.415315319002193,0.67156509570068,NA,"sintetico_postestratificado",FALSE,0.256249776698487,"21","131","San Juan Atzompa"
1791,0.513688200245876,0.376195491322549,0.645094007039013,NA,"sintetico_postestratificado",FALSE,0.268898515716465,"21","089","Jopala"
1792,0.55600458655538,0.42679672481978,0.682240747939507,3,"muestra_directa",TRUE,0.255444023119727,"21","041","Cuautlancingo"
1793,0.530995059266574,0.391348556535023,0.677178037754984,NA,"sintetico_postestratificado",FALSE,0.285829481219961,"21","040","Cuautinchán"
1794,0.511013938364703,0.365357499012456,0.651386872091802,NA,"sintetico_postestratificado",FALSE,0.286029373079346,"21","039","Cuautempan"
1795,0.51550987618514,0.379500348162886,0.640750495406954,NA,"sintetico_postestratificado",FALSE,0.261250147244068,"21","038","Cuapiaxtla de Madero"
1796,0.517757721548336,0.385936918210997,0.648662110153578,NA,"sintetico_postestratificado",FALSE,0.262725191942581,"21","112","Petlalcingo"
1797,0.583512680334585,0.454584218946067,0.706224693706364,NA,"sintetico_postestratificado",FALSE,0.251640474760297,"21","009","Ahuehuetitla"
1798,0.501668108756981,0.364236256887927,0.626139204061321,5,"muestra_directa",TRUE,0.261902947173393,"21","076","Hueytamalco"
1799,0.523135435245775,0.389962358360477,0.653736131112709,NA,"sintetico_postestratificado",FALSE,0.263773772752232,"21","183","Tlaola"
1800,0.536242195699343,0.407238104014162,0.665839668628524,6,"muestra_directa",TRUE,0.258601564614362,"21","071","Huauchinango"
1801,0.52414408070494,0.391053144618209,0.665514551080994,NA,"sintetico_postestratificado",FALSE,0.274461406462785,"21","070","Huatlatlauca"
1802,0.499118541559646,0.353797672796069,0.64573844507305,NA,"sintetico_postestratificado",FALSE,0.29194077227698,"21","111","Pantepec"
1803,0.581122137357629,0.459188642127567,0.711103214073855,8,"muestra_directa",TRUE,0.251914571946288,"22","002","Pinal de Amoles"
1804,0.580805372751292,0.438384053042968,0.701157874234952,NA,"sintetico_postestratificado",FALSE,0.262773821191983,"22","010","Landa de Matamoros"
1805,0.575160676012084,0.441345082093174,0.697668177472215,9,"muestra_directa",TRUE,0.256323095379041,"22","006","Corregidora"
1806,0.55546663114293,0.41674448251851,0.684309051817022,NA,"sintetico_postestratificado",FALSE,0.267564569298512,"22","003","Arroyo Seco"
1807,0.516222250255609,0.394568846243225,0.633731079031736,19,"muestra_directa",FALSE,0.239162232788511,"22","011","El Marqués"
1808,0.604011417292622,0.467610751689184,0.715897056929391,5,"muestra_directa",TRUE,0.248286305240207,"22","012","Pedro Escobedo"
1809,0.6231032367661,0.48272071915258,0.748181396658904,NA,"sintetico_postestratificado",FALSE,0.265460677506324,"22","015","San Joaquín"
1810,0.536881459897462,0.428321002424921,0.641342142449829,38,"muestra_directa",FALSE,0.213021140024908,"22","016","San Juan del Río"
1811,0.584006488286921,0.444700064781841,0.722178984588077,NA,"sintetico_postestratificado",FALSE,0.277478919806236,"22","017","Tequisquiapan"
1812,0.566058876938,0.435924486877518,0.691010734906031,4,"muestra_directa",TRUE,0.255086248028513,"22","018","Tolimán"
1813,0.61428827421468,0.483957296439759,0.741643581399927,NA,"sintetico_postestratificado",FALSE,0.257686284960168,"22","007","Ezequiel Montes"
1814,0.572676025014817,0.451745647678038,0.690458122269731,13,"muestra_directa",FALSE,0.238712474591693,"22","001","Amealco de Bonfil"
1815,0.683493073559438,0.603631602781794,0.75854018328436,83,"muestra_directa",FALSE,0.154908580502566,"22","014","Querétaro"
1816,0.603016591839968,0.476672571884585,0.741703127320462,NA,"sintetico_postestratificado",FALSE,0.265030555435877,"22","005","Colón"
1817,0.608364189950348,0.473982418784333,0.726679003663413,4,"muestra_directa",TRUE,0.25269658487908,"22","004","Cadereyta de Montes"
1818,0.60240776124826,0.461198446885713,0.720859452754509,NA,"sintetico_postestratificado",FALSE,0.259661005868795,"22","013","Peñamiller"
1819,0.600027697197343,0.476381398117419,0.712586857929981,14,"muestra_directa",FALSE,0.236205459812562,"22","008","Huimilpan"
1820,0.557524410735775,0.431658936776791,0.684764065456527,NA,"sintetico_postestratificado",FALSE,0.253105128679736,"22","009","Jalpan de Serra"
1821,0.549906363231617,0.393960842186548,0.697678832371339,5,"muestra_directa",TRUE,0.303717990184791,"23","001","Cozumel"
1822,0.497364531629005,0.336660848742814,0.66085495431756,NA,"sintetico_postestratificado",FALSE,0.324194105574746,"23","003","Isla Mujeres"
1823,0.571586871651066,0.456591110171745,0.681491981690945,25,"muestra_directa",FALSE,0.2249008715192,"23","002","Felipe Carrillo Puerto"
1824,0.542780583715256,0.445550521209685,0.639360592648443,54,"muestra_directa",FALSE,0.193810071438757,"23","005","Benito Juárez"
1825,0.605469715557477,0.49563315253738,0.708292238443048,26,"muestra_directa",FALSE,0.212659085905668,"23","004","Othón P. Blanco"
1826,0.471435509780525,0.31736463314799,0.634033110369926,NA,"sintetico_postestratificado",FALSE,0.316668477221936,"23","011","Puerto Morelos"
1827,0.56558970366917,0.441026886925573,0.687112566799043,13,"muestra_directa",FALSE,0.24608567987347,"23","008","Solidaridad"
1828,0.539714553366926,0.389499113367865,0.671769634628545,NA,"sintetico_postestratificado",FALSE,0.28227052126068,"23","010","Bacalar"
1829,0.484049124347154,0.343225358318055,0.627952444245657,3,"muestra_directa",TRUE,0.284727085927601,"23","007","Lázaro Cárdenas"
1830,0.472589406821105,0.342237692218272,0.598924350757127,4,"muestra_directa",TRUE,0.256686658538855,"23","006","José María Morelos"
1831,0.536406663741874,0.386271822089353,0.663114923487514,6,"muestra_directa",TRUE,0.276843101398161,"23","009","Tulum"
1832,0.513847246798285,0.383485892134158,0.644105391217467,10,"muestra_directa",FALSE,0.260619499083309,"24","050","Villa de Reyes"
1833,0.523629111595759,0.392697381081025,0.651516557160915,4,"muestra_directa",TRUE,0.25881917607989,"24","052","Villa Juárez"
1834,0.576944782922069,0.446917305868692,0.705278236998079,7,"muestra_directa",TRUE,0.258360931129386,"24","053","Axtla de Terrazas"
1835,0.582720436825897,0.447477651006982,0.710836296885602,NA,"sintetico_postestratificado",FALSE,0.263358645878621,"24","054","Xilitla"
1836,0.573506142588347,0.445595482864706,0.703563848759536,NA,"sintetico_postestratificado",FALSE,0.25796836589483,"24","055","Zaragoza"
1837,0.573134561721142,0.43827011889901,0.705101562080862,NA,"sintetico_postestratificado",FALSE,0.266831443181852,"24","048","Villa de la Paz"
1838,0.615656180600328,0.478472946033705,0.740133418664186,NA,"sintetico_postestratificado",FALSE,0.261660472630481,"24","015","Charcas"
1839,0.60309539262351,0.479609945318188,0.711745528037021,25,"muestra_directa",FALSE,0.232135582718833,"24","013","Ciudad Valles"
1840,0.571096236126518,0.421449713008018,0.710167110553111,NA,"sintetico_postestratificado",FALSE,0.288717397545093,"24","009","Cerro de San Pedro"
1841,0.554118348081888,0.409450246995474,0.70439246077174,NA,"sintetico_postestratificado",FALSE,0.294942213776266,"24","043","Tierra Nueva"
1842,0.579683809602484,0.431171454234346,0.707861819924679,NA,"sintetico_postestratificado",FALSE,0.276690365690333,"24","042","Tanquián de Escobedo"
1843,0.584121029854188,0.427037871917631,0.716193743229072,NA,"sintetico_postestratificado",FALSE,0.289155871311441,"24","012","Tancanhuitz"
1844,0.597126418951113,0.451646845391472,0.728853122499403,NA,"sintetico_postestratificado",FALSE,0.277206277107931,"24","011","Ciudad Fernández"
1845,0.560545272768529,0.428961748000156,0.687165689011501,NA,"sintetico_postestratificado",FALSE,0.258203941011345,"24","010","Ciudad del Maíz"
1846,0.544783406570158,0.405794449228331,0.678284550436665,2,"muestra_directa",TRUE,0.272490101208334,"24","008","Cerritos"
1847,0.578005157981138,0.433622630844777,0.710776378754404,NA,"sintetico_postestratificado",FALSE,0.277153747909627,"24","007","Cedral"
1848,0.573750921215105,0.459769281770087,0.69263312542435,17,"muestra_directa",FALSE,0.232863843654263,"24","035","Soledad de Graciano Sánchez"
1849,0.552963550490695,0.414294092580696,0.686915114132372,NA,"sintetico_postestratificado",FALSE,0.272621021551676,"24","041","Tanlajás"
1850,0.555928354229027,0.411800482891529,0.688768687167848,NA,"sintetico_postestratificado",FALSE,0.276968204276318,"24","040","Tamuín"
1851,0.566335702361191,0.432592408456369,0.703386542807061,NA,"sintetico_postestratificado",FALSE,0.270794134350692,"24","039","Tampamolón Corona"
1852,0.570762736476336,0.431245874675129,0.698533737220267,NA,"sintetico_postestratificado",FALSE,0.267287862545138,"24","038","Tampacán"
1853,0.518012463487406,0.408262316031675,0.619816568766142,28,"muestra_directa",FALSE,0.211554252734467,"24","037","Tamazunchale"
1854,0.523284950052198,0.383728195632629,0.649551117521817,NA,"sintetico_postestratificado",FALSE,0.265822921889188,"24","036","Tamasopo"
1855,0.565390879786582,0.429049260790654,0.692790561760583,NA,"sintetico_postestratificado",FALSE,0.26374130096993,"24","006","Catorce"
1856,0.681676733853133,0.589070432175796,0.774557081542088,45,"muestra_directa",FALSE,0.185486649366292,"24","028","San Luis Potosí"
1857,0.517431597034487,0.37502562579869,0.663038606304243,NA,"sintetico_postestratificado",FALSE,0.288012980505553,"24","031","Santa Catarina"
1858,0.530653772085205,0.39755020725654,0.666245681582251,NA,"sintetico_postestratificado",FALSE,0.268695474325711,"24","030","San Nicolás Tolentino"
1859,0.571096804803806,0.420697416100024,0.701282310089695,NA,"sintetico_postestratificado",FALSE,0.280584893989671,"24","029","San Martín Chalchicuautla"
1860,0.569371693697039,0.426971473857189,0.702455876783488,NA,"sintetico_postestratificado",FALSE,0.275484402926299,"24","026","San Antonio"
1861,0.565089501287443,0.431710937016642,0.703119621464027,NA,"sintetico_postestratificado",FALSE,0.271408684447386,"24","005","Cárdenas"
1862,0.535348735826038,0.393384425407654,0.671046231956121,NA,"sintetico_postestratificado",FALSE,0.277661806548467,"24","024","Rioverde"
1863,0.596529232160019,0.458377216446331,0.727056059158718,NA,"sintetico_postestratificado",FALSE,0.268678842712387,"24","023","Rayón"
1864,0.595271095832463,0.461971816221945,0.717667865493471,NA,"sintetico_postestratificado",FALSE,0.255696049271525,"24","022","Moctezuma"
1865,0.537564089446658,0.416887482790666,0.660072072557797,16,"muestra_directa",FALSE,0.243184589767132,"24","021","Mexquitic de Carmona"
1866,0.524655184811009,0.38982327598557,0.652992818468259,NA,"sintetico_postestratificado",FALSE,0.263169542482688,"24","017","Guadalcázar"
1867,0.532127662423115,0.38613036386922,0.665622951089084,NA,"sintetico_postestratificado",FALSE,0.279492587219864,"24","016","Ebano"
1868,0.541061143667874,0.393358456535071,0.683085642431233,NA,"sintetico_postestratificado",FALSE,0.289727185896163,"24","014","Coxcatlán"
1869,0.475371124600003,0.341937540748261,0.593651075386906,10,"muestra_directa",FALSE,0.251713534638644,"24","033","Santo Domingo"
1870,0.554267922768174,0.402321653148189,0.685479593503285,NA,"sintetico_postestratificado",FALSE,0.283157940355096,"24","001","Ahualulco del Sonido 13"
1871,0.537971047076758,0.402103063175725,0.677484957871346,NA,"sintetico_postestratificado",FALSE,0.275381894695621,"24","057","Matlapa"
1872,0.533468198283653,0.400547298510223,0.669716443979176,NA,"sintetico_postestratificado",FALSE,0.269169145468953,"24","051","Villa Hidalgo"
1873,0.561663486256308,0.434136622751928,0.690976812748652,NA,"sintetico_postestratificado",FALSE,0.256840189996724,"24","058","El Naranjo"
1874,0.556693437513813,0.423711091509291,0.676118558182637,NA,"sintetico_postestratificado",FALSE,0.252407466673346,"24","032","Santa María del Río"
1875,0.564426453601291,0.431687710102735,0.687714517716031,NA,"sintetico_postestratificado",FALSE,0.256026807613296,"24","027","San Ciro de Acosta"
1876,0.616435934263648,0.493252694812887,0.722143112591961,13,"muestra_directa",FALSE,0.228890417779074,"24","025","Salinas"
1877,0.550345316474982,0.411300352801781,0.683655091001438,NA,"sintetico_postestratificado",FALSE,0.272354738199657,"24","056","Villa de Arista"
1878,0.582154429163954,0.444289045057041,0.708211794794363,NA,"sintetico_postestratificado",FALSE,0.263922749737322,"24","047","Villa de Guadalupe"
1880,0.587710585016542,0.452508007001167,0.714384529530038,NA,"sintetico_postestratificado",FALSE,0.261876522528871,"24","034","San Vicente Tancuayalab"
1881,0.590060309802844,0.460127747960188,0.708159030107047,NA,"sintetico_postestratificado",FALSE,0.248031282146858,"24","002","Alaquines"
1882,0.590046936240065,0.472884469966637,0.703019157876477,14,"muestra_directa",FALSE,0.23013468790984,"24","003","Aquismón"
1883,0.536611874259913,0.401595284565469,0.672313911226138,NA,"sintetico_postestratificado",FALSE,0.270718626660669,"24","004","Armadillo de los Infante"
1884,0.55254193520751,0.414859845527826,0.685471925603032,NA,"sintetico_postestratificado",FALSE,0.270612080075206,"24","046","Villa de Arriaga"
1885,0.556498740562339,0.418435389374457,0.689799553589293,NA,"sintetico_postestratificado",FALSE,0.271364164214837,"24","018","Huehuetlán"
1886,0.596095744868236,0.44732379088697,0.725401599649698,NA,"sintetico_postestratificado",FALSE,0.278077808762728,"24","019","Lagunillas"
1887,0.559709839640454,0.42504475393469,0.697395384551691,1,"muestra_directa",TRUE,0.272350630617001,"24","020","Matehuala"
1888,0.551420196922761,0.420568779518507,0.682485544432371,NA,"sintetico_postestratificado",FALSE,0.261916764913864,"24","044","Vanegas"
1889,0.530153970849817,0.381490869992453,0.670855080485987,NA,"sintetico_postestratificado",FALSE,0.289364210493534,"24","045","Venado"
1890,0.565750793719033,0.427521745849897,0.680980729046568,6,"muestra_directa",TRUE,0.253458983196672,"24","049","Villa de Ramos"
1891,0.658743115676673,0.543649594879639,0.765006046346287,12,"muestra_directa",FALSE,0.221356451466648,"25","010","El Fuerte"
1892,0.593639961304129,0.448410714876912,0.725192052252542,7,"muestra_directa",TRUE,0.27678133737563,"25","008","Elota"
1893,0.586627465547071,0.446484296607285,0.734029057298876,NA,"sintetico_postestratificado",FALSE,0.287544760691591,"25","016","San Ignacio"
1894,0.574786716506809,0.452192604129677,0.695294476349909,17,"muestra_directa",FALSE,0.243101872220232,"25","018","Navolato"
1895,0.613310119754456,0.47955969306078,0.736003962899672,NA,"sintetico_postestratificado",FALSE,0.256444269838892,"25","003","Badiraguato"
1896,0.610321693468274,0.484857521722439,0.732432248418147,NA,"sintetico_postestratificado",FALSE,0.247574726695708,"25","014","Rosario"
1897,0.657125048442188,0.55704498981754,0.75266812218091,40,"muestra_directa",FALSE,0.19562313236337,"25","001","Ahome"
1898,0.589629639637401,0.459461595845636,0.717965651168024,12,"muestra_directa",FALSE,0.258504055322388,"25","002","Angostura"
1901,0.554867842409807,0.434836925091876,0.673880966367208,13,"muestra_directa",FALSE,0.239044041275332,"25","009","Escuinapa"
1902,0.604692718931337,0.481426958475097,0.722879245908645,8,"muestra_directa",TRUE,0.241452287433548,"25","004","Concordia"
1903,0.619022482830865,0.496052732878512,0.739291089616495,9,"muestra_directa",TRUE,0.243238356737984,"25","005","Cosalá"
1904,0.625465982180849,0.528191701041897,0.718419279147487,46,"muestra_directa",FALSE,0.19022757810559,"25","012","Mazatlán"
1905,0.6021675135827,0.469182477337701,0.727257450064521,3,"muestra_directa",TRUE,0.258074972726821,"25","007","Choix"
1906,0.590589932826078,0.456648054095792,0.722029193522948,NA,"sintetico_postestratificado",FALSE,0.265381139427156,"25","013","Mocorito"
1907,0.625220749093075,0.520785230907174,0.726612240136142,27,"muestra_directa",FALSE,0.205827009228968,"25","015","Salvador Alvarado"
1908,0.60766395014267,0.519253514394912,0.695044151492702,62,"muestra_directa",FALSE,0.17579063709779,"25","006","Culiacán"
1909,0.574621853377582,0.452581869622222,0.691490894547101,8,"muestra_directa",TRUE,0.238909024924879,"25","017","Sinaloa"
1910,0.595421837007504,0.491370249361313,0.688612108855691,49,"muestra_directa",FALSE,0.197241859494378,"25","011","Guasave"
1911,0.597108959641494,0.456103076425108,0.728421938915591,NA,"sintetico_postestratificado",FALSE,0.272318862490484,"26","066","Ures"
1912,0.532759949364521,0.39358906870822,0.682014031376371,NA,"sintetico_postestratificado",FALSE,0.288424962668151,"26","038","Moctezuma"
1913,0.57925508985795,0.452741238884153,0.692891818587465,6,"muestra_directa",TRUE,0.240150579703312,"26","033","Huatabampo"
1914,0.608436522599071,0.450498421460038,0.745139110554937,NA,"sintetico_postestratificado",FALSE,0.294640689094899,"26","056","San Miguel de Horcasitas"
1915,0.574464918055304,0.440435513566466,0.700418526049781,NA,"sintetico_postestratificado",FALSE,0.259983012483315,"26","031","Huachinera"
1916,0.588143829108137,0.433869951297872,0.71857345525668,NA,"sintetico_postestratificado",FALSE,0.284703503958808,"26","032","Huásabas"
1917,0.567840251287048,0.402384500895105,0.708172150186414,NA,"sintetico_postestratificado",FALSE,0.305787649291309,"26","070","General Plutarco Elías Calles"
1918,0.578033422299098,0.429959819696188,0.714754236569068,NA,"sintetico_postestratificado",FALSE,0.28479441687288,"26","064","Trincheras"
1919,0.578857360352195,0.443220309152716,0.704881618766207,NA,"sintetico_postestratificado",FALSE,0.261661309613491,"26","062","Suaqui Grande"
1920,0.592373610851557,0.449382317784122,0.725611030474881,NA,"sintetico_postestratificado",FALSE,0.276228712690759,"26","052","Sahuaripa"
1921,0.611766886428572,0.471301455328599,0.743305988117511,NA,"sintetico_postestratificado",FALSE,0.272004532788912,"26","051","Rosario"
1922,0.581823720077957,0.434816612824094,0.723816729256725,NA,"sintetico_postestratificado",FALSE,0.28900011643263,"26","037","Mazatán"
1923,0.605120042388679,0.460347964832668,0.736536110142551,NA,"sintetico_postestratificado",FALSE,0.276188145309883,"26","021","La Colorada"
1924,0.562094086166517,0.425963446781414,0.689756664114671,6,"muestra_directa",TRUE,0.263793217333257,"26","041","Nacozari de García"
1925,0.628540181770208,0.508369352320632,0.747546246552456,25,"muestra_directa",FALSE,0.239176894231824,"26","043","Nogales"
1926,0.617410482539798,0.489070374141441,0.748542011225579,NA,"sintetico_postestratificado",FALSE,0.259471637084137,"26","034","Huépac"
1927,0.604638731136428,0.463437487378543,0.736733394930991,NA,"sintetico_postestratificado",FALSE,0.273295907552448,"26","016","Benjamín Hill"
1928,0.590200351692852,0.461469014000434,0.709228816433882,8,"muestra_directa",TRUE,0.247759802433447,"26","014","Baviácora"
1929,0.604252702982119,0.461439265840882,0.728480807479723,NA,"sintetico_postestratificado",FALSE,0.267041541638841,"26","015","Bavispe"
1930,0.5405804318529,0.404985858341468,0.678778439483985,NA,"sintetico_postestratificado",FALSE,0.273792581142517,"26","069","Yécora"
1931,0.605054606609423,0.455169005373931,0.732689916511739,NA,"sintetico_postestratificado",FALSE,0.277520911137808,"26","009","Bacanora"
1932,0.560141542137498,0.433332022418281,0.67781700097709,16,"muestra_directa",FALSE,0.244484978558809,"26","029","Guaymas"
1933,0.510304266353462,0.381244826801963,0.627734607601712,19,"muestra_directa",FALSE,0.246489780799749,"26","002","Agua Prieta"
1934,0.581472874845292,0.44350362873046,0.712317549404793,NA,"sintetico_postestratificado",FALSE,0.268813920674334,"26","057","San Pedro de la Cueva"
1935,0.569949956401537,0.450034020014797,0.682826572469735,21,"muestra_directa",FALSE,0.232792552454938,"26","055","San Luis Río Colorado"
1936,0.655115384364867,0.517594054345534,0.774743970732686,NA,"sintetico_postestratificado",FALSE,0.257149916387153,"26","024","Divisaderos"
1937,0.591084010946641,0.448370119427313,0.715689291176,NA,"sintetico_postestratificado",FALSE,0.267319171748687,"26","023","Cumpas"
1938,0.599240588972537,0.466197569681514,0.722525227925019,NA,"sintetico_postestratificado",FALSE,0.256327658243505,"26","001","Aconchi"
1939,0.607598760781664,0.474146127623067,0.726673359869873,NA,"sintetico_postestratificado",FALSE,0.252527232246806,"26","003","Álamos"
1940,0.473998177969084,0.386047627491485,0.562243320369973,85,"muestra_directa",FALSE,0.176195692878489,"26","030","Hermosillo"
1941,0.600990143839335,0.460078014598309,0.744781398714909,NA,"sintetico_postestratificado",FALSE,0.2847033841166,"26","022","Cucurpe"
1942,0.579304424712183,0.431787338352537,0.720057403702671,1,"muestra_directa",TRUE,0.288270065350134,"26","025","Empalme"
1943,0.57377828561029,0.426335227511213,0.719287381965178,NA,"sintetico_postestratificado",FALSE,0.292952154453966,"26","027","Fronteras"
1944,0.597827850137019,0.446315880165013,0.73826782322825,NA,"sintetico_postestratificado",FALSE,0.291951943063237,"26","005","Arivechi"
1945,0.591160378630295,0.449550401502084,0.716483290189729,NA,"sintetico_postestratificado",FALSE,0.266932888687645,"26","006","Arizpe"
1946,0.594466755690443,0.466742147650699,0.713435717025188,7,"muestra_directa",TRUE,0.246693569374489,"26","035","Imuris"
1947,0.59592845313202,0.461917458740857,0.728031731742233,NA,"sintetico_postestratificado",FALSE,0.266114273001377,"26","068","Villa Pesqueira"
1948,0.615732935332323,0.465378320790974,0.749909976313084,NA,"sintetico_postestratificado",FALSE,0.28453165552211,"26","046","Oquitoa"
1949,0.551478382624046,0.408036476973008,0.688105755251432,NA,"sintetico_postestratificado",FALSE,0.280069278278424,"26","026","Etchojoa"
1950,0.602234774264457,0.468176076335083,0.731488098821947,NA,"sintetico_postestratificado",FALSE,0.263312022486865,"26","049","Quiriego"
1951,0.595521418210687,0.457641530098148,0.730719201994437,NA,"sintetico_postestratificado",FALSE,0.273077671896289,"26","071","Benito Juárez"
1952,0.58084626305243,0.434482344001203,0.711435448501721,NA,"sintetico_postestratificado",FALSE,0.276953104500518,"26","004","Altar"
1953,0.57247861498491,0.431228070909273,0.70579155413986,NA,"sintetico_postestratificado",FALSE,0.274563483230587,"26","063","Tepache"
1954,0.608502917348825,0.468575954988213,0.735834661249221,NA,"sintetico_postestratificado",FALSE,0.267258706261008,"26","028","Granados"
1955,0.507246077033682,0.358213183653617,0.643860620664449,9,"muestra_directa",TRUE,0.285647437010832,"26","048","Puerto Peñasco"
1956,0.596700949078856,0.437366872011432,0.734817302175371,NA,"sintetico_postestratificado",FALSE,0.297450430163939,"26","017","Caborca"
1957,0.600989569642799,0.460538983061981,0.727173080948139,NA,"sintetico_postestratificado",FALSE,0.266634097886159,"26","012","Bácum"
1958,0.531669255824067,0.381904777150382,0.678192578034929,NA,"sintetico_postestratificado",FALSE,0.296287800884546,"26","044","Ónavas"
1959,0.592672449473527,0.447885376356483,0.722725886748496,NA,"sintetico_postestratificado",FALSE,0.274840510392014,"26","036","Magdalena"
1960,0.574660539755226,0.430795451362826,0.715286526613665,NA,"sintetico_postestratificado",FALSE,0.284491075250839,"26","013","Banámichi"
1961,0.585504303805748,0.439752552222554,0.713359134012298,NA,"sintetico_postestratificado",FALSE,0.273606581789744,"26","010","Bacerac"
1962,0.576824836633428,0.43564533575516,0.708064170201594,NA,"sintetico_postestratificado",FALSE,0.272418834446434,"26","050","Rayón"
1963,0.633683170914832,0.484870139907674,0.763746485804677,NA,"sintetico_postestratificado",FALSE,0.278876345897003,"26","072","San Ignacio Río Muerto"
1964,0.611010182185175,0.472373134902215,0.737629221740884,NA,"sintetico_postestratificado",FALSE,0.265256086838669,"26","061","Soyopa"
1965,0.53543653083354,0.396100369873184,0.676258771748389,NA,"sintetico_postestratificado",FALSE,0.280158401875204,"26","011","Bacoachi"
1966,0.590254830824554,0.470204771926028,0.703540774157265,21,"muestra_directa",FALSE,0.233336002231237,"26","018","Cajeme"
1967,0.564758468497821,0.457668395480602,0.67092942228969,27,"muestra_directa",FALSE,0.213261026809088,"26","047","Pitiquito"
1968,0.583340377952368,0.439724809923218,0.706546306810375,4,"muestra_directa",TRUE,0.266821496887156,"26","019","Cananea"
1969,0.583075105423987,0.444301192690238,0.720845560291666,NA,"sintetico_postestratificado",FALSE,0.276544367601429,"26","020","Carbó"
1970,0.582860784778124,0.426773095498115,0.723307742926691,NA,"sintetico_postestratificado",FALSE,0.296534647428576,"26","053","San Felipe de Jesús"
1971,0.518876721242838,0.377998397543422,0.654731407957772,10,"muestra_directa",FALSE,0.27673301041435,"26","042","Navojoa"
1972,0.567745056017566,0.413436610797749,0.713196225161344,NA,"sintetico_postestratificado",FALSE,0.299759614363595,"26","008","Bacadéhuachi"
1973,0.584108700942915,0.432064846482968,0.723648996745689,NA,"sintetico_postestratificado",FALSE,0.291584150262722,"26","060","Sáric"
1974,0.623808705972774,0.483735303649239,0.756875494683602,NA,"sintetico_postestratificado",FALSE,0.273140191034363,"26","039","Naco"
1975,0.614235975213749,0.469250182972866,0.746197139193265,NA,"sintetico_postestratificado",FALSE,0.2769469562204,"26","059","Santa Cruz"
1976,0.581897552561716,0.437151273040774,0.708903586329987,NA,"sintetico_postestratificado",FALSE,0.271752313289213,"26","040","Nácori Chico"
1977,0.534440751288783,0.387005404036934,0.676458615943989,NA,"sintetico_postestratificado",FALSE,0.289453211907056,"26","067","Villa Hidalgo"
1978,0.562646511115234,0.424048495452824,0.706339835949412,NA,"sintetico_postestratificado",FALSE,0.282291340496588,"26","065","Tubutama"
1979,0.59454590269736,0.44153821601057,0.722062722060983,NA,"sintetico_postestratificado",FALSE,0.280524506050414,"26","007","Atil"
1980,0.557058730630125,0.418637551394723,0.693917563466061,NA,"sintetico_postestratificado",FALSE,0.275280012071338,"26","045","Opodepe"
1981,0.597284955316303,0.452255569861109,0.729187284403061,NA,"sintetico_postestratificado",FALSE,0.276931714541952,"26","054","San Javier"
1982,0.560451629938144,0.409131876058535,0.700602389724057,NA,"sintetico_postestratificado",FALSE,0.291470513665523,"26","058","Santa Ana"
1983,0.577228021203521,0.465806703519114,0.684060582110321,25,"muestra_directa",FALSE,0.218253878591207,"27","006","Cunduacán"
1984,0.574997916557722,0.434917770539215,0.706534416777669,4,"muestra_directa",TRUE,0.271616646238454,"27","001","Balancán"
1985,0.526383360320268,0.397122305657319,0.651270915738913,5,"muestra_directa",TRUE,0.254148610081593,"27","016","Teapa"
1986,0.598348097664715,0.454694220109762,0.738255868976431,NA,"sintetico_postestratificado",FALSE,0.283561648866669,"27","015","Tacotalpa"
1987,0.586572900438555,0.44391485964365,0.719429356095879,NA,"sintetico_postestratificado",FALSE,0.275514496452228,"27","014","Paraíso"
1988,0.568193812182279,0.446993722350535,0.690053082953783,13,"muestra_directa",FALSE,0.243059360603249,"27","012","Macuspana"
1989,0.607044535013337,0.499388722793846,0.709531832840713,36,"muestra_directa",FALSE,0.210143110046867,"27","002","Cárdenas"
1990,0.560030585945513,0.431542739133463,0.689393195370503,NA,"sintetico_postestratificado",FALSE,0.25785045623704,"27","003","Centla"
1991,0.595684086686258,0.492273240590765,0.684677269357543,47,"muestra_directa",FALSE,0.192404028766778,"27","004","Centro"
1992,0.582596771440162,0.46562500858974,0.689739590607262,27,"muestra_directa",FALSE,0.224114582017521,"27","005","Comalcalco"
1993,0.596308727375104,0.470415378417642,0.71284757052182,15,"muestra_directa",FALSE,0.242432192104178,"27","007","Emiliano Zapata"
1994,0.633631354656564,0.518205282262077,0.739340531112549,26,"muestra_directa",FALSE,0.221135248850472,"27","008","Huimanguillo"
1995,0.609442542604249,0.470282416375104,0.736641120187638,4,"muestra_directa",TRUE,0.266358703812534,"27","009","Jalapa"
1996,0.565469793350504,0.439003576591318,0.692460197153155,9,"muestra_directa",TRUE,0.253456620561838,"27","010","Jalpa de Méndez"
1997,0.595972407670252,0.469560246711987,0.724488606187903,7,"muestra_directa",TRUE,0.254928359475916,"27","011","Jonuta"
1998,0.575010892738053,0.461368025848159,0.676807018217311,26,"muestra_directa",FALSE,0.215438992369152,"27","013","Nacajuca"
1999,0.5879761729712,0.454808417587303,0.717981844445258,1,"muestra_directa",TRUE,0.263173426857955,"27","017","Tenosique"
2000,0.551525138699424,0.454364467229757,0.651631224133898,45,"muestra_directa",FALSE,0.197266756904141,"28","003","Altamira"
2001,0.492181125604439,0.364048247398509,0.61033258310156,24,"muestra_directa",FALSE,0.246284335703051,"28","041","Victoria"
2002,0.579972899331163,0.447682471976699,0.70711186746788,NA,"sintetico_postestratificado",FALSE,0.259429395491181,"28","010","Cruillas"
2003,0.567447383725529,0.413953989452614,0.698567607889748,NA,"sintetico_postestratificado",FALSE,0.284613618437134,"28","024","Mier"
2004,0.561701218080479,0.423499366819694,0.703644245785644,NA,"sintetico_postestratificado",FALSE,0.280144878965951,"28","015","Gustavo Díaz Ordaz"
2005,0.54475153410091,0.399304068457135,0.689324051866034,NA,"sintetico_postestratificado",FALSE,0.290019983408899,"28","025","Miguel Alemán"
2006,0.562022546312007,0.410366187341715,0.705621661466771,NA,"sintetico_postestratificado",FALSE,0.295255474125057,"28","040","Valle Hermoso"
2007,0.548632368022558,0.411485576603478,0.698236333488067,NA,"sintetico_postestratificado",FALSE,0.286750756884589,"28","023","Méndez"
2008,0.582405584436874,0.441172463080231,0.703064568500991,NA,"sintetico_postestratificado",FALSE,0.26189210542076,"28","031","Palmillas"
2009,0.540712247384415,0.415183452600233,0.675651939631073,NA,"sintetico_postestratificado",FALSE,0.260468487030839,"28","039","Tula"
2010,0.592093836886163,0.481219123682784,0.70687888983534,21,"muestra_directa",FALSE,0.225659766152557,"28","038","Tampico"
2011,0.531898317129033,0.397706891875826,0.683185546796972,NA,"sintetico_postestratificado",FALSE,0.285478654921146,"28","037","Soto la Marina"
2012,0.598651284735586,0.463702477488223,0.723569996548951,6,"muestra_directa",TRUE,0.259867519060728,"28","007","Camargo"
2013,0.527678970745012,0.391915858296411,0.657675686821517,NA,"sintetico_postestratificado",FALSE,0.265759828525106,"28","005","Burgos"
2014,0.514645469629836,0.38893715309771,0.643907719085252,16,"muestra_directa",FALSE,0.254970565987541,"28","032","Reynosa"
2015,0.507504920040766,0.373495845458261,0.639015933772911,6,"muestra_directa",TRUE,0.265520088314651,"28","033","Río Bravo"
2016,0.573421339392202,0.449876538635258,0.702673012483168,7,"muestra_directa",TRUE,0.25279647384791,"28","029","Ocampo"
2017,0.576735144982922,0.446774755812223,0.706452842364683,NA,"sintetico_postestratificado",FALSE,0.25967808655246,"28","030","Padilla"
2018,0.610358574608809,0.469590244922437,0.744316185581787,NA,"sintetico_postestratificado",FALSE,0.27472594065935,"28","034","San Carlos"
2019,0.605346256634679,0.47039580816264,0.731965873421824,NA,"sintetico_postestratificado",FALSE,0.261570065259184,"28","035","San Fernando"
2020,0.6351530381119,0.527489836364078,0.734089855576953,29,"muestra_directa",FALSE,0.206600019212875,"28","022","Matamoros"
2021,0.609593801433874,0.454747578269411,0.737229720507781,NA,"sintetico_postestratificado",FALSE,0.28248214223837,"28","036","San Nicolás"
2022,0.578106672700143,0.443410414282778,0.71527969896622,NA,"sintetico_postestratificado",FALSE,0.271869284683442,"28","028","Nuevo Morelos"
2023,0.570610704462035,0.437882581556282,0.69758869593721,2,"muestra_directa",TRUE,0.259706114380928,"28","021","El Mante"
2024,0.607103470437548,0.471143478649606,0.733065007456079,NA,"sintetico_postestratificado",FALSE,0.261921528806474,"28","011","Gómez Farías"
2025,0.561522195726353,0.431993284812097,0.68979317167642,NA,"sintetico_postestratificado",FALSE,0.257799886864323,"28","012","González"
2026,0.543455380131007,0.414737334913522,0.661634132557427,16,"muestra_directa",FALSE,0.246896797643904,"28","027","Nuevo Laredo"
2027,0.561309733667204,0.423164593258756,0.69142004743344,NA,"sintetico_postestratificado",FALSE,0.268255454174683,"28","013","Güémez"
2028,0.588844244618404,0.453242079994016,0.711246885906505,NA,"sintetico_postestratificado",FALSE,0.258004805912489,"28","004","Antiguo Morelos"
2029,0.614530847945112,0.481989081403426,0.745290915337706,NA,"sintetico_postestratificado",FALSE,0.26330183393428,"28","006","Bustamante"
2030,0.554896183146324,0.424589278406991,0.679230898630253,3,"muestra_directa",TRUE,0.254641620223262,"28","016","Hidalgo"
2031,0.585588884618212,0.455355296739136,0.704302191072443,NA,"sintetico_postestratificado",FALSE,0.248946894333307,"28","019","Llera"
2032,0.505815464080025,0.376202965187234,0.623716669562132,13,"muestra_directa",FALSE,0.247513704374898,"28","017","Jaumave"
2033,0.568295217019576,0.425760365852928,0.698933921310023,NA,"sintetico_postestratificado",FALSE,0.273173555457095,"28","020","Mainero"
2034,0.496114198841307,0.36355521288929,0.634920851702968,NA,"sintetico_postestratificado",FALSE,0.271365638813678,"28","008","Casas"
2035,0.584850494940036,0.435146196803253,0.714928298100239,NA,"sintetico_postestratificado",FALSE,0.279782101296986,"28","043","Xicoténcatl"
2036,0.528912408401043,0.384291480898023,0.66736585929072,NA,"sintetico_postestratificado",FALSE,0.283074378392697,"28","042","Villagrán"
2037,0.558980432273819,0.418192918253807,0.694502282539366,NA,"sintetico_postestratificado",FALSE,0.276309364285559,"28","014","Guerrero"
2038,0.599147794043823,0.464777829764038,0.715441338977172,9,"muestra_directa",TRUE,0.250663509213134,"28","009","Ciudad Madero"
2039,0.564805169792298,0.430703345053088,0.692673479958271,NA,"sintetico_postestratificado",FALSE,0.261970134905182,"28","026","Miquihuana"
2040,0.586984935498441,0.453138785354807,0.714055327742619,NA,"sintetico_postestratificado",FALSE,0.260916542387812,"28","001","Abasolo"
2041,0.582060328757615,0.440159140116914,0.723154921513094,NA,"sintetico_postestratificado",FALSE,0.28299578139618,"28","002","Aldama"
2042,0.619871020362897,0.494560971785443,0.729572812807907,10,"muestra_directa",FALSE,0.235011841022464,"28","018","Jiménez"
2043,0.612086831409024,0.465771825709156,0.734325247870179,4,"muestra_directa",TRUE,0.268553422161023,"29","019","Tepetitla de Lardizábal"
2044,0.601399594878423,0.46846788522588,0.725181521628081,NA,"sintetico_postestratificado",FALSE,0.256713636402201,"29","045","Benito Juárez"
2045,0.573151821429002,0.432599071946174,0.701758941673255,NA,"sintetico_postestratificado",FALSE,0.269159869727081,"29","047","Lázaro Cárdenas"
2046,0.547340699105844,0.431360738083147,0.674700922652502,15,"muestra_directa",FALSE,0.243340184569355,"29","033","Tlaxcala"
2047,0.577509765806518,0.436860322042994,0.719449292252408,NA,"sintetico_postestratificado",FALSE,0.282588970209414,"29","059","Santa Cruz Quilehtla"
2048,0.588798764151708,0.464351874062794,0.711277483067963,3,"muestra_directa",TRUE,0.246925609005169,"29","004","Atltzayanca"
2049,0.535843388450899,0.398696244332115,0.680018740819118,NA,"sintetico_postestratificado",FALSE,0.281322496487003,"29","054","San Lorenzo Axocomanitla"
2050,0.52411708940965,0.383727936310867,0.654792830825599,NA,"sintetico_postestratificado",FALSE,0.271064894514732,"29","042","Xicohtzinco"
2051,0.534512645212262,0.407671872170062,0.662888599511121,5,"muestra_directa",TRUE,0.255216727341059,"29","044","Zacatelco"
2052,0.565694769239243,0.417197968890891,0.688642566804599,NA,"sintetico_postestratificado",FALSE,0.271444597913708,"29","053","San Juan Huactzinco"
2053,0.579632410084908,0.440335439900221,0.720330681391859,NA,"sintetico_postestratificado",FALSE,0.279995241491639,"29","008","Cuapiaxtla"
2054,0.572224527889862,0.432098535064621,0.696548091682065,NA,"sintetico_postestratificado",FALSE,0.264449556617444,"29","029","Tepeyanco"
2055,0.589325764714924,0.443103164112178,0.717212354638529,NA,"sintetico_postestratificado",FALSE,0.274109190526351,"29","046","Emiliano Zapata"
2056,0.583996207312221,0.450832300066461,0.707062466209715,6,"muestra_directa",TRUE,0.256230166143255,"29","025","San Pablo del Monte"
2057,0.58823463800275,0.467859333050605,0.705582738669222,8,"muestra_directa",TRUE,0.237723405618618,"29","058","Santa Catarina Ayometla"
2058,0.534535756880685,0.412878025359124,0.646687294860531,13,"muestra_directa",FALSE,0.233809269501408,"29","014","Hueyotlipan"
2059,0.587296056173042,0.464366726702594,0.696306731542642,5,"muestra_directa",TRUE,0.231940004840047,"29","028","Teolocholco"
2060,0.507946571261468,0.377679909818136,0.6447507337445,NA,"sintetico_postestratificado",FALSE,0.267070823926364,"29","040","Xaltocan"
2061,0.53517977910165,0.393145999934858,0.678541963323806,NA,"sintetico_postestratificado",FALSE,0.285395963388948,"29","060","Santa Isabel Xiloxoxtla"
2062,0.561669974627624,0.431520991390873,0.691004279177889,9,"muestra_directa",TRUE,0.259483287787016,"29","015","Ixtacuixtla de Mariano Matamoros"
2063,0.531754059785366,0.391111451006612,0.671903278979228,NA,"sintetico_postestratificado",FALSE,0.280791827972616,"29","057","Santa Apolonia Teacalco"
2064,0.554458465523439,0.409462097460482,0.694436675226327,NA,"sintetico_postestratificado",FALSE,0.284974577765845,"29","056","Santa Ana Nopalucan"
2065,0.556812151254209,0.412707180519678,0.687617581027779,NA,"sintetico_postestratificado",FALSE,0.274910400508101,"29","051","San Jerónimo Zacualpan"
2066,0.562210105166639,0.432697907717241,0.689106627253829,3,"muestra_directa",TRUE,0.256408719536588,"29","041","Papalotla de Xicohténcatl"
2067,0.575852536295237,0.433218958261386,0.697755581797829,6,"muestra_directa",TRUE,0.264536623536443,"29","038","Tzompantepec"
2068,0.551246843521446,0.430501554482606,0.665896474239288,8,"muestra_directa",TRUE,0.235394919756681,"29","023","Natívitas"
2069,0.557948298139244,0.420933216519633,0.68175428946457,NA,"sintetico_postestratificado",FALSE,0.260821072944937,"29","020","Sanctórum de Lázaro Cárdenas"
2070,0.542683025608511,0.398095465275449,0.68848722031299,NA,"sintetico_postestratificado",FALSE,0.290391755037541,"29","017","Mazatecochco de José María Morelos"
2071,0.593179320825797,0.465969292663772,0.720894772795012,NA,"sintetico_postestratificado",FALSE,0.25492548013124,"29","022","Acuamanala de Miguel Hidalgo"
2072,0.586284566487157,0.458462334021696,0.708023309131652,4,"muestra_directa",TRUE,0.249560975109956,"29","001","Amaxac de Guerrero"
2073,0.550917261583347,0.417805707132939,0.685581343054019,3,"muestra_directa",TRUE,0.26777563592108,"29","006","Calpulalpan"
2074,0.567862171093302,0.426495522865932,0.693722788680612,NA,"sintetico_postestratificado",FALSE,0.26722726581468,"29","016","Ixtenco"
2075,0.591630503159824,0.461087021934762,0.717444704133553,NA,"sintetico_postestratificado",FALSE,0.256357682198791,"29","049","San Damián Texóloc"
2076,0.558364366805679,0.43943168428908,0.67763914493681,15,"muestra_directa",FALSE,0.238207460647729,"29","043","Yauhquemehcan"
2077,0.578821911602304,0.474303525249831,0.685549016316003,19,"muestra_directa",FALSE,0.211245491066171,"29","013","Huamantla"
2078,0.531934826623465,0.396819248574226,0.657170688681205,8,"muestra_directa",TRUE,0.260351440106979,"29","002","Apetatitlán de Antonio Carvajal"
2079,0.614845100450371,0.478301815894229,0.741155073416902,2,"muestra_directa",TRUE,0.262853257522673,"29","005","Apizaco"
2080,0.553482275951287,0.426951128351894,0.670457819981836,7,"muestra_directa",TRUE,0.243506691629942,"29","018","Contla de Juan Cuamatzi"
2081,0.569615318026127,0.438798049486818,0.70385842259881,1,"muestra_directa",TRUE,0.265060373111992,"29","003","Atlangatepec"
2082,0.58195859653771,0.445870429011631,0.717926418608156,NA,"sintetico_postestratificado",FALSE,0.272055989596525,"29","011","Muñoz de Domingo Arenas"
2083,0.575973747033377,0.437833417131834,0.707390321269671,NA,"sintetico_postestratificado",FALSE,0.269556904137837,"29","009","Cuaxomulco"
2084,0.564586315209805,0.428544157448539,0.699114569973444,1,"muestra_directa",TRUE,0.270570412524905,"29","010","Chiautempan"
2085,0.566068482871256,0.439710228783401,0.691583679669055,8,"muestra_directa",TRUE,0.251873450885653,"29","007","El Carmen Tequexquitla"
2086,0.576674887225819,0.431834795216443,0.705122141203746,NA,"sintetico_postestratificado",FALSE,0.273287345987303,"29","021","Nanacamilpa de Mariano Arista"
2087,0.606555374476152,0.481026749151838,0.726881757427883,NA,"sintetico_postestratificado",FALSE,0.245855008276045,"29","012","Españita"
2088,0.648622643775468,0.531144546075235,0.76269322401963,11,"muestra_directa",FALSE,0.231548677944394,"29","031","Tetla de la Solidaridad"
2089,0.60145782456312,0.477941730642069,0.70848398495557,6,"muestra_directa",TRUE,0.230542254313501,"29","032","Tetlatlahuca"
2090,0.526564147991359,0.390296896532604,0.66141105453451,NA,"sintetico_postestratificado",FALSE,0.271114158001906,"29","034","Tlaxco"
2091,0.551371894406915,0.416972163024224,0.683302233014425,1,"muestra_directa",TRUE,0.266330069990201,"29","035","Tocatlán"
2092,0.571246173414499,0.429823466217033,0.719634840730512,NA,"sintetico_postestratificado",FALSE,0.289811374513479,"29","030","Terrenate"
2093,0.562936662719123,0.423855119102527,0.692790262986566,NA,"sintetico_postestratificado",FALSE,0.26893514388404,"29","026","Santa Cruz Tlaxcala"
2094,0.535581918524345,0.403297833640437,0.662455245110138,NA,"sintetico_postestratificado",FALSE,0.259157411469701,"29","050","San Francisco Tetlanohcan"
2095,0.544702148636025,0.401163643302254,0.674070861633845,NA,"sintetico_postestratificado",FALSE,0.272907218331591,"29","052","San José Teacalco"
2096,0.539025936666345,0.385944234532666,0.674303650449091,3,"muestra_directa",TRUE,0.288359415916425,"29","027","Tenancingo"
2097,0.584357148036861,0.434358585850472,0.71243941922177,NA,"sintetico_postestratificado",FALSE,0.278080833371298,"29","055","San Lucas Tecopilco"
2098,0.554470971892167,0.421383608941987,0.677421485493755,NA,"sintetico_postestratificado",FALSE,0.256037876551768,"29","024","Panotla"
2099,0.566978319075471,0.429739534539826,0.689243789326381,NA,"sintetico_postestratificado",FALSE,0.259504254786555,"29","037","Ziltlaltépec de Trinidad Sánchez Santos"
2101,0.526326612140116,0.385820363961329,0.66366588042634,2,"muestra_directa",TRUE,0.277845516465011,"29","039","Xaloztoc"
2102,0.570764606379311,0.430523411176556,0.693918666797978,NA,"sintetico_postestratificado",FALSE,0.263395255621423,"29","036","Totolac"
2103,0.523554613473981,0.386314248619108,0.672805164101874,NA,"sintetico_postestratificado",FALSE,0.286490915482766,"30","162","Tenampa"
2104,0.475540080236974,0.343033480514585,0.617282655385334,NA,"sintetico_postestratificado",FALSE,0.274249174870748,"30","169","José Azueta"
2105,0.54832716617536,0.401705396667528,0.683154865666967,NA,"sintetico_postestratificado",FALSE,0.28144946899944,"30","185","Tlilapan"
2106,0.584208270730069,0.441047938816818,0.712629761422895,NA,"sintetico_postestratificado",FALSE,0.271581822606077,"30","187","Tonayán"
2107,0.582599189882795,0.445846365017835,0.709873259304823,NA,"sintetico_postestratificado",FALSE,0.264026894286988,"30","188","Totutla"
2108,0.520857281730481,0.371537262609851,0.654409944298056,NA,"sintetico_postestratificado",FALSE,0.282872681688205,"30","189","Tuxpan"
2109,0.552900389160136,0.413483782064297,0.684547703971447,NA,"sintetico_postestratificado",FALSE,0.27106392190715,"30","190","Tuxtilla"
2110,0.536399882264158,0.397309900249854,0.677792102256059,NA,"sintetico_postestratificado",FALSE,0.280482202006205,"30","078","Ixcatepec"
2111,0.557371511310933,0.420659887037639,0.695255281842131,NA,"sintetico_postestratificado",FALSE,0.274595394804492,"30","191","Ursulo Galván"
2112,0.533053042935262,0.404583488893283,0.655106143836531,7,"muestra_directa",TRUE,0.250522654943249,"30","079","Ixhuacán de los Reyes"
2113,0.644591267451295,0.527532167933442,0.764177213566512,7,"muestra_directa",TRUE,0.23664504563307,"30","192","Vega de Alatorre"
2114,0.607492096804036,0.474700221751864,0.729098155213087,NA,"sintetico_postestratificado",FALSE,0.254397933461224,"30","194","Villa Aldama"
2115,0.612676070387844,0.478356646172637,0.744326194869924,NA,"sintetico_postestratificado",FALSE,0.265969548697287,"30","031","Carrillo Puerto"
2116,0.589146298557455,0.444846337449285,0.719446902471623,NA,"sintetico_postestratificado",FALSE,0.274600565022339,"30","195","Xoxocotla"
2117,0.558869442458945,0.403980741888158,0.708196649330144,NA,"sintetico_postestratificado",FALSE,0.304215907441986,"30","199","Zaragoza"
2118,0.61734306860886,0.480895122052576,0.737228172669424,2,"muestra_directa",TRUE,0.256333050616848,"30","206","Nanchital de Lázaro Cárdenas del Río"
2119,0.558692192535554,0.418891249015076,0.697059573225791,NA,"sintetico_postestratificado",FALSE,0.278168324210715,"30","210","Uxpanapa"
2120,0.492421425035371,0.342025809217778,0.633316870025117,NA,"sintetico_postestratificado",FALSE,0.291291060807339,"30","211","San Rafael"
2121,0.570847024532592,0.421364308406231,0.712301069545855,NA,"sintetico_postestratificado",FALSE,0.290936761139625,"30","212","Santiago Sochiapan"
2122,0.51594768147484,0.378132888360718,0.657447452823101,NA,"sintetico_postestratificado",FALSE,0.279314564462384,"30","103","Mecatlán"
2123,0.525355347111521,0.396564761705944,0.648746362668083,8,"muestra_directa",TRUE,0.252181600962139,"30","141","San Andrés Tuxtla"
2124,0.52118879252294,0.373694067845902,0.670279790810286,NA,"sintetico_postestratificado",FALSE,0.296585722964384,"30","140","San Andrés Tenejapan"
2125,0.496358332818266,0.357001654359693,0.629121176115603,NA,"sintetico_postestratificado",FALSE,0.27211952175591,"30","138","Río Blanco"
2126,0.513717184042571,0.373049000190176,0.651620990152231,NA,"sintetico_postestratificado",FALSE,0.278571989962055,"30","136","Rafael Lucio"
2127,0.546774057305707,0.411415408177755,0.677688108819925,3,"muestra_directa",TRUE,0.26627270064217,"30","131","Poza Rica de Hidalgo"
2128,0.593595640909929,0.450293410163066,0.722265694312315,NA,"sintetico_postestratificado",FALSE,0.271972284149249,"30","116","Oluta"
2129,0.524612240705259,0.395110545646469,0.656663746237141,NA,"sintetico_postestratificado",FALSE,0.261553200590671,"30","109","Misantla"
2130,0.554264411714379,0.423425224107593,0.684092185106165,NA,"sintetico_postestratificado",FALSE,0.260666960998572,"30","107","Las Minas"
2131,0.525376323793586,0.390321660239289,0.661429368854234,NA,"sintetico_postestratificado",FALSE,0.271107708614945,"30","203","Zozocolco de Hidalgo"
2132,0.529728177234825,0.380940542924057,0.673078108890329,NA,"sintetico_postestratificado",FALSE,0.292137565966272,"30","205","El Higo"
2133,0.536559613234071,0.391201020285492,0.667194549160297,NA,"sintetico_postestratificado",FALSE,0.275993528874805,"30","071","Huatusco"
2134,0.537964687287408,0.393666244766718,0.666131271263683,4,"muestra_directa",TRUE,0.272465026496964,"30","069","Gutiérrez Zamora"
2135,0.507521205590848,0.356288715187254,0.652487417538179,NA,"sintetico_postestratificado",FALSE,0.296198702350926,"30","098","Magdalena"
2136,0.520747916602583,0.383921039082944,0.661464663175131,NA,"sintetico_postestratificado",FALSE,0.277543624092187,"30","075","Ignacio de la Llave"
2137,0.51396728702026,0.377994984335557,0.654992273212814,NA,"sintetico_postestratificado",FALSE,0.276997288877256,"30","074","Huiloapan de Cuauhtémoc"
2138,0.55380749620465,0.410805971187762,0.690934453295883,NA,"sintetico_postestratificado",FALSE,0.280128482108121,"30","073","Hueyapan de Ocampo"
2139,0.596835132030272,0.454552252126395,0.726098322055798,NA,"sintetico_postestratificado",FALSE,0.271546069929403,"30","072","Huayacocotla"
2140,0.580400191615149,0.436350350279558,0.716720445218279,NA,"sintetico_postestratificado",FALSE,0.280370094938721,"30","149","Soteapan"
2141,0.571128729219037,0.424968579062483,0.697746138745307,NA,"sintetico_postestratificado",FALSE,0.272777559682825,"30","150","Tamalín"
2142,0.544814477833524,0.415165671254672,0.678656434474266,NA,"sintetico_postestratificado",FALSE,0.263490763219594,"30","148","Soledad de Doblado"
2143,0.505112792442644,0.368062371570712,0.641077742196233,NA,"sintetico_postestratificado",FALSE,0.273015370625522,"30","147","Soledad Atzompa"
2144,0.575315706181347,0.426655339838029,0.719965676586048,NA,"sintetico_postestratificado",FALSE,0.293310336748019,"30","146","Sochiapa"
2145,0.562333584607829,0.419752538866071,0.694206443507688,NA,"sintetico_postestratificado",FALSE,0.274453904641617,"30","145","Soconusco"
2146,0.561249996576165,0.42721042814324,0.691804286145103,NA,"sintetico_postestratificado",FALSE,0.264593858001864,"30","004","Actopan"
2147,0.50500296446907,0.374629035148801,0.645947921474359,NA,"sintetico_postestratificado",FALSE,0.271318886325558,"30","070","Hidalgotitlán"
2148,0.52005980245963,0.376428687370516,0.657776965361275,NA,"sintetico_postestratificado",FALSE,0.281348277990759,"30","068","Fortín"
2149,0.597851252897752,0.456012450522118,0.727357608873319,NA,"sintetico_postestratificado",FALSE,0.2713451583512,"30","067","Filomeno Mata"
2150,0.545406694307969,0.417116764140716,0.678288006180772,NA,"sintetico_postestratificado",FALSE,0.261171242040055,"30","066","Espinal"
2151,0.519287796858046,0.376585758788886,0.645245436108434,NA,"sintetico_postestratificado",FALSE,0.268659677319549,"30","065","Emiliano Zapata"
2152,0.551282810946787,0.401909405816078,0.696553200968347,NA,"sintetico_postestratificado",FALSE,0.294643795152269,"30","064","Chumatlán"
2153,0.560315258004577,0.43240970981515,0.687545601871769,NA,"sintetico_postestratificado",FALSE,0.255135892056619,"30","173","Tezonapa"
2154,0.583910771544957,0.45487761227782,0.718101705862734,NA,"sintetico_postestratificado",FALSE,0.263224093584914,"30","209","Tatahuicapan de Juárez"
2155,0.534654807216046,0.415075378051379,0.642510828372489,19,"muestra_directa",FALSE,0.22743545032111,"30","032","Catemaco"
2156,0.537064770687513,0.402377583626737,0.67319499724132,NA,"sintetico_postestratificado",FALSE,0.270817413614583,"30","040","Coatzintla"
2157,0.507487436465354,0.371355783850369,0.641923490870553,2,"muestra_directa",TRUE,0.270567707020184,"30","039","Coatzacoalcos"
2158,0.540669671772143,0.400653695752627,0.681641531646779,NA,"sintetico_postestratificado",FALSE,0.280987835894152,"30","038","Coatepec"
2159,0.56003661025974,0.426117438870094,0.697540048079226,NA,"sintetico_postestratificado",FALSE,0.271422609209133,"30","037","Coahuitlán"
2160,0.562561377171339,0.415388544960807,0.698683680322499,NA,"sintetico_postestratificado",FALSE,0.283295135361692,"30","036","Coacoatzintla"
2161,0.536703265994188,0.393397869500854,0.673262018017477,NA,"sintetico_postestratificado",FALSE,0.279864148516624,"30","035","Citlaltépetl"
2162,0.543761554521786,0.397156885399575,0.675576459180067,NA,"sintetico_postestratificado",FALSE,0.278419573780492,"30","034","Cerro Azul"
2163,0.525345289924604,0.396008489315967,0.654108848706097,6,"muestra_directa",TRUE,0.25810035939013,"30","033","Cazones de Herrera"
2164,0.61472907701653,0.467295663927996,0.749567311428745,NA,"sintetico_postestratificado",FALSE,0.282271647500749,"30","030","Camerino Z. Mendoza"
2165,0.521546410094177,0.391140655627061,0.651692561060529,NA,"sintetico_postestratificado",FALSE,0.260551905433468,"30","029","Calcahualco"
2166,0.557001979589707,0.413068562047466,0.694991247539938,5,"muestra_directa",TRUE,0.281922685492473,"30","028","Boca del Río"
2167,0.576819397922335,0.433015728218966,0.709182699475174,NA,"sintetico_postestratificado",FALSE,0.276166971256208,"30","027","Benito Juárez"
2168,0.57621005201712,0.443942156342026,0.706089680246088,2,"muestra_directa",TRUE,0.262147523904062,"30","026","Banderilla"
2169,0.54172667678945,0.409713075034736,0.674101694609498,6,"muestra_directa",TRUE,0.264388619574762,"30","025","Ayahualulco"
2170,0.51871214458083,0.382050952559629,0.659300010352279,NA,"sintetico_postestratificado",FALSE,0.27724905779265,"30","024","Tlaltetela"
2171,0.532244356305944,0.398180157211362,0.66330686212502,NA,"sintetico_postestratificado",FALSE,0.265126704913659,"30","023","Atzalan"
2172,0.509719804572038,0.370999600753811,0.650128201298833,NA,"sintetico_postestratificado",FALSE,0.279128600545021,"30","022","Atzacan"
2173,0.548384493074743,0.412429047425639,0.679839271108268,NA,"sintetico_postestratificado",FALSE,0.267410223682629,"30","168","Tequila"
2174,0.601062299132293,0.465943286637876,0.727034700337939,NA,"sintetico_postestratificado",FALSE,0.261091413700063,"30","166","Tepetlán"
2175,0.539920896661545,0.411664776951214,0.672113392768302,NA,"sintetico_postestratificado",FALSE,0.260448615817088,"30","165","Tepatlaxco"
2176,0.518609555471134,0.377863558131101,0.650835437270444,NA,"sintetico_postestratificado",FALSE,0.272971879139344,"30","164","Teocelo"
2177,0.525148192259959,0.386461761879008,0.656213975875049,NA,"sintetico_postestratificado",FALSE,0.269752213996042,"30","126","Paso de Ovejas"
2178,0.529141974697043,0.399214415454476,0.6672232424327,NA,"sintetico_postestratificado",FALSE,0.268008826978224,"30","050","Coxquihui"
2179,0.518733104047894,0.382985709120305,0.661183819632074,NA,"sintetico_postestratificado",FALSE,0.278198110511769,"30","046","Cosautlán de Carvajal"
2180,0.520979856648995,0.389475423107325,0.663569354454673,NA,"sintetico_postestratificado",FALSE,0.274093931347348,"30","021","Atoyac"
2181,0.553814496492839,0.419695848401405,0.685887487645633,NA,"sintetico_postestratificado",FALSE,0.266191639244228,"30","128","Perote"
2182,0.542542266698198,0.397591285454782,0.67325315546006,NA,"sintetico_postestratificado",FALSE,0.275661870005277,"30","020","Atlahuilco"
2183,0.532426518293023,0.396000595027755,0.661016046139493,NA,"sintetico_postestratificado",FALSE,0.265015451111738,"30","101","Mariano Escobedo"
2184,0.473869947256445,0.331177008691399,0.615961979866214,NA,"sintetico_postestratificado",FALSE,0.284784971174815,"30","018","Aquila"
2185,0.577442750579771,0.432458541113594,0.718478644336869,NA,"sintetico_postestratificado",FALSE,0.286020103223275,"30","009","Alto Lucero de Gutiérrez Barrios"
2186,0.580807954347899,0.446913202317461,0.712648763817022,NA,"sintetico_postestratificado",FALSE,0.265735561499561,"30","112","Naolinco"
2187,0.54488520977502,0.404934925598396,0.67674591251078,5,"muestra_directa",TRUE,0.271810986912384,"30","008","Alpatláhuac"
2188,0.585691102936627,0.429065948439641,0.721569882796739,NA,"sintetico_postestratificado",FALSE,0.292503934357098,"30","007","Camarón de Tejeda"
2189,0.587710611870281,0.454314623533705,0.719240228998413,NA,"sintetico_postestratificado",FALSE,0.264925605464709,"30","006","Acultzingo"
2190,0.546298692182394,0.405384530940866,0.687497329741371,NA,"sintetico_postestratificado",FALSE,0.282112798800504,"30","111","Moloacán"
2191,0.561570649860417,0.426717800096194,0.689368192752213,NA,"sintetico_postestratificado",FALSE,0.262650392656019,"30","110","Mixtla de Altamirano"
2192,0.567391182624123,0.433715121862122,0.701421125002081,NA,"sintetico_postestratificado",FALSE,0.267706003139959,"30","005","Acula"
2193,0.571426945124971,0.432873415262292,0.704402085661428,NA,"sintetico_postestratificado",FALSE,0.271528670399136,"30","051","Coyutla"
2194,0.55288271985535,0.411745763604094,0.674353836316188,NA,"sintetico_postestratificado",FALSE,0.262608072712094,"30","045","Cosamaloapan de Carpio"
2195,0.556885519383522,0.408678354839107,0.685736940952741,NA,"sintetico_postestratificado",FALSE,0.277058586113635,"30","013","Naranjos Amatlán"
2196,0.554349573864659,0.425720012124034,0.685899374246615,NA,"sintetico_postestratificado",FALSE,0.26017936212258,"30","014","Amatlán de los Reyes"
2197,0.560997726597237,0.421280377256618,0.695654969380737,NA,"sintetico_postestratificado",FALSE,0.274374592124119,"30","002","Acatlán"
2198,0.530359978701158,0.390345855374047,0.659628379631948,NA,"sintetico_postestratificado",FALSE,0.269282524257901,"30","001","Acajete"
2199,0.53199770145335,0.385205102079071,0.670177531163785,NA,"sintetico_postestratificado",FALSE,0.284972429084715,"30","003","Acayucan"
2200,0.595720796426511,0.457334259211508,0.730197883166505,NA,"sintetico_postestratificado",FALSE,0.272863623954997,"30","120","Oteapan"
2201,0.596092101686157,0.462039725101831,0.724316026786528,NA,"sintetico_postestratificado",FALSE,0.262276301684697,"30","127","La Perla"
2202,0.545916968698507,0.417894721885395,0.675467265159421,3,"muestra_directa",TRUE,0.257572543274026,"30","048","Cosoleacaque"
2203,0.569686133426038,0.438468510689309,0.695091158849081,NA,"sintetico_postestratificado",FALSE,0.256622648159772,"30","059","Chinameca"
2204,0.530428379486122,0.391483998456748,0.668201791745777,NA,"sintetico_postestratificado",FALSE,0.276717793289029,"30","100","Manlio Fabio Altamirano"
2205,0.488539418246268,0.360048462383031,0.627769170625404,5,"muestra_directa",TRUE,0.267720708242373,"30","087","Xalapa"
2206,0.519091965838035,0.372494605022484,0.661786973701705,NA,"sintetico_postestratificado",FALSE,0.28929236867922,"30","097","Lerdo de Tejada"
2207,0.552873256044872,0.417277649356412,0.681192052180637,NA,"sintetico_postestratificado",FALSE,0.263914402824225,"30","010","Altotonga"
2208,0.53228738396851,0.399104047425631,0.664552919674436,NA,"sintetico_postestratificado",FALSE,0.265448872248805,"30","108","Minatitlán"
2209,0.577767870677915,0.430513856718126,0.705348979326132,NA,"sintetico_postestratificado",FALSE,0.274835122608006,"30","011","Alvarado"
2210,0.596624599995768,0.469381953623164,0.719726387562926,NA,"sintetico_postestratificado",FALSE,0.250344433939761,"30","012","Amatitlán"
2211,0.580903327345192,0.438636888995237,0.718618868445178,NA,"sintetico_postestratificado",FALSE,0.279981979449941,"30","015","Angel R. Cabada"
2212,0.536429905875181,0.391490945201141,0.677870749260835,NA,"sintetico_postestratificado",FALSE,0.286379804059694,"30","016","La Antigua"
2213,0.549672235084193,0.394916853278012,0.682926566510838,NA,"sintetico_postestratificado",FALSE,0.288009713232826,"30","017","Apazapan"
2214,0.574739079321991,0.453849922702341,0.690991652744208,9,"muestra_directa",TRUE,0.237141730041867,"30","117","Omealca"
2215,0.538942829453483,0.397853598102249,0.662819376400298,NA,"sintetico_postestratificado",FALSE,0.264965778298049,"30","113","Naranjal"
2216,0.592094950008512,0.436578887782702,0.733744288288599,NA,"sintetico_postestratificado",FALSE,0.297165400505897,"30","114","Nautla"
2217,0.543671036457325,0.400853716323487,0.681416101972031,NA,"sintetico_postestratificado",FALSE,0.280562385648545,"30","115","Nogales"
2218,0.534342508079168,0.404550029986543,0.671998159250141,NA,"sintetico_postestratificado",FALSE,0.267448129263598,"30","163","Tenochtitlán"
2219,0.530993898840534,0.390499402822019,0.665801073606281,NA,"sintetico_postestratificado",FALSE,0.275301670784262,"30","019","Astacinga"
2220,0.560745589406276,0.417308757808799,0.701693184456307,NA,"sintetico_postestratificado",FALSE,0.284384426647508,"30","042","Colipa"
2221,0.590378461197324,0.448468502452195,0.721664409186526,NA,"sintetico_postestratificado",FALSE,0.273195906734332,"30","043","Comapa"
2222,0.550420175400947,0.413693892918534,0.681984497616104,3,"muestra_directa",TRUE,0.268290604697569,"30","044","Córdoba"
2223,0.555624606067924,0.42832684197297,0.681918387772214,NA,"sintetico_postestratificado",FALSE,0.253591545799244,"30","047","Coscomatepec"
2224,0.604842265676007,0.468547745090808,0.736186602779032,NA,"sintetico_postestratificado",FALSE,0.267638857688223,"30","049","Cotaxtla"
2225,0.537570584099736,0.400357553091899,0.669543496893591,NA,"sintetico_postestratificado",FALSE,0.269185943801692,"30","052","Cuichapa"
2226,0.570555905857374,0.436418604065285,0.694443523294806,NA,"sintetico_postestratificado",FALSE,0.258024919229521,"30","099","Maltrata"
2227,0.561773993540033,0.436726670579374,0.685452757066021,8,"muestra_directa",TRUE,0.248726086486647,"30","105","Medellín de Bravo"
2228,0.540653023904118,0.408050949654149,0.680032075056373,NA,"sintetico_postestratificado",FALSE,0.271981125402224,"30","184","Tlaquilpa"
2229,0.563953243205338,0.432440679513352,0.691066217519646,4,"muestra_directa",TRUE,0.258625538006294,"30","175","Tihuatlán"
2230,0.530773088820643,0.399214568466138,0.666985644883413,NA,"sintetico_postestratificado",FALSE,0.267771076417275,"30","178","Tlacotalpan"
2231,0.492926482744866,0.345728002580614,0.640719831555898,NA,"sintetico_postestratificado",FALSE,0.294991828975285,"30","180","Tlachichilco"
2232,0.535155789989459,0.399629827159116,0.666928134185056,NA,"sintetico_postestratificado",FALSE,0.26729830702594,"30","137","Los Reyes"
2233,0.552883421068413,0.401452873259911,0.690698449799662,6,"muestra_directa",TRUE,0.289245576539752,"30","196","Yanga"
2234,0.544111031457051,0.399035480288511,0.681729121928456,NA,"sintetico_postestratificado",FALSE,0.282693641639945,"30","197","Yecuatla"
2235,0.524831576221664,0.386798905607139,0.659647938617167,NA,"sintetico_postestratificado",FALSE,0.272849033010028,"30","198","Zacualpan"
2236,0.563111683625293,0.420578932608022,0.695815468474817,NA,"sintetico_postestratificado",FALSE,0.275236535866795,"30","139","Saltabarranca"
2237,0.543524715288273,0.402183890027311,0.672825433465143,NA,"sintetico_postestratificado",FALSE,0.270641543437833,"30","186","Tomatlán"
2238,0.506601509799641,0.363995639367689,0.64626410005739,NA,"sintetico_postestratificado",FALSE,0.282268460689701,"30","200","Zentla"
2239,0.523889742983498,0.377862465627328,0.663910451637342,NA,"sintetico_postestratificado",FALSE,0.286047986010014,"30","202","Zontecomatlán de López y Fuentes"
2240,0.571201784692711,0.436763675244098,0.695426888150692,NA,"sintetico_postestratificado",FALSE,0.258663212906595,"30","204","Agua Dulce"
2241,0.552231699639952,0.419379421776712,0.688710109972277,NA,"sintetico_postestratificado",FALSE,0.269330688195565,"30","207","Tres Valles"
2242,0.551710075533536,0.409799767209659,0.682519636897323,NA,"sintetico_postestratificado",FALSE,0.272719869687664,"30","208","Carlos A. Carrillo"
2243,0.542390941167072,0.425014630513438,0.663640663759255,8,"muestra_directa",TRUE,0.238626033245817,"30","201","Zongolica"
2244,0.561642352511699,0.417186720745468,0.69299096021326,NA,"sintetico_postestratificado",FALSE,0.275804239467792,"30","181","Tlalixcoyan"
2245,0.576924751103291,0.43780471477756,0.70930878659755,NA,"sintetico_postestratificado",FALSE,0.27150407181999,"30","182","Tlalnelhuayocan"
2246,0.541191763312146,0.39453239681588,0.678440715677821,NA,"sintetico_postestratificado",FALSE,0.283908318861941,"30","183","Tlapacoyan"
2247,0.552901113778967,0.409194563047848,0.686456058713848,NA,"sintetico_postestratificado",FALSE,0.277261495666,"30","076","Ilamatlán"
2248,0.549884707922884,0.408030006308598,0.677484535097637,NA,"sintetico_postestratificado",FALSE,0.269454528789039,"30","077","Isla"
2249,0.55537081176379,0.411879714204666,0.683112417311925,NA,"sintetico_postestratificado",FALSE,0.271232703107258,"30","080","Ixhuatlán del Café"
2250,0.543697680122644,0.409207029677556,0.681348444994115,2,"muestra_directa",TRUE,0.272141415316559,"30","081","Ixhuatlancillo"
2251,0.538256628752304,0.390821608330089,0.67957206907514,NA,"sintetico_postestratificado",FALSE,0.288750460745051,"30","082","Ixhuatlán del Sureste"
2252,0.505399410712905,0.360833863623127,0.64575806246081,NA,"sintetico_postestratificado",FALSE,0.284924198837683,"30","083","Ixhuatlán de Madero"
2253,0.526334001428916,0.384330772948385,0.664507925249131,NA,"sintetico_postestratificado",FALSE,0.280177152300746,"30","084","Ixmatlahuacan"
2254,0.50263824051449,0.369616169411011,0.634309240195732,NA,"sintetico_postestratificado",FALSE,0.264693070784721,"30","085","Ixtaczoquitlán"
2255,0.514670148082364,0.374399427171142,0.639712859688668,NA,"sintetico_postestratificado",FALSE,0.265313432517526,"30","086","Jalacingo"
2256,0.523116922460947,0.371802363436086,0.664835841418517,NA,"sintetico_postestratificado",FALSE,0.293033477982432,"30","088","Jalcomulco"
2257,0.557039614488074,0.408524020245891,0.686304449011016,NA,"sintetico_postestratificado",FALSE,0.277780428765124,"30","089","Jáltipan"
2258,0.562619453337324,0.427778829738985,0.703893303638238,NA,"sintetico_postestratificado",FALSE,0.276114473899253,"30","090","Jamapa"
2259,0.510587901054791,0.367943345918213,0.6490534604858,NA,"sintetico_postestratificado",FALSE,0.281110114567587,"30","091","Jesús Carranza"
2260,0.508940856799802,0.368922928183725,0.64767721627739,NA,"sintetico_postestratificado",FALSE,0.278754288093665,"30","092","Xico"
2261,0.514718824535601,0.375761965941563,0.65579105792178,NA,"sintetico_postestratificado",FALSE,0.280029091980217,"30","041","Coetzala"
2262,0.545701820647142,0.411320712389687,0.675127388255724,NA,"sintetico_postestratificado",FALSE,0.263806675866037,"30","053","Cuitláhuac"
2263,0.52861720582753,0.396517401849105,0.661919410323363,NA,"sintetico_postestratificado",FALSE,0.265402008474258,"30","054","Chacaltianguis"
2264,0.492940271803609,0.353453446980562,0.633220020037532,NA,"sintetico_postestratificado",FALSE,0.279766573056969,"30","055","Chalma"
2265,0.541369444634512,0.390940998925187,0.687092542144806,NA,"sintetico_postestratificado",FALSE,0.296151543219618,"30","056","Chiconamel"
2266,0.520878670838827,0.376508845689879,0.648141356606515,NA,"sintetico_postestratificado",FALSE,0.271632510916636,"30","057","Chiconquiaco"
2267,0.495862434421421,0.351185684273019,0.629037519685167,NA,"sintetico_postestratificado",FALSE,0.277851835412148,"30","058","Chicontepec"
2268,0.521737921281816,0.372054046060944,0.660512081101714,NA,"sintetico_postestratificado",FALSE,0.288458035040769,"30","060","Chinampa de Gorostiza"
2269,0.528883184000082,0.390201890366672,0.661986270221755,NA,"sintetico_postestratificado",FALSE,0.271784379855083,"30","061","Las Choapas"
2270,0.517424640109617,0.385027656804941,0.653299329046485,NA,"sintetico_postestratificado",FALSE,0.268271672241544,"30","062","Chocamán"
2271,0.484058844292333,0.348227518035489,0.619304285677095,NA,"sintetico_postestratificado",FALSE,0.271076767641606,"30","063","Chontla"
2272,0.535183441461865,0.402431160405369,0.680692018857746,NA,"sintetico_postestratificado",FALSE,0.278260858452377,"30","093","Jilotepec"
2273,0.512431854270849,0.378104563029395,0.653309528982981,NA,"sintetico_postestratificado",FALSE,0.275204965953586,"30","094","Juan Rodríguez Clara"
2274,0.509363581437318,0.366098731070296,0.647231738848774,NA,"sintetico_postestratificado",FALSE,0.281133007778478,"30","095","Juchique de Ferrer"
2275,0.519186711961119,0.369832627215208,0.662225488476726,NA,"sintetico_postestratificado",FALSE,0.292392861261518,"30","096","Landero y Coss"
2276,0.528505414761374,0.389830118716005,0.660488154575895,NA,"sintetico_postestratificado",FALSE,0.27065803585989,"30","104","Mecayapan"
2277,0.567734231844211,0.433621797858835,0.686117608959597,6,"muestra_directa",TRUE,0.252495811100762,"30","118","Orizaba"
2278,0.547263770327701,0.399579670817636,0.683197991865404,NA,"sintetico_postestratificado",FALSE,0.283618321047768,"30","119","Otatitlán"
2279,0.55052963479398,0.418169444053053,0.676294330017026,NA,"sintetico_postestratificado",FALSE,0.258124885963973,"30","121","Ozuluama de Mascareñas"
2280,0.585786977482084,0.468636908244324,0.702352225954195,18,"muestra_directa",FALSE,0.233715317709871,"30","123","Pánuco"
2281,0.557644721048929,0.431433132620654,0.687089911176314,6,"muestra_directa",TRUE,0.255656778555659,"30","124","Papantla"
2282,0.541256530550807,0.413228807426695,0.673152028268916,NA,"sintetico_postestratificado",FALSE,0.259923220842221,"30","125","Paso del Macho"
2283,0.577447126475906,0.446806178728446,0.716487919587353,NA,"sintetico_postestratificado",FALSE,0.269681740858907,"30","129","Platón Sánchez"
2284,0.561661158494682,0.429619973687562,0.698104230991772,NA,"sintetico_postestratificado",FALSE,0.26848425730421,"30","130","Playa Vicente"
2285,0.568025889126681,0.421127418902231,0.704870120979102,NA,"sintetico_postestratificado",FALSE,0.283742702076871,"30","122","Pajapan"
2286,0.498104767132436,0.356585023692398,0.639794623595168,NA,"sintetico_postestratificado",FALSE,0.28320959990277,"30","132","Las Vigas de Ramírez"
2287,0.543025881917896,0.399696034245669,0.676338853317977,NA,"sintetico_postestratificado",FALSE,0.276642819072309,"30","133","Pueblo Viejo"
2288,0.524193367995241,0.391840520581677,0.657375485122776,4,"muestra_directa",TRUE,0.265534964541098,"30","134","Puente Nacional"
2289,0.546576298528898,0.399639869103118,0.679122223683716,NA,"sintetico_postestratificado",FALSE,0.279482354580598,"30","135","Rafael Delgado"
2290,0.62621212722303,0.479117731472924,0.76210439913912,NA,"sintetico_postestratificado",FALSE,0.282986667666196,"30","106","Miahuatlán"
2291,0.60904736113701,0.484902906271496,0.726983062436749,5,"muestra_directa",TRUE,0.242080156165253,"30","102","Martínez de la Torre"
2292,0.612121731211785,0.461773274750384,0.743510027994192,NA,"sintetico_postestratificado",FALSE,0.281736753243807,"30","170","Texcatepec"
2293,0.554343093056659,0.413694719512896,0.687086174632433,NA,"sintetico_postestratificado",FALSE,0.273391455119537,"30","171","Texhuacán"
2294,0.570846553122621,0.430700990872742,0.715828568215595,NA,"sintetico_postestratificado",FALSE,0.285127577342852,"30","172","Texistepec"
2295,0.592769961019224,0.459448073338158,0.716377859471964,NA,"sintetico_postestratificado",FALSE,0.256929786133806,"30","174","Tierra Blanca"
2296,0.51681378831817,0.374420423202321,0.658715514251825,NA,"sintetico_postestratificado",FALSE,0.284295091049504,"30","176","Tlacojalpan"
2297,0.479902287326627,0.341596377206708,0.609141773553266,NA,"sintetico_postestratificado",FALSE,0.267545396346558,"30","179","Tlacotepec de Mejía"
2298,0.57791694849349,0.457344675249963,0.704129626432014,8,"muestra_directa",TRUE,0.24678495118205,"30","177","Tlacolulan"
2299,0.558258491918563,0.426941257874742,0.682420232380737,8,"muestra_directa",TRUE,0.255478974505995,"30","193","Veracruz"
2300,0.505776343169749,0.366948546062761,0.657360010449976,NA,"sintetico_postestratificado",FALSE,0.290411464387215,"30","143","Santiago Tuxtla"
2301,0.556010589269572,0.420472824210774,0.687722286461026,NA,"sintetico_postestratificado",FALSE,0.267249462250251,"30","144","Sayula de Alemán"
2302,0.533324975531819,0.39460670464271,0.676220380286795,NA,"sintetico_postestratificado",FALSE,0.281613675644085,"30","142","San Juan Evangelista"
2303,0.549257036018222,0.426292342031002,0.668036239271838,11,"muestra_directa",FALSE,0.241743897240837,"30","151","Tamiahua"
2304,0.558653374198963,0.412334609887894,0.68272067283561,NA,"sintetico_postestratificado",FALSE,0.270386062947715,"30","152","Tampico Alto"
2305,0.582830606117879,0.448472059015361,0.708869447810278,NA,"sintetico_postestratificado",FALSE,0.260397388794917,"30","153","Tancoco"
2306,0.574829303314595,0.422272400841624,0.713765128490688,NA,"sintetico_postestratificado",FALSE,0.291492727649064,"30","154","Tantima"
2307,0.574037237637467,0.448336042940786,0.694756933914595,11,"muestra_directa",FALSE,0.246420890973809,"30","155","Tantoyuca"
2308,0.598663924058211,0.456238386312591,0.723128452889882,NA,"sintetico_postestratificado",FALSE,0.266890066577292,"30","156","Tatatila"
2309,0.571575606150891,0.439021673427892,0.689874241034559,NA,"sintetico_postestratificado",FALSE,0.250852567606667,"30","157","Castillo de Teayo"
2310,0.609517698213148,0.469611915732176,0.742058929585541,NA,"sintetico_postestratificado",FALSE,0.272447013853365,"30","158","Tecolutla"
2311,0.495063449646218,0.361948169736875,0.62626852460048,5,"muestra_directa",TRUE,0.264320354863605,"30","159","Tehuipango"
2312,0.530732071002702,0.380003562751832,0.658180926126071,NA,"sintetico_postestratificado",FALSE,0.278177363374239,"30","160","Álamo Temapache"
2313,0.573547967342068,0.433679336593513,0.705579728579174,NA,"sintetico_postestratificado",FALSE,0.271900391985661,"30","161","Tempoal"
2314,0.513746209445366,0.384149969611742,0.630316197006341,20,"muestra_directa",FALSE,0.246166227394599,"30","167","Tepetzintla"
2315,0.509673066266633,0.366598264714009,0.659482309039047,NA,"sintetico_postestratificado",FALSE,0.292884044325039,"31","009","Cansahcab"
2316,0.537289988102838,0.381551391076879,0.682296910216021,NA,"sintetico_postestratificado",FALSE,0.300745519139142,"31","007","Cacalchén"
2317,0.442341207392658,0.304720060151567,0.587711934841817,NA,"sintetico_postestratificado",FALSE,0.28299187469025,"31","019","Chemax"
2318,0.564537784783967,0.439171454676221,0.696077902038743,11,"muestra_directa",FALSE,0.256906447362522,"31","101","Umán"
2319,0.554495934443681,0.404662329632659,0.696148202373806,NA,"sintetico_postestratificado",FALSE,0.291485872741147,"31","106","Yobaín"
2320,0.465596042958335,0.328113833818055,0.614869882777108,NA,"sintetico_postestratificado",FALSE,0.286756048959053,"31","105","Yaxkukul"
2321,0.528787240146209,0.368038785192915,0.681664969938232,NA,"sintetico_postestratificado",FALSE,0.313626184745317,"31","103","Xocchel"
2322,0.479184581118716,0.333513459311739,0.611144705497771,NA,"sintetico_postestratificado",FALSE,0.277631246186031,"31","097","Tunkás"
2323,0.483058823561331,0.333775108916645,0.625285104443524,NA,"sintetico_postestratificado",FALSE,0.291509995526879,"31","095","Tixpéhual"
2324,0.487934016257935,0.346504856555882,0.628329823913589,NA,"sintetico_postestratificado",FALSE,0.281824967357707,"31","081","Tekom"
2325,0.460871419332254,0.322757105131907,0.614088570920916,NA,"sintetico_postestratificado",FALSE,0.291331465789008,"31","090","Timucuy"
2326,0.505012974325836,0.355806852689701,0.654028659492201,NA,"sintetico_postestratificado",FALSE,0.2982218068025,"31","088","Teya"
2327,0.571086049090593,0.4280166838959,0.706394535527428,NA,"sintetico_postestratificado",FALSE,0.278377851631528,"31","087","Tetiz"
2328,0.500410590943355,0.358971355846133,0.63584882382949,NA,"sintetico_postestratificado",FALSE,0.276877467983357,"31","066","Santa Elena"
2329,0.495767935785335,0.341663096937289,0.636334776212531,NA,"sintetico_postestratificado",FALSE,0.294671679275242,"31","086","Tepakán"
2330,0.531169419641676,0.380869137742391,0.674614344578566,NA,"sintetico_postestratificado",FALSE,0.293745206836175,"31","083","Telchac Puerto"
2331,0.457825022902208,0.307368493434065,0.608888671596788,NA,"sintetico_postestratificado",FALSE,0.301520178162723,"31","082","Telchac Pueblo"
2332,0.48137523279796,0.332281006673687,0.619365192594573,NA,"sintetico_postestratificado",FALSE,0.287084185920886,"31","080","Tekit"
2333,0.468694694999529,0.339441546290913,0.609303917601213,9,"muestra_directa",TRUE,0.269862371310299,"31","102","Valladolid"
2334,0.512500946331332,0.367735751569823,0.65878198713031,NA,"sintetico_postestratificado",FALSE,0.291046235560487,"31","071","Sudzal"
2335,0.490263719840278,0.363513795953109,0.637274953894122,3,"muestra_directa",TRUE,0.273761157941013,"31","069","Sotuta"
2336,0.451138119098012,0.298662013625009,0.596137958516489,NA,"sintetico_postestratificado",FALSE,0.29747594489148,"31","078","Tekantó"
2337,0.474547813758644,0.326166321216528,0.634726364655142,NA,"sintetico_postestratificado",FALSE,0.308560043438614,"31","037","Huhí"
2338,0.484726851046855,0.333578807601603,0.630082408299728,NA,"sintetico_postestratificado",FALSE,0.296503600698124,"31","027","Dzidzantún"
2339,0.529802719963285,0.371223587663336,0.671474853344434,NA,"sintetico_postestratificado",FALSE,0.300251265681098,"31","058","Peto"
2340,0.52678913753469,0.383148632072605,0.668497160817184,NA,"sintetico_postestratificado",FALSE,0.285348528744579,"31","055","Opichén"
2341,0.501817457977363,0.359657602901467,0.64036693579937,NA,"sintetico_postestratificado",FALSE,0.280709332897903,"31","036","Homún"
2342,0.463162336522904,0.325677765025347,0.609590273511769,NA,"sintetico_postestratificado",FALSE,0.283912508486422,"31","032","Espita"
2343,0.489613737107008,0.350623810497514,0.626976800149481,NA,"sintetico_postestratificado",FALSE,0.276352989651967,"31","077","Tekal de Venegas"
2344,0.474368401703829,0.323251964587804,0.624197484776696,NA,"sintetico_postestratificado",FALSE,0.300945520188892,"31","074","Tahmek"
2345,0.494064723757639,0.34475097324864,0.631643711146199,NA,"sintetico_postestratificado",FALSE,0.286892737897559,"31","026","Dzemul"
2346,0.517922462222741,0.376571258386595,0.66690789283572,NA,"sintetico_postestratificado",FALSE,0.290336634449125,"31","025","Dzan"
2347,0.515796716842004,0.365164472456319,0.656136913806271,NA,"sintetico_postestratificado",FALSE,0.290972441349952,"31","001","Abalá"
2348,0.496913538248486,0.395454825736517,0.597178720272178,57,"muestra_directa",FALSE,0.201723894535661,"31","050","Mérida"
2349,0.510812131390718,0.378077806055032,0.639022749629717,8,"muestra_directa",TRUE,0.260944943574685,"31","023","Chocholá"
2350,0.479255870563001,0.337939399875185,0.628141181915397,NA,"sintetico_postestratificado",FALSE,0.290201782040212,"31","035","Hoctún"
2351,0.515733621170411,0.374851266630352,0.646989163900661,NA,"sintetico_postestratificado",FALSE,0.272137897270309,"31","034","Hocabá"
2352,0.545936507186402,0.406513706309096,0.681534208466819,NA,"sintetico_postestratificado",FALSE,0.275020502157723,"31","016","Chacsinkín"
2353,0.523382704189245,0.371177708572715,0.671988813681656,NA,"sintetico_postestratificado",FALSE,0.300811105108941,"31","015","Cuzamá"
2354,0.504213637471691,0.355440599466318,0.646094338577068,NA,"sintetico_postestratificado",FALSE,0.29065373911075,"31","013","Conkal"
2355,0.480892791391217,0.341569615131496,0.631169277611311,NA,"sintetico_postestratificado",FALSE,0.289599662479815,"31","049","Mayapán"
2356,0.494648605501255,0.339840965066887,0.634061670796937,NA,"sintetico_postestratificado",FALSE,0.29422070573005,"31","065","San Felipe"
2357,0.452190712767117,0.303964388518766,0.612588176262688,NA,"sintetico_postestratificado",FALSE,0.308623787743922,"31","064","Sanahcat"
2358,0.482943874128871,0.333627346741453,0.636505546527212,NA,"sintetico_postestratificado",FALSE,0.302878199785759,"31","073","Tahdziú"
2359,0.535480935317994,0.369412705093406,0.675837257304472,NA,"sintetico_postestratificado",FALSE,0.306424552211066,"31","072","Suma"
2360,0.457077854022824,0.315723702822799,0.60203212763976,NA,"sintetico_postestratificado",FALSE,0.286308424816961,"31","093","Tixkokob"
2361,0.493049347368985,0.343760179598864,0.650484644916656,NA,"sintetico_postestratificado",FALSE,0.306724465317792,"31","061","Río Lagartos"
2362,0.508419685818164,0.356271527974656,0.655943504938336,NA,"sintetico_postestratificado",FALSE,0.29967197696368,"31","014","Cuncunul"
2363,0.497412584935824,0.364836996454984,0.629191602970082,5,"muestra_directa",TRUE,0.264354606515098,"31","089","Ticul"
2364,0.459496103191593,0.316742079151239,0.61328846037134,NA,"sintetico_postestratificado",FALSE,0.296546381220101,"31","070","Sucilá"
2365,0.608466857615812,0.462146813280567,0.730711854165986,10,"muestra_directa",FALSE,0.268565040885419,"31","068","Sinanché"
2366,0.564312476349578,0.415950890274945,0.703382730352726,NA,"sintetico_postestratificado",FALSE,0.287431840077781,"31","012","Cenotillo"
2367,0.516853437146527,0.368568736510335,0.668876999098026,NA,"sintetico_postestratificado",FALSE,0.300308262587692,"31","010","Cantamayec"
2368,0.481918656851891,0.345111877255753,0.626866217280992,NA,"sintetico_postestratificado",FALSE,0.281754340025239,"31","002","Acanceh"
2369,0.491205829766481,0.349082888391922,0.637865032601133,NA,"sintetico_postestratificado",FALSE,0.288782144209211,"31","063","Samahil"
2370,0.548114052945336,0.393399008527587,0.698261314018877,NA,"sintetico_postestratificado",FALSE,0.30486230549129,"31","060","Quintana Roo"
2371,0.510855001566565,0.359955136315573,0.656912269992966,NA,"sintetico_postestratificado",FALSE,0.296957133677394,"31","054","Muxupip"
2372,0.50491082779602,0.369801841474475,0.6495619300057,NA,"sintetico_postestratificado",FALSE,0.279760088531225,"31","053","Muna"
2373,0.482623730193783,0.338359397561871,0.625045424498492,NA,"sintetico_postestratificado",FALSE,0.286686026936621,"31","076","Tecoh"
2374,0.481286514736471,0.342363395537357,0.613010057294004,7,"muestra_directa",TRUE,0.270646661756648,"31","098","Tzucacab"
2375,0.549705678978428,0.404613665884857,0.685351305274359,NA,"sintetico_postestratificado",FALSE,0.280737639389502,"31","042","Kantunil"
2376,0.508716258388016,0.383841482700485,0.627891303331625,16,"muestra_directa",FALSE,0.24404982063114,"31","052","Motul"
2377,0.523283387851572,0.374737875650348,0.669220030709161,NA,"sintetico_postestratificado",FALSE,0.294482155058814,"31","006","Buctzotz"
2378,0.51377931515007,0.380528871601704,0.633028646992591,11,"muestra_directa",FALSE,0.252499775390887,"31","056","Oxkutzcab"
2379,0.539321387497797,0.381033474699612,0.68470397539018,NA,"sintetico_postestratificado",FALSE,0.303670500690568,"31","057","Panabá"
2380,0.410135257957879,0.272524195372546,0.573533763268316,NA,"sintetico_postestratificado",FALSE,0.30100956789577,"31","028","Dzilam de Bravo"
2381,0.484187484753138,0.325447311999639,0.637512193950641,NA,"sintetico_postestratificado",FALSE,0.312064881951001,"31","062","Sacalum"
2382,0.525523274275982,0.376586019861039,0.679482391592533,NA,"sintetico_postestratificado",FALSE,0.302896371731493,"31","051","Mocochá"
2383,0.413532308453985,0.28828497321142,0.541051284516188,7,"muestra_directa",TRUE,0.252766311304768,"31","040","Izamal"
2384,0.484566522495719,0.343256154859392,0.632262544704633,NA,"sintetico_postestratificado",FALSE,0.289006389845241,"31","085","Temozón"
2385,0.497982418661813,0.341232712109951,0.635977623494659,4,"muestra_directa",TRUE,0.294744911384708,"31","104","Yaxcabá"
2386,0.485282448464682,0.34276701929245,0.638825828864411,NA,"sintetico_postestratificado",FALSE,0.296058809571961,"31","091","Tinum"
2387,0.507485694899392,0.370473294807848,0.644423589104732,3,"muestra_directa",TRUE,0.273950294296884,"31","048","Maxcanú"
2388,0.470834707408064,0.335564945176441,0.616195505022452,3,"muestra_directa",TRUE,0.280630559846011,"31","096","Tizimín"
2389,0.49752209293076,0.361001610178693,0.644399181679474,NA,"sintetico_postestratificado",FALSE,0.283397571500781,"31","099","Uayma"
2390,0.484417018676546,0.33873251130265,0.63744804907027,NA,"sintetico_postestratificado",FALSE,0.29871553776762,"31","005","Bokobá"
2391,0.482052880290209,0.349932380652631,0.634691655103278,NA,"sintetico_postestratificado",FALSE,0.284759274450647,"31","047","Maní"
2392,0.498696807512524,0.356034217278025,0.653813292973284,NA,"sintetico_postestratificado",FALSE,0.297779075695259,"31","046","Mama"
2393,0.487992660133633,0.340070849230811,0.638410441093369,NA,"sintetico_postestratificado",FALSE,0.298339591862558,"31","045","Kopomá"
2394,0.442476589280943,0.300991726151448,0.595598122314956,NA,"sintetico_postestratificado",FALSE,0.294606396163508,"31","044","Kinchil"
2395,0.530455201063877,0.377504696844335,0.671165372944447,NA,"sintetico_postestratificado",FALSE,0.293660676100112,"31","100","Ucú"
2396,0.435208094273095,0.292726858866145,0.583370866184901,NA,"sintetico_postestratificado",FALSE,0.290644007318756,"31","043","Kaua"
2397,0.483516108803203,0.339066688784154,0.633533042212079,NA,"sintetico_postestratificado",FALSE,0.294466353427925,"31","020","Chicxulub Pueblo"
2398,0.473248772382423,0.328487635478837,0.619179558068923,NA,"sintetico_postestratificado",FALSE,0.290691922590086,"31","067","Seyé"
2399,0.514345585108942,0.366029452731779,0.660879282004064,NA,"sintetico_postestratificado",FALSE,0.294849829272285,"31","075","Teabo"
2400,0.5103389131507,0.369414376331107,0.652018154710159,NA,"sintetico_postestratificado",FALSE,0.282603778379052,"31","004","Baca"
2401,0.514411063932998,0.369127777753606,0.671127262887494,NA,"sintetico_postestratificado",FALSE,0.301999485133888,"31","003","Akil"
2402,0.474737417429845,0.334885408573122,0.613744529001036,NA,"sintetico_postestratificado",FALSE,0.278859120427914,"31","022","Chikindzonot"
2403,0.445614658080421,0.291810833105626,0.609971491512617,NA,"sintetico_postestratificado",FALSE,0.318160658406991,"31","033","Halachó"
2404,0.473033047413032,0.346806057684243,0.60680099874378,11,"muestra_directa",FALSE,0.259994941059537,"31","079","Tekax"
2405,0.558642679192825,0.406611211792062,0.697489751478394,NA,"sintetico_postestratificado",FALSE,0.290878539686332,"31","059","Progreso"
2406,0.448208779770421,0.302140914033761,0.598104409334942,NA,"sintetico_postestratificado",FALSE,0.295963495301181,"31","094","Tixméhuac"
2407,0.573897146469918,0.444685150018868,0.713470900497167,NA,"sintetico_postestratificado",FALSE,0.2687857504783,"31","084","Temax"
2408,0.501279904149307,0.368524243713109,0.633408062317257,10,"muestra_directa",FALSE,0.264883818604148,"31","029","Dzilam González"
2409,0.418195168273479,0.295110989955163,0.547560680613637,17,"muestra_directa",FALSE,0.252449690658474,"31","041","Kanasín"
2410,0.472470101056686,0.34081860110492,0.593332963825491,11,"muestra_directa",FALSE,0.252514362720571,"31","038","Hunucmá"
2411,0.456906962731763,0.319605330668379,0.607006445453036,NA,"sintetico_postestratificado",FALSE,0.287401114784657,"31","030","Dzitás"
2412,0.525872438975716,0.378631967373906,0.66739682871623,NA,"sintetico_postestratificado",FALSE,0.288764861342324,"31","021","Chichimilá"
2413,0.551256257826674,0.396152232709278,0.694330002140287,NA,"sintetico_postestratificado",FALSE,0.298177769431009,"31","039","Ixil"
2414,0.523710688469611,0.398934937810658,0.642292811243397,9,"muestra_directa",TRUE,0.243357873432739,"31","092","Tixcacalcupul"
2415,0.501222762721954,0.351146433801965,0.640327506319156,NA,"sintetico_postestratificado",FALSE,0.289181072517191,"31","018","Chapab"
2416,0.519238541050766,0.380169554718238,0.650986622871209,NA,"sintetico_postestratificado",FALSE,0.270817068152971,"31","017","Chankom"
2417,0.464566189432602,0.332666534749018,0.605842133090172,NA,"sintetico_postestratificado",FALSE,0.273175598341154,"31","024","Chumayel"
2418,0.454353721389276,0.301804397418013,0.602593387796938,NA,"sintetico_postestratificado",FALSE,0.300788990378925,"31","031","Dzoncauich"
2419,0.528997746401776,0.381914722322768,0.681614430897151,NA,"sintetico_postestratificado",FALSE,0.299699708574382,"31","011","Celestún"
2420,0.548801875143912,0.393548912900144,0.694568016834015,NA,"sintetico_postestratificado",FALSE,0.301019103933871,"31","008","Calotmul"
2421,0.56973069653372,0.427120358270614,0.702954323206402,NA,"sintetico_postestratificado",FALSE,0.275833964935788,"32","027","Melchor Ocampo"
2422,0.579662712167743,0.446184844674392,0.705202119349248,2,"muestra_directa",TRUE,0.259017274674857,"32","019","Jalpa"
2423,0.560336163351026,0.421293593917929,0.688712429108606,NA,"sintetico_postestratificado",FALSE,0.267418835190677,"32","003","Atolinga"
2424,0.54432886631245,0.400091641463698,0.675015958206025,NA,"sintetico_postestratificado",FALSE,0.274924316742328,"32","058","Santa María de la Paz"
2425,0.525242395338065,0.402035448963812,0.649728528484791,13,"muestra_directa",FALSE,0.247693079520979,"32","036","Ojocaliente"
2426,0.610590893901822,0.485709208008348,0.731986990662456,2,"muestra_directa",TRUE,0.246277782654108,"32","035","Noria de Ángeles"
2427,0.576664224828414,0.441653024712359,0.709982627440955,NA,"sintetico_postestratificado",FALSE,0.268329602728596,"32","037","Pánuco"
2428,0.574738815682188,0.458041175553994,0.689705067888138,10,"muestra_directa",FALSE,0.231663892334143,"32","040","Sain Alto"
2429,0.540924915939736,0.400193150752589,0.674252216894431,NA,"sintetico_postestratificado",FALSE,0.274059066141842,"32","033","Moyahua de Estrada"
2430,0.584620491174379,0.468607055193364,0.70190412472294,11,"muestra_directa",FALSE,0.233297069529576,"32","020","Jerez"
2431,0.565132326370948,0.456149809902689,0.670302267312092,21,"muestra_directa",FALSE,0.214152457409402,"32","010","Fresnillo"
2432,0.553873920295875,0.418938421661408,0.687527894114324,NA,"sintetico_postestratificado",FALSE,0.268589472452916,"32","034","Nochistlán de Mejía"
2433,0.583876946571923,0.454032908141611,0.707405904595254,4,"muestra_directa",TRUE,0.253372996453644,"32","005","Calera"
2434,0.54397503627712,0.410692930726914,0.679073272357354,NA,"sintetico_postestratificado",FALSE,0.26838034163044,"32","045","Tepechitlán"
2435,0.558362964371765,0.422721242796679,0.685713879596724,NA,"sintetico_postestratificado",FALSE,0.262992636800044,"32","038","Pinos"
2436,0.551096710415729,0.415457200606534,0.677400297825207,4,"muestra_directa",TRUE,0.261943097218673,"32","051","Villa de Cos"
2437,0.616067749566,0.476382846350435,0.750572153930763,NA,"sintetico_postestratificado",FALSE,0.274189307580329,"32","050","Vetagrande"
2438,0.579938698182524,0.4581665366629,0.703670969275815,NA,"sintetico_postestratificado",FALSE,0.245504432612915,"32","049","Valparaíso"
2439,0.597355598121593,0.485451283748486,0.713720586808411,13,"muestra_directa",FALSE,0.228269303059925,"32","048","Tlaltenango de Sánchez Román"
2440,0.5671152854083,0.434592184321899,0.691101891198991,NA,"sintetico_postestratificado",FALSE,0.256509706877092,"32","046","Tepetongo"
2441,0.531657753672289,0.406081756826599,0.65634671780154,3,"muestra_directa",TRUE,0.250264960974941,"32","025","Luis Moya"
2442,0.546024815713029,0.40841109195213,0.684531457193562,NA,"sintetico_postestratificado",FALSE,0.276120365241432,"32","044","Tabasco"
2443,0.57989733302162,0.436834151538022,0.720033840781765,NA,"sintetico_postestratificado",FALSE,0.283199689243743,"32","043","Susticacán"
2444,0.554415414099438,0.412716504392276,0.682348688917745,NA,"sintetico_postestratificado",FALSE,0.269632184525469,"32","054","Villa Hidalgo"
2445,0.555473952839469,0.425997261659882,0.686013959542254,NA,"sintetico_postestratificado",FALSE,0.260016697882372,"32","042","Sombrerete"
2446,0.561672800604652,0.419351070494712,0.698346558119721,NA,"sintetico_postestratificado",FALSE,0.278995487625009,"32","041","El Salvador"
2447,0.535258027666697,0.393375346144513,0.664944519962486,NA,"sintetico_postestratificado",FALSE,0.271569173817974,"32","016","General Pánfilo Natera"
2448,0.538645847547101,0.410622120928284,0.672420493634353,NA,"sintetico_postestratificado",FALSE,0.261798372706069,"32","014","General Francisco R. Murguía"
2449,0.579940608285621,0.438695953064757,0.711017669907527,NA,"sintetico_postestratificado",FALSE,0.27232171684277,"32","013","General Enrique Estrada"
2450,0.593573052387616,0.454208328215697,0.714373799172602,NA,"sintetico_postestratificado",FALSE,0.260165470956905,"32","009","Chalchihuites"
2451,0.591486829818232,0.482154496149201,0.686908353033393,31,"muestra_directa",FALSE,0.204753856884192,"32","017","Guadalupe"
2452,0.580817007790692,0.450156811829356,0.721057103052595,NA,"sintetico_postestratificado",FALSE,0.27090029122324,"32","057","Trancoso"
2453,0.543967551874026,0.390634263749349,0.680784040707188,NA,"sintetico_postestratificado",FALSE,0.290149776957839,"32","030","Momax"
2454,0.555485538970349,0.426426112117994,0.690891188993274,NA,"sintetico_postestratificado",FALSE,0.26446507687528,"32","032","Morelos"
2455,0.579253705408563,0.456984170353367,0.694852982960257,14,"muestra_directa",FALSE,0.23786881260689,"32","056","Zacatecas"
2456,0.546100231433462,0.414931219399598,0.676482657576895,NA,"sintetico_postestratificado",FALSE,0.261551438177297,"32","018","Huanusco"
2457,0.56071871645298,0.426792070948343,0.700344493857585,NA,"sintetico_postestratificado",FALSE,0.273552422909241,"32","022","Juan Aldama"
2458,0.586376365747648,0.450233442485068,0.717785523550697,NA,"sintetico_postestratificado",FALSE,0.267552081065629,"32","002","Apulco"
2459,0.572712461881814,0.436649983201393,0.692691990711392,NA,"sintetico_postestratificado",FALSE,0.256042007509999,"32","001","Apozol"
2460,0.559237136381736,0.427170258121886,0.684385532584271,NA,"sintetico_postestratificado",FALSE,0.257215274462385,"32","015","El Plateado de Joaquín Amaro"
2461,0.594618473446879,0.464528724820732,0.716689902247449,NA,"sintetico_postestratificado",FALSE,0.252161177426718,"32","028","Mezquital del Oro"
2462,0.611148828595489,0.474679789594989,0.736483138293856,NA,"sintetico_postestratificado",FALSE,0.261803348698867,"32","026","Mazapil"
2463,0.546084247491789,0.417348393351358,0.654835327219373,18,"muestra_directa",FALSE,0.237486933868014,"32","052","Villa García"
2464,0.535567531318601,0.417740407785582,0.651371118398109,16,"muestra_directa",FALSE,0.233630710612527,"32","024","Loreto"
2465,0.584214604800261,0.446404092894721,0.722971199174377,NA,"sintetico_postestratificado",FALSE,0.276567106279656,"32","004","Benito Juárez"
2466,0.638711201145562,0.519549943303879,0.755046643799607,7,"muestra_directa",TRUE,0.235496700495728,"32","029","Miguel Auza"
2467,0.606062575460443,0.490547645627993,0.718991418984281,12,"muestra_directa",FALSE,0.228443773356288,"32","053","Villa González Ortega"
2468,0.605060910908325,0.470976050962314,0.730432169742649,8,"muestra_directa",TRUE,0.259456118780335,"32","023","Juchipila"
2469,0.583080315487599,0.464873977279524,0.698024060911826,9,"muestra_directa",TRUE,0.233150083632302,"32","039","Río Grande"
2470,0.554104988168152,0.404127451695824,0.690443074745594,NA,"sintetico_postestratificado",FALSE,0.28631562304977,"32","055","Villanueva"
2471,0.628102581922109,0.508883057971228,0.745661438970178,7,"muestra_directa",TRUE,0.23677838099895,"32","031","Monte Escobedo"
2472,0.540156781766882,0.405270395195802,0.66755854241424,NA,"sintetico_postestratificado",FALSE,0.262288147218438,"32","021","Jiménez del Teul"
2473,0.574280595662503,0.448916157844495,0.698359146082556,9,"muestra_directa",TRUE,0.249442988238061,"32","008","Cuauhtémoc"
2474,0.567084648544632,0.42442858063184,0.703188444022346,NA,"sintetico_postestratificado",FALSE,0.278759863390506,"32","007","Concepción del Oro"
2475,0.604621293174147,0.46741274466768,0.728583109473487,NA,"sintetico_postestratificado",FALSE,0.261170364805806,"32","047","Teúl de González Ortega"
2476,0.636294032416906,0.494641773160518,0.764566054724626,NA,"sintetico_postestratificado",FALSE,0.269924281564108,"32","012","Genaro Codina"
2477,0.571764817400771,0.441341189328835,0.70271383396156,NA,"sintetico_postestratificado",FALSE,0.261372644632725,"32","006","Cañitas de Felipe Pescador"
2478,0.590074642885865,0.457019915310873,0.718028492143973,NA,"sintetico_postestratificado",FALSE,0.261008576833101,"32","011","Trinidad García de la Cadena"
