"muni_idx","prev","prev_q025","prev_q975","n_directo","fuente","suprimir_privacidad","ancho_ic95","cve_ent","cve_mun","nomgeo"
1,0.353810787679508,0.257430223114274,0.451884592846293,8,"muestra_directa",TRUE,0.194454369732019,"01","005","Jesús María"
2,0.358980765314352,0.253997720734124,0.472490676633771,NA,"sintetico_postestratificado",FALSE,0.218492955899647,"01","008","San José de Gracia"
3,0.438787878652887,0.377111856467279,0.507057920921197,162,"muestra_directa",FALSE,0.129946064453917,"01","001","Aguascalientes"
4,0.369730190105663,0.266237332006317,0.482391027471988,5,"muestra_directa",TRUE,0.216153695465671,"01","004","Cosío"
5,0.403732169924988,0.292114409686771,0.52069470223097,NA,"sintetico_postestratificado",FALSE,0.228580292544199,"01","011","San Francisco de los Romo"
6,0.387849180311971,0.28417385393833,0.48550236990883,14,"muestra_directa",FALSE,0.2013285159705,"01","006","Pabellón de Arteaga"
7,0.368430918585674,0.2598633453139,0.482141656105253,NA,"sintetico_postestratificado",FALSE,0.222278310791352,"01","003","Calvillo"
8,0.338506107068621,0.234705175837484,0.463064477575114,NA,"sintetico_postestratificado",FALSE,0.22835930173763,"01","010","El Llano"
9,0.398292689667561,0.298534907682176,0.504911266293103,12,"muestra_directa",FALSE,0.206376358610927,"01","002","Asientos"
10,0.398552560384367,0.307222068987923,0.488408215983431,31,"muestra_directa",FALSE,0.181186146995507,"01","009","Tepezalá"
11,0.342430922194558,0.242312027212172,0.452070807384009,NA,"sintetico_postestratificado",FALSE,0.209758780171837,"01","007","Rincón de Romos"
12,0.404040889373656,0.298354658692151,0.514786797052146,12,"muestra_directa",FALSE,0.216432138359994,"02","003","Tecate"
13,0.366846038519067,0.299391776238128,0.438281315195924,101,"muestra_directa",FALSE,0.138889538957796,"02","004","Tijuana"
14,0.328101949787738,0.242697008325091,0.419098218719034,34,"muestra_directa",FALSE,0.176401210393943,"02","001","Ensenada"
15,0.297278508406854,0.207448123743609,0.403838853316292,10,"muestra_directa",FALSE,0.196390729572683,"02","006","San Quintín"
17,0.380455723950366,0.304197407372983,0.454040883523024,72,"muestra_directa",FALSE,0.149843476150041,"02","002","Mexicali"
18,0.37341105638406,0.265302174609113,0.496969931862823,7,"muestra_directa",TRUE,0.23166775725371,"02","005","Playas de Rosarito"
19,0.346985194418691,0.248359479061858,0.447059555982597,22,"muestra_directa",FALSE,0.19870007692074,"03","002","Mulegé"
20,0.405920746191454,0.274495347047133,0.534667564608402,NA,"sintetico_postestratificado",FALSE,0.26017221756127,"03","009","Loreto"
21,0.398918729397362,0.321530728432781,0.484838907814591,90,"muestra_directa",FALSE,0.16330817938181,"03","008","Los Cabos"
22,0.396078509351069,0.330875294955832,0.462520800930697,129,"muestra_directa",FALSE,0.131645505974865,"03","003","La Paz"
23,0.434119069110528,0.345457161862963,0.522483513289049,64,"muestra_directa",FALSE,0.177026351426086,"03","001","Comondú"
24,0.362936517019312,0.287104601553711,0.443075329079348,65,"muestra_directa",FALSE,0.155970727525637,"04","003","Carmen"
25,0.368622634401493,0.265525125601135,0.492954287495994,7,"muestra_directa",TRUE,0.227429161894859,"04","007","Palizada"
27,0.345946593735356,0.237164529622826,0.461369407211709,NA,"sintetico_postestratificado",FALSE,0.224204877588884,"04","005","Hecelchakán"
28,0.274631029943341,0.191340810327996,0.361531345478297,38,"muestra_directa",FALSE,0.170190535150301,"04","004","Champotón"
29,0.319553770506188,0.231853133147958,0.430154992823767,12,"muestra_directa",FALSE,0.198301859675809,"04","011","Candelaria"
31,0.328236899712192,0.264991782021552,0.401271754074474,120,"muestra_directa",FALSE,0.136279972052923,"04","002","Campeche"
32,0.306876099488703,0.213331917024731,0.412818935606558,5,"muestra_directa",TRUE,0.199487018581827,"04","006","Hopelchén"
33,0.266323033406781,0.187431690778714,0.353217183832335,30,"muestra_directa",FALSE,0.165785493053621,"04","001","Calkiní"
34,0.308878452958978,0.210041468391554,0.42266624322104,NA,"sintetico_postestratificado",FALSE,0.212624774829486,"04","010","Calakmul"
35,0.311538741842531,0.230421441452322,0.402393482263417,28,"muestra_directa",FALSE,0.171972040811095,"04","009","Escárcega"
36,0.245208539361204,0.166393888534774,0.33852632329891,12,"muestra_directa",FALSE,0.172132434764136,"04","008","Tenabo"
37,0.401298573334053,0.290850090239725,0.521767980968418,NA,"sintetico_postestratificado",FALSE,0.230917890728693,"05","005","Candela"
38,0.392706966415948,0.314562354916916,0.480513855047719,39,"muestra_directa",FALSE,0.165951500130804,"05","017","Matamoros"
39,0.376495793867506,0.272383137648122,0.484913791265518,10,"muestra_directa",FALSE,0.212530653617397,"05","018","Monclova"
40,0.368102775515648,0.260773188881049,0.482861075962987,NA,"sintetico_postestratificado",FALSE,0.222087887081938,"05","014","Jiménez"
41,0.297474222463135,0.225122340496185,0.374711230718788,66,"muestra_directa",FALSE,0.149588890222604,"05","035","Torreón"
42,0.349815953033866,0.248065771827229,0.469845476894491,NA,"sintetico_postestratificado",FALSE,0.221779705067262,"05","013","Hidalgo"
43,0.384621466326781,0.278035374248254,0.509134666571163,NA,"sintetico_postestratificado",FALSE,0.231099292322909,"05","015","Juárez"
44,0.368117720791977,0.261052072838963,0.479189951014123,NA,"sintetico_postestratificado",FALSE,0.21813787817516,"05","020","Múzquiz"
45,0.388717351094549,0.284801193133318,0.491320752346823,14,"muestra_directa",FALSE,0.206519559213505,"05","024","Parras"
46,0.380583090686504,0.2717481093145,0.486176531527566,4,"muestra_directa",TRUE,0.214428422213067,"05","026","Progreso"
47,0.442302738177595,0.340956994173833,0.549353538720434,12,"muestra_directa",FALSE,0.208396544546601,"05","027","Ramos Arizpe"
48,0.382215015199109,0.266514750971731,0.506993069183485,6,"muestra_directa",TRUE,0.240478318211754,"05","025","Piedras Negras"
49,0.378804205489994,0.268548426493751,0.486958425984484,NA,"sintetico_postestratificado",FALSE,0.218409999490733,"05","028","Sabinas"
50,0.343250712793058,0.271893551221387,0.424505857754293,53,"muestra_directa",FALSE,0.152612306532906,"05","030","Saltillo"
51,0.381577091928907,0.266771919887956,0.500557527053146,NA,"sintetico_postestratificado",FALSE,0.23378560716519,"05","031","San Buenaventura"
52,0.396900856761349,0.280616788911419,0.51501096026989,NA,"sintetico_postestratificado",FALSE,0.234394171358471,"05","016","Lamadrid"
53,0.379830588337484,0.265497995331997,0.503173013312227,NA,"sintetico_postestratificado",FALSE,0.23767501798023,"05","004","Arteaga"
54,0.376072902364221,0.285140349132111,0.479838526124564,19,"muestra_directa",FALSE,0.194698176992453,"05","002","Acuña"
55,0.387175143659959,0.264473687672034,0.518244808076409,NA,"sintetico_postestratificado",FALSE,0.253771120404375,"05","032","San Juan de Sabinas"
56,0.355238908114726,0.258164389036937,0.459584435947425,12,"muestra_directa",FALSE,0.201420046910488,"05","033","San Pedro"
57,0.369596365897291,0.268497254796212,0.483165459290785,NA,"sintetico_postestratificado",FALSE,0.214668204494573,"05","009","Francisco I. Madero"
58,0.369468608487293,0.2546351919472,0.491034887772425,NA,"sintetico_postestratificado",FALSE,0.236399695825224,"05","012","Guerrero"
59,0.360098941207896,0.255996519281734,0.482127636898214,NA,"sintetico_postestratificado",FALSE,0.22613111761648,"05","006","Castaños"
60,0.370921235999694,0.259545761256392,0.492284993291717,NA,"sintetico_postestratificado",FALSE,0.232739232035326,"05","003","Allende"
61,0.377152088838406,0.269931544122649,0.494243466325026,NA,"sintetico_postestratificado",FALSE,0.224311922202376,"05","023","Ocampo"
62,0.39279050705379,0.292098294610084,0.49842247356031,NA,"sintetico_postestratificado",FALSE,0.206324178950226,"05","008","Escobedo"
63,0.384966554751367,0.278018968805083,0.49748440699232,NA,"sintetico_postestratificado",FALSE,0.219465438187238,"05","022","Nava"
64,0.376503790896721,0.267655613251206,0.502646404327681,NA,"sintetico_postestratificado",FALSE,0.234990791076474,"05","019","Morelos"
65,0.376441075064423,0.271118458026264,0.484946477813916,NA,"sintetico_postestratificado",FALSE,0.213828019787653,"05","007","Cuatro Ciénegas"
66,0.386092343639305,0.275877449899517,0.501563141213294,NA,"sintetico_postestratificado",FALSE,0.225685691313777,"05","034","Sierra Mojada"
67,0.369990388664755,0.264747200571611,0.492290743807465,NA,"sintetico_postestratificado",FALSE,0.227543543235854,"05","037","Villa Unión"
68,0.363617976492642,0.253439611912954,0.485791312856173,NA,"sintetico_postestratificado",FALSE,0.232351700943219,"05","029","Sacramento"
69,0.365276850135176,0.259420319686778,0.483905754641942,NA,"sintetico_postestratificado",FALSE,0.224485434955164,"05","001","Abasolo"
70,0.339587367815636,0.247317765828222,0.442676131589749,14,"muestra_directa",FALSE,0.195358365761527,"05","038","Zaragoza"
71,0.360420259474816,0.254676105950646,0.468625090965311,NA,"sintetico_postestratificado",FALSE,0.213948985014665,"05","021","Nadadores"
72,0.352955379311985,0.254194484689465,0.466925185409877,NA,"sintetico_postestratificado",FALSE,0.212730700720412,"05","010","Frontera"
73,0.398500790845196,0.295241115804635,0.524238495410045,NA,"sintetico_postestratificado",FALSE,0.22899737960541,"05","011","General Cepeda"
74,0.361289448445818,0.250423013210657,0.485286448126437,NA,"sintetico_postestratificado",FALSE,0.23486343491578,"05","036","Viesca"
75,0.366425753617249,0.25844270341834,0.481580031776155,NA,"sintetico_postestratificado",FALSE,0.223137328357815,"06","006","Ixtlahuacán"
76,0.400134172341668,0.305199188222008,0.50396029816513,26,"muestra_directa",FALSE,0.198761109943122,"06","002","Colima"
77,0.353027464154161,0.253312006429768,0.454441121333497,4,"muestra_directa",TRUE,0.201129114903728,"06","005","Cuauhtémoc"
78,0.345444505323696,0.241716801544102,0.456435486378325,4,"muestra_directa",TRUE,0.214718684834223,"06","008","Minatitlán"
79,0.389118794592478,0.284648671950659,0.496946811341057,5,"muestra_directa",TRUE,0.212298139390397,"06","001","Armería"
80,0.370457883487111,0.273772239481593,0.482409390646911,1,"muestra_directa",TRUE,0.208637151165319,"06","004","Coquimatlán"
81,0.382633888344988,0.292364537933669,0.47520629210443,36,"muestra_directa",FALSE,0.182841754170761,"06","010","Villa de Álvarez"
82,0.380667324639623,0.290672970242169,0.479932330418379,22,"muestra_directa",FALSE,0.18925936017621,"06","003","Comala"
83,0.364081563449851,0.284170414073148,0.44282675612623,55,"muestra_directa",FALSE,0.158656342053082,"06","007","Manzanillo"
84,0.371830617704449,0.291471190457082,0.461093479723246,43,"muestra_directa",FALSE,0.169622289266163,"06","009","Tecomán"
85,0.298370356874867,0.207364487314112,0.410255382637496,10,"muestra_directa",FALSE,0.202890895323384,"07","019","Comitán de Domínguez"
86,0.309613860858056,0.215160224994505,0.42800527849619,NA,"sintetico_postestratificado",FALSE,0.212845053501684,"07","090","Tapalapa"
87,0.323615147038561,0.230862836448376,0.426954307167298,6,"muestra_directa",TRUE,0.196091470718922,"07","020","La Concordia"
88,0.293585023070179,0.199253497360579,0.40056123596724,NA,"sintetico_postestratificado",FALSE,0.201307738606661,"07","021","Copainalá"
89,0.278965673586949,0.188343423401471,0.380553087555573,NA,"sintetico_postestratificado",FALSE,0.192209664154102,"07","079","San Fernando"
90,0.29561248488984,0.20275106208177,0.403687002071837,NA,"sintetico_postestratificado",FALSE,0.200935939990067,"07","109","Yajalón"
91,0.269931451475126,0.184259640084127,0.374189803749509,8,"muestra_directa",TRUE,0.189930163665382,"07","108","Villaflores"
92,0.275437194027995,0.189951733799752,0.361254275907681,15,"muestra_directa",FALSE,0.171302542107929,"07","107","Villa Corzo"
93,0.317433156402245,0.220142586606006,0.427012094454615,NA,"sintetico_postestratificado",FALSE,0.206869507848609,"07","106","Venustiano Carranza"
94,0.286593839190191,0.19353955894629,0.401644729381129,NA,"sintetico_postestratificado",FALSE,0.208105170434839,"07","104","Tzimol"
95,0.342112891314391,0.245280116273559,0.444678367503592,12,"muestra_directa",FALSE,0.199398251230033,"07","103","Tuzantán"
96,0.283499768827657,0.18372481923793,0.404698748086038,NA,"sintetico_postestratificado",FALSE,0.220973928848108,"07","102","Tuxtla Chico"
97,0.334088884399096,0.245478272066003,0.430670910016197,15,"muestra_directa",FALSE,0.185192637950194,"07","101","Tuxtla Gutiérrez"
98,0.274579364477309,0.176678537453818,0.383335218309233,NA,"sintetico_postestratificado",FALSE,0.206656680855416,"07","120","Capitán Luis Ángel Vidal"
99,0.347713176883542,0.24100039244906,0.462051310480409,NA,"sintetico_postestratificado",FALSE,0.221050918031349,"07","074","Reforma"
100,0.336875937367703,0.233117639081421,0.450956612204147,NA,"sintetico_postestratificado",FALSE,0.217838973122726,"07","075","Las Rosas"
101,0.254066837263805,0.173913619902282,0.343995713699033,10,"muestra_directa",FALSE,0.170082093796751,"07","057","Motozintla"
102,0.319704325777054,0.220297812838025,0.430536439573258,NA,"sintetico_postestratificado",FALSE,0.210238626735233,"07","007","Amatenango del Valle"
103,0.295184033707856,0.196353418056537,0.399192314773798,NA,"sintetico_postestratificado",FALSE,0.202838896717261,"07","111","Zinacantán"
104,0.293452384632838,0.185931972085432,0.411401254901629,NA,"sintetico_postestratificado",FALSE,0.225469282816197,"07","054","Mazatán"
105,0.319603712513918,0.220393447095801,0.439045033601427,2,"muestra_directa",TRUE,0.218651586505626,"07","076","Sabanilla"
106,0.26822951306375,0.18030714692183,0.36953440579071,NA,"sintetico_postestratificado",FALSE,0.18922725886888,"07","081","Simojovel"
107,0.226003914790681,0.143128329565858,0.329110345680828,NA,"sintetico_postestratificado",FALSE,0.18598201611497,"07","063","Osumacinta"
108,0.294505408198499,0.193486991767009,0.408929146130099,NA,"sintetico_postestratificado",FALSE,0.21544215436309,"07","110","San Lucas"
109,0.270342397280413,0.183953928801874,0.372203699023305,11,"muestra_directa",FALSE,0.188249770221431,"07","051","Mapastepec"
110,0.280185869163558,0.184725555372427,0.390327895680162,NA,"sintetico_postestratificado",FALSE,0.205602340307735,"07","070","El Porvenir"
111,0.338435620707457,0.236697271100094,0.455504081320406,NA,"sintetico_postestratificado",FALSE,0.218806810220312,"07","112","San Juan Cancuc"
112,0.302449669935887,0.208027043068366,0.415771725929731,NA,"sintetico_postestratificado",FALSE,0.207744682861365,"07","050","La Libertad"
113,0.302612805122307,0.201785435171236,0.411780781678289,3,"muestra_directa",TRUE,0.209995346507053,"07","022","Chalchihuitán"
114,0.283932705379173,0.192275293332436,0.387000085120835,NA,"sintetico_postestratificado",FALSE,0.194724791788398,"07","053","Mazapa de Madero"
115,0.331255488218811,0.229570384315756,0.442278124829379,NA,"sintetico_postestratificado",FALSE,0.212707740513623,"07","080","Siltepec"
116,0.337091873599176,0.231694795620281,0.464099626496961,NA,"sintetico_postestratificado",FALSE,0.23240483087668,"07","049","Larráinzar"
117,0.274429406659297,0.183290598785363,0.384708708202803,NA,"sintetico_postestratificado",FALSE,0.20141810941744,"07","065","Palenque"
118,0.30224785013589,0.211991037586977,0.424160363996851,NA,"sintetico_postestratificado",FALSE,0.212169326409875,"07","086","Suchiapa"
119,0.312767837443255,0.214556583010446,0.421211929812462,NA,"sintetico_postestratificado",FALSE,0.206655346802016,"07","062","Ostuacán"
120,0.342566732775146,0.241763294943814,0.455828883999386,NA,"sintetico_postestratificado",FALSE,0.214065589055572,"07","077","Salto de Agua"
121,0.315846922485917,0.219822766608611,0.43526245706268,NA,"sintetico_postestratificado",FALSE,0.215439690454069,"07","082","Sitalá"
122,0.309940787374967,0.209520951641266,0.424835502431288,NA,"sintetico_postestratificado",FALSE,0.215314550790022,"07","024","Chanal"
123,0.274013306597556,0.179317043677204,0.382933753350792,NA,"sintetico_postestratificado",FALSE,0.203616709673588,"07","121","Rincón Chamula San Pedro"
124,0.281591279429928,0.190033578519169,0.386963565099589,NA,"sintetico_postestratificado",FALSE,0.19692998658042,"07","042","Ixhuatán"
125,0.319369396192806,0.223028736225636,0.428313845823198,NA,"sintetico_postestratificado",FALSE,0.205285109597563,"07","025","Chapultenango"
126,0.268158584441231,0.18120304905345,0.375158078084178,NA,"sintetico_postestratificado",FALSE,0.193955029030728,"07","018","Coapilla"
127,0.255080943297468,0.17466078138032,0.343312696269449,15,"muestra_directa",FALSE,0.16865191488913,"07","052","Las Margaritas"
128,0.29993109931914,0.200620911893048,0.406384479510771,NA,"sintetico_postestratificado",FALSE,0.205763567617723,"07","026","Chenalhó"
129,0.285306503102,0.193776769758088,0.389150654053041,2,"muestra_directa",TRUE,0.195373884294953,"07","083","Socoltenango"
130,0.299595478482479,0.205212754285016,0.410710885535393,NA,"sintetico_postestratificado",FALSE,0.205498131250377,"07","084","Solosuchiapa"
131,0.256178135292442,0.164888172510209,0.356320027401939,12,"muestra_directa",FALSE,0.19143185489173,"07","089","Tapachula"
132,0.30840009837044,0.20894121893848,0.416448370656271,NA,"sintetico_postestratificado",FALSE,0.207507151717791,"07","068","Pichucalco"
133,0.299666245334795,0.212778753476501,0.404833861204559,5,"muestra_directa",TRUE,0.192055107728057,"07","027","Chiapa de Corzo"
134,0.306724424085544,0.206885757464514,0.416803487113078,NA,"sintetico_postestratificado",FALSE,0.209917729648564,"07","048","Juárez"
135,0.302565517001069,0.207575233235539,0.397774081153934,3,"muestra_directa",TRUE,0.190198847918395,"07","046","Jiquipilas"
136,0.243931458788051,0.144188356014349,0.36487968936664,NA,"sintetico_postestratificado",FALSE,0.220691333352292,"07","105","Unión Juárez"
137,0.288041201572666,0.191140304963849,0.400389116982472,NA,"sintetico_postestratificado",FALSE,0.209248812018622,"07","100","Tumbalá"
138,0.302530763088702,0.211453082739739,0.413893612583575,NA,"sintetico_postestratificado",FALSE,0.202440529843836,"07","045","Ixtapangajoya"
139,0.286875930655156,0.189782238150888,0.40684538432688,NA,"sintetico_postestratificado",FALSE,0.217063146175992,"07","114","Benemérito de las Américas"
140,0.302945933889637,0.196797622688496,0.421931018047572,NA,"sintetico_postestratificado",FALSE,0.225133395359077,"07","028","Chiapilla"
141,0.286927874044601,0.196972765533697,0.403401917055996,NA,"sintetico_postestratificado",FALSE,0.206429151522299,"07","029","Chicoasén"
142,0.253111708019946,0.162946351172248,0.356386180290708,NA,"sintetico_postestratificado",FALSE,0.19343982911846,"07","091","Tapilula"
143,0.307084725534214,0.211325492417908,0.416698520781602,NA,"sintetico_postestratificado",FALSE,0.205373028363694,"07","073","Rayón"
144,0.324533890522538,0.225282425302814,0.441654503446492,NA,"sintetico_postestratificado",FALSE,0.216372078143679,"07","030","Chicomuselo"
145,0.358870334343569,0.248382875912972,0.474621495209416,NA,"sintetico_postestratificado",FALSE,0.226238619296443,"07","044","Ixtapa"
146,0.234723691981438,0.156964539840053,0.323453803112504,11,"muestra_directa",FALSE,0.166489263272451,"07","008","Ángel Albino Corzo"
147,0.299544690991332,0.201821609358402,0.403046013025093,NA,"sintetico_postestratificado",FALSE,0.201224403666691,"07","009","Arriaga"
148,0.343879390042613,0.251678903392211,0.449460128261073,10,"muestra_directa",FALSE,0.197781224868862,"07","031","Chilón"
149,0.301041066759571,0.201744720459934,0.421226626152825,NA,"sintetico_postestratificado",FALSE,0.21948190569289,"07","043","Ixtacomitán"
150,0.341158916525395,0.235992928455313,0.453947490061349,NA,"sintetico_postestratificado",FALSE,0.217954561606036,"07","017","Cintalapa de Figueroa"
151,0.338004294304502,0.235382722767253,0.448923401239331,NA,"sintetico_postestratificado",FALSE,0.213540678472078,"07","119","Santiago el Pinar"
152,0.330973350143543,0.231335347818323,0.447624304811908,NA,"sintetico_postestratificado",FALSE,0.216288956993585,"07","116","Marqués de Comillas"
153,0.350044534215404,0.250397386724766,0.464376616585718,NA,"sintetico_postestratificado",FALSE,0.213979229860952,"07","060","Ocotepec"
154,0.247054735017242,0.164697913550453,0.34263605342249,5,"muestra_directa",TRUE,0.177938139872037,"07","058","Nicolás Ruíz"
155,0.302705386114381,0.205178108904929,0.419710752377098,NA,"sintetico_postestratificado",FALSE,0.214532643472169,"07","041","La Independencia"
156,0.274693347082191,0.193063090426388,0.363630353488999,14,"muestra_directa",FALSE,0.170567263062611,"07","040","Huixtla"
157,0.361872850230285,0.253738214021914,0.478982563314494,NA,"sintetico_postestratificado",FALSE,0.225244349292579,"07","056","Mitontic"
158,0.275650715248421,0.191852871929074,0.365402597849287,20,"muestra_directa",FALSE,0.173549725920213,"07","039","Huitiupán"
159,0.247482102576259,0.165966993593819,0.340100053133751,19,"muestra_directa",FALSE,0.174133059539933,"07","099","La Trinitaria"
160,0.286841794383064,0.192030282564854,0.383773642524427,NA,"sintetico_postestratificado",FALSE,0.191743359959573,"07","097","Tonalá"
161,0.316332117012452,0.214861525715381,0.425695531847618,NA,"sintetico_postestratificado",FALSE,0.210834006132237,"07","096","Tila"
162,0.320275813594288,0.221030759981006,0.437294584453242,NA,"sintetico_postestratificado",FALSE,0.216263824472236,"07","118","San Andrés Duraznal"
163,0.284132703676756,0.189949669387993,0.39108870517544,NA,"sintetico_postestratificado",FALSE,0.201139035787447,"07","122","El Parral"
164,0.255367917811045,0.176601637994518,0.354972543756937,NA,"sintetico_postestratificado",FALSE,0.178370905762419,"07","038","Huixtán"
165,0.264541603395717,0.17348022151523,0.375179609203818,NA,"sintetico_postestratificado",FALSE,0.201699387688588,"07","001","Acacoyagua"
166,0.314648593832244,0.203304173917938,0.441702398768191,NA,"sintetico_postestratificado",FALSE,0.238398224850253,"07","036","La Grandeza"
167,0.294883479740453,0.205125393279591,0.395598976142151,NA,"sintetico_postestratificado",FALSE,0.19047358286256,"07","002","Acala"
168,0.273658262856257,0.178887919499937,0.385931795875735,NA,"sintetico_postestratificado",FALSE,0.207043876375799,"07","003","Acapetahua"
169,0.296197014705296,0.199496367948242,0.41498128147773,NA,"sintetico_postestratificado",FALSE,0.215484913529488,"07","011","Bella Vista"
170,0.297834149462294,0.206708902841944,0.410203967264013,NA,"sintetico_postestratificado",FALSE,0.20349506442207,"07","012","Berriozábal"
171,0.318814237942399,0.217090922828147,0.438130857551737,NA,"sintetico_postestratificado",FALSE,0.22103993472359,"07","072","Pueblo Nuevo Solistahuacán"
172,0.318760628716134,0.216784575614509,0.438618209452327,NA,"sintetico_postestratificado",FALSE,0.221833633837817,"07","037","Huehuetán"
173,0.365957088014283,0.25629728794531,0.477931007963202,NA,"sintetico_postestratificado",FALSE,0.221633720017892,"07","023","Chamula"
174,0.291987028036346,0.192967543247855,0.406257617155398,NA,"sintetico_postestratificado",FALSE,0.213290073907543,"07","010","Bejucal de Ocampo"
175,0.294614940248647,0.200970604816895,0.397934569425394,NA,"sintetico_postestratificado",FALSE,0.1969639646085,"07","004","Altamirano"
176,0.285024693692539,0.184269230665975,0.398988469271233,NA,"sintetico_postestratificado",FALSE,0.214719238605258,"07","005","Amatán"
177,0.269967971378996,0.173547917720003,0.384847551623502,NA,"sintetico_postestratificado",FALSE,0.211299633903499,"07","035","Frontera Hidalgo"
178,0.253179211947714,0.162275368048075,0.362419903029452,NA,"sintetico_postestratificado",FALSE,0.200144534981377,"07","032","Escuintla"
179,0.292658786194949,0.20405901668295,0.387484392103992,9,"muestra_directa",TRUE,0.183425375421042,"07","013","Bochil"
180,0.32130026605151,0.216059925895523,0.441352172706295,NA,"sintetico_postestratificado",FALSE,0.225292246810772,"07","014","El Bosque"
181,0.273875646270753,0.178953336619245,0.383878974681219,NA,"sintetico_postestratificado",FALSE,0.204925638061974,"07","069","Pijijiapan"
182,0.306371750617622,0.219287028180225,0.411968920566001,9,"muestra_directa",TRUE,0.192681892385777,"07","094","Teopisca"
183,0.307485075205826,0.211031198310892,0.415846853878408,NA,"sintetico_postestratificado",FALSE,0.204815655567516,"07","092","Tecpatán"
184,0.315761071885852,0.19969637953696,0.434492690166757,4,"muestra_directa",TRUE,0.234796310629797,"07","015","Cacahoatán"
185,0.323166273241384,0.216107134873187,0.438987456207257,NA,"sintetico_postestratificado",FALSE,0.222880321334071,"07","016","Catazajá"
186,0.309973681775126,0.212621025380554,0.424358143775983,NA,"sintetico_postestratificado",FALSE,0.211737118395429,"07","047","Jitotol"
187,0.297566892076475,0.19263347859142,0.411691211497453,NA,"sintetico_postestratificado",FALSE,0.219057732906033,"07","006","Amatenango de la Frontera"
188,0.347833810412106,0.254928481614243,0.45179357725266,10,"muestra_directa",FALSE,0.196865095638417,"07","078","San Cristóbal de las Casas"
189,0.307238007509957,0.201892647232696,0.417844752434642,NA,"sintetico_postestratificado",FALSE,0.215952105201946,"07","033","Francisco León"
190,0.27533955065009,0.175742893576861,0.388091259216777,NA,"sintetico_postestratificado",FALSE,0.212348365639915,"07","117","Montecristo de Guerrero"
191,0.282293354948325,0.188338844281984,0.392366614045735,4,"muestra_directa",TRUE,0.204027769763751,"07","115","Maravilla Tenejapa"
192,0.313454781967949,0.209320291629751,0.423607264211806,NA,"sintetico_postestratificado",FALSE,0.214286972582055,"07","071","Villa Comaltitlán"
193,0.263404390616379,0.175667602092318,0.368615103986658,NA,"sintetico_postestratificado",FALSE,0.19294750189434,"07","066","Pantelhó"
194,0.284246126440897,0.184435304729265,0.397620908240875,NA,"sintetico_postestratificado",FALSE,0.21318560351161,"07","113","Aldama"
195,0.281888222414106,0.189715908848124,0.392473169805525,NA,"sintetico_postestratificado",FALSE,0.202757260957401,"07","098","Totolapa"
196,0.29920644110229,0.19902827221811,0.404894722523824,NA,"sintetico_postestratificado",FALSE,0.205866450305714,"07","093","Tenejapa"
197,0.282144371076385,0.191025432222543,0.393707961120898,NA,"sintetico_postestratificado",FALSE,0.202682528898356,"07","064","Oxchuc"
198,0.274439332303605,0.186919811771464,0.379166522361528,NA,"sintetico_postestratificado",FALSE,0.192246710590063,"07","059","Ocosingo"
199,0.26380256662143,0.172448303707406,0.365433282606471,5,"muestra_directa",TRUE,0.192984978899065,"07","061","Ocozocoautla de Espinosa"
200,0.331048576142968,0.229958646957189,0.442163672613049,NA,"sintetico_postestratificado",FALSE,0.21220502565586,"07","088","Sunuapa"
201,0.256708438525012,0.163482375889748,0.370745125038703,6,"muestra_directa",TRUE,0.207262749148955,"07","087","Suchiate"
202,0.226568321227777,0.144834030105637,0.32851426512093,NA,"sintetico_postestratificado",FALSE,0.183680235015293,"07","085","Soyaló"
203,0.261564313199297,0.173949124370334,0.354000435526113,NA,"sintetico_postestratificado",FALSE,0.18005131115578,"07","124","Mezcalapa"
204,0.288640831407862,0.20039274139842,0.403053208725053,NA,"sintetico_postestratificado",FALSE,0.202660467326633,"07","067","Pantepec"
206,0.301868246320817,0.190442985041232,0.423396619936005,NA,"sintetico_postestratificado",FALSE,0.232953634894773,"07","055","Metapa"
207,0.313800985687511,0.208858404501612,0.427231254206221,NA,"sintetico_postestratificado",FALSE,0.218372849704609,"07","123","Emiliano Zapata"
208,0.291055416482255,0.196442084884627,0.408919770155737,NA,"sintetico_postestratificado",FALSE,0.212477685271111,"07","034","Frontera Comalapa"
209,0.361686022077916,0.256983927660324,0.466362683758555,NA,"sintetico_postestratificado",FALSE,0.20937875609823,"08","067","Valle de Zaragoza"
210,0.38570432129396,0.273039720340099,0.50890656104422,NA,"sintetico_postestratificado",FALSE,0.235866840704122,"08","043","Matachí"
211,0.355635468141988,0.250258321971996,0.470760560279743,NA,"sintetico_postestratificado",FALSE,0.220502238307747,"08","058","San Francisco de Conchos"
212,0.412784390534682,0.303812912486067,0.525976896071024,NA,"sintetico_postestratificado",FALSE,0.222163983584957,"08","056","Rosario"
213,0.386397513424386,0.277876010139065,0.506696085608337,NA,"sintetico_postestratificado",FALSE,0.228820075469272,"08","054","Riva Palacio"
214,0.398785345296981,0.28595696184354,0.524327293151877,NA,"sintetico_postestratificado",FALSE,0.238370331308338,"08","018","Cusihuiriachi"
215,0.3667833324941,0.264723857313212,0.475424819469232,NA,"sintetico_postestratificado",FALSE,0.21070096215602,"08","007","Balleza"
216,0.3627537541806,0.261853298638394,0.481649476757784,NA,"sintetico_postestratificado",FALSE,0.21979617811939,"08","001","Ahumada"
217,0.341147290339651,0.23343134651617,0.466907024632546,NA,"sintetico_postestratificado",FALSE,0.233475678116376,"08","041","Maguarichi"
218,0.362144632389868,0.25710311043754,0.477689870323004,NA,"sintetico_postestratificado",FALSE,0.220586759885464,"08","057","San Francisco de Borja"
219,0.293191395687067,0.187608089656608,0.407587782703866,NA,"sintetico_postestratificado",FALSE,0.219979693047258,"08","053","Praxedis G. Guerrero"
220,0.290512022116792,0.191682619946452,0.40165831130658,NA,"sintetico_postestratificado",FALSE,0.209975691360128,"08","051","Ocampo"
221,0.349019953092658,0.26540471531901,0.447485953224406,22,"muestra_directa",FALSE,0.182081237905396,"08","050","Nuevo Casas Grandes"
222,0.325891619502232,0.228865627915812,0.439643655867369,4,"muestra_directa",TRUE,0.210778027951557,"08","031","Guerrero"
223,0.358760269760627,0.253645862851173,0.467127920560509,2,"muestra_directa",TRUE,0.213482057709336,"08","055","Rosales"
224,0.328245120020978,0.224484051594892,0.440944644832337,4,"muestra_directa",TRUE,0.216460593237444,"08","025","Gómez Farías"
225,0.354884630784939,0.256955715478966,0.456983897845806,8,"muestra_directa",TRUE,0.200028182366841,"08","023","Galeana"
226,0.407191724914514,0.296872856340313,0.50689172621875,NA,"sintetico_postestratificado",FALSE,0.210018869878437,"08","022","Dr. Belisario Domínguez"
227,0.397880407913026,0.291017511752798,0.511600154025793,NA,"sintetico_postestratificado",FALSE,0.220582642272995,"08","014","Coronado"
228,0.373778650092182,0.262857391440248,0.485959428338094,NA,"sintetico_postestratificado",FALSE,0.223102036897847,"08","003","Allende"
229,0.395863074275007,0.298303775922066,0.501070225396153,27,"muestra_directa",FALSE,0.202766449474086,"08","021","Delicias"
230,0.374193575026857,0.26341203861719,0.491994099837651,NA,"sintetico_postestratificado",FALSE,0.22858206122046,"08","020","Chínipas"
231,0.385616354707807,0.289243666554781,0.494937063635818,13,"muestra_directa",FALSE,0.205693397081037,"08","017","Cuauhtémoc"
232,0.360762637057015,0.253958050412404,0.477232033009746,NA,"sintetico_postestratificado",FALSE,0.223273982597342,"08","016","La Cruz"
233,0.352793728637543,0.247084341119161,0.467531445372091,NA,"sintetico_postestratificado",FALSE,0.22044710425293,"08","015","Coyame del Sotol"
234,0.356710490696557,0.259350693077126,0.467898679063214,8,"muestra_directa",TRUE,0.208547985986088,"08","052","Ojinaga"
235,0.389807342663579,0.277607251763117,0.510081719003384,4,"muestra_directa",TRUE,0.232474467240266,"08","013","Casas Grandes"
236,0.357925532540636,0.246183134961037,0.477590806974903,NA,"sintetico_postestratificado",FALSE,0.231407672013866,"08","012","Carichí"
237,0.325099912234905,0.233156911030077,0.422487195689306,21,"muestra_directa",FALSE,0.189330284659229,"08","011","Camargo"
238,0.363238449318554,0.255695826681323,0.477262112999306,NA,"sintetico_postestratificado",FALSE,0.221566286317983,"08","010","Buenaventura"
239,0.289688267070549,0.196649403829216,0.396856084794512,NA,"sintetico_postestratificado",FALSE,0.200206680965296,"08","009","Bocoyna"
240,0.283091722022736,0.187681487886088,0.396798349485866,NA,"sintetico_postestratificado",FALSE,0.209116861599778,"08","008","Batopilas de Manuel Gómez Morín"
241,0.285596276276836,0.194619832285971,0.401892514364981,2,"muestra_directa",TRUE,0.20727268207901,"08","006","Bachíniva"
242,0.385966697785438,0.27374424653979,0.512026641115076,2,"muestra_directa",TRUE,0.238282394575286,"08","004","Aquiles Serdán"
243,0.357451556949454,0.254503599840963,0.476005185550717,NA,"sintetico_postestratificado",FALSE,0.221501585709754,"08","005","Ascensión"
244,0.430313456496399,0.327687510828666,0.545521674095047,9,"muestra_directa",TRUE,0.217834163266382,"08","032","Hidalgo del Parral"
245,0.387606510424784,0.277621959301857,0.4958540933546,NA,"sintetico_postestratificado",FALSE,0.218232134052744,"08","042","Manuel Benavides"
246,0.356038471473369,0.249815638321086,0.473249858744419,NA,"sintetico_postestratificado",FALSE,0.223434220423333,"08","040","Madera"
247,0.37132896594664,0.270151332906659,0.48866814329454,NA,"sintetico_postestratificado",FALSE,0.21851681038788,"08","039","López"
248,0.361994209649057,0.256522707860321,0.483842667269509,NA,"sintetico_postestratificado",FALSE,0.227319959409188,"08","038","Julimes"
249,0.378157938666636,0.269329518994112,0.490357988510791,NA,"sintetico_postestratificado",FALSE,0.221028469516679,"08","035","Janos"
250,0.349873749477909,0.240948415955061,0.461077654890379,NA,"sintetico_postestratificado",FALSE,0.220129238935318,"08","034","Ignacio Zaragoza"
251,0.362928536534529,0.25573646134298,0.47805568694053,NA,"sintetico_postestratificado",FALSE,0.22231922559755,"08","033","Huejotitán"
252,0.356999219912369,0.251970885957694,0.475407237539676,NA,"sintetico_postestratificado",FALSE,0.223436351581982,"08","063","Temósachic"
253,0.345250501397543,0.236629575028903,0.44841427520806,NA,"sintetico_postestratificado",FALSE,0.211784700179156,"08","061","Satevó"
254,0.345272996727893,0.24686912594405,0.459247501977191,NA,"sintetico_postestratificado",FALSE,0.212378376033141,"08","062","Saucillo"
255,0.379102087947454,0.264407678315315,0.499148997802375,NA,"sintetico_postestratificado",FALSE,0.23474131948706,"08","030","Guazapares"
256,0.397584092570429,0.281028054055685,0.517157406874478,NA,"sintetico_postestratificado",FALSE,0.236129352818793,"08","028","Guadalupe"
257,0.388390885225095,0.27409557272676,0.501381022835027,NA,"sintetico_postestratificado",FALSE,0.227285450108267,"08","027","Guachochi"
258,0.310060320622901,0.216375756913055,0.417794271726493,NA,"sintetico_postestratificado",FALSE,0.201418514813439,"08","026","Gran Morelos"
259,0.378694453367749,0.306475098751481,0.45637309269873,83,"muestra_directa",FALSE,0.149897993947249,"08","019","Chihuahua"
260,0.381650819683846,0.277956565917008,0.483715772649103,8,"muestra_directa",TRUE,0.205759206732095,"08","064","El Tule"
261,0.364950771828079,0.260825925997345,0.485253352287041,NA,"sintetico_postestratificado",FALSE,0.224427426289696,"08","024","Santa Isabel"
262,0.365778163944763,0.302398300990595,0.435226072430505,103,"muestra_directa",FALSE,0.13282777143991,"08","037","Juárez"
263,0.370226443483316,0.262312863554696,0.494660975144069,NA,"sintetico_postestratificado",FALSE,0.232348111589373,"08","059","San Francisco del Oro"
264,0.397157770434424,0.288547550263775,0.511280665439007,NA,"sintetico_postestratificado",FALSE,0.222733115175232,"08","066","Uruachi"
265,0.387993615600987,0.282790261368404,0.506501845628291,NA,"sintetico_postestratificado",FALSE,0.223711584259886,"08","065","Urique"
266,0.357753695143632,0.25023898938719,0.474460839869968,NA,"sintetico_postestratificado",FALSE,0.224221850482778,"08","060","Santa Bárbara"
267,0.378350198738614,0.267062106143496,0.490752636912299,NA,"sintetico_postestratificado",FALSE,0.223690530768803,"08","044","Matamoros"
268,0.405201105743849,0.295343067146523,0.527849296955259,NA,"sintetico_postestratificado",FALSE,0.232506229808736,"08","045","Meoqui"
269,0.366371314553795,0.257335652107228,0.489562732862477,NA,"sintetico_postestratificado",FALSE,0.232227080755249,"08","046","Morelos"
270,0.372061148431449,0.261803250563638,0.490851730865717,NA,"sintetico_postestratificado",FALSE,0.229048480302079,"08","047","Moris"
271,0.365336860149606,0.254784192650562,0.474188358126504,NA,"sintetico_postestratificado",FALSE,0.219404165475941,"08","048","Namiquipa"
272,0.400483630292592,0.284184495108843,0.517854964504295,NA,"sintetico_postestratificado",FALSE,0.233670469395452,"08","029","Guadalupe y Calvo"
273,0.377140495182852,0.280633424219074,0.484732750421433,14,"muestra_directa",FALSE,0.204099326202359,"08","036","Jiménez"
274,0.325910313330285,0.226734093418066,0.433549086668964,NA,"sintetico_postestratificado",FALSE,0.206814993250898,"08","049","Nonoava"
275,0.36523842612272,0.271804984673643,0.472439476021368,15,"muestra_directa",FALSE,0.200634491347725,"08","002","Aldama"
276,0.386801208864771,0.30402327813381,0.470082243029927,56,"muestra_directa",FALSE,0.166058964896118,"09","012","Tlalpan"
277,0.393976154624084,0.298678578289842,0.500091673443291,20,"muestra_directa",FALSE,0.201413095153448,"09","009","Milpa Alta"
278,0.342397132674976,0.254946001709486,0.438460893116354,27,"muestra_directa",FALSE,0.183514891406869,"09","015","Cuauhtémoc"
279,0.421593804112353,0.366777965326565,0.482544228803151,201,"muestra_directa",FALSE,0.115766263476586,"09","007","Iztapalapa"
280,0.373912175788584,0.282335946744129,0.470858956092512,35,"muestra_directa",FALSE,0.188523009348383,"09","008","La Magdalena Contreras"
281,0.334432607747841,0.268804253506439,0.407114114123629,65,"muestra_directa",FALSE,0.13830986061719,"09","010","Álvaro Obregón"
282,0.335788243961193,0.252987402191477,0.429626434905149,28,"muestra_directa",FALSE,0.176639032713672,"09","003","Coyoacán"
283,0.367476983439604,0.276195170479079,0.467029446719124,20,"muestra_directa",FALSE,0.190834276240045,"09","016","Miguel Hidalgo"
284,0.35572822424525,0.247185338276326,0.461478717661027,6,"muestra_directa",TRUE,0.214293379384702,"09","004","Cuajimalpa de Morelos"
285,0.350038846761757,0.267685461605818,0.431257581292707,43,"muestra_directa",FALSE,0.163572119686889,"09","006","Iztacalco"
286,0.37566404521379,0.280575841720343,0.470947940703491,28,"muestra_directa",FALSE,0.190372098983148,"09","011","Tláhuac"
287,0.309934487915768,0.235925300757549,0.394546215918144,43,"muestra_directa",FALSE,0.158620915160595,"09","013","Xochimilco"
288,0.45235843755332,0.381084035024057,0.525749792303359,99,"muestra_directa",FALSE,0.144665757279302,"09","005","Gustavo A. Madero"
289,0.425899510026387,0.333747596736195,0.519976868659236,28,"muestra_directa",FALSE,0.186229271923042,"09","002","Azcapotzalco"
290,0.388101488603866,0.308265276877378,0.472567640703969,51,"muestra_directa",FALSE,0.164302363826592,"09","017","Venustiano Carranza"
291,0.360330861484905,0.265161495304322,0.460537407107521,14,"muestra_directa",FALSE,0.195375911803199,"09","014","Benito Juárez"
292,0.432604500841199,0.327918188197222,0.549459567044912,14,"muestra_directa",FALSE,0.22154137884769,"10","006","General Simón Bolívar"
293,0.347229614240863,0.257789114550803,0.44574434147403,24,"muestra_directa",FALSE,0.187955226923228,"10","008","Guadalupe Victoria"
294,0.331018418831081,0.232334242963463,0.44145188285239,NA,"sintetico_postestratificado",FALSE,0.209117639888928,"10","009","Guanaceví"
295,0.399928189082996,0.301002448554678,0.517916404448113,NA,"sintetico_postestratificado",FALSE,0.216913955893435,"10","010","Hidalgo"
296,0.35361888281787,0.247943952149,0.467987386223221,NA,"sintetico_postestratificado",FALSE,0.220043434074222,"10","029","San Luis del Cordero"
297,0.36702360725551,0.262558200501446,0.480806381531643,NA,"sintetico_postestratificado",FALSE,0.218248181030197,"10","031","Santa Clara"
298,0.364508246595557,0.256483711696881,0.488401275510303,NA,"sintetico_postestratificado",FALSE,0.231917563813422,"10","011","Indé"
299,0.384563513792343,0.278157428286152,0.492331617520761,10,"muestra_directa",FALSE,0.21417418923461,"10","038","Vicente Guerrero"
300,0.324281711927211,0.228952611940654,0.429335016409899,NA,"sintetico_postestratificado",FALSE,0.200382404469244,"10","030","San Pedro del Gallo"
301,0.373194721408119,0.269991355082139,0.484337702254984,NA,"sintetico_postestratificado",FALSE,0.214346347172845,"10","023","Pueblo Nuevo"
302,0.318313615103455,0.220482248390005,0.429343892113412,NA,"sintetico_postestratificado",FALSE,0.208861643723406,"10","025","San Bernardo"
303,0.311514836781357,0.217639089366229,0.41140670261352,6,"muestra_directa",TRUE,0.193767613247291,"10","032","Santiago Papasquiaro"
304,0.349543359709719,0.247226873923306,0.472085184665586,NA,"sintetico_postestratificado",FALSE,0.224858310742281,"10","027","San Juan de Guadalupe"
305,0.309801797146292,0.240553926215164,0.383392975807092,66,"muestra_directa",FALSE,0.142839049591928,"10","007","Gómez Palacio"
306,0.33419738393295,0.2349173642981,0.439076914265104,NA,"sintetico_postestratificado",FALSE,0.204159549967003,"10","015","Nazas"
307,0.334719816665109,0.234012564540859,0.453383476584025,NA,"sintetico_postestratificado",FALSE,0.219370912043166,"10","035","Tepehuanes"
308,0.370741229830985,0.261097924558995,0.481780375466488,4,"muestra_directa",TRUE,0.220682450907493,"10","022","Poanas"
309,0.425133506749606,0.324171758515616,0.528992142291301,15,"muestra_directa",FALSE,0.204820383775685,"10","028","San Juan del Río"
310,0.360246950808771,0.252474089276246,0.47650769409329,NA,"sintetico_postestratificado",FALSE,0.224033604817043,"10","017","Ocampo"
311,0.314618149862044,0.217742835441963,0.42462436277351,NA,"sintetico_postestratificado",FALSE,0.206881527331548,"10","001","Canatlán"
312,0.42529755183574,0.356306982398835,0.496795513264274,102,"muestra_directa",FALSE,0.140488530865439,"10","005","Durango"
313,0.350958413382314,0.250353611605257,0.476711808085154,NA,"sintetico_postestratificado",FALSE,0.226358196479897,"10","037","Topia"
314,0.362367029543323,0.271712529120328,0.470803463982944,14,"muestra_directa",FALSE,0.199090934862616,"10","033","Súchil"
315,0.353110533877328,0.254605708334642,0.45684513686424,NA,"sintetico_postestratificado",FALSE,0.202239428529598,"10","036","Tlahualilo"
316,0.395340269310717,0.308825899809123,0.494493282135299,41,"muestra_directa",FALSE,0.185667382326176,"10","012","Lerdo"
317,0.308517794187213,0.217003135025367,0.422611387047851,NA,"sintetico_postestratificado",FALSE,0.205608252022483,"10","014","Mezquital"
318,0.323522713738012,0.224527948337933,0.442204737576345,NA,"sintetico_postestratificado",FALSE,0.217676789238411,"10","026","San Dimas"
319,0.328340466741798,0.223651903304437,0.44483090994102,NA,"sintetico_postestratificado",FALSE,0.221179006636583,"10","019","Otáez"
320,0.329163049636228,0.226377561192579,0.445234688058738,NA,"sintetico_postestratificado",FALSE,0.218857126866159,"10","034","Tamazula"
321,0.342893463795363,0.243948766744133,0.442940515261371,9,"muestra_directa",TRUE,0.198991748517238,"10","013","Mapimí"
322,0.378119001002251,0.287745143862757,0.479208986004673,14,"muestra_directa",FALSE,0.191463842141916,"10","016","Nombre de Dios"
323,0.325988022028203,0.225880489062646,0.433090243890418,NA,"sintetico_postestratificado",FALSE,0.207209754827772,"10","018","El Oro"
324,0.309164413278529,0.213500983820834,0.424046655757295,NA,"sintetico_postestratificado",FALSE,0.210545671936461,"10","020","Pánuco de Coronado"
325,0.349292404549425,0.254670455243559,0.459271222655652,NA,"sintetico_postestratificado",FALSE,0.204600767412093,"10","002","Canelas"
326,0.377553320098473,0.274299416558339,0.485620244529763,5,"muestra_directa",TRUE,0.211320827971424,"10","039","Nuevo Ideal"
327,0.325677647768502,0.239209409879026,0.429983853937413,8,"muestra_directa",TRUE,0.190774444058387,"10","021","Peñón Blanco"
328,0.342958929876433,0.236725931488221,0.456659474111878,NA,"sintetico_postestratificado",FALSE,0.219933542623657,"10","003","Coneto de Comonfort"
329,0.35241336530146,0.254755720958944,0.462570632216623,NA,"sintetico_postestratificado",FALSE,0.207814911257679,"10","024","Rodeo"
330,0.357323971635964,0.254309556261499,0.475355330175158,NA,"sintetico_postestratificado",FALSE,0.221045773913659,"10","004","Cuencamé"
331,0.362162816182938,0.268168510362535,0.463724905107552,14,"muestra_directa",FALSE,0.195556394745017,"11","019","Jerécuaro"
332,0.376918385051735,0.324695172405264,0.431386700989807,257,"muestra_directa",FALSE,0.106691528584543,"11","020","León"
333,0.349991991931182,0.244500239609729,0.466019224870234,NA,"sintetico_postestratificado",FALSE,0.221518985260505,"11","021","Moroleón"
334,0.37651089057225,0.290944722633108,0.46992697828063,38,"muestra_directa",FALSE,0.178982255647522,"11","023","Pénjamo"
335,0.351566030819117,0.250596150628259,0.466971168875014,NA,"sintetico_postestratificado",FALSE,0.216375018246755,"11","038","Tarandacuao"
336,0.417285075645163,0.31553305879262,0.530043527318828,12,"muestra_directa",FALSE,0.214510468526208,"11","039","Tarimoro"
337,0.375957881768468,0.269446177571483,0.499628598107317,NA,"sintetico_postestratificado",FALSE,0.230182420535834,"11","040","Tierra Blanca"
338,0.372609526013429,0.281329633808502,0.46569169137216,27,"muestra_directa",FALSE,0.184362057563657,"11","041","Uriangato"
339,0.366321280269157,0.275785566444029,0.46870683639537,20,"muestra_directa",FALSE,0.192921269951341,"11","002","Acámbaro"
340,0.331226010779643,0.240170921075376,0.427768273864258,11,"muestra_directa",FALSE,0.187597352788882,"11","012","Cuerámaro"
341,0.399889508082536,0.30453360444206,0.507501999409459,13,"muestra_directa",FALSE,0.202968394967399,"11","013","Doctor Mora"
342,0.435259808082963,0.342212729035305,0.539353648686299,29,"muestra_directa",FALSE,0.197140919650994,"11","014","Dolores Hidalgo Cuna de la Independencia Nacional"
343,0.396948950725471,0.298823673658585,0.495333572052264,17,"muestra_directa",FALSE,0.196509898393679,"11","022","Ocampo"
344,0.350314897580147,0.244853375329863,0.461033380933885,NA,"sintetico_postestratificado",FALSE,0.216180005604022,"11","024","Pueblo Nuevo"
345,0.392512823600214,0.299127233720171,0.491602183063091,29,"muestra_directa",FALSE,0.19247494934292,"11","030","San Felipe"
346,0.32322073444109,0.219593528434737,0.443797617588564,NA,"sintetico_postestratificado",FALSE,0.224204089153827,"11","036","Santiago Maravatío"
347,0.316358400784871,0.249912941561895,0.387442699918488,92,"muestra_directa",FALSE,0.137529758356593,"11","007","Celaya"
348,0.289377280165923,0.214148403508783,0.363949388680703,43,"muestra_directa",FALSE,0.14980098517192,"11","027","Salamanca"
349,0.348594804311841,0.249494367414376,0.466045443435275,4,"muestra_directa",TRUE,0.216551076020899,"11","035","Santa Cruz de Juventino Rosas"
350,0.361343235654421,0.255586622744102,0.467517644263947,2,"muestra_directa",TRUE,0.211931021519845,"11","011","Cortazar"
351,0.368118887075008,0.268478348190977,0.472764893849915,13,"muestra_directa",FALSE,0.204286545658937,"11","031","San Francisco del Rincón"
352,0.35174098066795,0.257460730910362,0.450136214766143,20,"muestra_directa",FALSE,0.19267548385578,"11","025","Purísima del Rincón"
353,0.363574002137545,0.263028201525807,0.469741641821993,5,"muestra_directa",TRUE,0.206713440296186,"11","026","Romita"
354,0.353331628766517,0.264654976973542,0.456443373551104,16,"muestra_directa",FALSE,0.191788396577561,"11","028","Salvatierra"
355,0.397074779856259,0.291561796498651,0.517965911867707,2,"muestra_directa",TRUE,0.226404115369056,"11","029","San Diego de la Unión"
356,0.318744567225484,0.236330616982383,0.408084423736004,23,"muestra_directa",FALSE,0.171753806753621,"11","032","San José Iturbide"
357,0.377905710735886,0.287803648982397,0.480173888670075,16,"muestra_directa",FALSE,0.192370239687679,"11","033","San Luis de la Paz"
358,0.388072669307919,0.276194876988342,0.505751798295318,NA,"sintetico_postestratificado",FALSE,0.229556921306976,"11","034","Santa Catarina"
359,0.358239233334075,0.283133198666465,0.43792536474261,41,"muestra_directa",FALSE,0.154792166076145,"11","037","Silao de la Victoria"
360,0.403921276068079,0.313235543015465,0.505237765061958,25,"muestra_directa",FALSE,0.192002222046493,"11","042","Valle de Santiago"
361,0.361896611255146,0.263955994287232,0.469650584353835,8,"muestra_directa",TRUE,0.205694590066602,"11","043","Victoria"
362,0.33879008503119,0.240050715274971,0.450039110941385,NA,"sintetico_postestratificado",FALSE,0.209988395666414,"11","045","Xichú"
363,0.37863714574236,0.284067357837109,0.482487395592393,21,"muestra_directa",FALSE,0.198420037755284,"11","044","Villagrán"
364,0.36683153615598,0.263742803349712,0.474635177595248,10,"muestra_directa",FALSE,0.210892374245536,"11","046","Yuriria"
365,0.345026159904496,0.249854181489661,0.447054540987211,15,"muestra_directa",FALSE,0.197200359497551,"11","001","Abasolo"
366,0.327904664140764,0.246390420608579,0.420297149796911,25,"muestra_directa",FALSE,0.173906729188331,"11","003","San Miguel de Allende"
367,0.385572791007495,0.285503298361921,0.496148998762864,16,"muestra_directa",FALSE,0.210645700400943,"11","004","Apaseo el Alto"
368,0.327883610543341,0.249916573189588,0.416653967417746,27,"muestra_directa",FALSE,0.166737394228158,"11","005","Apaseo el Grande"
369,0.319325389495944,0.211975643496832,0.442491134389569,NA,"sintetico_postestratificado",FALSE,0.230515490892737,"11","006","Atarjea"
370,0.349801348246776,0.250845299838476,0.466978692143456,1,"muestra_directa",TRUE,0.21613339230498,"11","008","Manuel Doblado"
371,0.363100786112478,0.264489004997222,0.46368982095959,13,"muestra_directa",FALSE,0.199200815962368,"11","009","Comonfort"
372,0.331233632327456,0.233928434549993,0.440384795838192,NA,"sintetico_postestratificado",FALSE,0.206456361288199,"11","010","Coroneo"
373,0.378963563769775,0.295507522320256,0.468199643765143,40,"muestra_directa",FALSE,0.172692121444887,"11","015","Guanajuato"
374,0.330535958023296,0.238387311796905,0.434316363136397,13,"muestra_directa",FALSE,0.195929051339492,"11","016","Huanímaro"
375,0.332852524922286,0.261494463170746,0.406700046192578,85,"muestra_directa",FALSE,0.145205583021832,"11","017","Irapuato"
376,0.361827538188674,0.275269584289201,0.46282405528326,19,"muestra_directa",FALSE,0.187554470994059,"11","018","Jaral del Progreso"
377,0.340006666891099,0.243189340028779,0.446652731152233,NA,"sintetico_postestratificado",FALSE,0.203463391123454,"12","033","Huamuxtitlán"
378,0.361769833209906,0.263479004099954,0.468701958690454,3,"muestra_directa",TRUE,0.2052229545905,"12","031","General Canuto A. Neri"
381,0.290882068055054,0.20027433128944,0.394372990670402,NA,"sintetico_postestratificado",FALSE,0.194098659380962,"12","073","Zirándaro"
382,0.309054415362098,0.21317397707002,0.412511656221523,NA,"sintetico_postestratificado",FALSE,0.199337679151503,"12","065","Tlalixtaquilla de Maldonado"
383,0.252032859981456,0.165359944381172,0.360363908470908,NA,"sintetico_postestratificado",FALSE,0.195003964089736,"12","047","Pedro Ascencio Alquisiras"
384,0.314772814699833,0.211603410289687,0.432172586613231,NA,"sintetico_postestratificado",FALSE,0.220569176323544,"12","054","San Miguel Totolapan"
385,0.319818937135072,0.221184107449792,0.429495739980099,1,"muestra_directa",TRUE,0.208311632530307,"12","053","San Marcos"
386,0.346496521361669,0.243623795576315,0.465943179820034,NA,"sintetico_postestratificado",FALSE,0.222319384243719,"12","066","Tlapa de Comonfort"
387,0.326061972512958,0.226037284902817,0.439138362933308,NA,"sintetico_postestratificado",FALSE,0.213101078030491,"12","048","Petatlán"
388,0.302146742913576,0.221178906635745,0.395254348278092,14,"muestra_directa",FALSE,0.174075441642347,"12","007","Arcelia"
389,0.299492972713345,0.210997345620776,0.40536273030673,10,"muestra_directa",FALSE,0.194365384685955,"12","012","Ayutla de los Libres"
390,0.332285207918045,0.229075565059851,0.437886453485025,NA,"sintetico_postestratificado",FALSE,0.208810888425174,"12","006","Apaxtla"
391,0.30520406057652,0.210009081092669,0.415706987419494,NA,"sintetico_postestratificado",FALSE,0.205697906326825,"12","010","Atlixtac"
392,0.327972503593123,0.230164376225675,0.430811435834809,10,"muestra_directa",FALSE,0.200647059609134,"12","011","Atoyac de Álvarez"
393,0.397443831723861,0.297091483169706,0.507877228527209,13,"muestra_directa",FALSE,0.210785745357504,"12","032","General Heliodoro Castillo"
394,0.340912705993502,0.234021225270907,0.455562968433003,NA,"sintetico_postestratificado",FALSE,0.221541743162096,"12","028","Chilapa de Álvarez"
395,0.340466535446915,0.252922169753757,0.43765852666477,18,"muestra_directa",FALSE,0.184736356911013,"12","029","Chilpancingo de los Bravo"
396,0.331396809253848,0.230099867793905,0.442628356143904,NA,"sintetico_postestratificado",FALSE,0.212528488349999,"12","004","Alcozauca de Guerrero"
397,0.277599837673219,0.180884588199227,0.388975095208544,NA,"sintetico_postestratificado",FALSE,0.208090507009317,"12","068","La Unión de Isidoro Montes de Oca"
398,0.288394606232484,0.202769453963841,0.386849684976567,11,"muestra_directa",FALSE,0.184080231012726,"12","039","Juan R. Escudero"
399,0.343457514471869,0.247772231281737,0.448225530787235,13,"muestra_directa",FALSE,0.200453299505499,"12","038","Zihuatanejo de Azueta"
400,0.328113672727136,0.224523444878157,0.440266178835605,NA,"sintetico_postestratificado",FALSE,0.215742733957449,"12","043","Metlatónoc"
401,0.302644217410099,0.20202294055952,0.419238528054391,NA,"sintetico_postestratificado",FALSE,0.217215587494871,"12","030","Florencio Villarreal"
402,0.271891314138329,0.18030363966396,0.374464054851105,5,"muestra_directa",TRUE,0.194160415187145,"12","064","Tlalchapa"
403,0.296208672848827,0.201149382596231,0.403363106020386,NA,"sintetico_postestratificado",FALSE,0.202213723424155,"12","067","Tlapehuala"
404,0.296620724664942,0.221746900404944,0.371792270417573,61,"muestra_directa",FALSE,0.150045370012629,"12","001","Acapulco de Juárez"
405,0.334590066468588,0.235999897264077,0.44275463824773,NA,"sintetico_postestratificado",FALSE,0.206754740983653,"12","019","Copalillo"
406,0.349974463041074,0.241891378611716,0.461865984274346,NA,"sintetico_postestratificado",FALSE,0.21997460566263,"12","045","Olinalá"
407,0.341083838978455,0.242251467994355,0.450061078997414,NA,"sintetico_postestratificado",FALSE,0.207809611003059,"12","008","Atenango del Río"
408,0.318517597582945,0.213473233011417,0.427796917937995,NA,"sintetico_postestratificado",FALSE,0.214323684926577,"12","009","Atlamajalcingo del Monte"
409,0.309147967157576,0.206141360666709,0.420622540631274,NA,"sintetico_postestratificado",FALSE,0.214481179964566,"12","046","Ometepec"
410,0.331092139954204,0.236414323999183,0.443924544538639,NA,"sintetico_postestratificado",FALSE,0.207510220539457,"12","036","Igualapa"
411,0.327968065586078,0.231024675024323,0.438305418380026,NA,"sintetico_postestratificado",FALSE,0.207280743355704,"12","044","Mochitlán"
412,0.346562276661958,0.2489286834638,0.449350772983945,8,"muestra_directa",TRUE,0.200422089520145,"12","042","Mártir de Cuilapan"
413,0.305152516101544,0.205996148932369,0.415643307429008,NA,"sintetico_postestratificado",FALSE,0.209647158496639,"12","040","Leonardo Bravo"
414,0.303234816179654,0.206197212831934,0.413450140912717,NA,"sintetico_postestratificado",FALSE,0.207252928080784,"12","076","Acatepec"
415,0.31957763415882,0.226611298400123,0.413715758697437,13,"muestra_directa",FALSE,0.187104460297315,"12","075","Eduardo Neri"
416,0.313785410294452,0.21789523160523,0.418601955773025,NA,"sintetico_postestratificado",FALSE,0.200706724167794,"12","074","Zitlala"
417,0.310690290714799,0.214710195441028,0.426619472467014,NA,"sintetico_postestratificado",FALSE,0.211909277025986,"12","072","Zapotitlán Tablas"
418,0.28372901648584,0.190766456063199,0.384867629614041,NA,"sintetico_postestratificado",FALSE,0.194101173550843,"12","071","Xochistlahuaca"
419,0.307046604141575,0.205784325829455,0.418905199588385,NA,"sintetico_postestratificado",FALSE,0.213120873758931,"12","070","Xochihuehuetlán"
420,0.277401926268237,0.184186334887421,0.387017793736702,NA,"sintetico_postestratificado",FALSE,0.202831458849281,"12","069","Xalpatláhuac"
421,0.325803141702361,0.226317393230173,0.438680236379552,NA,"sintetico_postestratificado",FALSE,0.212362843149378,"12","052","San Luis Acatlán"
422,0.29813822288247,0.210051930830786,0.404644131983448,NA,"sintetico_postestratificado",FALSE,0.194592201152662,"12","041","Malinaltepec"
423,0.258582049075221,0.17752063032194,0.349140540738363,6,"muestra_directa",TRUE,0.171619910416422,"12","062","Tlacoachistlahuaca"
424,0.308626669808853,0.210042244742022,0.414960655161311,NA,"sintetico_postestratificado",FALSE,0.20491841041929,"12","023","Cuajinicuilapa"
425,0.292938998113927,0.19624236009547,0.408919711367747,NA,"sintetico_postestratificado",FALSE,0.212677351272276,"12","013","Azoyú"
426,0.305132161764788,0.212584952963203,0.414960908108734,NA,"sintetico_postestratificado",FALSE,0.20237595514553,"12","024","Cualác"
427,0.310697321310435,0.225522301175569,0.40427746634784,15,"muestra_directa",FALSE,0.178755165172271,"12","027","Cutzamala de Pinzón"
428,0.296570604816884,0.206284267981041,0.400072853496502,NA,"sintetico_postestratificado",FALSE,0.19378858551546,"12","037","Ixcateopan de Cuauhtémoc"
429,0.281808732527791,0.190865929243318,0.388233954600308,NA,"sintetico_postestratificado",FALSE,0.197368025356991,"12","055","Taxco de Alarcón"
430,0.259876420489971,0.172338201211938,0.36964585903162,NA,"sintetico_postestratificado",FALSE,0.197307657819682,"12","025","Cuautepec"
431,0.28942414515393,0.199921388910715,0.395633531848567,NA,"sintetico_postestratificado",FALSE,0.195712142937852,"12","026","Cuetzala del Progreso"
432,0.282545310363481,0.194470319069154,0.388988471326934,NA,"sintetico_postestratificado",FALSE,0.19451815225778,"12","059","Tepecoacuilco de Trujano"
433,0.287566528681468,0.199224423271521,0.39712640299205,NA,"sintetico_postestratificado",FALSE,0.197901979720529,"12","077","Marquelia"
434,0.301757506160581,0.20590795988086,0.416327577536699,NA,"sintetico_postestratificado",FALSE,0.210419617655839,"12","078","Cochoapa el Grande"
435,0.319067693614589,0.22629382409742,0.416644454363855,10,"muestra_directa",FALSE,0.190350630266435,"12","061","Tixtla de Guerrero"
436,0.348415759213235,0.240092751304449,0.461629459978871,NA,"sintetico_postestratificado",FALSE,0.221536708674421,"12","018","Copala"
437,0.290691720923424,0.199150937534439,0.388224033902031,5,"muestra_directa",TRUE,0.189073096367592,"12","056","Tecoanapa"
438,0.303058297394886,0.208063732872943,0.412542549529124,NA,"sintetico_postestratificado",FALSE,0.204478816656181,"12","003","Ajuchitlán del Progreso"
439,0.299482451057323,0.205024890219004,0.404742475790371,NA,"sintetico_postestratificado",FALSE,0.199717585571368,"12","002","Ahuacuotzingo"
440,0.292903602226101,0.210114574901736,0.392927625322535,18,"muestra_directa",FALSE,0.182813050420799,"12","035","Iguala de la Independencia"
441,0.303301849566323,0.206693199147953,0.426646590572987,NA,"sintetico_postestratificado",FALSE,0.219953391425034,"12","016","Coahuayutla de José María Izazaga"
442,0.306078951543875,0.21220538738713,0.413877952815166,NA,"sintetico_postestratificado",FALSE,0.201672565428036,"12","017","Cocula"
443,0.31021575065941,0.216882589935592,0.428246654896123,NA,"sintetico_postestratificado",FALSE,0.211364064960531,"12","020","Copanatoyac"
444,0.301235602555871,0.200828308547412,0.406688992644264,NA,"sintetico_postestratificado",FALSE,0.205860684096852,"12","057","Técpan de Galeana"
445,0.314297993316014,0.213446580777002,0.42668029845511,NA,"sintetico_postestratificado",FALSE,0.213233717678108,"12","021","Coyuca de Benítez"
446,0.327437410048235,0.224605645824007,0.446428641471172,NA,"sintetico_postestratificado",FALSE,0.221822995647165,"12","022","Coyuca de Catalán"
447,0.289561155862992,0.189634122344819,0.397662421346419,NA,"sintetico_postestratificado",FALSE,0.2080282990016,"12","060","Tetipac"
448,0.290666808023583,0.199533270752157,0.405416967938957,NA,"sintetico_postestratificado",FALSE,0.2058836971868,"12","063","Tlacoapa"
449,0.290630711432309,0.191968037432368,0.394107675173142,NA,"sintetico_postestratificado",FALSE,0.202139637740774,"12","058","Teloloapan"
450,0.22362804983143,0.154637845481273,0.300140233937794,26,"muestra_directa",FALSE,0.145502388456521,"12","051","Quechultenango"
451,0.304266145646385,0.201860208851436,0.417123485344843,NA,"sintetico_postestratificado",FALSE,0.215263276493407,"12","050","Pungarabato"
452,0.289036908433445,0.195587891725718,0.403303974317821,NA,"sintetico_postestratificado",FALSE,0.207716082592103,"12","081","Iliatenco"
453,0.296419909748098,0.20131978239207,0.410439723055881,NA,"sintetico_postestratificado",FALSE,0.209119940663812,"12","080","Juchitán"
454,0.296267974442126,0.202444723592854,0.405108074174945,NA,"sintetico_postestratificado",FALSE,0.202663350582092,"12","005","Alpoyeca"
455,0.288788326405608,0.200895272334457,0.385345192438874,11,"muestra_directa",FALSE,0.184449920104416,"12","014","Benito Juárez"
456,0.299609441390519,0.209126439572031,0.409327994757966,NA,"sintetico_postestratificado",FALSE,0.200201555185936,"12","015","Buenavista de Cuéllar"
457,0.266395762735978,0.177155658689958,0.366027459521049,NA,"sintetico_postestratificado",FALSE,0.188871800831091,"12","049","Pilcaya"
458,0.310623758668315,0.203758255390674,0.429236854304885,NA,"sintetico_postestratificado",FALSE,0.225478598914211,"12","079","José Joaquín de Herrera"
459,0.335080769975497,0.232679957826459,0.435523946658652,NA,"sintetico_postestratificado",FALSE,0.202843988832193,"12","034","Huitzuco de los Figueroa"
462,0.341180386847557,0.236774499816396,0.462865755972533,NA,"sintetico_postestratificado",FALSE,0.226091256156136,"13","004","Agua Blanca de Iturbide"
463,0.346012445320165,0.246416405352827,0.458108062961459,7,"muestra_directa",TRUE,0.211691657608632,"13","010","Atitalaquia"
464,0.361696873450412,0.252942085206978,0.476117730192932,NA,"sintetico_postestratificado",FALSE,0.223175644985954,"13","081","Zacualtipán de Ángeles"
465,0.320745148404802,0.215275674600746,0.433614075766504,NA,"sintetico_postestratificado",FALSE,0.218338401165758,"13","034","Lolotla"
466,0.329880833686696,0.235262439990875,0.431315783291076,5,"muestra_directa",TRUE,0.196053343300201,"13","080","Yahualica"
467,0.303171973995529,0.209746077032005,0.413059979462755,NA,"sintetico_postestratificado",FALSE,0.20331390243075,"13","079","Xochicoatlán"
468,0.295890603921578,0.210069598848671,0.388020994897793,16,"muestra_directa",FALSE,0.177951396049122,"13","041","Mixquiahuala de Juárez"
469,0.343570423540457,0.236622772586166,0.465371383898853,NA,"sintetico_postestratificado",FALSE,0.228748611312687,"13","032","Jaltocán"
470,0.346238485617145,0.240965545003333,0.452578169167458,NA,"sintetico_postestratificado",FALSE,0.211612624164125,"13","019","Chilcuautla"
471,0.372393165211079,0.259503725651647,0.481237714985707,NA,"sintetico_postestratificado",FALSE,0.22173398933406,"13","082","Zapotlán de Juárez"
472,0.307370016188168,0.213878837007038,0.419081064209218,NA,"sintetico_postestratificado",FALSE,0.20520222720218,"13","050","Progreso de Obregón"
473,0.303833244202948,0.214662952093801,0.415189310137788,NA,"sintetico_postestratificado",FALSE,0.200526358043988,"13","083","Zempoala"
474,0.332146043111645,0.237611212057831,0.436908269351208,8,"muestra_directa",TRUE,0.199297057293377,"13","018","Chapulhuacán"
475,0.315637459483051,0.229965723060449,0.40765873402943,9,"muestra_directa",TRUE,0.177693010968981,"13","035","Metepec"
476,0.299202367645058,0.207879571851881,0.401141411865549,NA,"sintetico_postestratificado",FALSE,0.193261840013668,"13","036","San Agustín Metzquititlán"
477,0.332539236097797,0.251978413504202,0.427583630376955,18,"muestra_directa",FALSE,0.175605216872753,"13","037","Metztitlán"
478,0.323436679038377,0.222739511640029,0.439448293848035,NA,"sintetico_postestratificado",FALSE,0.216708782208006,"13","020","Eloxochitlán"
479,0.325736778163231,0.223803270470316,0.444015158134972,NA,"sintetico_postestratificado",FALSE,0.220211887664656,"13","022","Epazoyucan"
480,0.338920799069791,0.24290560772849,0.455533019923203,NA,"sintetico_postestratificado",FALSE,0.212627412194713,"13","023","Francisco I. Madero"
481,0.343090407818704,0.245571819137411,0.459465397835121,NA,"sintetico_postestratificado",FALSE,0.21389357869771,"13","052","San Agustín Tlaxiaca"
482,0.362403810998046,0.263818754385306,0.478393275355055,6,"muestra_directa",TRUE,0.214574520969749,"13","024","Huasca de Ocampo"
483,0.372467228008751,0.256003568832697,0.494928954861041,NA,"sintetico_postestratificado",FALSE,0.238925386028344,"13","009","El Arenal"
484,0.368936686444217,0.272173582595943,0.483055092137977,NA,"sintetico_postestratificado",FALSE,0.210881509542034,"13","038","Mineral del Chico"
485,0.372829572338171,0.267692927043621,0.489614911547629,NA,"sintetico_postestratificado",FALSE,0.221921984504008,"13","071","Tlahuiltepa"
486,0.35502613875884,0.25408519711837,0.477550125637377,NA,"sintetico_postestratificado",FALSE,0.223464928519008,"13","064","Tepetitlán"
487,0.356110520818613,0.256951573043831,0.464779246929984,NA,"sintetico_postestratificado",FALSE,0.207827673886154,"13","053","San Bartolo Tutotepec"
488,0.350480257961455,0.256055008068921,0.461710901182276,7,"muestra_directa",TRUE,0.205655893113354,"13","008","Apan"
489,0.310331733267319,0.209009139130625,0.426011584386342,NA,"sintetico_postestratificado",FALSE,0.217002445255717,"13","007","Almoloya"
490,0.310757673473986,0.210777371469946,0.419711183551358,NA,"sintetico_postestratificado",FALSE,0.208933812081412,"13","068","Tianguistengo"
491,0.312747750750121,0.217437913999041,0.416788853897278,6,"muestra_directa",TRUE,0.199350939898237,"13","069","Tizayuca"
492,0.313129780974671,0.237253511494751,0.396532650934712,34,"muestra_directa",FALSE,0.159279139439962,"13","076","Tula de Allende"
493,0.34260288259139,0.241502200190672,0.456496777342787,NA,"sintetico_postestratificado",FALSE,0.214994577152115,"13","078","Xochiatipan"
494,0.342625921026737,0.238317123796317,0.467098894148505,NA,"sintetico_postestratificado",FALSE,0.228781770352188,"13","074","Tlaxcoapan"
495,0.28517531966205,0.209654250258083,0.374134469196329,21,"muestra_directa",FALSE,0.164480218938247,"13","051","Mineral de la Reforma"
496,0.307313218918672,0.220152303655153,0.403322052917802,NA,"sintetico_postestratificado",FALSE,0.183169749262649,"13","030","Ixmiquilpan"
497,0.313074384630148,0.21794438644657,0.424464052533053,NA,"sintetico_postestratificado",FALSE,0.206519666086483,"13","031","Jacala de Ledezma"
498,0.334479799919186,0.238326493009838,0.438765746357151,3,"muestra_directa",TRUE,0.200439253347313,"13","029","Huichapan"
499,0.334928615895837,0.234526344363252,0.449598447537434,NA,"sintetico_postestratificado",FALSE,0.215072103174182,"13","070","Tlahuelilpan"
500,0.337877470879714,0.240599276265801,0.45491946528185,NA,"sintetico_postestratificado",FALSE,0.214320189016049,"13","025","Huautla"
501,0.357214899125977,0.25317560261481,0.472450551378423,3,"muestra_directa",TRUE,0.219274948763613,"13","054","San Salvador"
502,0.342170833593598,0.241375204554443,0.447196504631705,NA,"sintetico_postestratificado",FALSE,0.205821300077262,"13","055","Santiago de Anaya"
503,0.30627055676588,0.221331437244322,0.404013562777974,13,"muestra_directa",FALSE,0.182682125533651,"13","006","Alfajayucan"
504,0.327703688830072,0.236022946375991,0.420457532156925,18,"muestra_directa",FALSE,0.184434585780934,"13","048","Pachuca de Soto"
505,0.319974252361256,0.219332769017454,0.435224210785989,NA,"sintetico_postestratificado",FALSE,0.215891441768535,"13","026","Huazalingo"
506,0.31030354975547,0.222677855156402,0.412055320727413,11,"muestra_directa",FALSE,0.189377465571011,"13","027","Huehuetla"
507,0.360994303891564,0.261904004207584,0.466135723034368,15,"muestra_directa",FALSE,0.204231718826783,"13","028","Huejutla de Reyes"
508,0.325770367347364,0.231455983823286,0.439736959860614,NA,"sintetico_postestratificado",FALSE,0.208280976037327,"13","043","Nicolás Flores"
509,0.349847660118393,0.24577027113215,0.464445822613275,NA,"sintetico_postestratificado",FALSE,0.218675551481124,"13","065","Tetepango"
510,0.351748209314518,0.252363962198009,0.461660997739348,5,"muestra_directa",TRUE,0.209297035541339,"13","063","Tepeji del Río de Ocampo"
511,0.386669040572989,0.279690716895998,0.50545090773611,NA,"sintetico_postestratificado",FALSE,0.225760190840112,"13","033","Juárez Hidalgo"
512,0.363053508833466,0.259474638546685,0.475625746827303,NA,"sintetico_postestratificado",FALSE,0.216151108280618,"13","013","Atotonilco de Tula"
513,0.324138308691268,0.226948592339802,0.431583349895823,NA,"sintetico_postestratificado",FALSE,0.204634757556021,"13","014","Calnali"
514,0.352200439164433,0.246677004546993,0.459678889494554,NA,"sintetico_postestratificado",FALSE,0.213001884947561,"13","015","Cardonal"
515,0.338049772094986,0.241616520576711,0.4639275311177,NA,"sintetico_postestratificado",FALSE,0.222311010540989,"13","016","Cuautepec de Hinojosa"
516,0.351042974593022,0.253196281132008,0.469923750438379,NA,"sintetico_postestratificado",FALSE,0.216727469306371,"13","021","Emiliano Zapata"
517,0.355148482888836,0.255586057274086,0.470710870329013,NA,"sintetico_postestratificado",FALSE,0.215124813054927,"13","005","Ajacuba"
518,0.344288825641139,0.238457458522452,0.458874910250628,NA,"sintetico_postestratificado",FALSE,0.220417451728176,"13","017","Chapantongo"
519,0.357465855474099,0.251444379609837,0.478987700292612,NA,"sintetico_postestratificado",FALSE,0.227543320682775,"13","066","Villa de Tezontepec"
520,0.343217870515466,0.240474843546594,0.451444077191855,NA,"sintetico_postestratificado",FALSE,0.210969233645262,"13","067","Tezontepec de Aldama"
521,0.300165859570469,0.209524783766738,0.410680301789994,NA,"sintetico_postestratificado",FALSE,0.201155518023256,"13","044","Nopala de Villagrán"
522,0.323007334830076,0.219304314557052,0.437773764211377,NA,"sintetico_postestratificado",FALSE,0.218469449654325,"13","045","Omitlán de Juárez"
523,0.326491793914328,0.24082054260697,0.419289525649585,22,"muestra_directa",FALSE,0.178468983042615,"13","046","San Felipe Orizatlán"
524,0.348071021531334,0.238574242665888,0.462932429882754,NA,"sintetico_postestratificado",FALSE,0.224358187216865,"13","039","Mineral del Monte"
525,0.349659975588916,0.242740893856888,0.470178570316273,NA,"sintetico_postestratificado",FALSE,0.227437676459384,"13","047","Pacula"
526,0.314586682779718,0.216777959993284,0.424221564710881,NA,"sintetico_postestratificado",FALSE,0.207443604717597,"13","049","Pisaflores"
527,0.302016057753703,0.211643241756706,0.40188252454303,11,"muestra_directa",FALSE,0.190239282786324,"13","077","Tulancingo de Bravo"
528,0.337544889940541,0.233324678537168,0.447261686434485,NA,"sintetico_postestratificado",FALSE,0.213937007897317,"13","062","Tepehuacán de Guerrero"
529,0.327661213920939,0.232490802959629,0.430380532976685,NA,"sintetico_postestratificado",FALSE,0.197889730017056,"13","003","Actopan"
530,0.302545398337549,0.209027581573204,0.407234464350896,4,"muestra_directa",TRUE,0.198206882777692,"13","002","Acaxochitlán"
531,0.35358518673688,0.255952474393147,0.471313641131863,NA,"sintetico_postestratificado",FALSE,0.215361166738716,"13","001","Acatlán"
532,0.325363336113353,0.236841122913586,0.427397006754184,4,"muestra_directa",TRUE,0.190555883840598,"13","061","Tepeapulco"
533,0.343557323565617,0.237605506763234,0.458230026475354,NA,"sintetico_postestratificado",FALSE,0.22062451971212,"13","058","Tasquillo"
534,0.298746983341676,0.204713110100644,0.406954810090014,NA,"sintetico_postestratificado",FALSE,0.20224169998937,"13","073","Tlanchinol"
535,0.329897488882765,0.235110411192352,0.445054430612865,NA,"sintetico_postestratificado",FALSE,0.209944019420514,"13","072","Tlanalapa"
536,0.356526854537723,0.252464513131697,0.471051812694042,NA,"sintetico_postestratificado",FALSE,0.218587299562346,"13","059","Tecozautla"
537,0.370542876306916,0.270121909929571,0.480739811419264,NA,"sintetico_postestratificado",FALSE,0.210617901489693,"13","060","Tenango de Doria"
538,0.352226816336074,0.251284464592453,0.460625945703836,NA,"sintetico_postestratificado",FALSE,0.209341481111383,"13","012","Atotonilco el Grande"
539,0.348378787422874,0.245399900617387,0.459458860750921,NA,"sintetico_postestratificado",FALSE,0.214058960133534,"13","011","Atlapexco"
540,0.312493421174348,0.212111890355483,0.421559786708311,NA,"sintetico_postestratificado",FALSE,0.209447896352827,"13","040","La Misión"
541,0.31572282227414,0.216967122169805,0.422914573618459,NA,"sintetico_postestratificado",FALSE,0.205947451448654,"13","042","Molango de Escamilla"
542,0.28703136516532,0.199193841254298,0.384958446657016,5,"muestra_directa",TRUE,0.185764605402719,"13","056","Santiago Tulantepec de Lugo Guerrero"
543,0.358859175014821,0.272092520263084,0.442405446297099,33,"muestra_directa",FALSE,0.170312926034015,"13","057","Singuilucan"
544,0.363735407845215,0.255828025141955,0.484684850719282,NA,"sintetico_postestratificado",FALSE,0.228856825577327,"13","084","Zimapán"
545,0.346025354540296,0.244926546178832,0.468703645605088,NA,"sintetico_postestratificado",FALSE,0.223777099426256,"13","075","Tolcayuca"
546,0.377272724103699,0.276274107345012,0.495475351449166,NA,"sintetico_postestratificado",FALSE,0.219201244104155,"14","122","Zapotitlán de Vadillo"
547,0.333970543409648,0.234691319383119,0.445635631761475,NA,"sintetico_postestratificado",FALSE,0.210944312378357,"14","019","Bolaños"
548,0.392195394159905,0.28484178694185,0.501503297358894,NA,"sintetico_postestratificado",FALSE,0.216661510417044,"14","065","Pihuamo"
549,0.34636495992344,0.258705704854919,0.441053708717445,25,"muestra_directa",FALSE,0.182348003862526,"14","101","Tonalá"
550,0.367178985859546,0.254226836277684,0.482479527769636,NA,"sintetico_postestratificado",FALSE,0.228252691491952,"14","076","San Martín de Bolaños"
551,0.35448462103478,0.259272324504379,0.466215045460682,NA,"sintetico_postestratificado",FALSE,0.206942720956303,"14","023","Zapotlán el Grande"
552,0.353335405955369,0.259387280243883,0.46302074293942,NA,"sintetico_postestratificado",FALSE,0.203633462695537,"14","074","San Julián"
553,0.346545591830814,0.25015773126668,0.459249080789155,NA,"sintetico_postestratificado",FALSE,0.209091349522475,"14","073","San Juan de los Lagos"
554,0.364571633988577,0.264178841884199,0.477001183992286,NA,"sintetico_postestratificado",FALSE,0.212822342108087,"14","062","Mixtlán"
555,0.345904728357654,0.246096936530835,0.456155000929226,NA,"sintetico_postestratificado",FALSE,0.210058064398391,"14","113","San Gabriel"
556,0.276007019196508,0.186659567234747,0.381001291645469,NA,"sintetico_postestratificado",FALSE,0.194341724410721,"14","087","Tecalitlán"
557,0.364433148971916,0.263728231081811,0.465473929142925,NA,"sintetico_postestratificado",FALSE,0.201745698061113,"14","014","Atoyac"
558,0.36609132689758,0.259152929094333,0.472640597001939,NA,"sintetico_postestratificado",FALSE,0.213487667907606,"14","015","Autlán de Navarro"
559,0.394655082910223,0.3003223070527,0.504426806225451,13,"muestra_directa",FALSE,0.204104499172752,"14","097","Tlajomulco de Zúñiga"
560,0.313667834182577,0.218488671941796,0.424674100120324,NA,"sintetico_postestratificado",FALSE,0.206185428178528,"14","055","Magdalena"
561,0.338709093022239,0.233191546300396,0.446396449609288,NA,"sintetico_postestratificado",FALSE,0.213204903308893,"14","063","Ocotlán"
562,0.350629338062106,0.246190316388133,0.465235035269115,NA,"sintetico_postestratificado",FALSE,0.219044718880982,"14","086","Tapalpa"
563,0.323261503009203,0.223091617434782,0.444825877967474,NA,"sintetico_postestratificado",FALSE,0.221734260532693,"14","043","La Huerta"
564,0.343551169272686,0.236100581568477,0.458854988535853,NA,"sintetico_postestratificado",FALSE,0.222754406967376,"14","116","Villa Hidalgo"
565,0.312446345430078,0.218004756595684,0.422527580127249,NA,"sintetico_postestratificado",FALSE,0.204522823531565,"14","012","Atenguillo"
566,0.35532867572749,0.251943626224938,0.463645780062798,NA,"sintetico_postestratificado",FALSE,0.21170215383786,"14","117","Cañadas de Obregón"
567,0.380063496363093,0.266848892810513,0.487619800987156,NA,"sintetico_postestratificado",FALSE,0.220770908176643,"14","118","Yahualica de González Gallo"
568,0.380707167368431,0.271492363451423,0.496016909418729,NA,"sintetico_postestratificado",FALSE,0.224524545967306,"14","017","Ayutla"
569,0.366637204869834,0.268625643084749,0.481162003111846,NA,"sintetico_postestratificado",FALSE,0.212536360027097,"14","119","Zacoalco de Torres"
570,0.294201303814782,0.211351359222594,0.381759715875439,27,"muestra_directa",FALSE,0.170408356652845,"14","120","Zapopan"
571,0.331765564428053,0.229706253018899,0.445071096723603,NA,"sintetico_postestratificado",FALSE,0.215364843704703,"14","121","Zapotiltic"
572,0.332467628972908,0.228705189143391,0.450810093241615,NA,"sintetico_postestratificado",FALSE,0.222104904098223,"14","123","Zapotlán del Rey"
573,0.343149436157935,0.238580687069105,0.457407276283499,NA,"sintetico_postestratificado",FALSE,0.218826589214394,"14","069","Quitupan"
574,0.357103142183767,0.257141609092188,0.463450919800133,NA,"sintetico_postestratificado",FALSE,0.206309310707945,"14","112","Valle de Juárez"
575,0.298794111483357,0.204097350787792,0.402910134521174,NA,"sintetico_postestratificado",FALSE,0.198812783733382,"14","111","Valle de Guadalupe"
576,0.344618275774056,0.246051123059307,0.460381529786888,NA,"sintetico_postestratificado",FALSE,0.214330406727581,"14","079","Gómez Farías"
577,0.383621692592773,0.280629415097926,0.490424039449387,NA,"sintetico_postestratificado",FALSE,0.209794624351462,"14","078","San Miguel el Alto"
578,0.341803736214214,0.235462016677045,0.453775387121965,NA,"sintetico_postestratificado",FALSE,0.21831337044492,"14","077","San Martín Hidalgo"
579,0.367939877689544,0.25447235974514,0.478014926371123,NA,"sintetico_postestratificado",FALSE,0.223542566625984,"14","075","San Marcos"
580,0.34911366275028,0.261094693661256,0.440417595814673,31,"muestra_directa",FALSE,0.179322902153417,"14","098","San Pedro Tlaquepaque"
581,0.332082944795684,0.225181966019146,0.449243896922571,NA,"sintetico_postestratificado",FALSE,0.224061930903425,"14","105","Tototlán"
582,0.317457719247471,0.217198916227104,0.429180664421459,NA,"sintetico_postestratificado",FALSE,0.211981748194355,"14","104","Totatiche"
583,0.354542013359617,0.243718330323902,0.467254656531325,NA,"sintetico_postestratificado",FALSE,0.223536326207423,"14","103","Tonila"
584,0.343274204082161,0.242365471004507,0.455700616325646,NA,"sintetico_postestratificado",FALSE,0.213335145321139,"14","024","Cocula"
585,0.344061864098415,0.232850038802272,0.461908642502662,NA,"sintetico_postestratificado",FALSE,0.229058603700391,"14","102","Tonaya"
586,0.346833118154713,0.251636893435699,0.449730397014551,NA,"sintetico_postestratificado",FALSE,0.198093503578853,"14","100","Tomatlán"
587,0.326184560369101,0.228387609773213,0.441806186687359,NA,"sintetico_postestratificado",FALSE,0.213418576914146,"14","099","Tolimán"
588,0.337324584098637,0.244272725077428,0.443269332805409,11,"muestra_directa",FALSE,0.198996607727981,"14","093","Tepatitlán de Morelos"
589,0.356170229803672,0.256783709906124,0.460140424624212,NA,"sintetico_postestratificado",FALSE,0.203356714718089,"14","124","Zapotlanejo"
590,0.338263638300018,0.237765545977977,0.449396539425511,NA,"sintetico_postestratificado",FALSE,0.211630993447534,"14","115","Villa Guerrero"
591,0.349740767256881,0.2465290066157,0.467292985795542,4,"muestra_directa",TRUE,0.220763979179842,"14","021","Casimiro Castillo"
592,0.329561454739126,0.231879669143531,0.436870602546568,NA,"sintetico_postestratificado",FALSE,0.204990933403037,"14","070","El Salto"
593,0.351507879911916,0.249375546214045,0.465293014682345,NA,"sintetico_postestratificado",FALSE,0.2159174684683,"14","020","Cabo Corrientes"
594,0.348834301844395,0.248976893371024,0.458425673191165,NA,"sintetico_postestratificado",FALSE,0.209448779820141,"14","018","La Barca"
595,0.370774419520808,0.26295185421013,0.491513906876294,NA,"sintetico_postestratificado",FALSE,0.228562052666164,"14","051","Juanacatlán"
596,0.327144508060859,0.229187779770108,0.427620325564493,14,"muestra_directa",FALSE,0.198432545794385,"14","044","Ixtlahuacán de los Membrillos"
597,0.37234491797907,0.29172846731709,0.460254744098264,45,"muestra_directa",FALSE,0.168526276781174,"14","039","Guadalajara"
598,0.325967969442504,0.225871018968326,0.436782541831537,NA,"sintetico_postestratificado",FALSE,0.21091152286321,"14","022","Cihuatlán"
599,0.364089879080854,0.259151029492087,0.476498961627795,NA,"sintetico_postestratificado",FALSE,0.217347932135708,"14","016","Ayotlán"
600,0.320865957076002,0.227557191051982,0.428923606448172,NA,"sintetico_postestratificado",FALSE,0.20136641539619,"14","080","San Sebastián del Oeste"
601,0.347515322999763,0.250560977691087,0.463766548171411,NA,"sintetico_postestratificado",FALSE,0.213205570480324,"14","125","San Ignacio Cerro Gordo"
602,0.334170148348824,0.232279231773888,0.450092255639913,NA,"sintetico_postestratificado",FALSE,0.217813023866025,"14","072","San Diego de Alejandría"
603,0.294917093544611,0.200313607334773,0.395533916334779,6,"muestra_directa",TRUE,0.195220309000005,"14","066","Poncitlán"
604,0.361531263005217,0.254304709649527,0.480056475794461,NA,"sintetico_postestratificado",FALSE,0.225751766144934,"14","110","Unión de Tula"
605,0.393687802054449,0.291959602351012,0.517917032450331,NA,"sintetico_postestratificado",FALSE,0.225957430099319,"14","092","Teocuitatlán de Corona"
606,0.371545663837813,0.26984364323662,0.479355365203885,NA,"sintetico_postestratificado",FALSE,0.209511721967265,"14","091","Teocaltiche"
607,0.341214645730517,0.24210234874748,0.449671995920982,8,"muestra_directa",TRUE,0.207569647173502,"14","002","Acatlán de Juárez"
608,0.358586620160444,0.25410200487973,0.474672385020736,NA,"sintetico_postestratificado",FALSE,0.220570380141006,"14","003","Ahualulco de Mercado"
609,0.344893305278312,0.237667751154424,0.46083586371841,NA,"sintetico_postestratificado",FALSE,0.223168112563986,"14","005","Amatitán"
610,0.348368928320773,0.249174981247843,0.455701290162554,NA,"sintetico_postestratificado",FALSE,0.206526308914711,"14","109","Unión de San Antonio"
611,0.315436388344894,0.221677697752155,0.418347841134264,NA,"sintetico_postestratificado",FALSE,0.196670143382108,"14","108","Tuxpan"
612,0.329050748102606,0.228790104160649,0.438990179353424,NA,"sintetico_postestratificado",FALSE,0.210200075192775,"14","088","Tecolotlán"
613,0.346648495967871,0.240330216163521,0.461567120942423,NA,"sintetico_postestratificado",FALSE,0.221236904778902,"14","090","Tenamaxtlán"
614,0.356232620527355,0.257071356469465,0.474610801569066,NA,"sintetico_postestratificado",FALSE,0.217539445099601,"14","071","San Cristóbal de la Barranca"
615,0.349513561231554,0.250564394785667,0.465575569854427,NA,"sintetico_postestratificado",FALSE,0.21501117506876,"14","068","Villa Purificación"
616,0.315806556960945,0.222990452940566,0.415346487585917,11,"muestra_directa",FALSE,0.192356034645351,"14","067","Puerto Vallarta"
617,0.336187039346817,0.228074125310898,0.444328452219223,NA,"sintetico_postestratificado",FALSE,0.216254326908325,"14","114","Villa Corona"
618,0.352945234456811,0.248351797914401,0.46376872054585,NA,"sintetico_postestratificado",FALSE,0.215416922631449,"14","107","Tuxcueca"
619,0.307819779233759,0.213748105041142,0.422574593633587,NA,"sintetico_postestratificado",FALSE,0.208826488592445,"14","106","Tuxcacuesco"
620,0.341113867718512,0.237660871831189,0.451867210254256,NA,"sintetico_postestratificado",FALSE,0.214206338423067,"14","025","Colotlán"
621,0.341746622903238,0.240976283319019,0.460989119844952,NA,"sintetico_postestratificado",FALSE,0.220012836525934,"14","027","Cuautitlán de García Barragán"
622,0.345188760947589,0.233938911975199,0.460454127802496,NA,"sintetico_postestratificado",FALSE,0.226515215827297,"14","028","Cuautla"
623,0.351650783174725,0.246424906567444,0.456712392148536,NA,"sintetico_postestratificado",FALSE,0.210287485581092,"14","011","Atengo"
624,0.377708806202825,0.270256950377697,0.494688069019864,NA,"sintetico_postestratificado",FALSE,0.224431118642167,"14","064","Ojuelos de Jalisco"
625,0.33818144354047,0.234211902669423,0.447078804732534,4,"muestra_directa",TRUE,0.212866902063111,"14","032","Chiquilistlán"
626,0.357202656821642,0.254873849563185,0.474715655788369,NA,"sintetico_postestratificado",FALSE,0.219841806225184,"14","030","Chapala"
627,0.333680881614655,0.229220586615982,0.454467238812274,NA,"sintetico_postestratificado",FALSE,0.225246652196293,"14","029","Cuquío"
628,0.360146684958822,0.254165242910281,0.469783969366957,NA,"sintetico_postestratificado",FALSE,0.215618726456675,"14","094","Tequila"
629,0.354503272472557,0.255409239508173,0.476890174717079,NA,"sintetico_postestratificado",FALSE,0.221480935208906,"14","095","Teuchitlán"
630,0.347818109582225,0.242463544923523,0.46316550129521,NA,"sintetico_postestratificado",FALSE,0.220701956371687,"14","096","Tizapán el Alto"
631,0.341959066275965,0.241195031838241,0.456368306603409,NA,"sintetico_postestratificado",FALSE,0.215173274765168,"14","061","Mezquitic"
632,0.356038950671386,0.252664497478955,0.472450532214423,NA,"sintetico_postestratificado",FALSE,0.219786034735468,"14","060","Mexticacán"
633,0.360002998295712,0.249061840477103,0.480444702076863,NA,"sintetico_postestratificado",FALSE,0.23138286159976,"14","059","Mazamitla"
634,0.371178185472397,0.267998350512839,0.480096696321287,4,"muestra_directa",TRUE,0.212098345808448,"14","058","Mascota"
635,0.351419535881506,0.248471841053535,0.465946652387168,NA,"sintetico_postestratificado",FALSE,0.217474811333633,"14","057","La Manzanilla de la Paz"
636,0.366503827941521,0.252980784652342,0.48397871641965,NA,"sintetico_postestratificado",FALSE,0.230997931767308,"14","056","Santa María del Oro"
637,0.389954144900617,0.276867858654001,0.50118132457359,NA,"sintetico_postestratificado",FALSE,0.224313465919588,"14","054","El Limón"
638,0.321947243168915,0.227843958206265,0.429381830667693,NA,"sintetico_postestratificado",FALSE,0.201537872461427,"14","085","Tamazula de Gordiano"
639,0.361927887163834,0.259813617216528,0.479046429644589,NA,"sintetico_postestratificado",FALSE,0.219232812428061,"14","084","Talpa de Allende"
640,0.317735813859012,0.226802449228566,0.417110897474236,12,"muestra_directa",FALSE,0.190308448245669,"14","053","Lagos de Moreno"
641,0.352260514609966,0.246293904707937,0.463681987626437,NA,"sintetico_postestratificado",FALSE,0.217388082918501,"14","052","Juchitlán"
642,0.320489788579834,0.222809232743528,0.431833046059833,NA,"sintetico_postestratificado",FALSE,0.209023813316304,"14","050","Jocotepec"
643,0.359011841018672,0.25573876154882,0.470170823497493,NA,"sintetico_postestratificado",FALSE,0.214432061948673,"14","031","Chimaltitán"
644,0.329297742517044,0.226721973469163,0.440616345138366,NA,"sintetico_postestratificado",FALSE,0.213894371669202,"14","049","Jilotlán de los Dolores"
645,0.386285133460671,0.281313221054864,0.496163800799392,NA,"sintetico_postestratificado",FALSE,0.214850579744529,"14","048","Jesús María"
646,0.371261616398822,0.258874421372587,0.485989892122342,NA,"sintetico_postestratificado",FALSE,0.227115470749755,"14","047","Jamay"
647,0.34587350236799,0.250702819673911,0.45288078130716,10,"muestra_directa",FALSE,0.202177961633249,"14","046","Jalostotitlán"
648,0.340170491901642,0.243349847821419,0.45220585892771,NA,"sintetico_postestratificado",FALSE,0.208856011106291,"14","045","Ixtlahuacán del Río"
649,0.340896242322851,0.240605038167977,0.455216143012551,NA,"sintetico_postestratificado",FALSE,0.214611104844575,"14","042","Huejuquilla el Alto"
650,0.370170829831239,0.26176955384151,0.487807547365378,NA,"sintetico_postestratificado",FALSE,0.226037993523868,"14","041","Huejúcar"
651,0.349346770585494,0.246806332770353,0.459622803310964,NA,"sintetico_postestratificado",FALSE,0.212816470540612,"14","040","Hostotipaquillo"
652,0.34407475600612,0.245618188112418,0.45919408035006,NA,"sintetico_postestratificado",FALSE,0.213575892237642,"14","038","Guachinango"
653,0.347575328305238,0.234647271092043,0.46298725604932,NA,"sintetico_postestratificado",FALSE,0.228339984957277,"14","037","El Grullo"
654,0.341321889593293,0.237503773647759,0.462342542518923,NA,"sintetico_postestratificado",FALSE,0.224838768871164,"14","036","Etzatlán"
655,0.348242217682513,0.243938056291677,0.455311644486084,NA,"sintetico_postestratificado",FALSE,0.211373588194406,"14","035","Encarnación de Díaz"
656,0.35920335712108,0.255920971978188,0.470244532245223,NA,"sintetico_postestratificado",FALSE,0.214323560267035,"14","034","Ejutla"
657,0.346694351559644,0.24659930878352,0.462487138618276,NA,"sintetico_postestratificado",FALSE,0.215887829834756,"14","033","Degollado"
658,0.30480856342503,0.207557373169893,0.412690770580576,NA,"sintetico_postestratificado",FALSE,0.205133397410683,"14","010","Atemajac de Brizuela"
659,0.309875412506427,0.214046973229743,0.416304849485047,NA,"sintetico_postestratificado",FALSE,0.202257876255304,"14","013","Atotonilco el Alto"
660,0.331103116357594,0.235902766038003,0.443214213817815,NA,"sintetico_postestratificado",FALSE,0.207311447779811,"14","089","Techaluta de Montenegro"
661,0.360403514521503,0.260838825927003,0.471393762874013,NA,"sintetico_postestratificado",FALSE,0.21055493694701,"14","026","Concepción de Buenos Aires"
662,0.324468429609076,0.229573996053783,0.435230237154011,3,"muestra_directa",TRUE,0.205656241100228,"14","083","Tala"
663,0.348358501016759,0.250215692639023,0.462962667685742,NA,"sintetico_postestratificado",FALSE,0.212746975046718,"14","082","Sayula"
664,0.356983562572772,0.250019179060081,0.477535498965645,NA,"sintetico_postestratificado",FALSE,0.227516319905564,"14","081","Santa María de los Ángeles"
665,0.380757912553129,0.274805007620639,0.50325965272848,NA,"sintetico_postestratificado",FALSE,0.228454645107841,"14","009","El Arenal"
666,0.353419633062874,0.264998037764452,0.452228313732003,19,"muestra_directa",FALSE,0.187230275967551,"14","008","Arandas"
667,0.338249099744788,0.233173527228528,0.448132590864593,NA,"sintetico_postestratificado",FALSE,0.214959063636065,"14","007","San Juanito de Escobedo"
668,0.355713120433448,0.255566972561295,0.460685450903016,NA,"sintetico_postestratificado",FALSE,0.205118478341721,"14","006","Ameca"
669,0.367314218871531,0.256318321597861,0.481199411736813,NA,"sintetico_postestratificado",FALSE,0.224881090138952,"14","004","Amacueca"
670,0.340278384884421,0.238762301410818,0.45537753104276,NA,"sintetico_postestratificado",FALSE,0.216615229631942,"14","001","Acatic"
671,0.28260303119178,0.200753069830559,0.375237815791282,16,"muestra_directa",FALSE,0.174484745960723,"15","021","Coatepec Harinas"
672,0.328995195986708,0.227058671962922,0.445200591991812,NA,"sintetico_postestratificado",FALSE,0.218141920028891,"15","011","Atenco"
673,0.329194186510672,0.231424467222054,0.442507269780698,NA,"sintetico_postestratificado",FALSE,0.211082802558644,"15","004","Almoloya de Alquisiras"
674,0.338830858131486,0.237510475368612,0.446943051313517,NA,"sintetico_postestratificado",FALSE,0.209432575944905,"15","002","Acolman"
675,0.34388215117809,0.236871129496304,0.454041696494672,NA,"sintetico_postestratificado",FALSE,0.217170566998368,"15","034","Ecatzingo"
676,0.357230051116252,0.252265925167356,0.468676603659536,NA,"sintetico_postestratificado",FALSE,0.21641067849218,"15","030","Chiconcuac"
677,0.30087964488669,0.208581084641094,0.406520879975899,7,"muestra_directa",TRUE,0.197939795334805,"15","068","Ozumba"
678,0.301126590197852,0.214682438032932,0.39757596139641,9,"muestra_directa",TRUE,0.182893523363478,"15","082","Tejupilco"
679,0.345470212272624,0.244295438754127,0.465201554730293,NA,"sintetico_postestratificado",FALSE,0.220906115976166,"15","028","Chiautla"
680,0.343627154683293,0.242766009730457,0.46060428342056,NA,"sintetico_postestratificado",FALSE,0.217838273690104,"15","019","Capulhuac"
681,0.350002993593299,0.261167311820681,0.453530781031474,27,"muestra_directa",FALSE,0.192363469210793,"15","118","Zinacantepec"
682,0.370124892483448,0.262398378680306,0.486671317915516,4,"muestra_directa",TRUE,0.22427293923521,"15","094","Tepetlixpa"
683,0.421582814016119,0.319789885675356,0.536507580050952,8,"muestra_directa",TRUE,0.216717694375596,"15","074","San Felipe del Progreso"
684,0.341792330528744,0.245042629281715,0.448244144002354,NA,"sintetico_postestratificado",FALSE,0.203201514720639,"15","036","Hueypoxtla"
685,0.337774067322537,0.23253733393865,0.460248011200551,NA,"sintetico_postestratificado",FALSE,0.227710677261901,"15","041","Ixtapan del Oro"
686,0.34660594008992,0.252858024439868,0.452540188644062,NA,"sintetico_postestratificado",FALSE,0.199682164204194,"15","085","Temascalcingo"
687,0.359203694904878,0.254811072058526,0.468081770284714,NA,"sintetico_postestratificado",FALSE,0.213270698226188,"15","096","Tequixquiac"
688,0.341385553489901,0.2474000280058,0.440103134883509,21,"muestra_directa",FALSE,0.192703106877709,"15","104","Tlalnepantla de Baz"
689,0.344394145201368,0.246687609621622,0.453392067806803,NA,"sintetico_postestratificado",FALSE,0.206704458185181,"15","076","San Mateo Atenco"
690,0.370375151690638,0.269820050173418,0.494707853728871,NA,"sintetico_postestratificado",FALSE,0.224887803555453,"15","010","Apaxco"
691,0.371270864087196,0.25787336613262,0.481760880137985,NA,"sintetico_postestratificado",FALSE,0.223887514005365,"15","023","Coyotepec"
692,0.348196889015412,0.261083876902217,0.444707100600191,24,"muestra_directa",FALSE,0.183623223697974,"15","025","Chalco"
693,0.361296750969664,0.264924116627613,0.477032461970916,NA,"sintetico_postestratificado",FALSE,0.212108345343303,"15","103","Tlalmanalco"
694,0.381700911331887,0.286043776457631,0.487956415754443,12,"muestra_directa",FALSE,0.201912639296811,"15","100","Tezoyuca"
695,0.316654520021536,0.228392673243224,0.414948599424271,9,"muestra_directa",TRUE,0.186555926181047,"15","040","Ixtapan de la Sal"
696,0.342375261725473,0.232807678204259,0.473535697368021,NA,"sintetico_postestratificado",FALSE,0.240728019163762,"15","107","Tonatico"
697,0.345647078097038,0.24465232340383,0.454243515949562,NA,"sintetico_postestratificado",FALSE,0.209591192545731,"15","052","Malinalco"
698,0.326148225929209,0.24974076086847,0.405565778655951,46,"muestra_directa",FALSE,0.15582501778748,"15","109","Tultitlán"
699,0.348660686369515,0.254803227638459,0.450878102773605,14,"muestra_directa",FALSE,0.196074875135146,"15","012","Atizapán"
700,0.347492891490267,0.249819590102819,0.46198349201217,NA,"sintetico_postestratificado",FALSE,0.212163901909351,"15","014","Atlacomulco"
701,0.302701016720207,0.210715724268976,0.415040568162851,NA,"sintetico_postestratificado",FALSE,0.204324843893875,"15","003","Aculco"
702,0.331424399627783,0.233908206029556,0.441709113437405,NA,"sintetico_postestratificado",FALSE,0.207800907407849,"15","015","Atlautla"
703,0.34973312060203,0.24125544344838,0.460936849135837,NA,"sintetico_postestratificado",FALSE,0.219681405687458,"15","016","Axapusco"
704,0.301641556938462,0.210956590196342,0.409869267132676,NA,"sintetico_postestratificado",FALSE,0.198912676936333,"15","005","Almoloya de Juárez"
705,0.336254732870178,0.240255789894806,0.443033765117665,7,"muestra_directa",TRUE,0.202777975222859,"15","024","Cuautitlán"
706,0.309645736664706,0.215076579000734,0.420390816731992,NA,"sintetico_postestratificado",FALSE,0.205314237731258,"15","008","Amatepec"
707,0.282077397165177,0.202683914600786,0.374903618243574,18,"muestra_directa",FALSE,0.172219703642788,"15","007","Amanalco"
708,0.347588724105479,0.24665286560691,0.45803428204212,7,"muestra_directa",TRUE,0.211381416435211,"15","120","Zumpango"
709,0.335576813606302,0.232824043264673,0.454638341240307,5,"muestra_directa",TRUE,0.221814297975635,"15","042","Ixtlahuaca"
710,0.300281032047482,0.214019213381105,0.401051577799114,10,"muestra_directa",FALSE,0.187032364418009,"15","084","Temascalapa"
711,0.271985411134452,0.18321368520924,0.371758492796503,NA,"sintetico_postestratificado",FALSE,0.188544807587263,"15","047","Jiquipilco"
712,0.31912830095509,0.217773866832386,0.427997510546225,NA,"sintetico_postestratificado",FALSE,0.210223643713839,"15","022","Cocotitlán"
713,0.327983986207347,0.226960380211666,0.433783572694572,7,"muestra_directa",TRUE,0.206823192482906,"15","020","Coacalco de Berriozábal"
714,0.331872709518081,0.235894477683714,0.444437048524838,NA,"sintetico_postestratificado",FALSE,0.208542570841125,"15","062","Ocoyoacac"
715,0.325247965958034,0.231328771937767,0.439764504170029,NA,"sintetico_postestratificado",FALSE,0.208435732232262,"15","050","Juchitepec"
716,0.309429485018533,0.205688755316474,0.431879440332676,NA,"sintetico_postestratificado",FALSE,0.226190685016201,"15","061","Nopaltepec"
717,0.318686142704569,0.218952759348726,0.430619467346266,NA,"sintetico_postestratificado",FALSE,0.211666707997541,"15","101","Tianguistenco"
718,0.34632081487018,0.253071037119789,0.451688961685877,12,"muestra_directa",FALSE,0.198617924566088,"15","057","Naucalpan de Juárez"
719,0.34954136096613,0.257175367131587,0.458837237245327,16,"muestra_directa",FALSE,0.20166187011374,"15","105","Tlatlaya"
720,0.371848042455962,0.285115217567608,0.463920809789173,29,"muestra_directa",FALSE,0.178805592221565,"15","106","Toluca"
721,0.345543410590793,0.246400377641107,0.456321729112636,NA,"sintetico_postestratificado",FALSE,0.209921351471529,"15","116","Zacazonapan"
722,0.360341805334173,0.260903547322348,0.46999627401429,NA,"sintetico_postestratificado",FALSE,0.209092726691941,"15","097","Texcaltitlán"
723,0.342626111011687,0.234928276356097,0.445891254647016,NA,"sintetico_postestratificado",FALSE,0.210962978290919,"15","079","Soyaniquilpan de Juárez"
724,0.276321421180912,0.196675739685754,0.365188880383225,11,"muestra_directa",FALSE,0.168513140697471,"15","119","Zumpahuacán"
725,0.365957368472406,0.273387729641895,0.471721205620788,7,"muestra_directa",TRUE,0.198333475978894,"15","081","Tecámac"
726,0.326204972092346,0.229656184680945,0.43508378840078,3,"muestra_directa",TRUE,0.205427603719835,"15","035","Huehuetoca"
727,0.308533633486503,0.210557728662899,0.419593530513018,NA,"sintetico_postestratificado",FALSE,0.209035801850119,"15","064","El Oro"
728,0.347104439769656,0.242071915537349,0.460648128878259,NA,"sintetico_postestratificado",FALSE,0.21857621334091,"15","083","Temamatla"
729,0.352444585693705,0.248103712160233,0.468111004262565,NA,"sintetico_postestratificado",FALSE,0.220007292102331,"15","102","Timilpan"
730,0.344276891614467,0.237560958689735,0.466780761518178,NA,"sintetico_postestratificado",FALSE,0.229219802828443,"15","087","Temoaya"
731,0.322762740458851,0.230710682758488,0.422599940363947,NA,"sintetico_postestratificado",FALSE,0.191889257605459,"15","066","Otzoloapan"
732,0.328759404515141,0.228562131182058,0.442829747667833,NA,"sintetico_postestratificado",FALSE,0.214267616485775,"15","108","Tultepec"
733,0.309983423907842,0.217158977604751,0.417263576225501,NA,"sintetico_postestratificado",FALSE,0.200104598620751,"15","089","Tenango del Aire"
734,0.321217724883011,0.22411916552553,0.425938056087229,8,"muestra_directa",TRUE,0.201818890561699,"15","051","Lerma"
735,0.307949055965276,0.211900947398422,0.416318444025441,NA,"sintetico_postestratificado",FALSE,0.20441749662702,"15","046","Jilotzingo"
736,0.337785527785135,0.261039363873148,0.432013551996225,31,"muestra_directa",FALSE,0.170974188123077,"15","037","Huixquilucan"
737,0.340525244530433,0.239849033340941,0.448391883685035,NA,"sintetico_postestratificado",FALSE,0.208542850344094,"15","038","Isidro Fabela"
738,0.330637780108245,0.248902513195581,0.420392708123293,26,"muestra_directa",FALSE,0.171490194927712,"15","039","Ixtapaluca"
739,0.37012747916238,0.269081414665665,0.487433757331748,NA,"sintetico_postestratificado",FALSE,0.218352342666084,"15","017","Ayapango"
740,0.324646678961264,0.22149959923299,0.450141606175004,NA,"sintetico_postestratificado",FALSE,0.228642006942015,"15","069","Papalotla"
741,0.354594882083314,0.250099446241654,0.469184358793289,NA,"sintetico_postestratificado",FALSE,0.219084912551635,"15","065","Otumba"
742,0.320354485842417,0.228008629467969,0.428316967698421,NA,"sintetico_postestratificado",FALSE,0.200308338230453,"15","048","Jocotitlán"
743,0.374233153886593,0.285304165637364,0.470846873609921,26,"muestra_directa",FALSE,0.185542707972556,"15","121","Cuautitlán Izcalli"
744,0.332876560675499,0.235799205744549,0.439226777716357,NA,"sintetico_postestratificado",FALSE,0.203427571971807,"15","080","Sultepec"
745,0.325080275052077,0.224386727649861,0.436924434519523,NA,"sintetico_postestratificado",FALSE,0.212537706869661,"15","071","Polotitlán"
746,0.340119242771123,0.239867384925694,0.447308502901812,NA,"sintetico_postestratificado",FALSE,0.207441117976117,"15","075","San Martín de las Pirámides"
747,0.312481154784131,0.211562484888012,0.429319632258688,NA,"sintetico_postestratificado",FALSE,0.217757147370676,"15","072","Rayón"
748,0.359090416674113,0.254598601394479,0.475255323296434,NA,"sintetico_postestratificado",FALSE,0.220656721901956,"15","056","Morelos"
749,0.352452959104485,0.258407676181866,0.45859843724549,7,"muestra_directa",TRUE,0.200190761063623,"15","067","Otzolotepec"
750,0.375734229596508,0.280266292511167,0.486294446868209,7,"muestra_directa",TRUE,0.206028154357042,"15","088","Tenancingo"
751,0.350555708596777,0.256102101823234,0.450989273276637,16,"muestra_directa",FALSE,0.194887171453403,"15","070","La Paz"
752,0.338174114580111,0.235798880293239,0.455199689516822,NA,"sintetico_postestratificado",FALSE,0.219400809223583,"15","078","Santo Tomás"
753,0.344444096640707,0.245810805955879,0.454506568634463,NA,"sintetico_postestratificado",FALSE,0.208695762678584,"15","111","Villa de Allende"
754,0.343535802153587,0.240757802659857,0.45722019832863,NA,"sintetico_postestratificado",FALSE,0.216462395668773,"15","112","Villa del Carbón"
755,0.301140018946625,0.205474337663462,0.406542699034165,NA,"sintetico_postestratificado",FALSE,0.201068361370703,"15","091","Teoloyucan"
756,0.336829100052122,0.23779363326631,0.447017700335479,NA,"sintetico_postestratificado",FALSE,0.209224067069169,"15","113","Villa Guerrero"
757,0.299208360149866,0.201095475835191,0.411044653059433,NA,"sintetico_postestratificado",FALSE,0.209949177224242,"15","006","Almoloya del Río"
758,0.326720302119397,0.228295083865577,0.440275448964182,NA,"sintetico_postestratificado",FALSE,0.211980365098605,"15","123","Luvianos"
759,0.359316750790403,0.254552004540558,0.466085378559696,5,"muestra_directa",TRUE,0.211533374019138,"15","099","Texcoco"
760,0.316922952270529,0.227036702015349,0.409767429851137,22,"muestra_directa",FALSE,0.182730727835787,"15","060","Nicolás Romero"
761,0.33959061935277,0.253126326323233,0.443316441805544,17,"muestra_directa",FALSE,0.19019011548231,"15","122","Valle de Chalco Solidaridad"
762,0.334865721509528,0.231581416226178,0.446880326158786,NA,"sintetico_postestratificado",FALSE,0.215298909932608,"15","044","Jaltenco"
763,0.338825532934412,0.23278445611638,0.445408739980676,NA,"sintetico_postestratificado",FALSE,0.212624283864296,"15","110","Valle de Bravo"
764,0.362350832701553,0.259324308435897,0.471303781846615,NA,"sintetico_postestratificado",FALSE,0.211979473410719,"15","045","Jilotepec"
765,0.305188257596723,0.213240953787561,0.404829277382258,NA,"sintetico_postestratificado",FALSE,0.191588323594697,"15","098","Texcalyacac"
766,0.322397864556716,0.231414924599112,0.427865119444874,6,"muestra_directa",TRUE,0.196450194845762,"15","115","Xonacatlán"
767,0.313145043846937,0.215713740841081,0.428158567353278,NA,"sintetico_postestratificado",FALSE,0.212444826512197,"15","117","Zacualpan"
768,0.303957766957484,0.21092688032625,0.410020603825242,NA,"sintetico_postestratificado",FALSE,0.199093723498991,"15","124","San José del Rincón"
769,0.326609129809449,0.223355860373407,0.428419800623357,NA,"sintetico_postestratificado",FALSE,0.205063940249949,"15","029","Chicoloapan"
770,0.370092284025644,0.284402797402692,0.460846823392502,40,"muestra_directa",FALSE,0.17644402598981,"15","058","Nezahualcóyotl"
771,0.316230866090159,0.224879110220823,0.408191099015731,12,"muestra_directa",FALSE,0.183311988794907,"15","092","Teotihuacán"
772,0.315027251089321,0.214551496221548,0.427877408570667,NA,"sintetico_postestratificado",FALSE,0.213325912349119,"15","077","San Simón de Guerrero"
773,0.332387720268473,0.233366213072305,0.446352310778327,NA,"sintetico_postestratificado",FALSE,0.212986097706022,"15","055","Mexicaltzingo"
774,0.354853630798519,0.256210166446693,0.454771734313121,13,"muestra_directa",FALSE,0.198561567866428,"15","054","Metepec"
775,0.364731767665844,0.259883941046637,0.478239149462829,NA,"sintetico_postestratificado",FALSE,0.218355208416192,"15","049","Joquicingo"
776,0.29125727242648,0.206221149353037,0.386781290093751,14,"muestra_directa",FALSE,0.180560140740714,"15","026","Chapa de Mota"
777,0.378843675235879,0.280692689677585,0.498012556251187,11,"muestra_directa",FALSE,0.217319866573601,"15","001","Acambay de Ruíz Castañeda"
778,0.375286139921147,0.274566627946738,0.499142467441958,5,"muestra_directa",TRUE,0.22457583949522,"15","059","Nextlalpan"
779,0.312606249635178,0.21790850624382,0.424735094542098,NA,"sintetico_postestratificado",FALSE,0.206826588298277,"15","086","Temascaltepec"
780,0.322358273005888,0.222954159581215,0.432749670799635,NA,"sintetico_postestratificado",FALSE,0.20979551121842,"15","053","Melchor Ocampo"
781,0.339067452101648,0.232647613696575,0.453795927032757,NA,"sintetico_postestratificado",FALSE,0.221148313336182,"15","090","Tenango del Valle"
782,0.34398250594675,0.236900316266818,0.454489777544301,NA,"sintetico_postestratificado",FALSE,0.217589461277483,"15","032","Donato Guerra"
783,0.302437881121411,0.208532551032336,0.401675297268765,NA,"sintetico_postestratificado",FALSE,0.193142746236429,"15","125","Tonanitla"
784,0.321461220162217,0.227130186481808,0.431521771993241,NA,"sintetico_postestratificado",FALSE,0.204391585511433,"15","114","Villa Victoria"
785,0.30049734519997,0.20889182594382,0.406548446923443,NA,"sintetico_postestratificado",FALSE,0.197656620979623,"15","093","Tepetlaoxtoc"
786,0.30002910249915,0.200990906916305,0.40446379286558,NA,"sintetico_postestratificado",FALSE,0.203472885949275,"15","063","Ocuilan"
787,0.307632204477958,0.211362646927409,0.41465687348744,NA,"sintetico_postestratificado",FALSE,0.203294226560031,"15","073","San Antonio la Isla"
788,0.348637390613038,0.274101007179536,0.430653606345464,73,"muestra_directa",FALSE,0.156552599165928,"15","033","Ecatepec de Morelos"
789,0.360284944733317,0.26630168903805,0.453451839108478,19,"muestra_directa",FALSE,0.187150150070428,"15","013","Atizapán de Zaragoza"
790,0.406953901236171,0.293896578595596,0.52519723560934,NA,"sintetico_postestratificado",FALSE,0.231300657013743,"15","027","Chapultepec"
791,0.342336864630797,0.241697942957759,0.457573764537645,NA,"sintetico_postestratificado",FALSE,0.215875821579886,"15","018","Calimaya"
792,0.317656094332056,0.227177334136238,0.416842588909333,16,"muestra_directa",FALSE,0.189665254773095,"15","009","Amecameca"
793,0.286498161220492,0.202175261731457,0.378568743405024,24,"muestra_directa",FALSE,0.176393481673567,"15","031","Chimalhuacán"
794,0.275537842864401,0.185917134349854,0.383386916298486,NA,"sintetico_postestratificado",FALSE,0.197469781948632,"15","043","Xalatlaco"
795,0.338628722905097,0.24655964567617,0.431204761707342,7,"muestra_directa",TRUE,0.184645116031172,"15","095","Tepotzotlán"
796,0.326391083981514,0.230336689208441,0.439614795648643,NA,"sintetico_postestratificado",FALSE,0.209278106440202,"16","074","Cojumatlán de Régules"
797,0.351386626023304,0.244553231403954,0.467152526391142,NA,"sintetico_postestratificado",FALSE,0.222599294987188,"16","090","Tingambato"
798,0.33025627818372,0.232237685487612,0.444426994541294,NA,"sintetico_postestratificado",FALSE,0.212189309053682,"16","002","Aguililla"
799,0.352772237033928,0.252216695203244,0.471178041954659,NA,"sintetico_postestratificado",FALSE,0.218961346751415,"16","003","Álvaro Obregón"
800,0.33214466694932,0.242141870118517,0.4409254516106,NA,"sintetico_postestratificado",FALSE,0.198783581492083,"16","004","Angamacutiro"
801,0.343896429619891,0.241594958324057,0.451318071208195,NA,"sintetico_postestratificado",FALSE,0.209723112884138,"16","005","Angangueo"
802,0.314085298882558,0.223327038881215,0.420966970045066,8,"muestra_directa",TRUE,0.197639931163852,"16","006","Apatzingán"
803,0.329906963174805,0.231028339124157,0.436671664486035,NA,"sintetico_postestratificado",FALSE,0.205643325361879,"16","007","Aporo"
804,0.362968895914368,0.261122721422199,0.473716914229788,NA,"sintetico_postestratificado",FALSE,0.212594192807589,"16","008","Aquila"
805,0.356010407085665,0.251417421093376,0.468173618760726,NA,"sintetico_postestratificado",FALSE,0.21675619766735,"16","009","Ario"
806,0.346440433793361,0.245153792366315,0.465506373504624,NA,"sintetico_postestratificado",FALSE,0.220352581138309,"16","096","Tumbiscatío"
807,0.338422886060144,0.232117362537959,0.445273335583575,NA,"sintetico_postestratificado",FALSE,0.213155973045616,"16","097","Turicato"
808,0.314951227559955,0.226680930840257,0.418713313218277,NA,"sintetico_postestratificado",FALSE,0.19203238237802,"16","106","Yurécuaro"
809,0.342956132848539,0.252550047055154,0.441919807350134,16,"muestra_directa",FALSE,0.189369760294979,"16","107","Zacapu"
810,0.35866657735342,0.256206881960246,0.469112252271579,NA,"sintetico_postestratificado",FALSE,0.212905370311333,"16","108","Zamora"
811,0.336101456698059,0.23743088476668,0.450807771860218,NA,"sintetico_postestratificado",FALSE,0.213376887093538,"16","109","Zináparo"
812,0.353252332608147,0.252033875152707,0.46148042881434,NA,"sintetico_postestratificado",FALSE,0.209446553661633,"16","110","Zinapécuaro"
813,0.338120217095619,0.226770363282803,0.44848260661628,NA,"sintetico_postestratificado",FALSE,0.221712243333477,"16","010","Arteaga"
814,0.32201861140423,0.222827589731265,0.4374008285713,NA,"sintetico_postestratificado",FALSE,0.214573238840036,"16","011","Briseñas"
815,0.358879343026051,0.251509393283627,0.482005228758015,NA,"sintetico_postestratificado",FALSE,0.230495835474388,"16","098","Tuxpan"
816,0.339617528932872,0.24456767063989,0.445466779226579,NA,"sintetico_postestratificado",FALSE,0.200899108586689,"16","031","Epitacio Huerta"
817,0.310873548207227,0.216554191161711,0.415910768563389,NA,"sintetico_postestratificado",FALSE,0.199356577401678,"16","032","Erongarícuaro"
818,0.360233782763157,0.251473890183845,0.478751389775447,NA,"sintetico_postestratificado",FALSE,0.227277499591602,"16","077","San Lucas"
819,0.356166323641896,0.262094104095681,0.468784908611391,6,"muestra_directa",TRUE,0.20669080451571,"16","099","Tuzantla"
820,0.270270891352983,0.174784739231029,0.371742023684127,NA,"sintetico_postestratificado",FALSE,0.196957284453099,"16","001","Acuitzio"
821,0.328407933075248,0.23241673857593,0.433866343146198,8,"muestra_directa",TRUE,0.201449604570268,"16","043","Jacona"
822,0.333470915707142,0.23318569424154,0.4482880492981,NA,"sintetico_postestratificado",FALSE,0.215102355056561,"16","044","Jiménez"
823,0.340112040275742,0.240458104914867,0.456303884684252,NA,"sintetico_postestratificado",FALSE,0.215845779769384,"16","045","Jiquilpan"
824,0.356609149690173,0.265756954520536,0.459488176230529,11,"muestra_directa",FALSE,0.193731221709992,"16","012","Buenavista"
825,0.357484076899689,0.255934127208494,0.481618442935532,NA,"sintetico_postestratificado",FALSE,0.225684315727038,"16","013","Carácuaro"
826,0.290884566229197,0.196098839279073,0.393474421423823,NA,"sintetico_postestratificado",FALSE,0.19737558214475,"16","021","Charapan"
827,0.310088535227731,0.211019497337643,0.422681514003642,NA,"sintetico_postestratificado",FALSE,0.211662016665999,"16","020","Cuitzeo"
828,0.327451942289951,0.234378498519526,0.42789349671299,17,"muestra_directa",FALSE,0.193514998193465,"16","019","Cotija"
829,0.317902359950796,0.224837677320033,0.423535801673659,NA,"sintetico_postestratificado",FALSE,0.198698124353626,"16","018","Copándaro"
830,0.32359255866427,0.226665394322067,0.436693921571507,NA,"sintetico_postestratificado",FALSE,0.21002852724944,"16","087","Taretan"
831,0.326984357718068,0.22544328511814,0.439934454714674,NA,"sintetico_postestratificado",FALSE,0.214491169596534,"16","086","Tanhuato"
832,0.33336432256301,0.236548240520053,0.445608712529545,NA,"sintetico_postestratificado",FALSE,0.209060472009493,"16","072","Queréndaro"
833,0.348893764355049,0.244690348729698,0.469783287702358,NA,"sintetico_postestratificado",FALSE,0.22509293897266,"16","067","Penjamillo"
834,0.308523944209882,0.21276591546194,0.416406297790052,NA,"sintetico_postestratificado",FALSE,0.203640382328112,"16","022","Charo"
835,0.32199381527153,0.21599723073115,0.444538410234397,NA,"sintetico_postestratificado",FALSE,0.228541179503247,"16","079","Salvador Escalante"
836,0.309565241944372,0.214409554357819,0.422783769532381,NA,"sintetico_postestratificado",FALSE,0.208374215174562,"16","078","Santa Ana Maya"
837,0.318739944682169,0.22441144750103,0.421271462465863,3,"muestra_directa",TRUE,0.196860014964833,"16","075","Los Reyes"
838,0.3406796739894,0.235187125889594,0.456781280855912,NA,"sintetico_postestratificado",FALSE,0.221594154966318,"16","076","Sahuayo"
839,0.317461906314869,0.226531969707234,0.418905710572654,9,"muestra_directa",TRUE,0.19237374086542,"16","033","Gabriel Zamora"
840,0.329501047564044,0.238209737007393,0.438031813472485,NA,"sintetico_postestratificado",FALSE,0.199822076465092,"16","035","La Huacana"
841,0.336636712735745,0.228884793217631,0.449434590947409,NA,"sintetico_postestratificado",FALSE,0.220549797729778,"16","036","Huandacareo"
842,0.33327350245276,0.224951992851768,0.449830257644821,NA,"sintetico_postestratificado",FALSE,0.224878264793053,"16","037","Huaniqueo"
843,0.320885226582689,0.231293099687617,0.430617163796587,NA,"sintetico_postestratificado",FALSE,0.19932406410897,"16","038","Huetamo"
844,0.306424330321843,0.216348339358954,0.418530784167616,NA,"sintetico_postestratificado",FALSE,0.202182444808663,"16","039","Huiramba"
845,0.352952250903178,0.24896233266217,0.471686795286327,NA,"sintetico_postestratificado",FALSE,0.222724462624157,"16","040","Indaparapeo"
846,0.333882503112592,0.24109512236942,0.436698713866758,NA,"sintetico_postestratificado",FALSE,0.195603591497338,"16","041","Irimbo"
847,0.361382274141762,0.260966305265257,0.466311698092328,NA,"sintetico_postestratificado",FALSE,0.205345392827071,"16","042","Ixtlán"
848,0.386021424341584,0.281477566655931,0.493226280965302,NA,"sintetico_postestratificado",FALSE,0.211748714309371,"16","049","Madero"
849,0.328624213940579,0.227912052800473,0.438470212859685,NA,"sintetico_postestratificado",FALSE,0.210558160059212,"16","050","Maravatío"
850,0.328498524709245,0.227618870317796,0.429158105655924,6,"muestra_directa",TRUE,0.201539235338127,"16","051","Marcos Castellanos"
851,0.341358404411679,0.244005356707734,0.445391348316288,20,"muestra_directa",FALSE,0.201385991608554,"16","052","Lázaro Cárdenas"
852,0.301120277786931,0.222302553824829,0.387977397261932,43,"muestra_directa",FALSE,0.165674843437103,"16","053","Morelia"
853,0.328529318527433,0.233302401934427,0.441377078673457,NA,"sintetico_postestratificado",FALSE,0.20807467673903,"16","014","Coahuayana"
854,0.30248558956756,0.215888656044405,0.400783737835208,7,"muestra_directa",TRUE,0.184895081790802,"16","015","Coalcomán de Vázquez Pallares"
855,0.308335343514146,0.217132121437655,0.411927969708896,NA,"sintetico_postestratificado",FALSE,0.19479584827124,"16","016","Coeneo"
856,0.307258584977543,0.219516518371502,0.40962060214092,NA,"sintetico_postestratificado",FALSE,0.190104083769419,"16","017","Contepec"
857,0.320679492066072,0.225132080466077,0.431919906808749,NA,"sintetico_postestratificado",FALSE,0.206787826342672,"16","083","Tancítaro"
858,0.304892808414713,0.223169002959154,0.38612869618452,33,"muestra_directa",FALSE,0.162959693225366,"16","082","Tacámbaro"
859,0.307873652525083,0.209811783184441,0.414687438540773,NA,"sintetico_postestratificado",FALSE,0.204875655356332,"16","081","Susupuato"
860,0.360773089303609,0.256000153134397,0.470681881181359,NA,"sintetico_postestratificado",FALSE,0.214681728046961,"16","056","Nahuatzen"
861,0.348604899847028,0.244007175657621,0.454242382027502,NA,"sintetico_postestratificado",FALSE,0.210235206369881,"16","080","Senguio"
862,0.34391366690081,0.241413362621046,0.467386394995207,NA,"sintetico_postestratificado",FALSE,0.225973032374161,"16","057","Nocupétaro"
863,0.332641193399088,0.232014231954743,0.441176984965885,NA,"sintetico_postestratificado",FALSE,0.209162753011143,"16","034","Hidalgo"
864,0.345295237382914,0.236654545661487,0.46317193864152,NA,"sintetico_postestratificado",FALSE,0.226517392980033,"16","058","Nuevo Parangaricutiro"
865,0.377046165147344,0.272427607216144,0.504300770246401,NA,"sintetico_postestratificado",FALSE,0.231873163030256,"16","059","Nuevo Urecho"
866,0.329251984779763,0.2340932821686,0.443125283054603,NA,"sintetico_postestratificado",FALSE,0.209032000886003,"16","060","Numarán"
867,0.320227418606508,0.231648331218732,0.422628444721543,12,"muestra_directa",FALSE,0.190980113502811,"16","062","Pajacuarán"
868,0.335461984241989,0.232078924070546,0.458323112409649,NA,"sintetico_postestratificado",FALSE,0.226244188339103,"16","063","Panindícuaro"
869,0.335466804059847,0.237488920624372,0.442454493215657,NA,"sintetico_postestratificado",FALSE,0.204965572591286,"16","064","Parácuaro"
870,0.34697056304474,0.24645154764734,0.462510048212058,NA,"sintetico_postestratificado",FALSE,0.216058500564718,"16","105","Vista Hermosa"
871,0.30988990791477,0.219072420359827,0.413488341251758,NA,"sintetico_postestratificado",FALSE,0.194415920891931,"16","065","Paracho"
872,0.34122817117404,0.243463598068961,0.452973082972337,NA,"sintetico_postestratificado",FALSE,0.209509484903376,"16","089","Tepalcatepec"
873,0.272576204068463,0.191071185672213,0.374616055708187,13,"muestra_directa",FALSE,0.183544870035974,"16","061","Ocampo"
874,0.307874895552893,0.210831216854557,0.424234580903553,NA,"sintetico_postestratificado",FALSE,0.213403364048997,"16","055","Múgica"
875,0.3085518994204,0.213406846350243,0.414985997586966,NA,"sintetico_postestratificado",FALSE,0.201579151236723,"16","054","Morelos"
876,0.343973137301629,0.250840946663462,0.441636276199555,NA,"sintetico_postestratificado",FALSE,0.190795329536093,"16","030","Ecuandureo"
877,0.392817921306569,0.294066489730537,0.500084156778359,8,"muestra_directa",TRUE,0.206017667047821,"16","029","Churumuco"
878,0.332044675442153,0.231041755250326,0.442744207810734,NA,"sintetico_postestratificado",FALSE,0.211702452560408,"16","028","Churintzio"
879,0.316454276586621,0.221866974237749,0.426006370988787,NA,"sintetico_postestratificado",FALSE,0.204139396751037,"16","027","Chucándiro"
880,0.348040079456795,0.251631705911636,0.460446095066311,NA,"sintetico_postestratificado",FALSE,0.208814389154675,"16","026","Chinicuila"
881,0.335963442256665,0.244137223249311,0.447441917400907,NA,"sintetico_postestratificado",FALSE,0.203304694151597,"16","025","Chilchota"
882,0.354879851597114,0.248194677296895,0.470670063954978,NA,"sintetico_postestratificado",FALSE,0.222475386658083,"16","024","Cherán"
883,0.356207637080143,0.260069230002322,0.466844789241542,10,"muestra_directa",FALSE,0.20677555923922,"16","023","Chavinda"
884,0.370506402357295,0.263722612145017,0.484500439452209,NA,"sintetico_postestratificado",FALSE,0.220777827307192,"16","066","Pátzcuaro"
885,0.365241207744126,0.267313718072621,0.479399217220195,9,"muestra_directa",TRUE,0.212085499147574,"16","068","Peribán"
886,0.340670707859058,0.243578774228305,0.448553340143308,6,"muestra_directa",TRUE,0.204974565915003,"16","069","La Piedad"
887,0.348623496943914,0.24431420837664,0.457617369269545,NA,"sintetico_postestratificado",FALSE,0.213303160892905,"16","070","Purépero"
888,0.35579034201832,0.245031798511981,0.472992359685805,NA,"sintetico_postestratificado",FALSE,0.227960561173824,"16","071","Puruándiro"
889,0.337294739022509,0.239200327275848,0.44199115574259,4,"muestra_directa",TRUE,0.202790828466742,"16","073","Quiroga"
890,0.346723061102538,0.240973534530276,0.455102201352061,NA,"sintetico_postestratificado",FALSE,0.214128666821785,"16","091","Tingüindín"
891,0.326978556733615,0.226189473088129,0.435711801292958,NA,"sintetico_postestratificado",FALSE,0.209522328204829,"16","113","José Sixto Verduzco"
892,0.311717739165046,0.220606981575419,0.407256662456633,12,"muestra_directa",FALSE,0.186649680881214,"16","112","Zitácuaro"
893,0.347195646303631,0.24391534830226,0.466957484411965,NA,"sintetico_postestratificado",FALSE,0.223042136109705,"16","085","Tangancícuaro"
894,0.327551707628844,0.236076897722149,0.428207929110783,11,"muestra_directa",FALSE,0.192131031388634,"16","088","Tarímbaro"
895,0.33305906982437,0.23307263813104,0.444575042000845,NA,"sintetico_postestratificado",FALSE,0.211502403869805,"16","092","Tiquicheo de Nicolás Romero"
896,0.313292076080565,0.216660332872481,0.420285577001077,NA,"sintetico_postestratificado",FALSE,0.203625244128596,"16","093","Tlalpujahua"
897,0.361609013460033,0.253628668959411,0.481231608152886,NA,"sintetico_postestratificado",FALSE,0.227602939193475,"16","111","Ziracuaretiro"
898,0.317216063194639,0.22502998095571,0.42460024674554,NA,"sintetico_postestratificado",FALSE,0.19957026578983,"16","101","Tzitzio"
899,0.346370112821181,0.243797639960869,0.455175408868817,NA,"sintetico_postestratificado",FALSE,0.211377768907949,"16","100","Tzintzuntzan"
900,0.344351853621603,0.241968979811478,0.457711060299615,NA,"sintetico_postestratificado",FALSE,0.215742080488137,"16","095","Tocumbo"
901,0.347083753040193,0.235052539443955,0.467701666608553,NA,"sintetico_postestratificado",FALSE,0.232649127164598,"16","084","Tangamandapio"
902,0.359867448391104,0.267213765700413,0.459464571181463,11,"muestra_directa",FALSE,0.192250805481051,"16","102","Uruapan"
903,0.347940836098703,0.241674318809252,0.463833760341746,NA,"sintetico_postestratificado",FALSE,0.222159441532494,"16","103","Venustiano Carranza"
904,0.350706884453528,0.249314066922399,0.461908784986009,NA,"sintetico_postestratificado",FALSE,0.21259471806361,"16","104","Villamar"
905,0.359316310323925,0.255932363044881,0.472493619014285,NA,"sintetico_postestratificado",FALSE,0.216561255969404,"16","094","Tlazazalca"
906,0.329667482688853,0.237938451482264,0.436239230857929,6,"muestra_directa",TRUE,0.198300779375665,"16","047","Jungapeo"
907,0.339507778214053,0.240614391794005,0.452906141163647,NA,"sintetico_postestratificado",FALSE,0.212291749369642,"16","046","Juárez"
908,0.348496466557516,0.245695693860272,0.460946024002525,NA,"sintetico_postestratificado",FALSE,0.215250330142253,"16","048","Lagunillas"
909,0.310672638281411,0.212697372656573,0.417814138747321,NA,"sintetico_postestratificado",FALSE,0.205116766090748,"17","002","Atlatlahucan"
910,0.295748860348652,0.219188014132791,0.376769387932808,37,"muestra_directa",FALSE,0.157581373800017,"17","006","Cuautla"
911,0.377920100604616,0.283781611483974,0.488225521662606,12,"muestra_directa",FALSE,0.204443910178632,"17","028","Xochitepec"
912,0.294535799209384,0.202775209985488,0.397255529315675,NA,"sintetico_postestratificado",FALSE,0.194480319330187,"17","022","Tetela del Volcán"
913,0.352517025433057,0.250464888093181,0.473812189173748,NA,"sintetico_postestratificado",FALSE,0.223347301080568,"17","009","Huitzilac"
914,0.344246589612254,0.235688541703645,0.459506003894679,NA,"sintetico_postestratificado",FALSE,0.223817462191034,"17","016","Ocuituco"
915,0.350739446909069,0.257718103561667,0.451924749667018,20,"muestra_directa",FALSE,0.194206646105351,"17","008","Emiliano Zapata"
916,0.347274486991016,0.252093176831645,0.456207469631038,8,"muestra_directa",TRUE,0.204114292799393,"17","003","Axochiapan"
917,0.326432782119076,0.228253089170047,0.431978731164802,9,"muestra_directa",TRUE,0.203725641994756,"17","036","Hueyapan"
918,0.355552947517344,0.2495173534368,0.469859202940073,NA,"sintetico_postestratificado",FALSE,0.220341849503273,"17","035","Xoxocotla"
919,0.367207835998951,0.25654175153205,0.4803244650407,2,"muestra_directa",TRUE,0.22378271350865,"17","025","Tlaquiltenango"
920,0.357473696040108,0.254359532489855,0.470962228449084,NA,"sintetico_postestratificado",FALSE,0.216602695959229,"17","001","Amacuzac"
921,0.362253551307454,0.267631718085953,0.466477857071715,14,"muestra_directa",FALSE,0.198846138985762,"17","020","Tepoztlán"
922,0.335493373813182,0.232767015932573,0.454146205584249,NA,"sintetico_postestratificado",FALSE,0.221379189651676,"17","034","Coatetelco"
923,0.353195613400857,0.253810951217115,0.476468542969033,NA,"sintetico_postestratificado",FALSE,0.222657591751918,"17","027","Totolapan"
924,0.339277376322599,0.245293177997457,0.440745246351603,NA,"sintetico_postestratificado",FALSE,0.195452068354146,"17","030","Yecapixtla"
925,0.314555194523291,0.219406606181115,0.426369181093304,NA,"sintetico_postestratificado",FALSE,0.20696257491219,"17","026","Tlayacapan"
926,0.352493291161122,0.26269053978224,0.460243649134184,9,"muestra_directa",TRUE,0.197553109351944,"17","031","Zacatepec"
927,0.316727733775123,0.224445909314039,0.435003254289282,NA,"sintetico_postestratificado",FALSE,0.210557344975243,"17","021","Tetecala"
928,0.295750428300623,0.215658682173655,0.392672377750214,23,"muestra_directa",FALSE,0.177013695576558,"17","019","Tepalcingo"
929,0.34596334577726,0.244111282820949,0.459605874245864,NA,"sintetico_postestratificado",FALSE,0.215494591424915,"17","023","Tlalnepantla"
930,0.333132026958903,0.234055895670484,0.452525333883862,NA,"sintetico_postestratificado",FALSE,0.218469438213378,"17","017","Puente de Ixtla"
931,0.298097979814526,0.211735643416302,0.391773852086794,10,"muestra_directa",FALSE,0.180038208670493,"17","015","Miacatlán"
932,0.312389933143736,0.216723972937339,0.421587787777279,NA,"sintetico_postestratificado",FALSE,0.20486381483994,"17","013","Jonacatepec de Leandro Valle"
933,0.420905184027493,0.329164581079991,0.529249875108066,31,"muestra_directa",FALSE,0.200085294028075,"17","011","Jiutepec"
934,0.303001290233198,0.211523668364301,0.405005789475758,4,"muestra_directa",TRUE,0.193482121111457,"17","010","Jantetelco"
935,0.313757540506223,0.221739280818132,0.409344901714237,15,"muestra_directa",FALSE,0.187605620896105,"17","018","Temixco"
936,0.316371001510856,0.235671538668861,0.40242826851241,23,"muestra_directa",FALSE,0.166756729843549,"17","029","Yautepec"
937,0.314981604080764,0.21242748803365,0.420322510818786,4,"muestra_directa",TRUE,0.207895022785136,"17","012","Jojutla"
938,0.289846632175433,0.208005497433425,0.379396215973036,15,"muestra_directa",FALSE,0.171390718539611,"17","024","Tlaltizapán de Zapata"
939,0.361222106123782,0.287452003535583,0.438316085300991,58,"muestra_directa",FALSE,0.150864081765408,"17","007","Cuernavaca"
940,0.292955083471521,0.20449923707348,0.384540150499655,8,"muestra_directa",TRUE,0.180040913426175,"17","005","Coatlán del Río"
941,0.294499845352156,0.214549579622673,0.375775689295099,29,"muestra_directa",FALSE,0.161226109672426,"17","004","Ayala"
942,0.314185691796738,0.220870790080562,0.425983505169932,NA,"sintetico_postestratificado",FALSE,0.20511271508937,"17","014","Mazatepec"
943,0.270831119811357,0.185953536869638,0.374974816255895,8,"muestra_directa",TRUE,0.189021279386257,"17","032","Zacualpan de Amilpas"
944,0.286640882636251,0.199466370933658,0.393161669441842,NA,"sintetico_postestratificado",FALSE,0.193695298508184,"17","033","Temoac"
945,0.36897921594779,0.261121247175232,0.482008111833029,NA,"sintetico_postestratificado",FALSE,0.220886864657797,"18","001","Acaponeta"
946,0.344698882129157,0.250917646083809,0.45398693848036,NA,"sintetico_postestratificado",FALSE,0.20306929239655,"18","009","Del Nayar"
947,0.366720960412308,0.258670946516807,0.482332986041439,NA,"sintetico_postestratificado",FALSE,0.223662039524632,"18","010","Rosamorada"
948,0.350339819153443,0.254653132417816,0.450058169512668,17,"muestra_directa",FALSE,0.195405037094852,"18","011","Ruíz"
949,0.293815933531442,0.235206182394363,0.361048790840737,97,"muestra_directa",FALSE,0.125842608446374,"18","017","Tepic"
950,0.339113660084067,0.236896081039942,0.455705691745721,NA,"sintetico_postestratificado",FALSE,0.21880961070578,"18","018","Tuxpan"
951,0.338686927747407,0.237402379468477,0.445478284934074,NA,"sintetico_postestratificado",FALSE,0.208075905465597,"18","019","La Yesca"
952,0.301038254871107,0.212737540043367,0.391565596666575,13,"muestra_directa",FALSE,0.178828056623208,"18","004","Compostela"
953,0.302409297758236,0.198543760373344,0.411048280981528,7,"muestra_directa",TRUE,0.212504520608184,"18","013","San Pedro Lagunillas"
954,0.371053699039445,0.274050368014518,0.472738381929635,17,"muestra_directa",FALSE,0.198688013915117,"18","008","Xalisco"
955,0.383796606644561,0.275816357939148,0.500543734868816,NA,"sintetico_postestratificado",FALSE,0.224727376929668,"18","005","Huajicori"
956,0.378996927494978,0.290952985923932,0.475654031195367,34,"muestra_directa",FALSE,0.184701045271435,"18","006","Ixtlán del Río"
957,0.373626786914785,0.263360824303546,0.484403379895244,4,"muestra_directa",TRUE,0.221042555591698,"18","007","Jala"
958,0.379219080121909,0.286750611286409,0.473617640279352,20,"muestra_directa",FALSE,0.186867028992943,"18","014","Santa María del Oro"
959,0.358949170231885,0.270463902116287,0.455350047544655,22,"muestra_directa",FALSE,0.184886145428368,"18","015","Santiago Ixcuintla"
960,0.350149098132372,0.247427734409311,0.451941744419474,6,"muestra_directa",TRUE,0.204514010010163,"18","016","Tecuala"
961,0.364551904205749,0.254538389604004,0.475940906276023,NA,"sintetico_postestratificado",FALSE,0.221402516672019,"18","003","Amatlán de Cañas"
962,0.369882705863578,0.25440678709178,0.489037527006115,NA,"sintetico_postestratificado",FALSE,0.234630739914335,"18","012","San Blas"
963,0.271482112929451,0.185725856413387,0.363204366167778,17,"muestra_directa",FALSE,0.177478509754392,"18","020","Bahía de Banderas"
964,0.309814301448711,0.224220603870246,0.403883654596304,16,"muestra_directa",FALSE,0.179663050726058,"18","002","Ahuacatlán"
965,0.407721843495444,0.27188136026324,0.531417777583442,NA,"sintetico_postestratificado",FALSE,0.259536417320202,"19","029","Hualahuises"
966,0.344111782558548,0.256496834524816,0.435201553058067,37,"muestra_directa",FALSE,0.178704718533251,"19","048","Santa Catarina"
967,0.37935956616347,0.277857364533354,0.493784614429284,6,"muestra_directa",TRUE,0.21592724989593,"19","044","Sabinas Hidalgo"
968,0.377245249845229,0.267024871489387,0.490333801993058,NA,"sintetico_postestratificado",FALSE,0.223308930503671,"19","042","Los Ramones"
969,0.376212838657592,0.27211527968062,0.493969038883084,NA,"sintetico_postestratificado",FALSE,0.221853759202464,"19","023","General Treviño"
970,0.396025496447012,0.285495945233492,0.515345958548729,1,"muestra_directa",TRUE,0.229850013315237,"19","022","General Terán"
971,0.328364608381247,0.232404731963564,0.423139505725529,12,"muestra_directa",FALSE,0.190734773761966,"19","047","Hidalgo"
972,0.383241239349392,0.281548935694066,0.502286995408055,8,"muestra_directa",TRUE,0.220738059713989,"19","049","Santiago"
973,0.390226967529871,0.291269060692953,0.494625849155259,14,"muestra_directa",FALSE,0.203356788462306,"19","009","Cadereyta Jiménez"
974,0.329858882952342,0.24729124570195,0.43317981452426,20,"muestra_directa",FALSE,0.18588856882231,"19","032","Lampazos de Naranjo"
975,0.39235650944824,0.306121013990418,0.478221860618155,52,"muestra_directa",FALSE,0.172100846627737,"19","031","Juárez"
976,0.439063703332223,0.321906889373675,0.563258081545478,NA,"sintetico_postestratificado",FALSE,0.241351192171803,"19","027","Los Herreras"
977,0.372302973557074,0.26879107397423,0.494723914446801,NA,"sintetico_postestratificado",FALSE,0.225932840472571,"19","020","General Bravo"
978,0.313104113706929,0.22085057591902,0.409138224770221,10,"muestra_directa",FALSE,0.188287648851201,"19","041","Pesquería"
979,0.367877361370368,0.254652767230292,0.492715278033635,NA,"sintetico_postestratificado",FALSE,0.238062510803343,"19","040","Parás"
980,0.35041331452833,0.286154961117763,0.423328841507587,129,"muestra_directa",FALSE,0.137173880389824,"19","039","Monterrey"
981,0.37435476019332,0.283785693251099,0.461439193851508,43,"muestra_directa",FALSE,0.17765350060041,"19","046","San Nicolás de los Garza"
982,0.389864981997217,0.279204688720494,0.505560478621662,1,"muestra_directa",TRUE,0.226355789901167,"19","019","San Pedro Garza García"
983,0.346355682052789,0.243733178021639,0.459094262519559,NA,"sintetico_postestratificado",FALSE,0.21536108449792,"19","037","Mina"
984,0.338421408672094,0.228402005682054,0.451086156034231,3,"muestra_directa",TRUE,0.222684150352178,"19","010","El Carmen"
985,0.41853102192147,0.342773827966883,0.501174889356985,67,"muestra_directa",FALSE,0.158401061390102,"19","021","General Escobedo"
986,0.361395721032641,0.279541248913817,0.454147190721985,38,"muestra_directa",FALSE,0.174605941808167,"19","012","Ciénega de Flores"
987,0.36616555728869,0.258189219113246,0.486439430257864,NA,"sintetico_postestratificado",FALSE,0.228250211144617,"19","002","Agualeguas"
988,0.400307581618462,0.293414503470821,0.523660899782693,NA,"sintetico_postestratificado",FALSE,0.230246396311872,"19","005","Anáhuac"
989,0.356169159292364,0.250951443981898,0.473222728434236,NA,"sintetico_postestratificado",FALSE,0.222271284452337,"19","024","General Zaragoza"
990,0.457457431052589,0.375345903860114,0.537856976070638,83,"muestra_directa",FALSE,0.162511072210523,"19","026","Guadalupe"
991,0.34289595718523,0.228042423271608,0.464694516837298,NA,"sintetico_postestratificado",FALSE,0.23665209356569,"19","003","Los Aldamas"
992,0.396025097310101,0.280344576404199,0.508004265832456,NA,"sintetico_postestratificado",FALSE,0.227659689428257,"19","004","Allende"
993,0.372761834504046,0.255962640109802,0.491195372511547,NA,"sintetico_postestratificado",FALSE,0.235232732401745,"19","025","General Zuazua"
994,0.363392770641264,0.254970233540716,0.48821672657356,NA,"sintetico_postestratificado",FALSE,0.233246493032844,"19","015","Doctor Coss"
995,0.381528775158136,0.283956188916743,0.483628534482984,8,"muestra_directa",TRUE,0.199672345566241,"19","007","Aramberri"
996,0.4357567490045,0.34585408720916,0.534828429267678,28,"muestra_directa",FALSE,0.188974342058517,"19","018","García"
997,0.368563037950379,0.261544752984071,0.485439584622853,NA,"sintetico_postestratificado",FALSE,0.223894831638782,"19","051","Villaldama"
998,0.386245384066634,0.313170686297474,0.472456968466617,71,"muestra_directa",FALSE,0.159286282169143,"19","006","Apodaca"
999,0.359603178101639,0.248532841270792,0.465789065793192,NA,"sintetico_postestratificado",FALSE,0.2172562245224,"19","011","Cerralvo"
1000,0.347958580000417,0.239293067213334,0.469525136080624,NA,"sintetico_postestratificado",FALSE,0.23023206886729,"19","001","Abasolo"
1001,0.365659576548429,0.256153416812059,0.485142021409425,NA,"sintetico_postestratificado",FALSE,0.228988604597367,"19","017","Galeana"
1002,0.358688586057415,0.249294860795827,0.475381163228643,NA,"sintetico_postestratificado",FALSE,0.226086302432816,"19","016","Doctor González"
1003,0.351327398563972,0.246716488142063,0.464498562018116,NA,"sintetico_postestratificado",FALSE,0.217782073876053,"19","050","Vallecillo"
1004,0.394656829344145,0.285947509620239,0.512947324361962,NA,"sintetico_postestratificado",FALSE,0.226999814741723,"19","034","Marín"
1005,0.369230791863131,0.260317365047721,0.486569453694177,NA,"sintetico_postestratificado",FALSE,0.226252088646455,"19","035","Melchor Ocampo"
1006,0.367132415701735,0.256740544475977,0.487768724512258,NA,"sintetico_postestratificado",FALSE,0.231028180036281,"19","028","Higueras"
1007,0.3307538247267,0.233277293321013,0.437563828523871,5,"muestra_directa",TRUE,0.204286535202858,"19","033","Linares"
1008,0.392701669123032,0.28675090808768,0.50862799467336,NA,"sintetico_postestratificado",FALSE,0.22187708658568,"19","036","Mier y Noriega"
1009,0.382034369510626,0.282773559796388,0.495028039522625,NA,"sintetico_postestratificado",FALSE,0.212254479726237,"19","043","Rayones"
1010,0.387840835322296,0.274288649091396,0.504361717328247,NA,"sintetico_postestratificado",FALSE,0.230073068236851,"19","014","Doctor Arroyo"
1011,0.382651389683169,0.268879946497152,0.500071324597537,NA,"sintetico_postestratificado",FALSE,0.231191378100385,"19","038","Montemorelos"
1012,0.383702089304313,0.275700217787987,0.500999969662586,NA,"sintetico_postestratificado",FALSE,0.225299751874599,"19","008","Bustamante"
1013,0.376510887530966,0.276429811715136,0.500143791066416,NA,"sintetico_postestratificado",FALSE,0.22371397935128,"19","013","China"
1014,0.386679834099756,0.28836930130658,0.50723736849657,NA,"sintetico_postestratificado",FALSE,0.21886806718999,"19","045","Salinas Victoria"
1015,0.405847773750666,0.292342154129367,0.536040195541358,NA,"sintetico_postestratificado",FALSE,0.243698041411991,"19","030","Iturbide"
1016,0.276773101011306,0.195847316832762,0.384213571824029,NA,"sintetico_postestratificado",FALSE,0.188366254991266,"20","125","San Carlos Yautepec"
1017,0.36354120531071,0.244444544562733,0.480989285212233,NA,"sintetico_postestratificado",FALSE,0.2365447406495,"20","481","Santiago Nuyoó"
1018,0.329401861630469,0.232114456020392,0.444619604806829,NA,"sintetico_postestratificado",FALSE,0.212505148786437,"20","517","Santo Domingo Tepuxtepec"
1019,0.219835611833561,0.143205962757778,0.318547024367447,NA,"sintetico_postestratificado",FALSE,0.175341061609669,"20","524","Santo Domingo Yodohino"
1020,0.289681740444524,0.201727634050669,0.395120559143193,NA,"sintetico_postestratificado",FALSE,0.193392925092524,"20","378","Santa Cruz Mixtepec"
1021,0.342335581493945,0.236098073601289,0.47073719900768,NA,"sintetico_postestratificado",FALSE,0.23463912540639,"20","054","Magdalena Zahuatlán"
1022,0.39158162712283,0.274441432091403,0.515064803073513,NA,"sintetico_postestratificado",FALSE,0.240623370982111,"20","542","Taniche"
1023,0.39662408102996,0.281271659065305,0.513342378101777,NA,"sintetico_postestratificado",FALSE,0.232070719036473,"20","237","San Marcos Arteaga"
1024,0.293406719268186,0.196364317115724,0.407934651087184,NA,"sintetico_postestratificado",FALSE,0.21157033397146,"20","489","Santiago Tetepec"
1025,0.318851705345917,0.223319408311526,0.426269636672668,NA,"sintetico_postestratificado",FALSE,0.202950228361141,"20","544","Teococuilco de Marcos Pérez"
1026,0.264606287787589,0.177245761162911,0.377665475945493,NA,"sintetico_postestratificado",FALSE,0.200419714782581,"20","490","Santiago Texcalcingo"
1027,0.306598094123137,0.211176230002573,0.413107336988818,NA,"sintetico_postestratificado",FALSE,0.201931106986246,"20","333","San Pedro Totolápam"
1028,0.279813076886726,0.187239772603507,0.389997902485591,NA,"sintetico_postestratificado",FALSE,0.202758129882084,"20","334","Villa de Tututepec"
1029,0.369972833743165,0.258109626784334,0.494912107560998,NA,"sintetico_postestratificado",FALSE,0.236802480776664,"20","562","Magdalena Yodocono de Porfirio Díaz"
1030,0.366807214419048,0.2469617511016,0.490237992054858,NA,"sintetico_postestratificado",FALSE,0.243276240953258,"20","133","San Esteban Atatlahuca"
1031,0.28842785470554,0.200377167371309,0.39061741313437,2,"muestra_directa",TRUE,0.190240245763061,"20","134","San Felipe Jalapa de Díaz"
1032,0.302651933317757,0.202575097165464,0.41612927670125,NA,"sintetico_postestratificado",FALSE,0.213554179535786,"20","138","San Francisco Cajonos"
1033,0.348814550477177,0.240620656034499,0.456614948088295,NA,"sintetico_postestratificado",FALSE,0.215994292053796,"20","149","San Francisco Sola"
1034,0.385419851636477,0.276646287040663,0.507555143921785,NA,"sintetico_postestratificado",FALSE,0.230908856881122,"20","161","San Jerónimo Sosola"
1035,0.331874710984248,0.236509173544608,0.431019355708157,NA,"sintetico_postestratificado",FALSE,0.19451018216355,"20","159","San Jerónimo Coatlán"
1036,0.263622310971962,0.177620213249543,0.360837003408758,NA,"sintetico_postestratificado",FALSE,0.183216790159214,"20","437","Santa María Tlahuitoltepec"
1037,0.318129218720755,0.208827876683925,0.437236567863835,NA,"sintetico_postestratificado",FALSE,0.228408691179911,"20","441","Santa María Xadani"
1038,0.270475675109058,0.174600526860488,0.382683536078597,NA,"sintetico_postestratificado",FALSE,0.208083009218109,"20","446","Santa María Yucuhiti"
1039,0.30769451155625,0.209129517215147,0.434676173832672,NA,"sintetico_postestratificado",FALSE,0.225546656617525,"20","447","Santa María Zacatepec"
1040,0.33044503931983,0.231507346284324,0.445386964081095,NA,"sintetico_postestratificado",FALSE,0.213879617796771,"20","469","Santiago Juxtlahuaca"
1041,0.33272068034388,0.23596873709185,0.440253547827867,NA,"sintetico_postestratificado",FALSE,0.204284810736017,"20","511","Santo Domingo Nuxaá"
1042,0.290856218263532,0.196605806158333,0.4007653224604,NA,"sintetico_postestratificado",FALSE,0.204159516302067,"20","513","Santo Domingo Petapa"
1043,0.3019304076357,0.209181166832954,0.413219803678295,NA,"sintetico_postestratificado",FALSE,0.204038636845341,"20","278","San Miguel Soyaltepec"
1044,0.281894845175583,0.19307234254877,0.379977339708256,NA,"sintetico_postestratificado",FALSE,0.186904997159486,"20","457","Santiago Camotlán"
1045,0.283117751978167,0.191465340623482,0.386719690141004,NA,"sintetico_postestratificado",FALSE,0.195254349517522,"20","163","San Jerónimo Tecóatl"
1046,0.310823800433899,0.209394292972042,0.428223561995314,NA,"sintetico_postestratificado",FALSE,0.218829269023272,"20","166","San José Chiltepec"
1047,0.296486987124286,0.199098043844133,0.402870134213399,NA,"sintetico_postestratificado",FALSE,0.203772090369266,"20","506","Santo Domingo Albarradas"
1048,0.33356736466133,0.22840411436737,0.452790885155905,NA,"sintetico_postestratificado",FALSE,0.224386770788534,"20","482","Santiago Pinotepa Nacional"
1049,0.339109293555992,0.239405597302816,0.453253173932442,NA,"sintetico_postestratificado",FALSE,0.213847576629626,"20","508","Santo Domingo Chihuitán"
1050,0.293284039211481,0.19730059437407,0.407252526351573,NA,"sintetico_postestratificado",FALSE,0.209951931977503,"20","205","San Juan Lalana"
1051,0.286128133046671,0.198554780274888,0.391778678511995,NA,"sintetico_postestratificado",FALSE,0.193223898237107,"20","271","San Miguel Mixtepec"
1052,0.333984106993008,0.233030681306156,0.456611743238645,NA,"sintetico_postestratificado",FALSE,0.223581061932489,"20","329","San Pedro Teozacoalco"
1053,0.360420974202943,0.255553097837626,0.477302535872426,NA,"sintetico_postestratificado",FALSE,0.2217494380348,"20","330","San Pedro Teutila"
1054,0.350048325288697,0.240789495136546,0.470158003257405,NA,"sintetico_postestratificado",FALSE,0.229368508120859,"20","246","San Mateo Cajonos"
1055,0.342040043239004,0.240274109657591,0.453824052642733,NA,"sintetico_postestratificado",FALSE,0.213549942985142,"20","277","Villa Sola de Vega"
1056,0.3258955175802,0.228547323454355,0.441142538112787,9,"muestra_directa",TRUE,0.212595214658432,"20","545","Teotitlán de Flores Magón"
1057,0.33842095883673,0.239375004049716,0.446115787351396,NA,"sintetico_postestratificado",FALSE,0.20674078330168,"20","546","Teotitlán del Valle"
1058,0.290741421627526,0.196907195520209,0.405727537964802,NA,"sintetico_postestratificado",FALSE,0.208820342444593,"20","547","Teotongo"
1059,0.266374446676751,0.175639635036741,0.381069715368658,NA,"sintetico_postestratificado",FALSE,0.205430080331917,"20","170","San José Lachiguiri"
1060,0.309190406800581,0.20958637621433,0.431622254283168,NA,"sintetico_postestratificado",FALSE,0.222035878068838,"20","230","San Lorenzo Victoria"
1061,0.333018909351907,0.233062573941367,0.453423078198212,NA,"sintetico_postestratificado",FALSE,0.220360504256845,"20","168","San José Estancia Grande"
1062,0.312133704392654,0.22558468482745,0.404984637801537,14,"muestra_directa",FALSE,0.179399952974088,"20","184","San Juan Bautista Tuxtepec"
1063,0.305858545318723,0.204098825116049,0.420665830008968,NA,"sintetico_postestratificado",FALSE,0.216567004892919,"20","185","San Juan Cacahuatepec"
1064,0.33846644521072,0.232359205452278,0.454731540404346,NA,"sintetico_postestratificado",FALSE,0.222372334952068,"20","404","Santa María Chachoápam"
1065,0.393978192121475,0.286053990790291,0.508541167929286,NA,"sintetico_postestratificado",FALSE,0.222487177138995,"20","407","Santa María Chimalapa"
1066,0.25642658444214,0.169745635882167,0.360683984742502,NA,"sintetico_postestratificado",FALSE,0.190938348860335,"20","186","San Juan Cieneguilla"
1067,0.253485144843407,0.174532126531863,0.358164803287581,NA,"sintetico_postestratificado",FALSE,0.183632676755718,"20","214","San Juan Quiotepec"
1068,0.260747069242016,0.169556193652457,0.363628931978344,NA,"sintetico_postestratificado",FALSE,0.194072738325887,"20","220","San Juan Tepeuxila"
1069,0.251478118726361,0.167457251371677,0.349891839798239,NA,"sintetico_postestratificado",FALSE,0.182434588426562,"20","227","San Lorenzo Cacaotepec"
1070,0.307062606294153,0.21113454281883,0.424130780922568,NA,"sintetico_postestratificado",FALSE,0.212996238103738,"20","261","San Miguel Amatitlán"
1071,0.291727519382343,0.201016561776456,0.397674497962995,NA,"sintetico_postestratificado",FALSE,0.196657936186539,"20","552","Tlacotepec Plumas"
1072,0.345795608137702,0.247041119002497,0.456375339684938,NA,"sintetico_postestratificado",FALSE,0.209334220682442,"20","262","San Miguel Amatlán"
1073,0.361830955693322,0.24890300730719,0.485857951203884,NA,"sintetico_postestratificado",FALSE,0.236954943896694,"20","266","San Miguel del Puerto"
1074,0.290878843798922,0.199027002000436,0.389863118036321,NA,"sintetico_postestratificado",FALSE,0.190836116035884,"20","550","San Jerónimo Tlacochahuaya"
1075,0.296915094814212,0.204295235390027,0.40914203496476,NA,"sintetico_postestratificado",FALSE,0.204846799574732,"20","253","San Mateo Piñas"
1076,0.336407672876132,0.229718609526892,0.452786017781755,NA,"sintetico_postestratificado",FALSE,0.223067408254863,"20","254","San Mateo Río Hondo"
1077,0.274289988629637,0.18619261310074,0.370950606680593,11,"muestra_directa",FALSE,0.184757993579853,"20","272","San Miguel Panixtlahuaca"
1078,0.263857469761152,0.164520746615279,0.374275258169386,NA,"sintetico_postestratificado",FALSE,0.209754511554107,"20","273","San Miguel Peras"
1079,0.302957178054125,0.204751431709841,0.423275949576909,NA,"sintetico_postestratificado",FALSE,0.218524517867067,"20","275","San Miguel Quetzaltepec"
1080,0.316366372041892,0.223349759930312,0.44008329625973,NA,"sintetico_postestratificado",FALSE,0.216733536329418,"20","551","Tlacolula de Matamoros"
1081,0.304078166339978,0.206654781846429,0.414696595397311,NA,"sintetico_postestratificado",FALSE,0.208041813550881,"20","357","Santa Ana Tavela"
1082,0.29864790600784,0.203372062759552,0.402033637436386,NA,"sintetico_postestratificado",FALSE,0.198661574676835,"20","502","Santiago Zacatepec"
1083,0.296320358773938,0.196897702524841,0.405245641181881,NA,"sintetico_postestratificado",FALSE,0.20834793865704,"20","553","Tlalixtac de Cabrera"
1084,0.332842382372917,0.23054192678179,0.438014765013046,NA,"sintetico_postestratificado",FALSE,0.207472838231256,"20","265","San Miguel Chimalapa"
1085,0.356421299638541,0.249618827785226,0.469951814814149,NA,"sintetico_postestratificado",FALSE,0.220332987028922,"20","493","Santiago Tillo"
1086,0.360584600314524,0.265970907212856,0.457812338915673,14,"muestra_directa",FALSE,0.191841431702817,"20","318","San Pedro Mixtepec"
1087,0.353936497897374,0.247361178731526,0.462173244291239,NA,"sintetico_postestratificado",FALSE,0.214812065559714,"20","327","San Pedro Tapanatepec"
1088,0.321987249263183,0.224725374073559,0.434632806086726,NA,"sintetico_postestratificado",FALSE,0.209907432013167,"20","554","Totontepec Villa de Morelos"
1089,0.266362444520882,0.176866504318524,0.376141450535621,NA,"sintetico_postestratificado",FALSE,0.199274946217097,"20","555","Trinidad Zaachila"
1090,0.267872826896305,0.180618752291699,0.380926779552911,NA,"sintetico_postestratificado",FALSE,0.200308027261212,"20","556","La Trinidad Vista Hermosa"
1091,0.235085757675933,0.153441297882126,0.33311417619785,NA,"sintetico_postestratificado",FALSE,0.179672878315724,"20","018","Concepción Buenavista"
1092,0.295459836244949,0.199016066900538,0.403997391559573,NA,"sintetico_postestratificado",FALSE,0.204981324659035,"20","036","Guevea de Humboldt"
1093,0.268333407428414,0.175105842469824,0.371455336114472,NA,"sintetico_postestratificado",FALSE,0.196349493644648,"20","338","Villa de Etla"
1094,0.29900448754531,0.206195859401486,0.413235533451926,NA,"sintetico_postestratificado",FALSE,0.207039674050439,"20","344","San Sebastián Coatlán"
1095,0.313707092905336,0.217973972655505,0.425283508347776,NA,"sintetico_postestratificado",FALSE,0.207309535692272,"20","366","Santa Catarina Loxicha"
1096,0.307777743161277,0.207955616399275,0.42335610850897,NA,"sintetico_postestratificado",FALSE,0.215400492109695,"20","377","Santa Cruz Itundujia"
1097,0.294097058450782,0.195793233042649,0.393747330707518,NA,"sintetico_postestratificado",FALSE,0.197954097664869,"20","451","Santiago Apoala"
1098,0.328207137190009,0.229579833045792,0.439355411307975,NA,"sintetico_postestratificado",FALSE,0.209775578262183,"20","005","Asunción Ixtaltepec"
1099,0.336095374346838,0.233078214439689,0.458294361998263,NA,"sintetico_postestratificado",FALSE,0.225216147558574,"20","558","Valerio Trujano"
1100,0.346714173294156,0.240555037371898,0.46423889812646,NA,"sintetico_postestratificado",FALSE,0.223683860754563,"20","561","Yaxe"
1101,0.326900499617246,0.228504133077837,0.437978546978832,NA,"sintetico_postestratificado",FALSE,0.209474413900995,"20","056","Mártires de Tacubaya"
1102,0.323062652792961,0.222034908730983,0.432266531285159,NA,"sintetico_postestratificado",FALSE,0.210231622554176,"20","563","Yogana"
1103,0.313482123126157,0.213378955318675,0.42733985692655,NA,"sintetico_postestratificado",FALSE,0.213960901607876,"20","497","Santiago Yaitepec"
1104,0.288441604373294,0.193953819232772,0.400286869318371,NA,"sintetico_postestratificado",FALSE,0.206333050085599,"20","549","Heroica Villa Tezoatlán de Segura y Luna, Cuna de la Independencia de Oaxaca"
1105,0.379833688380495,0.275022284752765,0.49738821667129,NA,"sintetico_postestratificado",FALSE,0.222365931918525,"20","564","Yutanduchi de Guerrero"
1106,0.347948094363915,0.245450857931825,0.457064849746817,NA,"sintetico_postestratificado",FALSE,0.211613991814991,"20","565","Villa de Zaachila"
1107,0.257504123222659,0.171477420853145,0.350436024033812,NA,"sintetico_postestratificado",FALSE,0.178958603180666,"20","099","San Andrés Tepetlapa"
1108,0.287569825197223,0.191001318503311,0.397584431351496,NA,"sintetico_postestratificado",FALSE,0.206583112848185,"20","491","Santiago Textitlán"
1109,0.300670238143695,0.202520783013727,0.415628904800338,NA,"sintetico_postestratificado",FALSE,0.213108121786612,"20","031","Tamazulápam del Espíritu Santo"
1110,0.340119835584942,0.237311389500528,0.458431884417257,NA,"sintetico_postestratificado",FALSE,0.221120494916729,"20","279","San Miguel Suchixtepec"
1111,0.296380152926364,0.20316312711415,0.408339668051189,NA,"sintetico_postestratificado",FALSE,0.205176540937039,"20","401","Santa María Colotepec"
1112,0.275406248697101,0.180720839509162,0.390427822806544,NA,"sintetico_postestratificado",FALSE,0.209706983297382,"20","367","Santa Catarina Mechoacán"
1113,0.321197706284893,0.225501620313537,0.426212986868947,10,"muestra_directa",FALSE,0.200711366555409,"20","500","Santiago Yosondúa"
1114,0.382938587443462,0.272105731219832,0.507755037211308,NA,"sintetico_postestratificado",FALSE,0.235649305991476,"20","503","Santiago Zoochila"
1115,0.381490008964111,0.264633019987974,0.506275549514571,NA,"sintetico_postestratificado",FALSE,0.241642529526597,"20","379","Santa Cruz Nundaco"
1116,0.304937925661474,0.205696862437867,0.420981745942899,NA,"sintetico_postestratificado",FALSE,0.215284883505032,"20","494","Santiago Tlazoyaltepec"
1117,0.258758927924782,0.174919126678905,0.364892649595028,3,"muestra_directa",TRUE,0.189973522916123,"20","499","Santiago Yolomécatl"
1118,0.287954580730365,0.191916290100881,0.396106094612932,NA,"sintetico_postestratificado",FALSE,0.204189804512051,"20","058","Mazatlán Villa de Flores"
1119,0.300996260988444,0.203202445816181,0.408871018590133,NA,"sintetico_postestratificado",FALSE,0.205668572773952,"20","059","Miahuatlán de Porfirio Díaz"
1120,0.279475125365808,0.189495796580537,0.387313702843923,NA,"sintetico_postestratificado",FALSE,0.197817906263387,"20","177","San Juan Bautista Cuicatlán"
1121,0.281260965451884,0.192057950487189,0.392826488657127,NA,"sintetico_postestratificado",FALSE,0.200768538169938,"20","359","Santa Ana Yareni"
1122,0.313243013015521,0.215832348292525,0.430808308298596,NA,"sintetico_postestratificado",FALSE,0.214975960006071,"20","364","Santa Catarina Juquila"
1123,0.310275298516399,0.213378377767005,0.423514178544413,NA,"sintetico_postestratificado",FALSE,0.210135800777408,"20","569","Santa Inés de Zaragoza"
1124,0.275905642857876,0.184469417057442,0.379108848546291,NA,"sintetico_postestratificado",FALSE,0.194639431488849,"20","570","Zimatlán de Álvarez"
1125,0.28475040529796,0.198639596207987,0.385964656585186,NA,"sintetico_postestratificado",FALSE,0.187325060377199,"20","567","Zapotitlán Lagunas"
1126,0.314093321619663,0.230448254815717,0.409932045334456,9,"muestra_directa",TRUE,0.179483790518739,"20","057","Matías Romero Avendaño"
1127,0.327071198893217,0.228741994949905,0.439176417205586,NA,"sintetico_postestratificado",FALSE,0.210434422255681,"20","423","Santa María Nduayaco"
1128,0.292439442056268,0.20175399026268,0.399563441911426,NA,"sintetico_postestratificado",FALSE,0.197809451648747,"20","112","San Baltazar Chichicápam"
1129,0.254938708164911,0.161372803715073,0.364247208958084,NA,"sintetico_postestratificado",FALSE,0.202874405243011,"20","510","Santo Domingo Ixcatlán"
1130,0.276861489842416,0.180463163408825,0.387567617137344,NA,"sintetico_postestratificado",FALSE,0.207104453728518,"20","371","Santa Catarina Ticuá"
1131,0.3035762776216,0.197634283220737,0.420551776643485,NA,"sintetico_postestratificado",FALSE,0.222917493422748,"20","424","Santa María Ozolotepec"
1132,0.313307127243905,0.216203910891698,0.423645454164953,NA,"sintetico_postestratificado",FALSE,0.207441543273255,"20","406","Santa María Chilchotla"
1133,0.29013560615596,0.196635276257424,0.394198402864104,NA,"sintetico_postestratificado",FALSE,0.19756312660668,"20","410","Santa María Ecatepec"
1134,0.319556323966302,0.21885084616665,0.429373372539726,NA,"sintetico_postestratificado",FALSE,0.210522526373076,"20","435","Santa María Tepantlali"
1135,0.324324102116754,0.228581831804707,0.43667150656914,NA,"sintetico_postestratificado",FALSE,0.208089674764433,"20","417","Santa María Jacatepec"
1136,0.341775884864869,0.235244843825401,0.456728486183269,NA,"sintetico_postestratificado",FALSE,0.221483642357869,"20","422","Santa María Nativitas"
1137,0.318709141358918,0.220974233582162,0.42674644219794,NA,"sintetico_postestratificado",FALSE,0.205772208615778,"20","439","Santa María Tonameca"
1138,0.276400446251856,0.195539027566423,0.376702530273378,NA,"sintetico_postestratificado",FALSE,0.181163502706955,"20","450","Santiago Amoltepec"
1139,0.33813962724939,0.244816937932476,0.448677458372025,13,"muestra_directa",FALSE,0.203860520439549,"20","075","Reforma de Pineda"
1140,0.274876203861793,0.182871442518762,0.382178920057446,NA,"sintetico_postestratificado",FALSE,0.199307477538684,"20","501","Santiago Yucuyachi"
1141,0.310494272676463,0.212872281321466,0.423960457000326,NA,"sintetico_postestratificado",FALSE,0.211088175678861,"20","504","Nuevo Zoquiápam"
1142,0.29261706427422,0.196756684599331,0.407949312790065,NA,"sintetico_postestratificado",FALSE,0.211192628190734,"20","505","Santo Domingo Ingenio"
1143,0.324560821801191,0.217507809216619,0.443919961723387,NA,"sintetico_postestratificado",FALSE,0.226412152506767,"20","251","San Mateo Nejápam"
1144,0.236954300650945,0.151526068727367,0.335173026455084,NA,"sintetico_postestratificado",FALSE,0.183646957727717,"20","459","Villa de Santiago Chazumba"
1145,0.338925323929969,0.239590714704526,0.444201305506011,NA,"sintetico_postestratificado",FALSE,0.204610590801486,"20","477","Santiago Minas"
1146,0.311969035401382,0.215606858705567,0.419503166885074,NA,"sintetico_postestratificado",FALSE,0.203896308179506,"20","484","Santiago Tamazola"
1147,0.293962812812305,0.189197692309398,0.404601552958669,NA,"sintetico_postestratificado",FALSE,0.215403860649271,"20","485","Santiago Tapextla"
1148,0.299489727618289,0.208283770474407,0.408728335649885,NA,"sintetico_postestratificado",FALSE,0.200444565175478,"20","492","Santiago Tilantongo"
1149,0.269977005927853,0.177370036037957,0.375163789299249,NA,"sintetico_postestratificado",FALSE,0.197793753261292,"20","495","Santiago Xanica"
1150,0.313682523803829,0.220979346861305,0.431238092272449,NA,"sintetico_postestratificado",FALSE,0.210258745411143,"20","534","San Vicente Coatlán"
1151,0.298012343334593,0.202105256773812,0.406391912652049,NA,"sintetico_postestratificado",FALSE,0.204286655878237,"20","537","Silacayoápam"
1152,0.242625679860461,0.154905389540138,0.338151596322255,NA,"sintetico_postestratificado",FALSE,0.183246206782117,"20","543","Tataltepec de Valdés"
1153,0.337851141622598,0.244017662513703,0.442807464452134,NA,"sintetico_postestratificado",FALSE,0.198789801938431,"20","548","Tepelmeme Villa de Morelos"
1154,0.24508174087729,0.16424540592579,0.349872780506686,NA,"sintetico_postestratificado",FALSE,0.185627374580896,"20","463","Santiago Huauclilla"
1155,0.265160902068794,0.171687358389246,0.377226385288414,NA,"sintetico_postestratificado",FALSE,0.205539026899168,"20","467","Santiago Jamiltepec"
1156,0.298926171084599,0.206485664833432,0.410815876168552,NA,"sintetico_postestratificado",FALSE,0.20433021133512,"20","559","San Juan Bautista Valle Nacional"
1157,0.30271624303674,0.2104245741335,0.410510517780047,NA,"sintetico_postestratificado",FALSE,0.200085943646547,"20","169","San José Independencia"
1158,0.286374406566175,0.19085335523683,0.405905603179624,NA,"sintetico_postestratificado",FALSE,0.215052247942795,"20","117","San Bartolomé Loxicha"
1159,0.300316026930921,0.206536460374086,0.413427874893733,NA,"sintetico_postestratificado",FALSE,0.206891414519647,"20","512","Santo Domingo Ozolotepec"
1160,0.320288213036653,0.215672309430535,0.446104625683122,NA,"sintetico_postestratificado",FALSE,0.230432316252587,"20","514","Santo Domingo Roayaga"
1161,0.302871038121325,0.204430925379286,0.417285841951898,NA,"sintetico_postestratificado",FALSE,0.212854916572612,"20","118","San Bartolomé Quialana"
1162,0.197461845645975,0.124660727261246,0.287617303010734,NA,"sintetico_postestratificado",FALSE,0.162956575749488,"20","518","Santo Domingo Tlatayápam"
1163,0.258379148980697,0.170866665375712,0.362185107541001,NA,"sintetico_postestratificado",FALSE,0.191318442165289,"20","440","Santa María Totolapilla"
1164,0.258766851226869,0.16576318010936,0.369144409253057,NA,"sintetico_postestratificado",FALSE,0.203381229143696,"20","568","Zapotitlán Palmas"
1165,0.321531739571561,0.215946299397808,0.438317350514606,NA,"sintetico_postestratificado",FALSE,0.222371051116798,"20","521","Santo Domingo Tonaltepec"
1166,0.316949958111377,0.220984871561149,0.429560963781734,NA,"sintetico_postestratificado",FALSE,0.208576092220585,"20","001","Abejones"
1167,0.276201310126487,0.178438233556675,0.391040267381748,NA,"sintetico_postestratificado",FALSE,0.212602033825073,"20","256","San Mateo Tlapiltepec"
1168,0.306694348564687,0.209788582416357,0.419551959012453,NA,"sintetico_postestratificado",FALSE,0.209763376596096,"20","003","Asunción Cacalotepec"
1169,0.29416418858986,0.196801517198718,0.414111391345113,NA,"sintetico_postestratificado",FALSE,0.217309874146395,"20","263","San Miguel Coatlán"
1170,0.337836985535054,0.235009339349587,0.440650835725387,NA,"sintetico_postestratificado",FALSE,0.2056414963758,"20","004","Asunción Cuyotepeji"
1171,0.244427027249235,0.157403807848502,0.348003498580671,NA,"sintetico_postestratificado",FALSE,0.190599690732169,"20","007","Asunción Ocotlán"
1172,0.399647395787291,0.290188574457955,0.520955109054942,NA,"sintetico_postestratificado",FALSE,0.230766534596987,"20","267","San Miguel del Río"
1173,0.295095462055794,0.200098460415326,0.409438615405378,NA,"sintetico_postestratificado",FALSE,0.209340154990052,"20","011","Calihualá"
1174,0.270306144466388,0.18593219385311,0.370835193180605,NA,"sintetico_postestratificado",FALSE,0.184902999327496,"20","027","Chiquihuitlán de Benito Juárez"
1175,0.271694909878753,0.187101213682681,0.368027063904306,11,"muestra_directa",FALSE,0.180925850221626,"20","030","El Espinal"
1176,0.324393355868741,0.227553882202159,0.437283963115047,NA,"sintetico_postestratificado",FALSE,0.209730080912888,"20","519","Santo Domingo Tomaltepec"
1177,0.241349707688634,0.156410526551294,0.346082387969282,NA,"sintetico_postestratificado",FALSE,0.189671861417988,"20","034","Guadalupe de Ramírez"
1178,0.293422617552536,0.201303258788354,0.398106306230117,NA,"sintetico_postestratificado",FALSE,0.196803047441763,"20","013","Ciénega de Zimatlán"
1179,0.325865036766022,0.230830878879514,0.432152330907886,NA,"sintetico_postestratificado",FALSE,0.201321452028372,"20","460","Santiago Choápam"
1180,0.26184101386712,0.178998321083,0.36821820039234,NA,"sintetico_postestratificado",FALSE,0.18921987930934,"20","044","Loma Bonita"
1181,0.352280378583429,0.246975936720326,0.464729215629562,NA,"sintetico_postestratificado",FALSE,0.217753278909236,"20","017","La Compañía"
1182,0.283991513709488,0.176376941813075,0.390911493135018,NA,"sintetico_postestratificado",FALSE,0.214534551321944,"20","507","Santo Domingo Armenta"
1183,0.286822572023579,0.185692613686339,0.406336393386904,NA,"sintetico_postestratificado",FALSE,0.220643779700564,"20","049","Magdalena Ocotlán"
1184,0.254927417567448,0.173045590078967,0.359089601379955,NA,"sintetico_postestratificado",FALSE,0.186044011300988,"20","520","Santo Domingo Tonalá"
1185,0.267578067032769,0.175158582819071,0.375668567061151,NA,"sintetico_postestratificado",FALSE,0.20050998424208,"20","019","Concepción Pápalo"
1186,0.246175878537981,0.160848489570198,0.351107591097328,NA,"sintetico_postestratificado",FALSE,0.19025910152713,"20","022","Cosoltepec"
1187,0.284287165791827,0.191222933114073,0.388162335404141,NA,"sintetico_postestratificado",FALSE,0.196939402290067,"20","024","Cuyamecalco Villa de Zaragoza"
1188,0.301607043452074,0.203681811862117,0.418331337543652,9,"muestra_directa",TRUE,0.214649525681535,"20","025","Chahuites"
1189,0.317559432249483,0.216627028717595,0.437800585301508,NA,"sintetico_postestratificado",FALSE,0.221173556583912,"20","026","Chalcatongo de Hidalgo"
1190,0.284670961755339,0.195184210873912,0.387045680538069,NA,"sintetico_postestratificado",FALSE,0.191861469664157,"20","029","Eloxochitlán de Flores Magón"
1191,0.301530172891581,0.210275813351346,0.402744809345516,NA,"sintetico_postestratificado",FALSE,0.19246899599417,"20","032","Fresnillo de Trujano"
1192,0.254514019923918,0.174097629429792,0.345121456785286,22,"muestra_directa",FALSE,0.171023827355494,"20","515","Santo Domingo Tehuantepec"
1193,0.274653199617078,0.18855477267139,0.380920101020961,11,"muestra_directa",FALSE,0.192365328349571,"20","516","Santo Domingo Teojomulco"
1194,0.295607880192892,0.196409082318379,0.3963134879683,NA,"sintetico_postestratificado",FALSE,0.199904405649921,"20","033","Guadalupe Etla"
1195,0.350796130383128,0.247944371380533,0.470928002491838,NA,"sintetico_postestratificado",FALSE,0.222983631111304,"20","050","Magdalena Peñasco"
1196,0.353375307587901,0.249337975341152,0.468355300952131,NA,"sintetico_postestratificado",FALSE,0.219017325610979,"20","035","Guelatao de Juárez"
1197,0.28462147600116,0.19376296403171,0.396394929199227,NA,"sintetico_postestratificado",FALSE,0.202631965167517,"20","051","Magdalena Teitipac"
1198,0.316104326020999,0.217324103860974,0.421156780507051,NA,"sintetico_postestratificado",FALSE,0.203832676646077,"20","536","San Vicente Nuñú"
1199,0.26388291690812,0.17695403790707,0.367806886788591,NA,"sintetico_postestratificado",FALSE,0.190852848881522,"20","047","Santa Magdalena Jicotlán"
1200,0.313647022278753,0.21077532181909,0.429905426006261,NA,"sintetico_postestratificado",FALSE,0.219130104187171,"20","037","Mesones Hidalgo"
1201,0.338294878306632,0.236407108692511,0.452467882834845,NA,"sintetico_postestratificado",FALSE,0.216060774142334,"20","040","Huautepec"
1202,0.337657158100413,0.230181901172048,0.445330542282269,NA,"sintetico_postestratificado",FALSE,0.215148641110221,"20","041","Huautla de Jiménez"
1203,0.31092329342486,0.212804690389114,0.419675023448533,NA,"sintetico_postestratificado",FALSE,0.20687033305942,"20","042","Ixtlán de Juárez"
1204,0.273264492072702,0.181753467591807,0.373230123635221,NA,"sintetico_postestratificado",FALSE,0.191476656043413,"20","045","Magdalena Apasco"
1205,0.320630055376248,0.21929778746127,0.435284485108961,NA,"sintetico_postestratificado",FALSE,0.215986697647692,"20","053","Magdalena Tlacotepec"
1206,0.32435026013626,0.220405981956917,0.429447894518528,NA,"sintetico_postestratificado",FALSE,0.209041912561611,"20","046","Magdalena Jaltepec"
1207,0.291360605574343,0.194369176218018,0.393657331800686,NA,"sintetico_postestratificado",FALSE,0.199288155582668,"20","523","Santo Domingo Yanhuitlán"
1208,0.287584952144423,0.193478839167189,0.403521575720246,NA,"sintetico_postestratificado",FALSE,0.210042736553056,"20","048","Magdalena Mixtepec"
1209,0.344983366953876,0.239452767667058,0.465773111806428,NA,"sintetico_postestratificado",FALSE,0.22632034413937,"20","522","Santo Domingo Xagacía"
1210,0.275733167659111,0.184546501564001,0.373577966886233,NA,"sintetico_postestratificado",FALSE,0.189031465322232,"20","456","Santiago Cacaloxtepec"
1211,0.281530815988188,0.187789089857533,0.389983068495758,NA,"sintetico_postestratificado",FALSE,0.202193978638225,"20","060","Mixistlán de la Reforma"
1212,0.301624030000987,0.19631601822647,0.423206160121144,NA,"sintetico_postestratificado",FALSE,0.226890141894674,"20","061","Monjas"
1213,0.301301536855938,0.19522803364234,0.41316062800682,NA,"sintetico_postestratificado",FALSE,0.21793259436448,"20","062","Natividad"
1214,0.275468518101709,0.185137766892594,0.375934622141045,NA,"sintetico_postestratificado",FALSE,0.190796855248451,"20","063","Nazareno Etla"
1215,0.300914945631494,0.206769308836395,0.410604815057864,NA,"sintetico_postestratificado",FALSE,0.203835506221469,"20","065","Ixpantepec Nieves"
1216,0.331567940769916,0.232447425374699,0.448186392658826,NA,"sintetico_postestratificado",FALSE,0.215738967284128,"20","069","La Pe"
1217,0.286296830321355,0.198511803074155,0.395526031644246,NA,"sintetico_postestratificado",FALSE,0.197014228570091,"20","070","Pinotepa de Don Luis"
1218,0.279837085042131,0.184968469022364,0.38817144067302,NA,"sintetico_postestratificado",FALSE,0.203202971650656,"20","071","Pluma Hidalgo"
1219,0.282276152385032,0.185072432484365,0.386226175918708,NA,"sintetico_postestratificado",FALSE,0.201153743434344,"20","096","San Andrés Sinaxtla"
1220,0.30378108148059,0.208021674034656,0.413650308301645,NA,"sintetico_postestratificado",FALSE,0.205628634266989,"20","072","San José del Progreso"
1221,0.303521909931538,0.212641923081119,0.411493322574088,NA,"sintetico_postestratificado",FALSE,0.19885139949297,"20","097","San Andrés Solaga"
1222,0.328468512984016,0.227974990523656,0.449053573247225,NA,"sintetico_postestratificado",FALSE,0.221078582723569,"20","098","San Andrés Teotilálpam"
1223,0.346565027702467,0.239083151119686,0.455131223212654,NA,"sintetico_postestratificado",FALSE,0.216048072092968,"20","074","Santa Catarina Quioquitani"
1224,0.257885877998069,0.18538056729566,0.349269037617267,28,"muestra_directa",FALSE,0.163888470321607,"20","076","La Reforma"
1225,0.284892765317666,0.196121457011495,0.389218169569713,NA,"sintetico_postestratificado",FALSE,0.193096712558219,"20","190","San Juan Cotzocón"
1226,0.244717913494621,0.164075307928578,0.345404252896776,NA,"sintetico_postestratificado",FALSE,0.181328944968198,"20","078","Rojas de Cuauhtémoc"
1227,0.293914945825898,0.197789253598338,0.403017387534182,NA,"sintetico_postestratificado",FALSE,0.205228133935844,"20","077","Reyes Etla"
1228,0.316832976754687,0.220688274494463,0.42797472038331,NA,"sintetico_postestratificado",FALSE,0.207286445888847,"20","081","San Agustín Atenango"
1229,0.301051926769465,0.207731129647573,0.40580390280084,NA,"sintetico_postestratificado",FALSE,0.198072773153267,"20","094","San Andrés Nuxiño"
1230,0.228972204233393,0.14595229429452,0.338288427637659,NA,"sintetico_postestratificado",FALSE,0.192336133343139,"20","080","San Agustín Amatengo"
1231,0.274351258641901,0.182657110842794,0.388681782079327,NA,"sintetico_postestratificado",FALSE,0.206024671236533,"20","084","San Agustín Etla"
1232,0.286995471360268,0.193876447903172,0.403322561312694,2,"muestra_directa",TRUE,0.209446113409522,"20","082","San Agustín Chayuco"
1233,0.236219544143749,0.148741979587159,0.341325559280998,NA,"sintetico_postestratificado",FALSE,0.192583579693839,"20","086","San Agustín Tlacotepec"
1234,0.244896110771414,0.165052026073706,0.345653028384239,NA,"sintetico_postestratificado",FALSE,0.180601002310534,"20","083","San Agustín de las Juntas"
1235,0.291687503251679,0.199620257980364,0.398254754383651,NA,"sintetico_postestratificado",FALSE,0.198634496403287,"20","092","San Andrés Ixtlahuaca"
1236,0.33701480703871,0.240077949889866,0.445441159689751,NA,"sintetico_postestratificado",FALSE,0.205363209799884,"20","087","San Agustín Yatareni"
1237,0.265570859664823,0.175553273329453,0.3701496186679,NA,"sintetico_postestratificado",FALSE,0.194596345338447,"20","089","San Andrés Dinicuiti"
1238,0.255098212092551,0.169608536362068,0.355753361221481,NA,"sintetico_postestratificado",FALSE,0.186144824859413,"20","090","San Andrés Huaxpaltepec"
1239,0.27904721756827,0.18866419388829,0.378725419643459,NA,"sintetico_postestratificado",FALSE,0.190061225755169,"20","091","San Andrés Huayápam"
1240,0.318146957265772,0.21811947590715,0.427920763771817,NA,"sintetico_postestratificado",FALSE,0.209801287864668,"20","095","San Andrés Paxtlán"
1241,0.281339299634083,0.185605585153132,0.38602856614628,NA,"sintetico_postestratificado",FALSE,0.200422980993148,"20","100","San Andrés Yaá"
1242,0.279998361786112,0.184823248024009,0.384082222311373,NA,"sintetico_postestratificado",FALSE,0.199258974287364,"20","101","San Andrés Zabache"
1243,0.305209992550173,0.210561545499804,0.409957907368286,NA,"sintetico_postestratificado",FALSE,0.199396361868482,"20","102","San Andrés Zautla"
1244,0.263869782495926,0.174978611008918,0.36910104170102,NA,"sintetico_postestratificado",FALSE,0.194122430692103,"20","233","San Lucas Quiaviní"
1245,0.360155918474351,0.252090134462667,0.476167688607248,NA,"sintetico_postestratificado",FALSE,0.22407755414458,"20","103","San Antonino Castillo Velasco"
1246,0.393762102488123,0.285146424143534,0.512098246370605,NA,"sintetico_postestratificado",FALSE,0.22695182222707,"20","104","San Antonino el Alto"
1247,0.231296675190002,0.150343576717866,0.330233652591965,NA,"sintetico_postestratificado",FALSE,0.179890075874099,"20","105","San Antonino Monte Verde"
1248,0.299365053791016,0.211098375225723,0.404337160992638,10,"muestra_directa",FALSE,0.193238785766914,"20","107","San Antonio de la Cal"
1249,0.285705319489968,0.190757256975182,0.402655737725289,NA,"sintetico_postestratificado",FALSE,0.211898480750107,"20","108","San Antonio Huitepec"
1250,0.284202893878656,0.189835487060435,0.391802555095375,NA,"sintetico_postestratificado",FALSE,0.201967068034941,"20","109","San Antonio Nanahuatípam"
1251,0.26903945867284,0.176635355348428,0.378803517278044,NA,"sintetico_postestratificado",FALSE,0.202168161929616,"20","110","San Antonio Sinicahua"
1252,0.274038375376135,0.186626671747501,0.380797224914706,NA,"sintetico_postestratificado",FALSE,0.194170553167206,"20","111","San Antonio Tepetlapa"
1253,0.224309231879428,0.147150965626186,0.325448565118566,NA,"sintetico_postestratificado",FALSE,0.17829759949238,"20","527","Santos Reyes Pápalo"
1254,0.28280061713803,0.188228816212041,0.388467133404485,NA,"sintetico_postestratificado",FALSE,0.200238317192445,"20","116","San Bartolomé Ayautla"
1255,0.294329380705019,0.202263037592464,0.406422773954187,NA,"sintetico_postestratificado",FALSE,0.204159736361723,"20","114","San Baltazar Yatzachi el Bajo"
1256,0.304612746188954,0.204659969631175,0.421191973042514,NA,"sintetico_postestratificado",FALSE,0.216532003411339,"20","172","San Juan Achiutla"
1257,0.298914751673792,0.205783756662195,0.412291970979266,NA,"sintetico_postestratificado",FALSE,0.206508214317071,"20","115","San Bartolo Coyotepec"
1258,0.270229113945492,0.179100300140873,0.374763222507258,NA,"sintetico_postestratificado",FALSE,0.195662922366385,"20","413","Santa María Huatulco"
1259,0.347708699441277,0.241451481106871,0.454191200642065,NA,"sintetico_postestratificado",FALSE,0.212739719535194,"20","119","San Bartolomé Yucuañe"
1260,0.342512316903817,0.242904309147765,0.46815477452192,NA,"sintetico_postestratificado",FALSE,0.225250465374154,"20","120","San Bartolomé Zoogocho"
1261,0.272996370554637,0.186142964619348,0.369656796253311,NA,"sintetico_postestratificado",FALSE,0.183513831633963,"20","121","San Bartolo Soyaltepec"
1262,0.321880190779934,0.226613538205396,0.424294382400655,NA,"sintetico_postestratificado",FALSE,0.197680844195259,"20","014","Ciudad Ixtepec"
1263,0.297570709783006,0.20594661045027,0.40430179645679,NA,"sintetico_postestratificado",FALSE,0.19835518600652,"20","015","Coatecas Altas"
1264,0.246061594158571,0.159403004486721,0.343531859972356,NA,"sintetico_postestratificado",FALSE,0.184128855485635,"20","123","San Bernardo Mixtepec"
1265,0.280156687404568,0.185467736407786,0.395811493208647,NA,"sintetico_postestratificado",FALSE,0.210343756800861,"20","122","San Bartolo Yautepec"
1266,0.26801948513776,0.176043313818431,0.369804212093146,NA,"sintetico_postestratificado",FALSE,0.193760898274714,"20","528","Santos Reyes Tepejillo"
1267,0.267623552578333,0.175866101686459,0.369665307867241,NA,"sintetico_postestratificado",FALSE,0.193799206180781,"20","124","Heroica Villa de San Blas Atempa"
1268,0.239551358230361,0.157261953157882,0.340983976377462,NA,"sintetico_postestratificado",FALSE,0.18372202321958,"20","129","San Cristóbal Suchixtlahuaca"
1269,0.267419534819842,0.175215309065286,0.375036212774847,NA,"sintetico_postestratificado",FALSE,0.199820903709562,"20","206","San Juan de los Cués"
1270,0.297787977155381,0.206833448655134,0.406692938797967,NA,"sintetico_postestratificado",FALSE,0.199859490142833,"20","126","San Cristóbal Amatlán"
1271,0.248174829034265,0.163972543928005,0.346858619708534,NA,"sintetico_postestratificado",FALSE,0.182886075780528,"20","020","Constancia del Rosario"
1272,0.267350635433088,0.171548074855049,0.370764942632202,NA,"sintetico_postestratificado",FALSE,0.199216867777153,"20","127","San Cristóbal Amoltepec"
1273,0.26773872857327,0.174721370953681,0.379802739667768,NA,"sintetico_postestratificado",FALSE,0.205081368714088,"20","128","San Cristóbal Lachirioag"
1274,0.278115557995329,0.189181923554009,0.385662216727688,NA,"sintetico_postestratificado",FALSE,0.196480293173679,"20","529","Santos Reyes Yucuná"
1275,0.286049575626326,0.193364960349598,0.392081041850731,NA,"sintetico_postestratificado",FALSE,0.198716081501133,"20","131","San Dionisio Ocotepec"
1276,0.255205428112376,0.175144737754167,0.352048324572147,12,"muestra_directa",FALSE,0.17690358681798,"20","130","San Dionisio del Mar"
1277,0.281446057810957,0.187684990744631,0.388328261444876,NA,"sintetico_postestratificado",FALSE,0.200643270700245,"20","152","San Francisco Tlapancingo"
1278,0.316015058649655,0.21919572347628,0.428934006379066,NA,"sintetico_postestratificado",FALSE,0.209738282902786,"20","153","San Gabriel Mixtepec"
1279,0.314206071313653,0.213620087279779,0.43106444620206,NA,"sintetico_postestratificado",FALSE,0.21744435892228,"20","132","San Dionisio Ocotlán"
1280,0.281243970763565,0.185758693649983,0.389737163602381,NA,"sintetico_postestratificado",FALSE,0.203978469952397,"20","135","San Felipe Tejalápam"
1281,0.224638225525927,0.14046536775535,0.320502493668285,NA,"sintetico_postestratificado",FALSE,0.180037125912935,"20","136","San Felipe Usila"
1282,0.271428152886826,0.176804842112456,0.376670020096002,NA,"sintetico_postestratificado",FALSE,0.199865177983546,"20","137","San Francisco Cahuacuá"
1283,0.262732639913929,0.175890660881069,0.372777197134871,NA,"sintetico_postestratificado",FALSE,0.196886536253802,"20","139","San Francisco Chapulapa"
1284,0.27468184919958,0.175029557558311,0.385914292840757,NA,"sintetico_postestratificado",FALSE,0.210884735282447,"20","142","San Francisco Huehuetlán"
1285,0.275678552734792,0.179279491951367,0.383093068442509,NA,"sintetico_postestratificado",FALSE,0.203813576491142,"20","140","San Francisco Chindúa"
1286,0.278826630496349,0.19355504358091,0.389010827051557,NA,"sintetico_postestratificado",FALSE,0.195455783470647,"20","141","San Francisco del Mar"
1287,0.344127512483102,0.239643296765089,0.458732494689424,NA,"sintetico_postestratificado",FALSE,0.219089197924335,"20","160","San Jerónimo Silacayoapilla"
1288,0.320297081961694,0.220081935325793,0.437081937486301,NA,"sintetico_postestratificado",FALSE,0.217000002160508,"20","143","San Francisco Ixhuatán"
1289,0.30321841021253,0.202892450582953,0.416044023173222,NA,"sintetico_postestratificado",FALSE,0.213151572590269,"20","144","San Francisco Jaltepetongo"
1290,0.311906004543477,0.213556668378134,0.430326459088509,NA,"sintetico_postestratificado",FALSE,0.216769790710375,"20","145","San Francisco Lachigoló"
1291,0.259553082574048,0.163894170765724,0.367681519348457,NA,"sintetico_postestratificado",FALSE,0.203787348582733,"20","531","Santo Tomás Mazaltepec"
1292,0.305788575193729,0.20411418920722,0.433007870706617,NA,"sintetico_postestratificado",FALSE,0.228893681499396,"20","146","San Francisco Logueche"
1293,0.280906827754955,0.183321449241344,0.39393604369449,NA,"sintetico_postestratificado",FALSE,0.210614594453145,"20","147","San Francisco Nuxaño"
1294,0.31874287852598,0.212645490873509,0.430583664872422,NA,"sintetico_postestratificado",FALSE,0.217938173998912,"20","148","San Francisco Ozolotepec"
1295,0.294069620298974,0.195646452348113,0.410429990673612,NA,"sintetico_postestratificado",FALSE,0.214783538325499,"20","150","San Francisco Telixtlahuaca"
1296,0.259926597599664,0.174624927802246,0.367808295618239,NA,"sintetico_postestratificado",FALSE,0.193183367815994,"20","151","San Francisco Teopan"
1297,0.285927851274886,0.187612749721357,0.405179332628395,NA,"sintetico_postestratificado",FALSE,0.217566582907038,"20","157","San Jacinto Amilpas"
1298,0.266129433087381,0.180527736792447,0.368447516531811,NA,"sintetico_postestratificado",FALSE,0.187919779739365,"20","248","San Mateo del Mar"
1299,0.382143151635359,0.261463493419419,0.507405543332646,NA,"sintetico_postestratificado",FALSE,0.245942049913227,"20","158","San Jacinto Tlacotepec"
1300,0.378527402085223,0.268340871788418,0.502018005696197,NA,"sintetico_postestratificado",FALSE,0.233677133907778,"20","162","San Jerónimo Taviche"
1301,0.304288109095903,0.213017786904644,0.407634019284778,NA,"sintetico_postestratificado",FALSE,0.194616232380133,"20","164","San Jorge Nuchita"
1302,0.352163256267972,0.245955935470931,0.469094545034398,NA,"sintetico_postestratificado",FALSE,0.223138609563466,"20","176","San Juan Bautista Coixtlahuaca"
1303,0.341699943348459,0.240932353816707,0.457132432401536,NA,"sintetico_postestratificado",FALSE,0.216200078584829,"20","165","San José Ayuquila"
1304,0.333612343787418,0.231238568191369,0.454216079576875,NA,"sintetico_postestratificado",FALSE,0.222977511385506,"20","167","San José del Peñasco"
1305,0.291547710378689,0.189318168746006,0.398385266623748,NA,"sintetico_postestratificado",FALSE,0.209067097877741,"20","530","Santo Tomás Jalieza"
1306,0.283497489479518,0.18998942239184,0.385952827594837,NA,"sintetico_postestratificado",FALSE,0.195963405202997,"20","187","San Juan Coatzóspam"
1307,0.31041349557388,0.218007590805192,0.414814461336257,NA,"sintetico_postestratificado",FALSE,0.196806870531065,"20","171","San José Tenango"
1308,0.293416483790527,0.199585226824735,0.403474393376965,NA,"sintetico_postestratificado",FALSE,0.20388916655223,"20","188","San Juan Colorado"
1309,0.240974399466502,0.154310343035621,0.341242211046387,NA,"sintetico_postestratificado",FALSE,0.186931868010766,"20","173","San Juan Atepec"
1310,0.304019900451906,0.208930826335071,0.414552835639002,NA,"sintetico_postestratificado",FALSE,0.205622009303931,"20","174","Ánimas Trujano"
1311,0.284923373102463,0.193961205801881,0.398654886463399,NA,"sintetico_postestratificado",FALSE,0.204693680661519,"20","191","San Juan Chicomezúchil"
1312,0.232230475157869,0.149546306221995,0.324720087378305,NA,"sintetico_postestratificado",FALSE,0.17517378115631,"20","196","San Juan Evangelista Analco"
1313,0.304017545398726,0.208542169984293,0.412996498537132,NA,"sintetico_postestratificado",FALSE,0.204454328552838,"20","178","San Juan Bautista Guelache"
1314,0.30660089346914,0.214407969649229,0.41704722164979,NA,"sintetico_postestratificado",FALSE,0.202639252000561,"20","197","San Juan Guelavía"
1315,0.389617065399559,0.283729948364429,0.502921420756135,NA,"sintetico_postestratificado",FALSE,0.219191472391706,"20","180","San Juan Bautista Lo de Soto"
1316,0.270542989335077,0.179542168964889,0.374646628474543,NA,"sintetico_postestratificado",FALSE,0.195104459509655,"20","204","San Juan Lajarcia"
1317,0.235361364799971,0.156780714900933,0.338196374613974,NA,"sintetico_postestratificado",FALSE,0.181415659713041,"20","181","San Juan Bautista Suchitepec"
1318,0.311842763417649,0.216474406948712,0.420962578917743,NA,"sintetico_postestratificado",FALSE,0.204488171969031,"20","480","Santiago Nundiche"
1319,0.325361024479708,0.22917158489753,0.438556230297978,NA,"sintetico_postestratificado",FALSE,0.209384645400448,"20","182","San Juan Bautista Tlacoatzintepec"
1320,0.303856406334097,0.206645569084973,0.418633697744763,NA,"sintetico_postestratificado",FALSE,0.21198812865979,"20","183","San Juan Bautista Tlachichilco"
1321,0.308648350944827,0.207756389877603,0.41908030229403,NA,"sintetico_postestratificado",FALSE,0.211323912416428,"20","189","San Juan Comaltepec"
1322,0.290584305961303,0.193507427537015,0.405462087647546,NA,"sintetico_postestratificado",FALSE,0.211954660110531,"20","192","San Juan Chilateca"
1323,0.350038049177132,0.253340255431911,0.466616954104754,NA,"sintetico_postestratificado",FALSE,0.213276698672844,"20","193","San Juan del Estado"
1324,0.25398001380598,0.171389964379929,0.352801968704374,NA,"sintetico_postestratificado",FALSE,0.181412004324445,"20","464","Santiago Ihuitlán Plumas"
1325,0.260986368630825,0.177250048691905,0.36420623236592,NA,"sintetico_postestratificado",FALSE,0.186956183674014,"20","194","San Juan del Río"
1326,0.228965569013525,0.154844769335748,0.320550564689202,NA,"sintetico_postestratificado",FALSE,0.165705795353453,"20","195","San Juan Diuxi"
1327,0.34731764070633,0.249493220731921,0.467219025721837,NA,"sintetico_postestratificado",FALSE,0.217725804989916,"20","199","San Juan Ihualtepec"
1328,0.264311065430251,0.176992445708004,0.372186386679038,NA,"sintetico_postestratificado",FALSE,0.195193940971034,"20","200","San Juan Juquila Mixes"
1329,0.299306164790431,0.203187686134708,0.407579955800131,NA,"sintetico_postestratificado",FALSE,0.204392269665423,"20","201","San Juan Juquila Vijanos"
1330,0.292996836615464,0.199726344770878,0.405308940723793,NA,"sintetico_postestratificado",FALSE,0.205582595952914,"20","202","San Juan Lachao"
1331,0.301984156512527,0.195682239503765,0.414951503597969,NA,"sintetico_postestratificado",FALSE,0.219269264094205,"20","203","San Juan Lachigalla"
1332,0.297250204721583,0.201311210649453,0.409563084339431,NA,"sintetico_postestratificado",FALSE,0.208251873689979,"20","210","San Juan Ñumí"
1333,0.319815612444963,0.22178501733395,0.439728243024303,NA,"sintetico_postestratificado",FALSE,0.217943225690352,"20","208","San Juan Mixtepec"
1334,0.326708294046398,0.223982763686491,0.44148268210175,NA,"sintetico_postestratificado",FALSE,0.217499918415259,"20","209","San Juan Mixtepec"
1335,0.269331428695256,0.175487568445775,0.375758335066392,NA,"sintetico_postestratificado",FALSE,0.200270766620617,"20","566","San Mateo Yucutindoo"
1336,0.291100255258917,0.199293547085053,0.397501460358599,NA,"sintetico_postestratificado",FALSE,0.198207913273546,"20","215","San Juan Sayultepec"
1337,0.258079708736903,0.164418603712185,0.36036153551037,NA,"sintetico_postestratificado",FALSE,0.195942931798185,"20","218","San Juan Teita"
1338,0.244114458014407,0.161754631790588,0.332931305622447,NA,"sintetico_postestratificado",FALSE,0.171176673831859,"20","284","San Miguel Tilquiápam"
1339,0.299145742082302,0.212095971865872,0.401760057967597,NA,"sintetico_postestratificado",FALSE,0.189664086101725,"20","216","San Juan Tabaá"
1340,0.344414443204167,0.240938224975165,0.458582190893603,NA,"sintetico_postestratificado",FALSE,0.217643965918439,"20","217","San Juan Tamazola"
1341,0.328243285849756,0.23436332000097,0.440800106553423,NA,"sintetico_postestratificado",FALSE,0.206436786552453,"20","219","San Juan Teitipac"
1342,0.252374386760271,0.166748447399388,0.352779844476235,NA,"sintetico_postestratificado",FALSE,0.186031397076847,"20","221","San Juan Teposcolula"
1343,0.2966092689179,0.203572856153992,0.395117332670421,NA,"sintetico_postestratificado",FALSE,0.191544476516429,"20","222","San Juan Yaeé"
1344,0.311551392323308,0.208379343839146,0.427974404607885,NA,"sintetico_postestratificado",FALSE,0.219595060768739,"20","223","San Juan Yatzona"
1345,0.350458209697737,0.250471787430661,0.456648237698478,NA,"sintetico_postestratificado",FALSE,0.206176450267818,"20","541","Tanetze de Zaragoza"
1346,0.334616429990625,0.234695553645403,0.43534603880458,8,"muestra_directa",TRUE,0.200650485159177,"20","498","Santiago Yaveo"
1347,0.259609632078474,0.167330155875816,0.368824913310901,NA,"sintetico_postestratificado",FALSE,0.201494757435086,"20","224","San Juan Yucuita"
1348,0.28297075058712,0.184706457005269,0.397169351599901,NA,"sintetico_postestratificado",FALSE,0.212462894594633,"20","225","San Lorenzo"
1349,0.290040888792907,0.189856609723073,0.397291214975799,4,"muestra_directa",TRUE,0.207434605252725,"20","016","Coicoyán de las Flores"
1350,0.278434311973858,0.185783837827949,0.388759883238656,NA,"sintetico_postestratificado",FALSE,0.202976045410707,"20","226","San Lorenzo Albarradas"
1351,0.28042304839369,0.186544311336537,0.387938084404874,NA,"sintetico_postestratificado",FALSE,0.201393773068337,"20","228","San Lorenzo Cuaunecuiltitla"
1352,0.363519683108759,0.251581580682342,0.487909868388939,NA,"sintetico_postestratificado",FALSE,0.236328287706597,"20","229","San Lorenzo Texmelúcan"
1353,0.305754409033448,0.208586630795096,0.409511022908612,NA,"sintetico_postestratificado",FALSE,0.200924392113516,"20","231","San Lucas Camotlán"
1354,0.311714325188366,0.221307483248914,0.412912342845586,NA,"sintetico_postestratificado",FALSE,0.191604859596673,"20","232","San Lucas Ojitlán"
1355,0.286437759607076,0.195482472779262,0.396147693116084,NA,"sintetico_postestratificado",FALSE,0.200665220336822,"20","234","San Lucas Zoquiápam"
1356,0.310416660768061,0.222844966613152,0.413329401631642,6,"muestra_directa",TRUE,0.190484435018491,"20","235","San Luis Amatlán"
1357,0.358588034878461,0.250027684674179,0.485640019756651,NA,"sintetico_postestratificado",FALSE,0.235612335082472,"20","236","San Marcial Ozolotepec"
1358,0.337672132259311,0.238204608393865,0.449578022451575,NA,"sintetico_postestratificado",FALSE,0.211373414057709,"20","239","San Martín Huamelúlpam"
1359,0.327896913817853,0.224426593468801,0.452138977551126,NA,"sintetico_postestratificado",FALSE,0.227712384082325,"20","240","San Martín Itunyoso"
1360,0.296800390410687,0.204652358786661,0.410506481193703,NA,"sintetico_postestratificado",FALSE,0.205854122407042,"20","241","San Martín Lachilá"
1361,0.319342614019783,0.22332464901166,0.428885378388962,NA,"sintetico_postestratificado",FALSE,0.205560729377302,"20","242","San Martín Peras"
1362,0.288723088880839,0.193876327458797,0.392884396361292,NA,"sintetico_postestratificado",FALSE,0.199008068902495,"20","243","San Martín Tilcajete"
1363,0.299756319116113,0.204484596070914,0.404764610047934,NA,"sintetico_postestratificado",FALSE,0.200280013977021,"20","244","San Martín Toxpalan"
1364,0.27602547497704,0.18442301291556,0.388986178863102,NA,"sintetico_postestratificado",FALSE,0.204563165947542,"20","249","San Mateo Yoloxochitlán"
1365,0.278850410427667,0.189511699422233,0.393779918230086,NA,"sintetico_postestratificado",FALSE,0.204268218807853,"20","525","Santo Domingo Zanatepec"
1366,0.338160570423816,0.235812984095398,0.448686462347076,NA,"sintetico_postestratificado",FALSE,0.212873478251678,"20","526","Santos Reyes Nopala"
1367,0.438080609496269,0.31729286824866,0.567360870560584,NA,"sintetico_postestratificado",FALSE,0.250068002311923,"20","245","San Martín Zacatepec"
1368,0.281523490638342,0.18999130579076,0.38531753414566,NA,"sintetico_postestratificado",FALSE,0.1953262283549,"20","269","San Miguel el Grande"
1369,0.210854892268019,0.135053056464097,0.306651958892749,NA,"sintetico_postestratificado",FALSE,0.171598902428652,"20","247","Capulálpam de Méndez"
1370,0.248314585148304,0.161686700372832,0.359373568355296,NA,"sintetico_postestratificado",FALSE,0.197686867982465,"20","250","San Mateo Etlatongo"
1371,0.277424820525669,0.18643937884955,0.387338930842978,NA,"sintetico_postestratificado",FALSE,0.200899551993428,"20","255","San Mateo Sindihui"
1372,0.276624884763427,0.184026720916356,0.37995190182522,NA,"sintetico_postestratificado",FALSE,0.195925180908864,"20","252","San Mateo Peñasco"
1373,0.270146076499668,0.18046453381533,0.381074179360994,NA,"sintetico_postestratificado",FALSE,0.200609645545664,"20","257","San Melchor Betaza"
1374,0.313823993548508,0.224027928870137,0.41369503694012,7,"muestra_directa",TRUE,0.189667108069983,"20","258","San Miguel Achiutla"
1375,0.305187559373387,0.215114735409266,0.411571209695472,NA,"sintetico_postestratificado",FALSE,0.196456474286206,"20","259","San Miguel Ahuehuetitlán"
1376,0.301286644014965,0.204276944785872,0.417697321188213,NA,"sintetico_postestratificado",FALSE,0.213420376402341,"20","260","San Miguel Aloápam"
1377,0.309347793069081,0.205169427390961,0.422433547040157,NA,"sintetico_postestratificado",FALSE,0.217264119649195,"20","268","San Miguel Ejutla"
1378,0.337203162583793,0.232570131299458,0.450094346982912,NA,"sintetico_postestratificado",FALSE,0.217524215683454,"20","276","San Miguel Santa Flor"
1379,0.271369396428891,0.178447796945013,0.375173441659673,NA,"sintetico_postestratificado",FALSE,0.196725644714661,"20","281","San Miguel Tecomatlán"
1380,0.30839923259549,0.202367102336865,0.418300219862842,NA,"sintetico_postestratificado",FALSE,0.215933117525978,"20","274","San Miguel Piedras"
1381,0.301543338758647,0.208476077780332,0.413519525394727,NA,"sintetico_postestratificado",FALSE,0.205043447614394,"20","532","Santo Tomás Ocotepec"
1382,0.26824396906986,0.175368168155684,0.373993062904886,NA,"sintetico_postestratificado",FALSE,0.198624894749202,"20","280","Villa Talea de Castro"
1383,0.321488518048735,0.217180771555685,0.436292955572047,NA,"sintetico_postestratificado",FALSE,0.219112184016363,"20","533","Santo Tomás Tamazulapan"
1384,0.274249347740148,0.182990813536046,0.377900753402524,NA,"sintetico_postestratificado",FALSE,0.194909939866478,"20","368","Santa Catarina Minas"
1385,0.288904495510263,0.194074797384169,0.399023991199834,NA,"sintetico_postestratificado",FALSE,0.204949193815665,"20","282","San Miguel Tenango"
1386,0.308281635038522,0.212864325137418,0.418986301216465,NA,"sintetico_postestratificado",FALSE,0.206121976079047,"20","052","Magdalena Tequisistlán"
1387,0.335195720202812,0.240036962624668,0.43948627282104,NA,"sintetico_postestratificado",FALSE,0.199449310196372,"20","283","San Miguel Tequixtepec"
1388,0.367596223733954,0.252501508802058,0.480022046508027,NA,"sintetico_postestratificado",FALSE,0.227520537705969,"20","535","San Vicente Lachixío"
1389,0.300257803518965,0.202118957578147,0.404677968198933,NA,"sintetico_postestratificado",FALSE,0.202559010620786,"20","286","San Miguel Tlacotepec"
1390,0.287690066719684,0.189421409426991,0.410865275248555,NA,"sintetico_postestratificado",FALSE,0.221443865821564,"20","285","San Miguel Tlacamama"
1391,0.305057436274375,0.208847208810404,0.413827573782462,NA,"sintetico_postestratificado",FALSE,0.204980364972057,"20","288","San Miguel Yotao"
1392,0.258072695450008,0.169549659306135,0.366520360366073,NA,"sintetico_postestratificado",FALSE,0.196970701059937,"20","289","San Nicolás"
1393,0.245300715899026,0.154963863942846,0.345702302074663,NA,"sintetico_postestratificado",FALSE,0.190738438131817,"20","290","San Nicolás Hidalgo"
1394,0.309235173763555,0.201494779969885,0.42016458754559,NA,"sintetico_postestratificado",FALSE,0.218669807575706,"20","292","San Pablo Cuatro Venados"
1395,0.358700176093256,0.254125466040384,0.484146350046163,NA,"sintetico_postestratificado",FALSE,0.230020884005779,"20","380","Santa Cruz Papalutla"
1396,0.299066921237731,0.200952829444685,0.402014071004092,NA,"sintetico_postestratificado",FALSE,0.201061241559407,"20","294","San Pablo Huitzo"
1397,0.329940569180181,0.229409837930257,0.443300374910447,NA,"sintetico_postestratificado",FALSE,0.21389053698019,"20","043","Heroica Ciudad de Juchitán de Zaragoza"
1398,0.313998940031921,0.210065829668127,0.425105416601579,NA,"sintetico_postestratificado",FALSE,0.215039586933453,"20","295","San Pablo Huixtepec"
1399,0.279102604836846,0.185465675332045,0.393711178879607,NA,"sintetico_postestratificado",FALSE,0.208245503547562,"20","538","Sitio de Xitlapehua"
1400,0.298005659661031,0.198994304276335,0.408659221883666,NA,"sintetico_postestratificado",FALSE,0.209664917607332,"20","296","San Pablo Macuiltianguis"
1401,0.314183648015365,0.214927255296578,0.426071350446391,NA,"sintetico_postestratificado",FALSE,0.211144095149813,"20","297","San Pablo Tijaltepec"
1402,0.316389401828342,0.217028944297376,0.442000610345063,NA,"sintetico_postestratificado",FALSE,0.224971666047687,"20","304","San Pedro Coxcaltepec Cántaros"
1403,0.327299853854283,0.226337542520086,0.436443705578857,NA,"sintetico_postestratificado",FALSE,0.210106163058771,"20","299","San Pablo Yaganiza"
1404,0.292934959209816,0.1920632617579,0.402744350204183,NA,"sintetico_postestratificado",FALSE,0.210681088446283,"20","300","San Pedro Amuzgos"
1405,0.303907905431214,0.204712919655703,0.4180571964652,NA,"sintetico_postestratificado",FALSE,0.213344276809497,"20","308","San Pedro Huilotepec"
1406,0.300767593294915,0.206088705106053,0.415984448814314,NA,"sintetico_postestratificado",FALSE,0.209895743708261,"20","301","San Pedro Apóstol"
1407,0.353009902983413,0.246556718396794,0.46751660180376,NA,"sintetico_postestratificado",FALSE,0.220959883406966,"20","311","San Pedro Jaltepetongo"
1408,0.286249676197322,0.194148338840565,0.390672083572794,NA,"sintetico_postestratificado",FALSE,0.196523744732229,"20","302","San Pedro Atoyac"
1409,0.234378866650947,0.145735934692697,0.3387156609455,NA,"sintetico_postestratificado",FALSE,0.192979726252803,"20","303","San Pedro Cajonos"
1410,0.279930779856636,0.187778017365268,0.384389078880065,NA,"sintetico_postestratificado",FALSE,0.196611061514796,"20","305","San Pedro Comitancillo"
1411,0.275141903265546,0.189020484423133,0.37794613926127,NA,"sintetico_postestratificado",FALSE,0.188925654838137,"20","321","San Pedro Nopala"
1412,0.287839051932813,0.195233447619223,0.403296517122093,NA,"sintetico_postestratificado",FALSE,0.208063069502869,"20","332","San Pedro Topiltepec"
1413,0.255455022925112,0.174702502762911,0.361482628376614,NA,"sintetico_postestratificado",FALSE,0.186780125613703,"20","307","San Pedro Huamelula"
1414,0.260960227926284,0.175548803010857,0.366149156560399,NA,"sintetico_postestratificado",FALSE,0.190600353549542,"20","312","San Pedro Jicayán"
1415,0.361856976740663,0.260218728618252,0.47094896950547,NA,"sintetico_postestratificado",FALSE,0.210730240887218,"20","313","San Pedro Jocotipac"
1416,0.24526228938428,0.16155410324221,0.341121460440858,NA,"sintetico_postestratificado",FALSE,0.179567357198648,"20","314","San Pedro Juchatengo"
1417,0.343275754507585,0.244171661895289,0.458556502603231,NA,"sintetico_postestratificado",FALSE,0.214384840707942,"20","079","Salina Cruz"
1418,0.344660004930398,0.24767288356891,0.466851863546215,NA,"sintetico_postestratificado",FALSE,0.219178979977305,"20","331","San Pedro Tidaá"
1419,0.317538831449457,0.215974109786257,0.43520056558059,NA,"sintetico_postestratificado",FALSE,0.219226455794333,"20","315","San Pedro Mártir"
1420,0.343228320453688,0.240573287491248,0.459700786977731,NA,"sintetico_postestratificado",FALSE,0.219127499486483,"20","316","San Pedro Mártir Quiechapa"
1421,0.360517199037659,0.259544431253451,0.472540094149009,NA,"sintetico_postestratificado",FALSE,0.212995662895557,"20","207","San Juan Mazatlán"
1422,0.324964275554576,0.225364926757666,0.436054304416126,NA,"sintetico_postestratificado",FALSE,0.21068937765846,"20","317","San Pedro Mártir Yucuxaco"
1423,0.349355835171414,0.240546811368564,0.468868049370385,NA,"sintetico_postestratificado",FALSE,0.228321238001821,"20","356","Santa Ana del Valle"
1424,0.36027511745638,0.250525144706185,0.478397800448195,NA,"sintetico_postestratificado",FALSE,0.227872655742011,"20","319","San Pedro Mixtepec"
1425,0.352923800721942,0.241550182900472,0.478103066401172,NA,"sintetico_postestratificado",FALSE,0.2365528835007,"20","320","San Pedro Molinos"
1426,0.304322049701401,0.20589385914119,0.41663840886123,NA,"sintetico_postestratificado",FALSE,0.21074454972004,"20","322","San Pedro Ocopetatillo"
1427,0.23782249988715,0.153452030887903,0.337427384783562,NA,"sintetico_postestratificado",FALSE,0.183975353895659,"20","323","San Pedro Ocotepec"
1428,0.264091137305246,0.178437732399567,0.362525250297291,NA,"sintetico_postestratificado",FALSE,0.184087517897725,"20","325","San Pedro Quiatoni"
1429,0.33331878881732,0.227521128242089,0.451422026728653,NA,"sintetico_postestratificado",FALSE,0.223900898486565,"20","326","San Pedro Sochiápam"
1430,0.326369998570273,0.227170601141021,0.440991848616143,NA,"sintetico_postestratificado",FALSE,0.213821247475122,"20","328","San Pedro Taviche"
1431,0.358930570195029,0.250246493796662,0.495112596784225,NA,"sintetico_postestratificado",FALSE,0.244866102987564,"20","335","San Pedro Yaneri"
1432,0.309777383771094,0.221966260336121,0.420898167083644,NA,"sintetico_postestratificado",FALSE,0.198931906747523,"20","336","San Pedro Yólox"
1433,0.298252632871231,0.21342218242755,0.399966354128316,14,"muestra_directa",FALSE,0.186544171700766,"20","339","San Pedro y San Pablo Teposcolula"
1434,0.254667461820685,0.171186845167274,0.359388632575671,NA,"sintetico_postestratificado",FALSE,0.188201787408397,"20","340","San Pedro y San Pablo Tequixtepec"
1435,0.328989866750771,0.228757205153219,0.444762511170539,NA,"sintetico_postestratificado",FALSE,0.216005306017321,"20","341","San Pedro Yucunama"
1436,0.327632632955128,0.218926788425435,0.446427678670339,NA,"sintetico_postestratificado",FALSE,0.227500890244904,"20","342","San Raymundo Jalpan"
1437,0.374038986456768,0.273042743664991,0.484115994404839,NA,"sintetico_postestratificado",FALSE,0.211073250739848,"20","343","San Sebastián Abasolo"
1438,0.309101099375801,0.209523703273036,0.416475395074096,NA,"sintetico_postestratificado",FALSE,0.20695169180106,"20","345","San Sebastián Ixcapa"
1439,0.351485875357307,0.251599511744834,0.468593178151685,NA,"sintetico_postestratificado",FALSE,0.216993666406851,"20","346","San Sebastián Nicananduta"
1440,0.304660674549694,0.207170544249324,0.408799923722966,NA,"sintetico_postestratificado",FALSE,0.201629379473642,"20","347","San Sebastián Río Hondo"
1441,0.290251735940355,0.203177621749505,0.398130053933218,NA,"sintetico_postestratificado",FALSE,0.194952432183713,"20","539","Soledad Etla"
1442,0.356298292362774,0.253149179603167,0.471933756899112,NA,"sintetico_postestratificado",FALSE,0.218784577295945,"20","211","San Juan Ozolotepec"
1443,0.335919829641565,0.237382096095437,0.452806762902342,NA,"sintetico_postestratificado",FALSE,0.215424666806904,"20","212","San Juan Petlapa"
1444,0.3379253980539,0.231598458483595,0.449229629921042,NA,"sintetico_postestratificado",FALSE,0.217631171437447,"20","213","San Juan Quiahije"
1445,0.275761048063976,0.182243244623967,0.373713547410166,NA,"sintetico_postestratificado",FALSE,0.191470302786199,"20","348","San Sebastián Tecomaxtlahuaca"
1446,0.362392350610237,0.250090945187611,0.485974558323124,NA,"sintetico_postestratificado",FALSE,0.235883613135513,"20","349","San Sebastián Teitipac"
1447,0.260267340628247,0.170025800403807,0.364620371677553,NA,"sintetico_postestratificado",FALSE,0.194594571273746,"20","540","Villa de Tamazulápam del Progreso"
1448,0.272379637565414,0.184316353234199,0.384909978562438,NA,"sintetico_postestratificado",FALSE,0.20059362532824,"20","350","San Sebastián Tutla"
1449,0.22495879842933,0.145726281105928,0.337234231428141,NA,"sintetico_postestratificado",FALSE,0.191507950322213,"20","352","San Simón Zahuatlán"
1450,0.29154075070084,0.192374788229252,0.403227757721962,NA,"sintetico_postestratificado",FALSE,0.21085296949271,"20","353","Santa Ana"
1451,0.372642918344788,0.255416299854457,0.497221130133646,NA,"sintetico_postestratificado",FALSE,0.241804830279189,"20","354","Santa Ana Ateixtlahuaca"
1452,0.318503811667655,0.223365811958441,0.429014947486681,NA,"sintetico_postestratificado",FALSE,0.20564913552824,"20","355","Santa Ana Cuauhtémoc"
1453,0.248591131175961,0.163451686192373,0.356447054787442,NA,"sintetico_postestratificado",FALSE,0.192995368595069,"20","358","Santa Ana Tlapacoyan"
1454,0.305809930198748,0.203347810001775,0.424831713994133,NA,"sintetico_postestratificado",FALSE,0.221483903992358,"20","360","Santa Ana Zegache"
1455,0.373901163162236,0.263181577692566,0.504814326359638,NA,"sintetico_postestratificado",FALSE,0.241632748667072,"20","361","Santa Catalina Quierí"
1456,0.334978096915332,0.23126774112824,0.446179695079834,NA,"sintetico_postestratificado",FALSE,0.214911953951594,"20","362","Santa Catarina Cuixtla"
1457,0.275589487686787,0.194548045365279,0.382099036150999,NA,"sintetico_postestratificado",FALSE,0.18755099078572,"20","363","Santa Catarina Ixtepeji"
1458,0.236900228391247,0.151979768281301,0.347616421333789,NA,"sintetico_postestratificado",FALSE,0.195636653052488,"20","369","Santa Catarina Quiané"
1459,0.273787203778213,0.182750332214257,0.377674585949859,NA,"sintetico_postestratificado",FALSE,0.194924253735602,"20","370","Santa Catarina Tayata"
1460,0.227915914022077,0.149519885034024,0.323093597425895,NA,"sintetico_postestratificado",FALSE,0.173573712391872,"20","381","Santa Cruz Tacache de Mina"
1461,0.256055079334564,0.166923085497545,0.360581548736634,NA,"sintetico_postestratificado",FALSE,0.193658463239089,"20","372","Santa Catarina Yosonotú"
1462,0.301864946524132,0.208668522176294,0.416289352853791,NA,"sintetico_postestratificado",FALSE,0.207620830677497,"20","373","Santa Catarina Zapoquila"
1463,0.251672334414793,0.166146988793575,0.348560894093596,NA,"sintetico_postestratificado",FALSE,0.182413905300021,"20","374","Santa Cruz Acatepec"
1464,0.346510899952228,0.246227989068499,0.46601632176882,NA,"sintetico_postestratificado",FALSE,0.219788332700321,"20","293","San Pablo Etla"
1465,0.309986666203512,0.211671575496377,0.427447322697286,NA,"sintetico_postestratificado",FALSE,0.215775747200908,"20","375","Santa Cruz Amilpas"
1466,0.243953221116088,0.158527671227927,0.348696158534333,NA,"sintetico_postestratificado",FALSE,0.190168487306405,"20","376","Santa Cruz de Bravo"
1467,0.231181008595862,0.145193522194042,0.334949694502073,NA,"sintetico_postestratificado",FALSE,0.189756172308031,"20","382","Santa Cruz Tacahua"
1468,0.337991461349494,0.240183335056491,0.448818012801804,NA,"sintetico_postestratificado",FALSE,0.208634677745313,"20","383","Santa Cruz Tayata"
1469,0.260451496419631,0.167617388781586,0.367374028597903,NA,"sintetico_postestratificado",FALSE,0.199756639816317,"20","384","Santa Cruz Xitla"
1470,0.268577331738952,0.171752804308512,0.384086840298525,NA,"sintetico_postestratificado",FALSE,0.212334035990013,"20","386","Santa Cruz Zenzontepec"
1471,0.26251529256578,0.176720576209631,0.366163583249309,NA,"sintetico_postestratificado",FALSE,0.189443007039678,"20","387","Santa Gertrudis"
1472,0.247893102569776,0.162126435320773,0.340245126367292,NA,"sintetico_postestratificado",FALSE,0.178118691046519,"20","179","San Juan Bautista Jayacatlán"
1473,0.239895464609845,0.159966310208658,0.332081598362638,NA,"sintetico_postestratificado",FALSE,0.17211528815398,"20","388","Santa Inés del Monte"
1474,0.268966643544789,0.188239968319024,0.364322013448595,5,"muestra_directa",TRUE,0.176082045129571,"20","390","Santa Lucía del Camino"
1475,0.247601055086693,0.168401742660182,0.347158770995653,8,"muestra_directa",TRUE,0.178757028335471,"20","408","Santa María del Rosario"
1476,0.259784857227034,0.16643598242639,0.375898234181902,NA,"sintetico_postestratificado",FALSE,0.209462251755512,"20","391","Santa Lucía Miahuatlán"
1477,0.29698597414859,0.194658800243131,0.40250491348298,NA,"sintetico_postestratificado",FALSE,0.20784611323985,"20","418","Santa María Jalapa del Marqués"
1478,0.358589445387573,0.251733785411367,0.474580447105126,NA,"sintetico_postestratificado",FALSE,0.222846661693759,"20","392","Santa Lucía Monteverde"
1479,0.244150540820704,0.154747013422478,0.347900239990565,NA,"sintetico_postestratificado",FALSE,0.193153226568087,"20","393","Santa Lucía Ocotlán"
1480,0.295991547959846,0.199718936688094,0.397737090685864,NA,"sintetico_postestratificado",FALSE,0.198018153997771,"20","394","Santa María Alotepec"
1481,0.296741237299141,0.198594478514893,0.408202304817255,NA,"sintetico_postestratificado",FALSE,0.209607826302362,"20","395","Santa María Apazco"
1482,0.270625852799851,0.179701024283224,0.381442466747121,NA,"sintetico_postestratificado",FALSE,0.201741442463897,"20","396","Santa María la Asunción"
1483,0.261336289940671,0.182470905434465,0.356010865669102,15,"muestra_directa",FALSE,0.173539960234637,"20","397","Heroica Ciudad de Tlaxiaco"
1484,0.299316125614992,0.203968977410733,0.405824276729168,NA,"sintetico_postestratificado",FALSE,0.201855299318436,"20","398","Ayoquezco de Aldama"
1485,0.265318930297532,0.174942974649847,0.370651130427509,NA,"sintetico_postestratificado",FALSE,0.195708155777662,"20","399","Santa María Atzompa"
1486,0.26072242796559,0.177264475474761,0.362767789975653,NA,"sintetico_postestratificado",FALSE,0.185503314500892,"20","400","Santa María Camotlán"
1487,0.280850732198518,0.18661232289094,0.387602744273311,NA,"sintetico_postestratificado",FALSE,0.200990421382371,"20","402","Santa María Cortijo"
1488,0.284457060605137,0.188581028141796,0.390624471115895,NA,"sintetico_postestratificado",FALSE,0.202043442974099,"20","154","San Ildefonso Amatlán"
1489,0.317550925251646,0.221523527064185,0.442198571419765,NA,"sintetico_postestratificado",FALSE,0.220675044355581,"20","155","San Ildefonso Sola"
1490,0.278638376750207,0.19079635807359,0.38459951175479,NA,"sintetico_postestratificado",FALSE,0.1938031536812,"20","156","San Ildefonso Villa Alta"
1491,0.319091839491869,0.225915365523486,0.437900121363795,NA,"sintetico_postestratificado",FALSE,0.21198475584031,"20","403","Santa María Coyotepec"
1492,0.267334352927804,0.18404216321546,0.381480775727174,NA,"sintetico_postestratificado",FALSE,0.197438612511713,"20","419","Santa María Jaltianguis"
1493,0.291071624506405,0.196564886159682,0.393820945379769,NA,"sintetico_postestratificado",FALSE,0.197256059220087,"20","405","Villa de Chilapa de Díaz"
1494,0.354439243130107,0.249830621578421,0.460387410464669,NA,"sintetico_postestratificado",FALSE,0.210556788886248,"20","409","Santa María del Tule"
1495,0.250833086265606,0.163622941600624,0.349315722993221,NA,"sintetico_postestratificado",FALSE,0.185692781392597,"20","264","San Miguel Chicahua"
1496,0.326075593151323,0.225896134570023,0.447687125089236,NA,"sintetico_postestratificado",FALSE,0.221790990519214,"20","411","Santa María Guelacé"
1497,0.283836827701815,0.186368845322039,0.402693432825622,NA,"sintetico_postestratificado",FALSE,0.216324587503584,"20","106","San Antonio Acutla"
1498,0.279357015836047,0.179822394862723,0.388533596335067,NA,"sintetico_postestratificado",FALSE,0.208711201472344,"20","198","San Juan Guichicovi"
1499,0.238385003047119,0.157772117079065,0.340257687968148,NA,"sintetico_postestratificado",FALSE,0.182485570889083,"20","365","Santa Catarina Lachatao"
1500,0.309970221301494,0.221632419202908,0.419714323994739,12,"muestra_directa",FALSE,0.198081904791831,"20","002","Acatlán de Pérez Figueroa"
1501,0.309791080391138,0.213959231309046,0.414488065165424,NA,"sintetico_postestratificado",FALSE,0.200528833856378,"20","006","Asunción Nochixtlán"
1502,0.323254821946575,0.222681178041975,0.437397010429847,NA,"sintetico_postestratificado",FALSE,0.214715832387872,"20","008","Asunción Tlacolulita"
1503,0.290302768994003,0.201195475864392,0.393955288140685,NA,"sintetico_postestratificado",FALSE,0.192759812276294,"20","009","Ayotzintepec"
1504,0.283049181372247,0.196168715899672,0.384299763428129,NA,"sintetico_postestratificado",FALSE,0.188131047528457,"20","010","El Barrio de la Soledad"
1505,0.312198487740642,0.210143516397267,0.437410842966053,NA,"sintetico_postestratificado",FALSE,0.227267326568786,"20","055","Mariscala de Juárez"
1506,0.318080655592649,0.218245730478641,0.426719510721046,NA,"sintetico_postestratificado",FALSE,0.208473780242405,"20","412","Santa María Guienagati"
1507,0.269320983542011,0.181010488381606,0.372321541339356,NA,"sintetico_postestratificado",FALSE,0.19131105295775,"20","414","Santa María Huazolotitlán"
1508,0.27432253063525,0.182619874619349,0.372721980918688,NA,"sintetico_postestratificado",FALSE,0.190102106299339,"20","415","Santa María Ipalapa"
1509,0.273093650416917,0.174596183272806,0.38054653268365,NA,"sintetico_postestratificado",FALSE,0.205950349410844,"20","287","San Miguel Tulancingo"
1510,0.267323806031165,0.178180988819613,0.374626740798394,NA,"sintetico_postestratificado",FALSE,0.196445751978781,"20","291","San Pablo Coatlán"
1511,0.278887889076608,0.188633802539925,0.383514049912593,NA,"sintetico_postestratificado",FALSE,0.194880247372668,"20","298","San Pablo Villa de Mitla"
1512,0.297538540843263,0.213142356550367,0.406644233523866,5,"muestra_directa",TRUE,0.193501876973499,"20","385","Santa Cruz Xoxocotlán"
1513,0.273027107448646,0.189564309421089,0.376904942591683,NA,"sintetico_postestratificado",FALSE,0.187340633170594,"20","416","Santa María Ixcatlán"
1514,0.334843147857542,0.232743619844352,0.447976720891089,NA,"sintetico_postestratificado",FALSE,0.215233101046737,"20","420","Santa María Lachixío"
1515,0.270596678078846,0.183657309605933,0.3726768314135,5,"muestra_directa",TRUE,0.189019521807567,"20","023","Cuilápam de Guerrero"
1516,0.296448037210622,0.197068513087602,0.401607744990398,NA,"sintetico_postestratificado",FALSE,0.204539231902796,"20","306","San Pedro el Alto"
1517,0.287500528392082,0.200974775781762,0.383641390724006,10,"muestra_directa",FALSE,0.182666614942244,"20","310","San Pedro Ixtlahuaca"
1518,0.332370073227949,0.229202656665004,0.44611883061446,NA,"sintetico_postestratificado",FALSE,0.216916173949456,"20","421","Santa María Mixtequilla"
1519,0.269925079572316,0.178048126401585,0.382757604739594,NA,"sintetico_postestratificado",FALSE,0.204709478338009,"20","309","San Pedro Ixcatlán"
1520,0.319206730905953,0.219093178919364,0.428694796780899,6,"muestra_directa",TRUE,0.209601617861535,"20","324","San Pedro Pochutla"
1521,0.276531147714068,0.180942868921883,0.38056838685296,NA,"sintetico_postestratificado",FALSE,0.199625517931077,"20","337","San Pedro y San Pablo Ayutla"
1522,0.291503592537534,0.194243250727371,0.404049820585897,NA,"sintetico_postestratificado",FALSE,0.209806569858526,"20","351","San Simón Almolongas"
1523,0.2728171173977,0.180474293748281,0.377757413626522,NA,"sintetico_postestratificado",FALSE,0.197283119878241,"20","425","Santa María Pápalo"
1524,0.289500512117843,0.191084536692625,0.403452702477414,NA,"sintetico_postestratificado",FALSE,0.212368165784788,"20","426","Santa María Peñoles"
1525,0.278941564769126,0.187726068803802,0.385957206923944,NA,"sintetico_postestratificado",FALSE,0.198231138120141,"20","427","Santa María Petapa"
1526,0.334412730384871,0.231593385803336,0.450039877076716,NA,"sintetico_postestratificado",FALSE,0.21844649127338,"20","428","Santa María Quiegolani"
1527,0.3050656574217,0.208235970927788,0.425083885565077,NA,"sintetico_postestratificado",FALSE,0.21684791463729,"20","432","Santa María Temaxcalapa"
1528,0.271633289292673,0.180441630161515,0.381212782021575,NA,"sintetico_postestratificado",FALSE,0.20077115186006,"20","429","Santa María Sola"
1529,0.282063684650828,0.189097865170982,0.390967703159963,NA,"sintetico_postestratificado",FALSE,0.201869837988981,"20","430","Santa María Tataltepec"
1530,0.317021099159667,0.21947676862698,0.431237905081265,NA,"sintetico_postestratificado",FALSE,0.211761136454285,"20","431","Santa María Tecomavaca"
1531,0.280411459779911,0.188800023667775,0.380718799572178,6,"muestra_directa",TRUE,0.191918775904403,"20","021","Cosolapa"
1532,0.368912575651541,0.257825049298186,0.487065471074339,NA,"sintetico_postestratificado",FALSE,0.229240421776152,"20","175","San Juan Bautista Atatlahuca"
1533,0.223054581127536,0.144652641499538,0.318625910687253,NA,"sintetico_postestratificado",FALSE,0.173973269187716,"20","270","San Miguel Huautla"
1534,0.296093599511036,0.190713089190868,0.409139950413335,NA,"sintetico_postestratificado",FALSE,0.218426861222467,"20","433","Santa María Temaxcaltepec"
1535,0.341466847817428,0.234264599348438,0.454305288080587,NA,"sintetico_postestratificado",FALSE,0.220040688732149,"20","436","Santa María Texcatitlán"
1536,0.279785223258971,0.186799496146418,0.390065878322732,NA,"sintetico_postestratificado",FALSE,0.203266382176314,"20","452","Santiago Apóstol"
1537,0.415479354960504,0.297751385427159,0.532703840536382,NA,"sintetico_postestratificado",FALSE,0.234952455109223,"20","442","Santa María Yalina"
1538,0.30356595723007,0.206363309780872,0.413826520155378,NA,"sintetico_postestratificado",FALSE,0.207463210374505,"20","438","Santa María Tlalixtac"
1539,0.28027009042709,0.189448152826845,0.389172338600817,NA,"sintetico_postestratificado",FALSE,0.199724185773972,"20","434","Santa María Teopoxco"
1540,0.246500397050663,0.157187095078811,0.346604583572941,NA,"sintetico_postestratificado",FALSE,0.18941748849413,"20","444","Santa María Yolotepec"
1541,0.260013243236908,0.170508752721742,0.361127758949552,NA,"sintetico_postestratificado",FALSE,0.19061900622781,"20","443","Santa María Yavesía"
1542,0.265094857966634,0.164312134923957,0.369841123851675,NA,"sintetico_postestratificado",FALSE,0.205528988927718,"20","445","Santa María Yosoyúa"
1543,0.266075406015888,0.179978636644439,0.377490180826754,NA,"sintetico_postestratificado",FALSE,0.197511544182316,"20","448","Santa María Zaniza"
1544,0.304560289820361,0.20362693362955,0.406494799817532,NA,"sintetico_postestratificado",FALSE,0.202867866187982,"20","449","Santa María Zoquitlán"
1545,0.274577812909943,0.181638033715901,0.377197185799463,NA,"sintetico_postestratificado",FALSE,0.195559152083562,"20","462","Santiago Huajolotitlán"
1546,0.266241243147652,0.170104839558417,0.374403330270276,NA,"sintetico_postestratificado",FALSE,0.204298490711859,"20","453","Santiago Astata"
1547,0.323364186927977,0.214801777439876,0.434254363198614,NA,"sintetico_postestratificado",FALSE,0.219452585758737,"20","454","Santiago Atitlán"
1548,0.284665356703653,0.191041830848066,0.399623036425789,NA,"sintetico_postestratificado",FALSE,0.208581205577722,"20","455","Santiago Ayuquililla"
1549,0.311793039795778,0.21815031105603,0.426453124993062,NA,"sintetico_postestratificado",FALSE,0.208302813937032,"20","458","Santiago Comaltepec"
1550,0.292643197309415,0.194981602195143,0.39941311613761,NA,"sintetico_postestratificado",FALSE,0.204431513942467,"20","461","Santiago del Río"
1551,0.293768072097171,0.198252466828884,0.398735242311966,NA,"sintetico_postestratificado",FALSE,0.200482775483082,"20","465","Santiago Ixcuintepec"
1552,0.278832402068095,0.181661867303193,0.392521062926199,NA,"sintetico_postestratificado",FALSE,0.210859195623006,"20","466","Santiago Ixtayutla"
1553,0.329431116109744,0.230794085544736,0.444331062939759,NA,"sintetico_postestratificado",FALSE,0.213536977395024,"20","468","Santiago Jocotepec"
1554,0.338735407999775,0.239265089826929,0.449605301369495,NA,"sintetico_postestratificado",FALSE,0.210340211542566,"20","470","Santiago Lachiguiri"
1555,0.384363020369534,0.270417761639072,0.495908162781258,NA,"sintetico_postestratificado",FALSE,0.225490401142186,"20","471","Santiago Lalopa"
1556,0.324979484301391,0.221036564761661,0.4361850819692,NA,"sintetico_postestratificado",FALSE,0.215148517207538,"20","472","Santiago Laollaga"
1557,0.293176761916303,0.201811879343078,0.398928710250307,NA,"sintetico_postestratificado",FALSE,0.197116830907229,"20","473","Santiago Laxopa"
1558,0.29469151717827,0.196222932495358,0.401352532440537,NA,"sintetico_postestratificado",FALSE,0.20512959994518,"20","474","Santiago Llano Grande"
1559,0.263408045398615,0.169557501809325,0.370369764877041,NA,"sintetico_postestratificado",FALSE,0.200812263067716,"20","475","Santiago Matatlán"
1560,0.265490041587684,0.17473953354394,0.362728015385761,NA,"sintetico_postestratificado",FALSE,0.187988481841822,"20","476","Santiago Miltepec"
1561,0.293178782370727,0.186934557743165,0.408313316774734,NA,"sintetico_postestratificado",FALSE,0.221378759031569,"20","389","Santa Inés Yatzeche"
1562,0.308086278282202,0.208697182121564,0.416928069398768,NA,"sintetico_postestratificado",FALSE,0.208230887277204,"20","478","Santiago Nacaltepec"
1563,0.402557580373197,0.288349445415123,0.526593132627734,NA,"sintetico_postestratificado",FALSE,0.238243687212611,"20","479","Santiago Nejapilla"
1564,0.318645049389093,0.217242091952606,0.431726795966616,NA,"sintetico_postestratificado",FALSE,0.21448470401401,"20","012","Candelaria Loxicha"
1565,0.322429483247498,0.22827760969986,0.435643268688316,8,"muestra_directa",TRUE,0.207365658988455,"20","028","Heroica Ciudad de Ejutla de Crespo"
1566,0.300948717719737,0.214549690418619,0.398200657957178,11,"muestra_directa",FALSE,0.183650967538559,"20","039","Heroica Ciudad de Huajuapan de León"
1567,0.315176151559678,0.220856629478806,0.421356622596375,NA,"sintetico_postestratificado",FALSE,0.200499993117569,"20","064","Nejapa de Madero"
1568,0.344930180796653,0.238108189025917,0.451092283004114,NA,"sintetico_postestratificado",FALSE,0.212984093978197,"20","066","Santiago Niltepec"
1569,0.329344990149084,0.232611928302542,0.434752185046464,6,"muestra_directa",TRUE,0.202140256743921,"20","067","Oaxaca de Juárez"
1570,0.302346293201422,0.208896307756207,0.408946253100175,NA,"sintetico_postestratificado",FALSE,0.200049945343967,"20","068","Ocotlán de Morelos"
1571,0.345799231709704,0.240747383111051,0.45679196207945,NA,"sintetico_postestratificado",FALSE,0.216044578968399,"20","073","Putla Villa de Guerrero"
1572,0.371855860413719,0.256198504266738,0.485572563582123,NA,"sintetico_postestratificado",FALSE,0.229374059315385,"20","085","San Agustín Loxicha"
1573,0.319070428585125,0.219886809339632,0.42729352040089,NA,"sintetico_postestratificado",FALSE,0.207406711061258,"20","088","San Andrés Cabecera Nueva"
1574,0.263816439203818,0.176820735703289,0.358348519276387,NA,"sintetico_postestratificado",FALSE,0.181527783573098,"20","483","Santiago Suchilquitongo"
1575,0.301808912666671,0.205296868120533,0.416820863114161,NA,"sintetico_postestratificado",FALSE,0.211523994993628,"20","486","Villa Tejúpam de la Unión"
1576,0.339434392882518,0.236478963831387,0.464387074233318,NA,"sintetico_postestratificado",FALSE,0.227908110401931,"20","093","San Andrés Lagunas"
1577,0.304384812882546,0.212103177759254,0.420733629051622,NA,"sintetico_postestratificado",FALSE,0.208630451292369,"20","113","San Baltazar Loxicha"
1578,0.302872928773075,0.207668547136298,0.422849133514417,NA,"sintetico_postestratificado",FALSE,0.215180586378119,"20","487","Santiago Tenango"
1579,0.287624828958449,0.189036087837548,0.399938337105772,NA,"sintetico_postestratificado",FALSE,0.210902249268225,"20","488","Santiago Tepetlapa"
1580,0.311151089671829,0.220934250685269,0.417003034523057,NA,"sintetico_postestratificado",FALSE,0.196068783837789,"20","496","Santiago Xiacuí"
1581,0.333303316724747,0.235308469699276,0.447485969598328,NA,"sintetico_postestratificado",FALSE,0.212177499899052,"20","509","Santo Domingo de Morelos"
1582,0.277551941623072,0.185984469140209,0.386622807743199,NA,"sintetico_postestratificado",FALSE,0.20063833860299,"20","557","Unión Hidalgo"
1583,0.295719564483123,0.202887961422017,0.404430650893038,NA,"sintetico_postestratificado",FALSE,0.201542689471022,"20","560","Villa Díaz Ordaz"
1584,0.30479414318177,0.204718826138439,0.413045498799357,NA,"sintetico_postestratificado",FALSE,0.208326672660919,"20","038","Villa Hidalgo Yalálag"
1585,0.35417639780185,0.231283528581226,0.475540575196084,NA,"sintetico_postestratificado",FALSE,0.244257046614858,"20","238","Heroico San Martín de los Cansecos"
1586,0.313808171061049,0.212401561000192,0.426471874040366,NA,"sintetico_postestratificado",FALSE,0.214070313040173,"21","180","Tlahuapan"
1587,0.305545351656182,0.208853140352054,0.423906990641952,NA,"sintetico_postestratificado",FALSE,0.215053850289897,"21","080","Atlequizayan"
1588,0.321826144690261,0.224186077814995,0.431471384702819,NA,"sintetico_postestratificado",FALSE,0.207285306887825,"21","087","Jolalpan"
1589,0.305781290371548,0.20664791761682,0.416295532638465,NA,"sintetico_postestratificado",FALSE,0.209647615021645,"21","088","Jonotla"
1590,0.28552467396434,0.199544524833296,0.382872284210141,NA,"sintetico_postestratificado",FALSE,0.183327759376845,"21","081","Ixcamilpa de Guerrero"
1591,0.32516403965729,0.226992552291111,0.441170836941962,NA,"sintetico_postestratificado",FALSE,0.21417828465085,"21","083","Ixtacamaxtitlán"
1592,0.338792353426728,0.251613419970429,0.440869149870774,19,"muestra_directa",FALSE,0.189255729900345,"21","197","Xicotepec"
1593,0.268272768427705,0.177726445905157,0.371495643734297,NA,"sintetico_postestratificado",FALSE,0.193769197829139,"21","193","Tzicatlacoyan"
1594,0.302499345476055,0.206967688070621,0.41656106748408,NA,"sintetico_postestratificado",FALSE,0.209593379413458,"21","192","Tuzamapan de Galeana"
1595,0.343075507127117,0.232496329359792,0.464581634494133,NA,"sintetico_postestratificado",FALSE,0.232085305134341,"21","215","Zongozotla"
1596,0.331967410409451,0.229418761437146,0.4451165670134,NA,"sintetico_postestratificado",FALSE,0.215697805576255,"21","191","Tulcingo"
1597,0.319389720529393,0.217391401928691,0.432018747471296,NA,"sintetico_postestratificado",FALSE,0.214627345542605,"21","216","Zoquiapan"
1598,0.338414221434223,0.246195880454194,0.443793863284316,16,"muestra_directa",FALSE,0.197597982830122,"21","199","Xiutetelco"
1599,0.307646356491513,0.209720415302217,0.425187356423199,NA,"sintetico_postestratificado",FALSE,0.215466941120981,"21","198","Xicotlán"
1600,0.275923957492131,0.181713955657343,0.386237286160744,NA,"sintetico_postestratificado",FALSE,0.204523330503401,"21","178","Tlacuilotepec"
1601,0.309185938430356,0.214579858983311,0.417126639625446,NA,"sintetico_postestratificado",FALSE,0.202546780642134,"21","105","Ocotepec"
1602,0.328436354644448,0.230717801950736,0.427010848384669,11,"muestra_directa",FALSE,0.196293046433933,"21","132","San Martín Texmelucan"
1603,0.285667137029757,0.199383533218934,0.386095589563199,NA,"sintetico_postestratificado",FALSE,0.186712056344265,"21","143","San Salvador el Verde"
1604,0.302924827262612,0.203430708542259,0.409814130588415,NA,"sintetico_postestratificado",FALSE,0.206383422046156,"21","176","Tilapa"
1605,0.314212365162986,0.217196642642779,0.4209345985988,NA,"sintetico_postestratificado",FALSE,0.203737955956021,"21","174","Teziutlán"
1606,0.25776169944198,0.164815347204711,0.366065510554908,NA,"sintetico_postestratificado",FALSE,0.201250163350197,"21","171","Tepeyahualco de Cuauhtémoc"
1607,0.315442219574872,0.227137766205099,0.424789968907292,NA,"sintetico_postestratificado",FALSE,0.197652202702193,"21","103","Nicolás Bravo"
1608,0.286027339518118,0.198244589580217,0.38599914831981,10,"muestra_directa",FALSE,0.187754558739593,"21","102","Nealtican"
1609,0.316899151230864,0.220368963722265,0.424452397353628,NA,"sintetico_postestratificado",FALSE,0.204083433631364,"21","142","San Salvador el Seco"
1610,0.351704009521387,0.251324683714875,0.469647673103241,NA,"sintetico_postestratificado",FALSE,0.218322989388366,"21","101","Nauzontla"
1611,0.322439466392078,0.22328706035158,0.442845264021345,NA,"sintetico_postestratificado",FALSE,0.219558203669766,"21","100","Naupan"
1612,0.317183728172422,0.218835862734924,0.426081684599414,NA,"sintetico_postestratificado",FALSE,0.20724582186449,"21","099","Cañada Morelos"
1613,0.297237787761954,0.204508359652527,0.403734186421443,NA,"sintetico_postestratificado",FALSE,0.199225826768917,"21","098","Molcaxac"
1614,0.242363749828673,0.157432681987119,0.344215680092035,NA,"sintetico_postestratificado",FALSE,0.186782998104917,"21","001","Acajete"
1615,0.340204899306529,0.239041893597754,0.469301232372423,NA,"sintetico_postestratificado",FALSE,0.230259338774669,"21","182","Tlanepantla"
1616,0.306059438074012,0.212664485191716,0.419013747733195,NA,"sintetico_postestratificado",FALSE,0.206349262541479,"21","201","Xochiltepec"
1617,0.297605297924301,0.202870949729313,0.404758571395814,NA,"sintetico_postestratificado",FALSE,0.201887621666501,"21","110","Palmar de Bravo"
1618,0.306360344553342,0.206471663738637,0.417286297428728,NA,"sintetico_postestratificado",FALSE,0.210814633690091,"21","109","Pahuatlán"
1619,0.304485054788279,0.20880792152362,0.419331631207652,NA,"sintetico_postestratificado",FALSE,0.210523709684033,"21","067","Guadalupe Victoria"
1620,0.271607565499951,0.188969966902177,0.368262749324163,7,"muestra_directa",TRUE,0.179292782421987,"21","147","Santa Inés Ahuatempan"
1621,0.292422510898007,0.196030069914554,0.397383558906003,NA,"sintetico_postestratificado",FALSE,0.201353488991449,"21","204","Yaonáhuac"
1622,0.277974559933459,0.185979741625451,0.377424060478883,NA,"sintetico_postestratificado",FALSE,0.191444318853432,"21","108","Oriental"
1623,0.288403517389413,0.20338733539336,0.389274483841912,5,"muestra_directa",TRUE,0.185887148448552,"21","066","Guadalupe"
1624,0.338622964152006,0.235012905831305,0.449757725766082,NA,"sintetico_postestratificado",FALSE,0.214744819934777,"21","167","Tepetzintla"
1625,0.320906009100732,0.224994388515189,0.425940751529165,NA,"sintetico_postestratificado",FALSE,0.200946363013977,"21","166","Tepeojuma"
1626,0.295954000851532,0.20831906462438,0.402605491784913,20,"muestra_directa",FALSE,0.194286427160533,"21","065","General Felipe Ángeles"
1627,0.319477758804258,0.215572354760601,0.433659928949066,NA,"sintetico_postestratificado",FALSE,0.218087574188465,"21","181","Tlaltenango"
1628,0.325133502766394,0.230550816345999,0.434627460938297,NA,"sintetico_postestratificado",FALSE,0.204076644592297,"21","064","Francisco Z. Mena"
1629,0.303103017523365,0.209287185552825,0.40356452456017,10,"muestra_directa",FALSE,0.194277339007345,"21","148","Santa Isabel Cholula"
1630,0.296908939972282,0.202429643428845,0.395369414830023,NA,"sintetico_postestratificado",FALSE,0.192939771401178,"21","063","Esperanza"
1631,0.318156178739674,0.221767039607652,0.430056733783116,NA,"sintetico_postestratificado",FALSE,0.208289694175465,"21","217","Zoquitlán"
1632,0.272229564504738,0.198145814948601,0.362800062578963,26,"muestra_directa",FALSE,0.164654247630362,"21","207","Zacapoaxtla"
1633,0.258047379976682,0.17165151992408,0.369180565725097,NA,"sintetico_postestratificado",FALSE,0.197529045801016,"21","214","Zinacatepec"
1634,0.256152792811342,0.169477492599565,0.364415313555405,NA,"sintetico_postestratificado",FALSE,0.19493782095584,"21","059","Chinantla"
1635,0.301767355630297,0.210818411415608,0.410441960517263,NA,"sintetico_postestratificado",FALSE,0.199623549101655,"21","058","Chilchotla"
1636,0.291592418081663,0.201943023806464,0.406958499831357,1,"muestra_directa",TRUE,0.205015476024893,"21","057","Honey"
1637,0.264685648998879,0.174677783160562,0.372370052004138,NA,"sintetico_postestratificado",FALSE,0.197692268843576,"21","056","Chila de la Sal"
1638,0.335291075608713,0.235400602629678,0.438836544794006,NA,"sintetico_postestratificado",FALSE,0.203435942164327,"21","107","Olintla"
1639,0.271465603043267,0.188874660144337,0.366978888591998,NA,"sintetico_postestratificado",FALSE,0.178104228447661,"21","106","Ocoyucan"
1640,0.311812216696061,0.225443124776449,0.408020578460464,4,"muestra_directa",TRUE,0.182577453684015,"21","055","Chila"
1641,0.296826343537956,0.197874249808801,0.41486824412614,NA,"sintetico_postestratificado",FALSE,0.216993994317338,"21","200","Xochiapulco"
1642,0.2849792766193,0.197818625163106,0.391377915505773,NA,"sintetico_postestratificado",FALSE,0.193559290342667,"21","051","Chietla"
1643,0.237404797782781,0.152043687453046,0.341713531872125,NA,"sintetico_postestratificado",FALSE,0.189669844419078,"21","050","Chichiquila"
1644,0.298165800682212,0.20693904262733,0.399539182805637,NA,"sintetico_postestratificado",FALSE,0.192600140178308,"21","096","Mazapiltepec de Juárez"
1645,0.254763105039075,0.161763114314097,0.365252405091364,NA,"sintetico_postestratificado",FALSE,0.203489290777267,"21","095","La Magdalena Tlatlauquitepec"
1646,0.298890842543157,0.205778781352759,0.401271837817621,NA,"sintetico_postestratificado",FALSE,0.195493056464862,"21","094","Libres"
1647,0.307865760974822,0.209410932238089,0.423372056513887,NA,"sintetico_postestratificado",FALSE,0.213961124275797,"21","093","Lafragua"
1648,0.301039347268563,0.205751968352622,0.416374984399314,NA,"sintetico_postestratificado",FALSE,0.210623016046693,"21","092","Juan N. Méndez"
1649,0.30132130772023,0.208247765300525,0.408601009797258,NA,"sintetico_postestratificado",FALSE,0.200353244496732,"21","091","Juan Galindo"
1650,0.309985151552595,0.215140417182578,0.42145405093092,NA,"sintetico_postestratificado",FALSE,0.206313633748342,"21","208","Zacatlán"
1651,0.297345304498259,0.206184019689793,0.404667729219762,NA,"sintetico_postestratificado",FALSE,0.198483709529969,"21","090","Juan C. Bonilla"
1652,0.304023948836254,0.209522053386938,0.410738126593275,NA,"sintetico_postestratificado",FALSE,0.201216073206337,"21","037","Coyotepec"
1653,0.283773068265547,0.195287552068983,0.391403119504889,NA,"sintetico_postestratificado",FALSE,0.196115567435906,"21","035","Coxcatlán"
1654,0.274827729418392,0.188011071607689,0.378257071221215,7,"muestra_directa",TRUE,0.190245999613526,"21","034","Coronango"
1655,0.269217691952078,0.177461698988715,0.361466772917712,NA,"sintetico_postestratificado",FALSE,0.184005073928998,"21","033","Cohuecan"
1656,0.316694695348003,0.222838161609059,0.428654064014581,NA,"sintetico_postestratificado",FALSE,0.205815902405522,"21","032","Cohetzala"
1657,0.300063232674083,0.205108895227566,0.411355318796352,NA,"sintetico_postestratificado",FALSE,0.206246423568787,"21","031","Coatzingo"
1658,0.277616900351277,0.183529972348385,0.39383689961338,NA,"sintetico_postestratificado",FALSE,0.210306927264995,"21","030","Coatepec"
1659,0.276433750747581,0.187521591869415,0.385215095244008,NA,"sintetico_postestratificado",FALSE,0.197693503374592,"21","029","Caxhuacan"
1660,0.310692145323783,0.217044134469459,0.421384224794823,NA,"sintetico_postestratificado",FALSE,0.204340090325364,"21","028","Camocuautla"
1661,0.290600102131274,0.191639966449478,0.405824967835947,NA,"sintetico_postestratificado",FALSE,0.214185001386469,"21","020","Atoyatempan"
1662,0.284675341074653,0.193395997795245,0.401717519209138,NA,"sintetico_postestratificado",FALSE,0.208321521413893,"21","077","Hueytlalpan"
1663,0.282318315109093,0.191776013992247,0.393533261917056,NA,"sintetico_postestratificado",FALSE,0.201757247924809,"21","074","Huejotzingo"
1664,0.238569396163788,0.158635297524962,0.327820005172297,NA,"sintetico_postestratificado",FALSE,0.169184707647335,"21","022","Atzitzihuacán"
1665,0.29309694684705,0.198950704651221,0.394953838838792,NA,"sintetico_postestratificado",FALSE,0.196003134187571,"21","025","Ayotoxco de Guerrero"
1666,0.281808872884229,0.193492511214629,0.383729597990071,12,"muestra_directa",FALSE,0.190237086775442,"21","177","Tlacotepec de Benito Juárez"
1667,0.326745131477442,0.22663459953423,0.442154871799494,NA,"sintetico_postestratificado",FALSE,0.215520272265264,"21","075","Hueyapan"
1668,0.315020032709191,0.216575919464965,0.427947536031983,NA,"sintetico_postestratificado",FALSE,0.211371616567018,"21","078","Huitzilan de Serdán"
1669,0.30085360078175,0.200274041788513,0.412754978057781,NA,"sintetico_postestratificado",FALSE,0.212480936269268,"21","079","Huitziltepec"
1670,0.314731514394893,0.219548230379361,0.427571192097403,NA,"sintetico_postestratificado",FALSE,0.208022961718042,"21","187","Tlaxco"
1671,0.304220358374482,0.211246546806436,0.40840532611565,NA,"sintetico_postestratificado",FALSE,0.197158779309214,"21","188","Tochimilco"
1672,0.262852427802966,0.169356017766409,0.369789714148288,NA,"sintetico_postestratificado",FALSE,0.200433696381879,"21","189","Tochtepec"
1673,0.255416240567532,0.165382565317421,0.352519766220161,NA,"sintetico_postestratificado",FALSE,0.187137200902741,"21","190","Totoltepec de Guerrero"
1674,0.290350047816234,0.197335341956024,0.401958219600769,NA,"sintetico_postestratificado",FALSE,0.204622877644745,"21","194","Venustiano Carranza"
1675,0.323437696351393,0.215174358206098,0.430615232255713,NA,"sintetico_postestratificado",FALSE,0.215440874049616,"21","184","Tlapacoya"
1676,0.316700693270953,0.217679769737817,0.431759918384628,NA,"sintetico_postestratificado",FALSE,0.214080148646811,"21","185","Tlapanalá"
1677,0.303634757169315,0.208846171742522,0.414401983519329,NA,"sintetico_postestratificado",FALSE,0.205555811776806,"21","082","Ixcaquixtla"
1678,0.262564402894741,0.177824133218551,0.362203319045037,12,"muestra_directa",FALSE,0.184379185826486,"21","085","Izúcar de Matamoros"
1679,0.323791964766939,0.227464881703017,0.434263315647087,NA,"sintetico_postestratificado",FALSE,0.20679843394407,"21","104","Nopalucan"
1680,0.35181015069183,0.244857438020617,0.472720557328299,NA,"sintetico_postestratificado",FALSE,0.227863119307683,"21","122","San Felipe Teotlalcingo"
1681,0.299494499668114,0.205179507879524,0.410933664700166,NA,"sintetico_postestratificado",FALSE,0.205754156820642,"21","123","San Felipe Tepatlán"
1682,0.29060121007236,0.20103133975297,0.395329919144588,NA,"sintetico_postestratificado",FALSE,0.194298579391618,"21","012","Aljojuca"
1683,0.301722715508545,0.205543573326213,0.409101078478707,NA,"sintetico_postestratificado",FALSE,0.203557505152494,"21","013","Altepexi"
1684,0.30546156175303,0.207952437661278,0.410128697662724,NA,"sintetico_postestratificado",FALSE,0.202176260001446,"21","007","Ahuatlán"
1685,0.269802264835392,0.181233662448238,0.382615495806608,NA,"sintetico_postestratificado",FALSE,0.20138183335837,"21","011","Albino Zertuche"
1686,0.284095308282107,0.192144674552206,0.390484564960004,NA,"sintetico_postestratificado",FALSE,0.198339890407797,"21","018","Atexcal"
1687,0.298933183204574,0.20414101714316,0.406470150246192,NA,"sintetico_postestratificado",FALSE,0.202329133103031,"21","054","Chignautla"
1688,0.33189509446351,0.23653367008011,0.441801718946859,NA,"sintetico_postestratificado",FALSE,0.205268048866749,"21","127","San Jerónimo Xayacatlán"
1689,0.302449212971947,0.20881489934439,0.415665278797444,NA,"sintetico_postestratificado",FALSE,0.206850379453054,"21","129","San José Miahuatlán"
1690,0.311666005706598,0.216483656011547,0.423527459058904,NA,"sintetico_postestratificado",FALSE,0.207043803047357,"21","130","San Juan Atenco"
1691,0.302097729229415,0.214042853134556,0.401872844880858,NA,"sintetico_postestratificado",FALSE,0.187829991746302,"21","213","Zihuateutla"
1692,0.32538187647547,0.222373055345639,0.429332716124528,NA,"sintetico_postestratificado",FALSE,0.206959660778889,"21","124","San Gabriel Chilac"
1693,0.326029112047821,0.23167186335472,0.440036705322607,NA,"sintetico_postestratificado",FALSE,0.208364841967888,"21","169","Tepexi de Rodríguez"
1694,0.251498703810124,0.164693212574888,0.347100579266752,NA,"sintetico_postestratificado",FALSE,0.182407366691865,"21","159","Teopantlán"
1695,0.285188753751375,0.202422048881473,0.378163905044116,14,"muestra_directa",FALSE,0.175741856162644,"21","156","Tehuacán"
1696,0.270796051871458,0.182804562378561,0.372547814781996,NA,"sintetico_postestratificado",FALSE,0.189743252403435,"21","155","Tecomatlán"
1697,0.360129591173005,0.25491812942497,0.478495357088331,NA,"sintetico_postestratificado",FALSE,0.223577227663361,"21","154","Tecamachalco"
1698,0.343810528518004,0.235708983607421,0.464175379618655,NA,"sintetico_postestratificado",FALSE,0.228466396011233,"21","172","Tetela de Ocampo"
1699,0.296493856350241,0.203033663897372,0.403678927967996,NA,"sintetico_postestratificado",FALSE,0.200645264070624,"21","179","Tlachichuca"
1700,0.290288343559638,0.200417716512482,0.392808434516182,NA,"sintetico_postestratificado",FALSE,0.1923907180037,"21","153","Tecali de Herrera"
1701,0.321038125851397,0.218925748112775,0.438698150187899,NA,"sintetico_postestratificado",FALSE,0.219772402075124,"21","151","Santo Tomás Hueyotlipan"
1702,0.341540220485349,0.238836647105146,0.449300628247536,NA,"sintetico_postestratificado",FALSE,0.21046398114239,"21","121","San Diego la Mesa Tochimiltzingo"
1703,0.321106041115976,0.222047810255268,0.428147391095823,NA,"sintetico_postestratificado",FALSE,0.206099580840555,"21","202","Xochitlán de Vicente Suárez"
1704,0.307211013370207,0.213368413913359,0.415467610816713,NA,"sintetico_postestratificado",FALSE,0.202099196903354,"21","203","Xochitlán Todos Santos"
1705,0.314462188745461,0.216882752484963,0.429512719794883,NA,"sintetico_postestratificado",FALSE,0.21262996730992,"21","073","Huehuetlán el Chico"
1706,0.277500885241533,0.185666312444223,0.379660493036354,NA,"sintetico_postestratificado",FALSE,0.193994180592131,"21","097","Mixtla"
1707,0.256280533083335,0.1714250542045,0.360283871206981,NA,"sintetico_postestratificado",FALSE,0.188858817002481,"21","036","Coyomeapan"
1708,0.306965186639274,0.213864023859375,0.41496244711171,NA,"sintetico_postestratificado",FALSE,0.201098423252336,"21","044","Cuyoaco"
1709,0.293591898786528,0.19480783016355,0.406078259679915,NA,"sintetico_postestratificado",FALSE,0.211270429516365,"21","060","Domingo Arenas"
1710,0.301991228650282,0.211733846505986,0.411721897213158,NA,"sintetico_postestratificado",FALSE,0.199988050707172,"21","061","Eloxochitlán"
1711,0.297452232756192,0.206944608777238,0.403953060389598,NA,"sintetico_postestratificado",FALSE,0.19700845161236,"21","062","Epatlán"
1712,0.281052355904029,0.18761616442477,0.38629855682484,NA,"sintetico_postestratificado",FALSE,0.19868239240007,"21","068","Hermenegildo Galeana"
1713,0.291572411670212,0.201072708163414,0.394951192811391,NA,"sintetico_postestratificado",FALSE,0.193878484647978,"21","072","Huehuetla"
1714,0.27835294649149,0.185995612359722,0.378642774491403,NA,"sintetico_postestratificado",FALSE,0.192647162131681,"21","160","Teotlalco"
1715,0.272810242507079,0.182774555247519,0.378759578818532,NA,"sintetico_postestratificado",FALSE,0.195985023571014,"21","161","Tepanco de López"
1716,0.263290571270697,0.179525793667871,0.363269555008691,NA,"sintetico_postestratificado",FALSE,0.18374376134082,"21","024","Axutla"
1717,0.304464700611466,0.210501533812682,0.409272907114964,NA,"sintetico_postestratificado",FALSE,0.198771373302281,"21","186","Tlatlauquitepec"
1718,0.30521717359153,0.208978716954738,0.419639776405588,NA,"sintetico_postestratificado",FALSE,0.21066105945085,"21","170","Tepeyahualco"
1719,0.317291349034637,0.216728916539225,0.44026823785823,NA,"sintetico_postestratificado",FALSE,0.223539321319005,"21","196","Xayacatlán de Bravo"
1720,0.379528154372703,0.26279231587496,0.496248328895471,NA,"sintetico_postestratificado",FALSE,0.23345601302051,"21","117","Rafael Lara Grajales"
1721,0.297647084377828,0.19683183558281,0.400198005759497,NA,"sintetico_postestratificado",FALSE,0.203366170176688,"21","017","Atempan"
1722,0.281057902098099,0.190972944303229,0.385329302430492,4,"muestra_directa",TRUE,0.194356358127263,"21","019","Atlixco"
1723,0.33790652381706,0.236371121129798,0.450537858059243,NA,"sintetico_postestratificado",FALSE,0.214166736929445,"21","173","Teteles de Ávila Castillo"
1724,0.354824811723712,0.250678434530304,0.462775609523332,NA,"sintetico_postestratificado",FALSE,0.212097174993029,"21","175","Tianguismanalco"
1725,0.345148342564906,0.232665845328636,0.459591632085094,NA,"sintetico_postestratificado",FALSE,0.226925786756458,"21","052","Chigmecatitlán"
1726,0.317732769165092,0.221934090039509,0.423487725444208,NA,"sintetico_postestratificado",FALSE,0.201553635404699,"21","069","Huaquechula"
1727,0.316153479848862,0.213479160697474,0.432692183334716,NA,"sintetico_postestratificado",FALSE,0.219213022637242,"21","168","Tepexco"
1728,0.296335508449694,0.203340487475833,0.401311820731969,NA,"sintetico_postestratificado",FALSE,0.197971333256136,"21","157","Tehuitzingo"
1729,0.27589343271207,0.18556114713328,0.381111539796394,NA,"sintetico_postestratificado",FALSE,0.195550392663114,"21","162","Tepango de Rodríguez"
1730,0.273357543010868,0.181527374886418,0.368919746100771,NA,"sintetico_postestratificado",FALSE,0.187392371214353,"21","209","Zapotitlán"
1731,0.313368005918821,0.227653817113701,0.416910323668184,NA,"sintetico_postestratificado",FALSE,0.189256506554483,"21","118","Los Reyes de Juárez"
1732,0.245322669321663,0.161031041507947,0.331971279165708,7,"muestra_directa",TRUE,0.170940237657761,"21","119","San Andrés Cholula"
1733,0.32017914542479,0.22286278729815,0.425503700023497,NA,"sintetico_postestratificado",FALSE,0.202640912725348,"21","120","San Antonio Cañada"
1734,0.287492758539651,0.191268992522345,0.392405575988797,NA,"sintetico_postestratificado",FALSE,0.201136583466452,"21","125","San Gregorio Atzompa"
1735,0.295935579417572,0.207519636166144,0.402632212763448,2,"muestra_directa",TRUE,0.195112576597304,"21","126","San Jerónimo Tecuanipan"
1736,0.316247305546889,0.222066712013082,0.415271513457093,NA,"sintetico_postestratificado",FALSE,0.193204801444011,"21","128","San José Chiapa"
1737,0.310040646901566,0.210469137532441,0.411376538083941,NA,"sintetico_postestratificado",FALSE,0.2009074005515,"21","158","Tenampulco"
1738,0.311286900444972,0.212413630527357,0.426710339139332,NA,"sintetico_postestratificado",FALSE,0.214296708611975,"21","053","Chignahuapan"
1739,0.329510024271425,0.230971256898524,0.444747962298859,NA,"sintetico_postestratificado",FALSE,0.213776705400335,"21","002","Acateno"
1740,0.312991354303652,0.214836045484998,0.420800928853251,NA,"sintetico_postestratificado",FALSE,0.205964883368253,"21","003","Acatlán"
1741,0.3101453840583,0.221391679572519,0.422512255304022,NA,"sintetico_postestratificado",FALSE,0.201120575731503,"21","004","Acatzingo"
1742,0.332806065484182,0.221671318088302,0.45093065434451,NA,"sintetico_postestratificado",FALSE,0.229259336256208,"21","005","Acteopan"
1743,0.237345497036038,0.154714638453779,0.345646963615212,NA,"sintetico_postestratificado",FALSE,0.190932325161434,"21","006","Ahuacatlán"
1744,0.29988273205778,0.204175747233155,0.406296652052455,NA,"sintetico_postestratificado",FALSE,0.202120904819299,"21","008","Ahuazotepec"
1745,0.341132713041995,0.238976351005883,0.46018060022938,NA,"sintetico_postestratificado",FALSE,0.221204249223497,"21","133","San Martín Totoltepec"
1746,0.261655355548602,0.171810283420243,0.363880905218378,NA,"sintetico_postestratificado",FALSE,0.192070621798135,"21","134","San Matías Tlalancaleca"
1747,0.243787213218715,0.158251695799968,0.342933628947483,NA,"sintetico_postestratificado",FALSE,0.184681933147515,"21","135","San Miguel Ixitlán"
1748,0.31235370511275,0.217754372236002,0.418388988395207,NA,"sintetico_postestratificado",FALSE,0.200634616159206,"21","137","San Nicolás Buenos Aires"
1749,0.284992683036386,0.188050195978608,0.388839554818487,NA,"sintetico_postestratificado",FALSE,0.200789358839879,"21","138","San Nicolás de los Ranchos"
1750,0.275381144694254,0.185415349006924,0.377721230205846,NA,"sintetico_postestratificado",FALSE,0.192305881198922,"21","139","San Pablo Anicano"
1751,0.301761873595076,0.208106298434645,0.405006953169886,10,"muestra_directa",FALSE,0.196900654735241,"21","140","San Pedro Cholula"
1752,0.298085768996728,0.195403455217693,0.419092509309062,NA,"sintetico_postestratificado",FALSE,0.223689054091368,"21","141","San Pedro Yeloixtlahuaca"
1753,0.284461486644352,0.192463801388124,0.382852211794974,NA,"sintetico_postestratificado",FALSE,0.19038841040685,"21","205","Yehualtepec"
1754,0.312726923069191,0.213520854647988,0.423426155924791,NA,"sintetico_postestratificado",FALSE,0.209905301276803,"21","023","Atzitzintla"
1755,0.289170862471828,0.200503362160147,0.39256147154737,2,"muestra_directa",TRUE,0.192058109387223,"21","116","Quimixtlán"
1756,0.287718643838769,0.205488765137875,0.378717794651086,9,"muestra_directa",TRUE,0.173229029513211,"21","115","Quecholac"
1757,0.278129464636277,0.2054624769171,0.354147353950003,44,"muestra_directa",FALSE,0.148684877032903,"21","114","Puebla"
1758,0.347863609451639,0.257281136433194,0.446509231312876,9,"muestra_directa",TRUE,0.189228094879683,"21","144","San Salvador Huixcolotla"
1759,0.295588974610567,0.193587536863749,0.39831143176791,NA,"sintetico_postestratificado",FALSE,0.204723894904162,"21","145","San Sebastián Tlacotepec"
1760,0.327518411379667,0.223732811525821,0.437396357240817,NA,"sintetico_postestratificado",FALSE,0.213663545714996,"21","146","Santa Catarina Tlaltempan"
1761,0.291469924538368,0.197821369942444,0.396053684849041,NA,"sintetico_postestratificado",FALSE,0.198232314906597,"21","149","Santiago Miahuatlán"
1762,0.279932146491791,0.185680721588569,0.379276963589187,NA,"sintetico_postestratificado",FALSE,0.193596242000619,"21","150","Huehuetlán el Grande"
1763,0.293109963306668,0.212566999505751,0.391949298345702,10,"muestra_directa",FALSE,0.179382298839951,"21","010","Ajalpan"
1764,0.306233073195781,0.209258646560357,0.407116479080836,NA,"sintetico_postestratificado",FALSE,0.19785783252048,"21","014","Amixtlán"
1765,0.312698990153502,0.21709804286411,0.420153374783709,NA,"sintetico_postestratificado",FALSE,0.203055331919598,"21","015","Amozoc"
1766,0.332699831430614,0.235259643710866,0.440881491404473,NA,"sintetico_postestratificado",FALSE,0.205621847693607,"21","016","Aquixtla"
1767,0.269066346725551,0.17494965442362,0.375284275254381,NA,"sintetico_postestratificado",FALSE,0.200334620830761,"21","021","Atzala"
1768,0.273243975206795,0.181441981275625,0.378846199780791,NA,"sintetico_postestratificado",FALSE,0.197404218505166,"21","026","Calpan"
1769,0.275735058188153,0.182764676783105,0.390862889085016,NA,"sintetico_postestratificado",FALSE,0.208098212301911,"21","027","Caltepec"
1770,0.276623307439141,0.183698880036336,0.383287374912762,NA,"sintetico_postestratificado",FALSE,0.199588494876425,"21","165","Tepemaxalco"
1771,0.273596674710702,0.177575840169157,0.380366625800258,NA,"sintetico_postestratificado",FALSE,0.202790785631101,"21","152","Soltepec"
1772,0.308799602463282,0.207120028464348,0.419993954828266,NA,"sintetico_postestratificado",FALSE,0.212873926363918,"21","206","Zacapala"
1773,0.320302609467103,0.220610768461073,0.437009526091558,NA,"sintetico_postestratificado",FALSE,0.216398757630485,"21","211","Zaragoza"
1774,0.33291379992816,0.251680305439106,0.442715305739744,26,"muestra_directa",FALSE,0.191035000300638,"21","212","Zautla"
1775,0.289593179338182,0.201160569196386,0.39756887675149,NA,"sintetico_postestratificado",FALSE,0.196408307555104,"21","163","Tepatlaxco de Hidalgo"
1776,0.312071503506591,0.212227379060026,0.430361947702522,NA,"sintetico_postestratificado",FALSE,0.218134568642497,"21","049","Chiconcuautla"
1777,0.307796032073711,0.21931836886503,0.412579993402407,NA,"sintetico_postestratificado",FALSE,0.193261624537376,"21","048","Chiautzingo"
1778,0.308708684920921,0.214368877433897,0.415123613073194,NA,"sintetico_postestratificado",FALSE,0.200754735639297,"21","047","Chiautla"
1779,0.266962587065539,0.180491513113378,0.372263634081375,NA,"sintetico_postestratificado",FALSE,0.191772120967997,"21","195","Vicente Guerrero"
1780,0.275574202984962,0.198273707385035,0.364435307770046,16,"muestra_directa",FALSE,0.166161600385011,"21","164","Tepeaca"
1781,0.308629475629011,0.216661663166198,0.411206780578946,NA,"sintetico_postestratificado",FALSE,0.194545117412747,"21","046","Chapulco"
1782,0.31772117379408,0.22368852859508,0.426665229579065,NA,"sintetico_postestratificado",FALSE,0.202976700983985,"21","210","Zapotitlán de Méndez"
1783,0.261043254385563,0.173108151809756,0.368534875561875,NA,"sintetico_postestratificado",FALSE,0.195426723752118,"21","136","San Miguel Xoxtla"
1784,0.293226902751385,0.204604552634583,0.39677018115321,NA,"sintetico_postestratificado",FALSE,0.192165628518627,"21","045","Chalchicomula de Sesma"
1785,0.290343302404841,0.201744611492758,0.389126182365564,9,"muestra_directa",TRUE,0.187381570872806,"21","043","Cuetzalan del Progreso"
1786,0.276921519283438,0.186185447032265,0.382415109940135,NA,"sintetico_postestratificado",FALSE,0.19622966290787,"21","084","Ixtepec"
1787,0.268270357039658,0.178015009501883,0.374318232525968,NA,"sintetico_postestratificado",FALSE,0.196303223024085,"21","086","Jalpan"
1788,0.334612975732499,0.236639022285571,0.439055745489953,NA,"sintetico_postestratificado",FALSE,0.202416723204381,"21","042","Cuayuca de Andrade"
1789,0.366846479595357,0.270817798087943,0.48039546813027,NA,"sintetico_postestratificado",FALSE,0.209577670042327,"21","113","Piaxtla"
1790,0.314913504682648,0.220799010732959,0.427421379084482,NA,"sintetico_postestratificado",FALSE,0.206622368351524,"21","131","San Juan Atzompa"
1791,0.295862225257364,0.201951052600395,0.410363483037962,NA,"sintetico_postestratificado",FALSE,0.208412430437567,"21","089","Jopala"
1792,0.336799337075142,0.241274166340137,0.44684375786432,4,"muestra_directa",TRUE,0.205569591524183,"21","041","Cuautlancingo"
1793,0.304491523332029,0.206578579791251,0.410850216525597,NA,"sintetico_postestratificado",FALSE,0.204271636734346,"21","040","Cuautinchán"
1794,0.285958991189456,0.18846926449788,0.389404684347989,NA,"sintetico_postestratificado",FALSE,0.20093541985011,"21","039","Cuautempan"
1795,0.277955548241143,0.191317239349005,0.388307174709112,NA,"sintetico_postestratificado",FALSE,0.196989935360107,"21","038","Cuapiaxtla de Madero"
1796,0.270588221006011,0.183383942775809,0.378446883258865,NA,"sintetico_postestratificado",FALSE,0.195062940483056,"21","112","Petlalcingo"
1797,0.344129038902768,0.241185908096826,0.452445635353051,NA,"sintetico_postestratificado",FALSE,0.211259727256225,"21","009","Ahuehuetitla"
1798,0.275466308037441,0.194463249416427,0.374158555094935,8,"muestra_directa",TRUE,0.179695305678508,"21","076","Hueytamalco"
1799,0.290493674467858,0.198832979741889,0.393793614307344,NA,"sintetico_postestratificado",FALSE,0.194960634565455,"21","183","Tlaola"
1800,0.288483841619756,0.203046531285006,0.390324536534192,11,"muestra_directa",FALSE,0.187278005249186,"21","071","Huauchinango"
1801,0.29794104457599,0.198434638253327,0.41329134040224,NA,"sintetico_postestratificado",FALSE,0.214856702148913,"21","070","Huatlatlauca"
1802,0.278987001131797,0.186912901107958,0.381238680038985,NA,"sintetico_postestratificado",FALSE,0.194325778931026,"21","111","Pantepec"
1803,0.337113024534786,0.247573627944688,0.43219217715215,15,"muestra_directa",FALSE,0.184618549207461,"22","002","Pinal de Amoles"
1804,0.35495319590217,0.251590828804108,0.469406009687775,NA,"sintetico_postestratificado",FALSE,0.217815180883667,"22","010","Landa de Matamoros"
1805,0.279197011613342,0.198964844371665,0.373254877869351,20,"muestra_directa",FALSE,0.174290033497686,"22","006","Corregidora"
1806,0.302078079984506,0.205458836565877,0.411742904935894,NA,"sintetico_postestratificado",FALSE,0.206284068370017,"22","003","Arroyo Seco"
1807,0.273686270156185,0.199244599687099,0.351951081635353,27,"muestra_directa",FALSE,0.152706481948253,"22","011","El Marqués"
1808,0.344560197952668,0.241682935886229,0.455303608286421,8,"muestra_directa",TRUE,0.213620672400193,"22","012","Pedro Escobedo"
1809,0.38120800889875,0.275339022083278,0.498985220120567,NA,"sintetico_postestratificado",FALSE,0.223646198037289,"22","015","San Joaquín"
1810,0.31265042616179,0.24311711724193,0.386095050655396,54,"muestra_directa",FALSE,0.142977933413467,"22","016","San Juan del Río"
1811,0.356272849127757,0.253240342188435,0.478754965765416,NA,"sintetico_postestratificado",FALSE,0.225514623576981,"22","017","Tequisquiapan"
1812,0.350331794239652,0.248434328265934,0.452750884522646,5,"muestra_directa",TRUE,0.204316556256712,"22","018","Tolimán"
1813,0.388124547273991,0.276461397232477,0.510799141168474,NA,"sintetico_postestratificado",FALSE,0.234337743935998,"22","007","Ezequiel Montes"
1814,0.327344693157405,0.24276838775239,0.417607044634597,28,"muestra_directa",FALSE,0.174838656882206,"22","001","Amealco de Bonfil"
1815,0.423599900062284,0.356926934143778,0.492514200810491,127,"muestra_directa",FALSE,0.135587266666713,"22","014","Querétaro"
1816,0.386853063699756,0.283218355475319,0.499149548168044,NA,"sintetico_postestratificado",FALSE,0.215931192692725,"22","005","Colón"
1817,0.348591542341578,0.253315530738355,0.445289863639304,13,"muestra_directa",FALSE,0.191974332900949,"22","004","Cadereyta de Montes"
1818,0.38584609210569,0.286850066762406,0.499605967629043,NA,"sintetico_postestratificado",FALSE,0.212755900866637,"22","013","Peñamiller"
1819,0.34408752344037,0.262943119205467,0.433409508039998,22,"muestra_directa",FALSE,0.170466388834531,"22","008","Huimilpan"
1820,0.316203184897296,0.221597107758315,0.425977114005399,NA,"sintetico_postestratificado",FALSE,0.204380006247084,"22","009","Jalpan de Serra"
1821,0.314307744209052,0.205137068936376,0.434841046243349,6,"muestra_directa",TRUE,0.229703977306973,"23","001","Cozumel"
1822,0.303581045547951,0.188809896303248,0.424623489365691,NA,"sintetico_postestratificado",FALSE,0.235813593062443,"23","003","Isla Mujeres"
1823,0.347912072569186,0.266898959122072,0.447458406125912,34,"muestra_directa",FALSE,0.180559447003841,"23","002","Felipe Carrillo Puerto"
1824,0.343343940390042,0.27624755466873,0.416171927568518,89,"muestra_directa",FALSE,0.139924372899788,"23","005","Benito Juárez"
1825,0.365959776320154,0.275348251865166,0.462373345606903,36,"muestra_directa",FALSE,0.187025093741738,"23","004","Othón P. Blanco"
1826,0.262079288635867,0.166852813612039,0.367413804639887,NA,"sintetico_postestratificado",FALSE,0.200560991027848,"23","011","Puerto Morelos"
1827,0.303521756954219,0.221225938718881,0.38420609649443,29,"muestra_directa",FALSE,0.162980157775549,"23","008","Solidaridad"
1828,0.308834108866253,0.210842393304335,0.422038349262702,NA,"sintetico_postestratificado",FALSE,0.211195955958367,"23","010","Bacalar"
1829,0.264252060199606,0.177571931636067,0.370737770161531,6,"muestra_directa",TRUE,0.193165838525464,"23","007","Lázaro Cárdenas"
1830,0.248239251721424,0.167786102739243,0.338284932271067,9,"muestra_directa",TRUE,0.170498829531825,"23","006","José María Morelos"
1831,0.290401978169418,0.199587147402321,0.405193464988381,9,"muestra_directa",TRUE,0.205606317586061,"23","009","Tulum"
1832,0.262762766151918,0.183355808595936,0.34614452748359,19,"muestra_directa",FALSE,0.162788718887655,"24","050","Villa de Reyes"
1833,0.288403918653645,0.202638985989557,0.390234203811274,6,"muestra_directa",TRUE,0.187595217821717,"24","052","Villa Juárez"
1834,0.361072203810021,0.265052934102873,0.476434588311873,8,"muestra_directa",TRUE,0.211381654209,"24","053","Axtla de Terrazas"
1835,0.355001311622142,0.253029301432149,0.46330370741533,NA,"sintetico_postestratificado",FALSE,0.210274405983181,"24","054","Xilitla"
1836,0.350518317075174,0.245464206222915,0.4648200065405,NA,"sintetico_postestratificado",FALSE,0.219355800317585,"24","055","Zaragoza"
1837,0.342094967884238,0.246249322928035,0.44531080578213,NA,"sintetico_postestratificado",FALSE,0.199061482854095,"24","048","Villa de la Paz"
1838,0.379500873759181,0.269540786653495,0.512085270975471,NA,"sintetico_postestratificado",FALSE,0.242544484321976,"24","015","Charcas"
1839,0.38292887072833,0.297772581568214,0.485105078511701,30,"muestra_directa",FALSE,0.187332496943487,"24","013","Ciudad Valles"
1840,0.338999064751218,0.23853502548303,0.460537739759232,NA,"sintetico_postestratificado",FALSE,0.222002714276202,"24","009","Cerro de San Pedro"
1841,0.337045517012107,0.230789222465951,0.454949888115002,NA,"sintetico_postestratificado",FALSE,0.224160665649051,"24","043","Tierra Nueva"
1842,0.351081856956346,0.252412676590017,0.453097862080646,NA,"sintetico_postestratificado",FALSE,0.20068518549063,"24","042","Tanquián de Escobedo"
1843,0.361556088524899,0.248926549913438,0.476762823507616,NA,"sintetico_postestratificado",FALSE,0.227836273594177,"24","012","Tancanhuitz"
1844,0.375815545807118,0.272513687458259,0.481424559650155,NA,"sintetico_postestratificado",FALSE,0.208910872191895,"24","011","Ciudad Fernández"
1845,0.342107837859977,0.242337051871119,0.455723122184144,NA,"sintetico_postestratificado",FALSE,0.213386070313025,"24","010","Ciudad del Maíz"
1846,0.313909432825921,0.224221093061736,0.410521750241185,5,"muestra_directa",TRUE,0.186300657179449,"24","008","Cerritos"
1847,0.355883512996382,0.250435218482399,0.465320486740174,NA,"sintetico_postestratificado",FALSE,0.214885268257774,"24","007","Cedral"
1848,0.367031987842389,0.276043030991394,0.463632193474445,21,"muestra_directa",FALSE,0.187589162483051,"24","035","Soledad de Graciano Sánchez"
1849,0.333373880837003,0.234576696770048,0.439249548591266,NA,"sintetico_postestratificado",FALSE,0.204672851821218,"24","041","Tanlajás"
1850,0.336398186434099,0.23550439719401,0.455841178726452,NA,"sintetico_postestratificado",FALSE,0.220336781532441,"24","040","Tamuín"
1851,0.346650917536552,0.242617831065747,0.462132358507387,NA,"sintetico_postestratificado",FALSE,0.21951452744164,"24","039","Tampamolón Corona"
1852,0.345024176422286,0.241347827348212,0.458050791340808,NA,"sintetico_postestratificado",FALSE,0.216702963992596,"24","038","Tampacán"
1853,0.307260117984545,0.235049284432022,0.383914528272348,42,"muestra_directa",FALSE,0.148865243840327,"24","037","Tamazunchale"
1854,0.308626258550622,0.213361079321481,0.409980857662732,NA,"sintetico_postestratificado",FALSE,0.196619778341251,"24","036","Tamasopo"
1855,0.343798683026401,0.239464048316956,0.459690643429004,NA,"sintetico_postestratificado",FALSE,0.220226595112048,"24","006","Catorce"
1856,0.426604029533265,0.351389655493097,0.506508145180779,65,"muestra_directa",FALSE,0.155118489687682,"24","028","San Luis Potosí"
1857,0.297377786445998,0.192875116232657,0.411900333401391,NA,"sintetico_postestratificado",FALSE,0.219025217168735,"24","031","Santa Catarina"
1858,0.325850546785708,0.226327317230738,0.434057399420348,NA,"sintetico_postestratificado",FALSE,0.20773008218961,"24","030","San Nicolás Tolentino"
1859,0.345545185287483,0.240803018223411,0.457907306179409,NA,"sintetico_postestratificado",FALSE,0.217104287955998,"24","029","San Martín Chalchicuautla"
1860,0.327823702780211,0.229428519184913,0.442942425412912,NA,"sintetico_postestratificado",FALSE,0.213513906227999,"24","026","San Antonio"
1861,0.3398666044354,0.236486876088289,0.467081058134586,NA,"sintetico_postestratificado",FALSE,0.230594182046297,"24","005","Cárdenas"
1862,0.311494876638148,0.210945322655058,0.42655086627063,NA,"sintetico_postestratificado",FALSE,0.215605543615572,"24","024","Rioverde"
1863,0.337273514096858,0.23485804914958,0.453219895169101,NA,"sintetico_postestratificado",FALSE,0.218361846019521,"24","023","Rayón"
1864,0.361722682694913,0.256005010744553,0.478460391209787,NA,"sintetico_postestratificado",FALSE,0.222455380465234,"24","022","Moctezuma"
1865,0.303196946889634,0.223007149058046,0.392986835520033,31,"muestra_directa",FALSE,0.169979686461988,"24","021","Mexquitic de Carmona"
1866,0.321964931369029,0.220951170728568,0.428643794870056,NA,"sintetico_postestratificado",FALSE,0.207692624141488,"24","017","Guadalcázar"
1867,0.316076433790204,0.219702711225908,0.425354283193582,NA,"sintetico_postestratificado",FALSE,0.205651571967674,"24","016","Ebano"
1868,0.321168239179415,0.224193022167549,0.434765629919862,NA,"sintetico_postestratificado",FALSE,0.210572607752313,"24","014","Coxcatlán"
1869,0.288041127685885,0.20275090882278,0.39249862933533,13,"muestra_directa",FALSE,0.18974772051255,"24","033","Santo Domingo"
1870,0.334581938218654,0.227567468090034,0.451033549574067,NA,"sintetico_postestratificado",FALSE,0.223466081484032,"24","001","Ahualulco del Sonido 13"
1871,0.322180028806876,0.2251697095093,0.437507916451174,NA,"sintetico_postestratificado",FALSE,0.212338206941874,"24","057","Matlapa"
1872,0.324499988294231,0.220195167118118,0.441401678426803,NA,"sintetico_postestratificado",FALSE,0.221206511308685,"24","051","Villa Hidalgo"
1873,0.333545912071794,0.227920443477398,0.452390848597905,NA,"sintetico_postestratificado",FALSE,0.224470405120506,"24","058","El Naranjo"
1874,0.316620298161989,0.223416701808581,0.429978787382916,NA,"sintetico_postestratificado",FALSE,0.206562085574336,"24","032","Santa María del Río"
1875,0.345458104580957,0.250047491970757,0.455640471071586,NA,"sintetico_postestratificado",FALSE,0.205592979100828,"24","027","San Ciro de Acosta"
1876,0.393708369661962,0.297328140491338,0.49990413708177,17,"muestra_directa",FALSE,0.202575996590432,"24","025","Salinas"
1877,0.334542742052331,0.232939131846477,0.456758885813704,NA,"sintetico_postestratificado",FALSE,0.223819753967227,"24","056","Villa de Arista"
1878,0.350841035669845,0.249422745957083,0.468941081135047,NA,"sintetico_postestratificado",FALSE,0.219518335177964,"24","047","Villa de Guadalupe"
1880,0.33948359831385,0.23828535240401,0.452610809979871,NA,"sintetico_postestratificado",FALSE,0.214325457575861,"24","034","San Vicente Tancuayalab"
1881,0.348374343659138,0.241802421210253,0.467869519348992,NA,"sintetico_postestratificado",FALSE,0.226067098138739,"24","002","Alaquines"
1882,0.381870329566761,0.289433073623109,0.490086016945656,17,"muestra_directa",FALSE,0.200652943322547,"24","003","Aquismón"
1883,0.318950103536413,0.213999557950931,0.43844910266363,NA,"sintetico_postestratificado",FALSE,0.224449544712699,"24","004","Armadillo de los Infante"
1884,0.335125380814905,0.237127676533859,0.451952817761053,NA,"sintetico_postestratificado",FALSE,0.214825141227194,"24","046","Villa de Arriaga"
1885,0.335658549905847,0.237010102065162,0.448590400411526,NA,"sintetico_postestratificado",FALSE,0.211580298346365,"24","018","Huehuetlán"
1886,0.352750806964983,0.238741289397191,0.472667862819231,NA,"sintetico_postestratificado",FALSE,0.233926573422039,"24","019","Lagunillas"
1887,0.303009413558951,0.207995369336695,0.412754562863038,4,"muestra_directa",TRUE,0.204759193526344,"24","020","Matehuala"
1888,0.32998542187696,0.229125422915657,0.450181776329475,NA,"sintetico_postestratificado",FALSE,0.221056353413818,"24","044","Vanegas"
1889,0.316757407194411,0.215145352842964,0.435331611549908,NA,"sintetico_postestratificado",FALSE,0.220186258706944,"24","045","Venado"
1890,0.340985092682827,0.244664880773884,0.442773016536499,11,"muestra_directa",FALSE,0.198108135762615,"24","049","Villa de Ramos"
1891,0.42439808719249,0.326662054037908,0.529185223396062,17,"muestra_directa",FALSE,0.202523169358154,"25","010","El Fuerte"
1892,0.350235749684255,0.252821468041449,0.458395127066876,13,"muestra_directa",FALSE,0.205573659025427,"25","008","Elota"
1893,0.343759833968055,0.243201063126656,0.452802050114426,NA,"sintetico_postestratificado",FALSE,0.209600986987769,"25","016","San Ignacio"
1894,0.353122432490883,0.267633482762691,0.449218865076043,20,"muestra_directa",FALSE,0.181585382313353,"25","018","Navolato"
1895,0.389583423518802,0.279386936941873,0.512086561249655,NA,"sintetico_postestratificado",FALSE,0.232699624307782,"25","003","Badiraguato"
1896,0.372871124322971,0.270294688612991,0.493663032018874,NA,"sintetico_postestratificado",FALSE,0.223368343405883,"25","014","Rosario"
1897,0.431077125721569,0.344981944521847,0.516547173873748,51,"muestra_directa",FALSE,0.171565229351901,"25","001","Ahome"
1898,0.360058241767532,0.267782320539137,0.463591034295385,13,"muestra_directa",FALSE,0.195808713756247,"25","002","Angostura"
1901,0.33217490612575,0.237207108809379,0.431318715920499,16,"muestra_directa",FALSE,0.19411160711112,"25","009","Escuinapa"
1902,0.371239513858563,0.27875942311508,0.478631815313608,12,"muestra_directa",FALSE,0.199872392198528,"25","004","Concordia"
1903,0.405685013711002,0.307341850173525,0.517100786052116,11,"muestra_directa",FALSE,0.209758935878591,"25","005","Cosalá"
1904,0.39504511897849,0.318740047581615,0.478914513601571,68,"muestra_directa",FALSE,0.160174466019956,"25","012","Mazatlán"
1905,0.381464318431237,0.275770497381504,0.491713297788982,4,"muestra_directa",TRUE,0.215942800407477,"25","007","Choix"
1906,0.366069215157888,0.255687832358782,0.48248807132617,NA,"sintetico_postestratificado",FALSE,0.226800238967388,"25","013","Mocorito"
1907,0.369839574576984,0.290242286379269,0.455815207424215,45,"muestra_directa",FALSE,0.165572921044946,"25","015","Salvador Alvarado"
1908,0.357914597504105,0.288772355296957,0.433724086257382,91,"muestra_directa",FALSE,0.144951730960424,"25","006","Culiacán"
1909,0.354865089885241,0.265316880127668,0.462524533138451,12,"muestra_directa",FALSE,0.197207653010783,"25","017","Sinaloa"
1910,0.348048985899516,0.282439511834647,0.418492079289547,74,"muestra_directa",FALSE,0.1360525674549,"25","011","Guasave"
1911,0.365935296814111,0.260251324300652,0.47475277888688,NA,"sintetico_postestratificado",FALSE,0.214501454586228,"26","066","Ures"
1912,0.320434036712083,0.221632098607787,0.430498716615249,NA,"sintetico_postestratificado",FALSE,0.208866618007462,"26","038","Moctezuma"
1913,0.360507311616627,0.261805676008592,0.472978877856486,9,"muestra_directa",TRUE,0.211173201847895,"26","033","Huatabampo"
1914,0.398720218927805,0.282621855671015,0.525295048878044,NA,"sintetico_postestratificado",FALSE,0.242673193207029,"26","056","San Miguel de Horcasitas"
1915,0.362123216411072,0.255783384578486,0.475021415516525,NA,"sintetico_postestratificado",FALSE,0.219238030938038,"26","031","Huachinera"
1916,0.358577973687227,0.248671714592997,0.473203405173771,NA,"sintetico_postestratificado",FALSE,0.224531690580774,"26","032","Huásabas"
1917,0.343971676580182,0.22791690270376,0.472315660030971,NA,"sintetico_postestratificado",FALSE,0.244398757327211,"26","070","General Plutarco Elías Calles"
1918,0.357280781133916,0.251257568613386,0.48047223678296,NA,"sintetico_postestratificado",FALSE,0.229214668169574,"26","064","Trincheras"
1919,0.349665829336922,0.241221408256143,0.468292787384568,NA,"sintetico_postestratificado",FALSE,0.227071379128425,"26","062","Suaqui Grande"
1920,0.370035711930777,0.260565913826917,0.490549417996862,NA,"sintetico_postestratificado",FALSE,0.229983504169945,"26","052","Sahuaripa"
1921,0.390718929944895,0.277327440266785,0.500421591290861,NA,"sintetico_postestratificado",FALSE,0.223094151024076,"26","051","Rosario"
1922,0.368391180162924,0.259406256396055,0.491788095435422,NA,"sintetico_postestratificado",FALSE,0.232381839039368,"26","037","Mazatán"
1923,0.390777680069712,0.27485039652404,0.504861547557612,NA,"sintetico_postestratificado",FALSE,0.230011151033571,"26","021","La Colorada"
1924,0.332744933654357,0.231233915606301,0.440733535928091,8,"muestra_directa",TRUE,0.20949962032179,"26","041","Nacozari de García"
1925,0.352762808005666,0.267977756438507,0.439848768821764,45,"muestra_directa",FALSE,0.171871012383257,"26","043","Nogales"
1926,0.384895594715083,0.275162985145266,0.509918121340029,NA,"sintetico_postestratificado",FALSE,0.234755136194762,"26","034","Huépac"
1927,0.377838233926861,0.267963721213594,0.494847071349051,NA,"sintetico_postestratificado",FALSE,0.226883350135457,"26","016","Benjamín Hill"
1928,0.364983127607636,0.259939721905532,0.479033328017949,10,"muestra_directa",FALSE,0.219093606112417,"26","014","Baviácora"
1929,0.375106783286575,0.260172060929006,0.502119089375582,NA,"sintetico_postestratificado",FALSE,0.241947028446576,"26","015","Bavispe"
1930,0.3334359583431,0.231938768270178,0.442152666071629,NA,"sintetico_postestratificado",FALSE,0.21021389780145,"26","069","Yécora"
1931,0.379324169844067,0.280734495847921,0.496675274373468,NA,"sintetico_postestratificado",FALSE,0.215940778525547,"26","009","Bacanora"
1932,0.343082147483507,0.249594646320754,0.443056274136347,23,"muestra_directa",FALSE,0.193461627815593,"26","029","Guaymas"
1933,0.311278636270975,0.229126855655332,0.396036862456582,28,"muestra_directa",FALSE,0.16691000680125,"26","002","Agua Prieta"
1934,0.341352740363226,0.242380194837968,0.455443662613672,NA,"sintetico_postestratificado",FALSE,0.213063467775704,"26","057","San Pedro de la Cueva"
1935,0.365039983556716,0.273822088564729,0.461817388802395,28,"muestra_directa",FALSE,0.187995300237666,"26","055","San Luis Río Colorado"
1936,0.445812828387613,0.329984660963865,0.565958776129463,NA,"sintetico_postestratificado",FALSE,0.235974115165598,"26","024","Divisaderos"
1937,0.357201176512797,0.252503607920321,0.475127320237792,NA,"sintetico_postestratificado",FALSE,0.222623712317471,"26","023","Cumpas"
1938,0.376692372583394,0.275501712442691,0.493688738483563,NA,"sintetico_postestratificado",FALSE,0.218187026040872,"26","001","Aconchi"
1939,0.382708726151924,0.275977694289749,0.493491555156567,NA,"sintetico_postestratificado",FALSE,0.217513860866818,"26","003","Álamos"
1940,0.29777516084376,0.240867568049531,0.36280674924212,118,"muestra_directa",FALSE,0.121939181192589,"26","030","Hermosillo"
1941,0.366384375027002,0.25856248655882,0.480176888736959,NA,"sintetico_postestratificado",FALSE,0.221614402178139,"26","022","Cucurpe"
1942,0.356316314534095,0.249143623455669,0.486873790484895,1,"muestra_directa",TRUE,0.237730167029226,"26","025","Empalme"
1943,0.341581381761616,0.2327082680286,0.455878722975499,NA,"sintetico_postestratificado",FALSE,0.223170454946899,"26","027","Fronteras"
1944,0.361296178947059,0.248607505488643,0.488970444125609,NA,"sintetico_postestratificado",FALSE,0.240362938636967,"26","005","Arivechi"
1945,0.366391983569669,0.255514856041023,0.482418648299036,NA,"sintetico_postestratificado",FALSE,0.226903792258013,"26","006","Arizpe"
1946,0.372042669250656,0.278884966740659,0.480604427211832,10,"muestra_directa",FALSE,0.201719460471173,"26","035","Imuris"
1947,0.373368680944747,0.270841869729472,0.494660590684783,NA,"sintetico_postestratificado",FALSE,0.223818720955312,"26","068","Villa Pesqueira"
1948,0.381330276317194,0.279076569923895,0.505453305947972,NA,"sintetico_postestratificado",FALSE,0.226376736024078,"26","046","Oquitoa"
1949,0.335243769580443,0.235487349716791,0.449624388580699,NA,"sintetico_postestratificado",FALSE,0.214137038863909,"26","026","Etchojoa"
1950,0.364971331892659,0.263010447029028,0.482815113073325,NA,"sintetico_postestratificado",FALSE,0.219804666044296,"26","049","Quiriego"
1951,0.366969219848728,0.257806448213875,0.484217195497912,NA,"sintetico_postestratificado",FALSE,0.226410747284036,"26","071","Benito Juárez"
1952,0.365908412661034,0.261272462300258,0.486489512659655,NA,"sintetico_postestratificado",FALSE,0.225217050359396,"26","004","Altar"
1953,0.348927756194083,0.236065452634105,0.4597172605494,NA,"sintetico_postestratificado",FALSE,0.223651807915295,"26","063","Tepache"
1954,0.393673903681013,0.278709325536198,0.505039117133012,NA,"sintetico_postestratificado",FALSE,0.226329791596814,"26","028","Granados"
1955,0.311097579107027,0.213320426710665,0.417431198550934,12,"muestra_directa",FALSE,0.204110771840269,"26","048","Puerto Peñasco"
1956,0.373821284486743,0.265843463134871,0.512280178532103,NA,"sintetico_postestratificado",FALSE,0.246436715397231,"26","017","Caborca"
1957,0.38129027143716,0.269229302331443,0.501221050817335,NA,"sintetico_postestratificado",FALSE,0.231991748485891,"26","012","Bácum"
1958,0.319034869313612,0.211360819477048,0.439084500487993,NA,"sintetico_postestratificado",FALSE,0.227723681010945,"26","044","Ónavas"
1959,0.362129725616592,0.255805281751105,0.487760675906736,NA,"sintetico_postestratificado",FALSE,0.231955394155631,"26","036","Magdalena"
1960,0.339398775444107,0.232650018817661,0.453768258485798,NA,"sintetico_postestratificado",FALSE,0.221118239668137,"26","013","Banámichi"
1961,0.358586080895479,0.249407936788445,0.483710104215225,NA,"sintetico_postestratificado",FALSE,0.23430216742678,"26","010","Bacerac"
1962,0.341897962053289,0.24199394929572,0.449695155482154,NA,"sintetico_postestratificado",FALSE,0.207701206186434,"26","050","Rayón"
1963,0.408637411632699,0.294945297041573,0.53201340958074,NA,"sintetico_postestratificado",FALSE,0.237068112539166,"26","072","San Ignacio Río Muerto"
1964,0.390338939488101,0.28120267337034,0.50404546090056,NA,"sintetico_postestratificado",FALSE,0.22284278753022,"26","061","Soyopa"
1965,0.328323617079713,0.218246351201561,0.446115835514543,NA,"sintetico_postestratificado",FALSE,0.227869484312982,"26","011","Bacoachi"
1966,0.381464550952383,0.289452486918828,0.481523511568164,28,"muestra_directa",FALSE,0.192071024649335,"26","018","Cajeme"
1967,0.370897250443776,0.279322550462658,0.463368105125318,32,"muestra_directa",FALSE,0.18404555466266,"26","047","Pitiquito"
1968,0.36824400598211,0.262405133956608,0.478765384888369,10,"muestra_directa",FALSE,0.216360250931761,"26","019","Cananea"
1969,0.357504137689188,0.251768319852878,0.475810762139736,NA,"sintetico_postestratificado",FALSE,0.224042442286858,"26","020","Carbó"
1970,0.346683297005838,0.247189659127156,0.469324488071533,NA,"sintetico_postestratificado",FALSE,0.222134828944378,"26","053","San Felipe de Jesús"
1971,0.322105993192877,0.228974151987763,0.427653238622278,14,"muestra_directa",FALSE,0.198679086634514,"26","042","Navojoa"
1972,0.36738223141999,0.257600634430476,0.485533895314189,NA,"sintetico_postestratificado",FALSE,0.227933260883713,"26","008","Bacadéhuachi"
1973,0.371526969288771,0.255122634117822,0.501653117932921,NA,"sintetico_postestratificado",FALSE,0.246530483815099,"26","060","Sáric"
1974,0.402918223283908,0.279499737019305,0.537939279431282,NA,"sintetico_postestratificado",FALSE,0.258439542411977,"26","039","Naco"
1975,0.373985698544595,0.262820865204861,0.496987028288328,NA,"sintetico_postestratificado",FALSE,0.234166163083467,"26","059","Santa Cruz"
1976,0.358878856964086,0.255310558120986,0.485320831719844,NA,"sintetico_postestratificado",FALSE,0.230010273598858,"26","040","Nácori Chico"
1977,0.306711664333988,0.211428090706899,0.419556384899002,NA,"sintetico_postestratificado",FALSE,0.208128294192104,"26","067","Villa Hidalgo"
1978,0.348281772462195,0.243265392248299,0.471613583765817,NA,"sintetico_postestratificado",FALSE,0.228348191517517,"26","065","Tubutama"
1979,0.393280995704949,0.280708324129244,0.522903340690598,NA,"sintetico_postestratificado",FALSE,0.242195016561354,"26","007","Atil"
1980,0.325844971599389,0.224565356552555,0.443542556688205,NA,"sintetico_postestratificado",FALSE,0.21897720013565,"26","045","Opodepe"
1981,0.389898949660437,0.280425117867335,0.506212879355981,NA,"sintetico_postestratificado",FALSE,0.225787761488647,"26","054","San Javier"
1982,0.339068694539177,0.240100271298722,0.456093251071813,NA,"sintetico_postestratificado",FALSE,0.215992979773091,"26","058","Santa Ana"
1983,0.33847667255288,0.254451710150458,0.426003940856837,36,"muestra_directa",FALSE,0.171552230706379,"27","006","Cunduacán"
1984,0.33506232157847,0.238586594669689,0.440266928644044,6,"muestra_directa",TRUE,0.201680333974355,"27","001","Balancán"
1985,0.289925276405677,0.200845981471079,0.387336428127956,10,"muestra_directa",FALSE,0.186490446656876,"27","016","Teapa"
1986,0.353786966172029,0.246540639905875,0.469699379669326,NA,"sintetico_postestratificado",FALSE,0.223158739763452,"27","015","Tacotalpa"
1987,0.35006723116961,0.244988918682134,0.463973867246634,NA,"sintetico_postestratificado",FALSE,0.2189849485645,"27","014","Paraíso"
1988,0.348328862122202,0.26007625147294,0.449564955707137,16,"muestra_directa",FALSE,0.189488704234197,"27","012","Macuspana"
1989,0.3976011048643,0.321012468844149,0.484292811496383,44,"muestra_directa",FALSE,0.163280342652235,"27","002","Cárdenas"
1990,0.314052366680477,0.211388212238631,0.42756317914766,NA,"sintetico_postestratificado",FALSE,0.216174966909029,"27","003","Centla"
1991,0.401357867504904,0.317825753827635,0.490472827348255,54,"muestra_directa",FALSE,0.17264707352062,"27","004","Centro"
1992,0.365019349784606,0.275813124363159,0.454001142678771,39,"muestra_directa",FALSE,0.178188018315613,"27","005","Comalcalco"
1993,0.361541689849415,0.267226859993831,0.468369744401695,23,"muestra_directa",FALSE,0.201142884407864,"27","007","Emiliano Zapata"
1994,0.403729143738121,0.315087543929924,0.495156515158422,33,"muestra_directa",FALSE,0.180068971228498,"27","008","Huimanguillo"
1995,0.36630705098792,0.265326005840457,0.475774341776573,7,"muestra_directa",TRUE,0.210448335936115,"27","009","Jalapa"
1996,0.326055363713309,0.233335781377177,0.428985551499423,12,"muestra_directa",FALSE,0.195649770122246,"27","010","Jalpa de Méndez"
1997,0.334329823560451,0.242483041539661,0.442252254159942,14,"muestra_directa",FALSE,0.199769212620281,"27","011","Jonuta"
1998,0.339209601547246,0.253541743861374,0.43297585239406,39,"muestra_directa",FALSE,0.179434108532686,"27","013","Nacajuca"
1999,0.349997585800806,0.242273647701044,0.468248797422673,1,"muestra_directa",TRUE,0.225975149721629,"27","017","Tenosique"
2000,0.317238417998105,0.248902619415044,0.387478887754035,82,"muestra_directa",FALSE,0.138576268338991,"28","003","Altamira"
2001,0.288911837508589,0.211488753560159,0.378921517642546,34,"muestra_directa",FALSE,0.167432764082387,"28","041","Victoria"
2002,0.358895342015117,0.251147558064126,0.466149901180723,NA,"sintetico_postestratificado",FALSE,0.215002343116597,"28","010","Cruillas"
2003,0.351672459002027,0.245498884370695,0.461249129187531,NA,"sintetico_postestratificado",FALSE,0.215750244816837,"28","024","Mier"
2004,0.350623058627497,0.245354774678092,0.466491402056112,NA,"sintetico_postestratificado",FALSE,0.22113662737802,"28","015","Gustavo Díaz Ordaz"
2005,0.333830476840517,0.222518679941501,0.456104746628964,NA,"sintetico_postestratificado",FALSE,0.233586066687464,"28","025","Miguel Alemán"
2006,0.354837873643725,0.244190270244891,0.47805895586695,NA,"sintetico_postestratificado",FALSE,0.233868685622059,"28","040","Valle Hermoso"
2007,0.329977953647976,0.230254101099702,0.4424289928316,NA,"sintetico_postestratificado",FALSE,0.212174891731898,"28","023","Méndez"
2008,0.383919388480316,0.274222282885107,0.50229704230321,NA,"sintetico_postestratificado",FALSE,0.228074759418103,"28","031","Palmillas"
2009,0.321971250205265,0.226343292498082,0.433369972420077,NA,"sintetico_postestratificado",FALSE,0.207026679921995,"28","039","Tula"
2010,0.359530222379727,0.275699941262669,0.45640575523753,30,"muestra_directa",FALSE,0.180705813974861,"28","038","Tampico"
2011,0.325437237943581,0.220218475403729,0.434428704147541,NA,"sintetico_postestratificado",FALSE,0.214210228743812,"28","037","Soto la Marina"
2012,0.3804004785413,0.276311625013136,0.499362740006403,7,"muestra_directa",TRUE,0.223051114993266,"28","007","Camargo"
2013,0.316331735488767,0.222867395316899,0.42623599658167,NA,"sintetico_postestratificado",FALSE,0.203368601264771,"28","005","Burgos"
2014,0.315357158055222,0.229782583031355,0.414009874126298,24,"muestra_directa",FALSE,0.184227291094943,"28","032","Reynosa"
2015,0.291152211909919,0.203651381004965,0.392187450826251,10,"muestra_directa",FALSE,0.188536069821287,"28","033","Río Bravo"
2016,0.353002923463863,0.26107671090826,0.463418178523042,7,"muestra_directa",TRUE,0.202341467614782,"28","029","Ocampo"
2017,0.346798461786128,0.240548412878688,0.471941722650245,NA,"sintetico_postestratificado",FALSE,0.231393309771557,"28","030","Padilla"
2018,0.406812672416335,0.293644789297576,0.516859398619208,NA,"sintetico_postestratificado",FALSE,0.223214609321632,"28","034","San Carlos"
2019,0.375965471918756,0.267978694023603,0.481868760812548,NA,"sintetico_postestratificado",FALSE,0.213890066788944,"28","035","San Fernando"
2020,0.407225906464452,0.312046540947523,0.510596892163995,37,"muestra_directa",FALSE,0.198550351216473,"28","022","Matamoros"
2021,0.385403949268903,0.281451997638282,0.505253114976327,NA,"sintetico_postestratificado",FALSE,0.223801117338046,"28","036","San Nicolás"
2022,0.357201530438582,0.253726653238343,0.470650485442326,NA,"sintetico_postestratificado",FALSE,0.216923832203982,"28","028","Nuevo Morelos"
2023,0.34338064991982,0.237218415279719,0.450479852866727,2,"muestra_directa",TRUE,0.213261437587008,"28","021","El Mante"
2024,0.373725768911886,0.261245293209476,0.484824216385348,NA,"sintetico_postestratificado",FALSE,0.223578923175872,"28","011","Gómez Farías"
2025,0.332325209462762,0.23502721773896,0.442762464393354,NA,"sintetico_postestratificado",FALSE,0.207735246654394,"28","012","González"
2026,0.33365213021126,0.241636537864251,0.432017365067976,21,"muestra_directa",FALSE,0.190380827203725,"28","027","Nuevo Laredo"
2027,0.343651628384593,0.246309618670277,0.45837170822455,NA,"sintetico_postestratificado",FALSE,0.212062089554273,"28","013","Güémez"
2028,0.36098546741549,0.259990771841522,0.483295425540748,NA,"sintetico_postestratificado",FALSE,0.223304653699226,"28","004","Antiguo Morelos"
2029,0.373459597356677,0.267248917891231,0.49357826734543,NA,"sintetico_postestratificado",FALSE,0.2263293494542,"28","006","Bustamante"
2030,0.330834278661086,0.235859452271506,0.43926377326942,3,"muestra_directa",TRUE,0.203404320997914,"28","016","Hidalgo"
2031,0.35655666813227,0.257539215288499,0.465787127519251,NA,"sintetico_postestratificado",FALSE,0.208247912230752,"28","019","Llera"
2032,0.308020106746031,0.227144405336002,0.402057053340708,18,"muestra_directa",FALSE,0.174912648004706,"28","017","Jaumave"
2033,0.365111680219713,0.25087868994663,0.486334409059975,NA,"sintetico_postestratificado",FALSE,0.235455719113346,"28","020","Mainero"
2034,0.291387350671135,0.193742019571034,0.40470085230686,NA,"sintetico_postestratificado",FALSE,0.210958832735826,"28","008","Casas"
2035,0.352586842072484,0.255291859616802,0.459497730342373,NA,"sintetico_postestratificado",FALSE,0.204205870725571,"28","043","Xicoténcatl"
2036,0.328014765087262,0.222534049947367,0.439368325455223,NA,"sintetico_postestratificado",FALSE,0.216834275507856,"28","042","Villagrán"
2037,0.33921367075534,0.240137375813095,0.460817796055815,NA,"sintetico_postestratificado",FALSE,0.22068042024272,"28","014","Guerrero"
2038,0.333427630682935,0.241824882739996,0.440208275612528,16,"muestra_directa",FALSE,0.198383392872531,"28","009","Ciudad Madero"
2039,0.330754556806903,0.22882515483531,0.451534229210101,NA,"sintetico_postestratificado",FALSE,0.222709074374791,"28","026","Miquihuana"
2040,0.361422484814966,0.260540161587245,0.477330381185781,NA,"sintetico_postestratificado",FALSE,0.216790219598536,"28","001","Abasolo"
2041,0.359110075394002,0.247965320000691,0.466102833833916,NA,"sintetico_postestratificado",FALSE,0.218137513833226,"28","002","Aldama"
2042,0.389787620264615,0.300120294245443,0.485793932134151,15,"muestra_directa",FALSE,0.185673637888708,"28","018","Jiménez"
2043,0.369428815859068,0.266574821213484,0.481143871596944,6,"muestra_directa",TRUE,0.21456905038346,"29","019","Tepetitla de Lardizábal"
2044,0.34402115314971,0.238152515424463,0.463752457237276,NA,"sintetico_postestratificado",FALSE,0.225599941812813,"29","045","Benito Juárez"
2045,0.347000789026248,0.242310845176781,0.462845156747809,NA,"sintetico_postestratificado",FALSE,0.220534311571028,"29","047","Lázaro Cárdenas"
2046,0.319228425113832,0.239742082121826,0.417209754497708,21,"muestra_directa",FALSE,0.177467672375882,"29","033","Tlaxcala"
2047,0.318310833415179,0.223316102347103,0.432775025314729,NA,"sintetico_postestratificado",FALSE,0.209458922967626,"29","059","Santa Cruz Quilehtla"
2048,0.323282442002503,0.226382292541446,0.427863064785558,8,"muestra_directa",TRUE,0.201480772244112,"29","004","Atltzayanca"
2049,0.296898427951051,0.208392117802705,0.397658133589311,NA,"sintetico_postestratificado",FALSE,0.189266015786606,"29","054","San Lorenzo Axocomanitla"
2050,0.284751056253206,0.193513291242077,0.39434976602394,NA,"sintetico_postestratificado",FALSE,0.200836474781863,"29","042","Xicohtzinco"
2051,0.285142598424732,0.201822977505003,0.382445466067964,8,"muestra_directa",TRUE,0.180622488562961,"29","044","Zacatelco"
2052,0.323144084249086,0.223252837617291,0.44242224717725,NA,"sintetico_postestratificado",FALSE,0.219169409559959,"29","053","San Juan Huactzinco"
2053,0.321543223050096,0.223070434056005,0.4276059451849,NA,"sintetico_postestratificado",FALSE,0.204535511128894,"29","008","Cuapiaxtla"
2054,0.316404744467348,0.226481976324193,0.433575120497807,NA,"sintetico_postestratificado",FALSE,0.207093144173614,"29","029","Tepeyanco"
2055,0.338265168770316,0.228201057767709,0.446868289910746,NA,"sintetico_postestratificado",FALSE,0.218667232143036,"29","046","Emiliano Zapata"
2056,0.315074130241122,0.232017623328768,0.412421141820551,14,"muestra_directa",FALSE,0.180403518491783,"29","025","San Pablo del Monte"
2057,0.351134666176872,0.260225906839268,0.457430986347014,13,"muestra_directa",FALSE,0.197205079507747,"29","058","Santa Catarina Ayometla"
2058,0.331060953636481,0.241248506018645,0.431667845948433,16,"muestra_directa",FALSE,0.190419339929788,"29","014","Hueyotlipan"
2059,0.370292399495165,0.270969401223831,0.478093022994558,6,"muestra_directa",TRUE,0.207123621770727,"29","028","Teolocholco"
2060,0.269688285499572,0.182157090009017,0.368334501190522,NA,"sintetico_postestratificado",FALSE,0.186177411181505,"29","040","Xaltocan"
2061,0.28769712656028,0.193661401663135,0.397351369194059,NA,"sintetico_postestratificado",FALSE,0.203689967530924,"29","060","Santa Isabel Xiloxoxtla"
2062,0.319303514728353,0.232536691320242,0.419285691186801,12,"muestra_directa",FALSE,0.186748999866559,"29","015","Ixtacuixtla de Mariano Matamoros"
2063,0.294199692214085,0.197680297516401,0.400702002282571,NA,"sintetico_postestratificado",FALSE,0.20302170476617,"29","057","Santa Apolonia Teacalco"
2064,0.321531258841592,0.216115055364485,0.442545255395025,NA,"sintetico_postestratificado",FALSE,0.226430200030541,"29","056","Santa Ana Nopalucan"
2065,0.325162147538545,0.22669432967161,0.425087901881336,NA,"sintetico_postestratificado",FALSE,0.198393572209726,"29","051","San Jerónimo Zacualpan"
2066,0.334214832852494,0.235143847258953,0.442602006545282,5,"muestra_directa",TRUE,0.207458159286329,"29","041","Papalotla de Xicohténcatl"
2067,0.357398114856789,0.263515746140701,0.467279348667659,6,"muestra_directa",TRUE,0.203763602526959,"29","038","Tzompantepec"
2068,0.337658201445957,0.247174644588876,0.434266751394961,10,"muestra_directa",FALSE,0.187092106806085,"29","023","Natívitas"
2069,0.335413010843001,0.243097847211481,0.447273277791403,NA,"sintetico_postestratificado",FALSE,0.204175430579922,"29","020","Sanctórum de Lázaro Cárdenas"
2070,0.302056050027047,0.203285556810642,0.417892810831871,NA,"sintetico_postestratificado",FALSE,0.21460725402123,"29","017","Mazatecochco de José María Morelos"
2071,0.339072732448261,0.233871232395605,0.462690142922679,NA,"sintetico_postestratificado",FALSE,0.228818910527074,"29","022","Acuamanala de Miguel Hidalgo"
2072,0.3377168310996,0.236573283996719,0.441781802767816,5,"muestra_directa",TRUE,0.205208518771097,"29","001","Amaxac de Guerrero"
2073,0.298437176223575,0.209000869945696,0.404606547382473,5,"muestra_directa",TRUE,0.195605677436777,"29","006","Calpulalpan"
2074,0.323753540207978,0.223289776681048,0.433445344096769,NA,"sintetico_postestratificado",FALSE,0.210155567415721,"29","016","Ixtenco"
2075,0.339654990344616,0.245446929458179,0.457398289281107,NA,"sintetico_postestratificado",FALSE,0.211951359822928,"29","049","San Damián Texóloc"
2076,0.331349641795814,0.245276541035332,0.424395508224311,20,"muestra_directa",FALSE,0.179118967188979,"29","043","Yauhquemehcan"
2077,0.298889904575745,0.219026114761552,0.385890738018763,36,"muestra_directa",FALSE,0.166864623257211,"29","013","Huamantla"
2078,0.307818937853045,0.214354322750751,0.405775506082194,10,"muestra_directa",FALSE,0.191421183331443,"29","002","Apetatitlán de Antonio Carvajal"
2079,0.352496091904118,0.251221016517118,0.464765267006556,3,"muestra_directa",TRUE,0.213544250489438,"29","005","Apizaco"
2080,0.290442634028902,0.210569602940079,0.384457876380621,18,"muestra_directa",FALSE,0.173888273440542,"29","018","Contla de Juan Cuamatzi"
2081,0.331211362968588,0.232177206701009,0.437753594886711,4,"muestra_directa",TRUE,0.205576388185702,"29","003","Atlangatepec"
2082,0.344749177852507,0.241768953349605,0.461334259410993,NA,"sintetico_postestratificado",FALSE,0.219565306061388,"29","011","Muñoz de Domingo Arenas"
2083,0.344135970295758,0.235301795889132,0.452267155974417,NA,"sintetico_postestratificado",FALSE,0.216965360085286,"29","009","Cuaxomulco"
2084,0.308707867803439,0.216148507532401,0.422790626529568,3,"muestra_directa",TRUE,0.206642118997167,"29","010","Chiautempan"
2085,0.302755424918457,0.219055426176295,0.392730177716514,19,"muestra_directa",FALSE,0.173674751540219,"29","007","El Carmen Tequexquitla"
2086,0.330965964319634,0.229491861372331,0.445550873742431,NA,"sintetico_postestratificado",FALSE,0.2160590123701,"29","021","Nanacamilpa de Mariano Arista"
2087,0.360765911954386,0.254481345648408,0.471267456200946,NA,"sintetico_postestratificado",FALSE,0.216786110552539,"29","012","Españita"
2088,0.398259529866701,0.302618936173339,0.500391330783501,16,"muestra_directa",FALSE,0.197772394610161,"29","031","Tetla de la Solidaridad"
2089,0.349643434390148,0.253096930789851,0.454195521476461,8,"muestra_directa",TRUE,0.201098590686611,"29","032","Tetlatlahuca"
2090,0.287953673483299,0.202885476070251,0.39421773031827,NA,"sintetico_postestratificado",FALSE,0.191332254248019,"29","034","Tlaxco"
2091,0.31758537191812,0.21975335598579,0.426717838576477,1,"muestra_directa",TRUE,0.206964482590688,"29","035","Tocatlán"
2092,0.308694848048148,0.214190201444783,0.419567328507628,NA,"sintetico_postestratificado",FALSE,0.205377127062845,"29","030","Terrenate"
2093,0.322019026169886,0.222018129937682,0.441263541922289,NA,"sintetico_postestratificado",FALSE,0.219245411984606,"29","026","Santa Cruz Tlaxcala"
2094,0.29630757917467,0.207763051403853,0.405524040331385,NA,"sintetico_postestratificado",FALSE,0.197760988927532,"29","050","San Francisco Tetlanohcan"
2095,0.317854154082346,0.224619144397593,0.432291681564322,NA,"sintetico_postestratificado",FALSE,0.207672537166729,"29","052","San José Teacalco"
2096,0.313705756752133,0.218413388296562,0.427351684149614,3,"muestra_directa",TRUE,0.208938295853051,"29","027","Tenancingo"
2097,0.342993089930566,0.244912964669071,0.45216478671599,NA,"sintetico_postestratificado",FALSE,0.207251822046919,"29","055","San Lucas Tecopilco"
2098,0.305949135563092,0.211102596628296,0.408906122267297,NA,"sintetico_postestratificado",FALSE,0.197803525639001,"29","024","Panotla"
2099,0.323803678172993,0.223308629003632,0.432977444435916,NA,"sintetico_postestratificado",FALSE,0.209668815432285,"29","037","Ziltlaltépec de Trinidad Sánchez Santos"
2101,0.293413038423375,0.203363331161676,0.399099388612714,3,"muestra_directa",TRUE,0.195736057451038,"29","039","Xaloztoc"
2102,0.323592264273706,0.22767235332449,0.434777468747767,NA,"sintetico_postestratificado",FALSE,0.207105115423277,"29","036","Totolac"
2103,0.292492805104821,0.196774600662676,0.395937993848153,NA,"sintetico_postestratificado",FALSE,0.199163393185477,"30","162","Tenampa"
2104,0.27434660211219,0.181542976746848,0.368851344326112,NA,"sintetico_postestratificado",FALSE,0.187308367579265,"30","169","José Azueta"
2105,0.304724547921107,0.208789309143555,0.4191693796342,NA,"sintetico_postestratificado",FALSE,0.210380070490645,"30","185","Tlilapan"
2106,0.327467930583002,0.23177483071113,0.433750700153476,NA,"sintetico_postestratificado",FALSE,0.201975869442346,"30","187","Tonayán"
2107,0.334604655130317,0.230516312973276,0.44770501087743,NA,"sintetico_postestratificado",FALSE,0.217188697904155,"30","188","Totutla"
2108,0.299245201628244,0.198447237029077,0.403379926706507,NA,"sintetico_postestratificado",FALSE,0.204932689677431,"30","189","Tuxpan"
2109,0.31813721109174,0.211905740757638,0.431310832525472,NA,"sintetico_postestratificado",FALSE,0.219405091767834,"30","190","Tuxtilla"
2110,0.313255919179116,0.212332105120228,0.420389650549596,NA,"sintetico_postestratificado",FALSE,0.208057545429368,"30","078","Ixcatepec"
2111,0.315742745974783,0.214726184409663,0.42061596925003,NA,"sintetico_postestratificado",FALSE,0.205889784840367,"30","191","Ursulo Galván"
2112,0.310635356474353,0.224130276554432,0.416594641730974,7,"muestra_directa",TRUE,0.192464365176543,"30","079","Ixhuacán de los Reyes"
2113,0.37217606424219,0.268696484267873,0.485415609981415,12,"muestra_directa",FALSE,0.216719125713543,"30","192","Vega de Alatorre"
2114,0.355092550868004,0.242247817281293,0.472310533586775,NA,"sintetico_postestratificado",FALSE,0.230062716305481,"30","194","Villa Aldama"
2115,0.36450519387992,0.263585573695376,0.469811731093337,NA,"sintetico_postestratificado",FALSE,0.206226157397961,"30","031","Carrillo Puerto"
2116,0.338224304360408,0.235973134611222,0.451868492032191,NA,"sintetico_postestratificado",FALSE,0.215895357420969,"30","195","Xoxocotla"
2117,0.312220937194607,0.213872763307184,0.426161376282662,NA,"sintetico_postestratificado",FALSE,0.212288612975478,"30","199","Zaragoza"
2118,0.372974316561324,0.27175023222369,0.494169788453197,5,"muestra_directa",TRUE,0.222419556229506,"30","206","Nanchital de Lázaro Cárdenas del Río"
2119,0.320563915584357,0.218807105379146,0.439866385141388,NA,"sintetico_postestratificado",FALSE,0.221059279762242,"30","210","Uxpanapa"
2120,0.252614747927522,0.15944413898014,0.352829389309708,NA,"sintetico_postestratificado",FALSE,0.193385250329568,"30","211","San Rafael"
2121,0.321055885055295,0.211470648231531,0.437093049347299,NA,"sintetico_postestratificado",FALSE,0.225622401115768,"30","212","Santiago Sochiapan"
2122,0.276582722748542,0.183139442377471,0.387199854102006,NA,"sintetico_postestratificado",FALSE,0.204060411724535,"30","103","Mecatlán"
2123,0.293072696117774,0.20533237569762,0.395174237878816,15,"muestra_directa",FALSE,0.189841862181196,"30","141","San Andrés Tuxtla"
2124,0.269552173467314,0.180907164737133,0.374123986677666,NA,"sintetico_postestratificado",FALSE,0.193216821940533,"30","140","San Andrés Tenejapan"
2125,0.277189712265465,0.186771663746612,0.383261949050968,NA,"sintetico_postestratificado",FALSE,0.196490285304357,"30","138","Río Blanco"
2126,0.290772185210641,0.190687308126146,0.403652416799298,NA,"sintetico_postestratificado",FALSE,0.212965108673152,"30","136","Rafael Lucio"
2127,0.296746395063364,0.205724077826675,0.404697955209216,7,"muestra_directa",TRUE,0.19897387738254,"30","131","Poza Rica de Hidalgo"
2128,0.366084363531917,0.261651498137935,0.488024365872796,NA,"sintetico_postestratificado",FALSE,0.226372867734861,"30","116","Oluta"
2129,0.301921965467032,0.211213387787611,0.409618707739853,NA,"sintetico_postestratificado",FALSE,0.198405319952241,"30","109","Misantla"
2130,0.318723117602443,0.218579474507946,0.432701096847475,NA,"sintetico_postestratificado",FALSE,0.214121622339529,"30","107","Las Minas"
2131,0.2906449545595,0.193949965550709,0.39923009690298,NA,"sintetico_postestratificado",FALSE,0.205280131352271,"30","203","Zozocolco de Hidalgo"
2132,0.302758813086267,0.20607559755547,0.421145635726139,NA,"sintetico_postestratificado",FALSE,0.215070038170669,"30","205","El Higo"
2133,0.301513993155331,0.213094705526577,0.408468305696914,NA,"sintetico_postestratificado",FALSE,0.195373600170337,"30","071","Huatusco"
2134,0.310102677002828,0.21738681347438,0.41474631273826,5,"muestra_directa",TRUE,0.19735949926388,"30","069","Gutiérrez Zamora"
2135,0.267271707265083,0.175532230123897,0.376162035230302,NA,"sintetico_postestratificado",FALSE,0.200629805106405,"30","098","Magdalena"
2136,0.301027392052745,0.210212374489929,0.400375742289071,NA,"sintetico_postestratificado",FALSE,0.190163367799143,"30","075","Ignacio de la Llave"
2137,0.288075817666264,0.193197733636477,0.39621502530277,NA,"sintetico_postestratificado",FALSE,0.203017291666293,"30","074","Huiloapan de Cuauhtémoc"
2138,0.321097849420964,0.220640544840964,0.440251107812718,NA,"sintetico_postestratificado",FALSE,0.219610562971754,"30","073","Hueyapan de Ocampo"
2139,0.36030492788264,0.254793971263374,0.477143722536162,NA,"sintetico_postestratificado",FALSE,0.222349751272787,"30","072","Huayacocotla"
2140,0.357073371834724,0.253000717583153,0.472036838136954,NA,"sintetico_postestratificado",FALSE,0.219036120553801,"30","149","Soteapan"
2141,0.331591977931214,0.23367872979879,0.441550587545534,NA,"sintetico_postestratificado",FALSE,0.207871857746744,"30","150","Tamalín"
2142,0.313882151092803,0.215718759623385,0.423156194063782,NA,"sintetico_postestratificado",FALSE,0.207437434440396,"30","148","Soledad de Doblado"
2143,0.273824295811352,0.188495513459312,0.382201345624933,NA,"sintetico_postestratificado",FALSE,0.193705832165621,"30","147","Soledad Atzompa"
2144,0.346285775447862,0.240896328309104,0.464165555629807,NA,"sintetico_postestratificado",FALSE,0.223269227320703,"30","146","Sochiapa"
2145,0.334687517735825,0.23219706533039,0.446892900455026,NA,"sintetico_postestratificado",FALSE,0.214695835124636,"30","145","Soconusco"
2146,0.330991143412602,0.228464645120398,0.44806419934683,NA,"sintetico_postestratificado",FALSE,0.219599554226432,"30","004","Actopan"
2147,0.291311855123834,0.199383383043537,0.394438870027559,NA,"sintetico_postestratificado",FALSE,0.195055486984022,"30","070","Hidalgotitlán"
2148,0.296752888950532,0.201420909010084,0.408098652958886,NA,"sintetico_postestratificado",FALSE,0.206677743948802,"30","068","Fortín"
2149,0.348144671222415,0.249686372584912,0.462100476171609,NA,"sintetico_postestratificado",FALSE,0.212414103586697,"30","067","Filomeno Mata"
2150,0.307112525064619,0.21292841297364,0.412041761652041,NA,"sintetico_postestratificado",FALSE,0.199113348678401,"30","066","Espinal"
2151,0.296750321256451,0.199986142516424,0.397596783972596,NA,"sintetico_postestratificado",FALSE,0.197610641456173,"30","065","Emiliano Zapata"
2152,0.314170370460198,0.215061044534003,0.428367444202594,NA,"sintetico_postestratificado",FALSE,0.21330639966859,"30","064","Chumatlán"
2153,0.314763506752472,0.214463924511338,0.418681939141667,NA,"sintetico_postestratificado",FALSE,0.204218014630328,"30","173","Tezonapa"
2154,0.346022673777662,0.24286918526461,0.46607673440498,NA,"sintetico_postestratificado",FALSE,0.22320754914037,"30","209","Tatahuicapan de Juárez"
2155,0.303978262865469,0.223217371707276,0.393831692447192,28,"muestra_directa",FALSE,0.170614320739916,"30","032","Catemaco"
2156,0.307041102445119,0.208102007426175,0.414123051647624,NA,"sintetico_postestratificado",FALSE,0.206021044221449,"30","040","Coatzintla"
2157,0.282521102209272,0.190773515868195,0.386006362508344,5,"muestra_directa",TRUE,0.195232846640149,"30","039","Coatzacoalcos"
2158,0.313431274888851,0.213767529949363,0.430068372919467,NA,"sintetico_postestratificado",FALSE,0.216300842970104,"30","038","Coatepec"
2159,0.315061841375768,0.219779607154299,0.412317297873128,NA,"sintetico_postestratificado",FALSE,0.192537690718829,"30","037","Coahuitlán"
2160,0.314567952527692,0.217191268609057,0.41666515942399,NA,"sintetico_postestratificado",FALSE,0.199473890814933,"30","036","Coacoatzintla"
2161,0.29310322263046,0.192891280863396,0.408608957505995,NA,"sintetico_postestratificado",FALSE,0.215717676642599,"30","035","Citlaltépetl"
2162,0.32256010752598,0.221097615256637,0.425951151491987,NA,"sintetico_postestratificado",FALSE,0.20485353623535,"30","034","Cerro Azul"
2163,0.290094098885191,0.197224947992946,0.388328521989948,11,"muestra_directa",FALSE,0.191103573997002,"30","033","Cazones de Herrera"
2164,0.372706334746601,0.26184249593646,0.490333661955881,NA,"sintetico_postestratificado",FALSE,0.228491166019421,"30","030","Camerino Z. Mendoza"
2165,0.303348615275522,0.204150656694429,0.413943940014638,NA,"sintetico_postestratificado",FALSE,0.209793283320209,"30","029","Calcahualco"
2166,0.327185535591953,0.22873281866461,0.438097240569842,5,"muestra_directa",TRUE,0.209364421905232,"30","028","Boca del Río"
2167,0.34108547712772,0.235168371933506,0.456118118859801,NA,"sintetico_postestratificado",FALSE,0.220949746926294,"30","027","Benito Juárez"
2168,0.32973571597373,0.230671162160525,0.437668960838409,4,"muestra_directa",TRUE,0.206997798677884,"30","026","Banderilla"
2169,0.33079247997659,0.234223850918301,0.444272324321837,8,"muestra_directa",TRUE,0.210048473403536,"30","025","Ayahualulco"
2170,0.295516422549537,0.199734315758246,0.400329300350633,NA,"sintetico_postestratificado",FALSE,0.200594984592388,"30","024","Tlaltetela"
2171,0.303349439505856,0.201907415383564,0.414263708726392,NA,"sintetico_postestratificado",FALSE,0.212356293342828,"30","023","Atzalan"
2172,0.27528584471024,0.187288646319252,0.37168821767701,NA,"sintetico_postestratificado",FALSE,0.184399571357758,"30","022","Atzacan"
2173,0.30000394003846,0.206177967537323,0.400272145095981,NA,"sintetico_postestratificado",FALSE,0.194094177558658,"30","168","Tequila"
2174,0.354447699957651,0.249550534463376,0.466257808074998,NA,"sintetico_postestratificado",FALSE,0.216707273611621,"30","166","Tepetlán"
2175,0.302290934059965,0.202255625543608,0.418640919946535,NA,"sintetico_postestratificado",FALSE,0.216385294402927,"30","165","Tepatlaxco"
2176,0.285566988746784,0.193239490684514,0.395078481859708,NA,"sintetico_postestratificado",FALSE,0.201838991175194,"30","164","Teocelo"
2177,0.283335067009302,0.194809249540793,0.385593833399684,NA,"sintetico_postestratificado",FALSE,0.19078458385889,"30","126","Paso de Ovejas"
2178,0.30004120295071,0.204288655536375,0.411269531137998,NA,"sintetico_postestratificado",FALSE,0.206980875601623,"30","050","Coxquihui"
2179,0.285158263596343,0.186678681967348,0.39540813402325,NA,"sintetico_postestratificado",FALSE,0.208729452055902,"30","046","Cosautlán de Carvajal"
2180,0.299290977841984,0.207631123296479,0.412134293913654,NA,"sintetico_postestratificado",FALSE,0.204503170617175,"30","021","Atoyac"
2181,0.319695905656476,0.220283651954609,0.429396590018395,NA,"sintetico_postestratificado",FALSE,0.209112938063786,"30","128","Perote"
2182,0.315927330943009,0.22529147952969,0.418723369465348,NA,"sintetico_postestratificado",FALSE,0.193431889935657,"30","020","Atlahuilco"
2183,0.300919151650768,0.203018203967687,0.411075481871628,NA,"sintetico_postestratificado",FALSE,0.208057277903941,"30","101","Mariano Escobedo"
2184,0.235153736918362,0.147433855386769,0.329876578789317,NA,"sintetico_postestratificado",FALSE,0.182442723402548,"30","018","Aquila"
2185,0.325447542115613,0.226881083541282,0.434822179547284,NA,"sintetico_postestratificado",FALSE,0.207941096006001,"30","009","Alto Lucero de Gutiérrez Barrios"
2186,0.33632278492004,0.23775759786065,0.446325254223378,NA,"sintetico_postestratificado",FALSE,0.208567656362727,"30","112","Naolinco"
2187,0.319545462996892,0.215610244874322,0.426031515060313,8,"muestra_directa",TRUE,0.21042127018599,"30","008","Alpatláhuac"
2188,0.331688247554115,0.234773963214986,0.435962871072516,NA,"sintetico_postestratificado",FALSE,0.20118890785753,"30","007","Camarón de Tejeda"
2189,0.322753866461664,0.222548721970429,0.440264682071906,NA,"sintetico_postestratificado",FALSE,0.217715960101477,"30","006","Acultzingo"
2190,0.306989162825274,0.211961708332886,0.411814591730303,NA,"sintetico_postestratificado",FALSE,0.199852883397417,"30","111","Moloacán"
2191,0.321058911457034,0.226249569174251,0.431069151619207,NA,"sintetico_postestratificado",FALSE,0.204819582444956,"30","110","Mixtla de Altamirano"
2192,0.327589732062737,0.228479830043679,0.449698498088429,NA,"sintetico_postestratificado",FALSE,0.22121866804475,"30","005","Acula"
2193,0.331014734049793,0.232754094712575,0.434519867856625,NA,"sintetico_postestratificado",FALSE,0.201765773144051,"30","051","Coyutla"
2194,0.323835115569783,0.229202179558554,0.435512910792943,NA,"sintetico_postestratificado",FALSE,0.206310731234389,"30","045","Cosamaloapan de Carpio"
2195,0.325542908698805,0.226272995332258,0.440382823037046,NA,"sintetico_postestratificado",FALSE,0.214109827704788,"30","013","Naranjos Amatlán"
2196,0.312609030981808,0.211865220780276,0.419915997665086,NA,"sintetico_postestratificado",FALSE,0.20805077688481,"30","014","Amatlán de los Reyes"
2197,0.313442254749843,0.217420491738872,0.425962161574272,NA,"sintetico_postestratificado",FALSE,0.2085416698354,"30","002","Acatlán"
2198,0.275911264315788,0.187745011048315,0.380266960931451,NA,"sintetico_postestratificado",FALSE,0.192521949883136,"30","001","Acajete"
2199,0.298224648685834,0.202019635645616,0.407799785448472,NA,"sintetico_postestratificado",FALSE,0.205780149802856,"30","003","Acayucan"
2200,0.349630369561622,0.238175034490353,0.46750997288008,NA,"sintetico_postestratificado",FALSE,0.229334938389728,"30","120","Oteapan"
2201,0.35711963903697,0.257245340886557,0.474221969368025,NA,"sintetico_postestratificado",FALSE,0.216976628481468,"30","127","La Perla"
2202,0.320389295038142,0.227944395115717,0.421196138913109,3,"muestra_directa",TRUE,0.193251743797393,"30","048","Cosoleacaque"
2203,0.332767311040674,0.227310797515793,0.439671068143539,NA,"sintetico_postestratificado",FALSE,0.212360270627746,"30","059","Chinameca"
2204,0.28573098578914,0.19907074337682,0.39860263558675,NA,"sintetico_postestratificado",FALSE,0.199531892209929,"30","100","Manlio Fabio Altamirano"
2205,0.239307186381885,0.15575117018682,0.325641556791694,14,"muestra_directa",FALSE,0.169890386604874,"30","087","Xalapa"
2206,0.290284470229707,0.193970275318396,0.409436443858731,NA,"sintetico_postestratificado",FALSE,0.215466168540335,"30","097","Lerdo de Tejada"
2207,0.303125972262864,0.21018279915079,0.403505023685931,NA,"sintetico_postestratificado",FALSE,0.193322224535141,"30","010","Altotonga"
2208,0.30135349234824,0.205256953483854,0.404876007374852,NA,"sintetico_postestratificado",FALSE,0.199619053890997,"30","108","Minatitlán"
2209,0.326865738994113,0.22890180463182,0.439052885222479,NA,"sintetico_postestratificado",FALSE,0.210151080590659,"30","011","Alvarado"
2210,0.36335485062088,0.26792336243333,0.482529615683088,NA,"sintetico_postestratificado",FALSE,0.214606253249758,"30","012","Amatitlán"
2211,0.336551363590331,0.236112551779803,0.447834455854167,NA,"sintetico_postestratificado",FALSE,0.211721904074364,"30","015","Angel R. Cabada"
2212,0.292667076505049,0.19647270693652,0.399237422185706,NA,"sintetico_postestratificado",FALSE,0.202764715249186,"30","016","La Antigua"
2213,0.304581336567035,0.20328421522577,0.426484636758198,NA,"sintetico_postestratificado",FALSE,0.223200421532428,"30","017","Apazapan"
2214,0.3214239858783,0.230134615263501,0.422854781233286,13,"muestra_directa",FALSE,0.192720165969785,"30","117","Omealca"
2215,0.295518015383051,0.204232956998121,0.400563718211486,NA,"sintetico_postestratificado",FALSE,0.196330761213365,"30","113","Naranjal"
2216,0.355109354295224,0.251154158892039,0.461733463984336,NA,"sintetico_postestratificado",FALSE,0.210579305092297,"30","114","Nautla"
2217,0.300166135327052,0.208337758567639,0.403813633658438,NA,"sintetico_postestratificado",FALSE,0.195475875090799,"30","115","Nogales"
2218,0.282149584756278,0.192079855193134,0.388646223577555,NA,"sintetico_postestratificado",FALSE,0.196566368384421,"30","163","Tenochtitlán"
2219,0.285856570180855,0.195822689118613,0.389824907850113,NA,"sintetico_postestratificado",FALSE,0.1940022187315,"30","019","Astacinga"
2220,0.313928034163314,0.208136032269007,0.415629724992986,NA,"sintetico_postestratificado",FALSE,0.20749369272398,"30","042","Colipa"
2221,0.343309812638988,0.238648012677663,0.459600211355024,NA,"sintetico_postestratificado",FALSE,0.220952198677361,"30","043","Comapa"
2222,0.318105234878796,0.225353405217305,0.425345623508644,4,"muestra_directa",TRUE,0.199992218291339,"30","044","Córdoba"
2223,0.312424643529403,0.220534003991064,0.417677681176953,NA,"sintetico_postestratificado",FALSE,0.197143677185889,"30","047","Coscomatepec"
2224,0.362129794274217,0.265198043243031,0.475213584344309,NA,"sintetico_postestratificado",FALSE,0.210015541101278,"30","049","Cotaxtla"
2225,0.30814637657234,0.21284860199605,0.412681153097396,NA,"sintetico_postestratificado",FALSE,0.199832551101347,"30","052","Cuichapa"
2226,0.340618156326037,0.24550711063086,0.447829895866376,NA,"sintetico_postestratificado",FALSE,0.202322785235515,"30","099","Maltrata"
2227,0.312177781337431,0.227635307191888,0.416134911900635,14,"muestra_directa",FALSE,0.188499604708747,"30","105","Medellín de Bravo"
2228,0.323482931691561,0.22034273278023,0.442147286872062,NA,"sintetico_postestratificado",FALSE,0.221804554091832,"30","184","Tlaquilpa"
2229,0.330693694067455,0.229871567822215,0.43169301762624,7,"muestra_directa",TRUE,0.201821449804026,"30","175","Tihuatlán"
2230,0.301577951787859,0.207918464990701,0.406296750413116,NA,"sintetico_postestratificado",FALSE,0.198378285422415,"30","178","Tlacotalpan"
2231,0.280958761199311,0.1893862076186,0.396469885255312,NA,"sintetico_postestratificado",FALSE,0.207083677636712,"30","180","Tlachichilco"
2232,0.307966842886856,0.206697987900989,0.42718517603397,NA,"sintetico_postestratificado",FALSE,0.220487188132981,"30","137","Los Reyes"
2233,0.330354916528863,0.234884931500245,0.432920662542735,9,"muestra_directa",TRUE,0.19803573104249,"30","196","Yanga"
2234,0.313553195284642,0.215940304573956,0.434447804770894,NA,"sintetico_postestratificado",FALSE,0.218507500196938,"30","197","Yecuatla"
2235,0.301951324830831,0.205144015666414,0.403915700196668,NA,"sintetico_postestratificado",FALSE,0.198771684530253,"30","198","Zacualpan"
2236,0.322796336949629,0.219874594843719,0.433626936382397,NA,"sintetico_postestratificado",FALSE,0.213752341538678,"30","139","Saltabarranca"
2237,0.318287977146288,0.224664970970772,0.427508192565372,NA,"sintetico_postestratificado",FALSE,0.202843221594601,"30","186","Tomatlán"
2238,0.286428999578865,0.190242951314792,0.390909532929001,NA,"sintetico_postestratificado",FALSE,0.200666581614209,"30","200","Zentla"
2239,0.307274153966308,0.212249352664709,0.42340728021356,NA,"sintetico_postestratificado",FALSE,0.211157927548851,"30","202","Zontecomatlán de López y Fuentes"
2240,0.339648180779131,0.240512749196482,0.447618680321757,NA,"sintetico_postestratificado",FALSE,0.207105931125275,"30","204","Agua Dulce"
2241,0.321133879870593,0.22040339150035,0.427832798610403,NA,"sintetico_postestratificado",FALSE,0.207429407110052,"30","207","Tres Valles"
2242,0.317699917446622,0.220489935937882,0.438265912043125,NA,"sintetico_postestratificado",FALSE,0.217775976105244,"30","208","Carlos A. Carrillo"
2243,0.310684844349978,0.221443053061201,0.408733812200567,9,"muestra_directa",TRUE,0.187290759139365,"30","201","Zongolica"
2244,0.310038820645627,0.219594308329226,0.415607350047733,NA,"sintetico_postestratificado",FALSE,0.196013041718507,"30","181","Tlalixcoyan"
2245,0.3320191380099,0.232186298471514,0.447731062874273,NA,"sintetico_postestratificado",FALSE,0.215544764402758,"30","182","Tlalnelhuayocan"
2246,0.302822589736177,0.203345107732814,0.406529034229625,NA,"sintetico_postestratificado",FALSE,0.203183926496811,"30","183","Tlapacoyan"
2247,0.314626453743017,0.216961771360609,0.427397407817847,NA,"sintetico_postestratificado",FALSE,0.210435636457238,"30","076","Ilamatlán"
2248,0.310498570545284,0.214763552300345,0.418350854465117,NA,"sintetico_postestratificado",FALSE,0.203587302164772,"30","077","Isla"
2249,0.302888687234035,0.203403512673832,0.413687634283232,NA,"sintetico_postestratificado",FALSE,0.2102841216094,"30","080","Ixhuatlán del Café"
2250,0.286126482385653,0.196523698973897,0.387577929705265,5,"muestra_directa",TRUE,0.191054230731368,"30","081","Ixhuatlancillo"
2251,0.29856148878001,0.201070178061042,0.402031129598647,NA,"sintetico_postestratificado",FALSE,0.200960951537605,"30","082","Ixhuatlán del Sureste"
2252,0.265490382046309,0.179174318088708,0.373559499093654,NA,"sintetico_postestratificado",FALSE,0.194385181004946,"30","083","Ixhuatlán de Madero"
2253,0.304037424049969,0.20751534040621,0.409845403118006,NA,"sintetico_postestratificado",FALSE,0.202330062711797,"30","084","Ixmatlahuacan"
2254,0.276109657331764,0.185059095198598,0.375995363560034,NA,"sintetico_postestratificado",FALSE,0.190936268361436,"30","085","Ixtaczoquitlán"
2255,0.294063963094032,0.199325441710149,0.404816914484786,NA,"sintetico_postestratificado",FALSE,0.205491472774637,"30","086","Jalacingo"
2256,0.296908862955256,0.200723995675195,0.410564356579554,NA,"sintetico_postestratificado",FALSE,0.209840360904359,"30","088","Jalcomulco"
2257,0.32916196168822,0.230533006172252,0.440342425868276,NA,"sintetico_postestratificado",FALSE,0.209809419696023,"30","089","Jáltipan"
2258,0.333372759041757,0.22759986195103,0.441850518861385,NA,"sintetico_postestratificado",FALSE,0.214250656910355,"30","090","Jamapa"
2259,0.287152515078819,0.193205706142244,0.393150623389618,NA,"sintetico_postestratificado",FALSE,0.199944917247375,"30","091","Jesús Carranza"
2260,0.28036549875661,0.188590813929748,0.387021170190132,NA,"sintetico_postestratificado",FALSE,0.198430356260384,"30","092","Xico"
2261,0.291179326478857,0.19178530353584,0.398272884356142,NA,"sintetico_postestratificado",FALSE,0.206487580820302,"30","041","Coetzala"
2262,0.320879153355366,0.220540011565867,0.428483774281016,NA,"sintetico_postestratificado",FALSE,0.207943762715149,"30","053","Cuitláhuac"
2263,0.305447666821267,0.213863495303608,0.412867929142328,NA,"sintetico_postestratificado",FALSE,0.19900443383872,"30","054","Chacaltianguis"
2264,0.272439999957041,0.185764178422207,0.376173367358554,NA,"sintetico_postestratificado",FALSE,0.190409188936346,"30","055","Chalma"
2265,0.318474563606296,0.223370564136622,0.428905010799083,NA,"sintetico_postestratificado",FALSE,0.205534446662462,"30","056","Chiconamel"
2266,0.290385733527077,0.192455494151723,0.398299422998177,NA,"sintetico_postestratificado",FALSE,0.205843928846454,"30","057","Chiconquiaco"
2267,0.276172470469534,0.190446899251717,0.375034406327088,NA,"sintetico_postestratificado",FALSE,0.18458750707537,"30","058","Chicontepec"
2268,0.305259966692579,0.205982334492635,0.416087078503527,NA,"sintetico_postestratificado",FALSE,0.210104744010892,"30","060","Chinampa de Gorostiza"
2269,0.301900838538639,0.20388190376059,0.403438576540661,NA,"sintetico_postestratificado",FALSE,0.19955667278007,"30","061","Las Choapas"
2270,0.294850761331123,0.20168922959488,0.404612271107045,NA,"sintetico_postestratificado",FALSE,0.202923041512165,"30","062","Chocamán"
2271,0.268048245522337,0.179040090005386,0.369745940075287,NA,"sintetico_postestratificado",FALSE,0.190705850069901,"30","063","Chontla"
2272,0.308163448260256,0.21351944704042,0.414457291154366,NA,"sintetico_postestratificado",FALSE,0.200937844113947,"30","093","Jilotepec"
2273,0.291979393628988,0.198563510242267,0.396991248393955,NA,"sintetico_postestratificado",FALSE,0.198427738151689,"30","094","Juan Rodríguez Clara"
2274,0.292147930313382,0.192365712137843,0.40561747683137,NA,"sintetico_postestratificado",FALSE,0.213251764693527,"30","095","Juchique de Ferrer"
2275,0.301327609374321,0.195653433239049,0.41805792331697,NA,"sintetico_postestratificado",FALSE,0.222404490077921,"30","096","Landero y Coss"
2276,0.310999023899203,0.207124408226122,0.414713166380067,NA,"sintetico_postestratificado",FALSE,0.207588758153945,"30","104","Mecayapan"
2277,0.335324122565052,0.24152242602584,0.443729424894838,6,"muestra_directa",TRUE,0.202206998868999,"30","118","Orizaba"
2278,0.31609951248898,0.214688238503597,0.425977814028305,NA,"sintetico_postestratificado",FALSE,0.211289575524708,"30","119","Otatitlán"
2279,0.331523726767888,0.236767401410893,0.441215972815028,NA,"sintetico_postestratificado",FALSE,0.204448571404135,"30","121","Ozuluama de Mascareñas"
2280,0.35603881824576,0.269381068881386,0.455119047970275,22,"muestra_directa",FALSE,0.185737979088889,"30","123","Pánuco"
2281,0.329949330028402,0.246192667046212,0.437701007205892,8,"muestra_directa",TRUE,0.19150834015968,"30","124","Papantla"
2282,0.306204572853439,0.215382796364104,0.420838307090446,NA,"sintetico_postestratificado",FALSE,0.205455510726342,"30","125","Paso del Macho"
2283,0.330042710433023,0.225885211926905,0.440542697592395,NA,"sintetico_postestratificado",FALSE,0.21465748566549,"30","129","Platón Sánchez"
2284,0.308723378969747,0.215910436802208,0.421536105790795,NA,"sintetico_postestratificado",FALSE,0.205625668988587,"30","130","Playa Vicente"
2285,0.320870395197589,0.216020675471843,0.437442368394193,NA,"sintetico_postestratificado",FALSE,0.22142169292235,"30","122","Pajapan"
2286,0.268612560436286,0.178124055408519,0.373467645058082,NA,"sintetico_postestratificado",FALSE,0.195343589649563,"30","132","Las Vigas de Ramírez"
2287,0.322961960366449,0.217529141016229,0.435184624588964,NA,"sintetico_postestratificado",FALSE,0.217655483572735,"30","133","Pueblo Viejo"
2288,0.311798560692596,0.220346166798057,0.424525274646302,4,"muestra_directa",TRUE,0.204179107848246,"30","134","Puente Nacional"
2289,0.328246314528425,0.236369519079257,0.43918660603412,NA,"sintetico_postestratificado",FALSE,0.202817086954863,"30","135","Rafael Delgado"
2290,0.379816021748067,0.268547557394719,0.502281115079026,NA,"sintetico_postestratificado",FALSE,0.233733557684307,"30","106","Miahuatlán"
2291,0.364966099313042,0.265787495336183,0.479786599708537,7,"muestra_directa",TRUE,0.213999104372354,"30","102","Martínez de la Torre"
2292,0.373464502713041,0.260907214025172,0.49198651867262,NA,"sintetico_postestratificado",FALSE,0.231079304647447,"30","170","Texcatepec"
2293,0.309620744973851,0.207229112804289,0.419209691685667,NA,"sintetico_postestratificado",FALSE,0.211980578881379,"30","171","Texhuacán"
2294,0.322294404549921,0.224529308813185,0.435749746394814,NA,"sintetico_postestratificado",FALSE,0.211220437581629,"30","172","Texistepec"
2295,0.33850682595254,0.244638666495289,0.447832233728969,NA,"sintetico_postestratificado",FALSE,0.20319356723368,"30","174","Tierra Blanca"
2296,0.297392696030059,0.202348818265991,0.409093857820649,NA,"sintetico_postestratificado",FALSE,0.206745039554658,"30","176","Tlacojalpan"
2297,0.262629639053496,0.172110202241307,0.362879820916637,NA,"sintetico_postestratificado",FALSE,0.190769618675331,"30","179","Tlacotepec de Mejía"
2298,0.35059329625733,0.253322105414417,0.458042289674122,8,"muestra_directa",TRUE,0.204720184259704,"30","177","Tlacolulan"
2299,0.297868403079356,0.208404766711291,0.398672989735784,16,"muestra_directa",FALSE,0.190268223024493,"30","193","Veracruz"
2300,0.286045407880001,0.195638112892761,0.400561612819537,NA,"sintetico_postestratificado",FALSE,0.204923499926775,"30","143","Santiago Tuxtla"
2301,0.325032897440141,0.226318573142195,0.439834463912662,NA,"sintetico_postestratificado",FALSE,0.213515890770467,"30","144","Sayula de Alemán"
2302,0.307578115668913,0.214690499212164,0.424943809294448,NA,"sintetico_postestratificado",FALSE,0.210253310082284,"30","142","San Juan Evangelista"
2303,0.351281775840919,0.256686742459725,0.468193751539264,12,"muestra_directa",FALSE,0.21150700907954,"30","151","Tamiahua"
2304,0.344013141755618,0.237398189726795,0.462744648912969,NA,"sintetico_postestratificado",FALSE,0.225346459186174,"30","152","Tampico Alto"
2305,0.347252904560554,0.237768680932448,0.470668457131687,NA,"sintetico_postestratificado",FALSE,0.232899776199239,"30","153","Tancoco"
2306,0.335867487666298,0.235072019000611,0.43626243547498,NA,"sintetico_postestratificado",FALSE,0.201190416474369,"30","154","Tantima"
2307,0.338813394072538,0.25184933346859,0.439736426624249,17,"muestra_directa",FALSE,0.187887093155659,"30","155","Tantoyuca"
2308,0.355460573715219,0.253897468118448,0.468890086478067,NA,"sintetico_postestratificado",FALSE,0.214992618359619,"30","156","Tatatila"
2309,0.340415295866186,0.230995713656196,0.454463636505174,NA,"sintetico_postestratificado",FALSE,0.223467922848978,"30","157","Castillo de Teayo"
2310,0.361826829575807,0.260931385255301,0.478942753658496,NA,"sintetico_postestratificado",FALSE,0.218011368403194,"30","158","Tecolutla"
2311,0.257998839721109,0.174797922931664,0.357151689692304,10,"muestra_directa",FALSE,0.182353766760641,"30","159","Tehuipango"
2312,0.309214807452586,0.209137550605126,0.422569811263864,NA,"sintetico_postestratificado",FALSE,0.213432260658738,"30","160","Álamo Temapache"
2313,0.348922327737207,0.244866253516112,0.456666765997033,NA,"sintetico_postestratificado",FALSE,0.211800512480921,"30","161","Tempoal"
2314,0.321166084256008,0.237241929321165,0.414081925408433,24,"muestra_directa",FALSE,0.176839996087269,"30","167","Tepetzintla"
2315,0.291004784655222,0.190932631095433,0.400648180848235,NA,"sintetico_postestratificado",FALSE,0.209715549752802,"31","009","Cansahcab"
2316,0.315140804634642,0.210477617581399,0.43078939173333,NA,"sintetico_postestratificado",FALSE,0.220311774151931,"31","007","Cacalchén"
2317,0.245949317212333,0.16341348052381,0.34991567229879,NA,"sintetico_postestratificado",FALSE,0.18650219177498,"31","019","Chemax"
2318,0.335981343381654,0.239388632426634,0.450931037013169,17,"muestra_directa",FALSE,0.211542404586535,"31","101","Umán"
2319,0.329906770371588,0.223552513617156,0.444422019411247,NA,"sintetico_postestratificado",FALSE,0.220869505794091,"31","106","Yobaín"
2320,0.259387279869243,0.164018973432838,0.362449723265951,NA,"sintetico_postestratificado",FALSE,0.198430749833113,"31","105","Yaxkukul"
2321,0.316224325304896,0.216058154642087,0.426166456243477,NA,"sintetico_postestratificado",FALSE,0.21010830160139,"31","103","Xocchel"
2322,0.283557654219202,0.189477722563391,0.390028536821169,NA,"sintetico_postestratificado",FALSE,0.200550814257779,"31","097","Tunkás"
2323,0.274302837828485,0.181462058415588,0.375970500460745,NA,"sintetico_postestratificado",FALSE,0.194508442045157,"31","095","Tixpéhual"
2324,0.28526031613439,0.195789097210927,0.400661439351742,NA,"sintetico_postestratificado",FALSE,0.204872342140815,"31","081","Tekom"
2325,0.258597944629619,0.163041530050503,0.366732712813426,NA,"sintetico_postestratificado",FALSE,0.203691182762923,"31","090","Timucuy"
2326,0.305828073778971,0.203193772923158,0.41448477631637,NA,"sintetico_postestratificado",FALSE,0.211291003393212,"31","088","Teya"
2327,0.356304765016663,0.243885187965553,0.479659533513766,NA,"sintetico_postestratificado",FALSE,0.235774345548213,"31","087","Tetiz"
2328,0.27893721589532,0.191196496462627,0.392882168079503,NA,"sintetico_postestratificado",FALSE,0.201685671616876,"31","066","Santa Elena"
2329,0.264422223325666,0.171193742107621,0.37488625665145,NA,"sintetico_postestratificado",FALSE,0.203692514543828,"31","086","Tepakán"
2330,0.318193922229823,0.215296520904806,0.439154666745435,NA,"sintetico_postestratificado",FALSE,0.223858145840629,"31","083","Telchac Puerto"
2331,0.253945001988777,0.1627638632129,0.35907173148544,NA,"sintetico_postestratificado",FALSE,0.19630786827254,"31","082","Telchac Pueblo"
2332,0.270239660284197,0.17809202668695,0.378273207196231,NA,"sintetico_postestratificado",FALSE,0.200181180509281,"31","080","Tekit"
2333,0.264348859132705,0.183601095066465,0.362372812228361,13,"muestra_directa",FALSE,0.178771717161896,"31","102","Valladolid"
2334,0.295235120587061,0.191551065295279,0.402681477182803,NA,"sintetico_postestratificado",FALSE,0.211130411887524,"31","071","Sudzal"
2335,0.288265841780776,0.198419273910968,0.394102436619247,4,"muestra_directa",TRUE,0.195683162708279,"31","069","Sotuta"
2336,0.260331174197381,0.167687351765589,0.364871818592255,NA,"sintetico_postestratificado",FALSE,0.197184466826666,"31","078","Tekantó"
2337,0.277499933157957,0.178695582227297,0.385173953368396,NA,"sintetico_postestratificado",FALSE,0.206478371141099,"31","037","Huhí"
2338,0.278306426755262,0.184565550900115,0.383737053576964,NA,"sintetico_postestratificado",FALSE,0.199171502676849,"31","027","Dzidzantún"
2339,0.315407370828646,0.21371928198401,0.4286976251818,NA,"sintetico_postestratificado",FALSE,0.214978343197789,"31","058","Peto"
2340,0.306787439698177,0.2085155563707,0.422101230191251,NA,"sintetico_postestratificado",FALSE,0.213585673820551,"31","055","Opichén"
2341,0.288709070431237,0.190540465705054,0.400371753887058,NA,"sintetico_postestratificado",FALSE,0.209831288182003,"31","036","Homún"
2342,0.252815688642789,0.167956664603299,0.359858859534723,NA,"sintetico_postestratificado",FALSE,0.191902194931424,"31","032","Espita"
2343,0.297709437899266,0.193245183615555,0.414688333131928,NA,"sintetico_postestratificado",FALSE,0.221443149516373,"31","077","Tekal de Venegas"
2344,0.271456602244208,0.17887298078969,0.383170984564079,NA,"sintetico_postestratificado",FALSE,0.204298003774389,"31","074","Tahmek"
2345,0.290692426837934,0.191386782711594,0.410709499938331,NA,"sintetico_postestratificado",FALSE,0.219322717226737,"31","026","Dzemul"
2346,0.306321160650885,0.203754547579268,0.42104413180737,NA,"sintetico_postestratificado",FALSE,0.217289584228101,"31","025","Dzan"
2347,0.304026734258297,0.20990909910577,0.421829654695368,NA,"sintetico_postestratificado",FALSE,0.211920555589598,"31","001","Abalá"
2348,0.279784464483278,0.217080492726104,0.35048707596384,82,"muestra_directa",FALSE,0.133406583237736,"31","050","Mérida"
2349,0.311721451371653,0.216613914471124,0.413812290287086,11,"muestra_directa",FALSE,0.197198375815961,"31","023","Chocholá"
2350,0.29451900866592,0.199737320301422,0.394195134139046,NA,"sintetico_postestratificado",FALSE,0.194457813837623,"31","035","Hoctún"
2351,0.303626142131103,0.202474559016079,0.424104987053319,NA,"sintetico_postestratificado",FALSE,0.22163042803724,"31","034","Hocabá"
2352,0.33100259028379,0.228239654553737,0.443069873291468,NA,"sintetico_postestratificado",FALSE,0.21483021873773,"31","016","Chacsinkín"
2353,0.303545208322366,0.205590925447727,0.429116494393603,NA,"sintetico_postestratificado",FALSE,0.223525568945876,"31","015","Cuzamá"
2354,0.288128553669671,0.191589373724013,0.392596883745995,NA,"sintetico_postestratificado",FALSE,0.201007510021982,"31","013","Conkal"
2355,0.278332347292058,0.19055341483002,0.378573002068401,NA,"sintetico_postestratificado",FALSE,0.188019587238381,"31","049","Mayapán"
2356,0.280934631671328,0.183066329538088,0.399565731117227,NA,"sintetico_postestratificado",FALSE,0.216499401579139,"31","065","San Felipe"
2357,0.256296307609291,0.161054522203104,0.370203058191678,NA,"sintetico_postestratificado",FALSE,0.209148535988573,"31","064","Sanahcat"
2358,0.269645083693674,0.172266418646863,0.372233160358392,NA,"sintetico_postestratificado",FALSE,0.199966741711529,"31","073","Tahdziú"
2359,0.319628191622053,0.212383609759158,0.439943946299827,NA,"sintetico_postestratificado",FALSE,0.227560336540669,"31","072","Suma"
2360,0.263342960850877,0.173850518139054,0.366194218410238,NA,"sintetico_postestratificado",FALSE,0.192343700271184,"31","093","Tixkokob"
2361,0.293332483388868,0.19075749187369,0.412632176151274,NA,"sintetico_postestratificado",FALSE,0.221874684277585,"31","061","Río Lagartos"
2362,0.302523947388808,0.207296367475345,0.419732934906974,NA,"sintetico_postestratificado",FALSE,0.212436567431629,"31","014","Cuncunul"
2363,0.295851164643446,0.196252665904158,0.396426167629708,7,"muestra_directa",TRUE,0.200173501725551,"31","089","Ticul"
2364,0.260020390578215,0.169544811646351,0.363634216050817,NA,"sintetico_postestratificado",FALSE,0.194089404404466,"31","070","Sucilá"
2365,0.377886814956952,0.270880513057178,0.499620055539564,13,"muestra_directa",FALSE,0.228739542482386,"31","068","Sinanché"
2366,0.331497118991664,0.223759930755013,0.446770699557546,NA,"sintetico_postestratificado",FALSE,0.223010768802533,"31","012","Cenotillo"
2367,0.294957495742988,0.193635020819811,0.405346060160264,NA,"sintetico_postestratificado",FALSE,0.211711039340452,"31","010","Cantamayec"
2368,0.271167929065468,0.179116881895408,0.379805407320896,NA,"sintetico_postestratificado",FALSE,0.200688525425487,"31","002","Acanceh"
2369,0.28188546163937,0.185543788676704,0.401874129056187,NA,"sintetico_postestratificado",FALSE,0.216330340379484,"31","063","Samahil"
2370,0.322413769867894,0.22365026340729,0.433630176613833,NA,"sintetico_postestratificado",FALSE,0.209979913206543,"31","060","Quintana Roo"
2371,0.30376180375002,0.204554599020809,0.415069143602165,NA,"sintetico_postestratificado",FALSE,0.210514544581355,"31","054","Muxupip"
2372,0.303560430012161,0.207529940857394,0.414698536102064,NA,"sintetico_postestratificado",FALSE,0.20716859524467,"31","053","Muna"
2373,0.269724621517336,0.172068040218493,0.373314365530755,NA,"sintetico_postestratificado",FALSE,0.201246325312262,"31","076","Tecoh"
2374,0.264927266816618,0.181970714798924,0.362689039298467,12,"muestra_directa",FALSE,0.180718324499543,"31","098","Tzucacab"
2375,0.330125905893317,0.229366613773851,0.44338210414966,NA,"sintetico_postestratificado",FALSE,0.214015490375809,"31","042","Kantunil"
2376,0.310159102270687,0.219314945590119,0.412418874652591,19,"muestra_directa",FALSE,0.193103929062472,"31","052","Motul"
2377,0.313774896935792,0.21865923474458,0.425230322501105,NA,"sintetico_postestratificado",FALSE,0.206571087756525,"31","006","Buctzotz"
2378,0.293168992724305,0.207033129656783,0.383123650241304,18,"muestra_directa",FALSE,0.176090520584521,"31","056","Oxkutzcab"
2379,0.310400856845691,0.203132868902571,0.427307495751612,NA,"sintetico_postestratificado",FALSE,0.224174626849041,"31","057","Panabá"
2380,0.22896015411792,0.14794872026342,0.338055329589966,NA,"sintetico_postestratificado",FALSE,0.190106609326546,"31","028","Dzilam de Bravo"
2381,0.277656341243344,0.181098959911026,0.385636323923601,NA,"sintetico_postestratificado",FALSE,0.204537364012575,"31","062","Sacalum"
2382,0.318532982019024,0.218719857979812,0.428760022063934,NA,"sintetico_postestratificado",FALSE,0.210040164084122,"31","051","Mocochá"
2383,0.244608869526809,0.160962845571782,0.33351627340853,10,"muestra_directa",FALSE,0.172553427836748,"31","040","Izamal"
2384,0.278304124399348,0.177493198506828,0.388023642110798,NA,"sintetico_postestratificado",FALSE,0.21053044360397,"31","085","Temozón"
2385,0.288786587785326,0.20031400608235,0.388229605246705,9,"muestra_directa",TRUE,0.187915599164355,"31","104","Yaxcabá"
2386,0.280682356328832,0.182605471945469,0.394979671934647,NA,"sintetico_postestratificado",FALSE,0.212374199989178,"31","091","Tinum"
2387,0.287357879231643,0.194458980347438,0.392117033027724,8,"muestra_directa",TRUE,0.197658052680286,"31","048","Maxcanú"
2388,0.276470889363919,0.180664000294896,0.383810022356825,6,"muestra_directa",TRUE,0.203146022061929,"31","096","Tizimín"
2389,0.287592799931782,0.189552440603022,0.396878324608189,NA,"sintetico_postestratificado",FALSE,0.207325884005167,"31","099","Uayma"
2390,0.273978053481783,0.182199660562911,0.382075023454262,NA,"sintetico_postestratificado",FALSE,0.199875362891351,"31","005","Bokobá"
2391,0.275731033082974,0.185341309504017,0.379420950566578,NA,"sintetico_postestratificado",FALSE,0.19407964106256,"31","047","Maní"
2392,0.282342076104351,0.186860817672891,0.386341230690434,NA,"sintetico_postestratificado",FALSE,0.199480413017542,"31","046","Mama"
2393,0.286157260661576,0.190943187863847,0.400724881555028,NA,"sintetico_postestratificado",FALSE,0.209781693691181,"31","045","Kopomá"
2394,0.237038686045766,0.149570015715642,0.341576306157234,NA,"sintetico_postestratificado",FALSE,0.192006290441592,"31","044","Kinchil"
2395,0.324784331585623,0.216129036260598,0.438683642696529,NA,"sintetico_postestratificado",FALSE,0.222554606435931,"31","100","Ucú"
2396,0.241904049717826,0.160396529077102,0.344618061767918,NA,"sintetico_postestratificado",FALSE,0.184221532690816,"31","043","Kaua"
2397,0.270798569067571,0.179679971518317,0.370492603628334,NA,"sintetico_postestratificado",FALSE,0.190812632110017,"31","020","Chicxulub Pueblo"
2398,0.276328495401813,0.179201846436459,0.385452729891417,NA,"sintetico_postestratificado",FALSE,0.206250883454958,"31","067","Seyé"
2399,0.292428972070148,0.198472344033938,0.401240904505798,NA,"sintetico_postestratificado",FALSE,0.20276856047186,"31","075","Teabo"
2400,0.303857809486013,0.206912728952381,0.433975730471808,NA,"sintetico_postestratificado",FALSE,0.227063001519427,"31","004","Baca"
2401,0.31658068709443,0.209443051505847,0.438090766575225,NA,"sintetico_postestratificado",FALSE,0.228647715069378,"31","003","Akil"
2402,0.264134702933368,0.175869103688038,0.377160481429807,NA,"sintetico_postestratificado",FALSE,0.201291377741769,"31","022","Chikindzonot"
2403,0.252180099872035,0.162350842570755,0.360499052545134,NA,"sintetico_postestratificado",FALSE,0.198148209974379,"31","033","Halachó"
2404,0.281214549026869,0.19514858929599,0.370997750098489,19,"muestra_directa",FALSE,0.1758491608025,"31","079","Tekax"
2405,0.338282601668677,0.233000324247045,0.459268506568842,NA,"sintetico_postestratificado",FALSE,0.226268182321796,"31","059","Progreso"
2406,0.254782002971737,0.167787994162482,0.362407942464539,NA,"sintetico_postestratificado",FALSE,0.194619948302058,"31","094","Tixméhuac"
2407,0.349057199913076,0.242895311767338,0.458870166030882,NA,"sintetico_postestratificado",FALSE,0.215974854263544,"31","084","Temax"
2408,0.294584245627293,0.202670419629509,0.40105649107506,13,"muestra_directa",FALSE,0.198386071445551,"31","029","Dzilam González"
2409,0.222159646311083,0.143561664418511,0.298549612350673,27,"muestra_directa",FALSE,0.154987947932162,"31","041","Kanasín"
2410,0.253967452874516,0.174135276445106,0.349343172343967,15,"muestra_directa",FALSE,0.175207895898861,"31","038","Hunucmá"
2411,0.260295831488498,0.174373729633027,0.362707218974352,NA,"sintetico_postestratificado",FALSE,0.188333489341325,"31","030","Dzitás"
2412,0.296739651330015,0.197214422794616,0.400269656702168,NA,"sintetico_postestratificado",FALSE,0.203055233907553,"31","021","Chichimilá"
2413,0.338275831204215,0.229773315210156,0.447287104122656,NA,"sintetico_postestratificado",FALSE,0.2175137889125,"31","039","Ixil"
2414,0.311959273322077,0.223931811584755,0.40691057528218,17,"muestra_directa",FALSE,0.182978763697425,"31","092","Tixcacalcupul"
2415,0.301610227775775,0.195345089821202,0.419168895786871,NA,"sintetico_postestratificado",FALSE,0.223823805965668,"31","018","Chapab"
2416,0.305983772743218,0.204363334945111,0.417448846767011,1,"muestra_directa",TRUE,0.2130855118219,"31","017","Chankom"
2417,0.270187476631398,0.181408289435435,0.371050728020045,NA,"sintetico_postestratificado",FALSE,0.18964243858461,"31","024","Chumayel"
2418,0.263799758837,0.168670463153747,0.376107571177324,NA,"sintetico_postestratificado",FALSE,0.207437108023578,"31","031","Dzoncauich"
2419,0.303239411374615,0.200909129062839,0.413237342733437,NA,"sintetico_postestratificado",FALSE,0.212328213670598,"31","011","Celestún"
2420,0.334663323559926,0.231981412331398,0.446569771611644,NA,"sintetico_postestratificado",FALSE,0.214588359280246,"31","008","Calotmul"
2421,0.340553426314189,0.242145456381876,0.453307721131106,NA,"sintetico_postestratificado",FALSE,0.21116226474923,"32","027","Melchor Ocampo"
2422,0.331788693455763,0.242516697236169,0.434595587012077,4,"muestra_directa",TRUE,0.192078889775908,"32","019","Jalpa"
2423,0.312827912858691,0.214753928067177,0.419107161771379,NA,"sintetico_postestratificado",FALSE,0.204353233704202,"32","003","Atolinga"
2424,0.312711184019434,0.217404747235376,0.423408692397297,NA,"sintetico_postestratificado",FALSE,0.206003945161921,"32","058","Santa María de la Paz"
2425,0.306658510800293,0.221245559370397,0.399256576740727,18,"muestra_directa",FALSE,0.17801101737033,"32","036","Ojocaliente"
2426,0.371395442763541,0.266950376279409,0.481776744247522,3,"muestra_directa",TRUE,0.214826367968113,"32","035","Noria de Ángeles"
2427,0.344618249110543,0.236517143798975,0.461039482141178,NA,"sintetico_postestratificado",FALSE,0.224522338342204,"32","037","Pánuco"
2428,0.338227353251368,0.241420705232,0.438622718261901,20,"muestra_directa",FALSE,0.197202013029901,"32","040","Sain Alto"
2429,0.315182033306047,0.220742361344987,0.426597274692816,NA,"sintetico_postestratificado",FALSE,0.205854913347829,"32","033","Moyahua de Estrada"
2430,0.365282070622367,0.273771316465041,0.46524480799187,16,"muestra_directa",FALSE,0.191473491526829,"32","020","Jerez"
2431,0.323939282442443,0.243641839347751,0.405881806787479,37,"muestra_directa",FALSE,0.162239967439728,"32","010","Fresnillo"
2432,0.320124507931034,0.225303304088114,0.426241151874649,NA,"sintetico_postestratificado",FALSE,0.200937847786535,"32","034","Nochistlán de Mejía"
2433,0.372196342023154,0.274114152894357,0.483876715556778,5,"muestra_directa",TRUE,0.209762562662421,"32","005","Calera"
2434,0.322874504389916,0.222048846827692,0.435692380597913,NA,"sintetico_postestratificado",FALSE,0.21364353377022,"32","045","Tepechitlán"
2435,0.33771145089688,0.229898531598839,0.447725694305173,NA,"sintetico_postestratificado",FALSE,0.217827162706334,"32","038","Pinos"
2436,0.321574656843998,0.225919902961959,0.431507519252831,6,"muestra_directa",TRUE,0.205587616290872,"32","051","Villa de Cos"
2437,0.38871553710385,0.285554834666398,0.498404518943128,NA,"sintetico_postestratificado",FALSE,0.212849684276729,"32","050","Vetagrande"
2438,0.356265977727207,0.253304611052526,0.456789646742044,NA,"sintetico_postestratificado",FALSE,0.203485035689518,"32","049","Valparaíso"
2439,0.378902982545469,0.286368004816221,0.480966881287987,16,"muestra_directa",FALSE,0.194598876471766,"32","048","Tlaltenango de Sánchez Román"
2440,0.338658370641736,0.236583933333205,0.447527008714058,NA,"sintetico_postestratificado",FALSE,0.210943075380852,"32","046","Tepetongo"
2441,0.298685069963053,0.208459368314887,0.401226812586183,6,"muestra_directa",TRUE,0.192767444271296,"32","025","Luis Moya"
2442,0.318958163917438,0.216341629709366,0.425616536164354,NA,"sintetico_postestratificado",FALSE,0.209274906454987,"32","044","Tabasco"
2443,0.354721644973769,0.246281384528236,0.466436061546893,NA,"sintetico_postestratificado",FALSE,0.220154677018657,"32","043","Susticacán"
2444,0.33639436144731,0.239940502283546,0.453767577152575,NA,"sintetico_postestratificado",FALSE,0.213827074869029,"32","054","Villa Hidalgo"
2445,0.332199022392242,0.222349606119515,0.441538628437465,NA,"sintetico_postestratificado",FALSE,0.21918902231795,"32","042","Sombrerete"
2446,0.347122065642456,0.237282463451141,0.462438312102796,NA,"sintetico_postestratificado",FALSE,0.225155848651655,"32","041","El Salvador"
2447,0.322179809706126,0.221768362264312,0.431313720655605,NA,"sintetico_postestratificado",FALSE,0.209545358391292,"32","016","General Pánfilo Natera"
2448,0.318464985717708,0.225754087874867,0.423492499557698,NA,"sintetico_postestratificado",FALSE,0.197738411682831,"32","014","General Francisco R. Murguía"
2449,0.35516317177471,0.246421057154145,0.473830764964285,NA,"sintetico_postestratificado",FALSE,0.227409707810141,"32","013","General Enrique Estrada"
2450,0.378583314135332,0.273464316761469,0.49306104123496,NA,"sintetico_postestratificado",FALSE,0.219596724473491,"32","009","Chalchihuites"
2451,0.331622896645428,0.248530849922756,0.412558586749348,54,"muestra_directa",FALSE,0.164027736826593,"32","017","Guadalupe"
2452,0.364067977124888,0.263189949631096,0.480150531260442,NA,"sintetico_postestratificado",FALSE,0.216960581629346,"32","057","Trancoso"
2453,0.320040617937346,0.223545120946201,0.433297110026387,NA,"sintetico_postestratificado",FALSE,0.209751989080185,"32","030","Momax"
2454,0.339168294658771,0.238936758870142,0.451407651931473,NA,"sintetico_postestratificado",FALSE,0.212470893061331,"32","032","Morelos"
2455,0.371030084885132,0.274051036903495,0.477157883137623,16,"muestra_directa",FALSE,0.203106846234128,"32","056","Zacatecas"
2456,0.324413996207628,0.224190390156614,0.434848090484112,NA,"sintetico_postestratificado",FALSE,0.210657700327498,"32","018","Huanusco"
2457,0.328681722084694,0.225207480091643,0.440817343596696,NA,"sintetico_postestratificado",FALSE,0.215609863505053,"32","022","Juan Aldama"
2458,0.353841778206864,0.249877844835677,0.470862016734745,NA,"sintetico_postestratificado",FALSE,0.220984171899067,"32","002","Apulco"
2459,0.328543112753422,0.229118799194966,0.432701106601777,NA,"sintetico_postestratificado",FALSE,0.203582307406811,"32","001","Apozol"
2460,0.301197495927199,0.207491286669706,0.409167023926798,NA,"sintetico_postestratificado",FALSE,0.201675737257092,"32","015","El Plateado de Joaquín Amaro"
2461,0.351243638476164,0.251698610259762,0.452832390431844,NA,"sintetico_postestratificado",FALSE,0.201133780172082,"32","028","Mezquital del Oro"
2462,0.371918373707271,0.264906798375259,0.478229054596601,NA,"sintetico_postestratificado",FALSE,0.213322256221341,"32","026","Mazapil"
2463,0.312644157240496,0.225043469336123,0.406052057720397,25,"muestra_directa",FALSE,0.181008588384274,"32","052","Villa García"
2464,0.322658341210538,0.2327810154811,0.416769162773946,22,"muestra_directa",FALSE,0.183988147292846,"32","024","Loreto"
2465,0.346479467251447,0.238884728467433,0.458866931437893,NA,"sintetico_postestratificado",FALSE,0.219982202970459,"32","004","Benito Juárez"
2466,0.386550151080866,0.289069838313058,0.493003870915646,13,"muestra_directa",FALSE,0.203934032602587,"32","029","Miguel Auza"
2467,0.355624913336758,0.26404401436212,0.457236087897628,17,"muestra_directa",FALSE,0.193192073535507,"32","053","Villa González Ortega"
2468,0.378753771056216,0.281853882242414,0.483188752173638,10,"muestra_directa",FALSE,0.201334869931223,"32","023","Juchipila"
2469,0.348395506986092,0.254254456597895,0.452439450597489,14,"muestra_directa",FALSE,0.198184993999593,"32","039","Río Grande"
2470,0.307610412142266,0.208398997402844,0.412595374800071,NA,"sintetico_postestratificado",FALSE,0.204196377397227,"32","055","Villanueva"
2471,0.378552982578636,0.27842410599699,0.476797845894772,12,"muestra_directa",FALSE,0.198373739897782,"32","031","Monte Escobedo"
2472,0.293486727124119,0.201899082289943,0.391647982052354,NA,"sintetico_postestratificado",FALSE,0.189748899762411,"32","021","Jiménez del Teul"
2473,0.329478035091352,0.237296383897864,0.429387065683897,10,"muestra_directa",FALSE,0.192090681786033,"32","008","Cuauhtémoc"
2474,0.33330593312142,0.229699315487135,0.446143684273469,NA,"sintetico_postestratificado",FALSE,0.216444368786333,"32","007","Concepción del Oro"
2475,0.350820725813163,0.249658911714122,0.467814496283176,NA,"sintetico_postestratificado",FALSE,0.218155584569055,"32","047","Teúl de González Ortega"
2476,0.392626910385711,0.275421397313424,0.508212413100745,NA,"sintetico_postestratificado",FALSE,0.232791015787321,"32","012","Genaro Codina"
2477,0.337551614600579,0.2367126008827,0.455983610250352,NA,"sintetico_postestratificado",FALSE,0.219271009367652,"32","006","Cañitas de Felipe Pescador"
2478,0.364587781951647,0.254475577078196,0.479196002695281,NA,"sintetico_postestratificado",FALSE,0.224720425617085,"32","011","Trinidad García de la Cadena"
