"muni_idx","diferencia_pp","dif_q025","dif_q975","prev_ESH","fuente_ESH","priv_ESH","prev_AHA","fuente_AHA","priv_AHA","ambos_directos","suprimir_privacidad","cve_ent","cve_mun","nomgeo"
1,-26.2640329342963,-41.4245586658941,-9.9273389358104,0.616451117022471,"muestra_directa",TRUE,0.353810787679508,"muestra_directa",TRUE,TRUE,TRUE,"01","005","Jesús María"
2,-23.2125708922149,-39.3350826036796,-6.17327557486799,0.5911064742365,"sintetico_postestratificado",FALSE,0.358980765314352,"sintetico_postestratificado",FALSE,FALSE,FALSE,"01","008","San José de Gracia"
3,-22.6879053344443,-31.7055842249372,-12.3550271515326,0.665666931997331,"muestra_directa",FALSE,0.438787878652887,"muestra_directa",FALSE,TRUE,FALSE,"01","001","Aguascalientes"
4,-20.689929656717,-38.4607376799237,-1.83158578828968,0.576629486672832,"muestra_directa",TRUE,0.369730190105663,"muestra_directa",TRUE,TRUE,TRUE,"01","004","Cosío"
5,-21.4500275957109,-37.7764073212656,-3.83048424618769,0.618232445882096,"sintetico_postestratificado",FALSE,0.403732169924988,"sintetico_postestratificado",FALSE,FALSE,FALSE,"01","011","San Francisco de los Romo"
6,-22.2733074172032,-37.8939293207377,-5.60989388836481,0.610582254484003,"muestra_directa",TRUE,0.387849180311971,"muestra_directa",FALSE,TRUE,TRUE,"01","006","Pabellón de Arteaga"
7,-22.3592921242278,-40.0123611270282,-4.94883391764504,0.592023839827952,"sintetico_postestratificado",FALSE,0.368430918585674,"sintetico_postestratificado",FALSE,FALSE,FALSE,"01","003","Calvillo"
8,-23.2900852971761,-39.5977024037801,-4.84498864067112,0.571406960040382,"sintetico_postestratificado",FALSE,0.338506107068621,"sintetico_postestratificado",FALSE,FALSE,FALSE,"01","010","El Llano"
9,-21.6195610536064,-36.3680219760232,-5.98879052545874,0.614488300203625,"muestra_directa",FALSE,0.398292689667561,"muestra_directa",FALSE,TRUE,FALSE,"01","002","Asientos"
10,-22.3844952453433,-36.0971484052294,-8.33690716893333,0.6223975128378,"muestra_directa",FALSE,0.398552560384367,"muestra_directa",FALSE,TRUE,FALSE,"01","009","Tepezalá"
11,-25.4833735856273,-42.34716629522,-8.12429371421065,0.597264658050831,"sintetico_postestratificado",FALSE,0.342430922194558,"sintetico_postestratificado",FALSE,FALSE,FALSE,"01","007","Rincón de Romos"
12,-23.3497493049114,-39.1190304905761,-5.17262038002513,0.63753838242277,"muestra_directa",TRUE,0.404040889373656,"muestra_directa",FALSE,TRUE,TRUE,"02","003","Tecate"
13,-23.0060139634151,-34.9011596898811,-11.2149848932514,0.596906178153218,"muestra_directa",FALSE,0.366846038519067,"muestra_directa",FALSE,TRUE,FALSE,"02","004","Tijuana"
14,-25.8159972581714,-41.6152018658946,-10.7692010443666,0.586261922369452,"muestra_directa",FALSE,0.328101949787738,"muestra_directa",FALSE,TRUE,FALSE,"02","001","Ensenada"
15,-26.8706463020601,-44.4270085100722,-9.86933536581343,0.565984971427454,"muestra_directa",TRUE,0.297278508406854,"muestra_directa",FALSE,TRUE,TRUE,"02","006","San Quintín"
17,-22.8904413966268,-35.3054925783084,-9.40277011459358,0.609360137916634,"muestra_directa",FALSE,0.380455723950366,"muestra_directa",FALSE,TRUE,FALSE,"02","002","Mexicali"
18,-23.0809675927296,-40.5574341925403,-5.66551951816889,0.604220732311356,"muestra_directa",TRUE,0.37341105638406,"muestra_directa",TRUE,TRUE,TRUE,"02","005","Playas de Rosarito"
19,-23.9971207146749,-39.6107183066448,-7.89487073799157,0.586956401565441,"muestra_directa",FALSE,0.346985194418691,"muestra_directa",FALSE,TRUE,FALSE,"03","002","Mulegé"
20,-22.3469733363452,-42.6499168047663,-2.53453361578208,0.629390479554906,"sintetico_postestratificado",FALSE,0.405920746191454,"sintetico_postestratificado",FALSE,FALSE,FALSE,"03","009","Loreto"
21,-21.6737397685759,-34.0509690316388,-7.5016779640978,0.61565612708312,"muestra_directa",FALSE,0.398918729397362,"muestra_directa",FALSE,TRUE,FALSE,"03","008","Los Cabos"
22,-21.8887278882301,-32.9497647504864,-11.6806096275848,0.61496578823337,"muestra_directa",FALSE,0.396078509351069,"muestra_directa",FALSE,TRUE,FALSE,"03","003","La Paz"
23,-25.1773510407389,-38.4971561477844,-11.7008337083329,0.685892579517916,"muestra_directa",FALSE,0.434119069110528,"muestra_directa",FALSE,TRUE,FALSE,"03","001","Comondú"
24,-26.8055899671841,-38.4401299135077,-14.233053949362,0.630992416691153,"muestra_directa",FALSE,0.362936517019312,"muestra_directa",FALSE,TRUE,FALSE,"04","003","Carmen"
25,-24.723898384117,-42.5277817488016,-7.23793110142562,0.615861618242663,"muestra_directa",TRUE,0.368622634401493,"muestra_directa",TRUE,TRUE,TRUE,"04","007","Palizada"
27,-21.9688094063179,-39.9751602888703,-4.29232852330276,0.565634687798536,"sintetico_postestratificado",FALSE,0.345946593735356,"sintetico_postestratificado",FALSE,FALSE,FALSE,"04","005","Hecelchakán"
28,-24.1687454815049,-38.2488234841503,-10.0711460985932,0.51631848475839,"muestra_directa",FALSE,0.274631029943341,"muestra_directa",FALSE,TRUE,FALSE,"04","004","Champotón"
29,-24.6579632608837,-41.2940499089495,-6.41328162805054,0.566133403115025,"muestra_directa",TRUE,0.319553770506188,"muestra_directa",FALSE,TRUE,TRUE,"04","011","Candelaria"
31,-18.3136012727688,-29.327519123487,-7.97613705830138,0.51137291243988,"muestra_directa",FALSE,0.328236899712192,"muestra_directa",FALSE,TRUE,FALSE,"04","002","Campeche"
32,-19.9141780703559,-35.5854432010286,-3.18330309344799,0.506017880192262,"muestra_directa",TRUE,0.306876099488703,"muestra_directa",TRUE,TRUE,TRUE,"04","006","Hopelchén"
33,-22.9664975730075,-37.8983724605152,-8.11920366372299,0.495988009136855,"muestra_directa",FALSE,0.266323033406781,"muestra_directa",FALSE,TRUE,FALSE,"04","001","Calkiní"
34,-22.5755292533111,-39.3301555346037,-3.15571284476786,0.534633745492089,"sintetico_postestratificado",FALSE,0.308878452958978,"sintetico_postestratificado",FALSE,FALSE,FALSE,"04","010","Calakmul"
35,-27.0383511569785,-41.4406286172319,-11.0862475813257,0.581922253412315,"muestra_directa",FALSE,0.311538741842531,"muestra_directa",FALSE,TRUE,FALSE,"04","009","Escárcega"
36,-20.6646125719277,-37.0359802354148,-4.51858317543479,0.451854665080482,"muestra_directa",TRUE,0.245208539361204,"muestra_directa",FALSE,TRUE,TRUE,"04","008","Tenabo"
37,-22.9024136871814,-39.6869293139493,-3.46043522427678,0.630322710205867,"sintetico_postestratificado",FALSE,0.401298573334053,"sintetico_postestratificado",FALSE,FALSE,FALSE,"05","005","Candela"
38,-26.2021708614809,-39.4774707417771,-12.7833038457901,0.654728675030757,"muestra_directa",FALSE,0.392706966415948,"muestra_directa",FALSE,TRUE,FALSE,"05","017","Matamoros"
39,-24.4549550153131,-39.9743296068557,-7.76385437180289,0.621045344020636,"muestra_directa",TRUE,0.376495793867506,"muestra_directa",FALSE,TRUE,TRUE,"05","018","Monclova"
40,-24.0476310534764,-41.7506369122515,-5.67173227316147,0.608579086050412,"sintetico_postestratificado",FALSE,0.368102775515648,"sintetico_postestratificado",FALSE,FALSE,FALSE,"05","014","Jiménez"
41,-28.3186243800545,-39.5198935170279,-16.2870004365613,0.580660466263679,"muestra_directa",FALSE,0.297474222463135,"muestra_directa",FALSE,TRUE,FALSE,"05","035","Torreón"
42,-24.257066103933,-41.4986054086507,-7.01188339911693,0.592386614073196,"sintetico_postestratificado",FALSE,0.349815953033866,"sintetico_postestratificado",FALSE,FALSE,FALSE,"05","013","Hidalgo"
43,-23.7576566521813,-41.5854429310003,-4.68740526575816,0.622198032848595,"sintetico_postestratificado",FALSE,0.384621466326781,"sintetico_postestratificado",FALSE,FALSE,FALSE,"05","015","Juárez"
44,-23.3850447348649,-39.9808790759465,-5.95661163713495,0.601968168140626,"sintetico_postestratificado",FALSE,0.368117720791977,"sintetico_postestratificado",FALSE,FALSE,FALSE,"05","020","Múzquiz"
45,-22.9721829481679,-37.5987768584997,-7.97624669032011,0.618439180576227,"muestra_directa",FALSE,0.388717351094549,"muestra_directa",FALSE,TRUE,FALSE,"05","024","Parras"
46,-25.4904812527332,-41.6358325275686,-8.70147176729113,0.635487903213835,"muestra_directa",TRUE,0.380583090686504,"muestra_directa",TRUE,TRUE,TRUE,"05","026","Progreso"
47,-21.2919217185626,-37.1893063027882,-6.03744504514665,0.655221955363221,"muestra_directa",TRUE,0.442302738177595,"muestra_directa",FALSE,TRUE,TRUE,"05","027","Ramos Arizpe"
48,-23.4252663374017,-40.7724339729257,-5.81206659488459,0.616467678573127,"muestra_directa",TRUE,0.382215015199109,"muestra_directa",TRUE,TRUE,TRUE,"05","025","Piedras Negras"
49,-23.4452380484174,-40.5987598017081,-4.72015423488368,0.613256585974168,"sintetico_postestratificado",FALSE,0.378804205489994,"sintetico_postestratificado",FALSE,FALSE,FALSE,"05","028","Sabinas"
50,-21.0784695994949,-34.294568348351,-7.81599050991961,0.554035408788006,"muestra_directa",FALSE,0.343250712793058,"muestra_directa",FALSE,TRUE,FALSE,"05","030","Saltillo"
51,-22.1663469292582,-37.9888301574767,-3.34091249528788,0.603240561221488,"sintetico_postestratificado",FALSE,0.381577091928907,"sintetico_postestratificado",FALSE,FALSE,FALSE,"05","031","San Buenaventura"
52,-22.0483068506923,-39.0831201657991,-4.67927769691206,0.617383925268272,"sintetico_postestratificado",FALSE,0.396900856761349,"sintetico_postestratificado",FALSE,FALSE,FALSE,"05","016","Lamadrid"
53,-23.0076963607013,-41.8415039941598,-3.79831906316384,0.609907551944497,"sintetico_postestratificado",FALSE,0.379830588337484,"sintetico_postestratificado",FALSE,FALSE,FALSE,"05","004","Arteaga"
54,-21.6640633084435,-36.3977762300561,-5.55556249208427,0.592713535448656,"muestra_directa",FALSE,0.376072902364221,"muestra_directa",FALSE,TRUE,FALSE,"05","002","Acuña"
55,-23.1491003392813,-40.2412277892766,-3.49961913830733,0.618666147052772,"sintetico_postestratificado",FALSE,0.387175143659959,"sintetico_postestratificado",FALSE,FALSE,FALSE,"05","032","San Juan de Sabinas"
56,-22.5752318190376,-36.7278203010286,-7.49418286860851,0.580991226305102,"muestra_directa",TRUE,0.355238908114726,"muestra_directa",FALSE,TRUE,TRUE,"05","033","San Pedro"
57,-24.1497218229431,-41.4058705148199,-6.25434843675692,0.611093584126722,"sintetico_postestratificado",FALSE,0.369596365897291,"sintetico_postestratificado",FALSE,FALSE,FALSE,"05","009","Francisco I. Madero"
58,-23.8238561686029,-41.8785925628519,-5.95233031626704,0.607707170173322,"sintetico_postestratificado",FALSE,0.369468608487293,"sintetico_postestratificado",FALSE,FALSE,FALSE,"05","012","Guerrero"
59,-24.4265433436537,-41.9713073405028,-6.07251122344945,0.604364374644433,"sintetico_postestratificado",FALSE,0.360098941207896,"sintetico_postestratificado",FALSE,FALSE,FALSE,"05","006","Castaños"
60,-23.3258233946213,-40.6486227247967,-4.93228599516593,0.604179469945908,"sintetico_postestratificado",FALSE,0.370921235999694,"sintetico_postestratificado",FALSE,FALSE,FALSE,"05","003","Allende"
61,-23.6321501625704,-39.6348753275918,-5.79456484074716,0.613473590464109,"sintetico_postestratificado",FALSE,0.377152088838406,"sintetico_postestratificado",FALSE,FALSE,FALSE,"05","023","Ocampo"
62,-22.5250037946212,-38.5604951402709,-6.09673667464173,0.618040545000002,"sintetico_postestratificado",FALSE,0.39279050705379,"sintetico_postestratificado",FALSE,FALSE,FALSE,"05","008","Escobedo"
63,-23.2329756495766,-39.6170616087155,-5.11837095140072,0.617296311247134,"sintetico_postestratificado",FALSE,0.384966554751367,"sintetico_postestratificado",FALSE,FALSE,FALSE,"05","022","Nava"
64,-21.6059084964005,-38.7591619416316,-4.05158266518931,0.592562875860725,"sintetico_postestratificado",FALSE,0.376503790896721,"sintetico_postestratificado",FALSE,FALSE,FALSE,"05","019","Morelos"
65,-22.452726153269,-38.9314504880413,-5.51002031563212,0.600968336597113,"sintetico_postestratificado",FALSE,0.376441075064423,"sintetico_postestratificado",FALSE,FALSE,FALSE,"05","007","Cuatro Ciénegas"
66,-22.656282038351,-38.9000273765537,-4.9960881888492,0.612655164022815,"sintetico_postestratificado",FALSE,0.386092343639305,"sintetico_postestratificado",FALSE,FALSE,FALSE,"05","034","Sierra Mojada"
67,-23.1716351663101,-41.9811136933283,-5.35412421840581,0.601706740327856,"sintetico_postestratificado",FALSE,0.369990388664755,"sintetico_postestratificado",FALSE,FALSE,FALSE,"05","037","Villa Unión"
68,-22.532415614568,-40.007974338404,-4.03810587605877,0.588942132638322,"sintetico_postestratificado",FALSE,0.363617976492642,"sintetico_postestratificado",FALSE,FALSE,FALSE,"05","029","Sacramento"
69,-22.3025552726786,-40.7909741736252,-5.03432991665069,0.588302402861962,"sintetico_postestratificado",FALSE,0.365276850135176,"sintetico_postestratificado",FALSE,FALSE,FALSE,"05","001","Abasolo"
70,-22.6898773203813,-39.0398968875768,-6.32614116629548,0.566486141019449,"muestra_directa",TRUE,0.339587367815636,"muestra_directa",FALSE,TRUE,TRUE,"05","038","Zaragoza"
71,-22.046352391724,-38.4366207200339,-4.96860467154847,0.580883783392056,"sintetico_postestratificado",FALSE,0.360420259474816,"sintetico_postestratificado",FALSE,FALSE,FALSE,"05","021","Nadadores"
72,-23.0120651608107,-39.7894154654047,-5.22627053926665,0.583076030920091,"sintetico_postestratificado",FALSE,0.352955379311985,"sintetico_postestratificado",FALSE,FALSE,FALSE,"05","010","Frontera"
73,-23.5550316517722,-40.7014659550574,-4.72468191937732,0.634051107362918,"sintetico_postestratificado",FALSE,0.398500790845196,"sintetico_postestratificado",FALSE,FALSE,FALSE,"05","011","General Cepeda"
74,-23.9293440177881,-40.5384691968155,-6.24388206304346,0.600582888623699,"sintetico_postestratificado",FALSE,0.361289448445818,"sintetico_postestratificado",FALSE,FALSE,FALSE,"05","036","Viesca"
75,-23.4272469437944,-41.7277012266612,-5.89222756337866,0.600698223055192,"sintetico_postestratificado",FALSE,0.366425753617249,"sintetico_postestratificado",FALSE,FALSE,FALSE,"06","006","Ixtlahuacán"
76,-25.2828180967665,-39.4361023328602,-10.3675381116043,0.652962353309333,"muestra_directa",FALSE,0.400134172341668,"muestra_directa",FALSE,TRUE,FALSE,"06","002","Colima"
77,-22.9274491314249,-38.0573457794526,-6.25480884403274,0.58230195546841,"muestra_directa",TRUE,0.353027464154161,"muestra_directa",TRUE,TRUE,TRUE,"06","005","Cuauhtémoc"
78,-23.5553462714745,-40.4257678665913,-5.01853475041487,0.580997968038441,"muestra_directa",TRUE,0.345444505323696,"muestra_directa",TRUE,TRUE,TRUE,"06","008","Minatitlán"
79,-22.3775941412363,-38.8961753815098,-5.09966891298033,0.612894736004841,"muestra_directa",TRUE,0.389118794592478,"muestra_directa",TRUE,TRUE,TRUE,"06","001","Armería"
80,-22.8936972484035,-38.961662262586,-6.30239596568769,0.599394855971146,"muestra_directa",TRUE,0.370457883487111,"muestra_directa",TRUE,TRUE,TRUE,"06","004","Coquimatlán"
81,-22.3070896593248,-35.7181522168488,-8.08384309990294,0.605704784938236,"muestra_directa",FALSE,0.382633888344988,"muestra_directa",FALSE,TRUE,FALSE,"06","010","Villa de Álvarez"
82,-24.1084951611908,-38.3424670202498,-7.84564628028766,0.621752276251531,"muestra_directa",FALSE,0.380667324639623,"muestra_directa",FALSE,TRUE,FALSE,"06","003","Comala"
83,-25.9801332331851,-38.7938978734975,-13.2092273060217,0.623882895781702,"muestra_directa",FALSE,0.364081563449851,"muestra_directa",FALSE,TRUE,FALSE,"06","007","Manzanillo"
84,-24.0535816398368,-37.3503363731833,-9.33397190693383,0.612366434102817,"muestra_directa",FALSE,0.371830617704449,"muestra_directa",FALSE,TRUE,FALSE,"06","009","Tecomán"
85,-20.9656671075282,-37.7011259254109,-3.45607862783411,0.508027027950148,"muestra_directa",TRUE,0.298370356874867,"muestra_directa",FALSE,TRUE,TRUE,"07","019","Comitán de Domínguez"
86,-21.0928359990036,-39.0852574883571,-2.16774430515231,0.520542220848092,"sintetico_postestratificado",FALSE,0.309613860858056,"sintetico_postestratificado",FALSE,FALSE,FALSE,"07","090","Tapalapa"
87,-21.7010568334669,-38.0932746041632,-4.85337517359599,0.54062571537323,"muestra_directa",TRUE,0.323615147038561,"muestra_directa",TRUE,TRUE,TRUE,"07","020","La Concordia"
88,-21.1575621389363,-37.5442778995092,-5.00505795435234,0.505160644459542,"sintetico_postestratificado",FALSE,0.293585023070179,"sintetico_postestratificado",FALSE,FALSE,FALSE,"07","021","Copainalá"
89,-20.5332791480276,-36.8305370124705,-2.87417715794559,0.484298465067225,"sintetico_postestratificado",FALSE,0.278965673586949,"sintetico_postestratificado",FALSE,FALSE,FALSE,"07","079","San Fernando"
90,-21.7131386321448,-38.7136833970136,-4.45013490750328,0.512743871211288,"sintetico_postestratificado",FALSE,0.29561248488984,"sintetico_postestratificado",FALSE,FALSE,FALSE,"07","109","Yajalón"
91,-20.05166085235,-36.3872249454376,-2.86605711328393,0.470448059998625,"muestra_directa",TRUE,0.269931451475126,"muestra_directa",TRUE,TRUE,TRUE,"07","108","Villaflores"
92,-22.83857860016,-37.7411312911154,-7.08137783716819,0.503822980029595,"muestra_directa",TRUE,0.275437194027995,"muestra_directa",FALSE,TRUE,TRUE,"07","107","Villa Corzo"
93,-23.4135712903399,-39.6379046295176,-6.54309082715108,0.551568869305644,"sintetico_postestratificado",FALSE,0.317433156402245,"sintetico_postestratificado",FALSE,FALSE,FALSE,"07","106","Venustiano Carranza"
94,-21.741864203442,-39.016937974529,-4.1400180459208,0.504012481224611,"sintetico_postestratificado",FALSE,0.286593839190191,"sintetico_postestratificado",FALSE,FALSE,FALSE,"07","104","Tzimol"
95,-23.1253819083176,-38.7725106292827,-4.89435866656262,0.573366710397568,"muestra_directa",TRUE,0.342112891314391,"muestra_directa",FALSE,TRUE,TRUE,"07","103","Tuzantán"
96,-23.8485077828599,-42.1127678015047,-3.34770057912798,0.521984846656257,"sintetico_postestratificado",FALSE,0.283499768827657,"sintetico_postestratificado",FALSE,FALSE,FALSE,"07","102","Tuxtla Chico"
97,-19.8131088179111,-34.997085449139,-3.77021303512895,0.532219972578207,"muestra_directa",FALSE,0.334088884399096,"muestra_directa",FALSE,TRUE,FALSE,"07","101","Tuxtla Gutiérrez"
98,-23.9470936443042,-41.9196943629112,-5.71824965282394,0.514050300920352,"sintetico_postestratificado",FALSE,0.274579364477309,"sintetico_postestratificado",FALSE,FALSE,FALSE,"07","120","Capitán Luis Ángel Vidal"
99,-22.4772203399076,-39.7172454757196,-5.51387850710246,0.572485380282618,"sintetico_postestratificado",FALSE,0.347713176883542,"sintetico_postestratificado",FALSE,FALSE,FALSE,"07","074","Reforma"
100,-21.8869671083467,-39.6025468467825,-3.78530067971472,0.555745608451171,"sintetico_postestratificado",FALSE,0.336875937367703,"sintetico_postestratificado",FALSE,FALSE,FALSE,"07","075","Las Rosas"
101,-20.1843681167102,-35.3191247687569,-3.60003098156769,0.455910518430907,"muestra_directa",TRUE,0.254066837263805,"muestra_directa",FALSE,TRUE,TRUE,"07","057","Motozintla"
102,-23.0236669256136,-39.1906457907634,-5.33296592465498,0.549940995033189,"sintetico_postestratificado",FALSE,0.319704325777054,"sintetico_postestratificado",FALSE,FALSE,FALSE,"07","007","Amatenango del Valle"
103,-21.6965642671847,-38.1161472565762,-4.13319592875821,0.512149676379703,"sintetico_postestratificado",FALSE,0.295184033707856,"sintetico_postestratificado",FALSE,FALSE,FALSE,"07","111","Zinacantán"
104,-21.6725195480664,-40.3051684913576,-3.14713575205719,0.510177580113502,"sintetico_postestratificado",FALSE,0.293452384632838,"sintetico_postestratificado",FALSE,FALSE,FALSE,"07","054","Mazatán"
105,-21.5078204131416,-38.937581313313,-3.71337120079607,0.534681916645334,"muestra_directa",TRUE,0.319603712513918,"muestra_directa",TRUE,TRUE,TRUE,"07","076","Sabanilla"
106,-20.9431027460612,-37.4067949520109,-4.48126563763362,0.477660540524362,"sintetico_postestratificado",FALSE,0.26822951306375,"sintetico_postestratificado",FALSE,FALSE,FALSE,"07","081","Simojovel"
107,-22.016934050456,-38.6169068291848,-4.54552326767033,0.446173255295241,"sintetico_postestratificado",FALSE,0.226003914790681,"sintetico_postestratificado",FALSE,FALSE,FALSE,"07","063","Osumacinta"
108,-21.8622212333059,-38.3746564588929,-2.8301582655541,0.513127620531558,"sintetico_postestratificado",FALSE,0.294505408198499,"sintetico_postestratificado",FALSE,FALSE,FALSE,"07","110","San Lucas"
109,-20.2919511600081,-36.0101232393698,-3.80619372084003,0.473261908880494,"muestra_directa",TRUE,0.270342397280413,"muestra_directa",FALSE,TRUE,TRUE,"07","051","Mapastepec"
110,-21.9488984551648,-39.1967564829858,-3.44767712635584,0.499674853715206,"sintetico_postestratificado",FALSE,0.280185869163558,"sintetico_postestratificado",FALSE,FALSE,FALSE,"07","070","El Porvenir"
111,-23.7663983115091,-41.3034188783264,-7.89302481608803,0.576099603822548,"sintetico_postestratificado",FALSE,0.338435620707457,"sintetico_postestratificado",FALSE,FALSE,FALSE,"07","112","San Juan Cancuc"
112,-22.2037025119716,-40.3491836813453,-4.51755788719978,0.524486695055604,"sintetico_postestratificado",FALSE,0.302449669935887,"sintetico_postestratificado",FALSE,FALSE,FALSE,"07","050","La Libertad"
113,-22.187572954161,-38.9588192960535,-4.23221642821238,0.524488534663918,"muestra_directa",TRUE,0.302612805122307,"muestra_directa",TRUE,TRUE,TRUE,"07","022","Chalchihuitán"
114,-22.2518517686985,-38.2867994836781,-5.55777690997783,0.506451223066158,"sintetico_postestratificado",FALSE,0.283932705379173,"sintetico_postestratificado",FALSE,FALSE,FALSE,"07","053","Mazapa de Madero"
115,-21.9364442527893,-40.4251766759124,-3.16113770166304,0.550619930746705,"sintetico_postestratificado",FALSE,0.331255488218811,"sintetico_postestratificado",FALSE,FALSE,FALSE,"07","080","Siltepec"
116,-22.4634485631831,-39.7016101592493,-2.75145359870278,0.561726359231007,"sintetico_postestratificado",FALSE,0.337091873599176,"sintetico_postestratificado",FALSE,FALSE,FALSE,"07","049","Larráinzar"
117,-23.4827873998408,-39.7187386734435,-5.57698297927723,0.509257280657706,"sintetico_postestratificado",FALSE,0.274429406659297,"sintetico_postestratificado",FALSE,FALSE,FALSE,"07","065","Palenque"
118,-21.6618918989096,-37.9208310563167,-3.48984779373785,0.518866769124986,"sintetico_postestratificado",FALSE,0.30224785013589,"sintetico_postestratificado",FALSE,FALSE,FALSE,"07","086","Suchiapa"
119,-23.000286308561,-39.9506142815559,-4.42049941134544,0.542770700528866,"sintetico_postestratificado",FALSE,0.312767837443255,"sintetico_postestratificado",FALSE,FALSE,FALSE,"07","062","Ostuacán"
120,-21.6708852268951,-38.2414650570845,-2.52941533753167,0.559275585044097,"sintetico_postestratificado",FALSE,0.342566732775146,"sintetico_postestratificado",FALSE,FALSE,FALSE,"07","077","Salto de Agua"
121,-20.6629054813863,-38.6379628482623,-2.35335239037536,0.52247597729978,"sintetico_postestratificado",FALSE,0.315846922485917,"sintetico_postestratificado",FALSE,FALSE,FALSE,"07","082","Sitalá"
122,-22.834434447675,-40.5200441768073,-4.40933405903957,0.538285131851717,"sintetico_postestratificado",FALSE,0.309940787374967,"sintetico_postestratificado",FALSE,FALSE,FALSE,"07","024","Chanal"
123,-20.5989288295563,-37.8461418572475,-2.20319725108248,0.480002594893119,"sintetico_postestratificado",FALSE,0.274013306597556,"sintetico_postestratificado",FALSE,FALSE,FALSE,"07","121","Rincón Chamula San Pedro"
124,-21.5186123883136,-38.6177413762324,-3.4451106670473,0.496777403313064,"sintetico_postestratificado",FALSE,0.281591279429928,"sintetico_postestratificado",FALSE,FALSE,FALSE,"07","042","Ixhuatán"
125,-22.053138196585,-41.1248357607506,-4.52473631528041,0.539900778158656,"sintetico_postestratificado",FALSE,0.319369396192806,"sintetico_postestratificado",FALSE,FALSE,FALSE,"07","025","Chapultenango"
126,-21.6330207555373,-40.1283517462249,-3.47523793717543,0.484488791996604,"sintetico_postestratificado",FALSE,0.268158584441231,"sintetico_postestratificado",FALSE,FALSE,FALSE,"07","018","Coapilla"
127,-21.1155675382915,-36.7048117257803,-5.77242363362891,0.466236618680383,"muestra_directa",TRUE,0.255080943297468,"muestra_directa",FALSE,TRUE,TRUE,"07","052","Las Margaritas"
128,-24.8770620836892,-42.1636705174693,-7.16942581915778,0.548701720156032,"sintetico_postestratificado",FALSE,0.29993109931914,"sintetico_postestratificado",FALSE,FALSE,FALSE,"07","026","Chenalhó"
129,-22.7332594670477,-39.3233666694325,-6.49191838049481,0.512639097772478,"muestra_directa",TRUE,0.285306503102,"muestra_directa",TRUE,TRUE,TRUE,"07","083","Socoltenango"
130,-23.228705857263,-41.1888140134458,-5.21773760390973,0.531882537055109,"sintetico_postestratificado",FALSE,0.299595478482479,"sintetico_postestratificado",FALSE,FALSE,FALSE,"07","084","Solosuchiapa"
131,-24.1337480009776,-41.0175645852352,-7.68264108646884,0.497515615302218,"muestra_directa",TRUE,0.256178135292442,"muestra_directa",FALSE,TRUE,TRUE,"07","089","Tapachula"
132,-23.30344072737,-40.0704808760812,-6.56614709193254,0.54143450564414,"sintetico_postestratificado",FALSE,0.30840009837044,"sintetico_postestratificado",FALSE,FALSE,FALSE,"07","068","Pichucalco"
133,-21.3870971338338,-36.5400165432221,-5.13091844464237,0.513537216673134,"muestra_directa",TRUE,0.299666245334795,"muestra_directa",TRUE,TRUE,TRUE,"07","027","Chiapa de Corzo"
134,-22.6114825229265,-38.8005419673526,-5.31146913842266,0.532839249314809,"sintetico_postestratificado",FALSE,0.306724424085544,"sintetico_postestratificado",FALSE,FALSE,FALSE,"07","048","Juárez"
135,-20.315981522539,-37.2213833426321,-2.50165906460495,0.50572533222646,"muestra_directa",TRUE,0.302565517001069,"muestra_directa",TRUE,TRUE,TRUE,"07","046","Jiquipilas"
136,-21.145545985681,-40.7736189665735,-0.851346768555719,0.455386918644862,"sintetico_postestratificado",FALSE,0.243931458788051,"sintetico_postestratificado",FALSE,FALSE,FALSE,"07","105","Unión Juárez"
137,-23.4094066461939,-40.1387534087507,-4.78512042510054,0.522135268034604,"sintetico_postestratificado",FALSE,0.288041201572666,"sintetico_postestratificado",FALSE,FALSE,FALSE,"07","100","Tumbalá"
138,-22.7813562134387,-40.1297689957311,-5.9760218143056,0.530344325223089,"sintetico_postestratificado",FALSE,0.302530763088702,"sintetico_postestratificado",FALSE,FALSE,FALSE,"07","045","Ixtapangajoya"
139,-22.595799345917,-41.2652570563934,-2.83557693055915,0.512833924114325,"sintetico_postestratificado",FALSE,0.286875930655156,"sintetico_postestratificado",FALSE,FALSE,FALSE,"07","114","Benemérito de las Américas"
140,-21.2767561589082,-39.2740245858877,-3.84832054004403,0.515713495478718,"sintetico_postestratificado",FALSE,0.302945933889637,"sintetico_postestratificado",FALSE,FALSE,FALSE,"07","028","Chiapilla"
141,-21.8099315981634,-38.281277930429,-5.08525269115223,0.505027190026236,"sintetico_postestratificado",FALSE,0.286927874044601,"sintetico_postestratificado",FALSE,FALSE,FALSE,"07","029","Chicoasén"
142,-22.0207386496468,-39.943499300514,-4.25969409938392,0.473319094516413,"sintetico_postestratificado",FALSE,0.253111708019946,"sintetico_postestratificado",FALSE,FALSE,FALSE,"07","091","Tapilula"
143,-22.0230868847212,-40.5487552059568,-3.47966403235243,0.527315594381426,"sintetico_postestratificado",FALSE,0.307084725534214,"sintetico_postestratificado",FALSE,FALSE,FALSE,"07","073","Rayón"
144,-22.7357989444274,-39.7820451426627,-3.85212873079499,0.551891879966811,"sintetico_postestratificado",FALSE,0.324533890522538,"sintetico_postestratificado",FALSE,FALSE,FALSE,"07","030","Chicomuselo"
145,-23.4344835112623,-40.1519191258669,-5.47477525617786,0.593215169456192,"sintetico_postestratificado",FALSE,0.358870334343569,"sintetico_postestratificado",FALSE,FALSE,FALSE,"07","044","Ixtapa"
146,-19.5969694091838,-35.4648101386729,-3.44739532761259,0.430693386073276,"muestra_directa",TRUE,0.234723691981438,"muestra_directa",FALSE,TRUE,TRUE,"07","008","Ángel Albino Corzo"
147,-22.4118363655696,-40.0980625900829,-4.95642874318737,0.523663054647028,"sintetico_postestratificado",FALSE,0.299544690991332,"sintetico_postestratificado",FALSE,FALSE,FALSE,"07","009","Arriaga"
148,-22.4997633574058,-36.8920489829818,-6.19779833421833,0.568877023616671,"muestra_directa",TRUE,0.343879390042613,"muestra_directa",FALSE,TRUE,TRUE,"07","031","Chilón"
149,-21.0023585367895,-38.3133564726084,-2.51234816946924,0.511064652127467,"sintetico_postestratificado",FALSE,0.301041066759571,"sintetico_postestratificado",FALSE,FALSE,FALSE,"07","043","Ixtacomitán"
150,-21.8149316452432,-37.8363578207492,-4.28360835375803,0.559308232977827,"sintetico_postestratificado",FALSE,0.341158916525395,"sintetico_postestratificado",FALSE,FALSE,FALSE,"07","017","Cintalapa de Figueroa"
151,-22.4653478935573,-38.9856040955422,-3.66620184813378,0.562657773240075,"sintetico_postestratificado",FALSE,0.338004294304502,"sintetico_postestratificado",FALSE,FALSE,FALSE,"07","119","Santiago el Pinar"
152,-22.959323206645,-41.2663536096405,-3.99168551773887,0.560566582209993,"sintetico_postestratificado",FALSE,0.330973350143543,"sintetico_postestratificado",FALSE,FALSE,FALSE,"07","116","Marqués de Comillas"
153,-23.7294870561502,-39.091177086639,-5.34307833056784,0.587339404776906,"sintetico_postestratificado",FALSE,0.350044534215404,"sintetico_postestratificado",FALSE,FALSE,FALSE,"07","060","Ocotepec"
154,-24.6550153059046,-42.760669957321,-7.23649791386797,0.493604888076288,"muestra_directa",TRUE,0.247054735017242,"muestra_directa",TRUE,TRUE,TRUE,"07","058","Nicolás Ruíz"
155,-21.5441985219712,-39.4687573793569,-2.06067654679043,0.518147371334093,"sintetico_postestratificado",FALSE,0.302705386114381,"sintetico_postestratificado",FALSE,FALSE,FALSE,"07","041","La Independencia"
156,-24.0034560040656,-39.8847165962688,-6.66856890071808,0.514727907122847,"muestra_directa",TRUE,0.274693347082191,"muestra_directa",FALSE,TRUE,TRUE,"07","040","Huixtla"
157,-24.4111078388541,-41.5018014743905,-6.29390747020663,0.605983928618826,"sintetico_postestratificado",FALSE,0.361872850230285,"sintetico_postestratificado",FALSE,FALSE,FALSE,"07","056","Mitontic"
158,-23.8133482674079,-39.3559113511872,-7.70167628620065,0.5137841979225,"muestra_directa",FALSE,0.275650715248421,"muestra_directa",FALSE,TRUE,FALSE,"07","039","Huitiupán"
159,-21.3678841378269,-36.6452869516681,-5.88662051027655,0.461160943954529,"muestra_directa",FALSE,0.247482102576259,"muestra_directa",FALSE,TRUE,FALSE,"07","099","La Trinitaria"
160,-23.1034723419692,-39.6188082978493,-5.26956248384932,0.517876517802756,"sintetico_postestratificado",FALSE,0.286841794383064,"sintetico_postestratificado",FALSE,FALSE,FALSE,"07","097","Tonalá"
161,-23.8432048360424,-41.731621994522,-5.68222108663603,0.554764165372876,"sintetico_postestratificado",FALSE,0.316332117012452,"sintetico_postestratificado",FALSE,FALSE,FALSE,"07","096","Tila"
162,-22.6989063901981,-40.4243605748924,-4.16873689752086,0.547264877496269,"sintetico_postestratificado",FALSE,0.320275813594288,"sintetico_postestratificado",FALSE,FALSE,FALSE,"07","118","San Andrés Duraznal"
163,-22.2742982859481,-39.121919355767,-4.96769263854123,0.506875686536237,"sintetico_postestratificado",FALSE,0.284132703676756,"sintetico_postestratificado",FALSE,FALSE,FALSE,"07","122","El Parral"
164,-22.9796296020785,-39.4803757031619,-6.47635932887852,0.48516421383183,"sintetico_postestratificado",FALSE,0.255367917811045,"sintetico_postestratificado",FALSE,FALSE,FALSE,"07","038","Huixtán"
165,-21.2343044396179,-38.6144772635554,-3.2214554120498,0.476884647791896,"sintetico_postestratificado",FALSE,0.264541603395717,"sintetico_postestratificado",FALSE,FALSE,FALSE,"07","001","Acacoyagua"
166,-20.6410928959543,-39.0530941126148,-0.960062820244809,0.521059522791787,"sintetico_postestratificado",FALSE,0.314648593832244,"sintetico_postestratificado",FALSE,FALSE,FALSE,"07","036","La Grandeza"
167,-22.0088925293742,-38.371221449393,-5.01507302884185,0.514972405034195,"sintetico_postestratificado",FALSE,0.294883479740453,"sintetico_postestratificado",FALSE,FALSE,FALSE,"07","002","Acala"
168,-21.1598237359301,-38.5496398986502,-2.48818838065733,0.485256500215558,"sintetico_postestratificado",FALSE,0.273658262856257,"sintetico_postestratificado",FALSE,FALSE,FALSE,"07","003","Acapetahua"
169,-22.4303102578904,-39.8977239559438,-4.20181982232163,0.5205001172842,"sintetico_postestratificado",FALSE,0.296197014705296,"sintetico_postestratificado",FALSE,FALSE,FALSE,"07","011","Bella Vista"
170,-24.3570541626428,-42.2068980893787,-7.253091837359,0.541404691088722,"sintetico_postestratificado",FALSE,0.297834149462294,"sintetico_postestratificado",FALSE,FALSE,FALSE,"07","012","Berriozábal"
171,-23.9037584604391,-41.7689094226677,-7.18422345748077,0.557851822546789,"sintetico_postestratificado",FALSE,0.318814237942399,"sintetico_postestratificado",FALSE,FALSE,FALSE,"07","072","Pueblo Nuevo Solistahuacán"
172,-23.4777659271168,-40.6563487740501,-4.7346782209912,0.553538287987303,"sintetico_postestratificado",FALSE,0.318760628716134,"sintetico_postestratificado",FALSE,FALSE,FALSE,"07","037","Huehuetán"
173,-20.4551225371661,-37.7772181523809,-4.25260961945463,0.570508313385944,"sintetico_postestratificado",FALSE,0.365957088014283,"sintetico_postestratificado",FALSE,FALSE,FALSE,"07","023","Chamula"
174,-20.4337125198575,-38.629693979676,-2.63218293299314,0.496324153234922,"sintetico_postestratificado",FALSE,0.291987028036346,"sintetico_postestratificado",FALSE,FALSE,FALSE,"07","010","Bejucal de Ocampo"
175,-21.5955330737795,-38.8217437680776,-3.29974422659323,0.510570270986442,"sintetico_postestratificado",FALSE,0.294614940248647,"sintetico_postestratificado",FALSE,FALSE,FALSE,"07","004","Altamirano"
176,-22.6146246779373,-39.0540233333698,-4.65789865512914,0.511170940471912,"sintetico_postestratificado",FALSE,0.285024693692539,"sintetico_postestratificado",FALSE,FALSE,FALSE,"07","005","Amatán"
177,-21.5551087904792,-40.2266367330804,-1.03889360702938,0.485519059283788,"sintetico_postestratificado",FALSE,0.269967971378996,"sintetico_postestratificado",FALSE,FALSE,FALSE,"07","035","Frontera Hidalgo"
178,-22.2034410808355,-39.7906520730414,-1.91807135483052,0.475213622756069,"sintetico_postestratificado",FALSE,0.253179211947714,"sintetico_postestratificado",FALSE,FALSE,FALSE,"07","032","Escuintla"
179,-22.4084614635699,-37.3998469028369,-5.64044875950601,0.516743400830648,"muestra_directa",TRUE,0.292658786194949,"muestra_directa",TRUE,TRUE,TRUE,"07","013","Bochil"
180,-20.9706022311229,-38.0488204799743,-3.55043211593551,0.53100628836274,"sintetico_postestratificado",FALSE,0.32130026605151,"sintetico_postestratificado",FALSE,FALSE,FALSE,"07","014","El Bosque"
181,-22.5083416871123,-40.5834769871399,-3.84397244037197,0.498959063141877,"sintetico_postestratificado",FALSE,0.273875646270753,"sintetico_postestratificado",FALSE,FALSE,FALSE,"07","069","Pijijiapan"
182,-22.8778033612524,-39.6090815548651,-6.65095757580449,0.535149784230146,"muestra_directa",TRUE,0.306371750617622,"muestra_directa",TRUE,TRUE,TRUE,"07","094","Teopisca"
183,-22.2833729899128,-39.795733776889,-4.64640339178287,0.530318805104953,"sintetico_postestratificado",FALSE,0.307485075205826,"sintetico_postestratificado",FALSE,FALSE,FALSE,"07","092","Tecpatán"
184,-26.0335234905821,-44.6250983906085,-5.17112225291002,0.576096306791672,"sintetico_postestratificado",FALSE,0.315761071885852,"muestra_directa",TRUE,FALSE,TRUE,"07","015","Cacahoatán"
185,-23.3200582723075,-40.0029807862999,-4.17325614857344,0.556366855964459,"sintetico_postestratificado",FALSE,0.323166273241384,"sintetico_postestratificado",FALSE,FALSE,FALSE,"07","016","Catazajá"
186,-22.6715826842408,-38.6286075216028,-3.77232622103488,0.536689508617534,"sintetico_postestratificado",FALSE,0.309973681775126,"sintetico_postestratificado",FALSE,FALSE,FALSE,"07","047","Jitotol"
187,-20.5162700450306,-38.2030636308986,-1.33880409129378,0.502729592526781,"sintetico_postestratificado",FALSE,0.297566892076475,"sintetico_postestratificado",FALSE,FALSE,FALSE,"07","006","Amatenango de la Frontera"
188,-21.5058271823759,-37.068258741144,-5.91472958757431,0.562892082235866,"muestra_directa",TRUE,0.347833810412106,"muestra_directa",FALSE,TRUE,TRUE,"07","078","San Cristóbal de las Casas"
189,-20.591404900134,-38.7568576630356,-2.22142996753268,0.513152056511298,"sintetico_postestratificado",FALSE,0.307238007509957,"sintetico_postestratificado",FALSE,FALSE,FALSE,"07","033","Francisco León"
190,-20.0803342891095,-38.9296078420295,-0.402913487527264,0.476142893541185,"sintetico_postestratificado",FALSE,0.27533955065009,"sintetico_postestratificado",FALSE,FALSE,FALSE,"07","117","Montecristo de Guerrero"
191,-20.6365214782243,-37.8360929414854,-2.82401714521397,0.488658569730568,"muestra_directa",TRUE,0.282293354948325,"muestra_directa",TRUE,TRUE,TRUE,"07","115","Maravilla Tenejapa"
192,-22.5445083868935,-42.4718435371545,-2.69522099066847,0.538899865836884,"sintetico_postestratificado",FALSE,0.313454781967949,"sintetico_postestratificado",FALSE,FALSE,FALSE,"07","071","Villa Comaltitlán"
193,-22.5586605903537,-38.6167345503703,-5.67927364326708,0.488990996519916,"sintetico_postestratificado",FALSE,0.263404390616379,"sintetico_postestratificado",FALSE,FALSE,FALSE,"07","066","Pantelhó"
194,-21.6338417047923,-38.0396744606235,-3.74710580832593,0.50058454348882,"sintetico_postestratificado",FALSE,0.284246126440897,"sintetico_postestratificado",FALSE,FALSE,FALSE,"07","113","Aldama"
195,-21.0974220778376,-37.9539039927076,-2.71975739613308,0.492862443192483,"sintetico_postestratificado",FALSE,0.281888222414106,"sintetico_postestratificado",FALSE,FALSE,FALSE,"07","098","Totolapa"
196,-20.027563516002,-37.9978340058091,-1.96176382136958,0.49948207626231,"sintetico_postestratificado",FALSE,0.29920644110229,"sintetico_postestratificado",FALSE,FALSE,FALSE,"07","093","Tenejapa"
197,-22.1349311079269,-39.5717961029378,-3.80574400147748,0.503493682155654,"sintetico_postestratificado",FALSE,0.282144371076385,"sintetico_postestratificado",FALSE,FALSE,FALSE,"07","064","Oxchuc"
198,-23.5779748618525,-41.6872602574113,-6.11261242367358,0.510219080922131,"sintetico_postestratificado",FALSE,0.274439332303605,"sintetico_postestratificado",FALSE,FALSE,FALSE,"07","059","Ocosingo"
199,-21.5478330116857,-38.4482668565416,-5.1285735725016,0.479280896738287,"muestra_directa",TRUE,0.26380256662143,"muestra_directa",TRUE,TRUE,TRUE,"07","061","Ocozocoautla de Espinosa"
200,-22.6343162624411,-41.2813001277489,-3.54003890830139,0.55739173876738,"sintetico_postestratificado",FALSE,0.331048576142968,"sintetico_postestratificado",FALSE,FALSE,FALSE,"07","088","Sunuapa"
201,-22.0286494486407,-39.2061178897317,-2.00453637929465,0.476994933011418,"muestra_directa",TRUE,0.256708438525012,"muestra_directa",TRUE,TRUE,TRUE,"07","087","Suchiate"
202,-20.6784791715497,-37.7129174346359,-3.28133364823758,0.433353112943274,"sintetico_postestratificado",FALSE,0.226568321227777,"sintetico_postestratificado",FALSE,FALSE,FALSE,"07","085","Soyaló"
203,-22.3257831581807,-40.0015606641406,-4.98112576292431,0.484822144781104,"sintetico_postestratificado",FALSE,0.261564313199297,"sintetico_postestratificado",FALSE,FALSE,FALSE,"07","124","Mezcalapa"
204,-20.7902392576743,-38.4156352633805,-3.00391314452146,0.496543223984605,"sintetico_postestratificado",FALSE,0.288640831407862,"sintetico_postestratificado",FALSE,FALSE,FALSE,"07","067","Pantepec"
206,-22.827325553657,-42.4065160568993,-1.01262947076489,0.530141501857387,"sintetico_postestratificado",FALSE,0.301868246320817,"sintetico_postestratificado",FALSE,FALSE,FALSE,"07","055","Metapa"
207,-21.8289607696616,-38.7690306645171,-3.47434134539382,0.532090593384127,"sintetico_postestratificado",FALSE,0.313800985687511,"sintetico_postestratificado",FALSE,FALSE,FALSE,"07","123","Emiliano Zapata"
208,-21.3548636897021,-38.8388352500397,-4.3107214739105,0.504604053379275,"sintetico_postestratificado",FALSE,0.291055416482255,"sintetico_postestratificado",FALSE,FALSE,FALSE,"07","034","Frontera Comalapa"
209,-22.9120310752128,-40.5100857810968,-6.45876019386446,0.590806332830044,"sintetico_postestratificado",FALSE,0.361686022077916,"sintetico_postestratificado",FALSE,FALSE,FALSE,"08","067","Valle de Zaragoza"
210,-22.3426043963187,-39.3046671088075,-3.94799436420191,0.609130365257147,"sintetico_postestratificado",FALSE,0.38570432129396,"sintetico_postestratificado",FALSE,FALSE,FALSE,"08","043","Matachí"
211,-24.4367243005611,-41.7216493526746,-6.51899807233953,0.600002711147599,"sintetico_postestratificado",FALSE,0.355635468141988,"sintetico_postestratificado",FALSE,FALSE,FALSE,"08","058","San Francisco de Conchos"
212,-21.1395456591253,-38.6910111847261,-1.79641956736791,0.624179847125936,"sintetico_postestratificado",FALSE,0.412784390534682,"sintetico_postestratificado",FALSE,FALSE,FALSE,"08","056","Rosario"
213,-21.9156418532404,-39.9422304072546,-2.36742643940652,0.60555393195679,"sintetico_postestratificado",FALSE,0.386397513424386,"sintetico_postestratificado",FALSE,FALSE,FALSE,"08","054","Riva Palacio"
214,-21.511213624045,-37.9799768326177,-2.97203792055051,0.613897481537432,"sintetico_postestratificado",FALSE,0.398785345296981,"sintetico_postestratificado",FALSE,FALSE,FALSE,"08","018","Cusihuiriachi"
215,-23.2777087428676,-39.4357269981162,-7.27747025568937,0.599560419922776,"sintetico_postestratificado",FALSE,0.3667833324941,"sintetico_postestratificado",FALSE,FALSE,FALSE,"08","007","Balleza"
216,-22.0554827914034,-38.3185759436545,-5.12261684412453,0.583308582094634,"sintetico_postestratificado",FALSE,0.3627537541806,"sintetico_postestratificado",FALSE,FALSE,FALSE,"08","001","Ahumada"
217,-21.2644614083998,-39.2950324031401,-2.4858758520802,0.553791904423649,"sintetico_postestratificado",FALSE,0.341147290339651,"sintetico_postestratificado",FALSE,FALSE,FALSE,"08","041","Maguarichi"
218,-22.9099328470428,-40.721956450966,-5.11456001968094,0.591243960860296,"sintetico_postestratificado",FALSE,0.362144632389868,"sintetico_postestratificado",FALSE,FALSE,FALSE,"08","057","San Francisco de Borja"
219,-21.8650584243618,-40.8133755980025,-1.19463688432813,0.511841979930685,"sintetico_postestratificado",FALSE,0.293191395687067,"sintetico_postestratificado",FALSE,FALSE,FALSE,"08","053","Praxedis G. Guerrero"
220,-20.9900925961165,-38.5671955944682,-3.13185510570431,0.500412948077957,"sintetico_postestratificado",FALSE,0.290512022116792,"sintetico_postestratificado",FALSE,FALSE,FALSE,"08","051","Ocampo"
221,-18.4753230235884,-32.9081869566397,-2.41452387996352,0.533773183328543,"muestra_directa",FALSE,0.349019953092658,"muestra_directa",FALSE,TRUE,FALSE,"08","050","Nuevo Casas Grandes"
222,-21.0023071585472,-37.4835460015378,-4.00878243326825,0.535914691087704,"muestra_directa",TRUE,0.325891619502232,"muestra_directa",TRUE,TRUE,TRUE,"08","031","Guerrero"
223,-22.8422878728624,-39.9569355948405,-6.94012855309262,0.587183148489251,"muestra_directa",TRUE,0.358760269760627,"muestra_directa",TRUE,TRUE,TRUE,"08","055","Rosales"
224,-21.3177214356333,-37.8566011877012,-3.08763268937295,0.541422334377311,"muestra_directa",TRUE,0.328245120020978,"muestra_directa",TRUE,TRUE,TRUE,"08","025","Gómez Farías"
225,-21.9149744044141,-37.9198713290886,-5.7474211198813,0.57403437482908,"muestra_directa",TRUE,0.354884630784939,"muestra_directa",TRUE,TRUE,TRUE,"08","023","Galeana"
226,-20.4628845289454,-37.9592489089848,-4.3565362372691,0.611820570203967,"sintetico_postestratificado",FALSE,0.407191724914514,"sintetico_postestratificado",FALSE,FALSE,FALSE,"08","022","Dr. Belisario Domínguez"
227,-23.030598934516,-38.9715202301571,-6.14421818776371,0.628186397258186,"sintetico_postestratificado",FALSE,0.397880407913026,"sintetico_postestratificado",FALSE,FALSE,FALSE,"08","014","Coronado"
228,-22.6020100923793,-39.643698293656,-6.0480461007455,0.599798751015975,"sintetico_postestratificado",FALSE,0.373778650092182,"sintetico_postestratificado",FALSE,FALSE,FALSE,"08","003","Allende"
229,-25.9636366091129,-41.2487838615104,-10.94376236278,0.655499440366135,"muestra_directa",FALSE,0.395863074275007,"muestra_directa",FALSE,TRUE,FALSE,"08","021","Delicias"
230,-21.626451650538,-38.4434667852766,-3.00022430093849,0.590458091532237,"sintetico_postestratificado",FALSE,0.374193575026857,"sintetico_postestratificado",FALSE,FALSE,FALSE,"08","020","Chínipas"
231,-23.3541978003171,-38.8478354772367,-6.66395487506254,0.619158332710978,"muestra_directa",TRUE,0.385616354707807,"muestra_directa",FALSE,TRUE,TRUE,"08","017","Cuauhtémoc"
232,-22.7691266769776,-40.7436266147119,-3.18913331344814,0.588453903826792,"sintetico_postestratificado",FALSE,0.360762637057015,"sintetico_postestratificado",FALSE,FALSE,FALSE,"08","016","La Cruz"
233,-21.1403624510688,-37.9136440965439,-3.13352837255629,0.564197353148231,"sintetico_postestratificado",FALSE,0.352793728637543,"sintetico_postestratificado",FALSE,FALSE,FALSE,"08","015","Coyame del Sotol"
234,-22.0825744942085,-38.1705198171044,-5.39249238318119,0.577536235638642,"muestra_directa",TRUE,0.356710490696557,"muestra_directa",TRUE,TRUE,TRUE,"08","052","Ojinaga"
235,-22.8227398040433,-39.4604947377077,-4.90178158430998,0.618034740704012,"muestra_directa",TRUE,0.389807342663579,"muestra_directa",TRUE,TRUE,TRUE,"08","013","Casas Grandes"
236,-23.1952055444937,-40.7416079997355,-5.15201184446846,0.589877587985573,"sintetico_postestratificado",FALSE,0.357925532540636,"sintetico_postestratificado",FALSE,FALSE,FALSE,"08","012","Carichí"
237,-21.6805049133349,-36.9399440307396,-5.91391850040887,0.541904961368254,"muestra_directa",FALSE,0.325099912234905,"muestra_directa",FALSE,TRUE,FALSE,"08","011","Camargo"
238,-21.9525821623113,-39.5498641973271,-4.13652424237411,0.582764270941667,"sintetico_postestratificado",FALSE,0.363238449318554,"sintetico_postestratificado",FALSE,FALSE,FALSE,"08","010","Buenaventura"
239,-21.2826279216024,-38.2057602436887,-2.95690571398543,0.502514546286573,"sintetico_postestratificado",FALSE,0.289688267070549,"sintetico_postestratificado",FALSE,FALSE,FALSE,"08","009","Bocoyna"
240,-22.7647944911769,-40.4806378676042,-5.61826301093158,0.510739666934505,"sintetico_postestratificado",FALSE,0.283091722022736,"sintetico_postestratificado",FALSE,FALSE,FALSE,"08","008","Batopilas de Manuel Gómez Morín"
241,-22.2277812501226,-41.2611492087082,-3.7775966415211,0.507874088778063,"muestra_directa",TRUE,0.285596276276836,"muestra_directa",TRUE,TRUE,TRUE,"08","006","Bachíniva"
242,-22.2012908839262,-39.4878100753469,-3.07977366986612,0.6079796066247,"muestra_directa",TRUE,0.385966697785438,"muestra_directa",TRUE,TRUE,TRUE,"08","004","Aquiles Serdán"
243,-23.8351376002373,-40.4534202305355,-5.88241919452403,0.595802932951826,"sintetico_postestratificado",FALSE,0.357451556949454,"sintetico_postestratificado",FALSE,FALSE,FALSE,"08","005","Ascensión"
244,-22.5200067014309,-37.6586571829627,-5.08368460672833,0.655513523510709,"muestra_directa",TRUE,0.430313456496399,"muestra_directa",TRUE,TRUE,TRUE,"08","032","Hidalgo del Parral"
245,-20.4195366071298,-37.364327239932,-2.82401322950516,0.591801876496081,"sintetico_postestratificado",FALSE,0.387606510424784,"sintetico_postestratificado",FALSE,FALSE,FALSE,"08","042","Manuel Benavides"
246,-21.5370286124462,-39.2907073061721,-3.81042806455678,0.571408757597831,"sintetico_postestratificado",FALSE,0.356038471473369,"sintetico_postestratificado",FALSE,FALSE,FALSE,"08","040","Madera"
247,-21.0740548321306,-38.1834630840553,-2.77008651890635,0.582069514267946,"sintetico_postestratificado",FALSE,0.37132896594664,"sintetico_postestratificado",FALSE,FALSE,FALSE,"08","039","López"
248,-20.5937573459639,-38.0284723337828,-1.41624919732528,0.567931783108697,"sintetico_postestratificado",FALSE,0.361994209649057,"sintetico_postestratificado",FALSE,FALSE,FALSE,"08","038","Julimes"
249,-20.4988686671575,-37.3767017011906,-3.32752196514347,0.583146625338211,"sintetico_postestratificado",FALSE,0.378157938666636,"sintetico_postestratificado",FALSE,FALSE,FALSE,"08","035","Janos"
250,-22.6469673847083,-40.7791352951743,-4.87596532391772,0.576343423324992,"sintetico_postestratificado",FALSE,0.349873749477909,"sintetico_postestratificado",FALSE,FALSE,FALSE,"08","034","Ignacio Zaragoza"
251,-25.3205795463106,-42.2544475604126,-7.96853099285012,0.616134331997635,"sintetico_postestratificado",FALSE,0.362928536534529,"sintetico_postestratificado",FALSE,FALSE,FALSE,"08","033","Huejotitán"
252,-24.1926756084516,-40.5030210340603,-5.89549153122184,0.598925975996884,"sintetico_postestratificado",FALSE,0.356999219912369,"sintetico_postestratificado",FALSE,FALSE,FALSE,"08","063","Temósachic"
253,-23.6958630366248,-40.3532074580288,-6.85648119872723,0.582209131763791,"sintetico_postestratificado",FALSE,0.345250501397543,"sintetico_postestratificado",FALSE,FALSE,FALSE,"08","061","Satevó"
254,-23.2518221869054,-39.6960084534627,-4.35288724683987,0.577791218596947,"sintetico_postestratificado",FALSE,0.345272996727893,"sintetico_postestratificado",FALSE,FALSE,FALSE,"08","062","Saucillo"
255,-24.2579408013281,-41.5761772679331,-5.54592012478329,0.621681495960735,"sintetico_postestratificado",FALSE,0.379102087947454,"sintetico_postestratificado",FALSE,FALSE,FALSE,"08","030","Guazapares"
256,-21.5404194979891,-39.2936081121186,-2.86547419975315,0.61298828755032,"sintetico_postestratificado",FALSE,0.397584092570429,"sintetico_postestratificado",FALSE,FALSE,FALSE,"08","028","Guadalupe"
257,-22.4757921331458,-38.9425546549488,-4.1715780014374,0.613148806556554,"sintetico_postestratificado",FALSE,0.388390885225095,"sintetico_postestratificado",FALSE,FALSE,FALSE,"08","027","Guachochi"
258,-20.1516287531158,-36.5767084117588,-3.61257859944216,0.511576608154059,"sintetico_postestratificado",FALSE,0.310060320622901,"sintetico_postestratificado",FALSE,FALSE,FALSE,"08","026","Gran Morelos"
259,-22.9879335039138,-34.6286986613643,-10.9030395196248,0.608573788406887,"muestra_directa",FALSE,0.378694453367749,"muestra_directa",FALSE,TRUE,FALSE,"08","019","Chihuahua"
260,-21.0974531518773,-36.2784325595596,-4.42284328101387,0.592625351202619,"muestra_directa",TRUE,0.381650819683846,"muestra_directa",TRUE,TRUE,TRUE,"08","064","El Tule"
261,-22.6785900157338,-38.4066452241128,-5.15870689113719,0.591736671985417,"sintetico_postestratificado",FALSE,0.364950771828079,"sintetico_postestratificado",FALSE,FALSE,FALSE,"08","024","Santa Isabel"
262,-23.1125765867146,-34.1457598971616,-11.5234649267904,0.596903929811909,"muestra_directa",FALSE,0.365778163944763,"muestra_directa",FALSE,TRUE,FALSE,"08","037","Juárez"
263,-23.7085881808568,-40.3849101620419,-5.0752783185709,0.607312325291883,"sintetico_postestratificado",FALSE,0.370226443483316,"sintetico_postestratificado",FALSE,FALSE,FALSE,"08","059","San Francisco del Oro"
264,-23.2667485161775,-39.524586887068,-6.01003996415968,0.629825255596199,"sintetico_postestratificado",FALSE,0.397157770434424,"sintetico_postestratificado",FALSE,FALSE,FALSE,"08","066","Uruachi"
265,-24.2297471844694,-41.5254845627591,-5.91684224865928,0.630291087445681,"sintetico_postestratificado",FALSE,0.387993615600987,"sintetico_postestratificado",FALSE,FALSE,FALSE,"08","065","Urique"
266,-24.8842075758369,-41.0468443520817,-6.5443330566945,0.606595770902001,"sintetico_postestratificado",FALSE,0.357753695143632,"sintetico_postestratificado",FALSE,FALSE,FALSE,"08","060","Santa Bárbara"
267,-24.0803514112565,-39.6231336848397,-6.72144151910723,0.61915371285118,"sintetico_postestratificado",FALSE,0.378350198738614,"sintetico_postestratificado",FALSE,FALSE,FALSE,"08","044","Matamoros"
268,-23.8594298690215,-40.9577313950923,-5.75061453289178,0.643795404434063,"sintetico_postestratificado",FALSE,0.405201105743849,"sintetico_postestratificado",FALSE,FALSE,FALSE,"08","045","Meoqui"
269,-23.4068440127085,-41.4861911871454,-4.68636734941123,0.600439754680881,"sintetico_postestratificado",FALSE,0.366371314553795,"sintetico_postestratificado",FALSE,FALSE,FALSE,"08","046","Morelos"
270,-22.348535979393,-39.6849900121481,-3.52555611245048,0.59554650822538,"sintetico_postestratificado",FALSE,0.372061148431449,"sintetico_postestratificado",FALSE,FALSE,FALSE,"08","047","Moris"
271,-21.4106774477913,-38.2818011002175,-3.21669010018846,0.579443634627519,"sintetico_postestratificado",FALSE,0.365336860149606,"sintetico_postestratificado",FALSE,FALSE,FALSE,"08","048","Namiquipa"
272,-21.6749187725084,-38.9713130480631,-3.74275527167631,0.617232818017676,"sintetico_postestratificado",FALSE,0.400483630292592,"sintetico_postestratificado",FALSE,FALSE,FALSE,"08","029","Guadalupe y Calvo"
273,-23.9035364575619,-38.5116652537974,-8.3504880392021,0.616175859758471,"muestra_directa",FALSE,0.377140495182852,"muestra_directa",FALSE,TRUE,FALSE,"08","036","Jiménez"
274,-21.1394637921911,-37.6783124812485,-3.56044446063308,0.537304951252196,"sintetico_postestratificado",FALSE,0.325910313330285,"sintetico_postestratificado",FALSE,FALSE,FALSE,"08","049","Nonoava"
275,-22.6453438594377,-37.6791997984196,-6.44776430958024,0.591691864717097,"muestra_directa",FALSE,0.36523842612272,"muestra_directa",FALSE,TRUE,FALSE,"08","002","Aldama"
276,-24.7013441144872,-37.3813403485644,-11.479251436745,0.633814650009643,"muestra_directa",FALSE,0.386801208864771,"muestra_directa",FALSE,TRUE,FALSE,"09","012","Tlalpan"
277,-25.0287775568705,-39.5883496847823,-10.0299671773761,0.644263930192788,"muestra_directa",FALSE,0.393976154624084,"muestra_directa",FALSE,TRUE,FALSE,"09","009","Milpa Alta"
278,-29.8341454466112,-44.0781058630276,-15.4764796166545,0.640738587141088,"muestra_directa",FALSE,0.342397132674976,"muestra_directa",FALSE,TRUE,FALSE,"09","015","Cuauhtémoc"
279,-27.5437472394429,-36.0895785228929,-18.2528132364727,0.697031276506781,"muestra_directa",FALSE,0.421593804112353,"muestra_directa",FALSE,TRUE,FALSE,"09","007","Iztapalapa"
280,-28.3069360502871,-43.3456078596088,-12.5501301877953,0.656981536291455,"muestra_directa",FALSE,0.373912175788584,"muestra_directa",FALSE,TRUE,FALSE,"09","008","La Magdalena Contreras"
281,-29.0875348315183,-41.6787234796681,-16.9424514463217,0.625307956063024,"muestra_directa",FALSE,0.334432607747841,"muestra_directa",FALSE,TRUE,FALSE,"09","010","Álvaro Obregón"
282,-25.7923855785358,-39.9638175992667,-10.0697548544551,0.593712099746551,"muestra_directa",FALSE,0.335788243961193,"muestra_directa",FALSE,TRUE,FALSE,"09","003","Coyoacán"
283,-28.5675700624554,-42.9772838913903,-13.7440132428585,0.653152684064158,"muestra_directa",FALSE,0.367476983439604,"muestra_directa",FALSE,TRUE,FALSE,"09","016","Miguel Hidalgo"
284,-27.9717917996414,-43.8283061881683,-11.6686041273713,0.635446142241664,"muestra_directa",TRUE,0.35572822424525,"muestra_directa",TRUE,TRUE,TRUE,"09","004","Cuajimalpa de Morelos"
285,-25.2892918761302,-38.0385934535002,-11.8396131187915,0.602931765523058,"muestra_directa",FALSE,0.350038846761757,"muestra_directa",FALSE,TRUE,FALSE,"09","006","Iztacalco"
286,-25.778262485414,-39.6104577787509,-11.6359616619704,0.63344667006793,"muestra_directa",FALSE,0.37566404521379,"muestra_directa",FALSE,TRUE,FALSE,"09","011","Tláhuac"
287,-23.6688977337448,-36.4859791060635,-10.9544137318573,0.546623465253216,"muestra_directa",FALSE,0.309934487915768,"muestra_directa",FALSE,TRUE,FALSE,"09","013","Xochimilco"
288,-25.2793781119977,-35.7906476995716,-14.3194585697212,0.705152218673297,"muestra_directa",FALSE,0.45235843755332,"muestra_directa",FALSE,TRUE,FALSE,"09","005","Gustavo A. Madero"
289,-24.111521916987,-38.3883596903046,-8.36483770029323,0.667014729196257,"muestra_directa",FALSE,0.425899510026387,"muestra_directa",FALSE,TRUE,FALSE,"09","002","Azcapotzalco"
290,-24.4473544356305,-37.1004993544731,-10.7675497949887,0.632575032960171,"muestra_directa",FALSE,0.388101488603866,"muestra_directa",FALSE,TRUE,FALSE,"09","017","Venustiano Carranza"
291,-26.7989846245691,-41.0398793254308,-10.7691260310196,0.628320707730595,"muestra_directa",TRUE,0.360330861484905,"muestra_directa",FALSE,TRUE,TRUE,"09","014","Benito Juárez"
292,-20.6907631295415,-35.3674350246737,-5.10201674982563,0.639512132136614,"muestra_directa",FALSE,0.432604500841199,"muestra_directa",FALSE,TRUE,FALSE,"10","006","General Simón Bolívar"
293,-23.3464662750555,-38.6327059574237,-7.88227890569379,0.580694276991418,"muestra_directa",FALSE,0.347229614240863,"muestra_directa",FALSE,TRUE,FALSE,"10","008","Guadalupe Victoria"
294,-23.1608210119234,-40.9485014674463,-5.63755580877406,0.562626628950316,"sintetico_postestratificado",FALSE,0.331018418831081,"sintetico_postestratificado",FALSE,FALSE,FALSE,"10","009","Guanaceví"
295,-22.7229384182162,-39.3159734452994,-6.36288101578346,0.627157573265158,"sintetico_postestratificado",FALSE,0.399928189082996,"sintetico_postestratificado",FALSE,FALSE,FALSE,"10","010","Hidalgo"
296,-24.2273692592486,-43.4497291344986,-6.61694864473465,0.595892575410356,"sintetico_postestratificado",FALSE,0.35361888281787,"sintetico_postestratificado",FALSE,FALSE,FALSE,"10","029","San Luis del Cordero"
297,-22.6608801597774,-39.3455813042814,-4.93632650275183,0.593632408853285,"sintetico_postestratificado",FALSE,0.36702360725551,"sintetico_postestratificado",FALSE,FALSE,FALSE,"10","031","Santa Clara"
298,-21.1153791963141,-37.7256952450855,-3.66361692759091,0.575662038558698,"sintetico_postestratificado",FALSE,0.364508246595557,"sintetico_postestratificado",FALSE,FALSE,FALSE,"10","011","Indé"
299,-21.8963686327397,-39.2338205265521,-5.61731066153312,0.60352720011974,"muestra_directa",TRUE,0.384563513792343,"muestra_directa",FALSE,TRUE,TRUE,"10","038","Vicente Guerrero"
300,-22.4844640791178,-38.8188599171362,-6.15184047536641,0.549126352718388,"sintetico_postestratificado",FALSE,0.324281711927211,"sintetico_postestratificado",FALSE,FALSE,FALSE,"10","030","San Pedro del Gallo"
301,-23.2259715451394,-38.8461338527878,-6.96712160598347,0.605454436859513,"sintetico_postestratificado",FALSE,0.373194721408119,"sintetico_postestratificado",FALSE,FALSE,FALSE,"10","023","Pueblo Nuevo"
302,-24.6863223007829,-40.6562629506623,-7.21310603173599,0.565176838111285,"sintetico_postestratificado",FALSE,0.318313615103455,"sintetico_postestratificado",FALSE,FALSE,FALSE,"10","025","San Bernardo"
303,-23.6875678614735,-39.1171397156895,-8.35605118531577,0.548390515396092,"muestra_directa",TRUE,0.311514836781357,"muestra_directa",TRUE,TRUE,TRUE,"10","032","Santiago Papasquiaro"
304,-24.5945093735467,-41.2055920453098,-5.83284393075703,0.595488453445186,"sintetico_postestratificado",FALSE,0.349543359709719,"sintetico_postestratificado",FALSE,FALSE,FALSE,"10","027","San Juan de Guadalupe"
305,-22.2933695323004,-33.2725335245789,-10.8767033484589,0.532735492469297,"muestra_directa",FALSE,0.309801797146292,"muestra_directa",FALSE,TRUE,FALSE,"10","007","Gómez Palacio"
306,-22.3664256185775,-38.7719935549815,-5.25712102136469,0.557861640118725,"sintetico_postestratificado",FALSE,0.33419738393295,"sintetico_postestratificado",FALSE,FALSE,FALSE,"10","015","Nazas"
307,-24.0388626091444,-40.3600634588344,-6.91094513915156,0.575108442756553,"sintetico_postestratificado",FALSE,0.334719816665109,"sintetico_postestratificado",FALSE,FALSE,FALSE,"10","035","Tepehuanes"
308,-23.7592050270612,-40.252736199609,-7.69890693595591,0.608333280101597,"muestra_directa",TRUE,0.370741229830985,"muestra_directa",TRUE,TRUE,TRUE,"10","022","Poanas"
309,-22.9437030667515,-38.4679472277764,-8.38910332964268,0.654570537417121,"muestra_directa",TRUE,0.425133506749606,"muestra_directa",FALSE,TRUE,TRUE,"10","028","San Juan del Río"
310,-21.8624644865579,-38.8557132490248,-3.82451926514828,0.57887159567435,"sintetico_postestratificado",FALSE,0.360246950808771,"sintetico_postestratificado",FALSE,FALSE,FALSE,"10","017","Ocampo"
311,-21.5589433004343,-39.8153199525386,-4.68381121110958,0.530207582866387,"sintetico_postestratificado",FALSE,0.314618149862044,"sintetico_postestratificado",FALSE,FALSE,FALSE,"10","001","Canatlán"
312,-20.8824732303288,-31.9946012352457,-9.25311679755972,0.634122284139028,"muestra_directa",FALSE,0.42529755183574,"muestra_directa",FALSE,TRUE,FALSE,"10","005","Durango"
313,-21.279602628581,-39.230501518977,-3.8730764157928,0.563754439668124,"sintetico_postestratificado",FALSE,0.350958413382314,"sintetico_postestratificado",FALSE,FALSE,FALSE,"10","037","Topia"
314,-19.8502789279572,-35.2999196878267,-3.13340209298607,0.560869818822895,"muestra_directa",FALSE,0.362367029543323,"muestra_directa",FALSE,TRUE,FALSE,"10","033","Súchil"
315,-22.3727682336759,-39.3171923260766,-4.77804826553979,0.576838216214087,"sintetico_postestratificado",FALSE,0.353110533877328,"sintetico_postestratificado",FALSE,FALSE,FALSE,"10","036","Tlahualilo"
316,-24.2859560792246,-37.5330221657846,-9.67169747722052,0.638199830102963,"muestra_directa",FALSE,0.395340269310717,"muestra_directa",FALSE,TRUE,FALSE,"10","012","Lerdo"
317,-23.2048233866461,-40.6407148014691,-5.16172583005622,0.540566028053673,"sintetico_postestratificado",FALSE,0.308517794187213,"sintetico_postestratificado",FALSE,FALSE,FALSE,"10","014","Mezquital"
318,-22.6841226207851,-40.1947833663646,-5.5589514157682,0.550363939945863,"sintetico_postestratificado",FALSE,0.323522713738012,"sintetico_postestratificado",FALSE,FALSE,FALSE,"10","026","San Dimas"
319,-23.3192058083566,-41.2593818901069,-6.22348960037942,0.561532524825364,"sintetico_postestratificado",FALSE,0.328340466741798,"sintetico_postestratificado",FALSE,FALSE,FALSE,"10","019","Otáez"
320,-22.7209481862725,-38.6921643556086,-3.6362365834703,0.556372531498953,"sintetico_postestratificado",FALSE,0.329163049636228,"sintetico_postestratificado",FALSE,FALSE,FALSE,"10","034","Tamazula"
321,-21.9505208148729,-37.9512727851172,-5.08668413847001,0.562398671944092,"muestra_directa",TRUE,0.342893463795363,"muestra_directa",TRUE,TRUE,TRUE,"10","013","Mapimí"
322,-24.5902306638614,-39.9105736935427,-7.27297494787763,0.624021307640865,"muestra_directa",FALSE,0.378119001002251,"muestra_directa",FALSE,TRUE,FALSE,"10","016","Nombre de Dios"
323,-23.2723656129343,-39.409394112102,-5.59386349221333,0.558711678157546,"sintetico_postestratificado",FALSE,0.325988022028203,"sintetico_postestratificado",FALSE,FALSE,FALSE,"10","018","El Oro"
324,-23.5603996655831,-40.7389120016426,-5.9774101571355,0.54476840993436,"sintetico_postestratificado",FALSE,0.309164413278529,"sintetico_postestratificado",FALSE,FALSE,FALSE,"10","020","Pánuco de Coronado"
325,-21.7689194378712,-36.6495576719159,-3.22502764324636,0.566981598928138,"sintetico_postestratificado",FALSE,0.349292404549425,"sintetico_postestratificado",FALSE,FALSE,FALSE,"10","002","Canelas"
326,-22.6353606844812,-38.9950478115845,-4.91909467665778,0.603906926943285,"muestra_directa",TRUE,0.377553320098473,"muestra_directa",TRUE,TRUE,TRUE,"10","039","Nuevo Ideal"
327,-24.3550765866623,-39.9066518734649,-8.25168483288301,0.569228413635125,"muestra_directa",TRUE,0.325677647768502,"muestra_directa",TRUE,TRUE,TRUE,"10","021","Peñón Blanco"
328,-21.6350528919377,-38.1675027683189,-4.43551148070156,0.55930945879581,"sintetico_postestratificado",FALSE,0.342958929876433,"sintetico_postestratificado",FALSE,FALSE,FALSE,"10","003","Coneto de Comonfort"
329,-23.5682494568334,-40.9642672661096,-6.0659466390632,0.588095859869794,"sintetico_postestratificado",FALSE,0.35241336530146,"sintetico_postestratificado",FALSE,FALSE,FALSE,"10","024","Rodeo"
330,-23.4064996858159,-40.2840633634174,-6.28067727356582,0.591388968494124,"sintetico_postestratificado",FALSE,0.357323971635964,"sintetico_postestratificado",FALSE,FALSE,FALSE,"10","004","Cuencamé"
331,-22.7148727301846,-37.4242853283207,-6.72508454229551,0.589311543484783,"muestra_directa",FALSE,0.362162816182938,"muestra_directa",FALSE,TRUE,FALSE,"11","019","Jerécuaro"
332,-27.8732172460758,-36.0721367452737,-19.1244339403677,0.655650557512493,"muestra_directa",FALSE,0.376918385051735,"muestra_directa",FALSE,TRUE,FALSE,"11","020","León"
333,-23.989130428814,-40.1339700789619,-6.34757117423711,0.589883296219322,"sintetico_postestratificado",FALSE,0.349991991931182,"sintetico_postestratificado",FALSE,FALSE,FALSE,"11","021","Moroleón"
334,-22.8579189094664,-36.2283961599666,-7.83875722340704,0.605090079666915,"muestra_directa",FALSE,0.37651089057225,"muestra_directa",FALSE,TRUE,FALSE,"11","023","Pénjamo"
335,-23.1008249795928,-39.343230346251,-5.8137761947757,0.582574280615045,"sintetico_postestratificado",FALSE,0.351566030819117,"sintetico_postestratificado",FALSE,FALSE,FALSE,"11","038","Tarandacuao"
336,-22.4742269628676,-37.8574583827062,-6.55974157800607,0.642027345273839,"muestra_directa",FALSE,0.417285075645163,"muestra_directa",FALSE,TRUE,FALSE,"11","039","Tarimoro"
337,-21.3696657092289,-38.1263922010935,-5.50212586412569,0.589654538860758,"sintetico_postestratificado",FALSE,0.375957881768468,"sintetico_postestratificado",FALSE,FALSE,FALSE,"11","040","Tierra Blanca"
338,-23.7437390596839,-37.2089176679084,-8.66299136612681,0.610046916610268,"muestra_directa",FALSE,0.372609526013429,"muestra_directa",FALSE,TRUE,FALSE,"11","041","Uriangato"
339,-25.2357595144496,-39.9505860769246,-10.3008333121977,0.618678875413654,"muestra_directa",FALSE,0.366321280269157,"muestra_directa",FALSE,TRUE,FALSE,"11","002","Acámbaro"
340,-21.2266145194058,-36.5934410857672,-4.02526001907262,0.543492155973701,"muestra_directa",TRUE,0.331226010779643,"muestra_directa",FALSE,TRUE,TRUE,"11","012","Cuerámaro"
341,-19.8716344680931,-34.6386162390876,-3.40108915250248,0.598605852763468,"muestra_directa",FALSE,0.399889508082536,"muestra_directa",FALSE,TRUE,FALSE,"11","013","Doctor Mora"
342,-22.0105020937227,-35.7269547758545,-6.86233011593433,0.65536482902019,"muestra_directa",FALSE,0.435259808082963,"muestra_directa",FALSE,TRUE,FALSE,"11","014","Dolores Hidalgo Cuna de la Independencia Nacional"
343,-22.0255188580855,-36.7997667871281,-7.67301196712993,0.617204139306326,"muestra_directa",FALSE,0.396948950725471,"muestra_directa",FALSE,TRUE,FALSE,"11","022","Ocampo"
344,-23.2112355760255,-40.765147806365,-4.53642884128892,0.582427253340402,"sintetico_postestratificado",FALSE,0.350314897580147,"sintetico_postestratificado",FALSE,FALSE,FALSE,"11","024","Pueblo Nuevo"
345,-23.1146990504117,-37.3589875744067,-8.07935423254103,0.623659814104331,"muestra_directa",FALSE,0.392512823600214,"muestra_directa",FALSE,TRUE,FALSE,"11","030","San Felipe"
346,-24.3992074225528,-41.3577196860779,-7.72088705886786,0.567212808666618,"sintetico_postestratificado",FALSE,0.32322073444109,"sintetico_postestratificado",FALSE,FALSE,FALSE,"11","036","Santiago Maravatío"
347,-27.3131782248435,-37.9214060656444,-15.76948595328,0.589490183033306,"muestra_directa",FALSE,0.316358400784871,"muestra_directa",FALSE,TRUE,FALSE,"11","007","Celaya"
348,-24.1196658974522,-37.407220499817,-10.3568135065784,0.530573939140445,"muestra_directa",FALSE,0.289377280165923,"muestra_directa",FALSE,TRUE,FALSE,"11","027","Salamanca"
349,-24.3753967467249,-41.1874998250953,-6.98626435957985,0.592348771779089,"muestra_directa",TRUE,0.348594804311841,"muestra_directa",TRUE,TRUE,TRUE,"11","035","Santa Cruz de Juventino Rosas"
350,-22.8910349151663,-40.3413610626731,-6.44624835760043,0.590253584806084,"muestra_directa",TRUE,0.361343235654421,"muestra_directa",TRUE,TRUE,TRUE,"11","011","Cortazar"
351,-22.3989607616967,-37.9172113860316,-6.27842711095419,0.592108494691975,"muestra_directa",TRUE,0.368118887075008,"muestra_directa",FALSE,TRUE,TRUE,"11","031","San Francisco del Rincón"
352,-23.056672743543,-38.5206856184109,-6.67578824343716,0.58230770810338,"muestra_directa",FALSE,0.35174098066795,"muestra_directa",FALSE,TRUE,FALSE,"11","025","Purísima del Rincón"
353,-22.3174313783382,-39.019587576597,-6.60557745501176,0.586748315920927,"muestra_directa",TRUE,0.363574002137545,"muestra_directa",TRUE,TRUE,TRUE,"11","026","Romita"
354,-24.9837295727277,-40.2907793666645,-8.69651536687985,0.603168924493793,"muestra_directa",TRUE,0.353331628766517,"muestra_directa",FALSE,TRUE,TRUE,"11","028","Salvatierra"
355,-22.7034334912534,-39.3921757348394,-4.81897225367857,0.624109114768793,"muestra_directa",TRUE,0.397074779856259,"muestra_directa",TRUE,TRUE,TRUE,"11","029","San Diego de la Unión"
356,-23.1665557041916,-38.1139177529033,-8.86478900086832,0.5504101242674,"muestra_directa",FALSE,0.318744567225484,"muestra_directa",FALSE,TRUE,FALSE,"11","032","San José Iturbide"
357,-20.2734145065495,-34.4745711943735,-4.36043114328429,0.580639855801381,"muestra_directa",FALSE,0.377905710735886,"muestra_directa",FALSE,TRUE,FALSE,"11","033","San Luis de la Paz"
358,-21.5590116838675,-38.1138207923454,-4.76279134135019,0.603662786146595,"sintetico_postestratificado",FALSE,0.388072669307919,"sintetico_postestratificado",FALSE,FALSE,FALSE,"11","034","Santa Catarina"
359,-23.9994872658337,-36.475570217341,-10.0138887770841,0.598234105992413,"muestra_directa",FALSE,0.358239233334075,"muestra_directa",FALSE,TRUE,FALSE,"11","037","Silao de la Victoria"
360,-21.7235221563951,-34.7434005155429,-6.41709251326447,0.62115649763203,"muestra_directa",FALSE,0.403921276068079,"muestra_directa",FALSE,TRUE,FALSE,"11","042","Valle de Santiago"
361,-23.0295225243753,-39.1474032118538,-6.55941802531732,0.592191836498899,"muestra_directa",TRUE,0.361896611255146,"muestra_directa",TRUE,TRUE,TRUE,"11","043","Victoria"
362,-22.884057628708,-39.8268462970249,-5.92882352094272,0.567630661318271,"sintetico_postestratificado",FALSE,0.33879008503119,"sintetico_postestratificado",FALSE,FALSE,FALSE,"11","045","Xichú"
363,-22.1347398148376,-36.797051478947,-5.36315044131223,0.599984543890736,"muestra_directa",FALSE,0.37863714574236,"muestra_directa",FALSE,TRUE,FALSE,"11","044","Villagrán"
364,-24.046738109688,-39.6868603369149,-6.94904727291604,0.60729891725286,"muestra_directa",TRUE,0.36683153615598,"muestra_directa",FALSE,TRUE,TRUE,"11","046","Yuriria"
365,-24.8146079783748,-40.0156383041947,-9.58343826734835,0.593172239688244,"muestra_directa",TRUE,0.345026159904496,"muestra_directa",FALSE,TRUE,TRUE,"11","001","Abasolo"
366,-23.7623368708632,-38.8209196465068,-8.85138210432604,0.565528032849397,"muestra_directa",FALSE,0.327904664140764,"muestra_directa",FALSE,TRUE,FALSE,"11","003","San Miguel de Allende"
367,-23.3943952965342,-39.5511147565291,-6.45943395058635,0.619516743972837,"muestra_directa",FALSE,0.385572791007495,"muestra_directa",FALSE,TRUE,FALSE,"11","004","Apaseo el Alto"
368,-26.4982030249212,-40.2905844206664,-11.2924968579869,0.592865640792553,"muestra_directa",FALSE,0.327883610543341,"muestra_directa",FALSE,TRUE,FALSE,"11","005","Apaseo el Grande"
369,-24.2961626106978,-41.697620724905,-6.67652440686491,0.562287015602922,"sintetico_postestratificado",FALSE,0.319325389495944,"sintetico_postestratificado",FALSE,FALSE,FALSE,"11","006","Atarjea"
370,-23.6299672424704,-40.2804262941849,-5.19095305838919,0.58610102067148,"muestra_directa",TRUE,0.349801348246776,"muestra_directa",TRUE,TRUE,TRUE,"11","008","Manuel Doblado"
371,-25.2541444613734,-40.8349867964916,-8.89036476214591,0.615642230726212,"muestra_directa",TRUE,0.363100786112478,"muestra_directa",FALSE,TRUE,TRUE,"11","009","Comonfort"
372,-24.6870444517192,-40.8203769702968,-6.53924862389094,0.578104076844647,"sintetico_postestratificado",FALSE,0.331233632327456,"sintetico_postestratificado",FALSE,FALSE,FALSE,"11","010","Coroneo"
373,-24.9172332979344,-38.3684257062926,-11.2497267960321,0.628135896749118,"muestra_directa",FALSE,0.378963563769775,"muestra_directa",FALSE,TRUE,FALSE,"11","015","Guanajuato"
374,-23.0564460863384,-38.4524059221284,-6.38358852290304,0.56110041888668,"muestra_directa",FALSE,0.330535958023296,"muestra_directa",FALSE,TRUE,FALSE,"11","016","Huanímaro"
375,-24.713110755745,-36.6386749176088,-13.3079595843229,0.579983632479736,"muestra_directa",FALSE,0.332852524922286,"muestra_directa",FALSE,TRUE,FALSE,"11","017","Irapuato"
376,-24.8180178045393,-39.3053210434368,-9.17286574943457,0.610007716234067,"muestra_directa",FALSE,0.361827538188674,"muestra_directa",FALSE,TRUE,FALSE,"11","018","Jaral del Progreso"
377,-24.3783321764373,-40.1481723561998,-7.01044814126837,0.583789988655472,"sintetico_postestratificado",FALSE,0.340006666891099,"sintetico_postestratificado",FALSE,FALSE,FALSE,"12","033","Huamuxtitlán"
378,-22.1592493501938,-38.4648758052131,-3.85770046410953,0.583362326711843,"muestra_directa",TRUE,0.361769833209906,"muestra_directa",TRUE,TRUE,TRUE,"12","031","General Canuto A. Neri"
381,-20.9511917343263,-38.8006373865382,-2.74426118791868,0.500393985398317,"sintetico_postestratificado",FALSE,0.290882068055054,"sintetico_postestratificado",FALSE,FALSE,FALSE,"12","073","Zirándaro"
382,-22.7762045675708,-39.2626895835596,-4.7230073269122,0.536816461037806,"sintetico_postestratificado",FALSE,0.309054415362098,"sintetico_postestratificado",FALSE,FALSE,FALSE,"12","065","Tlalixtaquilla de Maldonado"
383,-21.8243701153144,-39.0755036398029,-3.79225657757344,0.4702765611346,"sintetico_postestratificado",FALSE,0.252032859981456,"sintetico_postestratificado",FALSE,FALSE,FALSE,"12","047","Pedro Ascencio Alquisiras"
384,-21.1854532214505,-38.1777801232146,-3.24800406738904,0.526627346914338,"sintetico_postestratificado",FALSE,0.314772814699833,"sintetico_postestratificado",FALSE,FALSE,FALSE,"12","054","San Miguel Totolapan"
385,-23.3715393128145,-40.500246625158,-4.91779343279963,0.553534330263217,"muestra_directa",TRUE,0.319818937135072,"muestra_directa",TRUE,TRUE,TRUE,"12","053","San Marcos"
386,-23.5246195562433,-39.5097731765759,-4.6536466161691,0.581742716924103,"sintetico_postestratificado",FALSE,0.346496521361669,"sintetico_postestratificado",FALSE,FALSE,FALSE,"12","066","Tlapa de Comonfort"
387,-22.8951845836872,-40.5562780731264,-4.21999990813406,0.55501381834983,"sintetico_postestratificado",FALSE,0.326061972512958,"sintetico_postestratificado",FALSE,FALSE,FALSE,"12","048","Petatlán"
388,-24.0541428595874,-39.6207977195631,-9.06852800077742,0.54268817150945,"muestra_directa",TRUE,0.302146742913576,"muestra_directa",FALSE,TRUE,TRUE,"12","007","Arcelia"
389,-22.7851222124073,-38.4413601826268,-6.74964664955657,0.527344194837418,"muestra_directa",TRUE,0.299492972713345,"muestra_directa",FALSE,TRUE,TRUE,"12","012","Ayutla de los Libres"
390,-25.7121136391948,-43.3994984320905,-8.34562340490996,0.589406344309994,"sintetico_postestratificado",FALSE,0.332285207918045,"sintetico_postestratificado",FALSE,FALSE,FALSE,"12","006","Apaxtla"
391,-24.5403979567667,-40.5512803463749,-8.24018026362701,0.550608040144187,"sintetico_postestratificado",FALSE,0.30520406057652,"sintetico_postestratificado",FALSE,FALSE,FALSE,"12","010","Atlixtac"
392,-27.1209310232401,-42.3315652126777,-10.9550867343254,0.599181813825524,"muestra_directa",TRUE,0.327972503593123,"muestra_directa",FALSE,TRUE,TRUE,"12","011","Atoyac de Álvarez"
393,-26.9374121835591,-42.0135723484939,-11.16040468522,0.666817953559453,"muestra_directa",TRUE,0.397443831723861,"muestra_directa",FALSE,TRUE,TRUE,"12","032","General Heliodoro Castillo"
394,-25.1557606296435,-40.4288621551657,-7.22132825186607,0.592470312289937,"sintetico_postestratificado",FALSE,0.340912705993502,"sintetico_postestratificado",FALSE,FALSE,FALSE,"12","028","Chilapa de Álvarez"
395,-23.4494780206086,-37.808069279192,-8.36782845650234,0.574961315653001,"muestra_directa",FALSE,0.340466535446915,"muestra_directa",FALSE,TRUE,FALSE,"12","029","Chilpancingo de los Bravo"
396,-24.4397696396671,-40.1464507466107,-7.27313733868313,0.575794505650519,"sintetico_postestratificado",FALSE,0.331396809253848,"sintetico_postestratificado",FALSE,FALSE,FALSE,"12","004","Alcozauca de Guerrero"
397,-23.1507100240255,-40.979968125914,-5.59614556122854,0.509106937913475,"sintetico_postestratificado",FALSE,0.277599837673219,"sintetico_postestratificado",FALSE,FALSE,FALSE,"12","068","La Unión de Isidoro Montes de Oca"
398,-23.7432586759351,-39.1756781614249,-7.48197053150603,0.525827192991835,"muestra_directa",TRUE,0.288394606232484,"muestra_directa",FALSE,TRUE,TRUE,"12","039","Juan R. Escudero"
399,-23.4266294191974,-40.6006858234961,-7.47048451855683,0.577723808663844,"muestra_directa",TRUE,0.343457514471869,"muestra_directa",FALSE,TRUE,TRUE,"12","038","Zihuatanejo de Azueta"
400,-25.2580839611708,-41.7153261511246,-7.09687086390028,0.580694512338844,"sintetico_postestratificado",FALSE,0.328113672727136,"sintetico_postestratificado",FALSE,FALSE,FALSE,"12","043","Metlatónoc"
401,-25.2645045413596,-43.16703704077,-6.76535732638995,0.555289262823695,"sintetico_postestratificado",FALSE,0.302644217410099,"sintetico_postestratificado",FALSE,FALSE,FALSE,"12","030","Florencio Villarreal"
402,-25.2611925118142,-41.6896630880452,-7.76435765890553,0.524503239256471,"muestra_directa",TRUE,0.271891314138329,"muestra_directa",TRUE,TRUE,TRUE,"12","064","Tlalchapa"
403,-24.675673129704,-41.3026210076002,-7.14233788131078,0.542965404145868,"sintetico_postestratificado",FALSE,0.296208672848827,"sintetico_postestratificado",FALSE,FALSE,FALSE,"12","067","Tlapehuala"
404,-24.2623544647295,-36.3432837762792,-11.5662996713356,0.539244269312236,"muestra_directa",FALSE,0.296620724664942,"muestra_directa",FALSE,TRUE,FALSE,"12","001","Acapulco de Juárez"
405,-23.8889228792022,-40.4390034456941,-6.22805690462959,0.573479295260611,"sintetico_postestratificado",FALSE,0.334590066468588,"sintetico_postestratificado",FALSE,FALSE,FALSE,"12","019","Copalillo"
406,-23.7661986087399,-41.7413492662187,-5.98775097700834,0.587636449128473,"sintetico_postestratificado",FALSE,0.349974463041074,"sintetico_postestratificado",FALSE,FALSE,FALSE,"12","045","Olinalá"
407,-23.7660382037334,-40.032852232629,-5.39711696489899,0.57874422101579,"sintetico_postestratificado",FALSE,0.341083838978455,"sintetico_postestratificado",FALSE,FALSE,FALSE,"12","008","Atenango del Río"
408,-21.106727468362,-37.6797435179584,-3.46688743418848,0.529584872266565,"sintetico_postestratificado",FALSE,0.318517597582945,"sintetico_postestratificado",FALSE,FALSE,FALSE,"12","009","Atlamajalcingo del Monte"
409,-21.3116221537556,-37.6656267375406,-3.77186676188682,0.522264188695132,"sintetico_postestratificado",FALSE,0.309147967157576,"sintetico_postestratificado",FALSE,FALSE,FALSE,"12","046","Ometepec"
410,-21.9744145894669,-40.0263657539696,-4.80588227291282,0.550836285848873,"sintetico_postestratificado",FALSE,0.331092139954204,"sintetico_postestratificado",FALSE,FALSE,FALSE,"12","036","Igualapa"
411,-23.0685450155024,-39.2073374271513,-5.3051161133778,0.558653515741103,"sintetico_postestratificado",FALSE,0.327968065586078,"sintetico_postestratificado",FALSE,FALSE,FALSE,"12","044","Mochitlán"
412,-22.8896945823998,-38.4288064975042,-6.46526639170321,0.575459222485956,"muestra_directa",TRUE,0.346562276661958,"muestra_directa",TRUE,TRUE,TRUE,"12","042","Mártir de Cuilapan"
413,-23.9525673403819,-41.7402623001318,-6.84236154531661,0.544678189505363,"sintetico_postestratificado",FALSE,0.305152516101544,"sintetico_postestratificado",FALSE,FALSE,FALSE,"12","040","Leonardo Bravo"
414,-23.5360000369838,-40.1322045467994,-5.46916074601043,0.538594816549491,"sintetico_postestratificado",FALSE,0.303234816179654,"sintetico_postestratificado",FALSE,FALSE,FALSE,"12","076","Acatepec"
415,-24.8183156971036,-39.432119660947,-8.43106399243077,0.567760791129856,"muestra_directa",TRUE,0.31957763415882,"muestra_directa",FALSE,TRUE,TRUE,"12","075","Eduardo Neri"
416,-23.6173492217051,-39.3642813342447,-6.08947995549996,0.549958902511503,"sintetico_postestratificado",FALSE,0.313785410294452,"sintetico_postestratificado",FALSE,FALSE,FALSE,"12","074","Zitlala"
417,-23.3533646462662,-39.7234640131157,-5.35094425753744,0.544223937177461,"sintetico_postestratificado",FALSE,0.310690290714799,"sintetico_postestratificado",FALSE,FALSE,FALSE,"12","072","Zapotitlán Tablas"
418,-24.0291016030712,-41.0025417931213,-5.75625582957096,0.524020032516552,"sintetico_postestratificado",FALSE,0.28372901648584,"sintetico_postestratificado",FALSE,FALSE,FALSE,"12","071","Xochistlahuaca"
419,-23.1277618561157,-40.4426581710024,-4.82365118154892,0.538324222702732,"sintetico_postestratificado",FALSE,0.307046604141575,"sintetico_postestratificado",FALSE,FALSE,FALSE,"12","070","Xochihuehuetlán"
420,-22.7157306013407,-39.8856008900132,-4.24174813163444,0.504559232281644,"sintetico_postestratificado",FALSE,0.277401926268237,"sintetico_postestratificado",FALSE,FALSE,FALSE,"12","069","Xalpatláhuac"
421,-23.3326686101499,-41.0285021205778,-5.89461802933166,0.55912982780386,"sintetico_postestratificado",FALSE,0.325803141702361,"sintetico_postestratificado",FALSE,FALSE,FALSE,"12","052","San Luis Acatlán"
422,-23.5894683787474,-39.270532243872,-6.86566788381721,0.534032906669944,"sintetico_postestratificado",FALSE,0.29813822288247,"sintetico_postestratificado",FALSE,FALSE,FALSE,"12","041","Malinaltepec"
423,-24.042434769724,-39.7632850342861,-9.78292082680174,0.499006396772462,"muestra_directa",TRUE,0.258582049075221,"muestra_directa",TRUE,TRUE,TRUE,"12","062","Tlacoachistlahuaca"
424,-24.1189322475709,-41.2590535127742,-6.2382190786099,0.549815992284562,"sintetico_postestratificado",FALSE,0.308626669808853,"sintetico_postestratificado",FALSE,FALSE,FALSE,"12","023","Cuajinicuilapa"
425,-25.3595040734138,-43.1293005705841,-7.29886951717396,0.546534038848065,"sintetico_postestratificado",FALSE,0.292938998113927,"sintetico_postestratificado",FALSE,FALSE,FALSE,"12","013","Azoyú"
426,-24.7241859199737,-41.7938728990741,-7.45492845512172,0.552374020964525,"sintetico_postestratificado",FALSE,0.305132161764788,"sintetico_postestratificado",FALSE,FALSE,FALSE,"12","024","Cualác"
427,-23.6491066270197,-39.8225253900944,-8.10418527639939,0.547188387580631,"muestra_directa",FALSE,0.310697321310435,"muestra_directa",FALSE,TRUE,FALSE,"12","027","Cutzamala de Pinzón"
428,-26.4282008124077,-42.7510816104288,-9.09338422268812,0.560852612940961,"sintetico_postestratificado",FALSE,0.296570604816884,"sintetico_postestratificado",FALSE,FALSE,FALSE,"12","037","Ixcateopan de Cuauhtémoc"
429,-23.2438721758219,-40.3780313147881,-5.04249008830993,0.51424745428601,"sintetico_postestratificado",FALSE,0.281808732527791,"sintetico_postestratificado",FALSE,FALSE,FALSE,"12","055","Taxco de Alarcón"
430,-25.2306445503747,-42.0799264632417,-6.14955061497874,0.512182865993718,"sintetico_postestratificado",FALSE,0.259876420489971,"sintetico_postestratificado",FALSE,FALSE,FALSE,"12","025","Cuautepec"
431,-26.3966708102216,-42.2887896938935,-9.12603467417823,0.553390853256145,"sintetico_postestratificado",FALSE,0.28942414515393,"sintetico_postestratificado",FALSE,FALSE,FALSE,"12","026","Cuetzala del Progreso"
432,-25.7599440561966,-42.0915198572108,-8.83655546526089,0.540144750925447,"sintetico_postestratificado",FALSE,0.282545310363481,"sintetico_postestratificado",FALSE,FALSE,FALSE,"12","059","Tepecoacuilco de Trujano"
433,-23.5657028085336,-40.2288931694798,-6.01810583877979,0.523223556766804,"sintetico_postestratificado",FALSE,0.287566528681468,"sintetico_postestratificado",FALSE,FALSE,FALSE,"12","077","Marquelia"
434,-23.2865924822826,-41.0814292348223,-3.41485782770717,0.534623430983407,"sintetico_postestratificado",FALSE,0.301757506160581,"sintetico_postestratificado",FALSE,FALSE,FALSE,"12","078","Cochoapa el Grande"
435,-23.9326623112967,-39.3373427571045,-7.43960360182123,0.558394316727555,"muestra_directa",TRUE,0.319067693614589,"muestra_directa",FALSE,TRUE,TRUE,"12","061","Tixtla de Guerrero"
436,-23.6761439345645,-40.4043043416663,-7.59144653866037,0.58517719855888,"sintetico_postestratificado",FALSE,0.348415759213235,"sintetico_postestratificado",FALSE,FALSE,FALSE,"12","018","Copala"
437,-22.278112441423,-39.0268765594304,-6.80424180742311,0.513472845337653,"muestra_directa",TRUE,0.290691720923424,"muestra_directa",TRUE,TRUE,TRUE,"12","056","Tecoanapa"
438,-22.6430267655503,-39.9841228441937,-5.12100335267049,0.529488565050389,"sintetico_postestratificado",FALSE,0.303058297394886,"sintetico_postestratificado",FALSE,FALSE,FALSE,"12","003","Ajuchitlán del Progreso"
439,-22.2553141998022,-38.8945511080784,-5.38985108062217,0.522035593055345,"sintetico_postestratificado",FALSE,0.299482451057323,"sintetico_postestratificado",FALSE,FALSE,FALSE,"12","002","Ahuacuotzingo"
440,-24.188344472967,-38.4872203487431,-9.80677312966068,0.534787046955771,"muestra_directa",FALSE,0.292903602226101,"muestra_directa",FALSE,TRUE,FALSE,"12","035","Iguala de la Independencia"
441,-23.8711640486676,-41.1733332326665,-6.00751627150544,0.542013490052999,"sintetico_postestratificado",FALSE,0.303301849566323,"sintetico_postestratificado",FALSE,FALSE,FALSE,"12","016","Coahuayutla de José María Izazaga"
442,-25.5901408404348,-41.8209667853018,-8.22847631934733,0.561980359948223,"sintetico_postestratificado",FALSE,0.306078951543875,"sintetico_postestratificado",FALSE,FALSE,FALSE,"12","017","Cocula"
443,-22.5234292489524,-39.5930531589061,-5.61358974393617,0.535450043148934,"sintetico_postestratificado",FALSE,0.31021575065941,"sintetico_postestratificado",FALSE,FALSE,FALSE,"12","020","Copanatoyac"
444,-24.6626791856995,-41.3968856462534,-7.07212914757084,0.547862394412866,"sintetico_postestratificado",FALSE,0.301235602555871,"sintetico_postestratificado",FALSE,FALSE,FALSE,"12","057","Técpan de Galeana"
445,-25.0075690108043,-41.8777075280307,-7.28171849010844,0.564373683424057,"sintetico_postestratificado",FALSE,0.314297993316014,"sintetico_postestratificado",FALSE,FALSE,FALSE,"12","021","Coyuca de Benítez"
446,-24.9796611917901,-41.7715589421575,-7.05895630439707,0.577234021966137,"sintetico_postestratificado",FALSE,0.327437410048235,"sintetico_postestratificado",FALSE,FALSE,FALSE,"12","022","Coyuca de Catalán"
447,-22.7539822216144,-39.239633943847,-4.19246367711821,0.517100978079136,"sintetico_postestratificado",FALSE,0.289561155862992,"sintetico_postestratificado",FALSE,FALSE,FALSE,"12","060","Tetipac"
448,-23.4356306412434,-41.1796725198089,-5.27870823224598,0.525023114436017,"sintetico_postestratificado",FALSE,0.290666808023583,"sintetico_postestratificado",FALSE,FALSE,FALSE,"12","063","Tlacoapa"
449,-25.1474762074728,-41.10456149791,-8.33014347760238,0.542105473507038,"sintetico_postestratificado",FALSE,0.290630711432309,"sintetico_postestratificado",FALSE,FALSE,FALSE,"12","058","Teloloapan"
450,-25.6054191090768,-40.4268037091451,-11.5495417795236,0.479682240922199,"muestra_directa",FALSE,0.22362804983143,"muestra_directa",FALSE,TRUE,FALSE,"12","051","Quechultenango"
451,-23.3269944034058,-40.414558925485,-4.98600100477639,0.537536089680443,"sintetico_postestratificado",FALSE,0.304266145646385,"sintetico_postestratificado",FALSE,FALSE,FALSE,"12","050","Pungarabato"
452,-22.3127166882226,-39.5929454806971,-5.40897886603043,0.512164075315671,"sintetico_postestratificado",FALSE,0.289036908433445,"sintetico_postestratificado",FALSE,FALSE,FALSE,"12","081","Iliatenco"
453,-22.6879726227778,-39.6292620992592,-4.04357027247036,0.523299635975876,"sintetico_postestratificado",FALSE,0.296419909748098,"sintetico_postestratificado",FALSE,FALSE,FALSE,"12","080","Juchitán"
454,-22.2852001096609,-40.0735098701067,-5.12262164059789,0.519119975538735,"sintetico_postestratificado",FALSE,0.296267974442126,"sintetico_postestratificado",FALSE,FALSE,FALSE,"12","005","Alpoyeca"
455,-23.4825085480291,-41.3240628695801,-5.92095654748472,0.523613411885899,"muestra_directa",TRUE,0.288788326405608,"muestra_directa",FALSE,TRUE,TRUE,"12","014","Benito Juárez"
456,-22.8587519456109,-38.0665954297641,-6.0148124735379,0.528196960846628,"sintetico_postestratificado",FALSE,0.299609441390519,"sintetico_postestratificado",FALSE,FALSE,FALSE,"12","015","Buenavista de Cuéllar"
457,-22.5185303664589,-38.2441098549267,-5.69521078520502,0.491581066400567,"sintetico_postestratificado",FALSE,0.266395762735978,"sintetico_postestratificado",FALSE,FALSE,FALSE,"12","049","Pilcaya"
458,-23.9149877921397,-41.7488481752264,-6.25056305646611,0.549773636589712,"sintetico_postestratificado",FALSE,0.310623758668315,"sintetico_postestratificado",FALSE,FALSE,FALSE,"12","079","José Joaquín de Herrera"
459,-22.6963504474602,-38.7143280780198,-5.8340937252279,0.562044274450099,"sintetico_postestratificado",FALSE,0.335080769975497,"sintetico_postestratificado",FALSE,FALSE,FALSE,"12","034","Huitzuco de los Figueroa"
462,-24.9615858326102,-41.6661236635098,-6.69311875248503,0.590796245173658,"sintetico_postestratificado",FALSE,0.341180386847557,"sintetico_postestratificado",FALSE,FALSE,FALSE,"13","004","Agua Blanca de Iturbide"
463,-21.0464749687626,-36.6802438848338,-4.02631160377414,0.556477195007791,"muestra_directa",TRUE,0.346012445320165,"muestra_directa",TRUE,TRUE,TRUE,"13","010","Atitalaquia"
464,-22.2364460849414,-39.0727314353086,-5.30195735204123,0.584061334299825,"sintetico_postestratificado",FALSE,0.361696873450412,"sintetico_postestratificado",FALSE,FALSE,FALSE,"13","081","Zacualtipán de Ángeles"
465,-22.0558766846238,-39.0634641257446,-4.87505430739011,0.54130391525104,"sintetico_postestratificado",FALSE,0.320745148404802,"sintetico_postestratificado",FALSE,FALSE,FALSE,"13","034","Lolotla"
466,-21.8143645236352,-37.4270686126028,-5.54163935005548,0.548024478923048,"muestra_directa",TRUE,0.329880833686696,"muestra_directa",TRUE,TRUE,TRUE,"13","080","Yahualica"
467,-23.6165893157483,-41.4741061804407,-5.52248489402,0.539337867153012,"sintetico_postestratificado",FALSE,0.303171973995529,"sintetico_postestratificado",FALSE,FALSE,FALSE,"13","079","Xochicoatlán"
468,-21.2716510287752,-35.3843903195817,-5.70867753735042,0.50860711420933,"muestra_directa",FALSE,0.295890603921578,"muestra_directa",FALSE,TRUE,FALSE,"13","041","Mixquiahuala de Juárez"
469,-23.1286588029615,-40.2275889564307,-3.89870031553102,0.574857011570073,"sintetico_postestratificado",FALSE,0.343570423540457,"sintetico_postestratificado",FALSE,FALSE,FALSE,"13","032","Jaltocán"
470,-21.988939620101,-37.9656127890602,-5.17037972851155,0.566127881818155,"sintetico_postestratificado",FALSE,0.346238485617145,"sintetico_postestratificado",FALSE,FALSE,FALSE,"13","019","Chilcuautla"
471,-25.4461721210819,-41.9031009514315,-8.25121448824106,0.626854886421898,"sintetico_postestratificado",FALSE,0.372393165211079,"sintetico_postestratificado",FALSE,FALSE,FALSE,"13","082","Zapotlán de Juárez"
472,-24.4895337176491,-40.5625454963637,-7.32435744362893,0.552265353364659,"sintetico_postestratificado",FALSE,0.307370016188168,"sintetico_postestratificado",FALSE,FALSE,FALSE,"13","050","Progreso de Obregón"
473,-25.8350090194059,-40.7303203014707,-8.1589636112387,0.562183334397007,"sintetico_postestratificado",FALSE,0.303833244202948,"sintetico_postestratificado",FALSE,FALSE,FALSE,"13","083","Zempoala"
474,-25.0451222067194,-40.3286712763943,-9.23819733405017,0.582597265178839,"muestra_directa",TRUE,0.332146043111645,"muestra_directa",TRUE,TRUE,TRUE,"13","018","Chapulhuacán"
475,-28.1460492666815,-45.2825138351178,-11.7513011227217,0.597097952149866,"muestra_directa",TRUE,0.315637459483051,"muestra_directa",TRUE,TRUE,TRUE,"13","035","Metepec"
476,-25.7071793661825,-42.143667314633,-9.14196382515471,0.556274161306883,"sintetico_postestratificado",FALSE,0.299202367645058,"sintetico_postestratificado",FALSE,FALSE,FALSE,"13","036","San Agustín Metzquititlán"
477,-26.8920485203235,-41.4570426614288,-10.1106480649314,0.601459721301032,"muestra_directa",FALSE,0.332539236097797,"muestra_directa",FALSE,TRUE,FALSE,"13","037","Metztitlán"
478,-23.1697897457789,-40.3515896204226,-5.77413298133122,0.555134576496166,"sintetico_postestratificado",FALSE,0.323436679038377,"sintetico_postestratificado",FALSE,FALSE,FALSE,"13","020","Eloxochitlán"
479,-24.5289156637433,-41.138361930102,-6.62722877556734,0.571025934800664,"sintetico_postestratificado",FALSE,0.325736778163231,"sintetico_postestratificado",FALSE,FALSE,FALSE,"13","022","Epazoyucan"
480,-24.1079104837842,-41.4199795108922,-8.01055218517726,0.579999903907633,"sintetico_postestratificado",FALSE,0.338920799069791,"sintetico_postestratificado",FALSE,FALSE,FALSE,"13","023","Francisco I. Madero"
481,-24.0433865348409,-39.0520925717572,-7.03393935980598,0.583524273167113,"sintetico_postestratificado",FALSE,0.343090407818704,"sintetico_postestratificado",FALSE,FALSE,FALSE,"13","052","San Agustín Tlaxiaca"
482,-24.9915389750251,-40.6053007000825,-7.58118636892272,0.612319200748297,"muestra_directa",TRUE,0.362403810998046,"muestra_directa",TRUE,TRUE,TRUE,"13","024","Huasca de Ocampo"
483,-24.939717377124,-41.666730353162,-6.53533837567118,0.621864401779991,"sintetico_postestratificado",FALSE,0.372467228008751,"sintetico_postestratificado",FALSE,FALSE,FALSE,"13","009","El Arenal"
484,-24.4790484814958,-40.116430486228,-5.3725555398928,0.613727171259175,"sintetico_postestratificado",FALSE,0.368936686444217,"sintetico_postestratificado",FALSE,FALSE,FALSE,"13","038","Mineral del Chico"
485,-22.9458527133901,-38.756991093656,-4.610603135712,0.602288099472072,"sintetico_postestratificado",FALSE,0.372829572338171,"sintetico_postestratificado",FALSE,FALSE,FALSE,"13","071","Tlahuiltepa"
486,-23.4899401855637,-40.4927325391236,-4.60949240444892,0.589925540614478,"sintetico_postestratificado",FALSE,0.35502613875884,"sintetico_postestratificado",FALSE,FALSE,FALSE,"13","064","Tepetitlán"
487,-23.4425207244105,-39.0857740662157,-5.9799836514166,0.590535728062718,"sintetico_postestratificado",FALSE,0.356110520818613,"sintetico_postestratificado",FALSE,FALSE,FALSE,"13","053","San Bartolo Tutotepec"
488,-22.8962591256415,-39.290272997013,-5.55774454160279,0.57944284921787,"muestra_directa",TRUE,0.350480257961455,"muestra_directa",TRUE,TRUE,TRUE,"13","008","Apan"
489,-23.4658921584482,-40.8264939494876,-4.97795977609397,0.544990654851801,"sintetico_postestratificado",FALSE,0.310331733267319,"sintetico_postestratificado",FALSE,FALSE,FALSE,"13","007","Almoloya"
490,-22.9955890379666,-40.5565487104329,-4.72286360444372,0.540713563853653,"sintetico_postestratificado",FALSE,0.310757673473986,"sintetico_postestratificado",FALSE,FALSE,FALSE,"13","068","Tianguistengo"
491,-23.5650759515525,-39.178927117963,-6.11140023644961,0.548398510265646,"muestra_directa",TRUE,0.312747750750121,"muestra_directa",TRUE,TRUE,TRUE,"13","069","Tizayuca"
492,-24.1630610649722,-38.2445875438535,-10.6696176789789,0.554760391624393,"muestra_directa",FALSE,0.313129780974671,"muestra_directa",FALSE,TRUE,FALSE,"13","076","Tula de Allende"
493,-22.0612169976217,-39.1967899638414,-4.57131747754436,0.563215052567607,"sintetico_postestratificado",FALSE,0.34260288259139,"sintetico_postestratificado",FALSE,FALSE,FALSE,"13","078","Xochiatipan"
494,-22.3783696958141,-40.1540564081267,-4.31874507782191,0.566409617984878,"sintetico_postestratificado",FALSE,0.342625921026737,"sintetico_postestratificado",FALSE,FALSE,FALSE,"13","074","Tlaxcoapan"
495,-25.6282872838525,-41.3991285143974,-10.3123350961044,0.541458192500575,"muestra_directa",TRUE,0.28517531966205,"muestra_directa",FALSE,TRUE,TRUE,"13","051","Mineral de la Reforma"
496,-22.1434322775829,-37.7715298138649,-4.17138114490046,0.528747541694502,"sintetico_postestratificado",FALSE,0.307313218918672,"sintetico_postestratificado",FALSE,FALSE,FALSE,"13","030","Ixmiquilpan"
497,-22.8848592610343,-41.0593161743465,-6.10158762571055,0.541922977240491,"sintetico_postestratificado",FALSE,0.313074384630148,"sintetico_postestratificado",FALSE,FALSE,FALSE,"13","031","Jacala de Ledezma"
498,-22.2021540184797,-38.6763683681208,-4.88250385133176,0.556501340103983,"muestra_directa",TRUE,0.334479799919186,"muestra_directa",TRUE,TRUE,TRUE,"13","029","Huichapan"
499,-23.6218704085746,-40.2658211390456,-4.77287783807098,0.571147319981583,"sintetico_postestratificado",FALSE,0.334928615895837,"sintetico_postestratificado",FALSE,FALSE,FALSE,"13","070","Tlahuelilpan"
500,-22.8926987837314,-40.4784510123101,-4.42944141156468,0.566804458717028,"sintetico_postestratificado",FALSE,0.337877470879714,"sintetico_postestratificado",FALSE,FALSE,FALSE,"13","025","Huautla"
501,-23.2290663660198,-39.4731585368649,-6.68669140558721,0.589505562786175,"muestra_directa",TRUE,0.357214899125977,"muestra_directa",TRUE,TRUE,TRUE,"13","054","San Salvador"
502,-22.1087687895656,-40.2631164789117,-4.50626336122018,0.563258521489255,"sintetico_postestratificado",FALSE,0.342170833593598,"sintetico_postestratificado",FALSE,FALSE,FALSE,"13","055","Santiago de Anaya"
503,-20.3241890871125,-35.6488433340803,-4.23425299517586,0.509512447637005,"muestra_directa",FALSE,0.30627055676588,"muestra_directa",FALSE,TRUE,FALSE,"13","006","Alfajayucan"
504,-23.3154231677509,-36.845250870917,-8.13443552416553,0.560857920507581,"muestra_directa",FALSE,0.327703688830072,"muestra_directa",FALSE,TRUE,FALSE,"13","048","Pachuca de Soto"
505,-21.6256613971591,-38.3704433889785,-3.33694786213029,0.536230866332847,"sintetico_postestratificado",FALSE,0.319974252361256,"sintetico_postestratificado",FALSE,FALSE,FALSE,"13","026","Huazalingo"
506,-24.2839338589358,-39.1152821211686,-8.2954258844335,0.553142888344828,"muestra_directa",TRUE,0.31030354975547,"muestra_directa",FALSE,TRUE,TRUE,"13","027","Huehuetla"
507,-22.9478981163404,-37.7078350174351,-7.17276415785647,0.590473285054968,"muestra_directa",FALSE,0.360994303891564,"muestra_directa",FALSE,TRUE,FALSE,"13","028","Huejutla de Reyes"
508,-23.2865407944374,-39.2230176324265,-5.73373378209786,0.558635775291739,"sintetico_postestratificado",FALSE,0.325770367347364,"sintetico_postestratificado",FALSE,FALSE,FALSE,"13","043","Nicolás Flores"
509,-24.0430885420724,-40.7246432465865,-7.20097468825204,0.590278545539117,"sintetico_postestratificado",FALSE,0.349847660118393,"sintetico_postestratificado",FALSE,FALSE,FALSE,"13","065","Tetepango"
510,-25.1782028396916,-40.803813295931,-8.45592892424617,0.603530237711434,"muestra_directa",TRUE,0.351748209314518,"muestra_directa",TRUE,TRUE,TRUE,"13","063","Tepeji del Río de Ocampo"
511,-22.2201193163967,-38.5887094655017,-4.22229768036394,0.608870233736955,"sintetico_postestratificado",FALSE,0.386669040572989,"sintetico_postestratificado",FALSE,FALSE,FALSE,"13","033","Juárez Hidalgo"
512,-22.7123237528136,-38.470242122225,-5.1714369713953,0.590176746361602,"sintetico_postestratificado",FALSE,0.363053508833466,"sintetico_postestratificado",FALSE,FALSE,FALSE,"13","013","Atotonilco de Tula"
513,-21.7365728614525,-39.1455812879187,-4.27561651949553,0.541504037305793,"sintetico_postestratificado",FALSE,0.324138308691268,"sintetico_postestratificado",FALSE,FALSE,FALSE,"13","014","Calnali"
514,-23.5235353878974,-39.5550029023111,-4.77522354725244,0.587435793043407,"sintetico_postestratificado",FALSE,0.352200439164433,"sintetico_postestratificado",FALSE,FALSE,FALSE,"13","015","Cardonal"
515,-24.0673471174369,-41.458509862182,-5.77307639719445,0.578723243269354,"sintetico_postestratificado",FALSE,0.338049772094986,"sintetico_postestratificado",FALSE,FALSE,FALSE,"13","016","Cuautepec de Hinojosa"
516,-25.293553136692,-40.8832700718949,-8.1741345203116,0.603978505959942,"sintetico_postestratificado",FALSE,0.351042974593022,"sintetico_postestratificado",FALSE,FALSE,FALSE,"13","021","Emiliano Zapata"
517,-23.2598601243488,-38.4506081560212,-6.72658915421,0.587747084132324,"sintetico_postestratificado",FALSE,0.355148482888836,"sintetico_postestratificado",FALSE,FALSE,FALSE,"13","005","Ajacuba"
518,-22.2408317126951,-38.4394523522483,-4.94986826384738,0.566697142768089,"sintetico_postestratificado",FALSE,0.344288825641139,"sintetico_postestratificado",FALSE,FALSE,FALSE,"13","017","Chapantongo"
519,-22.5451625014387,-40.1321116254779,-3.93327879930391,0.582917480488486,"sintetico_postestratificado",FALSE,0.357465855474099,"sintetico_postestratificado",FALSE,FALSE,FALSE,"13","066","Villa de Tezontepec"
520,-22.8768898149745,-39.4541638917863,-4.46026700125902,0.571986768665211,"sintetico_postestratificado",FALSE,0.343217870515466,"sintetico_postestratificado",FALSE,FALSE,FALSE,"13","067","Tezontepec de Aldama"
521,-23.0235731313787,-40.2097530638326,-5.44743120438104,0.530401590884256,"sintetico_postestratificado",FALSE,0.300165859570469,"sintetico_postestratificado",FALSE,FALSE,FALSE,"13","044","Nopala de Villagrán"
522,-23.8160520827759,-41.535150558385,-6.30250236390174,0.561167855657836,"sintetico_postestratificado",FALSE,0.323007334830076,"sintetico_postestratificado",FALSE,FALSE,FALSE,"13","045","Omitlán de Juárez"
523,-22.4139005487256,-36.9856900579238,-7.7952425965881,0.550630799401584,"muestra_directa",FALSE,0.326491793914328,"muestra_directa",FALSE,TRUE,FALSE,"13","046","San Felipe Orizatlán"
524,-23.3028314254101,-39.5628037328595,-4.82426853130288,0.581099335785435,"sintetico_postestratificado",FALSE,0.348071021531334,"sintetico_postestratificado",FALSE,FALSE,FALSE,"13","039","Mineral del Monte"
525,-24.1455882904478,-40.5159524650093,-7.12444713484766,0.591115858493395,"sintetico_postestratificado",FALSE,0.349659975588916,"sintetico_postestratificado",FALSE,FALSE,FALSE,"13","047","Pacula"
526,-23.1717018390972,-40.4560693957012,-5.75239970343637,0.54630370117069,"sintetico_postestratificado",FALSE,0.314586682779718,"sintetico_postestratificado",FALSE,FALSE,FALSE,"13","049","Pisaflores"
527,-25.9302343923689,-40.1919188444234,-8.46860074220471,0.561318401677392,"muestra_directa",TRUE,0.302016057753703,"muestra_directa",FALSE,TRUE,TRUE,"13","077","Tulancingo de Bravo"
528,-22.0911816280389,-39.1692787341643,-4.59209048808415,0.55845670622093,"sintetico_postestratificado",FALSE,0.337544889940541,"sintetico_postestratificado",FALSE,FALSE,FALSE,"13","062","Tepehuacán de Guerrero"
529,-22.907255760106,-38.9947407486411,-6.48611838197128,0.556733771521999,"sintetico_postestratificado",FALSE,0.327661213920939,"sintetico_postestratificado",FALSE,FALSE,FALSE,"13","003","Actopan"
530,-21.6421243062173,-37.7460962175123,-4.88640300432753,0.518966641399722,"muestra_directa",TRUE,0.302545398337549,"muestra_directa",TRUE,TRUE,TRUE,"13","002","Acaxochitlán"
531,-24.3537483184062,-39.7575440568603,-6.36723108331153,0.597122669920942,"sintetico_postestratificado",FALSE,0.35358518673688,"sintetico_postestratificado",FALSE,FALSE,FALSE,"13","001","Acatlán"
532,-22.5666459012429,-37.7780091891803,-6.38563919733888,0.551029795125782,"muestra_directa",TRUE,0.325363336113353,"muestra_directa",TRUE,TRUE,TRUE,"13","061","Tepeapulco"
533,-24.6342905607555,-42.1558677999665,-6.29946834178854,0.589900229173172,"sintetico_postestratificado",FALSE,0.343557323565617,"sintetico_postestratificado",FALSE,FALSE,FALSE,"13","058","Tasquillo"
534,-23.754853594945,-41.6186746968384,-7.13189145420319,0.536295519291127,"sintetico_postestratificado",FALSE,0.298746983341676,"sintetico_postestratificado",FALSE,FALSE,FALSE,"13","073","Tlanchinol"
535,-24.6285348827866,-40.7875560856463,-7.07492651454724,0.576182837710632,"sintetico_postestratificado",FALSE,0.329897488882765,"sintetico_postestratificado",FALSE,FALSE,FALSE,"13","072","Tlanalapa"
536,-24.6337173536346,-41.1592286065835,-6.48490611430303,0.602864028074069,"sintetico_postestratificado",FALSE,0.356526854537723,"sintetico_postestratificado",FALSE,FALSE,FALSE,"13","059","Tecozautla"
537,-25.6547468329554,-42.1105190602383,-8.09531882202467,0.62709034463647,"sintetico_postestratificado",FALSE,0.370542876306916,"sintetico_postestratificado",FALSE,FALSE,FALSE,"13","060","Tenango de Doria"
538,-25.2058716974232,-41.8649764211823,-8.0820132773883,0.604285533310307,"sintetico_postestratificado",FALSE,0.352226816336074,"sintetico_postestratificado",FALSE,FALSE,FALSE,"13","012","Atotonilco el Grande"
539,-23.4771141533687,-40.7737903575956,-5.92060877822942,0.583149928956561,"sintetico_postestratificado",FALSE,0.348378787422874,"sintetico_postestratificado",FALSE,FALSE,FALSE,"13","011","Atlapexco"
540,-23.7349009962299,-40.6823952548502,-5.6662617249746,0.549842431136647,"sintetico_postestratificado",FALSE,0.312493421174348,"sintetico_postestratificado",FALSE,FALSE,FALSE,"13","040","La Misión"
541,-23.5391436198881,-40.721264684474,-5.705199233233,0.551114258473021,"sintetico_postestratificado",FALSE,0.31572282227414,"sintetico_postestratificado",FALSE,FALSE,FALSE,"13","042","Molango de Escamilla"
542,-26.9857925420166,-43.1409259592156,-9.83522638678751,0.556889290585487,"sintetico_postestratificado",FALSE,0.28703136516532,"muestra_directa",TRUE,FALSE,TRUE,"13","056","Santiago Tulantepec de Lugo Guerrero"
543,-26.8014035869031,-39.9890573309652,-12.6672633097912,0.626873210883851,"muestra_directa",FALSE,0.358859175014821,"muestra_directa",FALSE,TRUE,FALSE,"13","057","Singuilucan"
544,-24.9780121188493,-40.4672961874325,-7.8929048546617,0.613515529033708,"sintetico_postestratificado",FALSE,0.363735407845215,"sintetico_postestratificado",FALSE,FALSE,FALSE,"13","084","Zimapán"
545,-25.5294399425384,-42.1254540976902,-7.88112371715446,0.60131975396568,"sintetico_postestratificado",FALSE,0.346025354540296,"sintetico_postestratificado",FALSE,FALSE,FALSE,"13","075","Tolcayuca"
546,-23.659753550375,-39.6232715932563,-6.31604288803024,0.613870259607449,"sintetico_postestratificado",FALSE,0.377272724103699,"sintetico_postestratificado",FALSE,FALSE,FALSE,"14","122","Zapotitlán de Vadillo"
547,-24.710058632516,-41.1901270100252,-5.79470836010857,0.581071129734808,"sintetico_postestratificado",FALSE,0.333970543409648,"sintetico_postestratificado",FALSE,FALSE,FALSE,"14","019","Bolaños"
548,-23.122150254736,-39.6287597569234,-5.20421287137656,0.623416896707265,"sintetico_postestratificado",FALSE,0.392195394159905,"sintetico_postestratificado",FALSE,FALSE,FALSE,"14","065","Pihuamo"
549,-21.4817480665775,-35.8830863052481,-6.3206980445481,0.561182440589215,"muestra_directa",FALSE,0.34636495992344,"muestra_directa",FALSE,TRUE,FALSE,"14","101","Tonalá"
550,-24.302908105184,-41.6824238529526,-7.50393041328354,0.610208066911386,"sintetico_postestratificado",FALSE,0.367178985859546,"sintetico_postestratificado",FALSE,FALSE,FALSE,"14","076","San Martín de Bolaños"
551,-24.3032427922005,-39.3456383489229,-6.96131097177491,0.597517048956784,"sintetico_postestratificado",FALSE,0.35448462103478,"sintetico_postestratificado",FALSE,FALSE,FALSE,"14","023","Zapotlán el Grande"
552,-24.2148066762972,-40.7933555139239,-6.59550125031721,0.595483472718342,"sintetico_postestratificado",FALSE,0.353335405955369,"sintetico_postestratificado",FALSE,FALSE,FALSE,"14","074","San Julián"
553,-25.9118009456089,-40.9577317449679,-9.07601693646467,0.605663601286903,"sintetico_postestratificado",FALSE,0.346545591830814,"sintetico_postestratificado",FALSE,FALSE,FALSE,"14","073","San Juan de los Lagos"
554,-24.0412351559326,-39.825033558193,-7.70423649657113,0.604983985547903,"sintetico_postestratificado",FALSE,0.364571633988577,"sintetico_postestratificado",FALSE,FALSE,FALSE,"14","062","Mixtlán"
555,-25.6304108148301,-42.5544204700415,-8.59060108484153,0.602208836505955,"sintetico_postestratificado",FALSE,0.345904728357654,"sintetico_postestratificado",FALSE,FALSE,FALSE,"14","113","San Gabriel"
556,-25.0428690300023,-42.0892040766813,-8.10078855393744,0.526435709496531,"sintetico_postestratificado",FALSE,0.276007019196508,"sintetico_postestratificado",FALSE,FALSE,FALSE,"14","087","Tecalitlán"
557,-24.7481350587553,-41.0659928380464,-7.56367208124633,0.611914499559469,"sintetico_postestratificado",FALSE,0.364433148971916,"sintetico_postestratificado",FALSE,FALSE,FALSE,"14","014","Atoyac"
558,-23.9597567911524,-40.1592253554129,-5.17238723012271,0.605688894809104,"sintetico_postestratificado",FALSE,0.36609132689758,"sintetico_postestratificado",FALSE,FALSE,FALSE,"14","015","Autlán de Navarro"
559,-23.0693253631852,-37.4088513274953,-7.60271791437079,0.625348336542074,"muestra_directa",TRUE,0.394655082910223,"muestra_directa",FALSE,TRUE,TRUE,"14","097","Tlajomulco de Zúñiga"
560,-24.8892155131449,-40.592012316976,-7.08251151690667,0.562559989314026,"sintetico_postestratificado",FALSE,0.313667834182577,"sintetico_postestratificado",FALSE,FALSE,FALSE,"14","055","Magdalena"
561,-23.9410493212385,-40.7522298982468,-6.42260320401757,0.578119586234624,"sintetico_postestratificado",FALSE,0.338709093022239,"sintetico_postestratificado",FALSE,FALSE,FALSE,"14","063","Ocotlán"
562,-24.8703730605355,-41.3756751107464,-8.58398508088947,0.599333068667461,"sintetico_postestratificado",FALSE,0.350629338062106,"sintetico_postestratificado",FALSE,FALSE,FALSE,"14","086","Tapalpa"
563,-25.2825288667969,-42.6743031175257,-7.82792558140816,0.576086791677173,"sintetico_postestratificado",FALSE,0.323261503009203,"sintetico_postestratificado",FALSE,FALSE,FALSE,"14","043","La Huerta"
564,-25.5776772262742,-44.1379683008995,-6.29967653328824,0.599327941535427,"sintetico_postestratificado",FALSE,0.343551169272686,"sintetico_postestratificado",FALSE,FALSE,FALSE,"14","116","Villa Hidalgo"
565,-25.5236540131747,-42.7630202453684,-7.81568277736902,0.567682885561824,"sintetico_postestratificado",FALSE,0.312446345430078,"sintetico_postestratificado",FALSE,FALSE,FALSE,"14","012","Atenguillo"
566,-24.0601854649362,-39.5376157039171,-7.59610883176407,0.595930530376852,"sintetico_postestratificado",FALSE,0.35532867572749,"sintetico_postestratificado",FALSE,FALSE,FALSE,"14","117","Cañadas de Obregón"
567,-23.6623102771626,-38.8718166291763,-5.55613803769641,0.61668659913472,"sintetico_postestratificado",FALSE,0.380063496363093,"sintetico_postestratificado",FALSE,FALSE,FALSE,"14","118","Yahualica de González Gallo"
568,-23.1784831486612,-40.8987093875064,-5.83549829721485,0.612491998855042,"sintetico_postestratificado",FALSE,0.380707167368431,"sintetico_postestratificado",FALSE,FALSE,FALSE,"14","017","Ayutla"
569,-23.9803402791549,-40.7035282554421,-5.23219688168467,0.606440607661382,"sintetico_postestratificado",FALSE,0.366637204869834,"sintetico_postestratificado",FALSE,FALSE,FALSE,"14","119","Zacoalco de Torres"
570,-22.6649494686321,-36.8538210692614,-8.4073459904299,0.520850798501103,"muestra_directa",FALSE,0.294201303814782,"muestra_directa",FALSE,TRUE,FALSE,"14","120","Zapopan"
571,-24.4735986744495,-41.1184667269461,-5.73098830555521,0.576501551172548,"sintetico_postestratificado",FALSE,0.331765564428053,"sintetico_postestratificado",FALSE,FALSE,FALSE,"14","121","Zapotiltic"
572,-26.0499248162453,-41.765947442022,-8.47149368063415,0.592966877135361,"sintetico_postestratificado",FALSE,0.332467628972908,"sintetico_postestratificado",FALSE,FALSE,FALSE,"14","123","Zapotlán del Rey"
573,-25.7257955496761,-42.4657537545195,-7.64651586441124,0.600407391654696,"sintetico_postestratificado",FALSE,0.343149436157935,"sintetico_postestratificado",FALSE,FALSE,FALSE,"14","069","Quitupan"
574,-24.1233835182189,-41.222405223379,-6.94253938412375,0.598336977365956,"sintetico_postestratificado",FALSE,0.357103142183767,"sintetico_postestratificado",FALSE,FALSE,FALSE,"14","112","Valle de Juárez"
575,-23.627905421863,-40.4717868190277,-5.35942102048467,0.535073165701987,"sintetico_postestratificado",FALSE,0.298794111483357,"sintetico_postestratificado",FALSE,FALSE,FALSE,"14","111","Valle de Guadalupe"
576,-24.5871106301963,-39.9515285037294,-8.04100704305882,0.590489382076019,"sintetico_postestratificado",FALSE,0.344618275774056,"sintetico_postestratificado",FALSE,FALSE,FALSE,"14","079","Gómez Farías"
577,-23.6577942377061,-40.4368761582707,-6.27986267112548,0.620199634969834,"sintetico_postestratificado",FALSE,0.383621692592773,"sintetico_postestratificado",FALSE,FALSE,FALSE,"14","078","San Miguel el Alto"
578,-25.026197696009,-40.7899036837128,-8.20252024373853,0.592065713174303,"sintetico_postestratificado",FALSE,0.341803736214214,"sintetico_postestratificado",FALSE,FALSE,FALSE,"14","077","San Martín Hidalgo"
579,-22.3136909193199,-38.9668838780073,-4.32216014390969,0.591076786882743,"sintetico_postestratificado",FALSE,0.367939877689544,"sintetico_postestratificado",FALSE,FALSE,FALSE,"14","075","San Marcos"
580,-22.8336715996927,-36.6240492750735,-7.63971053563285,0.577450378747207,"muestra_directa",FALSE,0.34911366275028,"muestra_directa",FALSE,TRUE,FALSE,"14","098","San Pedro Tlaquepaque"
581,-22.3053033232552,-38.7322219331326,-4.7374729854967,0.555135978028236,"sintetico_postestratificado",FALSE,0.332082944795684,"sintetico_postestratificado",FALSE,FALSE,FALSE,"14","105","Tototlán"
582,-22.6247112421063,-40.0983375681267,-5.21300420014035,0.543704831668534,"sintetico_postestratificado",FALSE,0.317457719247471,"sintetico_postestratificado",FALSE,FALSE,FALSE,"14","104","Totatiche"
583,-23.08765405031,-39.9221354029974,-6.03174175213024,0.585418553862717,"sintetico_postestratificado",FALSE,0.354542013359617,"sintetico_postestratificado",FALSE,FALSE,FALSE,"14","103","Tonila"
584,-21.9092973160836,-39.0617918349831,-3.83761479248834,0.562367177242998,"sintetico_postestratificado",FALSE,0.343274204082161,"sintetico_postestratificado",FALSE,FALSE,FALSE,"14","024","Cocula"
585,-23.8606117029613,-40.8853159381637,-7.20307443257667,0.582667981128028,"sintetico_postestratificado",FALSE,0.344061864098415,"sintetico_postestratificado",FALSE,FALSE,FALSE,"14","102","Tonaya"
586,-24.3131204280062,-40.7890507207444,-7.11872286665759,0.589964322434775,"sintetico_postestratificado",FALSE,0.346833118154713,"sintetico_postestratificado",FALSE,FALSE,FALSE,"14","100","Tomatlán"
587,-24.3414407943071,-41.3273473504105,-7.18505871132595,0.569598968312172,"sintetico_postestratificado",FALSE,0.326184560369101,"sintetico_postestratificado",FALSE,FALSE,FALSE,"14","099","Tolimán"
588,-24.4831590399948,-39.9385260072318,-8.23019169195629,0.582156174498585,"muestra_directa",TRUE,0.337324584098637,"muestra_directa",FALSE,TRUE,TRUE,"14","093","Tepatitlán de Morelos"
589,-22.3743514408167,-38.5196170057352,-5.89991670493765,0.579913744211839,"sintetico_postestratificado",FALSE,0.356170229803672,"sintetico_postestratificado",FALSE,FALSE,FALSE,"14","124","Zapotlanejo"
590,-24.425584293411,-42.2168284930206,-8.05318281001468,0.582519481234128,"sintetico_postestratificado",FALSE,0.338263638300018,"sintetico_postestratificado",FALSE,FALSE,FALSE,"14","115","Villa Guerrero"
591,-24.0389174175831,-40.5136945374299,-6.53236154128244,0.590129941432712,"muestra_directa",TRUE,0.349740767256881,"muestra_directa",TRUE,TRUE,TRUE,"14","021","Casimiro Castillo"
592,-25.4123505937291,-42.5623817992426,-7.48356562567564,0.583684960676418,"sintetico_postestratificado",FALSE,0.329561454739126,"sintetico_postestratificado",FALSE,FALSE,FALSE,"14","070","El Salto"
593,-25.2741614652291,-43.2093351290389,-6.6599704678984,0.604249494564207,"sintetico_postestratificado",FALSE,0.351507879911916,"sintetico_postestratificado",FALSE,FALSE,FALSE,"14","020","Cabo Corrientes"
594,-23.8887368517971,-40.4376255323699,-6.25999661888742,0.587721670362366,"sintetico_postestratificado",FALSE,0.348834301844395,"sintetico_postestratificado",FALSE,FALSE,FALSE,"14","018","La Barca"
595,-22.6272012267947,-39.3924780956932,-5.06182660099309,0.597046431788755,"sintetico_postestratificado",FALSE,0.370774419520808,"sintetico_postestratificado",FALSE,FALSE,FALSE,"14","051","Juanacatlán"
596,-25.0150356096132,-40.6241253389836,-8.63391071141725,0.577294864156991,"muestra_directa",TRUE,0.327144508060859,"muestra_directa",FALSE,TRUE,TRUE,"14","044","Ixtlahuacán de los Membrillos"
597,-21.4396277989812,-34.0279138274756,-7.14671313302099,0.586741195968882,"muestra_directa",FALSE,0.37234491797907,"muestra_directa",FALSE,TRUE,FALSE,"14","039","Guadalajara"
598,-23.4447964358491,-40.1928959770566,-6.19370409922971,0.560415933800995,"sintetico_postestratificado",FALSE,0.325967969442504,"sintetico_postestratificado",FALSE,FALSE,FALSE,"14","022","Cihuatlán"
599,-24.480669079254,-40.3276762962574,-6.84876193699621,0.608896569873393,"sintetico_postestratificado",FALSE,0.364089879080854,"sintetico_postestratificado",FALSE,FALSE,FALSE,"14","016","Ayotlán"
600,-24.4855072710335,-40.379287268992,-5.97962813632937,0.565721029786336,"sintetico_postestratificado",FALSE,0.320865957076002,"sintetico_postestratificado",FALSE,FALSE,FALSE,"14","080","San Sebastián del Oeste"
601,-24.934646079114,-41.4686185802954,-5.44885144065306,0.596861783790903,"sintetico_postestratificado",FALSE,0.347515322999763,"sintetico_postestratificado",FALSE,FALSE,FALSE,"14","125","San Ignacio Cerro Gordo"
602,-23.6992396370677,-40.9432641825276,-6.73470295814524,0.571162544719501,"sintetico_postestratificado",FALSE,0.334170148348824,"sintetico_postestratificado",FALSE,FALSE,FALSE,"14","072","San Diego de Alejandría"
603,-21.4913146715949,-36.9036312598289,-3.98852341260315,0.50983024026056,"muestra_directa",TRUE,0.294917093544611,"muestra_directa",TRUE,TRUE,TRUE,"14","066","Poncitlán"
604,-23.615054536905,-40.511903816634,-6.17612285933333,0.597681808374267,"sintetico_postestratificado",FALSE,0.361531263005217,"sintetico_postestratificado",FALSE,FALSE,FALSE,"14","110","Unión de Tula"
605,-23.2758476119588,-39.3891187229216,-4.4424410388079,0.626446278174037,"sintetico_postestratificado",FALSE,0.393687802054449,"sintetico_postestratificado",FALSE,FALSE,FALSE,"14","092","Teocuitatlán de Corona"
606,-23.6192863941803,-39.7910204196487,-7.59230508891044,0.607738527779616,"sintetico_postestratificado",FALSE,0.371545663837813,"sintetico_postestratificado",FALSE,FALSE,FALSE,"14","091","Teocaltiche"
607,-22.5397564337748,-39.0797573027913,-6.57259035680922,0.566612210068266,"muestra_directa",TRUE,0.341214645730517,"muestra_directa",TRUE,TRUE,TRUE,"14","002","Acatlán de Juárez"
608,-22.8302526045646,-39.5396458448469,-5.56284823616097,0.586889146206091,"sintetico_postestratificado",FALSE,0.358586620160444,"sintetico_postestratificado",FALSE,FALSE,FALSE,"14","003","Ahualulco de Mercado"
609,-23.357109808867,-40.2958154153448,-4.9724463987337,0.578464403366982,"sintetico_postestratificado",FALSE,0.344893305278312,"sintetico_postestratificado",FALSE,FALSE,FALSE,"14","005","Amatitán"
610,-22.7530722167107,-39.0233813901526,-4.89414486919314,0.575899650487879,"sintetico_postestratificado",FALSE,0.348368928320773,"sintetico_postestratificado",FALSE,FALSE,FALSE,"14","109","Unión de San Antonio"
611,-23.3815255166705,-39.276466496068,-6.20806509416155,0.549251643511598,"sintetico_postestratificado",FALSE,0.315436388344894,"sintetico_postestratificado",FALSE,FALSE,FALSE,"14","108","Tuxpan"
612,-23.2477972558842,-39.8011728275969,-7.06813753801225,0.561528720661448,"sintetico_postestratificado",FALSE,0.329050748102606,"sintetico_postestratificado",FALSE,FALSE,FALSE,"14","088","Tecolotlán"
613,-22.5650303283085,-38.206867385092,-5.19642969175574,0.572298799250956,"sintetico_postestratificado",FALSE,0.346648495967871,"sintetico_postestratificado",FALSE,FALSE,FALSE,"14","090","Tenamaxtlán"
614,-22.8914380786465,-38.9696252338481,-5.16068059831498,0.58514700131382,"sintetico_postestratificado",FALSE,0.356232620527355,"sintetico_postestratificado",FALSE,FALSE,FALSE,"14","071","San Cristóbal de la Barranca"
615,-23.3415279504243,-40.57394584472,-5.8180343272759,0.582928840735797,"sintetico_postestratificado",FALSE,0.349513561231554,"sintetico_postestratificado",FALSE,FALSE,FALSE,"14","068","Villa Purificación"
616,-23.7225725038403,-39.2871301130271,-7.38836868439596,0.553032281999348,"muestra_directa",TRUE,0.315806556960945,"muestra_directa",FALSE,TRUE,TRUE,"14","067","Puerto Vallarta"
617,-24.2768940568273,-41.5445970210731,-8.10557849724088,0.57895597991509,"sintetico_postestratificado",FALSE,0.336187039346817,"sintetico_postestratificado",FALSE,FALSE,FALSE,"14","114","Villa Corona"
618,-24.0395421169645,-40.563519618184,-6.06344702073475,0.593340655626457,"sintetico_postestratificado",FALSE,0.352945234456811,"sintetico_postestratificado",FALSE,FALSE,FALSE,"14","107","Tuxcueca"
619,-24.801836986262,-40.267243062967,-7.98984858402373,0.555838149096379,"sintetico_postestratificado",FALSE,0.307819779233759,"sintetico_postestratificado",FALSE,FALSE,FALSE,"14","106","Tuxcacuesco"
620,-23.388006843532,-41.1120953346512,-4.48138107791345,0.574993936153833,"sintetico_postestratificado",FALSE,0.341113867718512,"sintetico_postestratificado",FALSE,FALSE,FALSE,"14","025","Colotlán"
621,-22.9218362931735,-39.4001163597385,-5.31332324083937,0.570964985834973,"sintetico_postestratificado",FALSE,0.341746622903238,"sintetico_postestratificado",FALSE,FALSE,FALSE,"14","027","Cuautitlán de García Barragán"
622,-22.0156327326046,-40.1981211653406,-3.39163783407284,0.565345088273636,"sintetico_postestratificado",FALSE,0.345188760947589,"sintetico_postestratificado",FALSE,FALSE,FALSE,"14","028","Cuautla"
623,-24.2333803626432,-41.4661108956334,-6.63934751740326,0.593984586801158,"sintetico_postestratificado",FALSE,0.351650783174725,"sintetico_postestratificado",FALSE,FALSE,FALSE,"14","011","Atengo"
624,-23.8086866719691,-42.2442116971986,-5.95507170575077,0.615795672922516,"sintetico_postestratificado",FALSE,0.377708806202825,"sintetico_postestratificado",FALSE,FALSE,FALSE,"14","064","Ojuelos de Jalisco"
625,-22.2065054741269,-39.0783193350423,-4.78609830225565,0.56024649828174,"muestra_directa",TRUE,0.33818144354047,"muestra_directa",TRUE,TRUE,TRUE,"14","032","Chiquilistlán"
626,-23.9918794992479,-41.0433701557731,-7.49899838061908,0.597121451814122,"sintetico_postestratificado",FALSE,0.357202656821642,"sintetico_postestratificado",FALSE,FALSE,FALSE,"14","030","Chapala"
627,-23.1176155818672,-41.6332013187677,-5.44262469668437,0.564857037433327,"sintetico_postestratificado",FALSE,0.333680881614655,"sintetico_postestratificado",FALSE,FALSE,FALSE,"14","029","Cuquío"
628,-22.8009702627263,-39.6554241501116,-3.82060936927821,0.588156387586085,"sintetico_postestratificado",FALSE,0.360146684958822,"sintetico_postestratificado",FALSE,FALSE,FALSE,"14","094","Tequila"
629,-22.8084024289761,-38.8826488113495,-4.47934547916388,0.582587296762318,"sintetico_postestratificado",FALSE,0.354503272472557,"sintetico_postestratificado",FALSE,FALSE,FALSE,"14","095","Teuchitlán"
630,-23.035968010645,-38.83440790182,-5.75606155328664,0.578177789688675,"sintetico_postestratificado",FALSE,0.347818109582225,"sintetico_postestratificado",FALSE,FALSE,FALSE,"14","096","Tizapán el Alto"
631,-23.615795849059,-39.9802173416798,-5.31423345360824,0.578117024766554,"sintetico_postestratificado",FALSE,0.341959066275965,"sintetico_postestratificado",FALSE,FALSE,FALSE,"14","061","Mezquitic"
632,-22.9756473854579,-39.4741641105882,-4.77859038813744,0.585795424525964,"sintetico_postestratificado",FALSE,0.356038950671386,"sintetico_postestratificado",FALSE,FALSE,FALSE,"14","060","Mexticacán"
633,-22.7019022428601,-40.5367317507584,-5.24805438488094,0.587022020724313,"sintetico_postestratificado",FALSE,0.360002998295712,"sintetico_postestratificado",FALSE,FALSE,FALSE,"14","059","Mazamitla"
634,-22.8920251338863,-39.5020257588649,-5.91746946395094,0.60009843681126,"muestra_directa",TRUE,0.371178185472397,"muestra_directa",TRUE,TRUE,TRUE,"14","058","Mascota"
635,-24.1051260287375,-40.6998279536169,-6.6441360096247,0.592470796168881,"sintetico_postestratificado",FALSE,0.351419535881506,"sintetico_postestratificado",FALSE,FALSE,FALSE,"14","057","La Manzanilla de la Paz"
636,-25.1234226068753,-40.84848109843,-7.12353653911376,0.617738054010274,"sintetico_postestratificado",FALSE,0.366503827941521,"sintetico_postestratificado",FALSE,FALSE,FALSE,"14","056","Santa María del Oro"
637,-23.9064972737244,-40.7984636476177,-6.83617949463732,0.629019117637861,"sintetico_postestratificado",FALSE,0.389954144900617,"sintetico_postestratificado",FALSE,FALSE,FALSE,"14","054","El Limón"
638,-24.5831325340239,-40.9845207839653,-7.68784184267784,0.567778568509154,"sintetico_postestratificado",FALSE,0.321947243168915,"sintetico_postestratificado",FALSE,FALSE,FALSE,"14","085","Tamazula de Gordiano"
639,-24.1864254120597,-40.306747063804,-5.16051777669042,0.603792141284431,"sintetico_postestratificado",FALSE,0.361927887163834,"sintetico_postestratificado",FALSE,FALSE,FALSE,"14","084","Talpa de Allende"
640,-24.9451682212371,-39.7682399168516,-8.9641403568984,0.567187496071383,"muestra_directa",TRUE,0.317735813859012,"muestra_directa",FALSE,TRUE,TRUE,"14","053","Lagos de Moreno"
641,-24.5625636481679,-41.8009326280917,-5.97220096986678,0.597886151091645,"sintetico_postestratificado",FALSE,0.352260514609966,"sintetico_postestratificado",FALSE,FALSE,FALSE,"14","052","Juchitlán"
642,-25.0534913584917,-41.4449616132916,-7.43195163880488,0.571024702164751,"sintetico_postestratificado",FALSE,0.320489788579834,"sintetico_postestratificado",FALSE,FALSE,FALSE,"14","050","Jocotepec"
643,-23.7301964407575,-39.4932709594771,-5.02754903415466,0.596313805426246,"sintetico_postestratificado",FALSE,0.359011841018672,"sintetico_postestratificado",FALSE,FALSE,FALSE,"14","031","Chimaltitán"
644,-24.7627513029541,-40.9890724206682,-6.55227951254934,0.576925255546585,"sintetico_postestratificado",FALSE,0.329297742517044,"sintetico_postestratificado",FALSE,FALSE,FALSE,"14","049","Jilotlán de los Dolores"
645,-23.5217733891218,-40.2359021204787,-5.79680539412306,0.621502867351889,"sintetico_postestratificado",FALSE,0.386285133460671,"sintetico_postestratificado",FALSE,FALSE,FALSE,"14","048","Jesús María"
646,-24.7052714657212,-41.3805642548795,-6.81619321872269,0.618314331056035,"sintetico_postestratificado",FALSE,0.371261616398822,"sintetico_postestratificado",FALSE,FALSE,FALSE,"14","047","Jamay"
647,-24.2730266728515,-39.6447584037311,-8.05872768390971,0.588603769096505,"muestra_directa",TRUE,0.34587350236799,"muestra_directa",FALSE,TRUE,TRUE,"14","046","Jalostotitlán"
648,-23.3715401448889,-39.0237236690375,-6.0284425099758,0.573885893350531,"sintetico_postestratificado",FALSE,0.340170491901642,"sintetico_postestratificado",FALSE,FALSE,FALSE,"14","045","Ixtlahuacán del Río"
649,-23.4659642653409,-40.9165362550754,-4.96447423247483,0.57555588497626,"sintetico_postestratificado",FALSE,0.340896242322851,"sintetico_postestratificado",FALSE,FALSE,FALSE,"14","042","Huejuquilla el Alto"
650,-23.0252602874193,-41.2509006222172,-5.75876105134698,0.600423432705432,"sintetico_postestratificado",FALSE,0.370170829831239,"sintetico_postestratificado",FALSE,FALSE,FALSE,"14","041","Huejúcar"
651,-24.7771055523758,-40.6720421975042,-6.92420699248916,0.597117826109252,"sintetico_postestratificado",FALSE,0.349346770585494,"sintetico_postestratificado",FALSE,FALSE,FALSE,"14","040","Hostotipaquillo"
652,-24.5440044246811,-41.6972001269961,-5.75442386403689,0.589514800252932,"sintetico_postestratificado",FALSE,0.34407475600612,"sintetico_postestratificado",FALSE,FALSE,FALSE,"14","038","Guachinango"
653,-23.8895187320307,-40.7933834532858,-6.81034407774987,0.586470515625545,"sintetico_postestratificado",FALSE,0.347575328305238,"sintetico_postestratificado",FALSE,FALSE,FALSE,"14","037","El Grullo"
654,-24.4462260248879,-41.8327676006396,-7.07732095153975,0.585784149842172,"sintetico_postestratificado",FALSE,0.341321889593293,"sintetico_postestratificado",FALSE,FALSE,FALSE,"14","036","Etzatlán"
655,-23.2755225256273,-40.7062663017435,-4.47355170753112,0.580997442938786,"sintetico_postestratificado",FALSE,0.348242217682513,"sintetico_postestratificado",FALSE,FALSE,FALSE,"14","035","Encarnación de Díaz"
656,-22.9757683896537,-38.7574083133449,-4.31814484131843,0.588961041017617,"sintetico_postestratificado",FALSE,0.35920335712108,"sintetico_postestratificado",FALSE,FALSE,FALSE,"14","034","Ejutla"
657,-24.75226856487,-41.2742690692442,-8.15479444403651,0.594217037208344,"sintetico_postestratificado",FALSE,0.346694351559644,"sintetico_postestratificado",FALSE,FALSE,FALSE,"14","033","Degollado"
658,-25.9835221804147,-42.3230772983728,-8.89784145897691,0.564643785229177,"sintetico_postestratificado",FALSE,0.30480856342503,"sintetico_postestratificado",FALSE,FALSE,FALSE,"14","010","Atemajac de Brizuela"
659,-22.8768904495532,-38.8198622327149,-5.04156326437761,0.538644317001959,"sintetico_postestratificado",FALSE,0.309875412506427,"sintetico_postestratificado",FALSE,FALSE,FALSE,"14","013","Atotonilco el Alto"
660,-23.2617317821179,-39.4743180405593,-5.99500865745057,0.563720434178773,"sintetico_postestratificado",FALSE,0.331103116357594,"sintetico_postestratificado",FALSE,FALSE,FALSE,"14","089","Techaluta de Montenegro"
661,-22.8232053801599,-39.1339837203352,-6.34309278233866,0.588635568323103,"sintetico_postestratificado",FALSE,0.360403514521503,"sintetico_postestratificado",FALSE,FALSE,FALSE,"14","026","Concepción de Buenos Aires"
662,-24.5358743691238,-40.4342630932392,-7.5423217316454,0.569827173300313,"muestra_directa",TRUE,0.324468429609076,"muestra_directa",TRUE,TRUE,TRUE,"14","083","Tala"
663,-24.4451242428798,-40.8503727532428,-6.76605340930146,0.592809743445558,"sintetico_postestratificado",FALSE,0.348358501016759,"sintetico_postestratificado",FALSE,FALSE,FALSE,"14","082","Sayula"
664,-25.5812560952846,-41.7705483244657,-7.76105545943122,0.612796123525618,"sintetico_postestratificado",FALSE,0.356983562572772,"sintetico_postestratificado",FALSE,FALSE,FALSE,"14","081","Santa María de los Ángeles"
665,-23.8635251303305,-39.8030806820937,-7.03321974363406,0.619393163856434,"sintetico_postestratificado",FALSE,0.380757912553129,"sintetico_postestratificado",FALSE,FALSE,FALSE,"14","009","El Arenal"
666,-24.5530874352859,-38.7995665488937,-8.09401914892769,0.598950507415733,"muestra_directa",FALSE,0.353419633062874,"muestra_directa",FALSE,TRUE,FALSE,"14","008","Arandas"
667,-23.6871086770971,-41.2814578092417,-5.86297115890815,0.575120186515759,"sintetico_postestratificado",FALSE,0.338249099744788,"sintetico_postestratificado",FALSE,FALSE,FALSE,"14","007","San Juanito de Escobedo"
668,-24.0888066114372,-39.6678883394205,-6.64663375675449,0.596601186547821,"sintetico_postestratificado",FALSE,0.355713120433448,"sintetico_postestratificado",FALSE,FALSE,FALSE,"14","006","Ameca"
669,-24.530717162317,-41.3985028162173,-6.1757768401934,0.612621390494701,"sintetico_postestratificado",FALSE,0.367314218871531,"sintetico_postestratificado",FALSE,FALSE,FALSE,"14","004","Amacueca"
670,-24.0196804754531,-39.5846853491212,-5.84558646036459,0.580475189638952,"sintetico_postestratificado",FALSE,0.340278384884421,"sintetico_postestratificado",FALSE,FALSE,FALSE,"14","001","Acatic"
671,-23.3207953797838,-37.5583391478978,-7.99763375021264,0.515810984989618,"muestra_directa",FALSE,0.28260303119178,"muestra_directa",FALSE,TRUE,FALSE,"15","021","Coatepec Harinas"
672,-25.7882268846545,-42.2604855664387,-8.33857299448363,0.586877464833253,"sintetico_postestratificado",FALSE,0.328995195986708,"sintetico_postestratificado",FALSE,FALSE,FALSE,"15","011","Atenco"
673,-24.3079651936406,-40.4461470590439,-6.24816184359712,0.572273838447078,"sintetico_postestratificado",FALSE,0.329194186510672,"sintetico_postestratificado",FALSE,FALSE,FALSE,"15","004","Almoloya de Alquisiras"
674,-24.7427286767407,-41.1237052271569,-8.09755965056747,0.586258144898893,"sintetico_postestratificado",FALSE,0.338830858131486,"sintetico_postestratificado",FALSE,FALSE,FALSE,"15","002","Acolman"
675,-23.3083665917507,-39.6401297059029,-4.53148414844451,0.576965817095597,"sintetico_postestratificado",FALSE,0.34388215117809,"sintetico_postestratificado",FALSE,FALSE,FALSE,"15","034","Ecatzingo"
676,-23.3447888732496,-40.8364617447827,-5.99249082987354,0.590677939848748,"sintetico_postestratificado",FALSE,0.357230051116252,"sintetico_postestratificado",FALSE,FALSE,FALSE,"15","030","Chiconcuac"
677,-24.9921049502045,-41.6041166659008,-8.81596829231576,0.550800694388735,"muestra_directa",TRUE,0.30087964488669,"muestra_directa",TRUE,TRUE,TRUE,"15","068","Ozumba"
678,-24.8147604202687,-40.1450696079209,-8.5860387713364,0.54927419440054,"muestra_directa",TRUE,0.301126590197852,"muestra_directa",TRUE,TRUE,TRUE,"15","082","Tejupilco"
679,-24.1043328032046,-41.9368847285394,-6.89894569698962,0.58651354030467,"sintetico_postestratificado",FALSE,0.345470212272624,"sintetico_postestratificado",FALSE,FALSE,FALSE,"15","028","Chiautla"
680,-23.948314015373,-42.0236409571719,-4.91199549884037,0.583110294837024,"sintetico_postestratificado",FALSE,0.343627154683293,"sintetico_postestratificado",FALSE,FALSE,FALSE,"15","019","Capulhuac"
681,-24.4330040985429,-38.3994269786253,-8.92355955351613,0.594333034578728,"muestra_directa",FALSE,0.350002993593299,"muestra_directa",FALSE,TRUE,FALSE,"15","118","Zinacantepec"
682,-22.9413327164622,-40.4337456347371,-4.50025415421077,0.59953821964807,"muestra_directa",TRUE,0.370124892483448,"muestra_directa",TRUE,TRUE,TRUE,"15","094","Tepetlixpa"
683,-22.6020117405249,-38.4200225493385,-5.21869933312051,0.647602931421368,"muestra_directa",TRUE,0.421582814016119,"muestra_directa",TRUE,TRUE,TRUE,"15","074","San Felipe del Progreso"
684,-24.4538846631035,-40.7769896007669,-7.27496134522196,0.586331177159779,"sintetico_postestratificado",FALSE,0.341792330528744,"sintetico_postestratificado",FALSE,FALSE,FALSE,"15","036","Hueypoxtla"
685,-22.1734979167007,-39.2576528405598,-2.95612007575132,0.559509046489544,"sintetico_postestratificado",FALSE,0.337774067322537,"sintetico_postestratificado",FALSE,FALSE,FALSE,"15","041","Ixtapan del Oro"
686,-22.943445982641,-38.3665124556673,-4.87873651516355,0.57604039991633,"sintetico_postestratificado",FALSE,0.34660594008992,"sintetico_postestratificado",FALSE,FALSE,FALSE,"15","085","Temascalcingo"
687,-24.2471502427851,-40.7601129650497,-6.49470737878775,0.601675197332729,"sintetico_postestratificado",FALSE,0.359203694904878,"sintetico_postestratificado",FALSE,FALSE,FALSE,"15","096","Tequixquiac"
688,-25.9804733583218,-41.7547369230666,-9.75272150226256,0.601190287073119,"muestra_directa",FALSE,0.341385553489901,"muestra_directa",FALSE,TRUE,FALSE,"15","104","Tlalnepantla de Baz"
689,-23.9739110909735,-40.9796511913821,-5.68703371603227,0.584133256111103,"sintetico_postestratificado",FALSE,0.344394145201368,"sintetico_postestratificado",FALSE,FALSE,FALSE,"15","076","San Mateo Atenco"
690,-24.940343115602,-41.2146369291796,-7.24000011853496,0.619778582846658,"sintetico_postestratificado",FALSE,0.370375151690638,"sintetico_postestratificado",FALSE,FALSE,FALSE,"15","010","Apaxco"
691,-23.2394053871711,-39.6699722976004,-5.43092921605813,0.603664917958907,"sintetico_postestratificado",FALSE,0.371270864087196,"sintetico_postestratificado",FALSE,FALSE,FALSE,"15","023","Coyotepec"
692,-27.3961748327568,-40.592533846114,-12.0826498969772,0.622158637342979,"muestra_directa",FALSE,0.348196889015412,"muestra_directa",FALSE,TRUE,FALSE,"15","025","Chalco"
693,-26.3333508087696,-42.5298572415374,-7.70804777484069,0.624630259057359,"sintetico_postestratificado",FALSE,0.361296750969664,"sintetico_postestratificado",FALSE,FALSE,FALSE,"15","103","Tlalmanalco"
694,-25.0153221984375,-40.8143353760972,-8.33196128857231,0.631854133316261,"muestra_directa",TRUE,0.381700911331887,"muestra_directa",FALSE,TRUE,TRUE,"15","100","Tezoyuca"
695,-24.029382784213,-39.6213129012778,-6.39869151222207,0.556948347863666,"muestra_directa",TRUE,0.316654520021536,"muestra_directa",TRUE,TRUE,TRUE,"15","040","Ixtapan de la Sal"
696,-22.0901040685878,-38.6274286304645,-2.84677646175478,0.563276302411351,"sintetico_postestratificado",FALSE,0.342375261725473,"sintetico_postestratificado",FALSE,FALSE,FALSE,"15","107","Tonatico"
697,-23.3727707063479,-39.3698877677389,-6.42617622773703,0.579374785160517,"sintetico_postestratificado",FALSE,0.345647078097038,"sintetico_postestratificado",FALSE,FALSE,FALSE,"15","052","Malinalco"
698,-23.9741962393311,-37.289750049163,-10.4131730696744,0.565890188322519,"muestra_directa",FALSE,0.326148225929209,"muestra_directa",FALSE,TRUE,FALSE,"15","109","Tultitlán"
699,-23.8922964494703,-40.2028908456634,-7.54497420540461,0.587583650864218,"muestra_directa",TRUE,0.348660686369515,"muestra_directa",FALSE,TRUE,TRUE,"15","012","Atizapán"
700,-23.9835721841788,-39.5271247745296,-7.14440207052498,0.587328613332055,"sintetico_postestratificado",FALSE,0.347492891490267,"sintetico_postestratificado",FALSE,FALSE,FALSE,"15","014","Atlacomulco"
701,-23.7513005968768,-40.1200896300365,-6.22219181265618,0.540214022688975,"sintetico_postestratificado",FALSE,0.302701016720207,"sintetico_postestratificado",FALSE,FALSE,FALSE,"15","003","Aculco"
702,-23.4853745648618,-40.8184908786707,-6.80652608671077,0.5662781452764,"sintetico_postestratificado",FALSE,0.331424399627783,"sintetico_postestratificado",FALSE,FALSE,FALSE,"15","015","Atlautla"
703,-24.8582638847523,-41.3116629616486,-7.67862027630155,0.598315759449553,"sintetico_postestratificado",FALSE,0.34973312060203,"sintetico_postestratificado",FALSE,FALSE,FALSE,"15","016","Axapusco"
704,-25.9702541147094,-41.275179042179,-9.93555467422567,0.561344098085556,"sintetico_postestratificado",FALSE,0.301641556938462,"sintetico_postestratificado",FALSE,FALSE,FALSE,"15","005","Almoloya de Juárez"
705,-22.7356324542092,-38.8457564645754,-6.07112157716087,0.563611057412271,"muestra_directa",TRUE,0.336254732870178,"muestra_directa",TRUE,TRUE,TRUE,"15","024","Cuautitlán"
706,-25.7141273424369,-41.6426052937337,-8.06305522008862,0.566787010089074,"sintetico_postestratificado",FALSE,0.309645736664706,"sintetico_postestratificado",FALSE,FALSE,FALSE,"15","008","Amatepec"
707,-30.2683611021415,-44.0521018652037,-15.361158927942,0.584761008186592,"muestra_directa",TRUE,0.282077397165177,"muestra_directa",FALSE,TRUE,TRUE,"15","007","Amanalco"
708,-24.9333722557256,-40.7437957186459,-7.48930115746741,0.596922446662735,"muestra_directa",TRUE,0.347588724105479,"muestra_directa",TRUE,TRUE,TRUE,"15","120","Zumpango"
709,-25.4689582470942,-42.1420205769626,-7.77823090146186,0.590266396077245,"muestra_directa",TRUE,0.335576813606302,"muestra_directa",TRUE,TRUE,TRUE,"15","042","Ixtlahuaca"
710,-24.8721036611954,-39.8879245024626,-8.75353983829428,0.549002068659435,"muestra_directa",TRUE,0.300281032047482,"muestra_directa",FALSE,TRUE,TRUE,"15","084","Temascalapa"
711,-25.7060228594505,-42.7675936080492,-8.37962559598687,0.529045639728957,"sintetico_postestratificado",FALSE,0.271985411134452,"sintetico_postestratificado",FALSE,FALSE,FALSE,"15","047","Jiquipilco"
712,-24.3801333504567,-41.730628102832,-5.66774072514496,0.562929634459656,"sintetico_postestratificado",FALSE,0.31912830095509,"sintetico_postestratificado",FALSE,FALSE,FALSE,"15","022","Cocotitlán"
713,-23.8648770403975,-40.9214438107267,-6.62486036828518,0.566632756611322,"muestra_directa",TRUE,0.327983986207347,"muestra_directa",TRUE,TRUE,TRUE,"15","020","Coacalco de Berriozábal"
714,-25.0537232660777,-40.9266936089787,-7.97198116612381,0.582409942178859,"sintetico_postestratificado",FALSE,0.331872709518081,"sintetico_postestratificado",FALSE,FALSE,FALSE,"15","062","Ocoyoacac"
715,-26.2597626110151,-42.8767987501615,-8.29202160882491,0.587845592068185,"sintetico_postestratificado",FALSE,0.325247965958034,"sintetico_postestratificado",FALSE,FALSE,FALSE,"15","050","Juchitepec"
716,-24.0767411277982,-40.567767460204,-5.69650070561153,0.550196896296515,"sintetico_postestratificado",FALSE,0.309429485018533,"sintetico_postestratificado",FALSE,FALSE,FALSE,"15","061","Nopaltepec"
717,-25.7037797821957,-41.4379705771926,-8.00794860440765,0.575723940526526,"sintetico_postestratificado",FALSE,0.318686142704569,"sintetico_postestratificado",FALSE,FALSE,FALSE,"15","101","Tianguistenco"
718,-25.7978558303775,-41.257789637826,-9.28468118323472,0.604299373173955,"muestra_directa",TRUE,0.34632081487018,"muestra_directa",FALSE,TRUE,TRUE,"15","057","Naucalpan de Juárez"
719,-24.7216785160038,-39.9371638735924,-8.88580763706818,0.596758146126168,"muestra_directa",FALSE,0.34954136096613,"muestra_directa",FALSE,TRUE,FALSE,"15","105","Tlatlaya"
720,-21.5827424229365,-36.2163512513092,-7.40276896185295,0.587675466685327,"muestra_directa",FALSE,0.371848042455962,"muestra_directa",FALSE,TRUE,FALSE,"15","106","Toluca"
721,-24.1507267262415,-41.0251184882208,-7.01745494699611,0.587050677853207,"sintetico_postestratificado",FALSE,0.345543410590793,"sintetico_postestratificado",FALSE,FALSE,FALSE,"15","116","Zacazonapan"
722,-24.8656086211858,-40.8688084459026,-8.49738055069778,0.608997891546031,"sintetico_postestratificado",FALSE,0.360341805334173,"sintetico_postestratificado",FALSE,FALSE,FALSE,"15","097","Texcaltitlán"
723,-23.865489834419,-40.9248062674063,-5.3248795013571,0.581281009355877,"sintetico_postestratificado",FALSE,0.342626111011687,"sintetico_postestratificado",FALSE,FALSE,FALSE,"15","079","Soyaniquilpan de Juárez"
724,-22.9790347413732,-37.7059230750275,-8.59923770020279,0.506111768594644,"muestra_directa",TRUE,0.276321421180912,"muestra_directa",FALSE,TRUE,TRUE,"15","119","Zumpahuacán"
725,-23.9664978082135,-39.0176610722906,-7.19806676134087,0.605622346554541,"muestra_directa",TRUE,0.365957368472406,"muestra_directa",TRUE,TRUE,TRUE,"15","081","Tecámac"
726,-23.888440102598,-39.5196139515133,-6.93390427600659,0.565089373118326,"muestra_directa",TRUE,0.326204972092346,"muestra_directa",TRUE,TRUE,TRUE,"15","035","Huehuetoca"
727,-25.5528193303628,-42.1574959227354,-7.89321346793317,0.564061826790131,"sintetico_postestratificado",FALSE,0.308533633486503,"sintetico_postestratificado",FALSE,FALSE,FALSE,"15","064","El Oro"
728,-25.7005072885656,-41.4980868807003,-9.59677942831897,0.604109512655312,"sintetico_postestratificado",FALSE,0.347104439769656,"sintetico_postestratificado",FALSE,FALSE,FALSE,"15","083","Temamatla"
729,-23.916636366146,-41.6770663007675,-5.86325882517211,0.591610949355165,"sintetico_postestratificado",FALSE,0.352444585693705,"sintetico_postestratificado",FALSE,FALSE,FALSE,"15","102","Timilpan"
730,-24.8788122597271,-42.650867373249,-7.6104962859622,0.593065014211737,"sintetico_postestratificado",FALSE,0.344276891614467,"sintetico_postestratificado",FALSE,FALSE,FALSE,"15","087","Temoaya"
731,-24.8157802443978,-41.3317953308044,-7.56429153944896,0.570920542902829,"sintetico_postestratificado",FALSE,0.322762740458851,"sintetico_postestratificado",FALSE,FALSE,FALSE,"15","066","Otzoloapan"
732,-23.4669614737832,-41.0347059926449,-6.60800448921459,0.563429019252973,"sintetico_postestratificado",FALSE,0.328759404515141,"sintetico_postestratificado",FALSE,FALSE,FALSE,"15","108","Tultepec"
733,-25.3296879886669,-41.7361650819175,-7.65921774296708,0.563280303794511,"sintetico_postestratificado",FALSE,0.309983423907842,"sintetico_postestratificado",FALSE,FALSE,FALSE,"15","089","Tenango del Aire"
734,-25.3704459356718,-40.8235438943833,-9.41379305880441,0.574922184239729,"muestra_directa",TRUE,0.321217724883011,"muestra_directa",TRUE,TRUE,TRUE,"15","051","Lerma"
735,-25.2951642705092,-42.7936611039528,-7.8336477607296,0.560900698670368,"sintetico_postestratificado",FALSE,0.307949055965276,"sintetico_postestratificado",FALSE,FALSE,FALSE,"15","046","Jilotzingo"
736,-22.5855480462339,-36.4465214218887,-8.98496610727602,0.563641008247474,"muestra_directa",FALSE,0.337785527785135,"muestra_directa",FALSE,TRUE,FALSE,"15","037","Huixquilucan"
737,-25.5055047029446,-42.5365941250569,-8.18012296612701,0.595580291559879,"sintetico_postestratificado",FALSE,0.340525244530433,"sintetico_postestratificado",FALSE,FALSE,FALSE,"15","038","Isidro Fabela"
738,-24.9601356865252,-38.4956825464101,-10.6917865411628,0.580239136973497,"muestra_directa",FALSE,0.330637780108245,"muestra_directa",FALSE,TRUE,FALSE,"15","039","Ixtapaluca"
739,-23.9980095362625,-40.7419286115028,-4.87619889911529,0.610107574525005,"sintetico_postestratificado",FALSE,0.37012747916238,"sintetico_postestratificado",FALSE,FALSE,FALSE,"15","017","Ayapango"
740,-25.6001498418559,-42.9960208819364,-7.80253548603555,0.580648177379823,"sintetico_postestratificado",FALSE,0.324646678961264,"sintetico_postestratificado",FALSE,FALSE,FALSE,"15","069","Papalotla"
741,-24.5005350716288,-40.5401801337564,-6.30494877572474,0.599600232799603,"sintetico_postestratificado",FALSE,0.354594882083314,"sintetico_postestratificado",FALSE,FALSE,FALSE,"15","065","Otumba"
742,-23.7992665431182,-40.5809196520493,-5.71173741721026,0.558347151273599,"sintetico_postestratificado",FALSE,0.320354485842417,"sintetico_postestratificado",FALSE,FALSE,FALSE,"15","048","Jocotitlán"
743,-27.8646136993717,-41.9394973783269,-13.166476457404,0.65287929088031,"muestra_directa",FALSE,0.374233153886593,"muestra_directa",FALSE,TRUE,FALSE,"15","121","Cuautitlán Izcalli"
744,-24.0831193183737,-41.1993968031269,-6.58619504314572,0.573707753859236,"sintetico_postestratificado",FALSE,0.332876560675499,"sintetico_postestratificado",FALSE,FALSE,FALSE,"15","080","Sultepec"
745,-22.6628328588082,-38.9662101720096,-4.11534322235871,0.551708603640159,"sintetico_postestratificado",FALSE,0.325080275052077,"sintetico_postestratificado",FALSE,FALSE,FALSE,"15","071","Polotitlán"
746,-22.8692286942951,-39.9827202465482,-5.19905894685341,0.568811529714074,"sintetico_postestratificado",FALSE,0.340119242771123,"sintetico_postestratificado",FALSE,FALSE,FALSE,"15","075","San Martín de las Pirámides"
747,-26.134710768617,-43.3268786710954,-7.25791535124882,0.573828262470301,"sintetico_postestratificado",FALSE,0.312481154784131,"sintetico_postestratificado",FALSE,FALSE,FALSE,"15","072","Rayón"
748,-24.740417567829,-41.362579530634,-8.22092601508088,0.606494592352402,"sintetico_postestratificado",FALSE,0.359090416674113,"sintetico_postestratificado",FALSE,FALSE,FALSE,"15","056","Morelos"
749,-23.0359306126506,-39.4607325475333,-5.98301663980189,0.582812265230991,"muestra_directa",TRUE,0.352452959104485,"muestra_directa",TRUE,TRUE,TRUE,"15","067","Otzolotepec"
750,-25.5392949552916,-41.5319617875192,-8.87790720678015,0.631127179149424,"muestra_directa",TRUE,0.375734229596508,"muestra_directa",TRUE,TRUE,TRUE,"15","088","Tenancingo"
751,-27.9829510135845,-42.9101066229418,-10.4652145476248,0.630385218732622,"muestra_directa",TRUE,0.350555708596777,"muestra_directa",FALSE,TRUE,TRUE,"15","070","La Paz"
752,-24.3259045924562,-41.432653201067,-5.68695171404739,0.581433160504672,"sintetico_postestratificado",FALSE,0.338174114580111,"sintetico_postestratificado",FALSE,FALSE,FALSE,"15","078","Santo Tomás"
753,-23.603712652037,-39.9278850869197,-6.68240525028603,0.580481223161077,"sintetico_postestratificado",FALSE,0.344444096640707,"sintetico_postestratificado",FALSE,FALSE,FALSE,"15","111","Villa de Allende"
754,-23.7036877750718,-40.4000430545849,-6.35644069480295,0.580572679904304,"sintetico_postestratificado",FALSE,0.343535802153587,"sintetico_postestratificado",FALSE,FALSE,FALSE,"15","112","Villa del Carbón"
755,-25.2635167887525,-43.4125418175322,-7.78780806250512,0.55377518683415,"sintetico_postestratificado",FALSE,0.301140018946625,"sintetico_postestratificado",FALSE,FALSE,FALSE,"15","091","Teoloyucan"
756,-25.0816697759007,-41.3979425317173,-8.34152580832663,0.587645797811129,"sintetico_postestratificado",FALSE,0.336829100052122,"sintetico_postestratificado",FALSE,FALSE,FALSE,"15","113","Villa Guerrero"
757,-25.2577070295293,-42.7747195635018,-6.89722201929692,0.551785430445159,"sintetico_postestratificado",FALSE,0.299208360149866,"sintetico_postestratificado",FALSE,FALSE,FALSE,"15","006","Almoloya del Río"
758,-24.4476458962747,-39.9057887377566,-5.54036118475507,0.571196761082144,"sintetico_postestratificado",FALSE,0.326720302119397,"sintetico_postestratificado",FALSE,FALSE,FALSE,"15","123","Luvianos"
759,-25.201639543861,-42.280045041185,-8.61914747560818,0.611333146229013,"muestra_directa",TRUE,0.359316750790403,"muestra_directa",TRUE,TRUE,TRUE,"15","099","Texcoco"
760,-25.1437567723113,-39.2597700858385,-9.98121841354036,0.568360519993643,"muestra_directa",FALSE,0.316922952270529,"muestra_directa",FALSE,TRUE,FALSE,"15","060","Nicolás Romero"
761,-25.8554730756016,-40.4330970681718,-10.2861923741985,0.598145350108786,"muestra_directa",FALSE,0.33959061935277,"muestra_directa",FALSE,TRUE,FALSE,"15","122","Valle de Chalco Solidaridad"
762,-24.8774224024373,-40.916025965258,-8.89525943381737,0.583639945533901,"sintetico_postestratificado",FALSE,0.334865721509528,"sintetico_postestratificado",FALSE,FALSE,FALSE,"15","044","Jaltenco"
763,-24.4595028557658,-41.6268822662364,-7.52117267970929,0.58342056149207,"sintetico_postestratificado",FALSE,0.338825532934412,"sintetico_postestratificado",FALSE,FALSE,FALSE,"15","110","Valle de Bravo"
764,-24.5847243801781,-40.1687110522827,-8.37897946467143,0.608198076503334,"sintetico_postestratificado",FALSE,0.362350832701553,"sintetico_postestratificado",FALSE,FALSE,FALSE,"15","045","Jilotepec"
765,-25.1536795327333,-41.2758904053048,-8.51376368698267,0.556725052924056,"sintetico_postestratificado",FALSE,0.305188257596723,"sintetico_postestratificado",FALSE,FALSE,FALSE,"15","098","Texcalyacac"
766,-24.494881079623,-39.9718705758575,-7.58913576661131,0.567346675352946,"muestra_directa",TRUE,0.322397864556716,"muestra_directa",TRUE,TRUE,TRUE,"15","115","Xonacatlán"
767,-25.5409254567523,-42.911318952328,-8.01081991098463,0.56855429841446,"sintetico_postestratificado",FALSE,0.313145043846937,"sintetico_postestratificado",FALSE,FALSE,FALSE,"15","117","Zacualpan"
768,-25.9576059695951,-42.7501654676926,-8.21982134626642,0.563533826653435,"sintetico_postestratificado",FALSE,0.303957766957484,"sintetico_postestratificado",FALSE,FALSE,FALSE,"15","124","San José del Rincón"
769,-25.3673698937583,-42.1319311450788,-8.01292283181959,0.580282828747032,"sintetico_postestratificado",FALSE,0.326609129809449,"sintetico_postestratificado",FALSE,FALSE,FALSE,"15","029","Chicoloapan"
770,-28.1152388628158,-41.6450349005989,-13.6356711121069,0.651244672653802,"muestra_directa",FALSE,0.370092284025644,"muestra_directa",FALSE,TRUE,FALSE,"15","058","Nezahualcóyotl"
771,-24.4526414552447,-40.3588953295437,-7.09734087894081,0.560757280642606,"muestra_directa",TRUE,0.316230866090159,"muestra_directa",FALSE,TRUE,TRUE,"15","092","Teotihuacán"
772,-23.6351043129377,-40.8949937152165,-6.23588005597713,0.551378294218698,"sintetico_postestratificado",FALSE,0.315027251089321,"sintetico_postestratificado",FALSE,FALSE,FALSE,"15","077","San Simón de Guerrero"
773,-23.6129664921651,-42.0502348218848,-4.68424830116,0.568517385190124,"sintetico_postestratificado",FALSE,0.332387720268473,"sintetico_postestratificado",FALSE,FALSE,FALSE,"15","055","Mexicaltzingo"
774,-21.6914721006719,-36.5548039683614,-5.78260839002568,0.571768351805238,"muestra_directa",FALSE,0.354853630798519,"muestra_directa",FALSE,TRUE,FALSE,"15","054","Metepec"
775,-24.2257750030169,-40.9818490864411,-4.83324852694339,0.606989517696014,"sintetico_postestratificado",FALSE,0.364731767665844,"sintetico_postestratificado",FALSE,FALSE,FALSE,"15","049","Joquicingo"
776,-22.1444156949902,-36.5037185857972,-5.58706524605073,0.512701429376382,"muestra_directa",TRUE,0.29125727242648,"muestra_directa",FALSE,TRUE,TRUE,"15","026","Chapa de Mota"
777,-20.9852588861514,-37.5418016491082,-3.74733133402443,0.588696264097393,"muestra_directa",TRUE,0.378843675235879,"muestra_directa",FALSE,TRUE,TRUE,"15","001","Acambay de Ruíz Castañeda"
778,-21.9834538475254,-38.3787257805864,-4.7145017106545,0.595120678396401,"muestra_directa",TRUE,0.375286139921147,"muestra_directa",TRUE,TRUE,TRUE,"15","059","Nextlalpan"
779,-23.1240547573852,-39.2552783376788,-7.42172295279699,0.54384679720903,"sintetico_postestratificado",FALSE,0.312606249635178,"sintetico_postestratificado",FALSE,FALSE,FALSE,"15","086","Temascaltepec"
780,-22.5348710684238,-39.8643905442959,-4.58509527287234,0.547706983690126,"sintetico_postestratificado",FALSE,0.322358273005888,"sintetico_postestratificado",FALSE,FALSE,FALSE,"15","053","Melchor Ocampo"
781,-23.4380983658962,-40.8258093611102,-5.99609022786122,0.57344843576061,"sintetico_postestratificado",FALSE,0.339067452101648,"sintetico_postestratificado",FALSE,FALSE,FALSE,"15","090","Tenango del Valle"
782,-23.9633042970851,-40.8978825567129,-5.38717480525451,0.5836155489176,"sintetico_postestratificado",FALSE,0.34398250594675,"sintetico_postestratificado",FALSE,FALSE,FALSE,"15","032","Donato Guerra"
783,-24.4814393193973,-41.2806101941744,-7.06590593735194,0.547252274315384,"sintetico_postestratificado",FALSE,0.302437881121411,"sintetico_postestratificado",FALSE,FALSE,FALSE,"15","125","Tonanitla"
784,-25.5669796492619,-41.5527931329775,-8.94162863796934,0.577131016654836,"sintetico_postestratificado",FALSE,0.321461220162217,"sintetico_postestratificado",FALSE,FALSE,FALSE,"15","114","Villa Victoria"
785,-23.8328356419146,-41.4738281020373,-7.15765379735626,0.538825701619116,"sintetico_postestratificado",FALSE,0.30049734519997,"sintetico_postestratificado",FALSE,FALSE,FALSE,"15","093","Tepetlaoxtoc"
786,-24.1921685080687,-41.112510403162,-6.78529178195037,0.541950787579837,"sintetico_postestratificado",FALSE,0.30002910249915,"sintetico_postestratificado",FALSE,FALSE,FALSE,"15","063","Ocuilan"
787,-24.5426925226447,-41.0965686284785,-6.05024600944524,0.553059129704405,"sintetico_postestratificado",FALSE,0.307632204477958,"sintetico_postestratificado",FALSE,FALSE,FALSE,"15","073","San Antonio la Isla"
788,-23.7902154178376,-35.3336096408863,-11.0387343478162,0.586539544791413,"muestra_directa",FALSE,0.348637390613038,"muestra_directa",FALSE,TRUE,FALSE,"15","033","Ecatepec de Morelos"
789,-27.5491848726365,-42.6018107200274,-11.5996363405951,0.635776793459682,"muestra_directa",FALSE,0.360284944733317,"muestra_directa",FALSE,TRUE,FALSE,"15","013","Atizapán de Zaragoza"
790,-23.8734527722488,-41.1269323723972,-4.78406825329466,0.645688428958659,"sintetico_postestratificado",FALSE,0.406953901236171,"sintetico_postestratificado",FALSE,FALSE,FALSE,"15","027","Chapultepec"
791,-23.6628063174995,-40.4484459062648,-5.67030412268465,0.578964927805792,"sintetico_postestratificado",FALSE,0.342336864630797,"sintetico_postestratificado",FALSE,FALSE,FALSE,"15","018","Calimaya"
792,-25.4060827192212,-40.4099508821186,-9.1384390226772,0.571716921524268,"muestra_directa",TRUE,0.317656094332056,"muestra_directa",FALSE,TRUE,TRUE,"15","009","Amecameca"
793,-24.5091089716943,-39.8746828952007,-8.7263727837239,0.531589250937435,"muestra_directa",FALSE,0.286498161220492,"muestra_directa",FALSE,TRUE,FALSE,"15","031","Chimalhuacán"
794,-23.8809599948232,-40.2713276628009,-6.2914936672772,0.514347442812633,"sintetico_postestratificado",FALSE,0.275537842864401,"sintetico_postestratificado",FALSE,FALSE,FALSE,"15","043","Xalatlaco"
795,-23.7187711184079,-38.9588783331921,-7.86929312533766,0.575816434089176,"muestra_directa",TRUE,0.338628722905097,"muestra_directa",TRUE,TRUE,TRUE,"15","095","Tepotzotlán"
796,-22.8405176234807,-38.3396389046843,-4.79824600043263,0.554796260216321,"sintetico_postestratificado",FALSE,0.326391083981514,"sintetico_postestratificado",FALSE,FALSE,FALSE,"16","074","Cojumatlán de Régules"
797,-22.2299667402727,-39.147772904283,-4.46759833863253,0.573686293426031,"sintetico_postestratificado",FALSE,0.351386626023304,"sintetico_postestratificado",FALSE,FALSE,FALSE,"16","090","Tingambato"
798,-22.4208149633454,-39.0144359402084,-4.32193181436785,0.554464427817174,"sintetico_postestratificado",FALSE,0.33025627818372,"sintetico_postestratificado",FALSE,FALSE,FALSE,"16","002","Aguililla"
799,-23.2687149444203,-40.5844180519404,-5.90319600647175,0.585459386478131,"sintetico_postestratificado",FALSE,0.352772237033928,"sintetico_postestratificado",FALSE,FALSE,FALSE,"16","003","Álvaro Obregón"
800,-22.4900637686656,-38.1752344094068,-5.45310285321409,0.557045304635976,"sintetico_postestratificado",FALSE,0.33214466694932,"sintetico_postestratificado",FALSE,FALSE,FALSE,"16","004","Angamacutiro"
801,-23.405489737831,-39.8928359560975,-7.19971489697269,0.577951326998201,"sintetico_postestratificado",FALSE,0.343896429619891,"sintetico_postestratificado",FALSE,FALSE,FALSE,"16","005","Angangueo"
802,-24.4107739194871,-40.7066959962178,-7.4017779308174,0.558193038077429,"muestra_directa",TRUE,0.314085298882558,"muestra_directa",TRUE,TRUE,TRUE,"16","006","Apatzingán"
803,-22.9773372491593,-40.279554243808,-5.12270817799217,0.559680335666399,"sintetico_postestratificado",FALSE,0.329906963174805,"sintetico_postestratificado",FALSE,FALSE,FALSE,"16","007","Aporo"
804,-22.1582392190238,-39.7433744763463,-4.59431853659199,0.584551288104607,"sintetico_postestratificado",FALSE,0.362968895914368,"sintetico_postestratificado",FALSE,FALSE,FALSE,"16","008","Aquila"
805,-23.0031610307432,-40.8028762719056,-5.55958654151916,0.586042017393096,"sintetico_postestratificado",FALSE,0.356010407085665,"sintetico_postestratificado",FALSE,FALSE,FALSE,"16","009","Ario"
806,-24.8718198304433,-42.1958697212392,-6.3809043040205,0.595158632097793,"sintetico_postestratificado",FALSE,0.346440433793361,"sintetico_postestratificado",FALSE,FALSE,FALSE,"16","096","Tumbiscatío"
807,-24.0458242304373,-41.3191301435381,-6.77814848842182,0.578881128364517,"sintetico_postestratificado",FALSE,0.338422886060144,"sintetico_postestratificado",FALSE,FALSE,FALSE,"16","097","Turicato"
808,-22.5236790920658,-38.6839789980283,-5.31467248931581,0.540188018480613,"sintetico_postestratificado",FALSE,0.314951227559955,"sintetico_postestratificado",FALSE,FALSE,FALSE,"16","106","Yurécuaro"
809,-26.5832672870726,-41.5673657256748,-10.8258179343281,0.608788805719265,"muestra_directa",TRUE,0.342956132848539,"muestra_directa",FALSE,TRUE,TRUE,"16","107","Zacapu"
810,-23.1271159457791,-38.6784819165691,-6.12250899795017,0.589937736811211,"sintetico_postestratificado",FALSE,0.35866657735342,"sintetico_postestratificado",FALSE,FALSE,FALSE,"16","108","Zamora"
811,-23.6227173626223,-42.1063998851338,-4.59948145868521,0.572328630324282,"sintetico_postestratificado",FALSE,0.336101456698059,"sintetico_postestratificado",FALSE,FALSE,FALSE,"16","109","Zináparo"
812,-23.3224865086966,-41.109549401992,-5.67556905898001,0.586477197695113,"sintetico_postestratificado",FALSE,0.353252332608147,"sintetico_postestratificado",FALSE,FALSE,FALSE,"16","110","Zinapécuaro"
813,-22.35068299183,-39.7377224902021,-4.63665744902477,0.561627047013919,"sintetico_postestratificado",FALSE,0.338120217095619,"sintetico_postestratificado",FALSE,FALSE,FALSE,"16","010","Arteaga"
814,-23.0528747189179,-38.7958249971307,-5.27378706940707,0.55254735859341,"sintetico_postestratificado",FALSE,0.32201861140423,"sintetico_postestratificado",FALSE,FALSE,FALSE,"16","011","Briseñas"
815,-23.1207349244354,-38.8545515644891,-6.22364914966723,0.590086692270405,"sintetico_postestratificado",FALSE,0.358879343026051,"sintetico_postestratificado",FALSE,FALSE,FALSE,"16","098","Tuxpan"
816,-21.8160032470978,-38.3456365189073,-4.06156219518538,0.557777561403849,"sintetico_postestratificado",FALSE,0.339617528932872,"sintetico_postestratificado",FALSE,FALSE,FALSE,"16","031","Epitacio Huerta"
817,-22.2146888206473,-38.2452431772611,-5.37092378631523,0.5330204364137,"sintetico_postestratificado",FALSE,0.310873548207227,"sintetico_postestratificado",FALSE,FALSE,FALSE,"16","032","Erongarícuaro"
818,-23.9422120542628,-41.7468833916361,-6.12170908259229,0.599655903305785,"sintetico_postestratificado",FALSE,0.360233782763157,"sintetico_postestratificado",FALSE,FALSE,FALSE,"16","077","San Lucas"
819,-23.9208007917134,-39.6383820577743,-7.58413860171155,0.59537433155903,"muestra_directa",TRUE,0.356166323641896,"muestra_directa",TRUE,TRUE,TRUE,"16","099","Tuzantla"
820,-21.8293978720899,-39.2193680228679,-4.78619054994134,0.488564870073881,"sintetico_postestratificado",FALSE,0.270270891352983,"sintetico_postestratificado",FALSE,FALSE,FALSE,"16","001","Acuitzio"
821,-22.6111033425013,-38.9927032300277,-5.89491831664241,0.55451896650026,"muestra_directa",TRUE,0.328407933075248,"muestra_directa",TRUE,TRUE,TRUE,"16","043","Jacona"
822,-23.0489822588382,-40.0423681433816,-5.55516138208167,0.563960738295525,"sintetico_postestratificado",FALSE,0.333470915707142,"sintetico_postestratificado",FALSE,FALSE,FALSE,"16","044","Jiménez"
823,-22.2676614839852,-37.8853003724469,-2.92909455117893,0.562788655115593,"sintetico_postestratificado",FALSE,0.340112040275742,"sintetico_postestratificado",FALSE,FALSE,FALSE,"16","045","Jiquilpan"
824,-21.4313593234559,-37.2048763159829,-4.74236129802178,0.570922742924732,"muestra_directa",TRUE,0.356609149690173,"muestra_directa",FALSE,TRUE,TRUE,"16","012","Buenavista"
825,-22.4493001363182,-39.89285623388,-4.46832192507261,0.581977078262871,"sintetico_postestratificado",FALSE,0.357484076899689,"sintetico_postestratificado",FALSE,FALSE,FALSE,"16","013","Carácuaro"
826,-23.4100154670347,-41.1230176613603,-6.21260055121435,0.524984720899544,"sintetico_postestratificado",FALSE,0.290884566229197,"sintetico_postestratificado",FALSE,FALSE,FALSE,"16","021","Charapan"
827,-23.6144410323019,-39.8474083651497,-6.16853391877917,0.54623294555075,"sintetico_postestratificado",FALSE,0.310088535227731,"sintetico_postestratificado",FALSE,FALSE,FALSE,"16","020","Cuitzeo"
828,-21.9936099701422,-36.5091463704005,-6.13418144292717,0.547388041991373,"muestra_directa",FALSE,0.327451942289951,"muestra_directa",FALSE,TRUE,FALSE,"16","019","Cotija"
829,-22.8750213338601,-38.1079410449831,-5.90092001705442,0.546652573289397,"sintetico_postestratificado",FALSE,0.317902359950796,"sintetico_postestratificado",FALSE,FALSE,FALSE,"16","018","Copándaro"
830,-22.9269891354786,-40.3055039029835,-4.55289672514624,0.552862450019056,"sintetico_postestratificado",FALSE,0.32359255866427,"sintetico_postestratificado",FALSE,FALSE,FALSE,"16","087","Taretan"
831,-24.1482358932955,-42.8230166012479,-7.00125742006472,0.568466716651023,"sintetico_postestratificado",FALSE,0.326984357718068,"sintetico_postestratificado",FALSE,FALSE,FALSE,"16","086","Tanhuato"
832,-24.737479815094,-41.3071811012569,-6.49214858219355,0.58073912071395,"sintetico_postestratificado",FALSE,0.33336432256301,"sintetico_postestratificado",FALSE,FALSE,FALSE,"16","072","Queréndaro"
833,-24.0859559526245,-39.7733253781902,-7.40914856291753,0.589753323881293,"sintetico_postestratificado",FALSE,0.348893764355049,"sintetico_postestratificado",FALSE,FALSE,FALSE,"16","067","Penjamillo"
834,-23.4832524280329,-40.0723381442473,-6.65719762051775,0.543356468490212,"sintetico_postestratificado",FALSE,0.308523944209882,"sintetico_postestratificado",FALSE,FALSE,FALSE,"16","022","Charo"
835,-23.3564975209066,-39.7827754323609,-6.6263040836455,0.555558790480596,"sintetico_postestratificado",FALSE,0.32199381527153,"sintetico_postestratificado",FALSE,FALSE,FALSE,"16","079","Salvador Escalante"
836,-24.3579160346362,-40.4363984973957,-6.99617226688864,0.553144402290734,"sintetico_postestratificado",FALSE,0.309565241944372,"sintetico_postestratificado",FALSE,FALSE,FALSE,"16","078","Santa Ana Maya"
837,-24.5641626920389,-40.6002008835222,-7.36961104277232,0.564381571602557,"muestra_directa",TRUE,0.318739944682169,"muestra_directa",TRUE,TRUE,TRUE,"16","075","Los Reyes"
838,-22.4849711454234,-39.512231476574,-3.84552783757091,0.565529385443634,"sintetico_postestratificado",FALSE,0.3406796739894,"sintetico_postestratificado",FALSE,FALSE,FALSE,"16","076","Sahuayo"
839,-25.2468317116497,-40.5311245717159,-8.84708966854312,0.569930223431366,"muestra_directa",TRUE,0.317461906314869,"muestra_directa",TRUE,TRUE,TRUE,"16","033","Gabriel Zamora"
840,-22.5061002216093,-39.0163474215558,-5.82666356329918,0.554562049780138,"sintetico_postestratificado",FALSE,0.329501047564044,"sintetico_postestratificado",FALSE,FALSE,FALSE,"16","035","La Huacana"
841,-22.1799364606291,-39.1726731237232,-4.51150626345382,0.558436077342036,"sintetico_postestratificado",FALSE,0.336636712735745,"sintetico_postestratificado",FALSE,FALSE,FALSE,"16","036","Huandacareo"
842,-21.663343479049,-38.2693604085136,-3.36296902145539,0.54990693724325,"sintetico_postestratificado",FALSE,0.33327350245276,"sintetico_postestratificado",FALSE,FALSE,FALSE,"16","037","Huaniqueo"
843,-22.7116747176841,-39.6203105764389,-6.2565234282241,0.54800197375953,"sintetico_postestratificado",FALSE,0.320885226582689,"sintetico_postestratificado",FALSE,FALSE,FALSE,"16","038","Huetamo"
844,-23.4637336994191,-40.139469890728,-5.69514119249782,0.541061667316035,"sintetico_postestratificado",FALSE,0.306424330321843,"sintetico_postestratificado",FALSE,FALSE,FALSE,"16","039","Huiramba"
845,-23.5375035025157,-40.6071414637255,-6.25812455252228,0.588327285928334,"sintetico_postestratificado",FALSE,0.352952250903178,"sintetico_postestratificado",FALSE,FALSE,FALSE,"16","040","Indaparapeo"
846,-25.2127633876324,-40.988688927386,-8.3531325597031,0.586010136988917,"sintetico_postestratificado",FALSE,0.333882503112592,"sintetico_postestratificado",FALSE,FALSE,FALSE,"16","041","Irimbo"
847,-23.6725055717577,-39.1615080989741,-5.15697516669876,0.598107329859339,"sintetico_postestratificado",FALSE,0.361382274141762,"sintetico_postestratificado",FALSE,FALSE,FALSE,"16","042","Ixtlán"
848,-21.6244049163294,-38.2020638910595,-4.26884435498441,0.602265473504878,"sintetico_postestratificado",FALSE,0.386021424341584,"sintetico_postestratificado",FALSE,FALSE,FALSE,"16","049","Madero"
849,-24.1293750050396,-40.1731626675226,-5.42834732816417,0.569917963990975,"sintetico_postestratificado",FALSE,0.328624213940579,"sintetico_postestratificado",FALSE,FALSE,FALSE,"16","050","Maravatío"
850,-20.0009482102255,-35.2871201576366,-2.36576281211694,0.5285080068115,"muestra_directa",TRUE,0.328498524709245,"muestra_directa",TRUE,TRUE,TRUE,"16","051","Marcos Castellanos"
851,-24.7136392696667,-40.7904311006047,-8.50567354784072,0.588494797108346,"muestra_directa",FALSE,0.341358404411679,"muestra_directa",FALSE,TRUE,FALSE,"16","052","Lázaro Cárdenas"
852,-22.5752273681968,-36.2665248369915,-7.98132587221594,0.526872551468899,"muestra_directa",FALSE,0.301120277786931,"muestra_directa",FALSE,TRUE,FALSE,"16","053","Morelia"
853,-24.5492181391266,-40.5506490283368,-7.15041185238122,0.574021499918698,"sintetico_postestratificado",FALSE,0.328529318527433,"sintetico_postestratificado",FALSE,FALSE,FALSE,"16","014","Coahuayana"
854,-22.4198728293871,-37.6220157906119,-6.54546923989699,0.526684317861431,"muestra_directa",TRUE,0.30248558956756,"muestra_directa",TRUE,TRUE,TRUE,"16","015","Coalcomán de Vázquez Pallares"
855,-22.8222822026309,-38.8221908737243,-6.26205240110923,0.536558165540455,"sintetico_postestratificado",FALSE,0.308335343514146,"sintetico_postestratificado",FALSE,FALSE,FALSE,"16","016","Coeneo"
856,-25.066197808768,-41.2919352161574,-7.96062595727023,0.557920563065223,"sintetico_postestratificado",FALSE,0.307258584977543,"sintetico_postestratificado",FALSE,FALSE,FALSE,"16","017","Contepec"
857,-25.4255567725289,-41.9358329320172,-8.62003944131309,0.574935059791362,"sintetico_postestratificado",FALSE,0.320679492066072,"sintetico_postestratificado",FALSE,FALSE,FALSE,"16","083","Tancítaro"
858,-24.3471840557348,-38.2884487712839,-10.1776970747876,0.548364648972062,"muestra_directa",FALSE,0.304892808414713,"muestra_directa",FALSE,TRUE,FALSE,"16","082","Tacámbaro"
859,-25.2151662889721,-42.0206545737591,-7.7608203463224,0.560025315414804,"sintetico_postestratificado",FALSE,0.307873652525083,"sintetico_postestratificado",FALSE,FALSE,FALSE,"16","081","Susupuato"
860,-23.2378077981996,-40.742311120302,-5.28813754669601,0.593151167285605,"sintetico_postestratificado",FALSE,0.360773089303609,"sintetico_postestratificado",FALSE,FALSE,FALSE,"16","056","Nahuatzen"
861,-23.8848966120627,-39.9962296236099,-6.53800405794828,0.587453865967655,"sintetico_postestratificado",FALSE,0.348604899847028,"sintetico_postestratificado",FALSE,FALSE,FALSE,"16","080","Senguio"
862,-24.4900382800729,-41.3228816546592,-6.24603386106327,0.588814049701538,"sintetico_postestratificado",FALSE,0.34391366690081,"sintetico_postestratificado",FALSE,FALSE,FALSE,"16","057","Nocupétaro"
863,-25.7032417978652,-41.4502499474302,-7.33002153966574,0.58967361137774,"sintetico_postestratificado",FALSE,0.332641193399088,"sintetico_postestratificado",FALSE,FALSE,FALSE,"16","034","Hidalgo"
864,-24.4598218260365,-42.1222988778164,-5.49714439638215,0.589893455643279,"sintetico_postestratificado",FALSE,0.345295237382914,"sintetico_postestratificado",FALSE,FALSE,FALSE,"16","058","Nuevo Parangaricutiro"
865,-23.2693095453322,-40.1970883965155,-5.09445458192226,0.609739260600666,"sintetico_postestratificado",FALSE,0.377046165147344,"sintetico_postestratificado",FALSE,FALSE,FALSE,"16","059","Nuevo Urecho"
866,-24.4276700518638,-41.8018686118823,-6.44108946849147,0.573528685298401,"sintetico_postestratificado",FALSE,0.329251984779763,"sintetico_postestratificado",FALSE,FALSE,FALSE,"16","060","Numarán"
867,-21.090313616696,-37.0070032568421,-4.25026363999237,0.531130554773467,"muestra_directa",TRUE,0.320227418606508,"muestra_directa",FALSE,TRUE,TRUE,"16","062","Pajacuarán"
868,-23.5720922775811,-41.2225704882676,-5.61429611620633,0.5711829070178,"sintetico_postestratificado",FALSE,0.335461984241989,"sintetico_postestratificado",FALSE,FALSE,FALSE,"16","063","Panindícuaro"
869,-24.9685214069417,-41.4470233500674,-7.40073150380357,0.585152018129264,"sintetico_postestratificado",FALSE,0.335466804059847,"sintetico_postestratificado",FALSE,FALSE,FALSE,"16","064","Parácuaro"
870,-24.0054325486243,-41.3825057317951,-6.94662938198877,0.587024888530983,"sintetico_postestratificado",FALSE,0.34697056304474,"sintetico_postestratificado",FALSE,FALSE,FALSE,"16","105","Vista Hermosa"
871,-25.3469508492737,-42.0368225517243,-8.4917688682014,0.563359416407507,"sintetico_postestratificado",FALSE,0.30988990791477,"sintetico_postestratificado",FALSE,FALSE,FALSE,"16","065","Paracho"
872,-23.5982658763202,-40.3590595997051,-6.21112275336528,0.577210829937242,"sintetico_postestratificado",FALSE,0.34122817117404,"sintetico_postestratificado",FALSE,FALSE,FALSE,"16","089","Tepalcatepec"
873,-26.1521750321018,-41.266788563536,-10.8441521274061,0.534097954389481,"muestra_directa",TRUE,0.272576204068463,"muestra_directa",FALSE,TRUE,TRUE,"16","061","Ocampo"
874,-25.2470541086815,-44.0918314488582,-7.20861204705522,0.560345436639708,"sintetico_postestratificado",FALSE,0.307874895552893,"sintetico_postestratificado",FALSE,FALSE,FALSE,"16","055","Múgica"
875,-24.6152959487673,-41.2214514499086,-7.71155461997719,0.554704858908073,"sintetico_postestratificado",FALSE,0.3085518994204,"sintetico_postestratificado",FALSE,FALSE,FALSE,"16","054","Morelos"
876,-23.7682021265993,-39.5147904223045,-7.48960394685869,0.581655158567622,"sintetico_postestratificado",FALSE,0.343973137301629,"sintetico_postestratificado",FALSE,FALSE,FALSE,"16","030","Ecuandureo"
877,-25.5118322695227,-41.0595224059034,-8.4621690240486,0.647936244001796,"muestra_directa",TRUE,0.392817921306569,"muestra_directa",TRUE,TRUE,TRUE,"16","029","Churumuco"
878,-23.9680169842474,-41.8551558106443,-6.60689172855282,0.571724845284627,"sintetico_postestratificado",FALSE,0.332044675442153,"sintetico_postestratificado",FALSE,FALSE,FALSE,"16","028","Churintzio"
879,-24.1800142019742,-41.6886790759057,-5.84690351371645,0.558254418606363,"sintetico_postestratificado",FALSE,0.316454276586621,"sintetico_postestratificado",FALSE,FALSE,FALSE,"16","027","Chucándiro"
880,-23.2818122996581,-40.6437938551369,-5.50710072732372,0.580858202453375,"sintetico_postestratificado",FALSE,0.348040079456795,"sintetico_postestratificado",FALSE,FALSE,FALSE,"16","026","Chinicuila"
881,-24.7198479428879,-41.0362004375986,-8.08914701861161,0.583161921685544,"sintetico_postestratificado",FALSE,0.335963442256665,"sintetico_postestratificado",FALSE,FALSE,FALSE,"16","025","Chilchota"
882,-25.1863272786098,-43.6567087248954,-8.11038673020909,0.606743124383212,"sintetico_postestratificado",FALSE,0.354879851597114,"sintetico_postestratificado",FALSE,FALSE,FALSE,"16","024","Cherán"
883,-25.2311645322069,-41.2063135554669,-9.62173760786879,0.608519282402212,"muestra_directa",TRUE,0.356207637080143,"muestra_directa",FALSE,TRUE,TRUE,"16","023","Chavinda"
884,-25.4343607537605,-40.8545466856878,-8.8757002508197,0.6248500098949,"sintetico_postestratificado",FALSE,0.370506402357295,"sintetico_postestratificado",FALSE,FALSE,FALSE,"16","066","Pátzcuaro"
885,-23.1777042502527,-38.9457374032494,-7.41533370308512,0.597018250246653,"muestra_directa",TRUE,0.365241207744126,"muestra_directa",TRUE,TRUE,TRUE,"16","068","Peribán"
886,-25.6890307442109,-41.3148614294661,-9.05250691273358,0.597561015301167,"muestra_directa",TRUE,0.340670707859058,"muestra_directa",TRUE,TRUE,TRUE,"16","069","La Piedad"
887,-24.559280015339,-42.485847028259,-7.06387397123734,0.594216297097304,"sintetico_postestratificado",FALSE,0.348623496943914,"sintetico_postestratificado",FALSE,FALSE,FALSE,"16","070","Purépero"
888,-23.677947476138,-40.6741197402841,-5.3878817823134,0.5925698167797,"sintetico_postestratificado",FALSE,0.35579034201832,"sintetico_postestratificado",FALSE,FALSE,FALSE,"16","071","Puruándiro"
889,-25.3413177882049,-41.206191166405,-8.45376219528985,0.590707916904557,"muestra_directa",TRUE,0.337294739022509,"muestra_directa",TRUE,TRUE,TRUE,"16","073","Quiroga"
890,-25.1395686122339,-41.6108428492024,-8.19896902885329,0.598118747224876,"sintetico_postestratificado",FALSE,0.346723061102538,"sintetico_postestratificado",FALSE,FALSE,FALSE,"16","091","Tingüindín"
891,-26.3505095428746,-41.7558297584865,-9.48744673045844,0.590483652162361,"sintetico_postestratificado",FALSE,0.326978556733615,"sintetico_postestratificado",FALSE,FALSE,FALSE,"16","113","José Sixto Verduzco"
892,-22.4884772400625,-37.5723500750636,-7.18781865484705,0.536602511565671,"muestra_directa",TRUE,0.311717739165046,"muestra_directa",FALSE,TRUE,TRUE,"16","112","Zitácuaro"
893,-24.8615210800744,-42.098576878262,-7.1165342866322,0.595810857104374,"sintetico_postestratificado",FALSE,0.347195646303631,"sintetico_postestratificado",FALSE,FALSE,FALSE,"16","085","Tangancícuaro"
894,-22.6408408695119,-39.1827025117218,-5.96529979115368,0.553960116323963,"muestra_directa",TRUE,0.327551707628844,"muestra_directa",FALSE,TRUE,TRUE,"16","088","Tarímbaro"
895,-23.9890009575902,-39.913559090631,-7.14845639067878,0.572949079400272,"sintetico_postestratificado",FALSE,0.33305906982437,"sintetico_postestratificado",FALSE,FALSE,FALSE,"16","092","Tiquicheo de Nicolás Romero"
896,-24.408759170327,-43.0898088859185,-6.07255390214968,0.557379667783835,"sintetico_postestratificado",FALSE,0.313292076080565,"sintetico_postestratificado",FALSE,FALSE,FALSE,"16","093","Tlalpujahua"
897,-24.2380394377388,-40.9934465851451,-6.63819098602536,0.603989407837422,"sintetico_postestratificado",FALSE,0.361609013460033,"sintetico_postestratificado",FALSE,FALSE,FALSE,"16","111","Ziracuaretiro"
898,-24.2235672487336,-39.4720123833467,-6.52645305788793,0.559451735681975,"sintetico_postestratificado",FALSE,0.317216063194639,"sintetico_postestratificado",FALSE,FALSE,FALSE,"16","101","Tzitzio"
899,-24.4908346831244,-41.1507745197671,-6.93724247355917,0.591278459652425,"sintetico_postestratificado",FALSE,0.346370112821181,"sintetico_postestratificado",FALSE,FALSE,FALSE,"16","100","Tzintzuntzan"
900,-24.3862279969079,-40.6197280501289,-6.17668467040403,0.588214133590682,"sintetico_postestratificado",FALSE,0.344351853621603,"sintetico_postestratificado",FALSE,FALSE,FALSE,"16","095","Tocumbo"
901,-24.716640508649,-41.9572813771933,-6.3969566474452,0.594250158126682,"sintetico_postestratificado",FALSE,0.347083753040193,"sintetico_postestratificado",FALSE,FALSE,FALSE,"16","084","Tangamandapio"
902,-23.1273937732717,-38.5105252676559,-7.71748733923466,0.591141386123821,"muestra_directa",TRUE,0.359867448391104,"muestra_directa",FALSE,TRUE,TRUE,"16","102","Uruapan"
903,-24.7470649570039,-41.7013427850142,-6.27229521199199,0.595411485668742,"sintetico_postestratificado",FALSE,0.347940836098703,"sintetico_postestratificado",FALSE,FALSE,FALSE,"16","103","Venustiano Carranza"
904,-24.4954332151462,-41.2730206642809,-7.19834437466165,0.59566121660499,"sintetico_postestratificado",FALSE,0.350706884453528,"sintetico_postestratificado",FALSE,FALSE,FALSE,"16","104","Villamar"
905,-24.3530800737098,-41.583136045301,-6.48290385963462,0.602847111061023,"sintetico_postestratificado",FALSE,0.359316310323925,"sintetico_postestratificado",FALSE,FALSE,FALSE,"16","094","Tlazazalca"
906,-23.3313738321012,-38.3805029080425,-5.70563098576426,0.562981221009864,"muestra_directa",TRUE,0.329667482688853,"muestra_directa",TRUE,TRUE,TRUE,"16","047","Jungapeo"
907,-24.0744843229478,-41.5009815195038,-6.1048206960887,0.580252621443531,"sintetico_postestratificado",FALSE,0.339507778214053,"sintetico_postestratificado",FALSE,FALSE,FALSE,"16","046","Juárez"
908,-24.3354713044629,-41.0915940417788,-7.23233847392025,0.591851179602145,"sintetico_postestratificado",FALSE,0.348496466557516,"sintetico_postestratificado",FALSE,FALSE,FALSE,"16","048","Lagunillas"
909,-25.714834002701,-42.15429536267,-7.96979015104725,0.567820978308421,"sintetico_postestratificado",FALSE,0.310672638281411,"sintetico_postestratificado",FALSE,FALSE,FALSE,"17","002","Atlatlahucan"
910,-28.1063482132378,-42.0224573977341,-13.496335674762,0.57681234248103,"muestra_directa",FALSE,0.295748860348652,"muestra_directa",FALSE,TRUE,FALSE,"17","006","Cuautla"
911,-24.1636703629636,-39.8815384458014,-8.86018417582464,0.619556804234252,"muestra_directa",FALSE,0.377920100604616,"muestra_directa",FALSE,TRUE,FALSE,"17","028","Xochitepec"
912,-24.2740486271693,-41.1427453613844,-8.00719009306623,0.537276285481077,"sintetico_postestratificado",FALSE,0.294535799209384,"sintetico_postestratificado",FALSE,FALSE,FALSE,"17","022","Tetela del Volcán"
913,-23.1291667199973,-40.4520610253082,-5.2588807155983,0.583808692633029,"sintetico_postestratificado",FALSE,0.352517025433057,"sintetico_postestratificado",FALSE,FALSE,FALSE,"17","009","Huitzilac"
914,-22.999956047545,-38.8660047075993,-6.11989763190723,0.574246150087704,"sintetico_postestratificado",FALSE,0.344246589612254,"sintetico_postestratificado",FALSE,FALSE,FALSE,"17","016","Ocuituco"
915,-24.8081344724441,-39.3710665468465,-8.90632284050778,0.59882079163351,"muestra_directa",FALSE,0.350739446909069,"muestra_directa",FALSE,TRUE,FALSE,"17","008","Emiliano Zapata"
916,-22.678819236596,-37.7117446690232,-4.36445578968825,0.574062679356975,"muestra_directa",TRUE,0.347274486991016,"muestra_directa",TRUE,TRUE,TRUE,"17","003","Axochiapan"
917,-23.0023080490886,-40.0077752780683,-6.40906005442332,0.556455862609962,"muestra_directa",TRUE,0.326432782119076,"muestra_directa",TRUE,TRUE,TRUE,"17","036","Hueyapan"
918,-23.6072289453368,-40.7601915763601,-6.25659923120309,0.591625236970713,"sintetico_postestratificado",FALSE,0.355552947517344,"sintetico_postestratificado",FALSE,FALSE,FALSE,"17","035","Xoxocotla"
919,-25.0127189021793,-42.3140505946401,-6.66143395894053,0.617335025020745,"muestra_directa",TRUE,0.367207835998951,"muestra_directa",TRUE,TRUE,TRUE,"17","025","Tlaquiltenango"
920,-24.9449822260798,-40.7307667078224,-9.00148546670127,0.606923518300906,"sintetico_postestratificado",FALSE,0.357473696040108,"sintetico_postestratificado",FALSE,FALSE,FALSE,"17","001","Amacuzac"
921,-22.9310152167491,-37.9539227705936,-5.41851294829416,0.591563703474945,"muestra_directa",TRUE,0.362253551307454,"muestra_directa",FALSE,TRUE,TRUE,"17","020","Tepoztlán"
922,-23.0256669495123,-40.2062236431958,-6.11659943285609,0.565750043308305,"sintetico_postestratificado",FALSE,0.335493373813182,"sintetico_postestratificado",FALSE,FALSE,FALSE,"17","034","Coatetelco"
923,-23.5648835459661,-40.9912903447527,-5.5774273340152,0.588844448860518,"sintetico_postestratificado",FALSE,0.353195613400857,"sintetico_postestratificado",FALSE,FALSE,FALSE,"17","027","Totolapan"
924,-23.343008523263,-40.1033736980099,-5.16072028892644,0.572707461555229,"sintetico_postestratificado",FALSE,0.339277376322599,"sintetico_postestratificado",FALSE,FALSE,FALSE,"17","030","Yecapixtla"
925,-24.0610833501225,-41.4831718104753,-6.46305590732177,0.555166028024516,"sintetico_postestratificado",FALSE,0.314555194523291,"sintetico_postestratificado",FALSE,FALSE,FALSE,"17","026","Tlayacapan"
926,-23.0811823685861,-37.8253411939827,-6.18014345434291,0.583305114846983,"muestra_directa",TRUE,0.352493291161122,"muestra_directa",TRUE,TRUE,TRUE,"17","031","Zacatepec"
927,-23.1267018578123,-39.8142788505987,-5.54301121000985,0.547994752353245,"sintetico_postestratificado",FALSE,0.316727733775123,"sintetico_postestratificado",FALSE,FALSE,FALSE,"17","021","Tetecala"
928,-27.1395765607884,-41.5351678930685,-12.8621336761566,0.567146193908507,"muestra_directa",FALSE,0.295750428300623,"muestra_directa",FALSE,TRUE,FALSE,"17","019","Tepalcingo"
929,-23.1513951553032,-39.2853128547632,-5.90541156249288,0.577477297330292,"sintetico_postestratificado",FALSE,0.34596334577726,"sintetico_postestratificado",FALSE,FALSE,FALSE,"17","023","Tlalnepantla"
930,-23.0595625208289,-41.0550203681901,-5.28165098362552,0.563727652167193,"sintetico_postestratificado",FALSE,0.333132026958903,"sintetico_postestratificado",FALSE,FALSE,FALSE,"17","017","Puente de Ixtla"
931,-21.5786832899648,-37.3249281905535,-5.46855356973154,0.513884812714174,"muestra_directa",TRUE,0.298097979814526,"muestra_directa",FALSE,TRUE,TRUE,"17","015","Miacatlán"
932,-23.2356385692677,-40.0872197771304,-5.61352243090006,0.544746318836413,"sintetico_postestratificado",FALSE,0.312389933143736,"sintetico_postestratificado",FALSE,FALSE,FALSE,"17","013","Jonacatepec de Leandro Valle"
933,-20.437432599765,-33.5104040699703,-5.85608165905123,0.625279510025143,"muestra_directa",FALSE,0.420905184027493,"muestra_directa",FALSE,TRUE,FALSE,"17","011","Jiutepec"
934,-25.1564786899085,-40.7083176509811,-8.13572442386544,0.554566077132283,"muestra_directa",TRUE,0.303001290233198,"muestra_directa",TRUE,TRUE,TRUE,"17","010","Jantetelco"
935,-24.4661670262745,-39.8857339217782,-8.94974910996724,0.558419210768968,"muestra_directa",TRUE,0.313757540506223,"muestra_directa",FALSE,TRUE,TRUE,"17","018","Temixco"
936,-26.2224672129659,-40.5045807353302,-10.6301588256148,0.578595673640515,"muestra_directa",FALSE,0.316371001510856,"muestra_directa",FALSE,TRUE,FALSE,"17","029","Yautepec"
937,-26.6232616845173,-42.4857412075773,-9.48303335484373,0.581214220925937,"muestra_directa",TRUE,0.314981604080764,"muestra_directa",TRUE,TRUE,TRUE,"17","012","Jojutla"
938,-23.9290804441189,-38.7542061095167,-8.11786496267474,0.529137436616622,"muestra_directa",TRUE,0.289846632175433,"muestra_directa",FALSE,TRUE,TRUE,"17","024","Tlaltizapán de Zapata"
939,-24.7426214910782,-36.9710624727767,-11.9769364969427,0.608648321034564,"muestra_directa",FALSE,0.361222106123782,"muestra_directa",FALSE,TRUE,FALSE,"17","007","Cuernavaca"
940,-24.6468112497675,-39.1033408684013,-10.0562031885654,0.539423195969196,"muestra_directa",TRUE,0.292955083471521,"muestra_directa",TRUE,TRUE,TRUE,"17","005","Coatlán del Río"
941,-26.8215754561499,-41.4258330525468,-12.2386637157257,0.562715599913655,"muestra_directa",FALSE,0.294499845352156,"muestra_directa",FALSE,TRUE,FALSE,"17","004","Ayala"
942,-23.1261964069543,-39.9720593838802,-5.80445174153514,0.545447655866282,"sintetico_postestratificado",FALSE,0.314185691796738,"sintetico_postestratificado",FALSE,FALSE,FALSE,"17","014","Mazatepec"
943,-23.6138785222126,-39.7158524428626,-7.0421109919094,0.506969905033483,"muestra_directa",TRUE,0.270831119811357,"muestra_directa",TRUE,TRUE,TRUE,"17","032","Zacualpan de Amilpas"
944,-24.4001914209894,-40.0672927414661,-6.63061369215495,0.530642796846144,"sintetico_postestratificado",FALSE,0.286640882636251,"sintetico_postestratificado",FALSE,FALSE,FALSE,"17","033","Temoac"
945,-23.7102686288866,-39.9928226130386,-6.5456766091691,0.606081902236656,"sintetico_postestratificado",FALSE,0.36897921594779,"sintetico_postestratificado",FALSE,FALSE,FALSE,"18","001","Acaponeta"
946,-24.2921960499347,-40.8910422621853,-7.60154007754989,0.587620842628504,"sintetico_postestratificado",FALSE,0.344698882129157,"sintetico_postestratificado",FALSE,FALSE,FALSE,"18","009","Del Nayar"
947,-23.5994697193088,-40.2448362606984,-5.54933662095923,0.602715657605396,"sintetico_postestratificado",FALSE,0.366720960412308,"sintetico_postestratificado",FALSE,FALSE,FALSE,"18","010","Rosamorada"
948,-25.980815055101,-41.200247008026,-10.092103088191,0.610147969704453,"muestra_directa",TRUE,0.350339819153443,"muestra_directa",FALSE,TRUE,TRUE,"18","011","Ruíz"
949,-22.4522086764791,-32.5464352652636,-10.5671191458211,0.518338020296233,"muestra_directa",FALSE,0.293815933531442,"muestra_directa",FALSE,TRUE,FALSE,"18","017","Tepic"
950,-22.9700913387211,-40.4288909800592,-5.01401720133003,0.568814573471278,"sintetico_postestratificado",FALSE,0.339113660084067,"sintetico_postestratificado",FALSE,FALSE,FALSE,"18","018","Tuxpan"
951,-23.6013040305804,-39.8394343028518,-4.826393409679,0.57469996805321,"sintetico_postestratificado",FALSE,0.338686927747407,"sintetico_postestratificado",FALSE,FALSE,FALSE,"18","019","La Yesca"
952,-23.9553451281496,-39.4454626342921,-8.16409742565251,0.540591706152603,"muestra_directa",TRUE,0.301038254871107,"muestra_directa",FALSE,TRUE,TRUE,"18","004","Compostela"
953,-20.8830520672593,-38.0509218059477,-3.28065499465689,0.511239818430828,"muestra_directa",TRUE,0.302409297758236,"muestra_directa",TRUE,TRUE,TRUE,"18","013","San Pedro Lagunillas"
954,-25.1472209391228,-40.2138501024084,-9.51383993075656,0.622525908430673,"muestra_directa",TRUE,0.371053699039445,"muestra_directa",FALSE,TRUE,TRUE,"18","008","Xalisco"
955,-22.491827828366,-38.2007373885308,-3.59801611898053,0.608714884928221,"sintetico_postestratificado",FALSE,0.383796606644561,"sintetico_postestratificado",FALSE,FALSE,FALSE,"18","005","Huajicori"
956,-25.9249318548657,-39.0062800615355,-12.0012549079237,0.638246246043636,"muestra_directa",FALSE,0.378996927494978,"muestra_directa",FALSE,TRUE,FALSE,"18","006","Ixtlán del Río"
957,-24.6996235339274,-41.1046476717922,-8.19788063865307,0.62062302225406,"muestra_directa",TRUE,0.373626786914785,"muestra_directa",TRUE,TRUE,TRUE,"18","007","Jala"
958,-24.5942470611729,-39.5714837665979,-9.19425230561544,0.625161550733637,"muestra_directa",FALSE,0.379219080121909,"muestra_directa",FALSE,TRUE,FALSE,"18","014","Santa María del Oro"
959,-22.6922125929311,-37.3998940098156,-7.56542745692274,0.585871296161196,"muestra_directa",FALSE,0.358949170231885,"muestra_directa",FALSE,TRUE,FALSE,"18","015","Santiago Ixcuintla"
960,-23.9894444423513,-40.9682965241498,-8.0525076854317,0.590043542555885,"muestra_directa",TRUE,0.350149098132372,"muestra_directa",TRUE,TRUE,TRUE,"18","016","Tecuala"
961,-25.356829345212,-41.620928825498,-7.5191729733269,0.618120197657869,"sintetico_postestratificado",FALSE,0.364551904205749,"sintetico_postestratificado",FALSE,FALSE,FALSE,"18","003","Amatlán de Cañas"
962,-23.1985141386462,-40.5148225046695,-6.14370923156205,0.601867847250039,"sintetico_postestratificado",FALSE,0.369882705863578,"sintetico_postestratificado",FALSE,FALSE,FALSE,"18","012","San Blas"
963,-24.0317017092798,-39.7952087206551,-7.0884214317389,0.511799130022249,"muestra_directa",FALSE,0.271482112929451,"muestra_directa",FALSE,TRUE,FALSE,"18","020","Bahía de Banderas"
964,-25.5944165260992,-41.0885369923936,-9.64454003557395,0.565758466709703,"muestra_directa",TRUE,0.309814301448711,"muestra_directa",FALSE,TRUE,TRUE,"18","002","Ahuacatlán"
965,-22.8052659676115,-42.4221088503851,-1.67344305687023,0.635774503171559,"sintetico_postestratificado",FALSE,0.407721843495444,"sintetico_postestratificado",FALSE,FALSE,FALSE,"19","029","Hualahuises"
966,-21.5870165322789,-35.3284053106076,-6.28609379829073,0.559981947881337,"muestra_directa",FALSE,0.344111782558548,"muestra_directa",FALSE,TRUE,FALSE,"19","048","Santa Catarina"
967,-23.4499812056751,-39.8507218854234,-5.30871432900661,0.613859378220221,"muestra_directa",TRUE,0.37935956616347,"muestra_directa",TRUE,TRUE,TRUE,"19","044","Sabinas Hidalgo"
968,-23.2921508645691,-39.5371911207799,-4.90953301224326,0.61016675849092,"sintetico_postestratificado",FALSE,0.377245249845229,"sintetico_postestratificado",FALSE,FALSE,FALSE,"19","042","Los Ramones"
969,-24.3744498747496,-41.1504638930749,-5.80675064384198,0.619957337405088,"sintetico_postestratificado",FALSE,0.376212838657592,"sintetico_postestratificado",FALSE,FALSE,FALSE,"19","023","General Treviño"
970,-22.888654060043,-38.5458986199027,-5.34295853233145,0.624912037047442,"sintetico_postestratificado",FALSE,0.396025496447012,"muestra_directa",TRUE,FALSE,TRUE,"19","022","General Terán"
971,-22.5079234426399,-38.1122227776274,-5.67565225352517,0.553443842807647,"muestra_directa",TRUE,0.328364608381247,"muestra_directa",FALSE,TRUE,TRUE,"19","047","Hidalgo"
972,-22.0860319560747,-39.021749863822,-5.00761836468507,0.604101558910139,"muestra_directa",TRUE,0.383241239349392,"muestra_directa",TRUE,TRUE,TRUE,"19","049","Santiago"
973,-24.0299267400025,-39.7477744118576,-8.70530895447947,0.630526234929896,"muestra_directa",FALSE,0.390226967529871,"muestra_directa",FALSE,TRUE,FALSE,"19","009","Cadereyta Jiménez"
974,-22.3599886222486,-36.6065214488591,-6.28359982387768,0.553458769174828,"muestra_directa",FALSE,0.329858882952342,"muestra_directa",FALSE,TRUE,FALSE,"19","032","Lampazos de Naranjo"
975,-19.7645588441538,-32.99801637288,-5.71297957618334,0.590002097889778,"muestra_directa",FALSE,0.39235650944824,"muestra_directa",FALSE,TRUE,FALSE,"19","031","Juárez"
976,-21.0202747087496,-38.5147461660858,-2.40174115952016,0.649266450419719,"sintetico_postestratificado",FALSE,0.439063703332223,"sintetico_postestratificado",FALSE,FALSE,FALSE,"19","027","Los Herreras"
977,-23.9457664489044,-40.8513860394181,-4.59783054138928,0.611760638046117,"sintetico_postestratificado",FALSE,0.372302973557074,"sintetico_postestratificado",FALSE,FALSE,FALSE,"19","020","General Bravo"
978,-21.8037986481195,-38.0303335284911,-5.83868939202203,0.531142100188125,"muestra_directa",TRUE,0.313104113706929,"muestra_directa",FALSE,TRUE,TRUE,"19","041","Pesquería"
979,-22.9650987783746,-38.2845561239167,-5.01365636436746,0.597528349154114,"sintetico_postestratificado",FALSE,0.367877361370368,"sintetico_postestratificado",FALSE,FALSE,FALSE,"19","040","Parás"
980,-26.1794476460524,-38.1304853532135,-14.7568953317717,0.612207790988854,"muestra_directa",FALSE,0.35041331452833,"muestra_directa",FALSE,TRUE,FALSE,"19","039","Monterrey"
981,-19.1226183328556,-32.8619485426576,-5.16264205035183,0.565580943521875,"muestra_directa",FALSE,0.37435476019332,"muestra_directa",FALSE,TRUE,FALSE,"19","046","San Nicolás de los Garza"
982,-22.5427201264471,-39.4577817978375,-4.97960909691786,0.615292183261688,"muestra_directa",TRUE,0.389864981997217,"muestra_directa",TRUE,TRUE,TRUE,"19","019","San Pedro Garza García"
983,-23.0663891228575,-38.5832599430252,-5.50277613266388,0.577019573281365,"sintetico_postestratificado",FALSE,0.346355682052789,"sintetico_postestratificado",FALSE,FALSE,FALSE,"19","037","Mina"
984,-26.0506630894712,-43.7882973737432,-7.8937035618742,0.598928039566806,"sintetico_postestratificado",FALSE,0.338421408672094,"muestra_directa",TRUE,FALSE,TRUE,"19","010","El Carmen"
985,-21.0052523764324,-32.7118286446717,-8.65726745760232,0.628583545685793,"muestra_directa",FALSE,0.41853102192147,"muestra_directa",FALSE,TRUE,FALSE,"19","021","General Escobedo"
986,-25.8714522464168,-40.4572651669896,-10.7763149467117,0.620110243496809,"muestra_directa",FALSE,0.361395721032641,"muestra_directa",FALSE,TRUE,FALSE,"19","012","Ciénega de Flores"
987,-21.9937831077486,-40.3568192624746,-2.85820195559826,0.586103388366176,"sintetico_postestratificado",FALSE,0.36616555728869,"sintetico_postestratificado",FALSE,FALSE,FALSE,"19","002","Agualeguas"
988,-21.804985538228,-38.8582170283102,-2.71330011865708,0.618357437000743,"sintetico_postestratificado",FALSE,0.400307581618462,"sintetico_postestratificado",FALSE,FALSE,FALSE,"19","005","Anáhuac"
989,-20.9751187442917,-38.6591327246287,-3.81356977975162,0.565920346735281,"sintetico_postestratificado",FALSE,0.356169159292364,"sintetico_postestratificado",FALSE,FALSE,FALSE,"19","024","General Zaragoza"
990,-21.610625003604,-32.649921524872,-9.66164557728371,0.673563681088629,"muestra_directa",FALSE,0.457457431052589,"muestra_directa",FALSE,TRUE,FALSE,"19","026","Guadalupe"
991,-20.6665401298117,-38.2239617001105,-3.12228658686435,0.549561358483346,"sintetico_postestratificado",FALSE,0.34289595718523,"sintetico_postestratificado",FALSE,FALSE,FALSE,"19","003","Los Aldamas"
992,-21.4723554271176,-39.6934649921968,-4.23401461449545,0.610748651581277,"sintetico_postestratificado",FALSE,0.396025097310101,"sintetico_postestratificado",FALSE,FALSE,FALSE,"19","004","Allende"
993,-23.1098136920881,-41.8607115458573,-3.24646684437236,0.603859971424926,"sintetico_postestratificado",FALSE,0.372761834504046,"sintetico_postestratificado",FALSE,FALSE,FALSE,"19","025","General Zuazua"
994,-22.2153429581009,-39.4563875015962,-3.99167595711157,0.585546200222273,"sintetico_postestratificado",FALSE,0.363392770641264,"sintetico_postestratificado",FALSE,FALSE,FALSE,"19","015","Doctor Coss"
995,-21.1702217007945,-37.8704621515945,-3.54769302706624,0.593230992166082,"muestra_directa",TRUE,0.381528775158136,"muestra_directa",TRUE,TRUE,TRUE,"19","007","Aramberri"
996,-18.2703668931608,-31.8043705774596,-3.79060309408827,0.618460417936107,"muestra_directa",FALSE,0.4357567490045,"muestra_directa",FALSE,TRUE,FALSE,"19","018","García"
997,-23.6966723604195,-40.240217816709,-5.1484313023381,0.605529761554574,"sintetico_postestratificado",FALSE,0.368563037950379,"sintetico_postestratificado",FALSE,FALSE,FALSE,"19","051","Villaldama"
998,-22.275235937525,-34.9119885815718,-9.06923517498999,0.608997743441884,"muestra_directa",FALSE,0.386245384066634,"muestra_directa",FALSE,TRUE,FALSE,"19","006","Apodaca"
999,-23.2066768950984,-40.8480458040442,-5.03519200082719,0.591669947052623,"sintetico_postestratificado",FALSE,0.359603178101639,"sintetico_postestratificado",FALSE,FALSE,FALSE,"19","011","Cerralvo"
1000,-25.0326067488869,-43.0872910411866,-6.55236617522376,0.598284647489286,"sintetico_postestratificado",FALSE,0.347958580000417,"sintetico_postestratificado",FALSE,FALSE,FALSE,"19","001","Abasolo"
1001,-25.0073789469834,-42.5485833087099,-7.2495099301511,0.615733366018262,"sintetico_postestratificado",FALSE,0.365659576548429,"sintetico_postestratificado",FALSE,FALSE,FALSE,"19","017","Galeana"
1002,-22.4953481789672,-40.2135460074346,-3.6236604477296,0.583642067847087,"sintetico_postestratificado",FALSE,0.358688586057415,"sintetico_postestratificado",FALSE,FALSE,FALSE,"19","016","Doctor González"
1003,-23.8811472603191,-40.7344269715128,-5.85102774892231,0.590138871167162,"sintetico_postestratificado",FALSE,0.351327398563972,"sintetico_postestratificado",FALSE,FALSE,FALSE,"19","050","Vallecillo"
1004,-23.4061929149401,-39.5560559707852,-5.60060893845198,0.628718758493546,"sintetico_postestratificado",FALSE,0.394656829344145,"sintetico_postestratificado",FALSE,FALSE,FALSE,"19","034","Marín"
1005,-23.249875791005,-40.8691459274996,-4.47040847766647,0.601729549773182,"sintetico_postestratificado",FALSE,0.369230791863131,"sintetico_postestratificado",FALSE,FALSE,FALSE,"19","035","Melchor Ocampo"
1006,-22.7741755702645,-39.4891422931288,-5.23804090975961,0.594874171404381,"sintetico_postestratificado",FALSE,0.367132415701735,"sintetico_postestratificado",FALSE,FALSE,FALSE,"19","028","Higueras"
1007,-22.0873319607068,-38.2412314222948,-5.77292720740601,0.551627144333768,"muestra_directa",TRUE,0.3307538247267,"muestra_directa",TRUE,TRUE,TRUE,"19","033","Linares"
1008,-21.539319663802,-38.6800707044636,-4.09831395815733,0.608094865761051,"sintetico_postestratificado",FALSE,0.392701669123032,"sintetico_postestratificado",FALSE,FALSE,FALSE,"19","036","Mier y Noriega"
1009,-21.9923891074187,-38.9332755316042,-5.80716822541093,0.601958260584814,"sintetico_postestratificado",FALSE,0.382034369510626,"sintetico_postestratificado",FALSE,FALSE,FALSE,"19","043","Rayones"
1010,-22.1635859757173,-38.5504486144513,-5.0256489011601,0.609476695079469,"sintetico_postestratificado",FALSE,0.387840835322296,"sintetico_postestratificado",FALSE,FALSE,FALSE,"19","014","Doctor Arroyo"
1011,-21.9084841966305,-38.7702073782215,-5.38860155783362,0.601736231649475,"sintetico_postestratificado",FALSE,0.382651389683169,"sintetico_postestratificado",FALSE,FALSE,FALSE,"19","038","Montemorelos"
1012,-21.1486615327192,-39.6276540421021,-2.56432324372132,0.595188704631505,"sintetico_postestratificado",FALSE,0.383702089304313,"sintetico_postestratificado",FALSE,FALSE,FALSE,"19","008","Bustamante"
1013,-23.5510181825599,-40.9260776885312,-4.57714714795358,0.612021069356565,"sintetico_postestratificado",FALSE,0.376510887530966,"sintetico_postestratificado",FALSE,FALSE,FALSE,"19","013","China"
1014,-23.4927059897974,-37.9647910700238,-7.40187003438702,0.621606893997731,"sintetico_postestratificado",FALSE,0.386679834099756,"sintetico_postestratificado",FALSE,FALSE,FALSE,"19","045","Salinas Victoria"
1015,-22.7264118910771,-41.2048986416659,-4.12853017777283,0.633111892661437,"sintetico_postestratificado",FALSE,0.405847773750666,"sintetico_postestratificado",FALSE,FALSE,FALSE,"19","030","Iturbide"
1016,-22.2601410349316,-39.2624947378989,-5.60311779285587,0.499374511360622,"sintetico_postestratificado",FALSE,0.276773101011306,"sintetico_postestratificado",FALSE,FALSE,FALSE,"20","125","San Carlos Yautepec"
1017,-24.0168718763876,-40.8885639620614,-5.27392047003872,0.603709924074585,"sintetico_postestratificado",FALSE,0.36354120531071,"sintetico_postestratificado",FALSE,FALSE,FALSE,"20","481","Santiago Nuyoó"
1018,-24.2253336902751,-39.784789107847,-6.4799394881608,0.57165519853322,"sintetico_postestratificado",FALSE,0.329401861630469,"sintetico_postestratificado",FALSE,FALSE,FALSE,"20","517","Santo Domingo Tepuxtepec"
1019,-19.0185448732414,-35.9811412514816,-2.60864921481193,0.410021060565975,"sintetico_postestratificado",FALSE,0.219835611833561,"sintetico_postestratificado",FALSE,FALSE,FALSE,"20","524","Santo Domingo Yodohino"
1020,-24.2181755357397,-41.0287339373979,-7.15354830409447,0.531863495801922,"sintetico_postestratificado",FALSE,0.289681740444524,"sintetico_postestratificado",FALSE,FALSE,FALSE,"20","378","Santa Cruz Mixtepec"
1021,-23.629974573076,-40.0945835247339,-5.96042001922397,0.578635327224705,"sintetico_postestratificado",FALSE,0.342335581493945,"sintetico_postestratificado",FALSE,FALSE,FALSE,"20","054","Magdalena Zahuatlán"
1022,-25.5716243494342,-42.7143387301185,-7.0363243705624,0.647297870617172,"sintetico_postestratificado",FALSE,0.39158162712283,"sintetico_postestratificado",FALSE,FALSE,FALSE,"20","542","Taniche"
1023,-24.1871508390309,-41.000429718976,-6.22479119921286,0.638495589420269,"sintetico_postestratificado",FALSE,0.39662408102996,"sintetico_postestratificado",FALSE,FALSE,FALSE,"20","237","San Marcos Arteaga"
1024,-23.1823390861728,-39.8918844769848,-4.71450762900787,0.525230110129914,"sintetico_postestratificado",FALSE,0.293406719268186,"sintetico_postestratificado",FALSE,FALSE,FALSE,"20","489","Santiago Tetepec"
1025,-21.3760264606534,-38.3414981563277,-3.56699922916708,0.532611969952451,"sintetico_postestratificado",FALSE,0.318851705345917,"sintetico_postestratificado",FALSE,FALSE,FALSE,"20","544","Teococuilco de Marcos Pérez"
1026,-23.5837823786148,-40.4329817852497,-5.36196889431183,0.500444111573737,"sintetico_postestratificado",FALSE,0.264606287787589,"sintetico_postestratificado",FALSE,FALSE,FALSE,"20","490","Santiago Texcalcingo"
1027,-24.3757731659533,-40.9460502789467,-7.28600617794507,0.55035582578267,"sintetico_postestratificado",FALSE,0.306598094123137,"sintetico_postestratificado",FALSE,FALSE,FALSE,"20","333","San Pedro Totolápam"
1028,-22.7349198484679,-39.9307163482734,-3.84755445683084,0.507162275371405,"sintetico_postestratificado",FALSE,0.279813076886726,"sintetico_postestratificado",FALSE,FALSE,FALSE,"20","334","Villa de Tututepec"
1029,-24.1363699582376,-41.4084421474632,-5.58355851603028,0.611336533325541,"sintetico_postestratificado",FALSE,0.369972833743165,"sintetico_postestratificado",FALSE,FALSE,FALSE,"20","562","Magdalena Yodocono de Porfirio Díaz"
1030,-23.9994866859727,-42.1713164202871,-5.25141036111616,0.606802081278774,"sintetico_postestratificado",FALSE,0.366807214419048,"sintetico_postestratificado",FALSE,FALSE,FALSE,"20","133","San Esteban Atatlahuca"
1031,-22.3929275827701,-38.8842457664701,-5.83399029085592,0.51235713053324,"muestra_directa",TRUE,0.28842785470554,"muestra_directa",TRUE,TRUE,TRUE,"20","134","San Felipe Jalapa de Díaz"
1032,-22.439235086548,-39.0496013876568,-4.72410803364194,0.527044284183237,"sintetico_postestratificado",FALSE,0.302651933317757,"sintetico_postestratificado",FALSE,FALSE,FALSE,"20","138","San Francisco Cajonos"
1033,-24.2759236282112,-41.5383560948785,-6.3479140185863,0.591573786759289,"sintetico_postestratificado",FALSE,0.348814550477177,"sintetico_postestratificado",FALSE,FALSE,FALSE,"20","149","San Francisco Sola"
1034,-23.9920952947056,-40.6993809105127,-5.9711132920287,0.625340804583533,"sintetico_postestratificado",FALSE,0.385419851636477,"sintetico_postestratificado",FALSE,FALSE,FALSE,"20","161","San Jerónimo Sosola"
1035,-21.8497546926295,-37.9965652126029,-5.27111678774802,0.550372257910542,"sintetico_postestratificado",FALSE,0.331874710984248,"sintetico_postestratificado",FALSE,FALSE,FALSE,"20","159","San Jerónimo Coatlán"
1036,-23.3441696074645,-39.8526256463988,-6.08757833260755,0.497064007046608,"sintetico_postestratificado",FALSE,0.263622310971962,"sintetico_postestratificado",FALSE,FALSE,FALSE,"20","437","Santa María Tlahuitoltepec"
1037,-24.3729286992593,-42.8655527656,-5.40593595297835,0.561858505713348,"sintetico_postestratificado",FALSE,0.318129218720755,"sintetico_postestratificado",FALSE,FALSE,FALSE,"20","441","Santa María Xadani"
1038,-24.2289487518022,-42.9608970272309,-6.61256077738929,0.51276516262708,"sintetico_postestratificado",FALSE,0.270475675109058,"sintetico_postestratificado",FALSE,FALSE,FALSE,"20","446","Santa María Yucuhiti"
1039,-24.192452296494,-41.2555371743839,-6.58414821903717,0.549619034521189,"sintetico_postestratificado",FALSE,0.30769451155625,"sintetico_postestratificado",FALSE,FALSE,FALSE,"20","447","Santa María Zacatepec"
1040,-24.1758868520772,-41.6276305157591,-7.79943336937784,0.572203907840602,"sintetico_postestratificado",FALSE,0.33044503931983,"sintetico_postestratificado",FALSE,FALSE,FALSE,"20","469","Santiago Juxtlahuaca"
1041,-24.33164262721,-39.6959114360653,-7.76055535697714,0.57603710661598,"sintetico_postestratificado",FALSE,0.33272068034388,"sintetico_postestratificado",FALSE,FALSE,FALSE,"20","511","Santo Domingo Nuxaá"
1042,-24.6825966078912,-41.3672429633254,-8.20328700505143,0.537682184342444,"sintetico_postestratificado",FALSE,0.290856218263532,"sintetico_postestratificado",FALSE,FALSE,FALSE,"20","513","Santo Domingo Petapa"
1043,-24.1847375430425,-41.0626907867719,-5.80451690308658,0.543777783066125,"sintetico_postestratificado",FALSE,0.3019304076357,"sintetico_postestratificado",FALSE,FALSE,FALSE,"20","278","San Miguel Soyaltepec"
1044,-24.0289993286916,-40.2448225795378,-7.99831473678351,0.522184838462499,"sintetico_postestratificado",FALSE,0.281894845175583,"sintetico_postestratificado",FALSE,FALSE,FALSE,"20","457","Santiago Camotlán"
1045,-22.3808958245106,-39.0713585115409,-5.18253050062205,0.506926710223273,"sintetico_postestratificado",FALSE,0.283117751978167,"sintetico_postestratificado",FALSE,FALSE,FALSE,"20","163","San Jerónimo Tecóatl"
1046,-23.4015031523497,-41.4999091857629,-4.45521783540482,0.544838831957397,"sintetico_postestratificado",FALSE,0.310823800433899,"sintetico_postestratificado",FALSE,FALSE,FALSE,"20","166","San José Chiltepec"
1047,-22.9481909260262,-39.4357745107886,-5.99429918200824,0.525968896384548,"sintetico_postestratificado",FALSE,0.296486987124286,"sintetico_postestratificado",FALSE,FALSE,FALSE,"20","506","Santo Domingo Albarradas"
1048,-25.8087147052542,-42.7654981516263,-8.0894117143848,0.591654511713872,"sintetico_postestratificado",FALSE,0.33356736466133,"sintetico_postestratificado",FALSE,FALSE,FALSE,"20","482","Santiago Pinotepa Nacional"
1049,-22.576971578599,-40.144136010409,-6.18545637449144,0.564879009341982,"sintetico_postestratificado",FALSE,0.339109293555992,"sintetico_postestratificado",FALSE,FALSE,FALSE,"20","508","Santo Domingo Chihuitán"
1050,-22.8946934185934,-40.8477905207019,-3.60687877642687,0.522230973397415,"sintetico_postestratificado",FALSE,0.293284039211481,"sintetico_postestratificado",FALSE,FALSE,FALSE,"20","205","San Juan Lalana"
1051,-23.2225906908827,-40.1385985440927,-4.80255531237492,0.518354039955498,"sintetico_postestratificado",FALSE,0.286128133046671,"sintetico_postestratificado",FALSE,FALSE,FALSE,"20","271","San Miguel Mixtepec"
1052,-25.6988186122454,-41.7738806453185,-6.82979526078358,0.590972293115461,"sintetico_postestratificado",FALSE,0.333984106993008,"sintetico_postestratificado",FALSE,FALSE,FALSE,"20","329","San Pedro Teozacoalco"
1053,-23.888708426831,-40.4551418853089,-6.905058250915,0.599308058471253,"sintetico_postestratificado",FALSE,0.360420974202943,"sintetico_postestratificado",FALSE,FALSE,FALSE,"20","330","San Pedro Teutila"
1054,-24.8701727034758,-43.2939711724693,-5.03951487179694,0.598750052323455,"sintetico_postestratificado",FALSE,0.350048325288697,"sintetico_postestratificado",FALSE,FALSE,FALSE,"20","246","San Mateo Cajonos"
1055,-23.4124353298231,-39.6505182978352,-6.14165129743838,0.576164396537235,"sintetico_postestratificado",FALSE,0.342040043239004,"sintetico_postestratificado",FALSE,FALSE,FALSE,"20","277","Villa Sola de Vega"
1056,-23.9275273029517,-39.4547028209719,-6.68841382912046,0.565170790609717,"muestra_directa",TRUE,0.3258955175802,"muestra_directa",TRUE,TRUE,TRUE,"20","545","Teotitlán de Flores Magón"
1057,-25.1831801059072,-42.1151792101424,-7.50776259137927,0.590252759895802,"sintetico_postestratificado",FALSE,0.33842095883673,"sintetico_postestratificado",FALSE,FALSE,FALSE,"20","546","Teotitlán del Valle"
1058,-23.4310348166303,-39.1876953329818,-6.37353484099491,0.525051769793829,"sintetico_postestratificado",FALSE,0.290741421627526,"sintetico_postestratificado",FALSE,FALSE,FALSE,"20","547","Teotongo"
1059,-24.1152430744727,-40.8054303524587,-6.36038092414582,0.507526877421478,"sintetico_postestratificado",FALSE,0.266374446676751,"sintetico_postestratificado",FALSE,FALSE,FALSE,"20","170","San José Lachiguiri"
1060,-22.1526058032508,-41.0935144918099,-2.646334382589,0.530716464833089,"sintetico_postestratificado",FALSE,0.309190406800581,"sintetico_postestratificado",FALSE,FALSE,FALSE,"20","230","San Lorenzo Victoria"
1061,-22.9269511877058,-41.1984731832697,-5.22557008550181,0.562288421228965,"sintetico_postestratificado",FALSE,0.333018909351907,"sintetico_postestratificado",FALSE,FALSE,FALSE,"20","168","San José Estancia Grande"
1062,-20.5771731841124,-35.3063776428256,-4.56433260644085,0.517905436233777,"muestra_directa",FALSE,0.312133704392654,"muestra_directa",FALSE,TRUE,FALSE,"20","184","San Juan Bautista Tuxtepec"
1063,-23.993857069408,-39.9868391824539,-6.21636220422547,0.545797116012803,"sintetico_postestratificado",FALSE,0.305858545318723,"sintetico_postestratificado",FALSE,FALSE,FALSE,"20","185","San Juan Cacahuatepec"
1064,-25.1611130032581,-42.4821133371956,-7.70890110516849,0.590077575243302,"sintetico_postestratificado",FALSE,0.33846644521072,"sintetico_postestratificado",FALSE,FALSE,FALSE,"20","404","Santa María Chachoápam"
1065,-24.0214839428738,-40.4406713521277,-6.53307201783232,0.634193031550213,"sintetico_postestratificado",FALSE,0.393978192121475,"sintetico_postestratificado",FALSE,FALSE,FALSE,"20","407","Santa María Chimalapa"
1066,-24.7343722706495,-42.0139544136995,-7.6665389110043,0.503770307148635,"sintetico_postestratificado",FALSE,0.25642658444214,"sintetico_postestratificado",FALSE,FALSE,FALSE,"20","186","San Juan Cieneguilla"
1067,-19.518120779036,-35.8313603042952,-2.49272895943445,0.448666352633768,"sintetico_postestratificado",FALSE,0.253485144843407,"sintetico_postestratificado",FALSE,FALSE,FALSE,"20","214","San Juan Quiotepec"
1068,-25.9414237458901,-42.7167623951438,-7.1718152834571,0.520161306700917,"sintetico_postestratificado",FALSE,0.260747069242016,"sintetico_postestratificado",FALSE,FALSE,FALSE,"20","220","San Juan Tepeuxila"
1069,-21.6329717038942,-38.1885785996938,-4.5843640690294,0.467807835765302,"sintetico_postestratificado",FALSE,0.251478118726361,"sintetico_postestratificado",FALSE,FALSE,FALSE,"20","227","San Lorenzo Cacaotepec"
1070,-23.5264867074363,-40.9164267166284,-6.20994042019321,0.542327473368516,"sintetico_postestratificado",FALSE,0.307062606294153,"sintetico_postestratificado",FALSE,FALSE,FALSE,"20","261","San Miguel Amatitlán"
1071,-25.1772118961806,-42.786101254051,-7.99775898767691,0.543499638344149,"sintetico_postestratificado",FALSE,0.291727519382343,"sintetico_postestratificado",FALSE,FALSE,FALSE,"20","552","Tlacotepec Plumas"
1072,-24.8932389510766,-41.275939035767,-7.1018219701912,0.594727997648468,"sintetico_postestratificado",FALSE,0.345795608137702,"sintetico_postestratificado",FALSE,FALSE,FALSE,"20","262","San Miguel Amatlán"
1073,-24.2038788336081,-41.7815978866425,-5.23810811967062,0.603869744029403,"sintetico_postestratificado",FALSE,0.361830955693322,"sintetico_postestratificado",FALSE,FALSE,FALSE,"20","266","San Miguel del Puerto"
1074,-23.3692327510745,-40.3254561455806,-5.43751604479807,0.524571171309667,"sintetico_postestratificado",FALSE,0.290878843798922,"sintetico_postestratificado",FALSE,FALSE,FALSE,"20","550","San Jerónimo Tlacochahuaya"
1075,-24.9788632375846,-42.5156668806656,-7.23167543066396,0.546703727190058,"sintetico_postestratificado",FALSE,0.296915094814212,"sintetico_postestratificado",FALSE,FALSE,FALSE,"20","253","San Mateo Piñas"
1076,-24.7980661330017,-41.6045469396434,-5.95767575787807,0.584388334206149,"sintetico_postestratificado",FALSE,0.336407672876132,"sintetico_postestratificado",FALSE,FALSE,FALSE,"20","254","San Mateo Río Hondo"
1077,-23.5124382386024,-38.8370070542598,-8.30400866610811,0.509414371015661,"muestra_directa",TRUE,0.274289988629637,"muestra_directa",FALSE,TRUE,TRUE,"20","272","San Miguel Panixtlahuaca"
1078,-23.857547156475,-40.416111435111,-6.62174903673993,0.502432941325902,"sintetico_postestratificado",FALSE,0.263857469761152,"sintetico_postestratificado",FALSE,FALSE,FALSE,"20","273","San Miguel Peras"
1079,-23.3732982963465,-40.4644770722474,-6.21795420423522,0.53669016101759,"sintetico_postestratificado",FALSE,0.302957178054125,"sintetico_postestratificado",FALSE,FALSE,FALSE,"20","275","San Miguel Quetzaltepec"
1080,-26.0226525161638,-42.37500668869,-8.27401503823393,0.57659289720353,"sintetico_postestratificado",FALSE,0.316366372041892,"sintetico_postestratificado",FALSE,FALSE,FALSE,"20","551","Tlacolula de Matamoros"
1081,-22.1386821659035,-38.4036426019159,-4.80849269527435,0.525464987999014,"sintetico_postestratificado",FALSE,0.304078166339978,"sintetico_postestratificado",FALSE,FALSE,FALSE,"20","357","Santa Ana Tavela"
1082,-23.6579852018066,-39.4918356752288,-6.61660051323697,0.535227758025906,"sintetico_postestratificado",FALSE,0.29864790600784,"sintetico_postestratificado",FALSE,FALSE,FALSE,"20","502","Santiago Zacatepec"
1083,-23.8839327825698,-40.8206669373562,-5.74680587153718,0.535159686599636,"sintetico_postestratificado",FALSE,0.296320358773938,"sintetico_postestratificado",FALSE,FALSE,FALSE,"20","553","Tlalixtac de Cabrera"
1084,-23.375634774959,-40.5723272517386,-5.22760642091254,0.566598730122507,"sintetico_postestratificado",FALSE,0.332842382372917,"sintetico_postestratificado",FALSE,FALSE,FALSE,"20","265","San Miguel Chimalapa"
1085,-22.8283537067536,-40.1938286777508,-4.49031368021457,0.584704836706077,"sintetico_postestratificado",FALSE,0.356421299638541,"sintetico_postestratificado",FALSE,FALSE,FALSE,"20","493","Santiago Tillo"
1086,-20.0107920100425,-35.9658945068592,-3.87588643701358,0.560692520414948,"muestra_directa",FALSE,0.360584600314524,"muestra_directa",FALSE,TRUE,FALSE,"20","318","San Pedro Mixtepec"
1087,-22.4605857863186,-40.0152976494569,-4.14889212234631,0.57854235576056,"sintetico_postestratificado",FALSE,0.353936497897374,"sintetico_postestratificado",FALSE,FALSE,FALSE,"20","327","San Pedro Tapanatepec"
1088,-22.5361044936951,-38.4998916195865,-4.00069386600643,0.547348294200134,"sintetico_postestratificado",FALSE,0.321987249263183,"sintetico_postestratificado",FALSE,FALSE,FALSE,"20","554","Totontepec Villa de Morelos"
1089,-22.9861739605408,-39.9348622052669,-2.36512194370343,0.49622418412629,"sintetico_postestratificado",FALSE,0.266362444520882,"sintetico_postestratificado",FALSE,FALSE,FALSE,"20","555","Trinidad Zaachila"
1090,-22.4472210172623,-38.4321438957353,-4.2781300485398,0.492345037068928,"sintetico_postestratificado",FALSE,0.267872826896305,"sintetico_postestratificado",FALSE,FALSE,FALSE,"20","556","La Trinidad Vista Hermosa"
1091,-21.0031146025318,-37.0961663157288,-4.32921979065178,0.445116903701251,"sintetico_postestratificado",FALSE,0.235085757675933,"sintetico_postestratificado",FALSE,FALSE,FALSE,"20","018","Concepción Buenavista"
1092,-23.8514378671922,-40.9830602757555,-5.85188227119024,0.533974214916871,"sintetico_postestratificado",FALSE,0.295459836244949,"sintetico_postestratificado",FALSE,FALSE,FALSE,"20","036","Guevea de Humboldt"
1093,-24.4463144138469,-40.817968630348,-6.8461184761395,0.512796551566883,"sintetico_postestratificado",FALSE,0.268333407428414,"sintetico_postestratificado",FALSE,FALSE,FALSE,"20","338","Villa de Etla"
1094,-23.3756025607757,-41.1893350084535,-5.24124083055234,0.532760513153067,"sintetico_postestratificado",FALSE,0.29900448754531,"sintetico_postestratificado",FALSE,FALSE,FALSE,"20","344","San Sebastián Coatlán"
1095,-23.6282682781996,-40.7073323906129,-5.83654683896659,0.549989775687332,"sintetico_postestratificado",FALSE,0.313707092905336,"sintetico_postestratificado",FALSE,FALSE,FALSE,"20","366","Santa Catarina Loxicha"
1096,-22.3646858101396,-41.1412656059761,-3.56733576280119,0.531424601262672,"sintetico_postestratificado",FALSE,0.307777743161277,"sintetico_postestratificado",FALSE,FALSE,FALSE,"20","377","Santa Cruz Itundujia"
1097,-22.3946766618541,-39.1212914610483,-4.58193552813733,0.518043825069323,"sintetico_postestratificado",FALSE,0.294097058450782,"sintetico_postestratificado",FALSE,FALSE,FALSE,"20","451","Santiago Apoala"
1098,-24.6293851058147,-41.9042692790835,-6.15872116163938,0.574500988248156,"sintetico_postestratificado",FALSE,0.328207137190009,"sintetico_postestratificado",FALSE,FALSE,FALSE,"20","005","Asunción Ixtaltepec"
1099,-25.5595830600386,-43.6385162155723,-7.13665483948508,0.591691204947224,"sintetico_postestratificado",FALSE,0.336095374346838,"sintetico_postestratificado",FALSE,FALSE,FALSE,"20","558","Valerio Trujano"
1100,-24.6814854165334,-42.7330661900269,-6.55675780928569,0.59352902745949,"sintetico_postestratificado",FALSE,0.346714173294156,"sintetico_postestratificado",FALSE,FALSE,FALSE,"20","561","Yaxe"
1101,-22.8616783353357,-38.6082751034202,-5.06159180565327,0.555517282970603,"sintetico_postestratificado",FALSE,0.326900499617246,"sintetico_postestratificado",FALSE,FALSE,FALSE,"20","056","Mártires de Tacubaya"
1102,-24.7563288022493,-41.2928005307319,-7.90034926359737,0.570625940815454,"sintetico_postestratificado",FALSE,0.323062652792961,"sintetico_postestratificado",FALSE,FALSE,FALSE,"20","563","Yogana"
1103,-25.460958017548,-43.2679656773759,-7.36523864638128,0.568091703301637,"sintetico_postestratificado",FALSE,0.313482123126157,"sintetico_postestratificado",FALSE,FALSE,FALSE,"20","497","Santiago Yaitepec"
1104,-25.203515003867,-41.7566660386978,-8.01525531149831,0.540476754411963,"sintetico_postestratificado",FALSE,0.288441604373294,"sintetico_postestratificado",FALSE,FALSE,FALSE,"20","549","Heroica Villa Tezoatlán de Segura y Luna, Cuna de la Independencia de Oaxaca"
1105,-24.4739321467174,-40.3615064800087,-8.55797544889758,0.62457300984767,"sintetico_postestratificado",FALSE,0.379833688380495,"sintetico_postestratificado",FALSE,FALSE,FALSE,"20","564","Yutanduchi de Guerrero"
1106,-24.6048432768031,-41.0230106950898,-7.39033967767137,0.593996527131946,"sintetico_postestratificado",FALSE,0.347948094363915,"sintetico_postestratificado",FALSE,FALSE,FALSE,"20","565","Villa de Zaachila"
1107,-24.1800013241087,-40.8766434680746,-7.44255544975706,0.499304136463746,"sintetico_postestratificado",FALSE,0.257504123222659,"sintetico_postestratificado",FALSE,FALSE,FALSE,"20","099","San Andrés Tepetlapa"
1108,-20.2874876661189,-37.7077909521061,-2.39448112510849,0.490444701858412,"sintetico_postestratificado",FALSE,0.287569825197223,"sintetico_postestratificado",FALSE,FALSE,FALSE,"20","491","Santiago Textitlán"
1109,-23.5960557835761,-40.5565523910223,-5.78380575859649,0.536630795979456,"sintetico_postestratificado",FALSE,0.300670238143695,"sintetico_postestratificado",FALSE,FALSE,FALSE,"20","031","Tamazulápam del Espíritu Santo"
1110,-22.872276842289,-40.3303368047687,-3.95897932148778,0.568842604007832,"sintetico_postestratificado",FALSE,0.340119835584942,"sintetico_postestratificado",FALSE,FALSE,FALSE,"20","279","San Miguel Suchixtepec"
1111,-22.7040001678051,-40.548138854853,-3.43455176078205,0.523420154604416,"sintetico_postestratificado",FALSE,0.296380152926364,"sintetico_postestratificado",FALSE,FALSE,FALSE,"20","401","Santa María Colotepec"
1112,-22.5728027340824,-41.5652771486512,-4.45589199833407,0.501134276037924,"sintetico_postestratificado",FALSE,0.275406248697101,"sintetico_postestratificado",FALSE,FALSE,FALSE,"20","367","Santa Catarina Mechoacán"
1113,-24.4996362954437,-40.7092893792484,-6.80003416058119,0.56619406923933,"muestra_directa",TRUE,0.321197706284893,"muestra_directa",FALSE,TRUE,TRUE,"20","500","Santiago Yosondúa"
1114,-24.0628278834249,-41.1328150186375,-5.27515175836957,0.623566866277711,"sintetico_postestratificado",FALSE,0.382938587443462,"sintetico_postestratificado",FALSE,FALSE,FALSE,"20","503","Santiago Zoochila"
1115,-24.5785291318744,-41.9622130035003,-5.79002369296894,0.627275300282855,"sintetico_postestratificado",FALSE,0.381490008964111,"sintetico_postestratificado",FALSE,FALSE,FALSE,"20","379","Santa Cruz Nundaco"
1116,-24.5040789474411,-41.5937811222597,-6.76630226587721,0.549978715135884,"sintetico_postestratificado",FALSE,0.304937925661474,"sintetico_postestratificado",FALSE,FALSE,FALSE,"20","494","Santiago Tlazoyaltepec"
1117,-21.8843484491547,-38.5050288858755,-5.52197556929511,0.477602412416329,"muestra_directa",TRUE,0.258758927924782,"muestra_directa",TRUE,TRUE,TRUE,"20","499","Santiago Yolomécatl"
1118,-22.8799805873175,-40.5740947723072,-5.58874267439755,0.516754386603539,"sintetico_postestratificado",FALSE,0.287954580730365,"sintetico_postestratificado",FALSE,FALSE,FALSE,"20","058","Mazatlán Villa de Flores"
1119,-24.5912575064215,-41.5279450270502,-5.87074159295517,0.546908836052659,"sintetico_postestratificado",FALSE,0.300996260988444,"sintetico_postestratificado",FALSE,FALSE,FALSE,"20","059","Miahuatlán de Porfirio Díaz"
1120,-22.2980612828227,-40.0680535957414,-5.11865748045009,0.502455738194035,"sintetico_postestratificado",FALSE,0.279475125365808,"sintetico_postestratificado",FALSE,FALSE,FALSE,"20","177","San Juan Bautista Cuicatlán"
1121,-23.0714995372038,-39.9505050263584,-5.51154853389458,0.511975960823922,"sintetico_postestratificado",FALSE,0.281260965451884,"sintetico_postestratificado",FALSE,FALSE,FALSE,"20","359","Santa Ana Yareni"
1122,-25.4055559956758,-41.4121318434432,-7.87826625720481,0.567298572972279,"sintetico_postestratificado",FALSE,0.313243013015521,"sintetico_postestratificado",FALSE,FALSE,FALSE,"20","364","Santa Catarina Juquila"
1123,-24.8562732230867,-41.6535131578552,-7.71866954929462,0.558838030747267,"sintetico_postestratificado",FALSE,0.310275298516399,"sintetico_postestratificado",FALSE,FALSE,FALSE,"20","569","Santa Inés de Zaragoza"
1124,-23.9436457772734,-42.3715364326789,-6.45523210705233,0.51534210063061,"sintetico_postestratificado",FALSE,0.275905642857876,"sintetico_postestratificado",FALSE,FALSE,FALSE,"20","570","Zimatlán de Álvarez"
1125,-22.010839418599,-39.1089523860775,-5.06611409231916,0.50485879948395,"sintetico_postestratificado",FALSE,0.28475040529796,"sintetico_postestratificado",FALSE,FALSE,FALSE,"20","567","Zapotitlán Lagunas"
1126,-24.8805466640343,-39.5129861062044,-8.93736909774852,0.562898788260006,"muestra_directa",TRUE,0.314093321619663,"muestra_directa",TRUE,TRUE,TRUE,"20","057","Matías Romero Avendaño"
1127,-22.272183329093,-39.714609859516,-5.34343183791137,0.549793032184147,"sintetico_postestratificado",FALSE,0.327071198893217,"sintetico_postestratificado",FALSE,FALSE,FALSE,"20","423","Santa María Nduayaco"
1128,-21.8352866134236,-37.6536782299467,-5.09297151463375,0.510792308190504,"sintetico_postestratificado",FALSE,0.292439442056268,"sintetico_postestratificado",FALSE,FALSE,FALSE,"20","112","San Baltazar Chichicápam"
1129,-22.6329395963529,-40.6699816523318,-3.78817022617312,0.48126810412844,"sintetico_postestratificado",FALSE,0.254938708164911,"sintetico_postestratificado",FALSE,FALSE,FALSE,"20","510","Santo Domingo Ixcatlán"
1130,-22.3435705625858,-39.6571522897238,-3.36748768451128,0.500297195468275,"sintetico_postestratificado",FALSE,0.276861489842416,"sintetico_postestratificado",FALSE,FALSE,FALSE,"20","371","Santa Catarina Ticuá"
1131,-21.213775232802,-38.407472265312,-2.48630412562556,0.51571402994962,"sintetico_postestratificado",FALSE,0.3035762776216,"sintetico_postestratificado",FALSE,FALSE,FALSE,"20","424","Santa María Ozolotepec"
1132,-21.8534754653725,-38.0405877885847,-4.25536253216531,0.53184188189763,"sintetico_postestratificado",FALSE,0.313307127243905,"sintetico_postestratificado",FALSE,FALSE,FALSE,"20","406","Santa María Chilchotla"
1133,-23.1505752293745,-40.8042669020797,-6.04214663751567,0.521641358449705,"sintetico_postestratificado",FALSE,0.29013560615596,"sintetico_postestratificado",FALSE,FALSE,FALSE,"20","410","Santa María Ecatepec"
1134,-23.0505940734192,-40.0169282616293,-5.84322313658293,0.550062264700493,"sintetico_postestratificado",FALSE,0.319556323966302,"sintetico_postestratificado",FALSE,FALSE,FALSE,"20","435","Santa María Tepantlali"
1135,-25.856337206253,-42.6583010501097,-8.89768490521756,0.582887474179284,"sintetico_postestratificado",FALSE,0.324324102116754,"sintetico_postestratificado",FALSE,FALSE,FALSE,"20","417","Santa María Jacatepec"
1136,-25.3042984478914,-42.7056841367761,-7.14926057464656,0.594818869343783,"sintetico_postestratificado",FALSE,0.341775884864869,"sintetico_postestratificado",FALSE,FALSE,FALSE,"20","422","Santa María Nativitas"
1137,-23.0281165575147,-39.7284289237745,-7.2277051482022,0.548990306934065,"sintetico_postestratificado",FALSE,0.318709141358918,"sintetico_postestratificado",FALSE,FALSE,FALSE,"20","439","Santa María Tonameca"
1138,-22.1470822568273,-38.0947828617705,-5.97181177866535,0.497871268820129,"sintetico_postestratificado",FALSE,0.276400446251856,"sintetico_postestratificado",FALSE,FALSE,FALSE,"20","450","Santiago Amoltepec"
1139,-24.6366942543904,-41.1303011433101,-7.25042859092767,0.584506569793294,"muestra_directa",FALSE,0.33813962724939,"muestra_directa",FALSE,TRUE,FALSE,"20","075","Reforma de Pineda"
1140,-24.438639128463,-40.954108439308,-6.75552891803859,0.519262595146424,"sintetico_postestratificado",FALSE,0.274876203861793,"sintetico_postestratificado",FALSE,FALSE,FALSE,"20","501","Santiago Yucuyachi"
1141,-22.6707666473831,-39.443912907792,-3.59540623039977,0.537201939150295,"sintetico_postestratificado",FALSE,0.310494272676463,"sintetico_postestratificado",FALSE,FALSE,FALSE,"20","504","Nuevo Zoquiápam"
1142,-21.9277051460803,-39.5284560731785,-3.33409314658576,0.511894115735023,"sintetico_postestratificado",FALSE,0.29261706427422,"sintetico_postestratificado",FALSE,FALSE,FALSE,"20","505","Santo Domingo Ingenio"
1143,-25.3221546464074,-43.3478229256426,-7.58506918302758,0.577782368265264,"sintetico_postestratificado",FALSE,0.324560821801191,"sintetico_postestratificado",FALSE,FALSE,FALSE,"20","251","San Mateo Nejápam"
1144,-25.4562911727523,-42.054467136335,-8.664444349377,0.491517212378468,"sintetico_postestratificado",FALSE,0.236954300650945,"sintetico_postestratificado",FALSE,FALSE,FALSE,"20","459","Villa de Santiago Chazumba"
1145,-24.8303970889799,-42.0657728430694,-6.53325242866106,0.587229294819767,"sintetico_postestratificado",FALSE,0.338925323929969,"sintetico_postestratificado",FALSE,FALSE,FALSE,"20","477","Santiago Minas"
1146,-22.9323379684683,-40.5932511184865,-3.69679072658409,0.541292415086065,"sintetico_postestratificado",FALSE,0.311969035401382,"sintetico_postestratificado",FALSE,FALSE,FALSE,"20","484","Santiago Tamazola"
1147,-22.0185943548146,-40.470506041935,-3.00113378994815,0.514148756360451,"sintetico_postestratificado",FALSE,0.293962812812305,"sintetico_postestratificado",FALSE,FALSE,FALSE,"20","485","Santiago Tapextla"
1148,-22.8307136154285,-39.2102336879768,-7.02872844214548,0.527796863772574,"sintetico_postestratificado",FALSE,0.299489727618289,"sintetico_postestratificado",FALSE,FALSE,FALSE,"20","492","Santiago Tilantongo"
1149,-22.9385399844076,-39.3898516294052,-4.31395022190824,0.499362405771929,"sintetico_postestratificado",FALSE,0.269977005927853,"sintetico_postestratificado",FALSE,FALSE,FALSE,"20","495","Santiago Xanica"
1150,-25.7290982108667,-42.6083803963822,-6.78825055810672,0.570973505912496,"sintetico_postestratificado",FALSE,0.313682523803829,"sintetico_postestratificado",FALSE,FALSE,FALSE,"20","534","San Vicente Coatlán"
1151,-22.9621370102623,-38.8685384133224,-5.91266556256008,0.527633713437216,"sintetico_postestratificado",FALSE,0.298012343334593,"sintetico_postestratificado",FALSE,FALSE,FALSE,"20","537","Silacayoápam"
1152,-22.6889167797461,-38.2284654864156,-5.90952658671526,0.469514847657922,"sintetico_postestratificado",FALSE,0.242625679860461,"sintetico_postestratificado",FALSE,FALSE,FALSE,"20","543","Tataltepec de Valdés"
1153,-22.9623620135094,-39.4320971549779,-5.31869143093613,0.567474761757692,"sintetico_postestratificado",FALSE,0.337851141622598,"sintetico_postestratificado",FALSE,FALSE,FALSE,"20","548","Tepelmeme Villa de Morelos"
1154,-20.89927612149,-36.8417704470523,-4.41960904942513,0.454074502092191,"sintetico_postestratificado",FALSE,0.24508174087729,"sintetico_postestratificado",FALSE,FALSE,FALSE,"20","463","Santiago Huauclilla"
1155,-23.2320459334891,-41.3900346329368,-5.15043476088887,0.497481361403686,"sintetico_postestratificado",FALSE,0.265160902068794,"sintetico_postestratificado",FALSE,FALSE,FALSE,"20","467","Santiago Jamiltepec"
1156,-23.8055176695608,-39.8168618984403,-5.68800902944606,0.536981347780207,"sintetico_postestratificado",FALSE,0.298926171084599,"sintetico_postestratificado",FALSE,FALSE,FALSE,"20","559","San Juan Bautista Valle Nacional"
1157,-23.0173395030183,-39.0427802816783,-5.42293230153038,0.532889638066923,"sintetico_postestratificado",FALSE,0.30271624303674,"sintetico_postestratificado",FALSE,FALSE,FALSE,"20","169","San José Independencia"
1158,-22.8558900061996,-40.6351792758147,-2.70982584795173,0.514933306628171,"sintetico_postestratificado",FALSE,0.286374406566175,"sintetico_postestratificado",FALSE,FALSE,FALSE,"20","117","San Bartolomé Loxicha"
1159,-20.7933688280785,-36.9328726565026,-1.94040438923678,0.508249715211706,"sintetico_postestratificado",FALSE,0.300316026930921,"sintetico_postestratificado",FALSE,FALSE,FALSE,"20","512","Santo Domingo Ozolotepec"
1160,-26.0364766626361,-43.8686602802545,-7.34977893653354,0.580652979663014,"sintetico_postestratificado",FALSE,0.320288213036653,"sintetico_postestratificado",FALSE,FALSE,FALSE,"20","514","Santo Domingo Roayaga"
1161,-25.4957812948501,-43.9155819231339,-6.99407328819952,0.557828851069826,"sintetico_postestratificado",FALSE,0.302871038121325,"sintetico_postestratificado",FALSE,FALSE,FALSE,"20","118","San Bartolomé Quialana"
1162,-23.1551378265033,-39.188874995791,-6.17904198047374,0.429013223911008,"sintetico_postestratificado",FALSE,0.197461845645975,"sintetico_postestratificado",FALSE,FALSE,FALSE,"20","518","Santo Domingo Tlatayápam"
1163,-24.7903634127381,-41.8276496045375,-6.35071094476387,0.506282783108078,"sintetico_postestratificado",FALSE,0.258379148980697,"sintetico_postestratificado",FALSE,FALSE,FALSE,"20","440","Santa María Totolapilla"
1164,-24.8928000419126,-41.317413387401,-7.69261690295614,0.507694851645995,"sintetico_postestratificado",FALSE,0.258766851226869,"sintetico_postestratificado",FALSE,FALSE,FALSE,"20","568","Zapotitlán Palmas"
1165,-22.5767112572386,-40.8723057360609,-4.61057593780078,0.547298852143947,"sintetico_postestratificado",FALSE,0.321531739571561,"sintetico_postestratificado",FALSE,FALSE,FALSE,"20","521","Santo Domingo Tonaltepec"
1166,-24.8545447700499,-40.8284514218019,-7.45904113644737,0.565495405811876,"sintetico_postestratificado",FALSE,0.316949958111377,"sintetico_postestratificado",FALSE,FALSE,FALSE,"20","001","Abejones"
1167,-24.0269364767915,-40.6352446616638,-6.67659463753111,0.516470674894402,"sintetico_postestratificado",FALSE,0.276201310126487,"sintetico_postestratificado",FALSE,FALSE,FALSE,"20","256","San Mateo Tlapiltepec"
1168,-22.9249463526532,-40.3639658233383,-4.43753052997835,0.535943812091219,"sintetico_postestratificado",FALSE,0.306694348564687,"sintetico_postestratificado",FALSE,FALSE,FALSE,"20","003","Asunción Cacalotepec"
1169,-22.4695774155437,-40.2473133805844,-2.49066449446357,0.518859962745297,"sintetico_postestratificado",FALSE,0.29416418858986,"sintetico_postestratificado",FALSE,FALSE,FALSE,"20","263","San Miguel Coatlán"
1170,-22.7052190342621,-39.3967396519534,-5.89225153367518,0.564889175877675,"sintetico_postestratificado",FALSE,0.337836985535054,"sintetico_postestratificado",FALSE,FALSE,FALSE,"20","004","Asunción Cuyotepeji"
1171,-23.083942485771,-39.7596825439011,-4.50528358715147,0.475266452106945,"sintetico_postestratificado",FALSE,0.244427027249235,"sintetico_postestratificado",FALSE,FALSE,FALSE,"20","007","Asunción Ocotlán"
1172,-24.4846228797477,-42.7111324009591,-5.04098211640194,0.644493624584768,"sintetico_postestratificado",FALSE,0.399647395787291,"sintetico_postestratificado",FALSE,FALSE,FALSE,"20","267","San Miguel del Río"
1173,-20.3661244658615,-36.642655859289,-2.12925495272933,0.498756706714409,"sintetico_postestratificado",FALSE,0.295095462055794,"sintetico_postestratificado",FALSE,FALSE,FALSE,"20","011","Calihualá"
1174,-21.0184468780227,-37.0489560278637,-4.299717999595,0.480490613246615,"sintetico_postestratificado",FALSE,0.270306144466388,"sintetico_postestratificado",FALSE,FALSE,FALSE,"20","027","Chiquihuitlán de Benito Juárez"
1175,-25.0711913476521,-41.0482482835515,-8.3300275767992,0.522406823355275,"muestra_directa",TRUE,0.271694909878753,"muestra_directa",FALSE,TRUE,TRUE,"20","030","El Espinal"
1176,-24.7547297023226,-41.9625525585801,-5.95356456747278,0.571940652891967,"sintetico_postestratificado",FALSE,0.324393355868741,"sintetico_postestratificado",FALSE,FALSE,FALSE,"20","519","Santo Domingo Tomaltepec"
1177,-23.8682861165164,-40.8761826716957,-7.62123727736689,0.480032568853798,"sintetico_postestratificado",FALSE,0.241349707688634,"sintetico_postestratificado",FALSE,FALSE,FALSE,"20","034","Guadalupe de Ramírez"
1178,-22.9138042901092,-40.4555265093006,-5.49993843060373,0.522560660453628,"sintetico_postestratificado",FALSE,0.293422617552536,"sintetico_postestratificado",FALSE,FALSE,FALSE,"20","013","Ciénega de Zimatlán"
1179,-24.6042630880811,-41.2122456691557,-6.84653628031863,0.571907667646832,"sintetico_postestratificado",FALSE,0.325865036766022,"sintetico_postestratificado",FALSE,FALSE,FALSE,"20","460","Santiago Choápam"
1180,-23.1604190488362,-40.1082846701693,-7.40079346568409,0.493445204355482,"sintetico_postestratificado",FALSE,0.26184101386712,"sintetico_postestratificado",FALSE,FALSE,FALSE,"20","044","Loma Bonita"
1181,-24.4819675782334,-41.7795199265261,-6.7493303827959,0.597100054365763,"sintetico_postestratificado",FALSE,0.352280378583429,"sintetico_postestratificado",FALSE,FALSE,FALSE,"20","017","La Compañía"
1182,-25.0281871532356,-42.3239914768129,-6.18510676271543,0.534273385241845,"sintetico_postestratificado",FALSE,0.283991513709488,"sintetico_postestratificado",FALSE,FALSE,FALSE,"20","507","Santo Domingo Armenta"
1183,-24.7042467463772,-43.3860968560255,-5.82361543389175,0.533865039487352,"sintetico_postestratificado",FALSE,0.286822572023579,"sintetico_postestratificado",FALSE,FALSE,FALSE,"20","049","Magdalena Ocotlán"
1184,-21.6299112432258,-38.0047688130789,-5.51070732291378,0.471226529999706,"sintetico_postestratificado",FALSE,0.254927417567448,"sintetico_postestratificado",FALSE,FALSE,FALSE,"20","520","Santo Domingo Tonalá"
1185,-21.0473180798968,-37.1322992735505,-2.74766954843635,0.478051247831737,"sintetico_postestratificado",FALSE,0.267578067032769,"sintetico_postestratificado",FALSE,FALSE,FALSE,"20","019","Concepción Pápalo"
1186,-22.5401987900452,-39.9057322948907,-4.057482730049,0.471577866438433,"sintetico_postestratificado",FALSE,0.246175878537981,"sintetico_postestratificado",FALSE,FALSE,FALSE,"20","022","Cosoltepec"
1187,-20.9819189023559,-39.2549897776088,-2.47231115537642,0.494106354815386,"sintetico_postestratificado",FALSE,0.284287165791827,"sintetico_postestratificado",FALSE,FALSE,FALSE,"20","024","Cuyamecalco Villa de Zaragoza"
1188,-23.2538658809763,-40.1016678266809,-5.32901948561534,0.534145702261837,"muestra_directa",TRUE,0.301607043452074,"muestra_directa",TRUE,TRUE,TRUE,"20","025","Chahuites"
1189,-23.3071260888094,-40.7524046184273,-5.77522747721455,0.550630693137577,"sintetico_postestratificado",FALSE,0.317559432249483,"sintetico_postestratificado",FALSE,FALSE,FALSE,"20","026","Chalcatongo de Hidalgo"
1190,-23.3160827319152,-40.0517399084892,-6.22723915049795,0.517831789074491,"sintetico_postestratificado",FALSE,0.284670961755339,"sintetico_postestratificado",FALSE,FALSE,FALSE,"20","029","Eloxochitlán de Flores Magón"
1191,-21.5276669782072,-38.9591639257167,-5.67451107323707,0.516806842673653,"sintetico_postestratificado",FALSE,0.301530172891581,"sintetico_postestratificado",FALSE,FALSE,FALSE,"20","032","Fresnillo de Trujano"
1192,-19.7355869385025,-34.1770697661894,-5.39017433639972,0.451869889308944,"muestra_directa",FALSE,0.254514019923918,"muestra_directa",FALSE,TRUE,FALSE,"20","515","Santo Domingo Tehuantepec"
1193,-23.7490151739149,-39.2541349467678,-6.58137612050715,0.512143351356227,"muestra_directa",TRUE,0.274653199617078,"muestra_directa",FALSE,TRUE,TRUE,"20","516","Santo Domingo Teojomulco"
1194,-23.8402811480072,-41.1551407724849,-6.38710234584918,0.534010691672964,"sintetico_postestratificado",FALSE,0.295607880192892,"sintetico_postestratificado",FALSE,FALSE,FALSE,"20","033","Guadalupe Etla"
1195,-26.3317601234295,-42.9563714477462,-8.42995395730187,0.614113731617424,"sintetico_postestratificado",FALSE,0.350796130383128,"sintetico_postestratificado",FALSE,FALSE,FALSE,"20","050","Magdalena Peñasco"
1196,-22.9930762260343,-39.9780294460081,-4.50179284051714,0.583306069848244,"sintetico_postestratificado",FALSE,0.353375307587901,"sintetico_postestratificado",FALSE,FALSE,FALSE,"20","035","Guelatao de Juárez"
1197,-23.5842215163002,-40.2046109758997,-5.74973895099646,0.520463691164162,"sintetico_postestratificado",FALSE,0.28462147600116,"sintetico_postestratificado",FALSE,FALSE,FALSE,"20","051","Magdalena Teitipac"
1198,-21.1276311340873,-39.3045712560108,-3.39322688348689,0.527380637361872,"sintetico_postestratificado",FALSE,0.316104326020999,"sintetico_postestratificado",FALSE,FALSE,FALSE,"20","536","San Vicente Nuñú"
1199,-23.8549260629264,-40.5096319630181,-6.29273270473681,0.502432177537384,"sintetico_postestratificado",FALSE,0.26388291690812,"sintetico_postestratificado",FALSE,FALSE,FALSE,"20","047","Santa Magdalena Jicotlán"
1200,-25.9814318716175,-44.4886319971298,-8.65209347808539,0.573461340994929,"sintetico_postestratificado",FALSE,0.313647022278753,"sintetico_postestratificado",FALSE,FALSE,FALSE,"20","037","Mesones Hidalgo"
1201,-25.4394558424075,-41.2800165549303,-7.34751618591969,0.592689436730708,"sintetico_postestratificado",FALSE,0.338294878306632,"sintetico_postestratificado",FALSE,FALSE,FALSE,"20","040","Huautepec"
1202,-24.4995232378042,-41.0771662333972,-6.32346289298379,0.582652390478455,"sintetico_postestratificado",FALSE,0.337657158100413,"sintetico_postestratificado",FALSE,FALSE,FALSE,"20","041","Huautla de Jiménez"
1203,-23.3739122832984,-40.272783611226,-6.1720878300399,0.544662416257844,"sintetico_postestratificado",FALSE,0.31092329342486,"sintetico_postestratificado",FALSE,FALSE,FALSE,"20","042","Ixtlán de Juárez"
1204,-24.1166870627947,-41.8280211763027,-7.63886318856427,0.514431362700649,"sintetico_postestratificado",FALSE,0.273264492072702,"sintetico_postestratificado",FALSE,FALSE,FALSE,"20","045","Magdalena Apasco"
1205,-24.1898514924317,-40.0686367059353,-8.27941366049277,0.562528570300565,"sintetico_postestratificado",FALSE,0.320630055376248,"sintetico_postestratificado",FALSE,FALSE,FALSE,"20","053","Magdalena Tlacotepec"
1206,-24.4293760265922,-41.9422207932205,-7.22577209586372,0.568644020402183,"sintetico_postestratificado",FALSE,0.32435026013626,"sintetico_postestratificado",FALSE,FALSE,FALSE,"20","046","Magdalena Jaltepec"
1207,-23.9075846361995,-40.020391144275,-6.79710596717574,0.530436451936338,"sintetico_postestratificado",FALSE,0.291360605574343,"sintetico_postestratificado",FALSE,FALSE,FALSE,"20","523","Santo Domingo Yanhuitlán"
1208,-23.4383729615428,-40.2635961187964,-6.6839368578815,0.521968681759851,"sintetico_postestratificado",FALSE,0.287584952144423,"sintetico_postestratificado",FALSE,FALSE,FALSE,"20","048","Magdalena Mixtepec"
1209,-26.0292190302344,-43.3078506840249,-6.5101263618993,0.60527555725622,"sintetico_postestratificado",FALSE,0.344983366953876,"sintetico_postestratificado",FALSE,FALSE,FALSE,"20","522","Santo Domingo Xagacía"
1210,-23.2624594256268,-40.2391984756429,-6.39287382216551,0.50835776191538,"sintetico_postestratificado",FALSE,0.275733167659111,"sintetico_postestratificado",FALSE,FALSE,FALSE,"20","456","Santiago Cacaloxtepec"
1211,-23.9713106142822,-40.8258616592613,-7.53292580901773,0.52124392213101,"sintetico_postestratificado",FALSE,0.281530815988188,"sintetico_postestratificado",FALSE,FALSE,FALSE,"20","060","Mixistlán de la Reforma"
1212,-24.1153134070509,-43.1023680082151,-5.96292276150097,0.542777164071496,"sintetico_postestratificado",FALSE,0.301624030000987,"sintetico_postestratificado",FALSE,FALSE,FALSE,"20","061","Monjas"
1213,-23.8203208478909,-42.0298855496791,-6.14190752650058,0.539504745334847,"sintetico_postestratificado",FALSE,0.301301536855938,"sintetico_postestratificado",FALSE,FALSE,FALSE,"20","062","Natividad"
1214,-23.110355961526,-39.6177825452486,-4.93541470393418,0.506572077716969,"sintetico_postestratificado",FALSE,0.275468518101709,"sintetico_postestratificado",FALSE,FALSE,FALSE,"20","063","Nazareno Etla"
1215,-25.639446509362,-42.4392061837626,-6.90428224058393,0.557309410725114,"sintetico_postestratificado",FALSE,0.300914945631494,"sintetico_postestratificado",FALSE,FALSE,FALSE,"20","065","Ixpantepec Nieves"
1216,-24.6462179057466,-41.5646854591019,-5.22339874819844,0.578030119827382,"sintetico_postestratificado",FALSE,0.331567940769916,"sintetico_postestratificado",FALSE,FALSE,FALSE,"20","069","La Pe"
1217,-24.0204022788478,-40.5977233404653,-5.53284553688531,0.526500853109833,"sintetico_postestratificado",FALSE,0.286296830321355,"sintetico_postestratificado",FALSE,FALSE,FALSE,"20","070","Pinotepa de Don Luis"
1218,-26.1230075406435,-43.5364933734612,-8.02087773558596,0.541067160448566,"sintetico_postestratificado",FALSE,0.279837085042131,"sintetico_postestratificado",FALSE,FALSE,FALSE,"20","071","Pluma Hidalgo"
1219,-22.6669325631916,-38.801457765963,-5.00213834030048,0.508945478016948,"sintetico_postestratificado",FALSE,0.282276152385032,"sintetico_postestratificado",FALSE,FALSE,FALSE,"20","096","San Andrés Sinaxtla"
1220,-23.5358913296207,-39.9438859280602,-6.25284733577994,0.539139994776797,"sintetico_postestratificado",FALSE,0.30378108148059,"sintetico_postestratificado",FALSE,FALSE,FALSE,"20","072","San José del Progreso"
1221,-23.3193564312545,-40.2093307550535,-6.05128963629061,0.536715474244084,"sintetico_postestratificado",FALSE,0.303521909931538,"sintetico_postestratificado",FALSE,FALSE,FALSE,"20","097","San Andrés Solaga"
1222,-22.7400693599401,-39.5505117447463,-5.61257178683964,0.555869206583417,"sintetico_postestratificado",FALSE,0.328468512984016,"sintetico_postestratificado",FALSE,FALSE,FALSE,"20","098","San Andrés Teotilálpam"
1223,-24.336349493213,-40.7250773378474,-6.20184851700158,0.589928522634597,"sintetico_postestratificado",FALSE,0.346565027702467,"sintetico_postestratificado",FALSE,FALSE,FALSE,"20","074","Santa Catarina Quioquitani"
1224,-27.9529008524354,-43.2703616681943,-11.9219155188854,0.537414886522423,"muestra_directa",FALSE,0.257885877998069,"muestra_directa",FALSE,TRUE,FALSE,"20","076","La Reforma"
1225,-23.5654123695059,-40.1137281490629,-7.07131013826462,0.520546889012725,"sintetico_postestratificado",FALSE,0.284892765317666,"sintetico_postestratificado",FALSE,FALSE,FALSE,"20","190","San Juan Cotzocón"
1226,-24.6667880469009,-40.5143894135172,-7.03204369686664,0.49138579396363,"sintetico_postestratificado",FALSE,0.244717913494621,"sintetico_postestratificado",FALSE,FALSE,FALSE,"20","078","Rojas de Cuauhtémoc"
1227,-23.4209689925966,-39.6853287630071,-4.69608657609238,0.528124635751864,"sintetico_postestratificado",FALSE,0.293914945825898,"sintetico_postestratificado",FALSE,FALSE,FALSE,"20","077","Reyes Etla"
1228,-20.556898543438,-38.3697075996231,-3.17712797946649,0.522401962189068,"sintetico_postestratificado",FALSE,0.316832976754687,"sintetico_postestratificado",FALSE,FALSE,FALSE,"20","081","San Agustín Atenango"
1229,-23.2826144896506,-40.7857483586178,-5.89442529191099,0.533878071665971,"sintetico_postestratificado",FALSE,0.301051926769465,"sintetico_postestratificado",FALSE,FALSE,FALSE,"20","094","San Andrés Nuxiño"
1230,-22.5606823355117,-39.4428535552418,-6.11637250631736,0.45457902758851,"sintetico_postestratificado",FALSE,0.228972204233393,"sintetico_postestratificado",FALSE,FALSE,FALSE,"20","080","San Agustín Amatengo"
1231,-22.0856402438695,-40.9375014191081,-3.7559690387425,0.495207661080596,"sintetico_postestratificado",FALSE,0.274351258641901,"sintetico_postestratificado",FALSE,FALSE,FALSE,"20","084","San Agustín Etla"
1232,-24.3984240767969,-42.1721751069872,-5.83089579053906,0.530979712128236,"muestra_directa",TRUE,0.286995471360268,"muestra_directa",TRUE,TRUE,TRUE,"20","082","San Agustín Chayuco"
1233,-21.9423538740033,-38.0158217139407,-4.44201762168678,0.455643082883781,"sintetico_postestratificado",FALSE,0.236219544143749,"sintetico_postestratificado",FALSE,FALSE,FALSE,"20","086","San Agustín Tlacotepec"
1234,-22.5655715355272,-39.5368363436436,-4.96699350417252,0.470551826126686,"sintetico_postestratificado",FALSE,0.244896110771414,"sintetico_postestratificado",FALSE,FALSE,FALSE,"20","083","San Agustín de las Juntas"
1235,-23.8890357536974,-41.1690293249329,-7.28690792067968,0.530577860788654,"sintetico_postestratificado",FALSE,0.291687503251679,"sintetico_postestratificado",FALSE,FALSE,FALSE,"20","092","San Andrés Ixtlahuaca"
1236,-24.1954137538132,-40.3487738067843,-6.34652229789712,0.578968944576842,"sintetico_postestratificado",FALSE,0.33701480703871,"sintetico_postestratificado",FALSE,FALSE,FALSE,"20","087","San Agustín Yatareni"
1237,-23.9978254934805,-39.7792430099079,-7.02910275731198,0.505549114599628,"sintetico_postestratificado",FALSE,0.265570859664823,"sintetico_postestratificado",FALSE,FALSE,FALSE,"20","089","San Andrés Dinicuiti"
1238,-21.9594728789656,-38.5549145470731,-4.17298789232647,0.474692940882207,"sintetico_postestratificado",FALSE,0.255098212092551,"sintetico_postestratificado",FALSE,FALSE,FALSE,"20","090","San Andrés Huaxpaltepec"
1239,-23.3172479165971,-41.0201343774375,-5.39590325576666,0.51221969673424,"sintetico_postestratificado",FALSE,0.27904721756827,"sintetico_postestratificado",FALSE,FALSE,FALSE,"20","091","San Andrés Huayápam"
1240,-22.9192272606487,-41.4179689499289,-4.97699019497523,0.547339229872259,"sintetico_postestratificado",FALSE,0.318146957265772,"sintetico_postestratificado",FALSE,FALSE,FALSE,"20","095","San Andrés Paxtlán"
1241,-24.1489272590671,-40.8561500094504,-4.93123180863401,0.522828572224755,"sintetico_postestratificado",FALSE,0.281339299634083,"sintetico_postestratificado",FALSE,FALSE,FALSE,"20","100","San Andrés Yaá"
1242,-22.8841309420851,-42.1119675153141,-4.65435081950355,0.508839671206964,"sintetico_postestratificado",FALSE,0.279998361786112,"sintetico_postestratificado",FALSE,FALSE,FALSE,"20","101","San Andrés Zabache"
1243,-22.7612821846446,-39.3211990390033,-6.37639900859102,0.532822814396619,"sintetico_postestratificado",FALSE,0.305209992550173,"sintetico_postestratificado",FALSE,FALSE,FALSE,"20","102","San Andrés Zautla"
1244,-21.4806317496945,-37.2638410543277,-4.6450336955934,0.478676099992872,"sintetico_postestratificado",FALSE,0.263869782495926,"sintetico_postestratificado",FALSE,FALSE,FALSE,"20","233","San Lucas Quiaviní"
1245,-24.981561206369,-41.8503743587161,-6.44511479106933,0.609971530538041,"sintetico_postestratificado",FALSE,0.360155918474351,"sintetico_postestratificado",FALSE,FALSE,FALSE,"20","103","San Antonino Castillo Velasco"
1246,-23.4732479451739,-40.6921656074714,-5.19097784239726,0.628494581939862,"sintetico_postestratificado",FALSE,0.393762102488123,"sintetico_postestratificado",FALSE,FALSE,FALSE,"20","104","San Antonino el Alto"
1247,-22.3951327345332,-39.9517353135678,-5.53079604976737,0.455248002535335,"sintetico_postestratificado",FALSE,0.231296675190002,"sintetico_postestratificado",FALSE,FALSE,FALSE,"20","105","San Antonino Monte Verde"
1248,-22.3281924837458,-39.5534240659328,-5.39397947795796,0.522646978628474,"muestra_directa",TRUE,0.299365053791016,"muestra_directa",FALSE,TRUE,TRUE,"20","107","San Antonio de la Cal"
1249,-23.7875450607115,-40.7779960494423,-5.95461493162319,0.523580770097083,"sintetico_postestratificado",FALSE,0.285705319489968,"sintetico_postestratificado",FALSE,FALSE,FALSE,"20","108","San Antonio Huitepec"
1250,-23.2979191817242,-39.9150650741142,-5.1999810905949,0.517182085695899,"sintetico_postestratificado",FALSE,0.284202893878656,"sintetico_postestratificado",FALSE,FALSE,FALSE,"20","109","San Antonio Nanahuatípam"
1251,-23.2814425100425,-41.2105473839156,-5.38406623828495,0.501853883773265,"sintetico_postestratificado",FALSE,0.26903945867284,"sintetico_postestratificado",FALSE,FALSE,FALSE,"20","110","San Antonio Sinicahua"
1252,-22.6606115381281,-39.7717085704579,-5.19096170583275,0.500644490757416,"sintetico_postestratificado",FALSE,0.274038375376135,"sintetico_postestratificado",FALSE,FALSE,FALSE,"20","111","San Antonio Tepetlapa"
1253,-22.1420256453851,-38.527987361119,-4.55429634640175,0.445729488333279,"sintetico_postestratificado",FALSE,0.224309231879428,"sintetico_postestratificado",FALSE,FALSE,FALSE,"20","527","Santos Reyes Pápalo"
1254,-23.6646133516295,-41.0286429470783,-5.06458572621923,0.519446750654325,"sintetico_postestratificado",FALSE,0.28280061713803,"sintetico_postestratificado",FALSE,FALSE,FALSE,"20","116","San Bartolomé Ayautla"
1255,-24.4723234734389,-42.0049781296595,-6.43194578455305,0.539052615439408,"sintetico_postestratificado",FALSE,0.294329380705019,"sintetico_postestratificado",FALSE,FALSE,FALSE,"20","114","San Baltazar Yatzachi el Bajo"
1256,-24.511140287388,-42.6245294380542,-5.95200421934605,0.549724149062835,"sintetico_postestratificado",FALSE,0.304612746188954,"sintetico_postestratificado",FALSE,FALSE,FALSE,"20","172","San Juan Achiutla"
1257,-23.6569367838419,-40.3426966840811,-6.54588157388873,0.535484119512212,"sintetico_postestratificado",FALSE,0.298914751673792,"sintetico_postestratificado",FALSE,FALSE,FALSE,"20","115","San Bartolo Coyotepec"
1258,-22.2610780254704,-39.5052329489489,-5.35317426628594,0.492839894200197,"sintetico_postestratificado",FALSE,0.270229113945492,"sintetico_postestratificado",FALSE,FALSE,FALSE,"20","413","Santa María Huatulco"
1259,-25.5225611664463,-41.0464766830311,-6.66949735649184,0.60293431110574,"sintetico_postestratificado",FALSE,0.347708699441277,"sintetico_postestratificado",FALSE,FALSE,FALSE,"20","119","San Bartolomé Yucuañe"
1260,-22.4320779373171,-40.5676206418779,-2.70268239254617,0.566833096276988,"sintetico_postestratificado",FALSE,0.342512316903817,"sintetico_postestratificado",FALSE,FALSE,FALSE,"20","120","San Bartolomé Zoogocho"
1261,-21.457604377018,-37.24954932945,-5.50819328720813,0.487572414324817,"sintetico_postestratificado",FALSE,0.272996370554637,"sintetico_postestratificado",FALSE,FALSE,FALSE,"20","121","San Bartolo Soyaltepec"
1262,-22.8759157145609,-39.2600918460221,-5.8971949714488,0.550639347925543,"sintetico_postestratificado",FALSE,0.321880190779934,"sintetico_postestratificado",FALSE,FALSE,FALSE,"20","014","Ciudad Ixtepec"
1263,-22.9593469419696,-39.2943208897508,-5.72013391513514,0.527164179202702,"sintetico_postestratificado",FALSE,0.297570709783006,"sintetico_postestratificado",FALSE,FALSE,FALSE,"20","015","Coatecas Altas"
1264,-22.8929952082421,-39.7353690335981,-5.86987949853831,0.474991546240992,"sintetico_postestratificado",FALSE,0.246061594158571,"sintetico_postestratificado",FALSE,FALSE,FALSE,"20","123","San Bernardo Mixtepec"
1265,-21.3950480809313,-39.3161223835313,-3.52865062374617,0.494107168213881,"sintetico_postestratificado",FALSE,0.280156687404568,"sintetico_postestratificado",FALSE,FALSE,FALSE,"20","122","San Bartolo Yautepec"
1266,-23.7964008605166,-40.7310257514551,-6.73695733826205,0.505983493742926,"sintetico_postestratificado",FALSE,0.26801948513776,"sintetico_postestratificado",FALSE,FALSE,FALSE,"20","528","Santos Reyes Tepejillo"
1267,-22.1878115575747,-39.1995454514686,-4.56723955836599,0.48950166815408,"sintetico_postestratificado",FALSE,0.267623552578333,"sintetico_postestratificado",FALSE,FALSE,FALSE,"20","124","Heroica Villa de San Blas Atempa"
1268,-21.8735244275312,-37.6224061327551,-4.49612879589102,0.458286602505673,"sintetico_postestratificado",FALSE,0.239551358230361,"sintetico_postestratificado",FALSE,FALSE,FALSE,"20","129","San Cristóbal Suchixtlahuaca"
1269,-24.2895731115144,-41.5472152966716,-6.82669074123297,0.510315265934986,"sintetico_postestratificado",FALSE,0.267419534819842,"sintetico_postestratificado",FALSE,FALSE,FALSE,"20","206","San Juan de los Cués"
1270,-23.9977356373768,-39.8265831008495,-6.38583811691198,0.537765333529149,"sintetico_postestratificado",FALSE,0.297787977155381,"sintetico_postestratificado",FALSE,FALSE,FALSE,"20","126","San Cristóbal Amatlán"
1271,-22.19412388215,-39.576804179922,-5.24490876108544,0.470116067855764,"sintetico_postestratificado",FALSE,0.248174829034265,"sintetico_postestratificado",FALSE,FALSE,FALSE,"20","020","Constancia del Rosario"
1272,-22.6709053387191,-39.1613322880028,-5.45366730937108,0.494059688820279,"sintetico_postestratificado",FALSE,0.267350635433088,"sintetico_postestratificado",FALSE,FALSE,FALSE,"20","127","San Cristóbal Amoltepec"
1273,-22.5091035196255,-40.2889028847503,-3.90399961302234,0.492829763769525,"sintetico_postestratificado",FALSE,0.26773872857327,"sintetico_postestratificado",FALSE,FALSE,FALSE,"20","128","San Cristóbal Lachirioag"
1274,-23.2593221540235,-40.3210915312374,-3.63330226384979,0.510708779535565,"sintetico_postestratificado",FALSE,0.278115557995329,"sintetico_postestratificado",FALSE,FALSE,FALSE,"20","529","Santos Reyes Yucuná"
1275,-21.8884398313528,-38.3735242505488,-4.30484883910317,0.504933973939854,"sintetico_postestratificado",FALSE,0.286049575626326,"sintetico_postestratificado",FALSE,FALSE,FALSE,"20","131","San Dionisio Ocotepec"
1276,-22.4488037021633,-39.0388077519121,-7.11646192955224,0.479693465134009,"muestra_directa",TRUE,0.255205428112376,"muestra_directa",FALSE,TRUE,TRUE,"20","130","San Dionisio del Mar"
1277,-25.2487282150699,-43.71949504891,-7.33160415658476,0.533933339961656,"sintetico_postestratificado",FALSE,0.281446057810957,"sintetico_postestratificado",FALSE,FALSE,FALSE,"20","152","San Francisco Tlapancingo"
1278,-24.0243064632381,-41.8150577201367,-5.19524689429154,0.556258123282036,"sintetico_postestratificado",FALSE,0.316015058649655,"sintetico_postestratificado",FALSE,FALSE,FALSE,"20","153","San Gabriel Mixtepec"
1279,-22.5638689072654,-40.8320747553689,-3.0597450437116,0.539844760386307,"sintetico_postestratificado",FALSE,0.314206071313653,"sintetico_postestratificado",FALSE,FALSE,FALSE,"20","132","San Dionisio Ocotlán"
1280,-22.2394310891347,-39.5472866813126,-3.90417019294442,0.503638281654912,"sintetico_postestratificado",FALSE,0.281243970763565,"sintetico_postestratificado",FALSE,FALSE,FALSE,"20","135","San Felipe Tejalápam"
1281,-20.6741769821348,-37.651790171516,-3.3638204641705,0.431379995347275,"sintetico_postestratificado",FALSE,0.224638225525927,"sintetico_postestratificado",FALSE,FALSE,FALSE,"20","136","San Felipe Usila"
1282,-21.7851588139469,-39.5017624514269,-4.95872504371101,0.489279741026295,"sintetico_postestratificado",FALSE,0.271428152886826,"sintetico_postestratificado",FALSE,FALSE,FALSE,"20","137","San Francisco Cahuacuá"
1283,-22.2662999344916,-38.3273424145091,-4.16803967581198,0.485395639258846,"sintetico_postestratificado",FALSE,0.262732639913929,"sintetico_postestratificado",FALSE,FALSE,FALSE,"20","139","San Francisco Chapulapa"
1284,-20.6755230864804,-38.915244465975,-2.7883434806936,0.481437080064384,"sintetico_postestratificado",FALSE,0.27468184919958,"sintetico_postestratificado",FALSE,FALSE,FALSE,"20","142","San Francisco Huehuetlán"
1285,-25.6349197132294,-42.6325104939563,-9.09616819533683,0.532027749867086,"sintetico_postestratificado",FALSE,0.275678552734792,"sintetico_postestratificado",FALSE,FALSE,FALSE,"20","140","San Francisco Chindúa"
1286,-21.4064774531297,-38.0213820316595,-4.11788677031661,0.492891405027646,"sintetico_postestratificado",FALSE,0.278826630496349,"sintetico_postestratificado",FALSE,FALSE,FALSE,"20","141","San Francisco del Mar"
1287,-23.7423295860811,-40.6157490124564,-6.76117207189023,0.581550808343913,"sintetico_postestratificado",FALSE,0.344127512483102,"sintetico_postestratificado",FALSE,FALSE,FALSE,"20","160","San Jerónimo Silacayoapilla"
1288,-22.3917412539058,-40.4707044028641,-4.33106088101711,0.544214494500752,"sintetico_postestratificado",FALSE,0.320297081961694,"sintetico_postestratificado",FALSE,FALSE,FALSE,"20","143","San Francisco Ixhuatán"
1289,-25.0154418193819,-44.2959416053689,-6.80742285855639,0.553372828406348,"sintetico_postestratificado",FALSE,0.30321841021253,"sintetico_postestratificado",FALSE,FALSE,FALSE,"20","144","San Francisco Jaltepetongo"
1290,-23.0266075559349,-39.3666215408121,-5.22947278214062,0.542172080102826,"sintetico_postestratificado",FALSE,0.311906004543477,"sintetico_postestratificado",FALSE,FALSE,FALSE,"20","145","San Francisco Lachigoló"
1291,-23.721932704897,-41.2322434507763,-6.20979470690965,0.496772409623018,"sintetico_postestratificado",FALSE,0.259553082574048,"sintetico_postestratificado",FALSE,FALSE,FALSE,"20","531","Santo Tomás Mazaltepec"
1292,-21.9781485230515,-39.7369157333941,-3.20121074968781,0.525570060424244,"sintetico_postestratificado",FALSE,0.305788575193729,"sintetico_postestratificado",FALSE,FALSE,FALSE,"20","146","San Francisco Logueche"
1293,-22.1636157042071,-40.7570970706705,-2.61902973765488,0.502542984797026,"sintetico_postestratificado",FALSE,0.280906827754955,"sintetico_postestratificado",FALSE,FALSE,FALSE,"20","147","San Francisco Nuxaño"
1294,-22.7839154650421,-41.4368460794725,-4.52079569066667,0.546582033176401,"sintetico_postestratificado",FALSE,0.31874287852598,"sintetico_postestratificado",FALSE,FALSE,FALSE,"20","148","San Francisco Ozolotepec"
1295,-24.2252918759428,-40.8719503648161,-7.63499901849456,0.536322539058402,"sintetico_postestratificado",FALSE,0.294069620298974,"sintetico_postestratificado",FALSE,FALSE,FALSE,"20","150","San Francisco Telixtlahuaca"
1296,-22.8256356151542,-39.0616360482364,-4.7312585934144,0.488182953751206,"sintetico_postestratificado",FALSE,0.259926597599664,"sintetico_postestratificado",FALSE,FALSE,FALSE,"20","151","San Francisco Teopan"
1297,-24.2555518991803,-42.1562151589898,-6.67561703150802,0.528483370266689,"sintetico_postestratificado",FALSE,0.285927851274886,"sintetico_postestratificado",FALSE,FALSE,FALSE,"20","157","San Jacinto Amilpas"
1298,-23.3723700851404,-40.8076822877933,-6.3281425201114,0.499853133938785,"sintetico_postestratificado",FALSE,0.266129433087381,"sintetico_postestratificado",FALSE,FALSE,FALSE,"20","248","San Mateo del Mar"
1299,-27.0717652554985,-45.3798445733187,-7.57850885817228,0.652860804190344,"sintetico_postestratificado",FALSE,0.382143151635359,"sintetico_postestratificado",FALSE,FALSE,FALSE,"20","158","San Jacinto Tlacotepec"
1300,-27.8401155804895,-46.0249961472085,-9.30805532239529,0.656928557890118,"sintetico_postestratificado",FALSE,0.378527402085223,"sintetico_postestratificado",FALSE,FALSE,FALSE,"20","162","San Jerónimo Taviche"
1301,-26.8725630594564,-41.7061475372602,-9.65904897985313,0.573013739690467,"sintetico_postestratificado",FALSE,0.304288109095903,"sintetico_postestratificado",FALSE,FALSE,FALSE,"20","164","San Jorge Nuchita"
1302,-25.1893401026161,-41.3413331871311,-7.10799968656191,0.604056657294133,"sintetico_postestratificado",FALSE,0.352163256267972,"sintetico_postestratificado",FALSE,FALSE,FALSE,"20","176","San Juan Bautista Coixtlahuaca"
1303,-23.67797280641,-40.8221478302305,-6.22162120029282,0.578479671412559,"sintetico_postestratificado",FALSE,0.341699943348459,"sintetico_postestratificado",FALSE,FALSE,FALSE,"20","165","San José Ayuquila"
1304,-25.0209942019684,-41.0370572389478,-6.66642978536642,0.583822285807103,"sintetico_postestratificado",FALSE,0.333612343787418,"sintetico_postestratificado",FALSE,FALSE,FALSE,"20","167","San José del Peñasco"
1305,-22.6779190658985,-39.7378634134654,-4.98235400287426,0.518326901037673,"sintetico_postestratificado",FALSE,0.291547710378689,"sintetico_postestratificado",FALSE,FALSE,FALSE,"20","530","Santo Tomás Jalieza"
1306,-20.8165808326068,-37.9210914858374,-3.36475324275093,0.491663297805586,"sintetico_postestratificado",FALSE,0.283497489479518,"sintetico_postestratificado",FALSE,FALSE,FALSE,"20","187","San Juan Coatzóspam"
1307,-23.2144073865195,-40.0893630670176,-6.46054839714461,0.542557569439074,"sintetico_postestratificado",FALSE,0.31041349557388,"sintetico_postestratificado",FALSE,FALSE,FALSE,"20","171","San José Tenango"
1308,-22.7871134807553,-39.1558170654538,-4.62281293845714,0.52128761859808,"sintetico_postestratificado",FALSE,0.293416483790527,"sintetico_postestratificado",FALSE,FALSE,FALSE,"20","188","San Juan Colorado"
1309,-22.3346711842356,-39.2596119797347,-4.3608586315666,0.464321111308858,"sintetico_postestratificado",FALSE,0.240974399466502,"sintetico_postestratificado",FALSE,FALSE,FALSE,"20","173","San Juan Atepec"
1310,-24.6602439584953,-42.2579683773225,-5.65864329412403,0.550622340036859,"sintetico_postestratificado",FALSE,0.304019900451906,"sintetico_postestratificado",FALSE,FALSE,FALSE,"20","174","Ánimas Trujano"
1311,-22.8295086462075,-38.4227093908531,-5.00934256298601,0.513218459564538,"sintetico_postestratificado",FALSE,0.284923373102463,"sintetico_postestratificado",FALSE,FALSE,FALSE,"20","191","San Juan Chicomezúchil"
1312,-20.2823340353653,-37.4150973469643,-3.22006085336848,0.435053815511523,"sintetico_postestratificado",FALSE,0.232230475157869,"sintetico_postestratificado",FALSE,FALSE,FALSE,"20","196","San Juan Evangelista Analco"
1313,-23.0199302864314,-39.0628595785363,-6.30707743650546,0.53421684826304,"sintetico_postestratificado",FALSE,0.304017545398726,"sintetico_postestratificado",FALSE,FALSE,FALSE,"20","178","San Juan Bautista Guelache"
1314,-22.1623086927887,-38.8164104576836,-4.62475429709544,0.528223980397027,"sintetico_postestratificado",FALSE,0.30660089346914,"sintetico_postestratificado",FALSE,FALSE,FALSE,"20","197","San Juan Guelavía"
1315,-24.1993198723006,-40.757627818385,-5.64142567344329,0.631610264122566,"sintetico_postestratificado",FALSE,0.389617065399559,"sintetico_postestratificado",FALSE,FALSE,FALSE,"20","180","San Juan Bautista Lo de Soto"
1316,-22.3759339170319,-38.8461510554504,-4.11353027741677,0.494302328505396,"sintetico_postestratificado",FALSE,0.270542989335077,"sintetico_postestratificado",FALSE,FALSE,FALSE,"20","204","San Juan Lajarcia"
1317,-23.5659932173339,-40.9053457658022,-6.81188475787869,0.471021296973311,"sintetico_postestratificado",FALSE,0.235361364799971,"sintetico_postestratificado",FALSE,FALSE,FALSE,"20","181","San Juan Bautista Suchitepec"
1318,-26.7823165272167,-42.0728843196556,-8.84595888122005,0.579665928689816,"sintetico_postestratificado",FALSE,0.311842763417649,"sintetico_postestratificado",FALSE,FALSE,FALSE,"20","480","Santiago Nundiche"
1319,-26.1247410450862,-42.5491092472159,-6.63318475609366,0.586608434930569,"sintetico_postestratificado",FALSE,0.325361024479708,"sintetico_postestratificado",FALSE,FALSE,FALSE,"20","182","San Juan Bautista Tlacoatzintepec"
1320,-24.2155363002459,-40.8762474765799,-6.64879378684262,0.546011769336556,"sintetico_postestratificado",FALSE,0.303856406334097,"sintetico_postestratificado",FALSE,FALSE,FALSE,"20","183","San Juan Bautista Tlachichilco"
1321,-22.4249566592251,-39.2425478029912,-4.71925513597825,0.532897917537078,"sintetico_postestratificado",FALSE,0.308648350944827,"sintetico_postestratificado",FALSE,FALSE,FALSE,"20","189","San Juan Comaltepec"
1322,-23.9620889119022,-41.3701034320861,-6.32528837158898,0.530205195080325,"sintetico_postestratificado",FALSE,0.290584305961303,"sintetico_postestratificado",FALSE,FALSE,FALSE,"20","192","San Juan Chilateca"
1323,-23.8318171489919,-39.9182532234825,-6.17361494205425,0.588356220667051,"sintetico_postestratificado",FALSE,0.350038049177132,"sintetico_postestratificado",FALSE,FALSE,FALSE,"20","193","San Juan del Estado"
1324,-22.1029847685637,-38.8085913218912,-4.46319701333241,0.475009861491617,"sintetico_postestratificado",FALSE,0.25398001380598,"sintetico_postestratificado",FALSE,FALSE,FALSE,"20","464","Santiago Ihuitlán Plumas"
1325,-21.6865321483495,-38.5342539797529,-3.84994922383623,0.47785169011432,"sintetico_postestratificado",FALSE,0.260986368630825,"sintetico_postestratificado",FALSE,FALSE,FALSE,"20","194","San Juan del Río"
1326,-21.9577066591633,-38.2603034419185,-5.611010933669,0.448542635605158,"sintetico_postestratificado",FALSE,0.228965569013525,"sintetico_postestratificado",FALSE,FALSE,FALSE,"20","195","San Juan Diuxi"
1327,-21.6721895911505,-38.6179870707536,-2.68957900672612,0.564039536617835,"sintetico_postestratificado",FALSE,0.34731764070633,"sintetico_postestratificado",FALSE,FALSE,FALSE,"20","199","San Juan Ihualtepec"
1328,-22.9140245803078,-38.7454296185342,-5.56470046110483,0.493451311233329,"sintetico_postestratificado",FALSE,0.264311065430251,"sintetico_postestratificado",FALSE,FALSE,FALSE,"20","200","San Juan Juquila Mixes"
1329,-23.9140106455608,-41.3475248935613,-5.55407437537459,0.538446271246038,"sintetico_postestratificado",FALSE,0.299306164790431,"sintetico_postestratificado",FALSE,FALSE,FALSE,"20","201","San Juan Juquila Vijanos"
1330,-23.0484012863312,-40.3551348189809,-5.62744804881618,0.523480849478775,"sintetico_postestratificado",FALSE,0.292996836615464,"sintetico_postestratificado",FALSE,FALSE,FALSE,"20","202","San Juan Lachao"
1331,-21.6714963370274,-38.7972727947142,-3.55544985714173,0.518699119882802,"sintetico_postestratificado",FALSE,0.301984156512527,"sintetico_postestratificado",FALSE,FALSE,FALSE,"20","203","San Juan Lachigalla"
1332,-22.5836049299128,-40.1430898470428,-4.97410981402609,0.523086254020712,"sintetico_postestratificado",FALSE,0.297250204721583,"sintetico_postestratificado",FALSE,FALSE,FALSE,"20","210","San Juan Ñumí"
1333,-23.233768946805,-40.1005437232981,-5.69264927039364,0.552153301913013,"sintetico_postestratificado",FALSE,0.319815612444963,"sintetico_postestratificado",FALSE,FALSE,FALSE,"20","208","San Juan Mixtepec"
1334,-25.1081398157584,-41.5032379175755,-6.88682104500572,0.577789692203982,"sintetico_postestratificado",FALSE,0.326708294046398,"sintetico_postestratificado",FALSE,FALSE,FALSE,"20","209","San Juan Mixtepec"
1335,-22.8640326927605,-39.6904789553753,-5.17136040373802,0.497971755622861,"sintetico_postestratificado",FALSE,0.269331428695256,"sintetico_postestratificado",FALSE,FALSE,FALSE,"20","566","San Mateo Yucutindoo"
1336,-23.4993913299655,-40.3302420438422,-5.56255873327043,0.526094168558571,"sintetico_postestratificado",FALSE,0.291100255258917,"sintetico_postestratificado",FALSE,FALSE,FALSE,"20","215","San Juan Sayultepec"
1337,-21.4799901608896,-38.7222650273546,-4.25447275594543,0.472879610345798,"sintetico_postestratificado",FALSE,0.258079708736903,"sintetico_postestratificado",FALSE,FALSE,FALSE,"20","218","San Juan Teita"
1338,-23.1479494174828,-39.7631433763369,-6.1666124640971,0.475593952189235,"sintetico_postestratificado",FALSE,0.244114458014407,"sintetico_postestratificado",FALSE,FALSE,FALSE,"20","284","San Miguel Tilquiápam"
1339,-24.1771475479882,-39.7317669137692,-6.38233006689428,0.540917217562184,"sintetico_postestratificado",FALSE,0.299145742082302,"sintetico_postestratificado",FALSE,FALSE,FALSE,"20","216","San Juan Tabaá"
1340,-23.9033895205216,-40.3221911560723,-5.95176609139782,0.583448338409383,"sintetico_postestratificado",FALSE,0.344414443204167,"sintetico_postestratificado",FALSE,FALSE,FALSE,"20","217","San Juan Tamazola"
1341,-21.6592316173645,-37.5560785859953,-4.34692727307589,0.544835602023401,"sintetico_postestratificado",FALSE,0.328243285849756,"sintetico_postestratificado",FALSE,FALSE,FALSE,"20","219","San Juan Teitipac"
1342,-23.1721875387748,-39.3535634156375,-6.48225009181925,0.484096262148019,"sintetico_postestratificado",FALSE,0.252374386760271,"sintetico_postestratificado",FALSE,FALSE,FALSE,"20","221","San Juan Teposcolula"
1343,-21.3115405968835,-37.5086524866814,-3.60357885165917,0.509724674886735,"sintetico_postestratificado",FALSE,0.2966092689179,"sintetico_postestratificado",FALSE,FALSE,FALSE,"20","222","San Juan Yaeé"
1344,-25.728580118099,-44.3692143844891,-7.22960128344599,0.568837193504297,"sintetico_postestratificado",FALSE,0.311551392323308,"sintetico_postestratificado",FALSE,FALSE,FALSE,"20","223","San Juan Yatzona"
1345,-23.8024908183936,-41.6713409126595,-5.84826010780035,0.588483117881674,"sintetico_postestratificado",FALSE,0.350458209697737,"sintetico_postestratificado",FALSE,FALSE,FALSE,"20","541","Tanetze de Zaragoza"
1346,-26.3885340218529,-42.2360143481712,-9.81644815259985,0.598501770209154,"muestra_directa",TRUE,0.334616429990625,"muestra_directa",TRUE,TRUE,TRUE,"20","498","Santiago Yaveo"
1347,-22.2083566384161,-38.8436821495739,-4.67838688938777,0.481693198462635,"sintetico_postestratificado",FALSE,0.259609632078474,"sintetico_postestratificado",FALSE,FALSE,FALSE,"20","224","San Juan Yucuita"
1348,-23.357778627665,-40.9249733324756,-5.21842687535284,0.516548536863769,"sintetico_postestratificado",FALSE,0.28297075058712,"sintetico_postestratificado",FALSE,FALSE,FALSE,"20","225","San Lorenzo"
1349,-21.7445144017627,-37.9074134269728,-4.03620546791877,0.507486032810534,"muestra_directa",TRUE,0.290040888792907,"muestra_directa",TRUE,TRUE,TRUE,"20","016","Coicoyán de las Flores"
1350,-22.8853419068349,-39.7032306890952,-5.58049329766705,0.507287731042207,"sintetico_postestratificado",FALSE,0.278434311973858,"sintetico_postestratificado",FALSE,FALSE,FALSE,"20","226","San Lorenzo Albarradas"
1351,-24.8401290421334,-42.5736082538152,-7.18275317115692,0.528824338815024,"sintetico_postestratificado",FALSE,0.28042304839369,"sintetico_postestratificado",FALSE,FALSE,FALSE,"20","228","San Lorenzo Cuaunecuiltitla"
1352,-23.8511955706672,-40.1784915693236,-4.22051742803192,0.602031638815431,"sintetico_postestratificado",FALSE,0.363519683108759,"sintetico_postestratificado",FALSE,FALSE,FALSE,"20","229","San Lorenzo Texmelúcan"
1353,-23.8149759699715,-41.0034473098271,-5.45503266765672,0.543904168733163,"sintetico_postestratificado",FALSE,0.305754409033448,"sintetico_postestratificado",FALSE,FALSE,FALSE,"20","231","San Lucas Camotlán"
1354,-21.8438705648915,-37.6252849903481,-4.93439946206359,0.530153030837282,"sintetico_postestratificado",FALSE,0.311714325188366,"sintetico_postestratificado",FALSE,FALSE,FALSE,"20","232","San Lucas Ojitlán"
1355,-24.0226726352752,-40.3596521839583,-5.74047967666318,0.526664485959828,"sintetico_postestratificado",FALSE,0.286437759607076,"sintetico_postestratificado",FALSE,FALSE,FALSE,"20","234","San Lucas Zoquiápam"
1356,-26.6282562737496,-42.3913274316851,-11.0191570848051,0.576699223505557,"muestra_directa",TRUE,0.310416660768061,"muestra_directa",TRUE,TRUE,TRUE,"20","235","San Luis Amatlán"
1357,-24.4709537313478,-41.7228356516885,-6.12845157623667,0.603297572191939,"sintetico_postestratificado",FALSE,0.358588034878461,"sintetico_postestratificado",FALSE,FALSE,FALSE,"20","236","San Marcial Ozolotepec"
1358,-23.4807822963112,-39.4622994133385,-6.43215854743623,0.572479955222423,"sintetico_postestratificado",FALSE,0.337672132259311,"sintetico_postestratificado",FALSE,FALSE,FALSE,"20","239","San Martín Huamelúlpam"
1359,-22.3216715052277,-39.9173919969423,-3.94975767872759,0.551113628870131,"sintetico_postestratificado",FALSE,0.327896913817853,"sintetico_postestratificado",FALSE,FALSE,FALSE,"20","240","San Martín Itunyoso"
1360,-24.0007373178583,-41.0338014114492,-5.07821572269673,0.53680776358927,"sintetico_postestratificado",FALSE,0.296800390410687,"sintetico_postestratificado",FALSE,FALSE,FALSE,"20","241","San Martín Lachilá"
1361,-24.8495884908323,-41.0493230118881,-5.97393499079589,0.567838498928105,"sintetico_postestratificado",FALSE,0.319342614019783,"sintetico_postestratificado",FALSE,FALSE,FALSE,"20","242","San Martín Peras"
1362,-23.097616652832,-39.8102271660488,-5.77990755096003,0.519699255409159,"sintetico_postestratificado",FALSE,0.288723088880839,"sintetico_postestratificado",FALSE,FALSE,FALSE,"20","243","San Martín Tilcajete"
1363,-22.2543517004789,-40.7899461446646,-5.14136888897697,0.522299836120901,"sintetico_postestratificado",FALSE,0.299756319116113,"sintetico_postestratificado",FALSE,FALSE,FALSE,"20","244","San Martín Toxpalan"
1364,-21.2314493433924,-37.4482052328431,-4.1913732924853,0.488339968410964,"sintetico_postestratificado",FALSE,0.27602547497704,"sintetico_postestratificado",FALSE,FALSE,FALSE,"20","249","San Mateo Yoloxochitlán"
1365,-21.7635305993829,-38.8793709292761,-4.4441223335046,0.496485716421496,"sintetico_postestratificado",FALSE,0.278850410427667,"sintetico_postestratificado",FALSE,FALSE,FALSE,"20","525","Santo Domingo Zanatepec"
1366,-22.7512597111144,-40.2318147400459,-4.4923643025689,0.56567316753496,"sintetico_postestratificado",FALSE,0.338160570423816,"sintetico_postestratificado",FALSE,FALSE,FALSE,"20","526","Santos Reyes Nopala"
1367,-25.4375930204984,-41.1373423183791,-8.19053972227328,0.692456539701254,"sintetico_postestratificado",FALSE,0.438080609496269,"sintetico_postestratificado",FALSE,FALSE,FALSE,"20","245","San Martín Zacatepec"
1368,-24.0547617225467,-40.1074888976726,-6.596749008551,0.522071107863808,"sintetico_postestratificado",FALSE,0.281523490638342,"sintetico_postestratificado",FALSE,FALSE,FALSE,"20","269","San Miguel el Grande"
1369,-21.6102774224492,-38.4096365924562,-4.82354961749472,0.426957666492511,"sintetico_postestratificado",FALSE,0.210854892268019,"sintetico_postestratificado",FALSE,FALSE,FALSE,"20","247","Capulálpam de Méndez"
1370,-21.953486469989,-38.2334210778876,-3.4849549989259,0.467849449848194,"sintetico_postestratificado",FALSE,0.248314585148304,"sintetico_postestratificado",FALSE,FALSE,FALSE,"20","250","San Mateo Etlatongo"
1371,-22.3627484769765,-39.6618126587683,-5.5115771476479,0.501052305295435,"sintetico_postestratificado",FALSE,0.277424820525669,"sintetico_postestratificado",FALSE,FALSE,FALSE,"20","255","San Mateo Sindihui"
1372,-24.8399291094936,-41.5156677611495,-6.59656247157979,0.525024175858364,"sintetico_postestratificado",FALSE,0.276624884763427,"sintetico_postestratificado",FALSE,FALSE,FALSE,"20","252","San Mateo Peñasco"
1373,-23.9969392208595,-41.0762157528528,-6.87818014140878,0.510115468708263,"sintetico_postestratificado",FALSE,0.270146076499668,"sintetico_postestratificado",FALSE,FALSE,FALSE,"20","257","San Melchor Betaza"
1374,-20.9043330306932,-36.9554014381501,-5.28042848857589,0.52286732385544,"muestra_directa",TRUE,0.313823993548508,"muestra_directa",TRUE,TRUE,TRUE,"20","258","San Miguel Achiutla"
1375,-22.1195821115731,-38.8317851655007,-5.63833176025425,0.526383380489118,"sintetico_postestratificado",FALSE,0.305187559373387,"sintetico_postestratificado",FALSE,FALSE,FALSE,"20","259","San Miguel Ahuehuetitlán"
1376,-21.64163278521,-38.0234208997278,-4.07041039367927,0.517702971867065,"sintetico_postestratificado",FALSE,0.301286644014965,"sintetico_postestratificado",FALSE,FALSE,FALSE,"20","260","San Miguel Aloápam"
1377,-23.005038691256,-41.5491373405271,-3.82024770422987,0.539398179981641,"sintetico_postestratificado",FALSE,0.309347793069081,"sintetico_postestratificado",FALSE,FALSE,FALSE,"20","268","San Miguel Ejutla"
1378,-24.3084013898361,-41.2885141647236,-6.90734256081724,0.580287176482154,"sintetico_postestratificado",FALSE,0.337203162583793,"sintetico_postestratificado",FALSE,FALSE,FALSE,"20","276","San Miguel Santa Flor"
1379,-23.1691119508822,-39.9161338031983,-5.66919706204316,0.503060515937713,"sintetico_postestratificado",FALSE,0.271369396428891,"sintetico_postestratificado",FALSE,FALSE,FALSE,"20","281","San Miguel Tecomatlán"
1380,-26.2123675128686,-42.2439733352289,-9.72243516877718,0.570522907724176,"sintetico_postestratificado",FALSE,0.30839923259549,"sintetico_postestratificado",FALSE,FALSE,FALSE,"20","274","San Miguel Piedras"
1381,-23.3627475536458,-40.0456447158006,-5.76026693844776,0.535170814295105,"sintetico_postestratificado",FALSE,0.301543338758647,"sintetico_postestratificado",FALSE,FALSE,FALSE,"20","532","Santo Tomás Ocotepec"
1382,-25.9259195413246,-42.1393723757537,-7.77549678774838,0.527503164483106,"sintetico_postestratificado",FALSE,0.26824396906986,"sintetico_postestratificado",FALSE,FALSE,FALSE,"20","280","Villa Talea de Castro"
1383,-25.0923296933676,-42.0654864454104,-6.1084448458685,0.572411814982411,"sintetico_postestratificado",FALSE,0.321488518048735,"sintetico_postestratificado",FALSE,FALSE,FALSE,"20","533","Santo Tomás Tamazulapan"
1384,-20.8458713347854,-37.565838421946,-4.20194731215906,0.482708061088002,"sintetico_postestratificado",FALSE,0.274249347740148,"sintetico_postestratificado",FALSE,FALSE,FALSE,"20","368","Santa Catarina Minas"
1385,-21.3141335986226,-39.1197169763992,-2.72273069952411,0.502045831496489,"sintetico_postestratificado",FALSE,0.288904495510263,"sintetico_postestratificado",FALSE,FALSE,FALSE,"20","282","San Miguel Tenango"
1386,-22.4738560346731,-39.6383043945934,-4.8614129721614,0.533020195385253,"sintetico_postestratificado",FALSE,0.308281635038522,"sintetico_postestratificado",FALSE,FALSE,FALSE,"20","052","Magdalena Tequisistlán"
1387,-23.2717111075139,-40.2284590562008,-5.04038690281337,0.567912831277951,"sintetico_postestratificado",FALSE,0.335195720202812,"sintetico_postestratificado",FALSE,FALSE,FALSE,"20","283","San Miguel Tequixtepec"
1388,-23.0320177997819,-40.935458790274,-4.21538276990312,0.597916401731773,"sintetico_postestratificado",FALSE,0.367596223733954,"sintetico_postestratificado",FALSE,FALSE,FALSE,"20","535","San Vicente Lachixío"
1389,-22.9591521607458,-39.5209412479162,-5.90256704796481,0.529849325126423,"sintetico_postestratificado",FALSE,0.300257803518965,"sintetico_postestratificado",FALSE,FALSE,FALSE,"20","286","San Miguel Tlacotepec"
1390,-23.3083221528854,-40.544341517222,-5.22137056683792,0.520773288248538,"sintetico_postestratificado",FALSE,0.287690066719684,"sintetico_postestratificado",FALSE,FALSE,FALSE,"20","285","San Miguel Tlacamama"
1391,-22.4336269264412,-39.6234878841847,-5.57761288603252,0.529393705538786,"sintetico_postestratificado",FALSE,0.305057436274375,"sintetico_postestratificado",FALSE,FALSE,FALSE,"20","288","San Miguel Yotao"
1392,-23.8152371841794,-40.9758034167303,-6.99766263311185,0.496225067291802,"sintetico_postestratificado",FALSE,0.258072695450008,"sintetico_postestratificado",FALSE,FALSE,FALSE,"20","289","San Nicolás"
1393,-22.1350353373742,-39.3353744750587,-4.46384844413341,0.466651069272768,"sintetico_postestratificado",FALSE,0.245300715899026,"sintetico_postestratificado",FALSE,FALSE,FALSE,"20","290","San Nicolás Hidalgo"
1394,-24.0385103863602,-41.4627124122513,-6.65747953788753,0.549620277627157,"sintetico_postestratificado",FALSE,0.309235173763555,"sintetico_postestratificado",FALSE,FALSE,FALSE,"20","292","San Pablo Cuatro Venados"
1395,-25.4584909366427,-42.5770084209381,-6.58786170842673,0.613285085459683,"sintetico_postestratificado",FALSE,0.358700176093256,"sintetico_postestratificado",FALSE,FALSE,FALSE,"20","380","Santa Cruz Papalutla"
1396,-21.4645503680844,-37.9233342297288,-3.3407538760012,0.513712424918575,"sintetico_postestratificado",FALSE,0.299066921237731,"sintetico_postestratificado",FALSE,FALSE,FALSE,"20","294","San Pablo Huitzo"
1397,-23.1272048959824,-40.1841180738488,-6.24447658836627,0.561212618140005,"sintetico_postestratificado",FALSE,0.329940569180181,"sintetico_postestratificado",FALSE,FALSE,FALSE,"20","043","Heroica Ciudad de Juchitán de Zaragoza"
1398,-23.26780965211,-39.1750620147359,-5.55652548652536,0.546677036553021,"sintetico_postestratificado",FALSE,0.313998940031921,"sintetico_postestratificado",FALSE,FALSE,FALSE,"20","295","San Pablo Huixtepec"
1399,-22.9862477163931,-40.2991210181244,-4.5314294734619,0.508965082000776,"sintetico_postestratificado",FALSE,0.279102604836846,"sintetico_postestratificado",FALSE,FALSE,FALSE,"20","538","Sitio de Xitlapehua"
1400,-21.3756019529505,-38.8053383043653,-3.37352354150308,0.511761679190537,"sintetico_postestratificado",FALSE,0.298005659661031,"sintetico_postestratificado",FALSE,FALSE,FALSE,"20","296","San Pablo Macuiltianguis"
1401,-22.6010726879126,-39.4490630631888,-3.68254496416131,0.540194374894491,"sintetico_postestratificado",FALSE,0.314183648015365,"sintetico_postestratificado",FALSE,FALSE,FALSE,"20","297","San Pablo Tijaltepec"
1402,-23.601837201035,-42.1067219020346,-5.53641153698211,0.552407773838692,"sintetico_postestratificado",FALSE,0.316389401828342,"sintetico_postestratificado",FALSE,FALSE,FALSE,"20","304","San Pedro Coxcaltepec Cántaros"
1403,-24.8305014209584,-42.0515159724998,-6.63555073921225,0.575604868063867,"sintetico_postestratificado",FALSE,0.327299853854283,"sintetico_postestratificado",FALSE,FALSE,FALSE,"20","299","San Pablo Yaganiza"
1404,-22.7694124496949,-40.9852139133233,-5.03126716929026,0.520629083706765,"sintetico_postestratificado",FALSE,0.292934959209816,"sintetico_postestratificado",FALSE,FALSE,FALSE,"20","300","San Pedro Amuzgos"
1405,-24.8016293848463,-42.2932033208771,-6.77965741941634,0.551924199279677,"sintetico_postestratificado",FALSE,0.303907905431214,"sintetico_postestratificado",FALSE,FALSE,FALSE,"20","308","San Pedro Huilotepec"
1406,-21.4713345762177,-39.6222490566971,-3.60436864226862,0.515480939057092,"sintetico_postestratificado",FALSE,0.300767593294915,"sintetico_postestratificado",FALSE,FALSE,FALSE,"20","301","San Pedro Apóstol"
1407,-20.8226794259987,-38.9989960043474,-2.36042210847053,0.5612366972434,"sintetico_postestratificado",FALSE,0.353009902983413,"sintetico_postestratificado",FALSE,FALSE,FALSE,"20","311","San Pedro Jaltepetongo"
1408,-24.9543872374727,-41.3697066439424,-8.34611473169354,0.535793548572049,"sintetico_postestratificado",FALSE,0.286249676197322,"sintetico_postestratificado",FALSE,FALSE,FALSE,"20","302","San Pedro Atoyac"
1409,-21.5813120679337,-39.641312271814,-2.95479228888405,0.450191987330284,"sintetico_postestratificado",FALSE,0.234378866650947,"sintetico_postestratificado",FALSE,FALSE,FALSE,"20","303","San Pedro Cajonos"
1410,-22.1674392989258,-39.6665131158651,-3.34449411342396,0.501605172845893,"sintetico_postestratificado",FALSE,0.279930779856636,"sintetico_postestratificado",FALSE,FALSE,FALSE,"20","305","San Pedro Comitancillo"
1411,-22.1712179976965,-38.1238787114295,-6.61155376533528,0.496854083242511,"sintetico_postestratificado",FALSE,0.275141903265546,"sintetico_postestratificado",FALSE,FALSE,FALSE,"20","321","San Pedro Nopala"
1412,-28.2342680359208,-46.0287581268457,-10.7898398760321,0.570181732292021,"sintetico_postestratificado",FALSE,0.287839051932813,"sintetico_postestratificado",FALSE,FALSE,FALSE,"20","332","San Pedro Topiltepec"
1413,-22.9608796592764,-39.6540666629401,-6.13105655041226,0.485063819517876,"sintetico_postestratificado",FALSE,0.255455022925112,"sintetico_postestratificado",FALSE,FALSE,FALSE,"20","307","San Pedro Huamelula"
1414,-23.6127145703277,-40.1472834937233,-4.95019693459488,0.497087373629561,"sintetico_postestratificado",FALSE,0.260960227926284,"sintetico_postestratificado",FALSE,FALSE,FALSE,"20","312","San Pedro Jicayán"
1415,-25.6711321980105,-40.8877552964547,-8.0749861072042,0.618568298720768,"sintetico_postestratificado",FALSE,0.361856976740663,"sintetico_postestratificado",FALSE,FALSE,FALSE,"20","313","San Pedro Jocotipac"
1416,-21.9736163405282,-38.7465448587996,-3.87715483097573,0.464998452789562,"sintetico_postestratificado",FALSE,0.24526228938428,"sintetico_postestratificado",FALSE,FALSE,FALSE,"20","314","San Pedro Juchatengo"
1417,-22.8923930002293,-41.0710534028707,-3.93832722703574,0.572199684509879,"sintetico_postestratificado",FALSE,0.343275754507585,"sintetico_postestratificado",FALSE,FALSE,FALSE,"20","079","Salina Cruz"
1418,-24.7425588999589,-40.5784506269743,-7.62690243069582,0.592085593929987,"sintetico_postestratificado",FALSE,0.344660004930398,"sintetico_postestratificado",FALSE,FALSE,FALSE,"20","331","San Pedro Tidaá"
1419,-26.5966161134877,-44.283198137403,-8.15423603007568,0.583504992584334,"sintetico_postestratificado",FALSE,0.317538831449457,"sintetico_postestratificado",FALSE,FALSE,FALSE,"20","315","San Pedro Mártir"
1420,-26.9164270752556,-43.8267378880008,-7.97541588165266,0.612392591206244,"sintetico_postestratificado",FALSE,0.343228320453688,"sintetico_postestratificado",FALSE,FALSE,FALSE,"20","316","San Pedro Mártir Quiechapa"
1421,-24.5811153587045,-42.0552587287848,-7.20386630278351,0.606328352624704,"sintetico_postestratificado",FALSE,0.360517199037659,"sintetico_postestratificado",FALSE,FALSE,FALSE,"20","207","San Juan Mazatlán"
1422,-22.5572048911286,-38.880444117255,-4.52993223002773,0.550536324465861,"sintetico_postestratificado",FALSE,0.324964275554576,"sintetico_postestratificado",FALSE,FALSE,FALSE,"20","317","San Pedro Mártir Yucuxaco"
1423,-23.8892158620455,-41.0517464288298,-3.79418365905774,0.58824799379187,"sintetico_postestratificado",FALSE,0.349355835171414,"sintetico_postestratificado",FALSE,FALSE,FALSE,"20","356","Santa Ana del Valle"
1424,-24.0177517147014,-41.2317057662089,-6.5422280741862,0.600452634603394,"sintetico_postestratificado",FALSE,0.36027511745638,"sintetico_postestratificado",FALSE,FALSE,FALSE,"20","319","San Pedro Mixtepec"
1425,-23.8482118158202,-40.7620938736397,-5.81388235961005,0.591405918880143,"sintetico_postestratificado",FALSE,0.352923800721942,"sintetico_postestratificado",FALSE,FALSE,FALSE,"20","320","San Pedro Molinos"
1426,-24.7732950895247,-41.1341831096585,-6.16858315453749,0.552055000596648,"sintetico_postestratificado",FALSE,0.304322049701401,"sintetico_postestratificado",FALSE,FALSE,FALSE,"20","322","San Pedro Ocopetatillo"
1427,-22.2689632234198,-39.8268112155008,-3.58959564132627,0.460512132121348,"sintetico_postestratificado",FALSE,0.23782249988715,"sintetico_postestratificado",FALSE,FALSE,FALSE,"20","323","San Pedro Ocotepec"
1428,-23.9271832007582,-40.5348949590518,-5.62481063560122,0.503362969312829,"sintetico_postestratificado",FALSE,0.264091137305246,"sintetico_postestratificado",FALSE,FALSE,FALSE,"20","325","San Pedro Quiatoni"
1429,-24.1616130866055,-41.664647747781,-6.02533308956491,0.574934919683374,"sintetico_postestratificado",FALSE,0.33331878881732,"sintetico_postestratificado",FALSE,FALSE,FALSE,"20","326","San Pedro Sochiápam"
1430,-23.5800477871617,-39.9255101440626,-5.66502294094173,0.56217047644189,"sintetico_postestratificado",FALSE,0.326369998570273,"sintetico_postestratificado",FALSE,FALSE,FALSE,"20","328","San Pedro Taviche"
1431,-24.4738641814814,-43.4689709464955,-4.65091061851137,0.603669212009844,"sintetico_postestratificado",FALSE,0.358930570195029,"sintetico_postestratificado",FALSE,FALSE,FALSE,"20","335","San Pedro Yaneri"
1432,-23.3449924144034,-39.0932560689602,-6.48253313722384,0.543227307915128,"sintetico_postestratificado",FALSE,0.309777383771094,"sintetico_postestratificado",FALSE,FALSE,FALSE,"20","336","San Pedro Yólox"
1433,-22.8925820570262,-38.9518274445975,-6.69886578306798,0.527178453441493,"muestra_directa",TRUE,0.298252632871231,"muestra_directa",FALSE,TRUE,TRUE,"20","339","San Pedro y San Pablo Teposcolula"
1434,-24.383555355179,-39.1657622773233,-7.9652501343243,0.498503015372475,"sintetico_postestratificado",FALSE,0.254667461820685,"sintetico_postestratificado",FALSE,FALSE,FALSE,"20","340","San Pedro y San Pablo Tequixtepec"
1435,-25.9398151873509,-42.7962560088661,-8.00033049191523,0.58838801862428,"sintetico_postestratificado",FALSE,0.328989866750771,"sintetico_postestratificado",FALSE,FALSE,FALSE,"20","341","San Pedro Yucunama"
1436,-27.2756841417942,-43.8654688613936,-9.36787371979627,0.60038947437307,"sintetico_postestratificado",FALSE,0.327632632955128,"sintetico_postestratificado",FALSE,FALSE,FALSE,"20","342","San Raymundo Jalpan"
1437,-24.99697790077,-41.9602792425842,-7.01927533092823,0.624008765464468,"sintetico_postestratificado",FALSE,0.374038986456768,"sintetico_postestratificado",FALSE,FALSE,FALSE,"20","343","San Sebastián Abasolo"
1438,-23.8394182753493,-40.8695641201356,-6.49950291877862,0.547495282129294,"sintetico_postestratificado",FALSE,0.309101099375801,"sintetico_postestratificado",FALSE,FALSE,FALSE,"20","345","San Sebastián Ixcapa"
1439,-22.8915646672297,-40.0244116403818,-5.37381861525313,0.580401522029603,"sintetico_postestratificado",FALSE,0.351485875357307,"sintetico_postestratificado",FALSE,FALSE,FALSE,"20","346","San Sebastián Nicananduta"
1440,-21.5075816251644,-38.148453531368,-3.63938053222884,0.519736490801339,"sintetico_postestratificado",FALSE,0.304660674549694,"sintetico_postestratificado",FALSE,FALSE,FALSE,"20","347","San Sebastián Río Hondo"
1441,-22.8458884050791,-39.1330282180064,-5.57732226622967,0.518710619991146,"sintetico_postestratificado",FALSE,0.290251735940355,"sintetico_postestratificado",FALSE,FALSE,FALSE,"20","539","Soledad Etla"
1442,-25.292831419014,-43.3854367193278,-8.28705813693135,0.609226606552915,"sintetico_postestratificado",FALSE,0.356298292362774,"sintetico_postestratificado",FALSE,FALSE,FALSE,"20","211","San Juan Ozolotepec"
1443,-25.0456596447147,-41.7649804720634,-6.77884277178262,0.586376426088711,"sintetico_postestratificado",FALSE,0.335919829641565,"sintetico_postestratificado",FALSE,FALSE,FALSE,"20","212","San Juan Petlapa"
1444,-23.5203328178333,-40.6430425734634,-6.69737207898657,0.573128726232233,"sintetico_postestratificado",FALSE,0.3379253980539,"sintetico_postestratificado",FALSE,FALSE,FALSE,"20","213","San Juan Quiahije"
1445,-23.936084403868,-40.6087051555131,-7.58761500569045,0.515121892102655,"sintetico_postestratificado",FALSE,0.275761048063976,"sintetico_postestratificado",FALSE,FALSE,FALSE,"20","348","San Sebastián Tecomaxtlahuaca"
1446,-24.9349692972072,-42.0260689248388,-7.56513181972128,0.611742043582309,"sintetico_postestratificado",FALSE,0.362392350610237,"sintetico_postestratificado",FALSE,FALSE,FALSE,"20","349","San Sebastián Teitipac"
1447,-22.1130485389317,-39.3809122778752,-5.33088325742826,0.481397826017564,"sintetico_postestratificado",FALSE,0.260267340628247,"sintetico_postestratificado",FALSE,FALSE,FALSE,"20","540","Villa de Tamazulápam del Progreso"
1448,-22.6700932148618,-39.7900148359464,-4.00586800786434,0.499080569714032,"sintetico_postestratificado",FALSE,0.272379637565414,"sintetico_postestratificado",FALSE,FALSE,FALSE,"20","350","San Sebastián Tutla"
1449,-22.8811744364229,-38.892306014908,-5.5350809815588,0.453770542793558,"sintetico_postestratificado",FALSE,0.22495879842933,"sintetico_postestratificado",FALSE,FALSE,FALSE,"20","352","San Simón Zahuatlán"
1450,-23.2748724375151,-41.6492050349204,-4.77309289104822,0.524289475075992,"sintetico_postestratificado",FALSE,0.29154075070084,"sintetico_postestratificado",FALSE,FALSE,FALSE,"20","353","Santa Ana"
1451,-26.4909899825964,-43.4639007792671,-8.49500121335466,0.637552818170752,"sintetico_postestratificado",FALSE,0.372642918344788,"sintetico_postestratificado",FALSE,FALSE,FALSE,"20","354","Santa Ana Ateixtlahuaca"
1452,-25.1999895697841,-42.0627137432845,-7.30041328608415,0.570503707365496,"sintetico_postestratificado",FALSE,0.318503811667655,"sintetico_postestratificado",FALSE,FALSE,FALSE,"20","355","Santa Ana Cuauhtémoc"
1453,-22.6545930927681,-38.8331581075203,-4.85574692405661,0.475137062103642,"sintetico_postestratificado",FALSE,0.248591131175961,"sintetico_postestratificado",FALSE,FALSE,FALSE,"20","358","Santa Ana Tlapacoyan"
1454,-22.9794188622875,-41.2235396131521,-3.97369858653773,0.535604118821624,"sintetico_postestratificado",FALSE,0.305809930198748,"sintetico_postestratificado",FALSE,FALSE,FALSE,"20","360","Santa Ana Zegache"
1455,-22.4811167771885,-40.9477429708509,-4.07512506062258,0.598712330934121,"sintetico_postestratificado",FALSE,0.373901163162236,"sintetico_postestratificado",FALSE,FALSE,FALSE,"20","361","Santa Catalina Quierí"
1456,-23.1992263979332,-40.3924005373555,-4.95741428961805,0.566970360894664,"sintetico_postestratificado",FALSE,0.334978096915332,"sintetico_postestratificado",FALSE,FALSE,FALSE,"20","362","Santa Catarina Cuixtla"
1457,-21.8950478450808,-38.392511675615,-4.36000014411622,0.494539966137595,"sintetico_postestratificado",FALSE,0.275589487686787,"sintetico_postestratificado",FALSE,FALSE,FALSE,"20","363","Santa Catarina Ixtepeji"
1458,-23.9159817682234,-41.1729673667049,-6.2470046750589,0.476060046073482,"sintetico_postestratificado",FALSE,0.236900228391247,"sintetico_postestratificado",FALSE,FALSE,FALSE,"20","369","Santa Catarina Quiané"
1459,-23.9756689160909,-40.272036894534,-7.45315340719998,0.513543892939122,"sintetico_postestratificado",FALSE,0.273787203778213,"sintetico_postestratificado",FALSE,FALSE,FALSE,"20","370","Santa Catarina Tayata"
1460,-20.1654757013835,-37.5229390151365,-2.10245946791237,0.429570671035913,"sintetico_postestratificado",FALSE,0.227915914022077,"sintetico_postestratificado",FALSE,FALSE,FALSE,"20","381","Santa Cruz Tacache de Mina"
1461,-24.5192797151474,-41.9523337342057,-6.99108628541695,0.501247876486038,"sintetico_postestratificado",FALSE,0.256055079334564,"sintetico_postestratificado",FALSE,FALSE,FALSE,"20","372","Santa Catarina Yosonotú"
1462,-24.3973999856232,-41.3325697585408,-7.32669596099168,0.545838946380365,"sintetico_postestratificado",FALSE,0.301864946524132,"sintetico_postestratificado",FALSE,FALSE,FALSE,"20","373","Santa Catarina Zapoquila"
1463,-22.2353587246075,-39.7106332051204,-5.71793207150334,0.474025921660868,"sintetico_postestratificado",FALSE,0.251672334414793,"sintetico_postestratificado",FALSE,FALSE,FALSE,"20","374","Santa Cruz Acatepec"
1464,-22.3746135955743,-39.6922153413454,-4.62131749050581,0.570257035907971,"sintetico_postestratificado",FALSE,0.346510899952228,"sintetico_postestratificado",FALSE,FALSE,FALSE,"20","293","San Pablo Etla"
1465,-23.0630570279577,-40.6787972861181,-4.31635402147504,0.540617236483088,"sintetico_postestratificado",FALSE,0.309986666203512,"sintetico_postestratificado",FALSE,FALSE,FALSE,"20","375","Santa Cruz Amilpas"
1466,-23.4534609958835,-39.7076575784491,-5.80242009778949,0.478487831074923,"sintetico_postestratificado",FALSE,0.243953221116088,"sintetico_postestratificado",FALSE,FALSE,FALSE,"20","376","Santa Cruz de Bravo"
1467,-22.7974005153921,-38.500478622746,-5.05200797133343,0.459155013749783,"sintetico_postestratificado",FALSE,0.231181008595862,"sintetico_postestratificado",FALSE,FALSE,FALSE,"20","382","Santa Cruz Tacahua"
1468,-24.6013370863216,-42.4858523715406,-5.030712007236,0.58400483221271,"sintetico_postestratificado",FALSE,0.337991461349494,"sintetico_postestratificado",FALSE,FALSE,FALSE,"20","383","Santa Cruz Tayata"
1469,-23.3584914713111,-40.4308425643141,-4.69117455419323,0.494036411132742,"sintetico_postestratificado",FALSE,0.260451496419631,"sintetico_postestratificado",FALSE,FALSE,FALSE,"20","384","Santa Cruz Xitla"
1470,-25.1567057355196,-42.600855179985,-6.51361948179034,0.520144389094148,"sintetico_postestratificado",FALSE,0.268577331738952,"sintetico_postestratificado",FALSE,FALSE,FALSE,"20","386","Santa Cruz Zenzontepec"
1471,-23.6572839045227,-40.7625847236297,-6.76894882951444,0.499088131611007,"sintetico_postestratificado",FALSE,0.26251529256578,"sintetico_postestratificado",FALSE,FALSE,FALSE,"20","387","Santa Gertrudis"
1472,-21.7857393396166,-36.6803870195898,-4.33547655768492,0.465750495965941,"sintetico_postestratificado",FALSE,0.247893102569776,"sintetico_postestratificado",FALSE,FALSE,FALSE,"20","179","San Juan Bautista Jayacatlán"
1473,-22.7846923869308,-39.5632321202253,-7.33657615059201,0.467742388479153,"sintetico_postestratificado",FALSE,0.239895464609845,"sintetico_postestratificado",FALSE,FALSE,FALSE,"20","388","Santa Inés del Monte"
1474,-22.8671164851524,-38.5741139012021,-6.22906549863672,0.497637808396312,"muestra_directa",TRUE,0.268966643544789,"muestra_directa",TRUE,TRUE,TRUE,"20","390","Santa Lucía del Camino"
1475,-24.6155853788661,-42.1621922910923,-7.60974679840027,0.493756908875354,"muestra_directa",TRUE,0.247601055086693,"muestra_directa",TRUE,TRUE,TRUE,"20","408","Santa María del Rosario"
1476,-23.2578941530319,-40.7714055312755,-3.87358893980038,0.492363798757353,"sintetico_postestratificado",FALSE,0.259784857227034,"sintetico_postestratificado",FALSE,FALSE,FALSE,"20","391","Santa Lucía Miahuatlán"
1477,-23.6425695146888,-39.4874779836644,-5.89428052446566,0.533411669295478,"sintetico_postestratificado",FALSE,0.29698597414859,"sintetico_postestratificado",FALSE,FALSE,FALSE,"20","418","Santa María Jalapa del Marqués"
1478,-23.9005999475683,-39.4048531879387,-5.8701678276504,0.597595444863256,"sintetico_postestratificado",FALSE,0.358589445387573,"sintetico_postestratificado",FALSE,FALSE,FALSE,"20","392","Santa Lucía Monteverde"
1479,-20.9835505786855,-38.1475853642759,-2.81935694695658,0.453986046607559,"sintetico_postestratificado",FALSE,0.244150540820704,"sintetico_postestratificado",FALSE,FALSE,FALSE,"20","393","Santa Lucía Ocotlán"
1480,-22.4350126100339,-40.4799725115832,-4.68691820921789,0.520341674060185,"sintetico_postestratificado",FALSE,0.295991547959846,"sintetico_postestratificado",FALSE,FALSE,FALSE,"20","394","Santa María Alotepec"
1481,-20.6808452167527,-38.3028195648817,-2.89511042910301,0.503549689466668,"sintetico_postestratificado",FALSE,0.296741237299141,"sintetico_postestratificado",FALSE,FALSE,FALSE,"20","395","Santa María Apazco"
1482,-20.9467203898689,-39.7202063304934,-2.83825445464359,0.48009305669854,"sintetico_postestratificado",FALSE,0.270625852799851,"sintetico_postestratificado",FALSE,FALSE,FALSE,"20","396","Santa María la Asunción"
1483,-23.7835179471465,-38.4012885004113,-8.31234114464901,0.499171469412136,"muestra_directa",TRUE,0.261336289940671,"muestra_directa",FALSE,TRUE,TRUE,"20","397","Heroica Ciudad de Tlaxiaco"
1484,-25.627508349429,-41.152466085262,-8.20404460220819,0.555591209109283,"sintetico_postestratificado",FALSE,0.299316125614992,"sintetico_postestratificado",FALSE,FALSE,FALSE,"20","398","Ayoquezco de Aldama"
1485,-22.0031808243292,-38.0562500501204,-4.70726406886329,0.485350738540823,"sintetico_postestratificado",FALSE,0.265318930297532,"sintetico_postestratificado",FALSE,FALSE,FALSE,"20","399","Santa María Atzompa"
1486,-22.2446774914121,-38.9048542618499,-6.03431790717941,0.48316920287971,"sintetico_postestratificado",FALSE,0.26072242796559,"sintetico_postestratificado",FALSE,FALSE,FALSE,"20","400","Santa María Camotlán"
1487,-23.2259045126373,-40.3324206819633,-4.39047420737401,0.513109777324891,"sintetico_postestratificado",FALSE,0.280850732198518,"sintetico_postestratificado",FALSE,FALSE,FALSE,"20","402","Santa María Cortijo"
1488,-22.7776084822043,-39.778465117349,-5.79088829723153,0.51223314542718,"sintetico_postestratificado",FALSE,0.284457060605137,"sintetico_postestratificado",FALSE,FALSE,FALSE,"20","154","San Ildefonso Amatlán"
1489,-26.779484651065,-44.6036365802436,-8.27076481291756,0.585345771762297,"sintetico_postestratificado",FALSE,0.317550925251646,"sintetico_postestratificado",FALSE,FALSE,FALSE,"20","155","San Ildefonso Sola"
1490,-24.214919613095,-41.0943432726425,-6.35392912241237,0.520787572881157,"sintetico_postestratificado",FALSE,0.278638376750207,"sintetico_postestratificado",FALSE,FALSE,FALSE,"20","156","San Ildefonso Villa Alta"
1491,-22.4436522573288,-39.4862890311047,-5.05081200516409,0.543528362065156,"sintetico_postestratificado",FALSE,0.319091839491869,"sintetico_postestratificado",FALSE,FALSE,FALSE,"20","403","Santa María Coyotepec"
1492,-20.4585571765002,-37.7011162192254,-3.75773031465592,0.471919924692806,"sintetico_postestratificado",FALSE,0.267334352927804,"sintetico_postestratificado",FALSE,FALSE,FALSE,"20","419","Santa María Jaltianguis"
1493,-25.3004230104595,-41.4218489967996,-6.85526932288665,0.544075854611,"sintetico_postestratificado",FALSE,0.291071624506405,"sintetico_postestratificado",FALSE,FALSE,FALSE,"20","405","Villa de Chilapa de Díaz"
1494,-24.8564290036733,-40.8570775984287,-7.38649574767979,0.60300353316684,"sintetico_postestratificado",FALSE,0.354439243130107,"sintetico_postestratificado",FALSE,FALSE,FALSE,"20","409","Santa María del Tule"
1495,-23.6134665752604,-40.2305359726646,-5.51485199342014,0.48696775201821,"sintetico_postestratificado",FALSE,0.250833086265606,"sintetico_postestratificado",FALSE,FALSE,FALSE,"20","264","San Miguel Chicahua"
1496,-25.6242906244687,-43.2988153768449,-7.42509173539905,0.58231849939601,"sintetico_postestratificado",FALSE,0.326075593151323,"sintetico_postestratificado",FALSE,FALSE,FALSE,"20","411","Santa María Guelacé"
1497,-22.2061640718192,-38.646407013788,-4.68293800206289,0.505898468420007,"sintetico_postestratificado",FALSE,0.283836827701815,"sintetico_postestratificado",FALSE,FALSE,FALSE,"20","106","San Antonio Acutla"
1498,-21.9900803402013,-39.5886802464979,-3.40434522652668,0.49925781923806,"sintetico_postestratificado",FALSE,0.279357015836047,"sintetico_postestratificado",FALSE,FALSE,FALSE,"20","198","San Juan Guichicovi"
1499,-22.2782263479139,-39.4039686253426,-5.55413911684681,0.461167266526257,"sintetico_postestratificado",FALSE,0.238385003047119,"sintetico_postestratificado",FALSE,FALSE,FALSE,"20","365","Santa Catarina Lachatao"
1500,-20.4674937002507,-37.5990971069295,-2.36362295526449,0.514645158304001,"muestra_directa",FALSE,0.309970221301494,"muestra_directa",FALSE,TRUE,FALSE,"20","002","Acatlán de Pérez Figueroa"
1501,-24.6688592929166,-40.8499363639354,-8.05240421519252,0.556479673320305,"sintetico_postestratificado",FALSE,0.309791080391138,"sintetico_postestratificado",FALSE,FALSE,FALSE,"20","006","Asunción Nochixtlán"
1502,-22.9121325770997,-39.1276770244722,-5.41505020317555,0.552376147717572,"sintetico_postestratificado",FALSE,0.323254821946575,"sintetico_postestratificado",FALSE,FALSE,FALSE,"20","008","Asunción Tlacolulita"
1503,-23.3559665975947,-39.6078076457512,-6.55585131597959,0.52386243496995,"sintetico_postestratificado",FALSE,0.290302768994003,"sintetico_postestratificado",FALSE,FALSE,FALSE,"20","009","Ayotzintepec"
1504,-22.8612299248006,-39.5478557130578,-4.70977125494958,0.511661480620253,"sintetico_postestratificado",FALSE,0.283049181372247,"sintetico_postestratificado",FALSE,FALSE,FALSE,"20","010","El Barrio de la Soledad"
1505,-23.8638146002563,-40.59389529616,-5.10638895245161,0.550836633743205,"sintetico_postestratificado",FALSE,0.312198487740642,"sintetico_postestratificado",FALSE,FALSE,FALSE,"20","055","Mariscala de Juárez"
1506,-21.7947942732328,-38.9120265957943,-3.60120919239948,0.536028598324977,"sintetico_postestratificado",FALSE,0.318080655592649,"sintetico_postestratificado",FALSE,FALSE,FALSE,"20","412","Santa María Guienagati"
1507,-21.1578811736515,-37.3549533760977,-3.12634060353816,0.480899795278527,"sintetico_postestratificado",FALSE,0.269320983542011,"sintetico_postestratificado",FALSE,FALSE,FALSE,"20","414","Santa María Huazolotitlán"
1508,-22.4070357028327,-39.3242473674179,-3.98562418455467,0.498392887663577,"sintetico_postestratificado",FALSE,0.27432253063525,"sintetico_postestratificado",FALSE,FALSE,FALSE,"20","415","Santa María Ipalapa"
1509,-21.3218499002627,-38.2374475080685,-3.62792172018056,0.486312149419545,"sintetico_postestratificado",FALSE,0.273093650416917,"sintetico_postestratificado",FALSE,FALSE,FALSE,"20","287","San Miguel Tulancingo"
1510,-22.324930222717,-39.0859263142052,-4.0701875906381,0.490573108258335,"sintetico_postestratificado",FALSE,0.267323806031165,"sintetico_postestratificado",FALSE,FALSE,FALSE,"20","291","San Pablo Coatlán"
1511,-21.8489524276669,-38.504352327577,-3.94741646560222,0.497377413353277,"sintetico_postestratificado",FALSE,0.278887889076608,"sintetico_postestratificado",FALSE,FALSE,FALSE,"20","298","San Pablo Villa de Mitla"
1512,-23.5151108322837,-38.3273700274687,-6.55373251827833,0.5326896491661,"muestra_directa",TRUE,0.297538540843263,"muestra_directa",TRUE,TRUE,TRUE,"20","385","Santa Cruz Xoxocotlán"
1513,-21.3935989864486,-38.5782876746562,-4.19243028532625,0.486963097313132,"sintetico_postestratificado",FALSE,0.273027107448646,"sintetico_postestratificado",FALSE,FALSE,FALSE,"20","416","Santa María Ixcatlán"
1514,-23.1419249767282,-40.1769587992535,-5.47405465684209,0.566262397624824,"sintetico_postestratificado",FALSE,0.334843147857542,"sintetico_postestratificado",FALSE,FALSE,FALSE,"20","420","Santa María Lachixío"
1515,-22.1593599585393,-38.3231067350757,-5.17867769069004,0.492190277664239,"muestra_directa",TRUE,0.270596678078846,"muestra_directa",TRUE,TRUE,TRUE,"20","023","Cuilápam de Guerrero"
1516,-22.2884844379362,-38.2976090243333,-3.97480446547372,0.519332881589984,"sintetico_postestratificado",FALSE,0.296448037210622,"sintetico_postestratificado",FALSE,FALSE,FALSE,"20","306","San Pedro el Alto"
1517,-23.4637903456317,-38.8860717539447,-6.08273522335618,0.522138431848398,"muestra_directa",TRUE,0.287500528392082,"muestra_directa",FALSE,TRUE,TRUE,"20","310","San Pedro Ixtlahuaca"
1518,-23.1206483722363,-40.1953122843393,-4.60538411403784,0.563576556950312,"sintetico_postestratificado",FALSE,0.332370073227949,"sintetico_postestratificado",FALSE,FALSE,FALSE,"20","421","Santa María Mixtequilla"
1519,-21.2661497836606,-39.6426401395036,-3.48267876334807,0.482586577408922,"sintetico_postestratificado",FALSE,0.269925079572316,"sintetico_postestratificado",FALSE,FALSE,FALSE,"20","309","San Pedro Ixcatlán"
1520,-23.3202841063353,-40.0676264885341,-6.26959188901071,0.552409571969306,"muestra_directa",TRUE,0.319206730905953,"muestra_directa",TRUE,TRUE,TRUE,"20","324","San Pedro Pochutla"
1521,-21.2735754319073,-38.2387352827936,-3.38037606573259,0.489266902033141,"sintetico_postestratificado",FALSE,0.276531147714068,"sintetico_postestratificado",FALSE,FALSE,FALSE,"20","337","San Pedro y San Pablo Ayutla"
1522,-21.8259677142466,-37.9462039211808,-3.767048464037,0.509763269680001,"sintetico_postestratificado",FALSE,0.291503592537534,"sintetico_postestratificado",FALSE,FALSE,FALSE,"20","351","San Simón Almolongas"
1523,-21.654415447533,-39.0332038203268,-4.03481534104151,0.48936127187303,"sintetico_postestratificado",FALSE,0.2728171173977,"sintetico_postestratificado",FALSE,FALSE,FALSE,"20","425","Santa María Pápalo"
1524,-23.1043012383496,-39.0149105637544,-5.26041842559312,0.520543524501339,"sintetico_postestratificado",FALSE,0.289500512117843,"sintetico_postestratificado",FALSE,FALSE,FALSE,"20","426","Santa María Peñoles"
1525,-24.3714578115197,-42.0586471920943,-9.15494861087695,0.522656142884323,"sintetico_postestratificado",FALSE,0.278941564769126,"sintetico_postestratificado",FALSE,FALSE,FALSE,"20","427","Santa María Petapa"
1526,-22.9297030816503,-40.5071999249913,-3.1253080036377,0.563709761201374,"sintetico_postestratificado",FALSE,0.334412730384871,"sintetico_postestratificado",FALSE,FALSE,FALSE,"20","428","Santa María Quiegolani"
1527,-23.5428731985615,-41.1242711376095,-4.61707920570212,0.540494389407315,"sintetico_postestratificado",FALSE,0.3050656574217,"sintetico_postestratificado",FALSE,FALSE,FALSE,"20","432","Santa María Temaxcalapa"
1528,-24.1835254663364,-40.3285675282165,-7.35997233272216,0.513468543956038,"sintetico_postestratificado",FALSE,0.271633289292673,"sintetico_postestratificado",FALSE,FALSE,FALSE,"20","429","Santa María Sola"
1529,-22.836273241958,-39.9990471082848,-4.91476737284881,0.510426417070409,"sintetico_postestratificado",FALSE,0.282063684650828,"sintetico_postestratificado",FALSE,FALSE,FALSE,"20","430","Santa María Tataltepec"
1530,-25.1764040155763,-42.8272971797442,-7.95528619846377,0.56878513931543,"sintetico_postestratificado",FALSE,0.317021099159667,"sintetico_postestratificado",FALSE,FALSE,FALSE,"20","431","Santa María Tecomavaca"
1531,-26.3353082267659,-42.2923599455631,-9.21837585953464,0.54376454204757,"muestra_directa",TRUE,0.280411459779911,"muestra_directa",TRUE,TRUE,TRUE,"20","021","Cosolapa"
1532,-25.5263883771619,-42.8508327085415,-7.23783626083396,0.62417645942316,"sintetico_postestratificado",FALSE,0.368912575651541,"sintetico_postestratificado",FALSE,FALSE,FALSE,"20","175","San Juan Bautista Atatlahuca"
1533,-20.1417632484858,-36.3054164833818,-2.80777987425603,0.424472213612393,"sintetico_postestratificado",FALSE,0.223054581127536,"sintetico_postestratificado",FALSE,FALSE,FALSE,"20","270","San Miguel Huautla"
1534,-23.2167697092465,-41.0606909522182,-4.34766891790614,0.528261296603501,"sintetico_postestratificado",FALSE,0.296093599511036,"sintetico_postestratificado",FALSE,FALSE,FALSE,"20","433","Santa María Temaxcaltepec"
1535,-24.4983096326738,-41.2045386482259,-5.41104933231381,0.586449944144166,"sintetico_postestratificado",FALSE,0.341466847817428,"sintetico_postestratificado",FALSE,FALSE,FALSE,"20","436","Santa María Texcatitlán"
1536,-23.0923773563462,-40.2125731292191,-6.17374285233668,0.510708996822433,"sintetico_postestratificado",FALSE,0.279785223258971,"sintetico_postestratificado",FALSE,FALSE,FALSE,"20","452","Santiago Apóstol"
1537,-23.607980272565,-41.2761977832525,-4.71235590172733,0.651559157686154,"sintetico_postestratificado",FALSE,0.415479354960504,"sintetico_postestratificado",FALSE,FALSE,FALSE,"20","442","Santa María Yalina"
1538,-22.3107655394267,-39.3091028345231,-5.29559384879686,0.526673612624337,"sintetico_postestratificado",FALSE,0.30356595723007,"sintetico_postestratificado",FALSE,FALSE,FALSE,"20","438","Santa María Tlalixtac"
1539,-23.0673448439114,-40.3111110886666,-5.76378342533581,0.510943538866204,"sintetico_postestratificado",FALSE,0.28027009042709,"sintetico_postestratificado",FALSE,FALSE,FALSE,"20","434","Santa María Teopoxco"
1540,-24.0817635341021,-40.7140179048748,-7.27931873617518,0.487318032391684,"sintetico_postestratificado",FALSE,0.246500397050663,"sintetico_postestratificado",FALSE,FALSE,FALSE,"20","444","Santa María Yolotepec"
1541,-22.6338088203664,-40.2146934932955,-4.9443677619403,0.486351331440572,"sintetico_postestratificado",FALSE,0.260013243236908,"sintetico_postestratificado",FALSE,FALSE,FALSE,"20","443","Santa María Yavesía"
1542,-23.481859028318,-40.1701902250924,-5.76118921122057,0.499913448249814,"sintetico_postestratificado",FALSE,0.265094857966634,"sintetico_postestratificado",FALSE,FALSE,FALSE,"20","445","Santa María Yosoyúa"
1543,-22.7136664965125,-40.5416312091665,-4.14589283035099,0.493212070981014,"sintetico_postestratificado",FALSE,0.266075406015888,"sintetico_postestratificado",FALSE,FALSE,FALSE,"20","448","Santa María Zaniza"
1544,-24.484671380878,-40.6589914003757,-7.4939037583329,0.549407003629141,"sintetico_postestratificado",FALSE,0.304560289820361,"sintetico_postestratificado",FALSE,FALSE,FALSE,"20","449","Santa María Zoquitlán"
1545,-22.7780928801198,-39.9825255661263,-6.45926479185217,0.502358741711141,"sintetico_postestratificado",FALSE,0.274577812909943,"sintetico_postestratificado",FALSE,FALSE,FALSE,"20","462","Santiago Huajolotitlán"
1546,-24.6798523777715,-43.004984196777,-5.06085858344286,0.513039766925367,"sintetico_postestratificado",FALSE,0.266241243147652,"sintetico_postestratificado",FALSE,FALSE,FALSE,"20","453","Santiago Astata"
1547,-25.2096266330773,-41.8110039646531,-7.47285931166741,0.57546045325875,"sintetico_postestratificado",FALSE,0.323364186927977,"sintetico_postestratificado",FALSE,FALSE,FALSE,"20","454","Santiago Atitlán"
1548,-23.5060823262594,-40.4068200510729,-6.06314270369768,0.519726179966247,"sintetico_postestratificado",FALSE,0.284665356703653,"sintetico_postestratificado",FALSE,FALSE,FALSE,"20","455","Santiago Ayuquililla"
1549,-22.0231925356084,-39.2174221543259,-3.42669841017299,0.532024965151862,"sintetico_postestratificado",FALSE,0.311793039795778,"sintetico_postestratificado",FALSE,FALSE,FALSE,"20","458","Santiago Comaltepec"
1550,-25.3323620347187,-42.815347187471,-7.71100517789132,0.545966817656603,"sintetico_postestratificado",FALSE,0.292643197309415,"sintetico_postestratificado",FALSE,FALSE,FALSE,"20","461","Santiago del Río"
1551,-23.9383000800058,-40.7445000343515,-5.98025295616624,0.533151072897229,"sintetico_postestratificado",FALSE,0.293768072097171,"sintetico_postestratificado",FALSE,FALSE,FALSE,"20","465","Santiago Ixcuintepec"
1552,-22.5620763288696,-38.7742688877827,-4.51324592990405,0.50445316535679,"sintetico_postestratificado",FALSE,0.278832402068095,"sintetico_postestratificado",FALSE,FALSE,FALSE,"20","466","Santiago Ixtayutla"
1553,-24.4144925667982,-41.8088081483394,-6.1960449010454,0.573576041777726,"sintetico_postestratificado",FALSE,0.329431116109744,"sintetico_postestratificado",FALSE,FALSE,FALSE,"20","468","Santiago Jocotepec"
1554,-24.5673377581515,-40.0342952404226,-6.90570130654282,0.584408785581291,"sintetico_postestratificado",FALSE,0.338735407999775,"sintetico_postestratificado",FALSE,FALSE,FALSE,"20","470","Santiago Lachiguiri"
1555,-23.1969193192775,-40.6507165080728,-4.88584406986903,0.616332213562309,"sintetico_postestratificado",FALSE,0.384363020369534,"sintetico_postestratificado",FALSE,FALSE,FALSE,"20","471","Santiago Lalopa"
1556,-23.5792571271605,-40.5695650911074,-5.14166294517194,0.560772055572996,"sintetico_postestratificado",FALSE,0.324979484301391,"sintetico_postestratificado",FALSE,FALSE,FALSE,"20","472","Santiago Laollaga"
1557,-24.631878129492,-42.1278158101856,-6.6308274940779,0.539495543211223,"sintetico_postestratificado",FALSE,0.293176761916303,"sintetico_postestratificado",FALSE,FALSE,FALSE,"20","473","Santiago Laxopa"
1558,-23.6705477012635,-40.9682562127284,-5.64394580232619,0.531396994190905,"sintetico_postestratificado",FALSE,0.29469151717827,"sintetico_postestratificado",FALSE,FALSE,FALSE,"20","474","Santiago Llano Grande"
1559,-22.2681139582586,-38.7243978788439,-3.82934760445362,0.486089184981201,"sintetico_postestratificado",FALSE,0.263408045398615,"sintetico_postestratificado",FALSE,FALSE,FALSE,"20","475","Santiago Matatlán"
1560,-22.5210204327582,-40.4885886167962,-4.15756534820964,0.490700245915266,"sintetico_postestratificado",FALSE,0.265490041587684,"sintetico_postestratificado",FALSE,FALSE,FALSE,"20","476","Santiago Miltepec"
1561,-24.3324683450213,-44.2621184387926,-3.82516256565478,0.53650346582094,"sintetico_postestratificado",FALSE,0.293178782370727,"sintetico_postestratificado",FALSE,FALSE,FALSE,"20","389","Santa Inés Yatzeche"
1562,-24.85164793227,-42.1840532096522,-6.93299091538653,0.556602757604902,"sintetico_postestratificado",FALSE,0.308086278282202,"sintetico_postestratificado",FALSE,FALSE,FALSE,"20","478","Santiago Nacaltepec"
1563,-27.0053077508146,-43.5684100700883,-8.93507977551448,0.672610657881344,"sintetico_postestratificado",FALSE,0.402557580373197,"sintetico_postestratificado",FALSE,FALSE,FALSE,"20","479","Santiago Nejapilla"
1564,-22.7598142681417,-39.4831197624168,-6.49778472008122,0.546243192070509,"sintetico_postestratificado",FALSE,0.318645049389093,"sintetico_postestratificado",FALSE,FALSE,FALSE,"20","012","Candelaria Loxicha"
1565,-25.9752778986934,-41.3138644991883,-8.13514396811805,0.582182262234431,"muestra_directa",TRUE,0.322429483247498,"muestra_directa",TRUE,TRUE,TRUE,"20","028","Heroica Ciudad de Ejutla de Crespo"
1566,-26.0660958252793,-41.7217978840687,-10.2289052439773,0.56160967597253,"muestra_directa",TRUE,0.300948717719737,"muestra_directa",FALSE,TRUE,TRUE,"20","039","Heroica Ciudad de Huajuapan de León"
1567,-24.9789002560243,-41.7441281613853,-6.65600233680572,0.564965154119921,"sintetico_postestratificado",FALSE,0.315176151559678,"sintetico_postestratificado",FALSE,FALSE,FALSE,"20","064","Nejapa de Madero"
1568,-24.6949074698978,-40.7959190599249,-7.32548068082289,0.591879255495632,"sintetico_postestratificado",FALSE,0.344930180796653,"sintetico_postestratificado",FALSE,FALSE,FALSE,"20","066","Santiago Niltepec"
1569,-25.5759100770233,-41.8177303246053,-8.29370152222891,0.585104090919317,"muestra_directa",TRUE,0.329344990149084,"muestra_directa",TRUE,TRUE,TRUE,"20","067","Oaxaca de Juárez"
1570,-23.9073129775591,-39.9360340626564,-6.91714902777803,0.541419422977012,"sintetico_postestratificado",FALSE,0.302346293201422,"sintetico_postestratificado",FALSE,FALSE,FALSE,"20","068","Ocotlán de Morelos"
1571,-24.5014158902469,-41.0374150395182,-6.90133845812704,0.590813390612173,"sintetico_postestratificado",FALSE,0.345799231709704,"sintetico_postestratificado",FALSE,FALSE,FALSE,"20","073","Putla Villa de Guerrero"
1572,-23.8608331766118,-40.6067976646326,-5.0593505481716,0.610464192179837,"sintetico_postestratificado",FALSE,0.371855860413719,"sintetico_postestratificado",FALSE,FALSE,FALSE,"20","085","San Agustín Loxicha"
1573,-24.1571361778315,-40.7565814940734,-6.03359155990654,0.56064179036344,"sintetico_postestratificado",FALSE,0.319070428585125,"sintetico_postestratificado",FALSE,FALSE,FALSE,"20","088","San Andrés Cabecera Nueva"
1574,-22.0653905422173,-38.0896070565857,-6.19292516512888,0.484470344625991,"sintetico_postestratificado",FALSE,0.263816439203818,"sintetico_postestratificado",FALSE,FALSE,FALSE,"20","483","Santiago Suchilquitongo"
1575,-20.8395318940297,-38.099249799205,-3.87592942430169,0.510204231606968,"sintetico_postestratificado",FALSE,0.301808912666671,"sintetico_postestratificado",FALSE,FALSE,FALSE,"20","486","Villa Tejúpam de la Unión"
1576,-24.7022832984694,-42.043460967135,-5.86192235993571,0.586457225867212,"sintetico_postestratificado",FALSE,0.339434392882518,"sintetico_postestratificado",FALSE,FALSE,FALSE,"20","093","San Andrés Lagunas"
1577,-22.9703609532784,-40.4336707287518,-5.07021359146957,0.53408842241533,"sintetico_postestratificado",FALSE,0.304384812882546,"sintetico_postestratificado",FALSE,FALSE,FALSE,"20","113","San Baltazar Loxicha"
1578,-22.8630298909894,-39.5478536717871,-4.44403524213996,0.531503227682969,"sintetico_postestratificado",FALSE,0.302872928773075,"sintetico_postestratificado",FALSE,FALSE,FALSE,"20","487","Santiago Tenango"
1579,-21.6314994547157,-39.3243630418619,-4.14236172887663,0.503939823505606,"sintetico_postestratificado",FALSE,0.287624828958449,"sintetico_postestratificado",FALSE,FALSE,FALSE,"20","488","Santiago Tepetlapa"
1580,-23.8558038021653,-39.7699289200298,-6.64487442180144,0.549709127693482,"sintetico_postestratificado",FALSE,0.311151089671829,"sintetico_postestratificado",FALSE,FALSE,FALSE,"20","496","Santiago Xiacuí"
1581,-22.55739628352,-39.3383627085569,-4.61134244967307,0.558877279559947,"sintetico_postestratificado",FALSE,0.333303316724747,"sintetico_postestratificado",FALSE,FALSE,FALSE,"20","509","Santo Domingo de Morelos"
1582,-22.3123988707163,-39.70482807622,-3.99011816802653,0.500675930330235,"sintetico_postestratificado",FALSE,0.277551941623072,"sintetico_postestratificado",FALSE,FALSE,FALSE,"20","557","Unión Hidalgo"
1583,-24.7755210576374,-40.9487057495685,-7.67497275316128,0.543474775059497,"sintetico_postestratificado",FALSE,0.295719564483123,"sintetico_postestratificado",FALSE,FALSE,FALSE,"20","560","Villa Díaz Ordaz"
1584,-26.2358002815144,-42.932195966981,-8.34229664455692,0.567152145996914,"sintetico_postestratificado",FALSE,0.30479414318177,"sintetico_postestratificado",FALSE,FALSE,FALSE,"20","038","Villa Hidalgo Yalálag"
1585,-24.3820875336495,-44.855860305881,-3.7361547335249,0.597997273138344,"sintetico_postestratificado",FALSE,0.35417639780185,"sintetico_postestratificado",FALSE,FALSE,FALSE,"20","238","Heroico San Martín de los Cansecos"
1586,-23.2525781907636,-39.7450145308314,-6.28055601520867,0.546333952968685,"sintetico_postestratificado",FALSE,0.313808171061049,"sintetico_postestratificado",FALSE,FALSE,FALSE,"21","180","Tlahuapan"
1587,-24.4684700588519,-41.4312378304829,-6.49866452442186,0.550230052244701,"sintetico_postestratificado",FALSE,0.305545351656182,"sintetico_postestratificado",FALSE,FALSE,FALSE,"21","080","Atlequizayan"
1588,-23.6597418230209,-40.4004037782041,-6.9078678192433,0.55842356292047,"sintetico_postestratificado",FALSE,0.321826144690261,"sintetico_postestratificado",FALSE,FALSE,FALSE,"21","087","Jolalpan"
1589,-24.7127455564717,-41.9405295296656,-6.30278863630546,0.552908745936265,"sintetico_postestratificado",FALSE,0.305781290371548,"sintetico_postestratificado",FALSE,FALSE,FALSE,"21","088","Jonotla"
1590,-23.0085479602952,-39.2749310790466,-4.75620709019899,0.515610153567293,"sintetico_postestratificado",FALSE,0.28552467396434,"sintetico_postestratificado",FALSE,FALSE,FALSE,"21","081","Ixcamilpa de Guerrero"
1591,-22.6467457222142,-38.3955827030191,-4.40876034343453,0.551631496879432,"sintetico_postestratificado",FALSE,0.32516403965729,"sintetico_postestratificado",FALSE,FALSE,FALSE,"21","083","Ixtacamaxtitlán"
1592,-25.1522007481754,-40.7496729017253,-8.91677089791013,0.590314360908482,"muestra_directa",FALSE,0.338792353426728,"muestra_directa",FALSE,TRUE,FALSE,"21","197","Xicotepec"
1593,-25.6123440104282,-42.4774443603374,-9.1645036559631,0.524396208531988,"sintetico_postestratificado",FALSE,0.268272768427705,"sintetico_postestratificado",FALSE,FALSE,FALSE,"21","193","Tzicatlacoyan"
1594,-23.3232882987936,-41.0891981086096,-6.90166659663002,0.535732228463992,"sintetico_postestratificado",FALSE,0.302499345476055,"sintetico_postestratificado",FALSE,FALSE,FALSE,"21","192","Tuzamapan de Galeana"
1595,-22.1911096276465,-40.0289397448381,-4.52510857613115,0.564986603403582,"sintetico_postestratificado",FALSE,0.343075507127117,"sintetico_postestratificado",FALSE,FALSE,FALSE,"21","215","Zongozotla"
1596,-21.6372891837683,-38.3118720996973,-2.61584440072341,0.548340302247134,"sintetico_postestratificado",FALSE,0.331967410409451,"sintetico_postestratificado",FALSE,FALSE,FALSE,"21","191","Tulcingo"
1597,-22.5280433852906,-39.157741333939,-3.07202781017397,0.544670154382298,"sintetico_postestratificado",FALSE,0.319389720529393,"sintetico_postestratificado",FALSE,FALSE,FALSE,"21","216","Zoquiapan"
1598,-21.387354338389,-36.594185503806,-5.8935076382121,0.552287764818113,"muestra_directa",FALSE,0.338414221434223,"muestra_directa",FALSE,TRUE,FALSE,"21","199","Xiutetelco"
1599,-23.9402505028283,-40.8407430340133,-6.87833515488313,0.547048861519796,"sintetico_postestratificado",FALSE,0.307646356491513,"sintetico_postestratificado",FALSE,FALSE,FALSE,"21","198","Xicotlán"
1600,-22.8286493509919,-40.1873616924475,-5.11906273238071,0.504210451002049,"sintetico_postestratificado",FALSE,0.275923957492131,"sintetico_postestratificado",FALSE,FALSE,FALSE,"21","178","Tlacuilotepec"
1601,-23.2415968083342,-39.2260856264909,-5.28309856050184,0.541601906513698,"sintetico_postestratificado",FALSE,0.309185938430356,"sintetico_postestratificado",FALSE,FALSE,FALSE,"21","105","Ocotepec"
1602,-24.240211824536,-39.9599092721167,-8.27977036619827,0.570838472889808,"muestra_directa",TRUE,0.328436354644448,"muestra_directa",FALSE,TRUE,TRUE,"21","132","San Martín Texmelucan"
1603,-25.1116850572629,-40.9678814563908,-8.19424161173007,0.536783987602386,"sintetico_postestratificado",FALSE,0.285667137029757,"sintetico_postestratificado",FALSE,FALSE,FALSE,"21","143","San Salvador el Verde"
1604,-23.2284861365566,-38.1819940710108,-6.14653140753771,0.535209688628179,"sintetico_postestratificado",FALSE,0.302924827262612,"sintetico_postestratificado",FALSE,FALSE,FALSE,"21","176","Tilapa"
1605,-25.2566777828143,-42.8002888119442,-6.96646212212006,0.566779142991129,"sintetico_postestratificado",FALSE,0.314212365162986,"sintetico_postestratificado",FALSE,FALSE,FALSE,"21","174","Teziutlán"
1606,-22.4642127489726,-39.3126167368673,-5.00106693771849,0.482403826931706,"sintetico_postestratificado",FALSE,0.25776169944198,"sintetico_postestratificado",FALSE,FALSE,FALSE,"21","171","Tepeyahualco de Cuauhtémoc"
1607,-24.4491061038744,-40.5829813445255,-7.58187552842771,0.559933280613615,"sintetico_postestratificado",FALSE,0.315442219574872,"sintetico_postestratificado",FALSE,FALSE,FALSE,"21","103","Nicolás Bravo"
1608,-24.5587178494245,-40.5709158995945,-8.14445443254048,0.531614518012363,"muestra_directa",TRUE,0.286027339518118,"muestra_directa",FALSE,TRUE,TRUE,"21","102","Nealtican"
1609,-22.5222301493117,-39.198999809946,-4.58233906463587,0.542121452723981,"sintetico_postestratificado",FALSE,0.316899151230864,"sintetico_postestratificado",FALSE,FALSE,FALSE,"21","142","San Salvador el Seco"
1610,-23.3961941949179,-40.587751467883,-4.07042654317889,0.585665951470566,"sintetico_postestratificado",FALSE,0.351704009521387,"sintetico_postestratificado",FALSE,FALSE,FALSE,"21","101","Nauzontla"
1611,-24.3011342085031,-41.5693265168264,-5.55416094197277,0.565450808477109,"sintetico_postestratificado",FALSE,0.322439466392078,"sintetico_postestratificado",FALSE,FALSE,FALSE,"21","100","Naupan"
1612,-23.8502565811888,-40.4493411511941,-6.50843967470109,0.55568629398431,"sintetico_postestratificado",FALSE,0.317183728172422,"sintetico_postestratificado",FALSE,FALSE,FALSE,"21","099","Cañada Morelos"
1613,-25.0189653444659,-42.3676890604571,-5.7921798958533,0.547427441206612,"sintetico_postestratificado",FALSE,0.297237787761954,"sintetico_postestratificado",FALSE,FALSE,FALSE,"21","098","Molcaxac"
1614,-24.1141863270046,-40.1963618912287,-6.71427686099022,0.483505613098719,"sintetico_postestratificado",FALSE,0.242363749828673,"sintetico_postestratificado",FALSE,FALSE,FALSE,"21","001","Acajete"
1615,-22.3891838979722,-39.3958486563405,-4.53058743754929,0.564096738286251,"sintetico_postestratificado",FALSE,0.340204899306529,"sintetico_postestratificado",FALSE,FALSE,FALSE,"21","182","Tlanepantla"
1616,-24.8592396379992,-41.2622207802803,-8.50065532971984,0.554651834454004,"sintetico_postestratificado",FALSE,0.306059438074012,"sintetico_postestratificado",FALSE,FALSE,FALSE,"21","201","Xochiltepec"
1617,-24.2922497464934,-41.1914214482331,-7.24417326527218,0.540527795389235,"sintetico_postestratificado",FALSE,0.297605297924301,"sintetico_postestratificado",FALSE,FALSE,FALSE,"21","110","Palmar de Bravo"
1618,-23.5105563924483,-40.2763201508109,-6.46050133334177,0.541465908477825,"sintetico_postestratificado",FALSE,0.306360344553342,"sintetico_postestratificado",FALSE,FALSE,FALSE,"21","109","Pahuatlán"
1619,-22.0692785332405,-38.2474130789011,-5.1141148530251,0.525177840120684,"sintetico_postestratificado",FALSE,0.304485054788279,"sintetico_postestratificado",FALSE,FALSE,FALSE,"21","067","Guadalupe Victoria"
1620,-25.0139164921839,-41.2037484712248,-9.03296483302091,0.52174673042179,"muestra_directa",TRUE,0.271607565499951,"muestra_directa",TRUE,TRUE,TRUE,"21","147","Santa Inés Ahuatempan"
1621,-22.2159630536738,-39.7522858025802,-2.92204636382382,0.514582141434745,"sintetico_postestratificado",FALSE,0.292422510898007,"sintetico_postestratificado",FALSE,FALSE,FALSE,"21","204","Yaonáhuac"
1622,-21.8462234837547,-38.8026246644276,-3.48015260381546,0.496436794771006,"sintetico_postestratificado",FALSE,0.277974559933459,"sintetico_postestratificado",FALSE,FALSE,FALSE,"21","108","Oriental"
1623,-22.8780694752668,-37.8002648056766,-7.38586520314061,0.517184212142081,"muestra_directa",TRUE,0.288403517389413,"muestra_directa",TRUE,TRUE,TRUE,"21","066","Guadalupe"
1624,-23.6860862322277,-40.7280365065882,-5.82591000025278,0.575483826474283,"sintetico_postestratificado",FALSE,0.338622964152006,"sintetico_postestratificado",FALSE,FALSE,FALSE,"21","167","Tepetzintla"
1625,-22.525477112097,-38.8605309247237,-6.03270793625679,0.546160780221703,"sintetico_postestratificado",FALSE,0.320906009100732,"sintetico_postestratificado",FALSE,FALSE,FALSE,"21","166","Tepeojuma"
1626,-22.7855422246773,-37.4444520027567,-6.96345985005331,0.523809423098305,"muestra_directa",FALSE,0.295954000851532,"muestra_directa",FALSE,TRUE,FALSE,"21","065","General Felipe Ángeles"
1627,-23.1692470483653,-41.5268330610865,-5.31937415681579,0.551170229287911,"sintetico_postestratificado",FALSE,0.319477758804258,"sintetico_postestratificado",FALSE,FALSE,FALSE,"21","181","Tlaltenango"
1628,-22.2903919483987,-39.0865408972623,-4.11901558845777,0.548037422250381,"sintetico_postestratificado",FALSE,0.325133502766394,"sintetico_postestratificado",FALSE,FALSE,FALSE,"21","064","Francisco Z. Mena"
1629,-24.2039443844359,-40.6671950215838,-6.5492928506249,0.545142461367724,"muestra_directa",TRUE,0.303103017523365,"muestra_directa",FALSE,TRUE,TRUE,"21","148","Santa Isabel Cholula"
1630,-24.3688451572894,-40.3477355666016,-7.52757184744234,0.540597391545176,"sintetico_postestratificado",FALSE,0.296908939972282,"sintetico_postestratificado",FALSE,FALSE,FALSE,"21","063","Esperanza"
1631,-23.3042438128582,-40.4962941646504,-5.45483505032667,0.551198616868256,"sintetico_postestratificado",FALSE,0.318156178739674,"sintetico_postestratificado",FALSE,FALSE,FALSE,"21","217","Zoquitlán"
1632,-19.8147172464441,-33.9984459653315,-4.92093372374184,0.470376736969179,"muestra_directa",FALSE,0.272229564504738,"muestra_directa",FALSE,TRUE,FALSE,"21","207","Zacapoaxtla"
1633,-24.1843063197023,-41.8638988857623,-6.74685300905505,0.499890443173704,"sintetico_postestratificado",FALSE,0.258047379976682,"sintetico_postestratificado",FALSE,FALSE,FALSE,"21","214","Zinacatepec"
1634,-22.9901557987353,-40.641599077446,-6.45702474798699,0.486054350798695,"sintetico_postestratificado",FALSE,0.256152792811342,"sintetico_postestratificado",FALSE,FALSE,FALSE,"21","059","Chinantla"
1635,-24.3444235789352,-40.0636186501205,-8.04118527358532,0.545211591419649,"sintetico_postestratificado",FALSE,0.301767355630297,"sintetico_postestratificado",FALSE,FALSE,FALSE,"21","058","Chilchotla"
1636,-25.9008899905931,-43.6700794515127,-8.7424096475727,0.550601317987593,"sintetico_postestratificado",FALSE,0.291592418081663,"muestra_directa",TRUE,FALSE,TRUE,"21","057","Honey"
1637,-24.7862108032875,-40.6142610494209,-7.39204096921686,0.512547757031754,"sintetico_postestratificado",FALSE,0.264685648998879,"sintetico_postestratificado",FALSE,FALSE,FALSE,"21","056","Chila de la Sal"
1638,-23.0513648439082,-38.7548465379101,-5.1245488541033,0.565804724047795,"sintetico_postestratificado",FALSE,0.335291075608713,"sintetico_postestratificado",FALSE,FALSE,FALSE,"21","107","Olintla"
1639,-24.8638920829248,-40.2922430247104,-8.44999117022881,0.520104523872515,"sintetico_postestratificado",FALSE,0.271465603043267,"sintetico_postestratificado",FALSE,FALSE,FALSE,"21","106","Ocoyucan"
1640,-22.5983169889644,-38.0735185876791,-5.7706468026071,0.537795386585705,"muestra_directa",TRUE,0.311812216696061,"muestra_directa",TRUE,TRUE,TRUE,"21","055","Chila"
1641,-25.1712334573883,-43.775560694837,-6.67771521393139,0.548538678111838,"sintetico_postestratificado",FALSE,0.296826343537956,"sintetico_postestratificado",FALSE,FALSE,FALSE,"21","200","Xochiapulco"
1642,-24.4173438504059,-39.7321558944054,-7.11650792185584,0.529152715123359,"sintetico_postestratificado",FALSE,0.2849792766193,"sintetico_postestratificado",FALSE,FALSE,FALSE,"21","051","Chietla"
1643,-24.5261659046915,-42.4199486225191,-6.85728105778835,0.482666456829696,"sintetico_postestratificado",FALSE,0.237404797782781,"sintetico_postestratificado",FALSE,FALSE,FALSE,"21","050","Chichiquila"
1644,-23.3655553578601,-38.8879114997869,-5.68374522609918,0.531821354260812,"sintetico_postestratificado",FALSE,0.298165800682212,"sintetico_postestratificado",FALSE,FALSE,FALSE,"21","096","Mazapiltepec de Juárez"
1645,-21.9481780455954,-39.2778610869952,-4.33181880944775,0.474244885495029,"sintetico_postestratificado",FALSE,0.254763105039075,"sintetico_postestratificado",FALSE,FALSE,FALSE,"21","095","La Magdalena Tlatlauquitepec"
1646,-23.3541508181129,-39.3259124085077,-6.55746552863067,0.532432350724286,"sintetico_postestratificado",FALSE,0.298890842543157,"sintetico_postestratificado",FALSE,FALSE,FALSE,"21","094","Libres"
1647,-22.3152291884941,-39.5888963232255,-5.57546760413595,0.531018052859764,"sintetico_postestratificado",FALSE,0.307865760974822,"sintetico_postestratificado",FALSE,FALSE,FALSE,"21","093","Lafragua"
1648,-22.86908154222,-40.1547159971562,-5.80471027220994,0.529730162690763,"sintetico_postestratificado",FALSE,0.301039347268563,"sintetico_postestratificado",FALSE,FALSE,FALSE,"21","092","Juan N. Méndez"
1649,-23.2240268472732,-40.9915752731405,-5.56729142886612,0.533561576192961,"sintetico_postestratificado",FALSE,0.30132130772023,"sintetico_postestratificado",FALSE,FALSE,FALSE,"21","091","Juan Galindo"
1650,-22.503791878355,-39.4295055398678,-5.01276626403354,0.535023070336145,"sintetico_postestratificado",FALSE,0.309985151552595,"sintetico_postestratificado",FALSE,FALSE,FALSE,"21","208","Zacatlán"
1651,-22.7713675261657,-39.3518884693278,-5.19469484082726,0.525058979759916,"sintetico_postestratificado",FALSE,0.297345304498259,"sintetico_postestratificado",FALSE,FALSE,FALSE,"21","090","Juan C. Bonilla"
1652,-21.12513437142,-37.4413288422081,-3.54390216841783,0.515275292550454,"sintetico_postestratificado",FALSE,0.304023948836254,"sintetico_postestratificado",FALSE,FALSE,FALSE,"21","037","Coyotepec"
1653,-23.7408082489953,-39.9881624165444,-7.09317779102415,0.5211811507555,"sintetico_postestratificado",FALSE,0.283773068265547,"sintetico_postestratificado",FALSE,FALSE,FALSE,"21","035","Coxcatlán"
1654,-24.6979574755439,-40.1104915232461,-7.67270925444862,0.52180730417383,"muestra_directa",TRUE,0.274827729418392,"muestra_directa",TRUE,TRUE,TRUE,"21","034","Coronango"
1655,-26.1180266090576,-42.2358387355566,-9.10612742718467,0.530397958042654,"sintetico_postestratificado",FALSE,0.269217691952078,"sintetico_postestratificado",FALSE,FALSE,FALSE,"21","033","Cohuecan"
1656,-24.8514619453314,-40.8925880262342,-6.8465495758947,0.565209314801317,"sintetico_postestratificado",FALSE,0.316694695348003,"sintetico_postestratificado",FALSE,FALSE,FALSE,"21","032","Cohetzala"
1657,-23.178710711054,-40.4891367068985,-5.4102341522232,0.531850339784623,"sintetico_postestratificado",FALSE,0.300063232674083,"sintetico_postestratificado",FALSE,FALSE,FALSE,"21","031","Coatzingo"
1658,-22.6240523903298,-38.5414512787211,-3.72797603756129,0.503857424254575,"sintetico_postestratificado",FALSE,0.277616900351277,"sintetico_postestratificado",FALSE,FALSE,FALSE,"21","030","Coatepec"
1659,-23.7372692720345,-41.5721140418378,-6.06394067491267,0.513806443467927,"sintetico_postestratificado",FALSE,0.276433750747581,"sintetico_postestratificado",FALSE,FALSE,FALSE,"21","029","Caxhuacan"
1660,-24.2840959569728,-41.3600346535612,-5.98008596259393,0.553533104893511,"sintetico_postestratificado",FALSE,0.310692145323783,"sintetico_postestratificado",FALSE,FALSE,FALSE,"21","028","Camocuautla"
1661,-22.6673659107528,-38.2152963178778,-3.38146556080543,0.517273761238802,"sintetico_postestratificado",FALSE,0.290600102131274,"sintetico_postestratificado",FALSE,FALSE,FALSE,"21","020","Atoyatempan"
1662,-22.6467054854826,-40.5976531635068,-4.43388240308845,0.511142395929479,"sintetico_postestratificado",FALSE,0.284675341074653,"sintetico_postestratificado",FALSE,FALSE,FALSE,"21","077","Hueytlalpan"
1663,-23.6531559380804,-39.4259730777068,-5.94205004195042,0.518849874489898,"sintetico_postestratificado",FALSE,0.282318315109093,"sintetico_postestratificado",FALSE,FALSE,FALSE,"21","074","Huejotzingo"
1664,-24.2581905610632,-39.9772319532783,-7.50651289214656,0.481151301774421,"sintetico_postestratificado",FALSE,0.238569396163788,"sintetico_postestratificado",FALSE,FALSE,FALSE,"21","022","Atzitzihuacán"
1665,-22.7461547892014,-39.6800294639376,-5.47007172887909,0.520558494739064,"sintetico_postestratificado",FALSE,0.29309694684705,"sintetico_postestratificado",FALSE,FALSE,FALSE,"21","025","Ayotoxco de Guerrero"
1666,-21.2684929926328,-36.263164357711,-3.95635285002724,0.494493802810558,"muestra_directa",TRUE,0.281808872884229,"muestra_directa",FALSE,TRUE,TRUE,"21","177","Tlacotepec de Benito Juárez"
1667,-22.5856264248621,-39.3718706379164,-6.00085294630732,0.552601395726063,"sintetico_postestratificado",FALSE,0.326745131477442,"sintetico_postestratificado",FALSE,FALSE,FALSE,"21","075","Hueyapan"
1668,-22.3213281140104,-39.5867637927727,-4.3515470290954,0.538233313849295,"sintetico_postestratificado",FALSE,0.315020032709191,"sintetico_postestratificado",FALSE,FALSE,FALSE,"21","078","Huitzilan de Serdán"
1669,-22.1479559550563,-39.1359242817227,-5.14260274041964,0.522333160332313,"sintetico_postestratificado",FALSE,0.30085360078175,"sintetico_postestratificado",FALSE,FALSE,FALSE,"21","079","Huitziltepec"
1670,-22.470943590496,-39.1558603830687,-5.51560026485808,0.539440950299853,"sintetico_postestratificado",FALSE,0.314731514394893,"sintetico_postestratificado",FALSE,FALSE,FALSE,"21","187","Tlaxco"
1671,-23.3398197263282,-39.0071781527001,-6.50598854791604,0.537618555637764,"sintetico_postestratificado",FALSE,0.304220358374482,"sintetico_postestratificado",FALSE,FALSE,FALSE,"21","188","Tochimilco"
1672,-22.758312349652,-41.4936304444496,-4.41061249836434,0.490435551299486,"sintetico_postestratificado",FALSE,0.262852427802966,"sintetico_postestratificado",FALSE,FALSE,FALSE,"21","189","Tochtepec"
1673,-21.9268948760139,-38.6448319265885,-6.04871381949912,0.474685189327671,"sintetico_postestratificado",FALSE,0.255416240567532,"sintetico_postestratificado",FALSE,FALSE,FALSE,"21","190","Totoltepec de Guerrero"
1674,-23.4480241616095,-39.2708387497694,-6.38040430093455,0.524830289432329,"sintetico_postestratificado",FALSE,0.290350047816234,"sintetico_postestratificado",FALSE,FALSE,FALSE,"21","194","Venustiano Carranza"
1675,-24.5150018777295,-41.7349551221586,-5.90926180996688,0.568587715128688,"sintetico_postestratificado",FALSE,0.323437696351393,"sintetico_postestratificado",FALSE,FALSE,FALSE,"21","184","Tlapacoya"
1676,-24.8269986784219,-42.145707299683,-8.07730632227239,0.564970680055172,"sintetico_postestratificado",FALSE,0.316700693270953,"sintetico_postestratificado",FALSE,FALSE,FALSE,"21","185","Tlapanalá"
1677,-23.7406856339456,-39.8908097489349,-5.39414926809435,0.541041613508771,"sintetico_postestratificado",FALSE,0.303634757169315,"sintetico_postestratificado",FALSE,FALSE,FALSE,"21","082","Ixcaquixtla"
1678,-22.4730823318765,-38.6558798162259,-6.02539525322893,0.487295226213506,"muestra_directa",TRUE,0.262564402894741,"muestra_directa",FALSE,TRUE,TRUE,"21","085","Izúcar de Matamoros"
1679,-24.0223374872283,-40.1970499290666,-6.20969575424546,0.564015339639222,"sintetico_postestratificado",FALSE,0.323791964766939,"sintetico_postestratificado",FALSE,FALSE,FALSE,"21","104","Nopalucan"
1680,-23.8209347610867,-41.4740650965483,-5.11188910412268,0.590019498302697,"sintetico_postestratificado",FALSE,0.35181015069183,"sintetico_postestratificado",FALSE,FALSE,FALSE,"21","122","San Felipe Teotlalcingo"
1681,-22.9373801024935,-39.6440710861622,-5.94637202166562,0.528868300693049,"sintetico_postestratificado",FALSE,0.299494499668114,"sintetico_postestratificado",FALSE,FALSE,FALSE,"21","123","San Felipe Tepatlán"
1682,-22.7914171527656,-39.91181975305,-5.41063753318253,0.518515381600016,"sintetico_postestratificado",FALSE,0.29060121007236,"sintetico_postestratificado",FALSE,FALSE,FALSE,"21","012","Aljojuca"
1683,-23.7075151836749,-40.9410420055249,-5.53772064435054,0.538797867345294,"sintetico_postestratificado",FALSE,0.301722715508545,"sintetico_postestratificado",FALSE,FALSE,FALSE,"21","013","Altepexi"
1684,-24.8172791420146,-40.5750910109622,-8.38396531522053,0.553634353173176,"sintetico_postestratificado",FALSE,0.30546156175303,"sintetico_postestratificado",FALSE,FALSE,FALSE,"21","007","Ahuatlán"
1685,-22.139289256874,-39.1646081770934,-5.60925947723164,0.491195157404132,"sintetico_postestratificado",FALSE,0.269802264835392,"sintetico_postestratificado",FALSE,FALSE,FALSE,"21","011","Albino Zertuche"
1686,-22.7915299813195,-38.7134136473434,-5.50734045528134,0.512010608095302,"sintetico_postestratificado",FALSE,0.284095308282107,"sintetico_postestratificado",FALSE,FALSE,FALSE,"21","018","Atexcal"
1687,-23.5336891601052,-41.6928297704164,-4.6516424480725,0.534270074805626,"sintetico_postestratificado",FALSE,0.298933183204574,"sintetico_postestratificado",FALSE,FALSE,FALSE,"21","054","Chignautla"
1688,-22.7513203745444,-39.204522868149,-4.95518611902342,0.559408298208953,"sintetico_postestratificado",FALSE,0.33189509446351,"sintetico_postestratificado",FALSE,FALSE,FALSE,"21","127","San Jerónimo Xayacatlán"
1689,-24.0634879433833,-39.8816771027745,-6.69435028562112,0.543084092405781,"sintetico_postestratificado",FALSE,0.302449212971947,"sintetico_postestratificado",FALSE,FALSE,FALSE,"21","129","San José Miahuatlán"
1690,-23.5108879499847,-40.9135029694318,-4.94850560033855,0.546774885206445,"sintetico_postestratificado",FALSE,0.311666005706598,"sintetico_postestratificado",FALSE,FALSE,FALSE,"21","130","San Juan Atenco"
1691,-23.6502904657035,-40.3474829780872,-7.49681253701806,0.53860063388645,"sintetico_postestratificado",FALSE,0.302097729229415,"sintetico_postestratificado",FALSE,FALSE,FALSE,"21","213","Zihuateutla"
1692,-22.9817539889094,-40.0071277812471,-4.87293968074938,0.555199416364563,"sintetico_postestratificado",FALSE,0.32538187647547,"sintetico_postestratificado",FALSE,FALSE,FALSE,"21","124","San Gabriel Chilac"
1693,-22.6920335756011,-37.4997093244641,-5.62922066075235,0.552949447803832,"sintetico_postestratificado",FALSE,0.326029112047821,"sintetico_postestratificado",FALSE,FALSE,FALSE,"21","169","Tepexi de Rodríguez"
1694,-22.0374223375329,-38.4117077200112,-6.22806125337625,0.471872927185453,"sintetico_postestratificado",FALSE,0.251498703810124,"sintetico_postestratificado",FALSE,FALSE,FALSE,"21","159","Teopantlán"
1695,-22.5243849243265,-37.6102133372627,-8.11834707601572,0.51043260299464,"muestra_directa",TRUE,0.285188753751375,"muestra_directa",FALSE,TRUE,TRUE,"21","156","Tehuacán"
1696,-23.5066117661407,-39.12908613149,-8.46761002704175,0.505862169532865,"sintetico_postestratificado",FALSE,0.270796051871458,"sintetico_postestratificado",FALSE,FALSE,FALSE,"21","155","Tecomatlán"
1697,-22.7811486410795,-39.8328030577182,-5.73443342400167,0.5879410775838,"sintetico_postestratificado",FALSE,0.360129591173005,"sintetico_postestratificado",FALSE,FALSE,FALSE,"21","154","Tecamachalco"
1698,-22.0287981865738,-38.7131156439953,-5.16637834200141,0.564098510383742,"sintetico_postestratificado",FALSE,0.343810528518004,"sintetico_postestratificado",FALSE,FALSE,FALSE,"21","172","Tetela de Ocampo"
1699,-22.6757749911159,-39.3223205346034,-5.11416430022354,0.523251606261401,"sintetico_postestratificado",FALSE,0.296493856350241,"sintetico_postestratificado",FALSE,FALSE,FALSE,"21","179","Tlachichuca"
1700,-24.0533231652861,-40.0480246613952,-7.91530484063296,0.530821575212499,"sintetico_postestratificado",FALSE,0.290288343559638,"sintetico_postestratificado",FALSE,FALSE,FALSE,"21","153","Tecali de Herrera"
1701,-21.4232064978372,-38.200349713937,-3.97260418094739,0.535270190829769,"sintetico_postestratificado",FALSE,0.321038125851397,"sintetico_postestratificado",FALSE,FALSE,FALSE,"21","151","Santo Tomás Hueyotlipan"
1702,-24.1718039942582,-42.2944100126781,-7.3566164343063,0.583258260427931,"sintetico_postestratificado",FALSE,0.341540220485349,"sintetico_postestratificado",FALSE,FALSE,FALSE,"21","121","San Diego la Mesa Tochimiltzingo"
1703,-22.3530729220289,-37.8268576765755,-4.80053900747665,0.544636770336265,"sintetico_postestratificado",FALSE,0.321106041115976,"sintetico_postestratificado",FALSE,FALSE,FALSE,"21","202","Xochitlán de Vicente Suárez"
1704,-21.997568779666,-39.2105121568131,-4.54365626352902,0.527186701166867,"sintetico_postestratificado",FALSE,0.307211013370207,"sintetico_postestratificado",FALSE,FALSE,FALSE,"21","203","Xochitlán Todos Santos"
1705,-24.0616496971631,-40.9766789253514,-6.22967456430094,0.555078685717092,"sintetico_postestratificado",FALSE,0.314462188745461,"sintetico_postestratificado",FALSE,FALSE,FALSE,"21","073","Huehuetlán el Chico"
1706,-24.3132403320298,-41.3619700400884,-7.39931612850047,0.520633288561831,"sintetico_postestratificado",FALSE,0.277500885241533,"sintetico_postestratificado",FALSE,FALSE,FALSE,"21","097","Mixtla"
1707,-24.1298686697625,-39.949187507669,-5.91166550666199,0.49757921978096,"sintetico_postestratificado",FALSE,0.256280533083335,"sintetico_postestratificado",FALSE,FALSE,FALSE,"21","036","Coyomeapan"
1708,-23.4096403707558,-40.6436960768831,-6.17270404951076,0.541061590346832,"sintetico_postestratificado",FALSE,0.306965186639274,"sintetico_postestratificado",FALSE,FALSE,FALSE,"21","044","Cuyoaco"
1709,-24.1055650052435,-40.4730103451533,-6.56756753059677,0.534647548838963,"sintetico_postestratificado",FALSE,0.293591898786528,"sintetico_postestratificado",FALSE,FALSE,FALSE,"21","060","Domingo Arenas"
1710,-24.8470384351914,-41.6448945817581,-6.65547723729834,0.550461613002196,"sintetico_postestratificado",FALSE,0.301991228650282,"sintetico_postestratificado",FALSE,FALSE,FALSE,"21","061","Eloxochitlán"
1711,-24.1871531566594,-40.1623397438862,-7.84190064908763,0.539323764322785,"sintetico_postestratificado",FALSE,0.297452232756192,"sintetico_postestratificado",FALSE,FALSE,FALSE,"21","062","Epatlán"
1712,-25.2060650563783,-43.1405315236833,-7.77655983105776,0.533113006467812,"sintetico_postestratificado",FALSE,0.281052355904029,"sintetico_postestratificado",FALSE,FALSE,FALSE,"21","068","Hermenegildo Galeana"
1713,-24.9977936947488,-41.1986025742407,-8.05241979533505,0.541550348617699,"sintetico_postestratificado",FALSE,0.291572411670212,"sintetico_postestratificado",FALSE,FALSE,FALSE,"21","072","Huehuetla"
1714,-23.6516863766266,-39.4064395470105,-6.89641351877246,0.514869810257755,"sintetico_postestratificado",FALSE,0.27835294649149,"sintetico_postestratificado",FALSE,FALSE,FALSE,"21","160","Teotlalco"
1715,-24.0330226511963,-41.4616311081286,-6.78586309573623,0.513140469019041,"sintetico_postestratificado",FALSE,0.272810242507079,"sintetico_postestratificado",FALSE,FALSE,FALSE,"21","161","Tepanco de López"
1716,-22.6113264120771,-38.648644611749,-6.38932138077412,0.489403835391468,"sintetico_postestratificado",FALSE,0.263290571270697,"sintetico_postestratificado",FALSE,FALSE,FALSE,"21","024","Axutla"
1717,-22.7818852835727,-38.5923078101316,-5.75372374769731,0.532283553447193,"sintetico_postestratificado",FALSE,0.304464700611466,"sintetico_postestratificado",FALSE,FALSE,FALSE,"21","186","Tlatlauquitepec"
1718,-23.8397585677722,-39.940919650081,-7.10489557041932,0.543614759269252,"sintetico_postestratificado",FALSE,0.30521717359153,"sintetico_postestratificado",FALSE,FALSE,FALSE,"21","170","Tepeyahualco"
1719,-23.3153713805583,-40.4794064390585,-6.40659382973847,0.55044506284022,"sintetico_postestratificado",FALSE,0.317291349034637,"sintetico_postestratificado",FALSE,FALSE,FALSE,"21","196","Xayacatlán de Bravo"
1720,-24.7027436688772,-42.4822878613263,-6.51653705618314,0.626555591061474,"sintetico_postestratificado",FALSE,0.379528154372703,"sintetico_postestratificado",FALSE,FALSE,FALSE,"21","117","Rafael Lara Grajales"
1721,-23.4235215934582,-40.5218581249794,-6.86484593004782,0.53188230031241,"sintetico_postestratificado",FALSE,0.297647084377828,"sintetico_postestratificado",FALSE,FALSE,FALSE,"21","017","Atempan"
1722,-24.9541319862183,-41.3703640497899,-9.45002015963015,0.530599221960281,"muestra_directa",TRUE,0.281057902098099,"muestra_directa",TRUE,TRUE,TRUE,"21","019","Atlixco"
1723,-24.3088673723161,-41.2556609580787,-6.42717660209393,0.580995197540222,"sintetico_postestratificado",FALSE,0.33790652381706,"sintetico_postestratificado",FALSE,FALSE,FALSE,"21","173","Teteles de Ávila Castillo"
1724,-24.3697889506358,-39.5486908504385,-7.41954145504949,0.59852270123007,"sintetico_postestratificado",FALSE,0.354824811723712,"sintetico_postestratificado",FALSE,FALSE,FALSE,"21","175","Tianguismanalco"
1725,-25.426527304728,-42.6791396798172,-7.02882998430466,0.599413615612186,"sintetico_postestratificado",FALSE,0.345148342564906,"sintetico_postestratificado",FALSE,FALSE,FALSE,"21","052","Chigmecatitlán"
1726,-24.3522092510283,-38.9573190645345,-7.23506181631906,0.561254861675375,"sintetico_postestratificado",FALSE,0.317732769165092,"sintetico_postestratificado",FALSE,FALSE,FALSE,"21","069","Huaquechula"
1727,-23.8357731280376,-39.9961173727463,-5.33426304059526,0.554511211129239,"sintetico_postestratificado",FALSE,0.316153479848862,"sintetico_postestratificado",FALSE,FALSE,FALSE,"21","168","Tepexco"
1728,-23.27790298942,-37.8644766027219,-7.2824867693026,0.529114538343894,"sintetico_postestratificado",FALSE,0.296335508449694,"sintetico_postestratificado",FALSE,FALSE,FALSE,"21","157","Tehuitzingo"
1729,-23.4053226584707,-40.2030943931946,-6.10384194231637,0.509946659296778,"sintetico_postestratificado",FALSE,0.27589343271207,"sintetico_postestratificado",FALSE,FALSE,FALSE,"21","162","Tepango de Rodríguez"
1730,-24.3629669784758,-40.0014922462649,-7.68297847387162,0.516987212795626,"sintetico_postestratificado",FALSE,0.273357543010868,"sintetico_postestratificado",FALSE,FALSE,FALSE,"21","209","Zapotitlán"
1731,-23.0529478945101,-39.3499888529553,-6.35809543063684,0.543897484863922,"sintetico_postestratificado",FALSE,0.313368005918821,"sintetico_postestratificado",FALSE,FALSE,FALSE,"21","118","Los Reyes de Juárez"
1732,-26.272466324549,-42.2905737960685,-10.236945970022,0.508047332567154,"muestra_directa",TRUE,0.245322669321663,"muestra_directa",TRUE,TRUE,TRUE,"21","119","San Andrés Cholula"
1733,-22.723037029112,-39.0222045752997,-4.24535607881597,0.54740951571591,"sintetico_postestratificado",FALSE,0.32017914542479,"sintetico_postestratificado",FALSE,FALSE,FALSE,"21","120","San Antonio Cañada"
1734,-22.5966911643378,-39.6815522908508,-5.22777262416481,0.513459670183029,"sintetico_postestratificado",FALSE,0.287492758539651,"sintetico_postestratificado",FALSE,FALSE,FALSE,"21","125","San Gregorio Atzompa"
1735,-22.2358026414527,-37.9034689639351,-6.85852694289506,0.518293605832099,"muestra_directa",TRUE,0.295935579417572,"muestra_directa",TRUE,TRUE,TRUE,"21","126","San Jerónimo Tecuanipan"
1736,-21.3970487266438,-37.9691394981439,-4.01304780769921,0.530217792813327,"sintetico_postestratificado",FALSE,0.316247305546889,"sintetico_postestratificado",FALSE,FALSE,FALSE,"21","128","San José Chiapa"
1737,-23.2834020193531,-40.5261515160614,-5.04296406202208,0.542874667095097,"sintetico_postestratificado",FALSE,0.310040646901566,"sintetico_postestratificado",FALSE,FALSE,FALSE,"21","158","Tenampulco"
1738,-22.8528753539913,-40.1728054328997,-5.53476458798717,0.539815653984885,"sintetico_postestratificado",FALSE,0.311286900444972,"sintetico_postestratificado",FALSE,FALSE,FALSE,"21","053","Chignahuapan"
1739,-22.5899495807464,-39.8454087971726,-3.63259398776853,0.555409520078889,"sintetico_postestratificado",FALSE,0.329510024271425,"sintetico_postestratificado",FALSE,FALSE,FALSE,"21","002","Acateno"
1740,-22.3937630750836,-39.7323841082603,-5.30025893593121,0.536928985054488,"sintetico_postestratificado",FALSE,0.312991354303652,"sintetico_postestratificado",FALSE,FALSE,FALSE,"21","003","Acatlán"
1741,-23.4346578417218,-39.8934818154343,-5.16425567754782,0.544491962475518,"sintetico_postestratificado",FALSE,0.3101453840583,"sintetico_postestratificado",FALSE,FALSE,FALSE,"21","004","Acatzingo"
1742,-24.8816259799736,-40.8224188749173,-6.69241710525724,0.581622325283917,"sintetico_postestratificado",FALSE,0.332806065484182,"sintetico_postestratificado",FALSE,FALSE,FALSE,"21","005","Acteopan"
1743,-23.5971117054317,-39.6980831690775,-6.20490779574006,0.473316614090355,"sintetico_postestratificado",FALSE,0.237345497036038,"sintetico_postestratificado",FALSE,FALSE,FALSE,"21","006","Ahuacatlán"
1744,-23.3698768517044,-40.8796666030471,-6.31852914241166,0.533581500574824,"sintetico_postestratificado",FALSE,0.29988273205778,"sintetico_postestratificado",FALSE,FALSE,FALSE,"21","008","Ahuazotepec"
1745,-24.8159127560292,-41.5993547250141,-6.64448564472611,0.589291840602287,"sintetico_postestratificado",FALSE,0.341132713041995,"sintetico_postestratificado",FALSE,FALSE,FALSE,"21","133","San Martín Totoltepec"
1746,-21.9421477044721,-37.9236518007821,-4.57672698400555,0.481076832593322,"sintetico_postestratificado",FALSE,0.261655355548602,"sintetico_postestratificado",FALSE,FALSE,FALSE,"21","134","San Matías Tlalancaleca"
1747,-24.5218512628153,-40.623392505232,-7.67593404696496,0.489005725846868,"sintetico_postestratificado",FALSE,0.243787213218715,"sintetico_postestratificado",FALSE,FALSE,FALSE,"21","135","San Miguel Ixitlán"
1748,-22.5078445659704,-39.1288923516436,-5.13175534234673,0.537432150772454,"sintetico_postestratificado",FALSE,0.31235370511275,"sintetico_postestratificado",FALSE,FALSE,FALSE,"21","137","San Nicolás Buenos Aires"
1749,-22.942725150135,-40.3953482942462,-5.23034837671294,0.514419934537736,"sintetico_postestratificado",FALSE,0.284992683036386,"sintetico_postestratificado",FALSE,FALSE,FALSE,"21","138","San Nicolás de los Ranchos"
1750,-24.3314596860668,-40.3350930763242,-7.06051668399695,0.518695741554922,"sintetico_postestratificado",FALSE,0.275381144694254,"sintetico_postestratificado",FALSE,FALSE,FALSE,"21","139","San Pablo Anicano"
1751,-20.7265373455367,-36.8619944942017,-5.43988421435996,0.509027247050444,"muestra_directa",FALSE,0.301761873595076,"muestra_directa",FALSE,TRUE,FALSE,"21","140","San Pedro Cholula"
1752,-22.1450459898808,-38.7820173068075,-2.95407541863976,0.519536228895536,"sintetico_postestratificado",FALSE,0.298085768996728,"sintetico_postestratificado",FALSE,FALSE,FALSE,"21","141","San Pedro Yeloixtlahuaca"
1753,-22.0107043941384,-38.4282325600979,-5.74888211255869,0.504568530585736,"sintetico_postestratificado",FALSE,0.284461486644352,"sintetico_postestratificado",FALSE,FALSE,FALSE,"21","205","Yehualtepec"
1754,-22.769173551767,-38.9177492788128,-5.02884967007576,0.540418658586861,"sintetico_postestratificado",FALSE,0.312726923069191,"sintetico_postestratificado",FALSE,FALSE,FALSE,"21","023","Atzitzintla"
1755,-22.5005929157232,-39.0291522965079,-5.37598354385315,0.51417679162906,"sintetico_postestratificado",FALSE,0.289170862471828,"muestra_directa",TRUE,FALSE,TRUE,"21","116","Quimixtlán"
1756,-21.9391207657243,-37.0668611073351,-5.29633271354566,0.507109851496012,"muestra_directa",TRUE,0.287718643838769,"muestra_directa",TRUE,TRUE,TRUE,"21","115","Quecholac"
1757,-25.6648123498384,-37.944294006587,-12.7423939701,0.53477758813466,"muestra_directa",FALSE,0.278129464636277,"muestra_directa",FALSE,TRUE,FALSE,"21","114","Puebla"
1758,-20.5200649996384,-35.751381702124,-5.02814652344519,0.553064259448023,"muestra_directa",TRUE,0.347863609451639,"muestra_directa",TRUE,TRUE,TRUE,"21","144","San Salvador Huixcolotla"
1759,-21.9309424144332,-38.8612505880425,-4.37426828074881,0.514898398754899,"sintetico_postestratificado",FALSE,0.295588974610567,"sintetico_postestratificado",FALSE,FALSE,FALSE,"21","145","San Sebastián Tlacotepec"
1760,-24.5096526823757,-41.9280984073604,-5.89155359481479,0.572614938203423,"sintetico_postestratificado",FALSE,0.327518411379667,"sintetico_postestratificado",FALSE,FALSE,FALSE,"21","146","Santa Catarina Tlaltempan"
1761,-26.284227794262,-43.6401348955352,-9.29131285334679,0.554312202480988,"sintetico_postestratificado",FALSE,0.291469924538368,"sintetico_postestratificado",FALSE,FALSE,FALSE,"21","149","Santiago Miahuatlán"
1762,-24.4973139130349,-39.8905846163388,-7.66386877942819,0.52490528562214,"sintetico_postestratificado",FALSE,0.279932146491791,"sintetico_postestratificado",FALSE,FALSE,FALSE,"21","150","Huehuetlán el Grande"
1763,-22.7976893902387,-39.2348342968876,-5.14954416556727,0.521086857209054,"muestra_directa",TRUE,0.293109963306668,"muestra_directa",FALSE,TRUE,TRUE,"21","010","Ajalpan"
1764,-24.0441700903062,-41.5942622140891,-5.49437749767379,0.546674774098843,"sintetico_postestratificado",FALSE,0.306233073195781,"sintetico_postestratificado",FALSE,FALSE,FALSE,"21","014","Amixtlán"
1765,-23.7954694671156,-40.8638594699586,-5.988825660831,0.550653684824658,"sintetico_postestratificado",FALSE,0.312698990153502,"sintetico_postestratificado",FALSE,FALSE,FALSE,"21","015","Amozoc"
1766,-23.5965290160812,-41.0471604043069,-5.32027706552517,0.568665121591426,"sintetico_postestratificado",FALSE,0.332699831430614,"sintetico_postestratificado",FALSE,FALSE,FALSE,"21","016","Aquixtla"
1767,-22.8500357390186,-40.2370339505512,-4.34791849963103,0.497566704115737,"sintetico_postestratificado",FALSE,0.269066346725551,"sintetico_postestratificado",FALSE,FALSE,FALSE,"21","021","Atzala"
1768,-22.9302943884102,-40.5018577697242,-5.69166733153173,0.502546919090897,"sintetico_postestratificado",FALSE,0.273243975206795,"sintetico_postestratificado",FALSE,FALSE,FALSE,"21","026","Calpan"
1769,-20.7338696486617,-37.9656377670245,-3.5123846872889,0.48307375467477,"sintetico_postestratificado",FALSE,0.275735058188153,"sintetico_postestratificado",FALSE,FALSE,FALSE,"21","027","Caltepec"
1770,-21.2738407925029,-39.3122561387596,-3.52832542258962,0.48936171536417,"sintetico_postestratificado",FALSE,0.276623307439141,"sintetico_postestratificado",FALSE,FALSE,FALSE,"21","165","Tepemaxalco"
1771,-25.0423386542706,-43.1452449538121,-8.1417577786911,0.524020061253408,"sintetico_postestratificado",FALSE,0.273596674710702,"sintetico_postestratificado",FALSE,FALSE,FALSE,"21","152","Soltepec"
1772,-23.774648150309,-40.3040877161234,-6.79459065824446,0.546546083966372,"sintetico_postestratificado",FALSE,0.308799602463282,"sintetico_postestratificado",FALSE,FALSE,FALSE,"21","206","Zacapala"
1773,-22.9402057208823,-39.5359508500461,-5.11633886063659,0.549704666675927,"sintetico_postestratificado",FALSE,0.320302609467103,"sintetico_postestratificado",FALSE,FALSE,FALSE,"21","211","Zaragoza"
1774,-23.194256832752,-37.7250749294522,-7.37123240454586,0.56485636825568,"muestra_directa",FALSE,0.33291379992816,"muestra_directa",FALSE,TRUE,FALSE,"21","212","Zautla"
1775,-21.9524711226715,-38.1031992971201,-4.92444322378374,0.509117890564897,"sintetico_postestratificado",FALSE,0.289593179338182,"sintetico_postestratificado",FALSE,FALSE,FALSE,"21","163","Tepatlaxco de Hidalgo"
1776,-22.2328658464999,-39.8155072923264,-4.51112300435851,0.53440016197159,"sintetico_postestratificado",FALSE,0.312071503506591,"sintetico_postestratificado",FALSE,FALSE,FALSE,"21","049","Chiconcuautla"
1777,-22.9824411674542,-39.3662498420638,-5.44753468916628,0.537620443748253,"sintetico_postestratificado",FALSE,0.307796032073711,"sintetico_postestratificado",FALSE,FALSE,FALSE,"21","048","Chiautzingo"
1778,-22.8647596049373,-38.8039971659764,-4.97998188872954,0.537356280970294,"sintetico_postestratificado",FALSE,0.308708684920921,"sintetico_postestratificado",FALSE,FALSE,FALSE,"21","047","Chiautla"
1779,-23.1245481572655,-38.3929067264356,-6.31095555048867,0.498208068638194,"sintetico_postestratificado",FALSE,0.266962587065539,"sintetico_postestratificado",FALSE,FALSE,FALSE,"21","195","Vicente Guerrero"
1780,-21.1463000347101,-35.0991666550448,-5.80502222598334,0.487037203332064,"muestra_directa",FALSE,0.275574202984962,"muestra_directa",FALSE,TRUE,FALSE,"21","164","Tepeaca"
1781,-22.2090577592222,-39.7505997529872,-5.01097764137222,0.530720053221233,"sintetico_postestratificado",FALSE,0.308629475629011,"sintetico_postestratificado",FALSE,FALSE,FALSE,"21","046","Chapulco"
1782,-22.089422465442,-39.7039238338723,-4.30879652975346,0.5386153984485,"sintetico_postestratificado",FALSE,0.31772117379408,"sintetico_postestratificado",FALSE,FALSE,FALSE,"21","210","Zapotitlán de Méndez"
1783,-22.58315868804,-40.0539917233769,-4.8048459901686,0.486874841265963,"sintetico_postestratificado",FALSE,0.261043254385563,"sintetico_postestratificado",FALSE,FALSE,FALSE,"21","136","San Miguel Xoxtla"
1784,-22.3731393033939,-38.6614491020153,-5.90709777903395,0.516958295785325,"sintetico_postestratificado",FALSE,0.293226902751385,"sintetico_postestratificado",FALSE,FALSE,FALSE,"21","045","Chalchicomula de Sesma"
1785,-22.1213456318543,-39.1103110464976,-5.29787996523668,0.511556758723385,"muestra_directa",TRUE,0.290343302404841,"muestra_directa",TRUE,TRUE,TRUE,"21","043","Cuetzalan del Progreso"
1786,-21.418514254484,-38.861973716966,-3.66721010887356,0.491106661828278,"sintetico_postestratificado",FALSE,0.276921519283438,"sintetico_postestratificado",FALSE,FALSE,FALSE,"21","084","Ixtepec"
1787,-23.4498628462193,-40.7559258553912,-6.44855826480082,0.502768985501851,"sintetico_postestratificado",FALSE,0.268270357039658,"sintetico_postestratificado",FALSE,FALSE,FALSE,"21","086","Jalpan"
1788,-22.1121910553889,-38.3703188545718,-5.65143431732561,0.555734886286388,"sintetico_postestratificado",FALSE,0.334612975732499,"sintetico_postestratificado",FALSE,FALSE,FALSE,"21","042","Cuayuca de Andrade"
1789,-22.2495735146385,-38.7270261725738,-4.78871424841786,0.589342214741742,"sintetico_postestratificado",FALSE,0.366846479595357,"sintetico_postestratificado",FALSE,FALSE,FALSE,"21","113","Piaxtla"
1790,-22.9791355055354,-39.7629171716381,-5.49965320118222,0.544704859738003,"sintetico_postestratificado",FALSE,0.314913504682648,"sintetico_postestratificado",FALSE,FALSE,FALSE,"21","131","San Juan Atzompa"
1791,-21.7825974988512,-37.5351855409765,-4.97779604156351,0.513688200245876,"sintetico_postestratificado",FALSE,0.295862225257364,"sintetico_postestratificado",FALSE,FALSE,FALSE,"21","089","Jopala"
1792,-21.9205249480239,-38.442684362504,-5.48182797488142,0.55600458655538,"muestra_directa",TRUE,0.336799337075142,"muestra_directa",TRUE,TRUE,TRUE,"21","041","Cuautlancingo"
1793,-22.6503535934545,-40.0017226148647,-4.15939649298009,0.530995059266574,"sintetico_postestratificado",FALSE,0.304491523332029,"sintetico_postestratificado",FALSE,FALSE,FALSE,"21","040","Cuautinchán"
1794,-22.5054947175247,-40.0027189894118,-3.80309300733367,0.511013938364703,"sintetico_postestratificado",FALSE,0.285958991189456,"sintetico_postestratificado",FALSE,FALSE,FALSE,"21","039","Cuautempan"
1795,-23.7554327943996,-40.003282712502,-6.67862077550976,0.51550987618514,"sintetico_postestratificado",FALSE,0.277955548241143,"sintetico_postestratificado",FALSE,FALSE,FALSE,"21","038","Cuapiaxtla de Madero"
1796,-24.7169500542325,-41.4164659037099,-7.67029534129058,0.517757721548336,"sintetico_postestratificado",FALSE,0.270588221006011,"sintetico_postestratificado",FALSE,FALSE,FALSE,"21","112","Petlalcingo"
1797,-23.9383641431816,-39.7776122075637,-7.07351157310062,0.583512680334585,"sintetico_postestratificado",FALSE,0.344129038902768,"sintetico_postestratificado",FALSE,FALSE,FALSE,"21","009","Ahuehuetitla"
1798,-22.620180071954,-37.7522819832498,-6.50678559896848,0.501668108756981,"muestra_directa",TRUE,0.275466308037441,"muestra_directa",TRUE,TRUE,TRUE,"21","076","Hueytamalco"
1799,-23.2641760777917,-39.7139101102122,-6.48361705614394,0.523135435245775,"sintetico_postestratificado",FALSE,0.290493674467858,"sintetico_postestratificado",FALSE,FALSE,FALSE,"21","183","Tlaola"
1800,-24.7758354079588,-40.2290724454632,-8.99054318102327,0.536242195699343,"muestra_directa",TRUE,0.288483841619756,"muestra_directa",FALSE,TRUE,TRUE,"21","071","Huauchinango"
1801,-22.6203036128951,-38.801830750031,-6.79381570647098,0.52414408070494,"sintetico_postestratificado",FALSE,0.29794104457599,"sintetico_postestratificado",FALSE,FALSE,FALSE,"21","070","Huatlatlauca"
1802,-22.0131540427849,-40.3061024352589,-3.50009198023059,0.499118541559646,"sintetico_postestratificado",FALSE,0.278987001131797,"sintetico_postestratificado",FALSE,FALSE,FALSE,"21","111","Pantepec"
1803,-24.4009112822843,-38.2240114903033,-9.20831851933749,0.581122137357629,"muestra_directa",TRUE,0.337113024534786,"muestra_directa",FALSE,TRUE,TRUE,"22","002","Pinal de Amoles"
1804,-22.5852176849121,-38.8697654376858,-3.72421424484568,0.580805372751292,"sintetico_postestratificado",FALSE,0.35495319590217,"sintetico_postestratificado",FALSE,FALSE,FALSE,"22","010","Landa de Matamoros"
1805,-29.5963664398742,-44.3966630072021,-13.2847246597125,0.575160676012084,"muestra_directa",TRUE,0.279197011613342,"muestra_directa",FALSE,TRUE,TRUE,"22","006","Corregidora"
1806,-25.3388551158424,-42.6643706108648,-6.75740397609904,0.55546663114293,"sintetico_postestratificado",FALSE,0.302078079984506,"sintetico_postestratificado",FALSE,FALSE,FALSE,"22","003","Arroyo Seco"
1807,-24.2535980099424,-38.3348370025498,-9.33346833160769,0.516222250255609,"muestra_directa",FALSE,0.273686270156185,"muestra_directa",FALSE,TRUE,FALSE,"22","011","El Marqués"
1808,-25.9451219339954,-40.8755752700887,-8.87208412276657,0.604011417292622,"muestra_directa",TRUE,0.344560197952668,"muestra_directa",TRUE,TRUE,TRUE,"22","012","Pedro Escobedo"
1809,-24.1895227867349,-42.6412581138666,-6.05118759741849,0.6231032367661,"sintetico_postestratificado",FALSE,0.38120800889875,"sintetico_postestratificado",FALSE,FALSE,FALSE,"22","015","San Joaquín"
1810,-22.4231033735672,-34.0053198402899,-8.97992716321824,0.536881459897462,"muestra_directa",FALSE,0.31265042616179,"muestra_directa",FALSE,TRUE,FALSE,"22","016","San Juan del Río"
1811,-22.7733639159164,-40.4679914353811,-3.311433501127,0.584006488286921,"sintetico_postestratificado",FALSE,0.356272849127757,"sintetico_postestratificado",FALSE,FALSE,FALSE,"22","017","Tequisquiapan"
1812,-21.5727082698349,-38.7373295121375,-5.8338140371194,0.566058876938,"muestra_directa",TRUE,0.350331794239652,"muestra_directa",TRUE,TRUE,TRUE,"22","018","Tolimán"
1813,-22.6163726940689,-39.3763044716183,-5.3407035378043,0.61428827421468,"sintetico_postestratificado",FALSE,0.388124547273991,"sintetico_postestratificado",FALSE,FALSE,FALSE,"22","007","Ezequiel Montes"
1814,-24.5331331857413,-38.9241382930095,-8.69854598731662,0.572676025014817,"muestra_directa",FALSE,0.327344693157405,"muestra_directa",FALSE,TRUE,FALSE,"22","001","Amealco de Bonfil"
1815,-25.9893173497154,-35.8901381915292,-15.8577054177535,0.683493073559438,"muestra_directa",FALSE,0.423599900062284,"muestra_directa",FALSE,TRUE,FALSE,"22","014","Querétaro"
1816,-21.6163528140212,-38.568745949345,-4.51815429414693,0.603016591839968,"sintetico_postestratificado",FALSE,0.386853063699756,"sintetico_postestratificado",FALSE,FALSE,FALSE,"22","005","Colón"
1817,-25.977264760877,-40.9654424889766,-9.29798839195886,0.608364189950348,"muestra_directa",TRUE,0.348591542341578,"muestra_directa",FALSE,TRUE,TRUE,"22","004","Cadereyta de Montes"
1818,-21.656166914257,-37.8721138492773,-5.04286872058036,0.60240776124826,"sintetico_postestratificado",FALSE,0.38584609210569,"sintetico_postestratificado",FALSE,FALSE,FALSE,"22","013","Peñamiller"
1819,-25.5940173756973,-40.2878853059131,-10.8333757355829,0.600027697197343,"muestra_directa",FALSE,0.34408752344037,"muestra_directa",FALSE,TRUE,FALSE,"22","008","Huimilpan"
1820,-24.1321225838479,-39.6092797291807,-6.16365715924194,0.557524410735775,"sintetico_postestratificado",FALSE,0.316203184897296,"sintetico_postestratificado",FALSE,FALSE,FALSE,"22","009","Jalpan de Serra"
1821,-23.5598619022566,-42.186908419778,-6.27891847523358,0.549906363231617,"muestra_directa",TRUE,0.314307744209052,"muestra_directa",TRUE,TRUE,TRUE,"23","001","Cozumel"
1822,-19.3783486081054,-38.1978771512643,-0.959040766576437,0.497364531629005,"sintetico_postestratificado",FALSE,0.303581045547951,"sintetico_postestratificado",FALSE,FALSE,FALSE,"23","003","Isla Mujeres"
1823,-22.3674799081879,-36.6324420656118,-7.09798634230052,0.571586871651066,"muestra_directa",FALSE,0.347912072569186,"muestra_directa",FALSE,TRUE,FALSE,"23","002","Felipe Carrillo Puerto"
1824,-19.9436643325214,-31.9226786945928,-8.33140333942899,0.542780583715256,"muestra_directa",FALSE,0.343343940390042,"muestra_directa",FALSE,TRUE,FALSE,"23","005","Benito Juárez"
1825,-23.9509939237323,-38.2779963488425,-9.64332104406965,0.605469715557477,"muestra_directa",FALSE,0.365959776320154,"muestra_directa",FALSE,TRUE,FALSE,"23","004","Othón P. Blanco"
1826,-20.9356221144658,-39.6665831485352,-4.06563274921088,0.471435509780525,"sintetico_postestratificado",FALSE,0.262079288635867,"sintetico_postestratificado",FALSE,FALSE,FALSE,"23","011","Puerto Morelos"
1827,-26.2067946714951,-41.2974904658761,-11.0917135557039,0.56558970366917,"muestra_directa",FALSE,0.303521756954219,"muestra_directa",FALSE,TRUE,FALSE,"23","008","Solidaridad"
1828,-23.0880444500672,-40.7416676539656,-5.63934031248067,0.539714553366926,"sintetico_postestratificado",FALSE,0.308834108866253,"sintetico_postestratificado",FALSE,FALSE,FALSE,"23","010","Bacalar"
1829,-21.9797064147548,-39.9695477206892,-4.41944955831597,0.484049124347154,"muestra_directa",TRUE,0.264252060199606,"muestra_directa",TRUE,TRUE,TRUE,"23","007","Lázaro Cárdenas"
1830,-22.4350155099681,-37.348174402378,-6.38390534623756,0.472589406821105,"muestra_directa",TRUE,0.248239251721424,"muestra_directa",TRUE,TRUE,TRUE,"23","006","José María Morelos"
1831,-24.6004685572456,-40.0267453927292,-8.06263143439678,0.536406663741874,"muestra_directa",TRUE,0.290401978169418,"muestra_directa",TRUE,TRUE,TRUE,"23","009","Tulum"
1832,-25.1084480646368,-41.339380669691,-9.85051932807085,0.513847246798285,"muestra_directa",FALSE,0.262762766151918,"muestra_directa",FALSE,TRUE,FALSE,"24","050","Villa de Reyes"
1833,-23.5225192942113,-38.1425277749595,-7.25000253225914,0.523629111595759,"muestra_directa",TRUE,0.288403918653645,"muestra_directa",TRUE,TRUE,TRUE,"24","052","Villa Juárez"
1834,-21.5872579112048,-37.8484046568806,-4.71236911434285,0.576944782922069,"muestra_directa",TRUE,0.361072203810021,"muestra_directa",TRUE,TRUE,TRUE,"24","053","Axtla de Terrazas"
1835,-22.7719125203756,-38.9532028326589,-5.92492646215927,0.582720436825897,"sintetico_postestratificado",FALSE,0.355001311622142,"sintetico_postestratificado",FALSE,FALSE,FALSE,"24","054","Xilitla"
1836,-22.2987825513172,-38.0417447210655,-5.72537024841162,0.573506142588347,"sintetico_postestratificado",FALSE,0.350518317075174,"sintetico_postestratificado",FALSE,FALSE,FALSE,"24","055","Zaragoza"
1837,-23.1039593836904,-39.3932196673072,-6.3562304283815,0.573134561721142,"sintetico_postestratificado",FALSE,0.342094967884238,"sintetico_postestratificado",FALSE,FALSE,FALSE,"24","048","Villa de la Paz"
1838,-23.6155306841147,-40.0107261662405,-5.86845910498181,0.615656180600328,"sintetico_postestratificado",FALSE,0.379500873759181,"sintetico_postestratificado",FALSE,FALSE,FALSE,"24","015","Charcas"
1839,-22.0166521895181,-36.6068828471084,-6.70294439657965,0.60309539262351,"muestra_directa",FALSE,0.38292887072833,"muestra_directa",FALSE,TRUE,FALSE,"24","013","Ciudad Valles"
1840,-23.20971713753,-41.0700572901853,-4.48267053581371,0.571096236126518,"sintetico_postestratificado",FALSE,0.338999064751218,"sintetico_postestratificado",FALSE,FALSE,FALSE,"24","009","Cerro de San Pedro"
1841,-21.7072831069781,-38.7522282841159,-2.26157686399553,0.554118348081888,"sintetico_postestratificado",FALSE,0.337045517012107,"sintetico_postestratificado",FALSE,FALSE,FALSE,"24","043","Tierra Nueva"
1842,-22.8601952646138,-39.190048808729,-6.16680016522955,0.579683809602484,"sintetico_postestratificado",FALSE,0.351081856956346,"sintetico_postestratificado",FALSE,FALSE,FALSE,"24","042","Tanquián de Escobedo"
1843,-22.2564941329289,-39.721913365749,-4.50939837005723,0.584121029854188,"sintetico_postestratificado",FALSE,0.361556088524899,"sintetico_postestratificado",FALSE,FALSE,FALSE,"24","012","Tancanhuitz"
1844,-22.1310873143995,-38.7133062607116,-4.72044064273706,0.597126418951113,"sintetico_postestratificado",FALSE,0.375815545807118,"sintetico_postestratificado",FALSE,FALSE,FALSE,"24","011","Ciudad Fernández"
1845,-21.8437434908552,-39.0799682270074,-3.41381027318999,0.560545272768529,"sintetico_postestratificado",FALSE,0.342107837859977,"sintetico_postestratificado",FALSE,FALSE,FALSE,"24","010","Ciudad del Maíz"
1846,-23.0873973744238,-39.9697782653797,-6.13349416894355,0.544783406570158,"muestra_directa",TRUE,0.313909432825921,"muestra_directa",TRUE,TRUE,TRUE,"24","008","Cerritos"
1847,-22.2121644984756,-39.2734326962755,-3.69666088269641,0.578005157981138,"sintetico_postestratificado",FALSE,0.355883512996382,"sintetico_postestratificado",FALSE,FALSE,FALSE,"24","007","Cedral"
1848,-20.6718933372715,-34.9891186798071,-5.72529267773181,0.573750921215105,"muestra_directa",FALSE,0.367031987842389,"muestra_directa",FALSE,TRUE,FALSE,"24","035","Soledad de Graciano Sánchez"
1849,-21.9589669653692,-38.5049844216369,-5.13825137639848,0.552963550490695,"sintetico_postestratificado",FALSE,0.333373880837003,"sintetico_postestratificado",FALSE,FALSE,FALSE,"24","041","Tanlajás"
1850,-21.9530167794929,-39.5492690555141,-4.22798958930329,0.555928354229027,"sintetico_postestratificado",FALSE,0.336398186434099,"sintetico_postestratificado",FALSE,FALSE,FALSE,"24","040","Tamuín"
1851,-21.9684784824638,-38.80061660447,-4.64500247095751,0.566335702361191,"sintetico_postestratificado",FALSE,0.346650917536552,"sintetico_postestratificado",FALSE,FALSE,FALSE,"24","039","Tampamolón Corona"
1852,-22.5738560054051,-40.4879790987375,-6.02468425060352,0.570762736476336,"sintetico_postestratificado",FALSE,0.345024176422286,"sintetico_postestratificado",FALSE,FALSE,FALSE,"24","038","Tampacán"
1853,-21.075234550286,-33.5128633840165,-7.68352040470139,0.518012463487406,"muestra_directa",FALSE,0.307260117984545,"muestra_directa",FALSE,TRUE,FALSE,"24","037","Tamazunchale"
1854,-21.4658691501576,-36.9549262528371,-2.99779717917117,0.523284950052198,"sintetico_postestratificado",FALSE,0.308626258550622,"sintetico_postestratificado",FALSE,FALSE,FALSE,"24","036","Tamasopo"
1855,-22.1592196760181,-40.1255803781434,-3.76169523137789,0.565390879786582,"sintetico_postestratificado",FALSE,0.343798683026401,"sintetico_postestratificado",FALSE,FALSE,FALSE,"24","006","Catorce"
1856,-25.5072704319868,-38.2943020686639,-13.192250317854,0.681676733853133,"muestra_directa",FALSE,0.426604029533265,"muestra_directa",FALSE,TRUE,FALSE,"24","028","San Luis Potosí"
1857,-22.005381058849,-38.8318661822073,-4.38863032720379,0.517431597034487,"sintetico_postestratificado",FALSE,0.297377786445998,"sintetico_postestratificado",FALSE,FALSE,FALSE,"24","031","Santa Catarina"
1858,-20.4803225299497,-36.8395532437852,-4.70295206484532,0.530653772085205,"sintetico_postestratificado",FALSE,0.325850546785708,"sintetico_postestratificado",FALSE,FALSE,FALSE,"24","030","San Nicolás Tolentino"
1859,-22.5551619516322,-40.2414515930166,-4.47022458743402,0.571096804803806,"sintetico_postestratificado",FALSE,0.345545185287483,"sintetico_postestratificado",FALSE,FALSE,FALSE,"24","029","San Martín Chalchicuautla"
1860,-24.1547990916828,-40.0786800522295,-6.31116605239954,0.569371693697039,"sintetico_postestratificado",FALSE,0.327823702780211,"sintetico_postestratificado",FALSE,FALSE,FALSE,"24","026","San Antonio"
1861,-22.5222896852043,-40.1598661553061,-3.65989554110283,0.565089501287443,"sintetico_postestratificado",FALSE,0.3398666044354,"sintetico_postestratificado",FALSE,FALSE,FALSE,"24","005","Cárdenas"
1862,-22.385385918789,-39.4784857727289,-4.41054758033938,0.535348735826038,"sintetico_postestratificado",FALSE,0.311494876638148,"sintetico_postestratificado",FALSE,FALSE,FALSE,"24","024","Rioverde"
1863,-25.9255718063161,-42.3302783822681,-7.99781480251945,0.596529232160019,"sintetico_postestratificado",FALSE,0.337273514096858,"sintetico_postestratificado",FALSE,FALSE,FALSE,"24","023","Rayón"
1864,-23.354841313755,-39.5489404432269,-6.13290332922148,0.595271095832463,"sintetico_postestratificado",FALSE,0.361722682694913,"sintetico_postestratificado",FALSE,FALSE,FALSE,"24","022","Moctezuma"
1865,-23.4367142557024,-36.8522668792507,-9.79820311401761,0.537564089446658,"muestra_directa",FALSE,0.303196946889634,"muestra_directa",FALSE,TRUE,FALSE,"24","021","Mexquitic de Carmona"
1866,-20.2690253441981,-36.7800633659797,-2.45972909616788,0.524655184811009,"sintetico_postestratificado",FALSE,0.321964931369029,"sintetico_postestratificado",FALSE,FALSE,FALSE,"24","017","Guadalcázar"
1867,-21.6051228632911,-39.1392873778393,-2.22822213347472,0.532127662423115,"sintetico_postestratificado",FALSE,0.316076433790204,"sintetico_postestratificado",FALSE,FALSE,FALSE,"24","016","Ebano"
1868,-21.9892904488459,-39.4552254400111,-4.21479564414867,0.541061143667874,"sintetico_postestratificado",FALSE,0.321168239179415,"sintetico_postestratificado",FALSE,FALSE,FALSE,"24","014","Coxcatlán"
1869,-18.7329996914118,-32.7900841497712,-2.84603399771286,0.475371124600003,"muestra_directa",FALSE,0.288041127685885,"muestra_directa",FALSE,TRUE,FALSE,"24","033","Santo Domingo"
1870,-21.968598454952,-39.2947559456096,-4.19746034467506,0.554267922768174,"sintetico_postestratificado",FALSE,0.334581938218654,"sintetico_postestratificado",FALSE,FALSE,FALSE,"24","001","Ahualulco del Sonido 13"
1871,-21.5791018269883,-38.7101348758926,-3.45898197170836,0.537971047076758,"sintetico_postestratificado",FALSE,0.322180028806876,"sintetico_postestratificado",FALSE,FALSE,FALSE,"24","057","Matlapa"
1872,-20.8968209989423,-38.817607108543,-2.01836651582845,0.533468198283653,"sintetico_postestratificado",FALSE,0.324499988294231,"sintetico_postestratificado",FALSE,FALSE,FALSE,"24","051","Villa Hidalgo"
1873,-22.8117574184514,-39.1635203468839,-6.32211385605158,0.561663486256308,"sintetico_postestratificado",FALSE,0.333545912071794,"sintetico_postestratificado",FALSE,FALSE,FALSE,"24","058","El Naranjo"
1874,-24.0073139351824,-40.2970598138552,-6.95665240897235,0.556693437513813,"sintetico_postestratificado",FALSE,0.316620298161989,"sintetico_postestratificado",FALSE,FALSE,FALSE,"24","032","Santa María del Río"
1875,-21.8968349020334,-38.3612709024741,-4.60670438116694,0.564426453601291,"sintetico_postestratificado",FALSE,0.345458104580957,"sintetico_postestratificado",FALSE,FALSE,FALSE,"24","027","San Ciro de Acosta"
1876,-22.2727564601686,-36.8421981502803,-6.23084089560675,0.616435934263648,"muestra_directa",FALSE,0.393708369661962,"muestra_directa",FALSE,TRUE,FALSE,"24","025","Salinas"
1877,-21.5802574422651,-40.092848221117,-3.30773429471536,0.550345316474982,"sintetico_postestratificado",FALSE,0.334542742052331,"sintetico_postestratificado",FALSE,FALSE,FALSE,"24","056","Villa de Arista"
1878,-23.1313393494109,-39.6737724263578,-5.04910152073288,0.582154429163954,"sintetico_postestratificado",FALSE,0.350841035669845,"sintetico_postestratificado",FALSE,FALSE,FALSE,"24","047","Villa de Guadalupe"
1880,-24.8226986702693,-41.200871333081,-7.77131486577171,0.587710585016542,"sintetico_postestratificado",FALSE,0.33948359831385,"sintetico_postestratificado",FALSE,FALSE,FALSE,"24","034","San Vicente Tancuayalab"
1881,-24.1685966143706,-41.2090089712451,-6.06852455353011,0.590060309802844,"sintetico_postestratificado",FALSE,0.348374343659138,"sintetico_postestratificado",FALSE,FALSE,FALSE,"24","002","Alaquines"
1882,-20.8176606673304,-34.3579226320936,-5.40660298841689,0.590046936240065,"muestra_directa",FALSE,0.381870329566761,"muestra_directa",FALSE,TRUE,FALSE,"24","003","Aquismón"
1883,-21.7661770723499,-39.6156028476508,-3.01128537493784,0.536611874259913,"sintetico_postestratificado",FALSE,0.318950103536413,"sintetico_postestratificado",FALSE,FALSE,FALSE,"24","004","Armadillo de los Infante"
1884,-21.7416554392604,-38.0363296494407,-4.30117417116231,0.55254193520751,"sintetico_postestratificado",FALSE,0.335125380814905,"sintetico_postestratificado",FALSE,FALSE,FALSE,"24","046","Villa de Arriaga"
1885,-22.0840190656492,-39.3690948185006,-5.33564878390609,0.556498740562339,"sintetico_postestratificado",FALSE,0.335658549905847,"sintetico_postestratificado",FALSE,FALSE,FALSE,"24","018","Huehuetlán"
1886,-24.3344937903253,-41.9252836867226,-4.09855517194254,0.596095744868236,"sintetico_postestratificado",FALSE,0.352750806964983,"sintetico_postestratificado",FALSE,FALSE,FALSE,"24","019","Lagunillas"
1887,-25.6700426081503,-42.3471625032341,-8.51606883178539,0.559709839640454,"muestra_directa",TRUE,0.303009413558951,"muestra_directa",TRUE,TRUE,TRUE,"24","020","Matehuala"
1888,-22.14347750458,-39.6069844112252,-4.31629433893448,0.551420196922761,"sintetico_postestratificado",FALSE,0.32998542187696,"sintetico_postestratificado",FALSE,FALSE,FALSE,"24","044","Vanegas"
1889,-21.3396563655406,-40.2279192866541,-1.98655563537187,0.530153970849817,"sintetico_postestratificado",FALSE,0.316757407194411,"sintetico_postestratificado",FALSE,FALSE,FALSE,"24","045","Venado"
1890,-22.4765701036206,-38.8307703908841,-4.47439111649272,0.565750793719033,"muestra_directa",TRUE,0.340985092682827,"muestra_directa",FALSE,TRUE,TRUE,"24","049","Villa de Ramos"
1891,-23.4345028484184,-38.2954400359072,-7.68485002657289,0.658743115676673,"muestra_directa",FALSE,0.42439808719249,"muestra_directa",FALSE,TRUE,FALSE,"25","010","El Fuerte"
1892,-24.3404211619874,-39.9387199614064,-5.89193773969408,0.593639961304129,"muestra_directa",TRUE,0.350235749684255,"muestra_directa",FALSE,TRUE,TRUE,"25","008","Elota"
1893,-24.2867631579016,-41.8902799691552,-6.54220733323861,0.586627465547071,"sintetico_postestratificado",FALSE,0.343759833968055,"sintetico_postestratificado",FALSE,FALSE,FALSE,"25","016","San Ignacio"
1894,-22.1664284015927,-36.88985414476,-6.08019755906797,0.574786716506809,"muestra_directa",FALSE,0.353122432490883,"muestra_directa",FALSE,TRUE,FALSE,"25","018","Navolato"
1895,-22.3726696235654,-39.408899817067,-4.41110148662773,0.613310119754456,"sintetico_postestratificado",FALSE,0.389583423518802,"sintetico_postestratificado",FALSE,FALSE,FALSE,"25","003","Badiraguato"
1896,-23.7450569145303,-40.7123948660457,-6.96323163758414,0.610321693468274,"sintetico_postestratificado",FALSE,0.372871124322971,"sintetico_postestratificado",FALSE,FALSE,FALSE,"25","014","Rosario"
1897,-22.6047922720619,-35.2965711547641,-10.0366185341975,0.657125048442188,"muestra_directa",FALSE,0.431077125721569,"muestra_directa",FALSE,TRUE,FALSE,"25","001","Ahome"
1898,-22.9571397869869,-38.6058128824733,-5.54198015291701,0.589629639637401,"muestra_directa",FALSE,0.360058241767532,"muestra_directa",FALSE,TRUE,FALSE,"25","002","Angostura"
1901,-22.2692936284057,-37.5413327457785,-6.52482493993235,0.554867842409807,"muestra_directa",FALSE,0.33217490612575,"muestra_directa",FALSE,TRUE,FALSE,"25","009","Escuinapa"
1902,-23.3453205072774,-38.1666435250156,-7.94600727369422,0.604692718931337,"muestra_directa",TRUE,0.371239513858563,"muestra_directa",FALSE,TRUE,TRUE,"25","004","Concordia"
1903,-21.3337469119863,-37.3504110155039,-4.33092684204864,0.619022482830865,"muestra_directa",TRUE,0.405685013711002,"muestra_directa",FALSE,TRUE,TRUE,"25","005","Cosalá"
1904,-23.0420863202359,-35.8164584536018,-10.9440499380296,0.625465982180849,"muestra_directa",FALSE,0.39504511897849,"muestra_directa",FALSE,TRUE,FALSE,"25","012","Mazatlán"
1905,-22.0703195151463,-38.7555451908129,-6.0433624999216,0.6021675135827,"muestra_directa",TRUE,0.381464318431237,"muestra_directa",TRUE,TRUE,TRUE,"25","007","Choix"
1906,-22.452071766819,-39.9528086458582,-4.45954703352197,0.590589932826078,"sintetico_postestratificado",FALSE,0.366069215157888,"sintetico_postestratificado",FALSE,FALSE,FALSE,"25","013","Mocorito"
1907,-25.5381174516091,-38.9232277328149,-12.4477004719568,0.625220749093075,"muestra_directa",FALSE,0.369839574576984,"muestra_directa",FALSE,TRUE,FALSE,"25","015","Salvador Alvarado"
1908,-24.9749352638565,-36.3164871175685,-13.4879044245958,0.60766395014267,"muestra_directa",FALSE,0.357914597504105,"muestra_directa",FALSE,TRUE,FALSE,"25","006","Culiacán"
1909,-21.9756763492341,-36.9817893589701,-6.10880357641688,0.574621853377582,"muestra_directa",TRUE,0.354865089885241,"muestra_directa",FALSE,TRUE,TRUE,"25","017","Sinaloa"
1910,-24.7372851107988,-36.6520980111927,-12.4341011723228,0.595421837007504,"muestra_directa",FALSE,0.348048985899516,"muestra_directa",FALSE,TRUE,FALSE,"25","011","Guasave"
1911,-23.1173662827383,-41.2023480246583,-5.46270830471216,0.597108959641494,"sintetico_postestratificado",FALSE,0.365935296814111,"sintetico_postestratificado",FALSE,FALSE,FALSE,"26","066","Ures"
1912,-21.2325912652438,-38.1779468593186,-3.05719896580353,0.532759949364521,"sintetico_postestratificado",FALSE,0.320434036712083,"sintetico_postestratificado",FALSE,FALSE,FALSE,"26","038","Moctezuma"
1913,-21.8747778241323,-36.7793403240226,-6.09854590823865,0.57925508985795,"muestra_directa",TRUE,0.360507311616627,"muestra_directa",TRUE,TRUE,TRUE,"26","033","Huatabampo"
1914,-20.9716303671267,-38.2623411242923,-1.31350299956701,0.608436522599071,"sintetico_postestratificado",FALSE,0.398720218927805,"sintetico_postestratificado",FALSE,FALSE,FALSE,"26","056","San Miguel de Horcasitas"
1915,-21.2341701644232,-38.5841367902657,-3.24298679909286,0.574464918055304,"sintetico_postestratificado",FALSE,0.362123216411072,"sintetico_postestratificado",FALSE,FALSE,FALSE,"26","031","Huachinera"
1916,-22.956585542091,-41.2939687716785,-3.94408544042102,0.588143829108137,"sintetico_postestratificado",FALSE,0.358577973687227,"sintetico_postestratificado",FALSE,FALSE,FALSE,"26","032","Huásabas"
1917,-22.3868574706866,-40.7013994248468,-3.36424927172315,0.567840251287048,"sintetico_postestratificado",FALSE,0.343971676580182,"sintetico_postestratificado",FALSE,FALSE,FALSE,"26","070","General Plutarco Elías Calles"
1918,-22.0752641165181,-41.083497729336,-1.83291498738689,0.578033422299098,"sintetico_postestratificado",FALSE,0.357280781133916,"sintetico_postestratificado",FALSE,FALSE,FALSE,"26","064","Trincheras"
1919,-22.9191531015273,-40.9552068360555,-5.60961763775626,0.578857360352195,"sintetico_postestratificado",FALSE,0.349665829336922,"sintetico_postestratificado",FALSE,FALSE,FALSE,"26","062","Suaqui Grande"
1920,-22.233789892078,-38.8719880138378,-4.52143811106624,0.592373610851557,"sintetico_postestratificado",FALSE,0.370035711930777,"sintetico_postestratificado",FALSE,FALSE,FALSE,"26","052","Sahuaripa"
1921,-22.1047956483678,-39.8166292126761,-5.12638611229893,0.611766886428572,"sintetico_postestratificado",FALSE,0.390718929944895,"sintetico_postestratificado",FALSE,FALSE,FALSE,"26","051","Rosario"
1922,-21.3432539915033,-39.3988449810562,-1.28328376099398,0.581823720077957,"sintetico_postestratificado",FALSE,0.368391180162924,"sintetico_postestratificado",FALSE,FALSE,FALSE,"26","037","Mazatán"
1923,-21.4342362318967,-39.4592114880108,-3.66919368335768,0.605120042388679,"sintetico_postestratificado",FALSE,0.390777680069712,"sintetico_postestratificado",FALSE,FALSE,FALSE,"26","021","La Colorada"
1924,-22.9349152512161,-39.925082878898,-5.40347426750997,0.562094086166517,"muestra_directa",TRUE,0.332744933654357,"muestra_directa",TRUE,TRUE,TRUE,"26","041","Nacozari de García"
1925,-27.5777373764541,-41.9545857026088,-13.5429002207695,0.628540181770208,"muestra_directa",FALSE,0.352762808005666,"muestra_directa",FALSE,TRUE,FALSE,"26","043","Nogales"
1926,-23.2514887824715,-40.5306891808523,-5.52622237308248,0.617410482539798,"sintetico_postestratificado",FALSE,0.384895594715083,"sintetico_postestratificado",FALSE,FALSE,FALSE,"26","034","Huépac"
1927,-22.6800497209567,-39.7682870156717,-4.30479449556029,0.604638731136428,"sintetico_postestratificado",FALSE,0.377838233926861,"sintetico_postestratificado",FALSE,FALSE,FALSE,"26","016","Benjamín Hill"
1928,-22.5217224085215,-39.0097247673227,-5.08641654260944,0.590200351692852,"muestra_directa",TRUE,0.364983127607636,"muestra_directa",FALSE,TRUE,TRUE,"26","014","Baviácora"
1929,-22.9145919695544,-39.3866492789029,-5.31941404782051,0.604252702982119,"sintetico_postestratificado",FALSE,0.375106783286575,"sintetico_postestratificado",FALSE,FALSE,FALSE,"26","015","Bavispe"
1930,-20.71444735098,-37.8286839261418,-3.0032267010866,0.5405804318529,"sintetico_postestratificado",FALSE,0.3334359583431,"sintetico_postestratificado",FALSE,FALSE,FALSE,"26","069","Yécora"
1931,-22.5730436765356,-39.9070155393764,-3.59719215220713,0.605054606609423,"sintetico_postestratificado",FALSE,0.379324169844067,"sintetico_postestratificado",FALSE,FALSE,FALSE,"26","009","Bacanora"
1932,-21.7059394653991,-37.378381274896,-6.45385620941443,0.560141542137498,"muestra_directa",FALSE,0.343082147483507,"muestra_directa",FALSE,TRUE,FALSE,"26","029","Guaymas"
1933,-19.9025630082488,-33.8461984606557,-4.76991311295867,0.510304266353462,"muestra_directa",FALSE,0.311278636270975,"muestra_directa",FALSE,TRUE,FALSE,"26","002","Agua Prieta"
1934,-24.0120134482067,-40.4584382368251,-5.29316449548168,0.581472874845292,"sintetico_postestratificado",FALSE,0.341352740363226,"sintetico_postestratificado",FALSE,FALSE,FALSE,"26","057","San Pedro de la Cueva"
1935,-20.4909972844821,-35.1127171678594,-4.79880297578669,0.569949956401537,"muestra_directa",FALSE,0.365039983556716,"muestra_directa",FALSE,TRUE,FALSE,"26","055","San Luis Río Colorado"
1936,-20.9302555977255,-37.5879526188521,-2.80218897546173,0.655115384364867,"sintetico_postestratificado",FALSE,0.445812828387613,"sintetico_postestratificado",FALSE,FALSE,FALSE,"26","024","Divisaderos"
1937,-23.3882834433844,-39.8939771778603,-4.64964103102901,0.591084010946641,"sintetico_postestratificado",FALSE,0.357201176512797,"sintetico_postestratificado",FALSE,FALSE,FALSE,"26","023","Cumpas"
1938,-22.2548216389142,-38.3590510532349,-3.67144332620884,0.599240588972537,"sintetico_postestratificado",FALSE,0.376692372583394,"sintetico_postestratificado",FALSE,FALSE,FALSE,"26","001","Aconchi"
1939,-22.489003462974,-39.4331506384557,-3.80863967450367,0.607598760781664,"sintetico_postestratificado",FALSE,0.382708726151924,"sintetico_postestratificado",FALSE,FALSE,FALSE,"26","003","Álamos"
1940,-17.6223017125325,-27.9158738029781,-7.26936477442844,0.473998177969084,"muestra_directa",FALSE,0.29777516084376,"muestra_directa",FALSE,TRUE,FALSE,"26","030","Hermosillo"
1941,-23.4605768812333,-40.4431915371377,-4.59608980111533,0.600990143839335,"sintetico_postestratificado",FALSE,0.366384375027002,"sintetico_postestratificado",FALSE,FALSE,FALSE,"26","022","Cucurpe"
1942,-22.2988110178088,-39.1490470217905,-1.7157769643841,0.579304424712183,"muestra_directa",TRUE,0.356316314534095,"muestra_directa",TRUE,TRUE,TRUE,"26","025","Empalme"
1943,-23.2196903848674,-42.177923570646,-4.92973610697369,0.57377828561029,"sintetico_postestratificado",FALSE,0.341581381761616,"sintetico_postestratificado",FALSE,FALSE,FALSE,"26","027","Fronteras"
1944,-23.653167118996,-42.0169215080197,-4.12935472385546,0.597827850137019,"sintetico_postestratificado",FALSE,0.361296178947059,"sintetico_postestratificado",FALSE,FALSE,FALSE,"26","005","Arivechi"
1945,-22.4768395060626,-39.2481343932682,-3.5552364090734,0.591160378630295,"sintetico_postestratificado",FALSE,0.366391983569669,"sintetico_postestratificado",FALSE,FALSE,FALSE,"26","006","Arizpe"
1946,-22.2424086439787,-37.3586628533375,-5.90741008244314,0.594466755690443,"muestra_directa",TRUE,0.372042669250656,"muestra_directa",FALSE,TRUE,TRUE,"26","035","Imuris"
1947,-22.2559772187273,-38.7975066742451,-3.80418540440973,0.59592845313202,"sintetico_postestratificado",FALSE,0.373368680944747,"sintetico_postestratificado",FALSE,FALSE,FALSE,"26","068","Villa Pesqueira"
1948,-23.4402659015129,-41.6389720446585,-3.05746164579336,0.615732935332323,"sintetico_postestratificado",FALSE,0.381330276317194,"sintetico_postestratificado",FALSE,FALSE,FALSE,"26","046","Oquitoa"
1949,-21.6234613043603,-38.8861829077633,-4.74523119150591,0.551478382624046,"sintetico_postestratificado",FALSE,0.335243769580443,"sintetico_postestratificado",FALSE,FALSE,FALSE,"26","026","Etchojoa"
1950,-23.7263442371798,-40.7326523520314,-6.59504808381449,0.602234774264457,"sintetico_postestratificado",FALSE,0.364971331892659,"sintetico_postestratificado",FALSE,FALSE,FALSE,"26","049","Quiriego"
1951,-22.855219836196,-39.6960802058303,-4.83893895352049,0.595521418210687,"sintetico_postestratificado",FALSE,0.366969219848728,"sintetico_postestratificado",FALSE,FALSE,FALSE,"26","071","Benito Juárez"
1952,-21.4937850391396,-38.208841638055,-2.5812434639586,0.58084626305243,"sintetico_postestratificado",FALSE,0.365908412661034,"sintetico_postestratificado",FALSE,FALSE,FALSE,"26","004","Altar"
1953,-22.3550858790827,-39.4205708255391,-3.63491881363575,0.57247861498491,"sintetico_postestratificado",FALSE,0.348927756194083,"sintetico_postestratificado",FALSE,FALSE,FALSE,"26","063","Tepache"
1954,-21.4829013667811,-39.6374738198872,-3.39150664680557,0.608502917348825,"sintetico_postestratificado",FALSE,0.393673903681013,"sintetico_postestratificado",FALSE,FALSE,FALSE,"26","028","Granados"
1955,-19.6148497926655,-36.7453877976101,-1.43210275491721,0.507246077033682,"muestra_directa",TRUE,0.311097579107027,"muestra_directa",FALSE,TRUE,TRUE,"26","048","Puerto Peñasco"
1956,-22.2879664592112,-39.3820058229254,-3.01772913495301,0.596700949078856,"sintetico_postestratificado",FALSE,0.373821284486743,"sintetico_postestratificado",FALSE,FALSE,FALSE,"26","017","Caborca"
1957,-21.9699298205639,-39.3541668381024,-3.80372578816971,0.600989569642799,"sintetico_postestratificado",FALSE,0.38129027143716,"sintetico_postestratificado",FALSE,FALSE,FALSE,"26","012","Bácum"
1958,-21.2634386510455,-39.5254736412433,-2.28430313757277,0.531669255824067,"sintetico_postestratificado",FALSE,0.319034869313612,"sintetico_postestratificado",FALSE,FALSE,FALSE,"26","044","Ónavas"
1959,-23.0542723856936,-41.3832955620782,-3.16669875200153,0.592672449473527,"sintetico_postestratificado",FALSE,0.362129725616592,"sintetico_postestratificado",FALSE,FALSE,FALSE,"26","036","Magdalena"
1960,-23.5261764311119,-40.3523227820568,-6.15656251572221,0.574660539755226,"sintetico_postestratificado",FALSE,0.339398775444107,"sintetico_postestratificado",FALSE,FALSE,FALSE,"26","013","Banámichi"
1961,-22.6918222910269,-39.4299199317897,-5.05774604644581,0.585504303805748,"sintetico_postestratificado",FALSE,0.358586080895479,"sintetico_postestratificado",FALSE,FALSE,FALSE,"26","010","Bacerac"
1962,-23.4926874580139,-40.315624046751,-5.1961347819029,0.576824836633428,"sintetico_postestratificado",FALSE,0.341897962053289,"sintetico_postestratificado",FALSE,FALSE,FALSE,"26","050","Rayón"
1963,-22.5045759282134,-40.6605678216328,-3.35002929563856,0.633683170914832,"sintetico_postestratificado",FALSE,0.408637411632699,"sintetico_postestratificado",FALSE,FALSE,FALSE,"26","072","San Ignacio Río Muerto"
1964,-22.0671242697074,-39.3043832757925,-4.02799530360451,0.611010182185175,"sintetico_postestratificado",FALSE,0.390338939488101,"sintetico_postestratificado",FALSE,FALSE,FALSE,"26","061","Soyopa"
1965,-20.7112913753828,-38.1825734843287,-3.19715607848957,0.53543653083354,"sintetico_postestratificado",FALSE,0.328323617079713,"sintetico_postestratificado",FALSE,FALSE,FALSE,"26","011","Bacoachi"
1966,-20.8790279872171,-35.4186001023882,-5.83370643411824,0.590254830824554,"muestra_directa",FALSE,0.381464550952383,"muestra_directa",FALSE,TRUE,FALSE,"26","018","Cajeme"
1967,-19.3861218054045,-33.4151057316446,-5.53774784347031,0.564758468497821,"muestra_directa",FALSE,0.370897250443776,"muestra_directa",FALSE,TRUE,FALSE,"26","047","Pitiquito"
1968,-21.5096371970258,-38.5655019437333,-4.27984675928746,0.583340377952368,"muestra_directa",TRUE,0.36824400598211,"muestra_directa",FALSE,TRUE,TRUE,"26","019","Cananea"
1969,-22.55709677348,-40.8317971795536,-3.90510399834675,0.583075105423987,"sintetico_postestratificado",FALSE,0.357504137689188,"sintetico_postestratificado",FALSE,FALSE,FALSE,"26","020","Carbó"
1970,-23.6177487772285,-42.1907866644486,-2.82837444711053,0.582860784778124,"sintetico_postestratificado",FALSE,0.346683297005838,"sintetico_postestratificado",FALSE,FALSE,FALSE,"26","053","San Felipe de Jesús"
1971,-19.6770728049961,-34.4551394428797,-3.14238894360872,0.518876721242838,"muestra_directa",FALSE,0.322105993192877,"muestra_directa",FALSE,TRUE,FALSE,"26","042","Navojoa"
1972,-20.0362824597576,-37.9681461537466,0.057944765206756,0.567745056017566,"sintetico_postestratificado",FALSE,0.36738223141999,"sintetico_postestratificado",FALSE,FALSE,FALSE,"26","008","Bacadéhuachi"
1973,-21.2581731654145,-40.2037342316176,-1.03023204088219,0.584108700942915,"sintetico_postestratificado",FALSE,0.371526969288771,"sintetico_postestratificado",FALSE,FALSE,FALSE,"26","060","Sáric"
1974,-22.0890482688866,-40.476628575047,-1.92124493843289,0.623808705972774,"sintetico_postestratificado",FALSE,0.402918223283908,"sintetico_postestratificado",FALSE,FALSE,FALSE,"26","039","Naco"
1975,-24.0250276669154,-42.5597991761104,-5.07653795869211,0.614235975213749,"sintetico_postestratificado",FALSE,0.373985698544595,"sintetico_postestratificado",FALSE,FALSE,FALSE,"26","059","Santa Cruz"
1976,-22.301869559763,-39.3744250537407,-2.64603335848211,0.581897552561716,"sintetico_postestratificado",FALSE,0.358878856964086,"sintetico_postestratificado",FALSE,FALSE,FALSE,"26","040","Nácori Chico"
1977,-22.7729086954795,-39.3890793459577,-5.12846861345345,0.534440751288783,"sintetico_postestratificado",FALSE,0.306711664333988,"sintetico_postestratificado",FALSE,FALSE,FALSE,"26","067","Villa Hidalgo"
1978,-21.4364738653039,-39.260210321784,-2.51210501520538,0.562646511115234,"sintetico_postestratificado",FALSE,0.348281772462195,"sintetico_postestratificado",FALSE,FALSE,FALSE,"26","065","Tubutama"
1979,-20.1264906992411,-38.2563357602587,0.52170388668408,0.59454590269736,"sintetico_postestratificado",FALSE,0.393280995704949,"sintetico_postestratificado",FALSE,FALSE,FALSE,"26","007","Atil"
1980,-23.1213759030737,-41.2608442577106,-5.7362063444855,0.557058730630125,"sintetico_postestratificado",FALSE,0.325844971599389,"sintetico_postestratificado",FALSE,FALSE,FALSE,"26","045","Opodepe"
1981,-20.7386005655866,-38.07629465163,-2.79357836585804,0.597284955316303,"sintetico_postestratificado",FALSE,0.389898949660437,"sintetico_postestratificado",FALSE,FALSE,FALSE,"26","054","San Javier"
1982,-22.1382935398967,-39.3264795126743,-4.2248954430382,0.560451629938144,"sintetico_postestratificado",FALSE,0.339068694539177,"sintetico_postestratificado",FALSE,FALSE,FALSE,"26","058","Santa Ana"
1983,-23.8751348650641,-37.5097817652946,-9.81066527637316,0.577228021203521,"muestra_directa",FALSE,0.33847667255288,"muestra_directa",FALSE,TRUE,FALSE,"27","006","Cunduacán"
1984,-23.9935594979253,-41.1005373538864,-7.54195750790202,0.574997916557722,"muestra_directa",TRUE,0.33506232157847,"muestra_directa",TRUE,TRUE,TRUE,"27","001","Balancán"
1985,-23.6458083914591,-38.5938278080707,-7.15787993222904,0.526383360320268,"muestra_directa",TRUE,0.289925276405677,"muestra_directa",FALSE,TRUE,TRUE,"27","016","Teapa"
1986,-24.4561131492686,-40.7374009845904,-6.49352482704121,0.598348097664715,"sintetico_postestratificado",FALSE,0.353786966172029,"sintetico_postestratificado",FALSE,FALSE,FALSE,"27","015","Tacotalpa"
1987,-23.6505669268945,-41.0027330762664,-5.3788236738755,0.586572900438555,"sintetico_postestratificado",FALSE,0.35006723116961,"sintetico_postestratificado",FALSE,FALSE,FALSE,"27","014","Paraíso"
1988,-21.9864950060077,-37.9764247574131,-5.43816791210414,0.568193812182279,"muestra_directa",FALSE,0.348328862122202,"muestra_directa",FALSE,TRUE,FALSE,"27","012","Macuspana"
1989,-20.9443430149037,-34.6147570244269,-7.65065053251211,0.607044535013337,"muestra_directa",FALSE,0.3976011048643,"muestra_directa",FALSE,TRUE,FALSE,"27","002","Cárdenas"
1990,-24.5978219265037,-42.1236502796706,-6.39571731032423,0.560030585945513,"sintetico_postestratificado",FALSE,0.314052366680477,"sintetico_postestratificado",FALSE,FALSE,FALSE,"27","003","Centla"
1991,-19.4326219181354,-31.5962024194065,-4.72578106527658,0.595684086686258,"muestra_directa",FALSE,0.401357867504904,"muestra_directa",FALSE,TRUE,FALSE,"27","004","Centro"
1992,-21.7577421655556,-35.0593088722692,-6.40038378685496,0.582596771440162,"muestra_directa",FALSE,0.365019349784606,"muestra_directa",FALSE,TRUE,FALSE,"27","005","Comalcalco"
1993,-23.4767037525689,-38.662521977768,-7.948477511685,0.596308727375104,"muestra_directa",FALSE,0.361541689849415,"muestra_directa",FALSE,TRUE,FALSE,"27","007","Emiliano Zapata"
1994,-22.9902210918442,-36.8642763318439,-9.08798759687855,0.633631354656564,"muestra_directa",FALSE,0.403729143738121,"muestra_directa",FALSE,TRUE,FALSE,"27","008","Huimanguillo"
1995,-24.3135491616329,-41.8568004690856,-6.98990385014014,0.609442542604249,"muestra_directa",TRUE,0.36630705098792,"muestra_directa",TRUE,TRUE,TRUE,"27","009","Jalapa"
1996,-23.9414429637195,-40.1630765763243,-9.13784531049423,0.565469793350504,"muestra_directa",TRUE,0.326055363713309,"muestra_directa",FALSE,TRUE,TRUE,"27","010","Jalpa de Méndez"
1997,-26.1642584109801,-42.5642483152905,-8.83077904174247,0.595972407670252,"muestra_directa",TRUE,0.334329823560451,"muestra_directa",FALSE,TRUE,TRUE,"27","011","Jonuta"
1998,-23.5801291190807,-37.1898668416481,-9.58160931189968,0.575010892738053,"muestra_directa",FALSE,0.339209601547246,"muestra_directa",FALSE,TRUE,FALSE,"27","013","Nacajuca"
1999,-23.7978587170394,-40.9489631477647,-7.06148158044957,0.5879761729712,"muestra_directa",TRUE,0.349997585800806,"muestra_directa",TRUE,TRUE,TRUE,"27","017","Tenosique"
2000,-23.4286720701318,-34.6417905016483,-12.2732244889173,0.551525138699424,"muestra_directa",FALSE,0.317238417998105,"muestra_directa",FALSE,TRUE,FALSE,"28","003","Altamira"
2001,-20.326928809585,-34.359012217527,-6.27393460510502,0.492181125604439,"muestra_directa",FALSE,0.288911837508589,"muestra_directa",FALSE,TRUE,FALSE,"28","041","Victoria"
2002,-22.1077557316047,-38.9159229984378,-5.12929588103653,0.579972899331163,"sintetico_postestratificado",FALSE,0.358895342015117,"sintetico_postestratificado",FALSE,FALSE,FALSE,"28","010","Cruillas"
2003,-21.5774924723502,-38.2131868903964,-3.55571338368736,0.567447383725529,"sintetico_postestratificado",FALSE,0.351672459002027,"sintetico_postestratificado",FALSE,FALSE,FALSE,"28","024","Mier"
2004,-21.1078159452982,-39.2845379138113,-1.72302601042539,0.561701218080479,"sintetico_postestratificado",FALSE,0.350623058627497,"sintetico_postestratificado",FALSE,FALSE,FALSE,"28","015","Gustavo Díaz Ordaz"
2005,-21.0921057260393,-39.2177954102962,-3.09001001042692,0.54475153410091,"sintetico_postestratificado",FALSE,0.333830476840517,"sintetico_postestratificado",FALSE,FALSE,FALSE,"28","025","Miguel Alemán"
2006,-20.7184672668282,-39.9710352494935,-1.02067480111711,0.562022546312007,"sintetico_postestratificado",FALSE,0.354837873643725,"sintetico_postestratificado",FALSE,FALSE,FALSE,"28","040","Valle Hermoso"
2007,-21.8654414374582,-39.1150113722145,-3.49234075084765,0.548632368022558,"sintetico_postestratificado",FALSE,0.329977953647976,"sintetico_postestratificado",FALSE,FALSE,FALSE,"28","023","Méndez"
2008,-19.8486195956558,-37.9028554085106,-2.13496633328904,0.582405584436874,"sintetico_postestratificado",FALSE,0.383919388480316,"sintetico_postestratificado",FALSE,FALSE,FALSE,"28","031","Palmillas"
2009,-21.874099717915,-39.0513985856114,-6.25343622839056,0.540712247384415,"sintetico_postestratificado",FALSE,0.321971250205265,"sintetico_postestratificado",FALSE,FALSE,FALSE,"28","039","Tula"
2010,-23.2563614506436,-37.6384032542271,-7.84713875962685,0.592093836886163,"muestra_directa",FALSE,0.359530222379727,"muestra_directa",FALSE,TRUE,FALSE,"28","038","Tampico"
2011,-20.6461079185452,-38.5056757707699,-3.70073852017662,0.531898317129033,"sintetico_postestratificado",FALSE,0.325437237943581,"sintetico_postestratificado",FALSE,FALSE,FALSE,"28","037","Soto la Marina"
2012,-21.8250806194286,-38.5277224460275,-3.83626374662174,0.598651284735586,"muestra_directa",TRUE,0.3804004785413,"muestra_directa",TRUE,TRUE,TRUE,"28","007","Camargo"
2013,-21.1347235256245,-38.1439011577981,-3.09689315146914,0.527678970745012,"sintetico_postestratificado",FALSE,0.316331735488767,"sintetico_postestratificado",FALSE,FALSE,FALSE,"28","005","Burgos"
2014,-19.9288311574614,-35.1881449988274,-4.430686608304,0.514645469629836,"muestra_directa",FALSE,0.315357158055222,"muestra_directa",FALSE,TRUE,FALSE,"28","032","Reynosa"
2015,-21.6352708130847,-37.3751589677527,-5.51470812682292,0.507504920040766,"muestra_directa",TRUE,0.291152211909919,"muestra_directa",FALSE,TRUE,TRUE,"28","033","Río Bravo"
2016,-22.0418415928339,-38.4290147952755,-5.10309962770056,0.573421339392202,"muestra_directa",TRUE,0.353002923463863,"muestra_directa",TRUE,TRUE,TRUE,"28","029","Ocampo"
2017,-22.9936683196794,-39.7343113860261,-5.26248274794736,0.576735144982922,"sintetico_postestratificado",FALSE,0.346798461786128,"sintetico_postestratificado",FALSE,FALSE,FALSE,"28","030","Padilla"
2018,-20.3545902192475,-37.1775203217976,-2.01423684933686,0.610358574608809,"sintetico_postestratificado",FALSE,0.406812672416335,"sintetico_postestratificado",FALSE,FALSE,FALSE,"28","034","San Carlos"
2019,-22.9380784715923,-39.5228332275257,-4.80247661821776,0.605346256634679,"sintetico_postestratificado",FALSE,0.375965471918756,"sintetico_postestratificado",FALSE,FALSE,FALSE,"28","035","San Fernando"
2020,-22.7927131647448,-36.6504276942671,-7.30733804075688,0.6351530381119,"muestra_directa",FALSE,0.407225906464452,"muestra_directa",FALSE,TRUE,FALSE,"28","022","Matamoros"
2021,-22.4189852164971,-39.056105475613,-3.69774421255768,0.609593801433874,"sintetico_postestratificado",FALSE,0.385403949268903,"sintetico_postestratificado",FALSE,FALSE,FALSE,"28","036","San Nicolás"
2022,-22.090514226156,-39.5393364760887,-4.31739514708747,0.578106672700143,"sintetico_postestratificado",FALSE,0.357201530438582,"sintetico_postestratificado",FALSE,FALSE,FALSE,"28","028","Nuevo Morelos"
2023,-22.7230054542215,-39.8614664304178,-5.64945230294857,0.570610704462035,"muestra_directa",TRUE,0.34338064991982,"muestra_directa",TRUE,TRUE,TRUE,"28","021","El Mante"
2024,-23.3377701525662,-40.254596989316,-5.28308295664145,0.607103470437548,"sintetico_postestratificado",FALSE,0.373725768911886,"sintetico_postestratificado",FALSE,FALSE,FALSE,"28","011","Gómez Farías"
2025,-22.9196986263591,-39.547983766919,-5.64654735054001,0.561522195726353,"sintetico_postestratificado",FALSE,0.332325209462762,"sintetico_postestratificado",FALSE,FALSE,FALSE,"28","012","González"
2026,-20.9803249919747,-35.5523197965376,-4.39033330172718,0.543455380131007,"muestra_directa",FALSE,0.33365213021126,"muestra_directa",FALSE,TRUE,FALSE,"28","027","Nuevo Laredo"
2027,-21.765810528261,-39.1390567408742,-4.89206903111179,0.561309733667204,"sintetico_postestratificado",FALSE,0.343651628384593,"sintetico_postestratificado",FALSE,FALSE,FALSE,"28","013","Güémez"
2028,-22.7858777202914,-40.1866561697669,-3.71632536374633,0.588844244618404,"sintetico_postestratificado",FALSE,0.36098546741549,"sintetico_postestratificado",FALSE,FALSE,FALSE,"28","004","Antiguo Morelos"
2029,-24.1071250588436,-41.2040879216936,-7.55728528112606,0.614530847945112,"sintetico_postestratificado",FALSE,0.373459597356677,"sintetico_postestratificado",FALSE,FALSE,FALSE,"28","006","Bustamante"
2030,-22.4061904485238,-38.8620387288005,-5.09723545091883,0.554896183146324,"muestra_directa",TRUE,0.330834278661086,"muestra_directa",TRUE,TRUE,TRUE,"28","016","Hidalgo"
2031,-22.9032216485941,-38.533985368997,-6.85261983220565,0.585588884618212,"sintetico_postestratificado",FALSE,0.35655666813227,"sintetico_postestratificado",FALSE,FALSE,FALSE,"28","019","Llera"
2032,-19.7795357333994,-34.6761089115598,-3.50811065635686,0.505815464080025,"muestra_directa",FALSE,0.308020106746031,"muestra_directa",FALSE,TRUE,FALSE,"28","017","Jaumave"
2033,-20.3183536799863,-37.8043790933673,-2.90635043446443,0.568295217019576,"sintetico_postestratificado",FALSE,0.365111680219713,"sintetico_postestratificado",FALSE,FALSE,FALSE,"28","020","Mainero"
2034,-20.4726848170172,-36.9731753496299,-3.59893299472782,0.496114198841307,"sintetico_postestratificado",FALSE,0.291387350671135,"sintetico_postestratificado",FALSE,FALSE,FALSE,"28","008","Casas"
2035,-23.2263652867552,-39.8434124137858,-3.48131912820029,0.584850494940036,"sintetico_postestratificado",FALSE,0.352586842072484,"sintetico_postestratificado",FALSE,FALSE,FALSE,"28","043","Xicoténcatl"
2036,-20.0897643313781,-38.9744908114609,-0.283447874013925,0.528912408401043,"sintetico_postestratificado",FALSE,0.328014765087262,"sintetico_postestratificado",FALSE,FALSE,FALSE,"28","042","Villagrán"
2037,-21.9766761518479,-38.5900633832524,-3.1688780997437,0.558980432273819,"sintetico_postestratificado",FALSE,0.33921367075534,"sintetico_postestratificado",FALSE,FALSE,FALSE,"28","014","Guerrero"
2038,-26.5720163360887,-42.2229751746908,-9.90572985817855,0.599147794043823,"muestra_directa",TRUE,0.333427630682935,"muestra_directa",FALSE,TRUE,TRUE,"28","009","Ciudad Madero"
2039,-23.4050612985396,-41.2342620814462,-5.88918205622447,0.564805169792298,"sintetico_postestratificado",FALSE,0.330754556806903,"sintetico_postestratificado",FALSE,FALSE,FALSE,"28","026","Miquihuana"
2040,-22.5562450683475,-39.9222025946617,-4.89291431025865,0.586984935498441,"sintetico_postestratificado",FALSE,0.361422484814966,"sintetico_postestratificado",FALSE,FALSE,FALSE,"28","001","Abasolo"
2041,-22.2950253363613,-39.507955918639,-3.63693263801688,0.582060328757615,"sintetico_postestratificado",FALSE,0.359110075394002,"sintetico_postestratificado",FALSE,FALSE,FALSE,"28","002","Aldama"
2042,-23.0083400098283,-37.0431352000217,-6.41167024947283,0.619871020362897,"muestra_directa",FALSE,0.389787620264615,"muestra_directa",FALSE,TRUE,FALSE,"28","018","Jiménez"
2043,-24.2658015549956,-41.7736240026459,-5.90224966558377,0.612086831409024,"muestra_directa",TRUE,0.369428815859068,"muestra_directa",TRUE,TRUE,TRUE,"29","019","Tepetitla de Lardizábal"
2044,-25.7378441728713,-42.6374169359173,-7.2161867374933,0.601399594878423,"sintetico_postestratificado",FALSE,0.34402115314971,"sintetico_postestratificado",FALSE,FALSE,FALSE,"29","045","Benito Juárez"
2045,-22.6151032402755,-39.111354104593,-4.54388923111778,0.573151821429002,"sintetico_postestratificado",FALSE,0.347000789026248,"sintetico_postestratificado",FALSE,FALSE,FALSE,"29","047","Lázaro Cárdenas"
2046,-22.8112273992012,-37.393578884703,-7.55944751434449,0.547340699105844,"muestra_directa",FALSE,0.319228425113832,"muestra_directa",FALSE,TRUE,FALSE,"29","033","Tlaxcala"
2047,-25.9198932391339,-42.9935439425866,-8.09595897126413,0.577509765806518,"sintetico_postestratificado",FALSE,0.318310833415179,"sintetico_postestratificado",FALSE,FALSE,FALSE,"29","059","Santa Cruz Quilehtla"
2048,-26.5516322149205,-42.5609984008707,-9.15221338996861,0.588798764151708,"muestra_directa",TRUE,0.323282442002503,"muestra_directa",TRUE,TRUE,TRUE,"29","004","Atltzayanca"
2049,-23.8944960499848,-39.789480587777,-6.54076546596028,0.535843388450899,"sintetico_postestratificado",FALSE,0.296898427951051,"sintetico_postestratificado",FALSE,FALSE,FALSE,"29","054","San Lorenzo Axocomanitla"
2050,-23.9366033156444,-40.8692897931532,-6.55173596335035,0.52411708940965,"sintetico_postestratificado",FALSE,0.284751056253206,"sintetico_postestratificado",FALSE,FALSE,FALSE,"29","042","Xicohtzinco"
2051,-24.937004678753,-40.4007800482798,-9.03361027846491,0.534512645212262,"muestra_directa",TRUE,0.285142598424732,"muestra_directa",TRUE,TRUE,TRUE,"29","044","Zacatelco"
2052,-24.2550684990157,-39.868771372234,-5.20562408069944,0.565694769239243,"sintetico_postestratificado",FALSE,0.323144084249086,"sintetico_postestratificado",FALSE,FALSE,FALSE,"29","053","San Juan Huactzinco"
2053,-25.8089187034812,-42.4585141388827,-8.27905317180696,0.579632410084908,"sintetico_postestratificado",FALSE,0.321543223050096,"sintetico_postestratificado",FALSE,FALSE,FALSE,"29","008","Cuapiaxtla"
2054,-25.5819783422513,-40.6544233736832,-8.18791082749455,0.572224527889862,"sintetico_postestratificado",FALSE,0.316404744467348,"sintetico_postestratificado",FALSE,FALSE,FALSE,"29","029","Tepeyanco"
2055,-25.1060595944608,-41.8400093646321,-7.05628436115793,0.589325764714924,"sintetico_postestratificado",FALSE,0.338265168770316,"sintetico_postestratificado",FALSE,FALSE,FALSE,"29","046","Emiliano Zapata"
2056,-26.8922077071098,-42.1002732599832,-10.9748345831652,0.583996207312221,"muestra_directa",TRUE,0.315074130241122,"muestra_directa",FALSE,TRUE,TRUE,"29","025","San Pablo del Monte"
2057,-23.7099971825878,-39.3122686856612,-7.81539392989473,0.58823463800275,"muestra_directa",TRUE,0.351134666176872,"muestra_directa",FALSE,TRUE,TRUE,"29","058","Santa Catarina Ayometla"
2058,-20.3474803244204,-35.2404933984657,-4.97151662639032,0.534535756880685,"muestra_directa",FALSE,0.331060953636481,"muestra_directa",FALSE,TRUE,FALSE,"29","014","Hueyotlipan"
2059,-21.7003656677878,-36.8190885752943,-5.13528357260076,0.587296056173042,"muestra_directa",TRUE,0.370292399495165,"muestra_directa",TRUE,TRUE,TRUE,"29","028","Teolocholco"
2060,-23.8258285761896,-39.8836619234769,-8.41364063261597,0.507946571261468,"sintetico_postestratificado",FALSE,0.269688285499572,"sintetico_postestratificado",FALSE,FALSE,FALSE,"29","040","Xaltocan"
2061,-24.748265254137,-41.3180392036069,-6.48623272093968,0.53517977910165,"sintetico_postestratificado",FALSE,0.28769712656028,"sintetico_postestratificado",FALSE,FALSE,FALSE,"29","060","Santa Isabel Xiloxoxtla"
2062,-24.2366459899272,-38.9663821584301,-9.02447770978272,0.561669974627624,"muestra_directa",TRUE,0.319303514728353,"muestra_directa",FALSE,TRUE,TRUE,"29","015","Ixtacuixtla de Mariano Matamoros"
2063,-23.755436757128,-40.3928742456524,-4.86959104713279,0.531754059785366,"sintetico_postestratificado",FALSE,0.294199692214085,"sintetico_postestratificado",FALSE,FALSE,FALSE,"29","057","Santa Apolonia Teacalco"
2064,-23.2927206681847,-40.2881214105789,-4.52829773541076,0.554458465523439,"sintetico_postestratificado",FALSE,0.321531258841592,"sintetico_postestratificado",FALSE,FALSE,FALSE,"29","056","Santa Ana Nopalucan"
2065,-23.1650003715664,-39.2785803699592,-6.5020553768023,0.556812151254209,"sintetico_postestratificado",FALSE,0.325162147538545,"sintetico_postestratificado",FALSE,FALSE,FALSE,"29","051","San Jerónimo Zacualpan"
2066,-22.7995272314145,-39.3743563159374,-6.18114686791297,0.562210105166639,"muestra_directa",TRUE,0.334214832852494,"muestra_directa",TRUE,TRUE,TRUE,"29","041","Papalotla de Xicohténcatl"
2067,-21.8454421438448,-38.1226426557396,-4.19987894046141,0.575852536295237,"muestra_directa",TRUE,0.357398114856789,"muestra_directa",TRUE,TRUE,TRUE,"29","038","Tzompantepec"
2068,-21.3588642075489,-36.5279187071241,-5.89011978195998,0.551246843521446,"muestra_directa",TRUE,0.337658201445957,"muestra_directa",FALSE,TRUE,TRUE,"29","023","Natívitas"
2069,-22.2535287296243,-38.6613685995164,-4.65125365649363,0.557948298139244,"sintetico_postestratificado",FALSE,0.335413010843001,"sintetico_postestratificado",FALSE,FALSE,FALSE,"29","020","Sanctórum de Lázaro Cárdenas"
2070,-24.0626975581464,-41.5532930815396,-5.37866179419753,0.542683025608511,"sintetico_postestratificado",FALSE,0.302056050027047,"sintetico_postestratificado",FALSE,FALSE,FALSE,"29","017","Mazatecochco de José María Morelos"
2071,-25.4106588377537,-43.0837892469869,-8.03312423978201,0.593179320825797,"sintetico_postestratificado",FALSE,0.339072732448261,"sintetico_postestratificado",FALSE,FALSE,FALSE,"29","022","Acuamanala de Miguel Hidalgo"
2072,-24.8567735387557,-41.1969924641273,-7.00648954493482,0.586284566487157,"muestra_directa",TRUE,0.3377168310996,"muestra_directa",TRUE,TRUE,TRUE,"29","001","Amaxac de Guerrero"
2073,-25.2480085359772,-41.2994560701104,-7.1061246368497,0.550917261583347,"muestra_directa",TRUE,0.298437176223575,"muestra_directa",TRUE,TRUE,TRUE,"29","006","Calpulalpan"
2074,-24.4108630885323,-40.7729904210415,-7.73860872077615,0.567862171093302,"sintetico_postestratificado",FALSE,0.323753540207978,"sintetico_postestratificado",FALSE,FALSE,FALSE,"29","016","Ixtenco"
2075,-25.1975512815208,-41.592463561964,-8.79200474491517,0.591630503159824,"sintetico_postestratificado",FALSE,0.339654990344616,"sintetico_postestratificado",FALSE,FALSE,FALSE,"29","049","San Damián Texóloc"
2076,-22.7014725009864,-37.9156957454301,-7.60973058875927,0.558364366805679,"muestra_directa",FALSE,0.331349641795814,"muestra_directa",FALSE,TRUE,FALSE,"29","043","Yauhquemehcan"
2077,-27.9932007026559,-42.2282101284957,-14.3080855321523,0.578821911602304,"muestra_directa",FALSE,0.298889904575745,"muestra_directa",FALSE,TRUE,FALSE,"29","013","Huamantla"
2078,-22.411588877042,-37.4763601842242,-5.48219577512655,0.531934826623465,"muestra_directa",TRUE,0.307818937853045,"muestra_directa",FALSE,TRUE,TRUE,"29","002","Apetatitlán de Antonio Carvajal"
2079,-26.2349008546253,-41.9705665429302,-9.19830615926295,0.614845100450371,"muestra_directa",TRUE,0.352496091904118,"muestra_directa",TRUE,TRUE,TRUE,"29","005","Apizaco"
2080,-26.3039641922385,-40.8114918935136,-10.9692563366732,0.553482275951287,"muestra_directa",TRUE,0.290442634028902,"muestra_directa",FALSE,TRUE,TRUE,"29","018","Contla de Juan Cuamatzi"
2081,-23.8403955057539,-41.0322427671936,-6.09449805973378,0.569615318026127,"muestra_directa",TRUE,0.331211362968588,"muestra_directa",TRUE,TRUE,TRUE,"29","003","Atlangatepec"
2082,-23.7209418685203,-40.7928055361109,-5.7103770231945,0.58195859653771,"sintetico_postestratificado",FALSE,0.344749177852507,"sintetico_postestratificado",FALSE,FALSE,FALSE,"29","011","Muñoz de Domingo Arenas"
2083,-23.183777673762,-40.1849221299384,-6.29346628694072,0.575973747033377,"sintetico_postestratificado",FALSE,0.344135970295758,"sintetico_postestratificado",FALSE,FALSE,FALSE,"29","009","Cuaxomulco"
2084,-25.5878447406366,-42.1193721020354,-8.47979767070616,0.564586315209805,"muestra_directa",TRUE,0.308707867803439,"muestra_directa",TRUE,TRUE,TRUE,"29","010","Chiautempan"
2085,-26.3313057952799,-41.3030470657148,-10.8771151109649,0.566068482871256,"muestra_directa",TRUE,0.302755424918457,"muestra_directa",FALSE,TRUE,TRUE,"29","007","El Carmen Tequexquitla"
2086,-24.5708922906185,-41.9399758658791,-7.16254923037888,0.576674887225819,"sintetico_postestratificado",FALSE,0.330965964319634,"sintetico_postestratificado",FALSE,FALSE,FALSE,"29","021","Nanacamilpa de Mariano Arista"
2087,-24.5789462521766,-40.857182796638,-6.98003002358546,0.606555374476152,"sintetico_postestratificado",FALSE,0.360765911954386,"sintetico_postestratificado",FALSE,FALSE,FALSE,"29","012","Españita"
2088,-25.0363113908767,-40.3413171468941,-9.61392132259367,0.648622643775468,"muestra_directa",FALSE,0.398259529866701,"muestra_directa",FALSE,TRUE,FALSE,"29","031","Tetla de la Solidaridad"
2089,-25.1814390172972,-40.3028426936233,-9.82144992442002,0.60145782456312,"muestra_directa",TRUE,0.349643434390148,"muestra_directa",TRUE,TRUE,TRUE,"29","032","Tetlatlahuca"
2090,-23.861047450806,-40.3758333170602,-7.32372314390066,0.526564147991359,"sintetico_postestratificado",FALSE,0.287953673483299,"sintetico_postestratificado",FALSE,FALSE,FALSE,"29","034","Tlaxco"
2091,-23.3786522488795,-40.0131809738012,-6.22387871159543,0.551371894406915,"muestra_directa",TRUE,0.31758537191812,"muestra_directa",TRUE,TRUE,TRUE,"29","035","Tocatlán"
2092,-26.2551325366351,-43.1637579821764,-8.13706843845212,0.571246173414499,"sintetico_postestratificado",FALSE,0.308694848048148,"sintetico_postestratificado",FALSE,FALSE,FALSE,"29","030","Terrenate"
2093,-24.0917636549237,-40.3864987702221,-6.20741737761349,0.562936662719123,"sintetico_postestratificado",FALSE,0.322019026169886,"sintetico_postestratificado",FALSE,FALSE,FALSE,"29","026","Santa Cruz Tlaxcala"
2094,-23.9274339349675,-40.3517952329899,-7.58214000103065,0.535581918524345,"sintetico_postestratificado",FALSE,0.29630757917467,"sintetico_postestratificado",FALSE,FALSE,FALSE,"29","050","San Francisco Tetlanohcan"
2095,-22.6847994553679,-39.1606241808959,-5.85514208479172,0.544702148636025,"sintetico_postestratificado",FALSE,0.317854154082346,"sintetico_postestratificado",FALSE,FALSE,FALSE,"29","052","San José Teacalco"
2096,-22.5320179914212,-39.4667970165303,-4.56933341094645,0.539025936666345,"muestra_directa",TRUE,0.313705756752133,"muestra_directa",TRUE,TRUE,TRUE,"29","027","Tenancingo"
2097,-24.1364058106294,-39.7818523500656,-6.05029897111354,0.584357148036861,"sintetico_postestratificado",FALSE,0.342993089930566,"sintetico_postestratificado",FALSE,FALSE,FALSE,"29","055","San Lucas Tecopilco"
2098,-24.8521836329075,-41.4613001993174,-7.51415683434467,0.554470971892167,"sintetico_postestratificado",FALSE,0.305949135563092,"sintetico_postestratificado",FALSE,FALSE,FALSE,"29","024","Panotla"
2099,-24.3174640902477,-40.3163334495608,-7.13508035278097,0.566978319075471,"sintetico_postestratificado",FALSE,0.323803678172993,"sintetico_postestratificado",FALSE,FALSE,FALSE,"29","037","Ziltlaltépec de Trinidad Sánchez Santos"
2101,-23.2913573716741,-39.9981593305739,-5.93781298584549,0.526326612140116,"muestra_directa",TRUE,0.293413038423375,"muestra_directa",TRUE,TRUE,TRUE,"29","039","Xaloztoc"
2102,-24.7172342105605,-40.9843273090699,-6.39831878425581,0.570764606379311,"sintetico_postestratificado",FALSE,0.323592264273706,"sintetico_postestratificado",FALSE,FALSE,FALSE,"29","036","Totolac"
2103,-23.106180836916,-39.7621295969825,-6.48487035382009,0.523554613473981,"sintetico_postestratificado",FALSE,0.292492805104821,"sintetico_postestratificado",FALSE,FALSE,FALSE,"30","162","Tenampa"
2104,-20.1193478124785,-37.7392901243939,-3.75309370263083,0.475540080236974,"sintetico_postestratificado",FALSE,0.27434660211219,"sintetico_postestratificado",FALSE,FALSE,FALSE,"30","169","José Azueta"
2105,-24.3602618254253,-40.1268147882454,-6.22424400754231,0.54832716617536,"sintetico_postestratificado",FALSE,0.304724547921107,"sintetico_postestratificado",FALSE,FALSE,FALSE,"30","185","Tlilapan"
2106,-25.6740340147067,-41.5660572454041,-7.40038655508519,0.584208270730069,"sintetico_postestratificado",FALSE,0.327467930583002,"sintetico_postestratificado",FALSE,FALSE,FALSE,"30","187","Tonayán"
2107,-24.7994534752478,-42.8914143607612,-8.3354013211817,0.582599189882795,"sintetico_postestratificado",FALSE,0.334604655130317,"sintetico_postestratificado",FALSE,FALSE,FALSE,"30","188","Totutla"
2108,-22.1612080102237,-39.4315476330426,-4.69412883431633,0.520857281730481,"sintetico_postestratificado",FALSE,0.299245201628244,"sintetico_postestratificado",FALSE,FALSE,FALSE,"30","189","Tuxpan"
2109,-23.4763178068395,-40.3239348272523,-4.59874726404923,0.552900389160136,"sintetico_postestratificado",FALSE,0.31813721109174,"sintetico_postestratificado",FALSE,FALSE,FALSE,"30","190","Tuxtilla"
2110,-22.3143963085042,-40.4809111890389,-5.2566443383952,0.536399882264158,"sintetico_postestratificado",FALSE,0.313255919179116,"sintetico_postestratificado",FALSE,FALSE,FALSE,"30","078","Ixcatepec"
2111,-24.162876533615,-41.4736196800101,-6.15979722210025,0.557371511310933,"sintetico_postestratificado",FALSE,0.315742745974783,"sintetico_postestratificado",FALSE,FALSE,FALSE,"30","191","Ursulo Galván"
2112,-22.2417686460909,-37.4582358076688,-6.10606816701771,0.533053042935262,"muestra_directa",TRUE,0.310635356474353,"muestra_directa",TRUE,TRUE,TRUE,"30","079","Ixhuacán de los Reyes"
2113,-27.2415203209105,-42.5716306092254,-11.2380703035836,0.644591267451295,"muestra_directa",TRUE,0.37217606424219,"muestra_directa",FALSE,TRUE,TRUE,"30","192","Vega de Alatorre"
2114,-25.2399545936032,-42.418032676634,-6.85476314231781,0.607492096804036,"sintetico_postestratificado",FALSE,0.355092550868004,"sintetico_postestratificado",FALSE,FALSE,FALSE,"30","194","Villa Aldama"
2115,-24.8170876507924,-41.5273246118338,-6.20990832222051,0.612676070387844,"sintetico_postestratificado",FALSE,0.36450519387992,"sintetico_postestratificado",FALSE,FALSE,FALSE,"30","031","Carrillo Puerto"
2116,-25.0921994197047,-41.0236614481377,-7.03499373557867,0.589146298557455,"sintetico_postestratificado",FALSE,0.338224304360408,"sintetico_postestratificado",FALSE,FALSE,FALSE,"30","195","Xoxocotla"
2117,-24.6648505264338,-42.4957126088856,-5.70275586334764,0.558869442458945,"sintetico_postestratificado",FALSE,0.312220937194607,"sintetico_postestratificado",FALSE,FALSE,FALSE,"30","199","Zaragoza"
2118,-24.4368752047536,-40.4799884797624,-7.35391256940598,0.61734306860886,"muestra_directa",TRUE,0.372974316561324,"muestra_directa",TRUE,TRUE,TRUE,"30","206","Nanchital de Lázaro Cárdenas del Río"
2119,-23.8128276951198,-41.3267941839093,-5.5180988007292,0.558692192535554,"sintetico_postestratificado",FALSE,0.320563915584357,"sintetico_postestratificado",FALSE,FALSE,FALSE,"30","210","Uxpanapa"
2120,-23.9806677107849,-40.6403411401996,-5.00983783852057,0.492421425035371,"sintetico_postestratificado",FALSE,0.252614747927522,"sintetico_postestratificado",FALSE,FALSE,FALSE,"30","211","San Rafael"
2121,-24.9791139477297,-42.2737829634941,-7.12657577573609,0.570847024532592,"sintetico_postestratificado",FALSE,0.321055885055295,"sintetico_postestratificado",FALSE,FALSE,FALSE,"30","212","Santiago Sochiapan"
2122,-23.9364958726297,-41.0184154500186,-5.62980519704414,0.51594768147484,"sintetico_postestratificado",FALSE,0.276582722748542,"sintetico_postestratificado",FALSE,FALSE,FALSE,"30","103","Mecatlán"
2123,-23.2282650993747,-39.5658400380682,-7.37435190410213,0.525355347111521,"muestra_directa",TRUE,0.293072696117774,"muestra_directa",FALSE,TRUE,TRUE,"30","141","San Andrés Tuxtla"
2124,-25.1636619055626,-42.6016756059745,-7.22097276437519,0.52118879252294,"sintetico_postestratificado",FALSE,0.269552173467314,"sintetico_postestratificado",FALSE,FALSE,FALSE,"30","140","San Andrés Tenejapan"
2125,-21.9168620552801,-38.9023981377622,-4.14005147781389,0.496358332818266,"sintetico_postestratificado",FALSE,0.277189712265465,"sintetico_postestratificado",FALSE,FALSE,FALSE,"30","138","Río Blanco"
2126,-22.294499883193,-40.3434286493364,-3.49280621573826,0.513717184042571,"sintetico_postestratificado",FALSE,0.290772185210641,"sintetico_postestratificado",FALSE,FALSE,FALSE,"30","136","Rafael Lucio"
2127,-25.0027662242344,-41.4107264189145,-7.12963472010281,0.546774057305707,"muestra_directa",TRUE,0.296746395063364,"muestra_directa",TRUE,TRUE,TRUE,"30","131","Poza Rica de Hidalgo"
2128,-22.7511277378011,-38.6647705600053,-3.31366127088427,0.593595640909929,"sintetico_postestratificado",FALSE,0.366084363531917,"sintetico_postestratificado",FALSE,FALSE,FALSE,"30","116","Oluta"
2129,-22.2690275238227,-38.4698938443013,-4.88709385431755,0.524612240705259,"sintetico_postestratificado",FALSE,0.301921965467032,"sintetico_postestratificado",FALSE,FALSE,FALSE,"30","109","Misantla"
2130,-23.5541294111936,-40.4422363583125,-6.94631128519159,0.554264411714379,"sintetico_postestratificado",FALSE,0.318723117602443,"sintetico_postestratificado",FALSE,FALSE,FALSE,"30","107","Las Minas"
2131,-23.4731369234086,-40.8060675013912,-5.1100617410124,0.525376323793586,"sintetico_postestratificado",FALSE,0.2906449545595,"sintetico_postestratificado",FALSE,FALSE,FALSE,"30","203","Zozocolco de Hidalgo"
2132,-22.6969364148558,-41.543803260193,-4.97140151376958,0.529728177234825,"sintetico_postestratificado",FALSE,0.302758813086267,"sintetico_postestratificado",FALSE,FALSE,FALSE,"30","205","El Higo"
2133,-23.504562007874,-38.9524814369113,-6.0061319286781,0.536559613234071,"sintetico_postestratificado",FALSE,0.301513993155331,"sintetico_postestratificado",FALSE,FALSE,FALSE,"30","071","Huatusco"
2134,-22.7862010284581,-40.1320557056581,-4.56741020675574,0.537964687287408,"muestra_directa",TRUE,0.310102677002828,"muestra_directa",TRUE,TRUE,TRUE,"30","069","Gutiérrez Zamora"
2135,-24.0249498325765,-40.5987566091007,-5.1894517076342,0.507521205590848,"sintetico_postestratificado",FALSE,0.267271707265083,"sintetico_postestratificado",FALSE,FALSE,FALSE,"30","098","Magdalena"
2136,-21.9720524549838,-38.6900763735264,-4.64632192076277,0.520747916602583,"sintetico_postestratificado",FALSE,0.301027392052745,"sintetico_postestratificado",FALSE,FALSE,FALSE,"30","075","Ignacio de la Llave"
2137,-22.5891469353996,-39.5244098016055,-4.96828493843356,0.51396728702026,"sintetico_postestratificado",FALSE,0.288075817666264,"sintetico_postestratificado",FALSE,FALSE,FALSE,"30","074","Huiloapan de Cuauhtémoc"
2138,-23.2709646783686,-40.4453413988428,-4.70581629346848,0.55380749620465,"sintetico_postestratificado",FALSE,0.321097849420964,"sintetico_postestratificado",FALSE,FALSE,FALSE,"30","073","Hueyapan de Ocampo"
2139,-23.6530204147632,-40.9575508157687,-4.84380440285264,0.596835132030272,"sintetico_postestratificado",FALSE,0.36030492788264,"sintetico_postestratificado",FALSE,FALSE,FALSE,"30","072","Huayacocotla"
2140,-22.3326819780425,-38.8293113442181,-5.0018439361884,0.580400191615149,"sintetico_postestratificado",FALSE,0.357073371834724,"sintetico_postestratificado",FALSE,FALSE,FALSE,"30","149","Soteapan"
2141,-23.9536751287823,-40.5089039404206,-5.4923906057241,0.571128729219037,"sintetico_postestratificado",FALSE,0.331591977931214,"sintetico_postestratificado",FALSE,FALSE,FALSE,"30","150","Tamalín"
2142,-23.093232674072,-40.4132805994796,-6.53061263097513,0.544814477833524,"sintetico_postestratificado",FALSE,0.313882151092803,"sintetico_postestratificado",FALSE,FALSE,FALSE,"30","148","Soledad de Doblado"
2143,-23.1288496631292,-38.4162064937764,-6.12773240295171,0.505112792442644,"sintetico_postestratificado",FALSE,0.273824295811352,"sintetico_postestratificado",FALSE,FALSE,FALSE,"30","147","Soledad Atzompa"
2144,-22.9029930733484,-41.4937966674659,-4.08571344918689,0.575315706181347,"sintetico_postestratificado",FALSE,0.346285775447862,"sintetico_postestratificado",FALSE,FALSE,FALSE,"30","146","Sochiapa"
2145,-22.7646066872004,-39.8022783599069,-5.81855588604735,0.562333584607829,"sintetico_postestratificado",FALSE,0.334687517735825,"sintetico_postestratificado",FALSE,FALSE,FALSE,"30","145","Soconusco"
2146,-23.0258853163563,-40.1267231463702,-6.07147719839934,0.561249996576165,"sintetico_postestratificado",FALSE,0.330991143412602,"sintetico_postestratificado",FALSE,FALSE,FALSE,"30","004","Actopan"
2147,-21.3691109345236,-38.2983787446727,-4.25800496056127,0.50500296446907,"sintetico_postestratificado",FALSE,0.291311855123834,"sintetico_postestratificado",FALSE,FALSE,FALSE,"30","070","Hidalgotitlán"
2148,-22.3306913509098,-38.4338485896353,-4.80526467053833,0.52005980245963,"sintetico_postestratificado",FALSE,0.296752888950532,"sintetico_postestratificado",FALSE,FALSE,FALSE,"30","068","Fortín"
2149,-24.9706581675336,-42.43540827202,-6.84206371346463,0.597851252897752,"sintetico_postestratificado",FALSE,0.348144671222415,"sintetico_postestratificado",FALSE,FALSE,FALSE,"30","067","Filomeno Mata"
2150,-23.829416924335,-39.6646406117575,-6.2387438131152,0.545406694307969,"sintetico_postestratificado",FALSE,0.307112525064619,"sintetico_postestratificado",FALSE,FALSE,FALSE,"30","066","Espinal"
2151,-22.2537475601595,-38.0176783956862,-4.93986461397477,0.519287796858046,"sintetico_postestratificado",FALSE,0.296750321256451,"sintetico_postestratificado",FALSE,FALSE,FALSE,"30","065","Emiliano Zapata"
2152,-23.7112440486589,-41.230112777355,-4.95079543142009,0.551282810946787,"sintetico_postestratificado",FALSE,0.314170370460198,"sintetico_postestratificado",FALSE,FALSE,FALSE,"30","064","Chumatlán"
2153,-24.5551751252105,-41.5037819840912,-8.14297324714622,0.560315258004577,"sintetico_postestratificado",FALSE,0.314763506752472,"sintetico_postestratificado",FALSE,FALSE,FALSE,"30","173","Tezonapa"
2154,-23.7888097767295,-40.3786510202112,-6.17421373242153,0.583910771544957,"sintetico_postestratificado",FALSE,0.346022673777662,"sintetico_postestratificado",FALSE,FALSE,FALSE,"30","209","Tatahuicapan de Juárez"
2155,-23.0676544350577,-36.4895533659652,-8.7121036743067,0.534654807216046,"muestra_directa",FALSE,0.303978262865469,"muestra_directa",FALSE,TRUE,FALSE,"30","032","Catemaco"
2156,-23.0023668242394,-39.5031687370444,-6.46841017641505,0.537064770687513,"sintetico_postestratificado",FALSE,0.307041102445119,"sintetico_postestratificado",FALSE,FALSE,FALSE,"30","040","Coatzintla"
2157,-22.4966334256082,-38.6591305604002,-5.69924836794894,0.507487436465354,"muestra_directa",TRUE,0.282521102209272,"muestra_directa",TRUE,TRUE,TRUE,"30","039","Coatzacoalcos"
2158,-22.7238396883291,-40.5196177132024,-4.95850386176913,0.540669671772143,"sintetico_postestratificado",FALSE,0.313431274888851,"sintetico_postestratificado",FALSE,FALSE,FALSE,"30","038","Coatepec"
2159,-24.4974768883972,-41.6656213955532,-6.74639715058001,0.56003661025974,"sintetico_postestratificado",FALSE,0.315061841375768,"sintetico_postestratificado",FALSE,FALSE,FALSE,"30","037","Coahuitlán"
2160,-24.7993424643647,-41.4215090263359,-7.11097773188876,0.562561377171339,"sintetico_postestratificado",FALSE,0.314567952527692,"sintetico_postestratificado",FALSE,FALSE,FALSE,"30","036","Coacoatzintla"
2161,-24.3600043363728,-41.7701055721196,-5.3588448998464,0.536703265994188,"sintetico_postestratificado",FALSE,0.29310322263046,"sintetico_postestratificado",FALSE,FALSE,FALSE,"30","035","Citlaltépetl"
2162,-22.1201446995806,-38.8733777488734,-3.99626035665309,0.543761554521786,"sintetico_postestratificado",FALSE,0.32256010752598,"sintetico_postestratificado",FALSE,FALSE,FALSE,"30","034","Cerro Azul"
2163,-23.5251191039413,-37.9271998769274,-7.5657335190642,0.525345289924604,"muestra_directa",TRUE,0.290094098885191,"muestra_directa",FALSE,TRUE,TRUE,"30","033","Cazones de Herrera"
2164,-24.2022742269929,-41.5177180932383,-5.4787482546096,0.61472907701653,"sintetico_postestratificado",FALSE,0.372706334746601,"sintetico_postestratificado",FALSE,FALSE,FALSE,"30","030","Camerino Z. Mendoza"
2165,-21.8197794818654,-38.2045654089918,-4.57420499128664,0.521546410094177,"sintetico_postestratificado",FALSE,0.303348615275522,"sintetico_postestratificado",FALSE,FALSE,FALSE,"30","029","Calcahualco"
2166,-22.9816443997754,-39.9790187742812,-4.31467892889066,0.557001979589707,"muestra_directa",TRUE,0.327185535591953,"muestra_directa",TRUE,TRUE,TRUE,"30","028","Boca del Río"
2167,-23.5733920794615,-40.5097204667622,-6.02372891729722,0.576819397922335,"sintetico_postestratificado",FALSE,0.34108547712772,"sintetico_postestratificado",FALSE,FALSE,FALSE,"30","027","Benito Juárez"
2168,-24.647433604339,-41.7687561732901,-7.55735883457573,0.57621005201712,"muestra_directa",TRUE,0.32973571597373,"muestra_directa",TRUE,TRUE,TRUE,"30","026","Banderilla"
2169,-21.093419681286,-37.13132081344,-4.11054022044901,0.54172667678945,"muestra_directa",TRUE,0.33079247997659,"muestra_directa",TRUE,TRUE,TRUE,"30","025","Ayahualulco"
2170,-22.3195722031293,-38.6202495891846,-5.99339232698174,0.51871214458083,"sintetico_postestratificado",FALSE,0.295516422549537,"sintetico_postestratificado",FALSE,FALSE,FALSE,"30","024","Tlaltetela"
2171,-22.8894916800088,-39.3397557060205,-4.48781294838992,0.532244356305944,"sintetico_postestratificado",FALSE,0.303349439505856,"sintetico_postestratificado",FALSE,FALSE,FALSE,"30","023","Atzalan"
2172,-23.4433959861798,-39.9725919309234,-6.22974787802746,0.509719804572038,"sintetico_postestratificado",FALSE,0.27528584471024,"sintetico_postestratificado",FALSE,FALSE,FALSE,"30","022","Atzacan"
2173,-24.8380553036283,-41.9736413815095,-9.11187640110818,0.548384493074743,"sintetico_postestratificado",FALSE,0.30000394003846,"sintetico_postestratificado",FALSE,FALSE,FALSE,"30","168","Tequila"
2174,-24.6614599174642,-40.8516178557626,-6.46690445183223,0.601062299132293,"sintetico_postestratificado",FALSE,0.354447699957651,"sintetico_postestratificado",FALSE,FALSE,FALSE,"30","166","Tepetlán"
2175,-23.762996260158,-41.2405820211233,-6.74135267001167,0.539920896661545,"sintetico_postestratificado",FALSE,0.302290934059965,"sintetico_postestratificado",FALSE,FALSE,FALSE,"30","165","Tepatlaxco"
2176,-23.304256672435,-39.7533966235319,-4.55176203504712,0.518609555471134,"sintetico_postestratificado",FALSE,0.285566988746784,"sintetico_postestratificado",FALSE,FALSE,FALSE,"30","164","Teocelo"
2177,-24.1813125250656,-39.7437296911424,-5.63672308487027,0.525148192259959,"sintetico_postestratificado",FALSE,0.283335067009302,"sintetico_postestratificado",FALSE,FALSE,FALSE,"30","126","Paso de Ovejas"
2178,-22.9100771746333,-40.1647415741543,-6.07931115034385,0.529141974697043,"sintetico_postestratificado",FALSE,0.30004120295071,"sintetico_postestratificado",FALSE,FALSE,FALSE,"30","050","Coxquihui"
2179,-23.3574840451551,-40.3053970791722,-5.43423757524599,0.518733104047894,"sintetico_postestratificado",FALSE,0.285158263596343,"sintetico_postestratificado",FALSE,FALSE,FALSE,"30","046","Cosautlán de Carvajal"
2180,-22.1688878807011,-39.4629856321022,-4.95672319329078,0.520979856648995,"sintetico_postestratificado",FALSE,0.299290977841984,"sintetico_postestratificado",FALSE,FALSE,FALSE,"30","021","Atoyac"
2181,-23.4118590836363,-39.7748985755655,-5.98885248497294,0.553814496492839,"sintetico_postestratificado",FALSE,0.319695905656476,"sintetico_postestratificado",FALSE,FALSE,FALSE,"30","128","Perote"
2182,-22.661493575519,-38.3903655241503,-5.10635206508748,0.542542266698198,"sintetico_postestratificado",FALSE,0.315927330943009,"sintetico_postestratificado",FALSE,FALSE,FALSE,"30","020","Atlahuilco"
2183,-23.1507366642256,-41.1446843131357,-5.39140658902994,0.532426518293023,"sintetico_postestratificado",FALSE,0.300919151650768,"sintetico_postestratificado",FALSE,FALSE,FALSE,"30","101","Mariano Escobedo"
2184,-23.8716210338084,-40.4501888037753,-6.8401028621618,0.473869947256445,"sintetico_postestratificado",FALSE,0.235153736918362,"sintetico_postestratificado",FALSE,FALSE,FALSE,"30","018","Aquila"
2185,-25.1995208464159,-43.387558379429,-6.94504241736549,0.577442750579771,"sintetico_postestratificado",FALSE,0.325447542115613,"sintetico_postestratificado",FALSE,FALSE,FALSE,"30","009","Alto Lucero de Gutiérrez Barrios"
2186,-24.4485169427859,-41.5813212319968,-7.28438526151753,0.580807954347899,"sintetico_postestratificado",FALSE,0.33632278492004,"sintetico_postestratificado",FALSE,FALSE,FALSE,"30","112","Naolinco"
2187,-22.5339746778128,-39.7560581882383,-5.02483634989494,0.54488520977502,"muestra_directa",TRUE,0.319545462996892,"muestra_directa",TRUE,TRUE,TRUE,"30","008","Alpatláhuac"
2188,-25.4002855382512,-43.5934385033509,-7.18233125734496,0.585691102936627,"sintetico_postestratificado",FALSE,0.331688247554115,"sintetico_postestratificado",FALSE,FALSE,FALSE,"30","007","Camarón de Tejeda"
2189,-26.4956745408617,-43.8601816979436,-10.0919697260429,0.587710611870281,"sintetico_postestratificado",FALSE,0.322753866461664,"sintetico_postestratificado",FALSE,FALSE,FALSE,"30","006","Acultzingo"
2190,-23.9309529357121,-40.516365799153,-7.13238727320847,0.546298692182394,"sintetico_postestratificado",FALSE,0.306989162825274,"sintetico_postestratificado",FALSE,FALSE,FALSE,"30","111","Moloacán"
2191,-24.0511738403383,-41.5028921313423,-6.34195645099518,0.561570649860417,"sintetico_postestratificado",FALSE,0.321058911457034,"sintetico_postestratificado",FALSE,FALSE,FALSE,"30","110","Mixtla de Altamirano"
2192,-23.9801450561386,-41.3384784069307,-5.99141197672494,0.567391182624123,"sintetico_postestratificado",FALSE,0.327589732062737,"sintetico_postestratificado",FALSE,FALSE,FALSE,"30","005","Acula"
2193,-24.0412211075178,-40.4989819113164,-7.72062290265985,0.571426945124971,"sintetico_postestratificado",FALSE,0.331014734049793,"sintetico_postestratificado",FALSE,FALSE,FALSE,"30","051","Coyutla"
2194,-22.9047604285567,-39.9977573913691,-4.94440366947706,0.55288271985535,"sintetico_postestratificado",FALSE,0.323835115569783,"sintetico_postestratificado",FALSE,FALSE,FALSE,"30","045","Cosamaloapan de Carpio"
2195,-23.1342610684717,-39.6030777834809,-6.39471967086063,0.556885519383522,"sintetico_postestratificado",FALSE,0.325542908698805,"sintetico_postestratificado",FALSE,FALSE,FALSE,"30","013","Naranjos Amatlán"
2196,-24.174054288285,-39.5779047589198,-6.90764596197763,0.554349573864659,"sintetico_postestratificado",FALSE,0.312609030981808,"sintetico_postestratificado",FALSE,FALSE,FALSE,"30","014","Amatlán de los Reyes"
2197,-24.7555471847393,-41.4750998979881,-6.69400494667109,0.560997726597237,"sintetico_postestratificado",FALSE,0.313442254749843,"sintetico_postestratificado",FALSE,FALSE,FALSE,"30","002","Acatlán"
2198,-25.4448714385371,-41.4780782649545,-7.95816813560016,0.530359978701158,"sintetico_postestratificado",FALSE,0.275911264315788,"sintetico_postestratificado",FALSE,FALSE,FALSE,"30","001","Acajete"
2199,-23.3773052767516,-39.6309539106213,-3.36525144906637,0.53199770145335,"sintetico_postestratificado",FALSE,0.298224648685834,"sintetico_postestratificado",FALSE,FALSE,FALSE,"30","003","Acayucan"
2200,-24.6090426864889,-40.5499837535496,-7.23487874433693,0.595720796426511,"sintetico_postestratificado",FALSE,0.349630369561622,"sintetico_postestratificado",FALSE,FALSE,FALSE,"30","120","Oteapan"
2201,-23.8972462649186,-40.6626049763292,-6.57402786002152,0.596092101686157,"sintetico_postestratificado",FALSE,0.35711963903697,"sintetico_postestratificado",FALSE,FALSE,FALSE,"30","127","La Perla"
2202,-22.5527673660366,-39.7441815434681,-5.22603379414095,0.545916968698507,"muestra_directa",TRUE,0.320389295038142,"muestra_directa",TRUE,TRUE,TRUE,"30","048","Cosoleacaque"
2203,-23.6918822385364,-39.4748099640409,-7.57533049449599,0.569686133426038,"sintetico_postestratificado",FALSE,0.332767311040674,"sintetico_postestratificado",FALSE,FALSE,FALSE,"30","059","Chinameca"
2204,-24.4697393696982,-40.5966988158837,-7.14849993993301,0.530428379486122,"sintetico_postestratificado",FALSE,0.28573098578914,"sintetico_postestratificado",FALSE,FALSE,FALSE,"30","100","Manlio Fabio Altamirano"
2205,-24.9232231864383,-40.3394331566435,-9.00362262141966,0.488539418246268,"muestra_directa",TRUE,0.239307186381885,"muestra_directa",FALSE,TRUE,TRUE,"30","087","Xalapa"
2206,-22.8807495608328,-39.5914959062848,-5.11545685017429,0.519091965838035,"sintetico_postestratificado",FALSE,0.290284470229707,"sintetico_postestratificado",FALSE,FALSE,FALSE,"30","097","Lerdo de Tejada"
2207,-24.9747283782008,-41.1559705080052,-9.18215851568932,0.552873256044872,"sintetico_postestratificado",FALSE,0.303125972262864,"sintetico_postestratificado",FALSE,FALSE,FALSE,"30","010","Altotonga"
2208,-23.093389162027,-39.0277976042582,-5.34377147208478,0.53228738396851,"sintetico_postestratificado",FALSE,0.30135349234824,"sintetico_postestratificado",FALSE,FALSE,FALSE,"30","108","Minatitlán"
2209,-25.0902131683802,-41.3465998143856,-7.08316564093288,0.577767870677915,"sintetico_postestratificado",FALSE,0.326865738994113,"sintetico_postestratificado",FALSE,FALSE,FALSE,"30","011","Alvarado"
2210,-23.3269749374889,-40.3144492770421,-5.58386378863731,0.596624599995768,"sintetico_postestratificado",FALSE,0.36335485062088,"sintetico_postestratificado",FALSE,FALSE,FALSE,"30","012","Amatitlán"
2211,-24.4351963754862,-41.1456437267887,-6.2734232598353,0.580903327345192,"sintetico_postestratificado",FALSE,0.336551363590331,"sintetico_postestratificado",FALSE,FALSE,FALSE,"30","015","Angel R. Cabada"
2212,-24.3762829370132,-42.1175021726734,-5.70486455276338,0.536429905875181,"sintetico_postestratificado",FALSE,0.292667076505049,"sintetico_postestratificado",FALSE,FALSE,FALSE,"30","016","La Antigua"
2213,-24.5090898517158,-42.3378150126817,-5.40814643753788,0.549672235084193,"sintetico_postestratificado",FALSE,0.304581336567035,"sintetico_postestratificado",FALSE,FALSE,FALSE,"30","017","Apazapan"
2214,-25.3315093443691,-39.6363565366205,-8.97664761441496,0.574739079321991,"muestra_directa",TRUE,0.3214239858783,"muestra_directa",FALSE,TRUE,TRUE,"30","117","Omealca"
2215,-24.3424814070432,-39.4442967652741,-6.51853957743794,0.538942829453483,"sintetico_postestratificado",FALSE,0.295518015383051,"sintetico_postestratificado",FALSE,FALSE,FALSE,"30","113","Naranjal"
2216,-23.6985595713288,-40.7820449071001,-4.9783158564872,0.592094950008512,"sintetico_postestratificado",FALSE,0.355109354295224,"sintetico_postestratificado",FALSE,FALSE,FALSE,"30","114","Nautla"
2217,-24.3504901130273,-40.1068960211572,-6.89850373715703,0.543671036457325,"sintetico_postestratificado",FALSE,0.300166135327052,"sintetico_postestratificado",FALSE,FALSE,FALSE,"30","115","Nogales"
2218,-25.219292332289,-41.2951492346494,-8.07676451166413,0.534342508079168,"sintetico_postestratificado",FALSE,0.282149584756278,"sintetico_postestratificado",FALSE,FALSE,FALSE,"30","163","Tenochtitlán"
2219,-24.5137328659679,-40.5284723544167,-6.00756657374344,0.530993898840534,"sintetico_postestratificado",FALSE,0.285856570180855,"sintetico_postestratificado",FALSE,FALSE,FALSE,"30","019","Astacinga"
2220,-24.6817555242961,-41.0608853575616,-7.01847229140487,0.560745589406276,"sintetico_postestratificado",FALSE,0.313928034163314,"sintetico_postestratificado",FALSE,FALSE,FALSE,"30","042","Colipa"
2221,-24.7068648558336,-42.1315892201991,-6.89558807303643,0.590378461197324,"sintetico_postestratificado",FALSE,0.343309812638988,"sintetico_postestratificado",FALSE,FALSE,FALSE,"30","043","Comapa"
2222,-23.2314940522151,-39.5403073857643,-6.25506313103754,0.550420175400947,"muestra_directa",TRUE,0.318105234878796,"muestra_directa",TRUE,TRUE,TRUE,"30","044","Córdoba"
2223,-24.3199962538521,-40.0900943652184,-7.57621496907923,0.555624606067924,"sintetico_postestratificado",FALSE,0.312424643529403,"sintetico_postestratificado",FALSE,FALSE,FALSE,"30","047","Coscomatepec"
2224,-24.271247140179,-40.952443076951,-6.21360636433023,0.604842265676007,"sintetico_postestratificado",FALSE,0.362129794274217,"sintetico_postestratificado",FALSE,FALSE,FALSE,"30","049","Cotaxtla"
2225,-22.9424207527396,-40.1420971836975,-5.06266673805482,0.537570584099736,"sintetico_postestratificado",FALSE,0.30814637657234,"sintetico_postestratificado",FALSE,FALSE,FALSE,"30","052","Cuichapa"
2226,-22.9937749531336,-38.9919146374576,-5.44119603967549,0.570555905857374,"sintetico_postestratificado",FALSE,0.340618156326037,"sintetico_postestratificado",FALSE,FALSE,FALSE,"30","099","Maltrata"
2227,-24.9596212202602,-39.8127059212594,-8.15478333460939,0.561773993540033,"muestra_directa",TRUE,0.312177781337431,"muestra_directa",FALSE,TRUE,TRUE,"30","105","Medellín de Bravo"
2228,-21.7170092212557,-38.7315793824932,-4.07772517638186,0.540653023904118,"sintetico_postestratificado",FALSE,0.323482931691561,"sintetico_postestratificado",FALSE,FALSE,FALSE,"30","184","Tlaquilpa"
2229,-23.3259549137884,-39.5405963181228,-7.54849795169084,0.563953243205338,"muestra_directa",TRUE,0.330693694067455,"muestra_directa",TRUE,TRUE,TRUE,"30","175","Tihuatlán"
2230,-22.9195137032785,-40.3191187509833,-6.24907708442789,0.530773088820643,"sintetico_postestratificado",FALSE,0.301577951787859,"sintetico_postestratificado",FALSE,FALSE,FALSE,"30","178","Tlacotalpan"
2231,-21.1967721545555,-39.3623539116609,-2.4293722738213,0.492926482744866,"sintetico_postestratificado",FALSE,0.280958761199311,"sintetico_postestratificado",FALSE,FALSE,FALSE,"30","180","Tlachichilco"
2232,-22.7188947102603,-39.0703707733056,-4.72447124640143,0.535155789989459,"sintetico_postestratificado",FALSE,0.307966842886856,"sintetico_postestratificado",FALSE,FALSE,FALSE,"30","137","Los Reyes"
2233,-22.2528504539551,-38.9231908260987,-4.67926126809371,0.552883421068413,"muestra_directa",TRUE,0.330354916528863,"muestra_directa",TRUE,TRUE,TRUE,"30","196","Yanga"
2234,-23.0557836172409,-39.8570858382061,-3.61418697893617,0.544111031457051,"sintetico_postestratificado",FALSE,0.313553195284642,"sintetico_postestratificado",FALSE,FALSE,FALSE,"30","197","Yecuatla"
2235,-22.2880251390832,-38.3896819342656,-5.7184501322843,0.524831576221664,"sintetico_postestratificado",FALSE,0.301951324830831,"sintetico_postestratificado",FALSE,FALSE,FALSE,"30","198","Zacualpan"
2236,-24.0315346675664,-41.9006531069964,-5.9249282395545,0.563111683625293,"sintetico_postestratificado",FALSE,0.322796336949629,"sintetico_postestratificado",FALSE,FALSE,FALSE,"30","139","Saltabarranca"
2237,-22.5236738141985,-38.1444185149277,-4.18298873819783,0.543524715288273,"sintetico_postestratificado",FALSE,0.318287977146288,"sintetico_postestratificado",FALSE,FALSE,FALSE,"30","186","Tomatlán"
2238,-22.0172510220777,-38.5621255998021,-4.00938051968319,0.506601509799641,"sintetico_postestratificado",FALSE,0.286428999578865,"sintetico_postestratificado",FALSE,FALSE,FALSE,"30","200","Zentla"
2239,-21.6615589017191,-38.5279762816302,-3.96727436762461,0.523889742983498,"sintetico_postestratificado",FALSE,0.307274153966308,"sintetico_postestratificado",FALSE,FALSE,FALSE,"30","202","Zontecomatlán de López y Fuentes"
2240,-23.1553603913579,-39.5828304791844,-5.42023874719372,0.571201784692711,"sintetico_postestratificado",FALSE,0.339648180779131,"sintetico_postestratificado",FALSE,FALSE,FALSE,"30","204","Agua Dulce"
2241,-23.1097819769359,-40.4122396809653,-6.20856737769211,0.552231699639952,"sintetico_postestratificado",FALSE,0.321133879870593,"sintetico_postestratificado",FALSE,FALSE,FALSE,"30","207","Tres Valles"
2242,-23.4010158086914,-41.3376354867046,-5.72120973145236,0.551710075533536,"sintetico_postestratificado",FALSE,0.317699917446622,"sintetico_postestratificado",FALSE,FALSE,FALSE,"30","208","Carlos A. Carrillo"
2243,-23.1706096817094,-38.1037118773312,-6.91628225140944,0.542390941167072,"muestra_directa",TRUE,0.310684844349978,"muestra_directa",TRUE,TRUE,TRUE,"30","201","Zongolica"
2244,-25.1603531866073,-41.0039701478202,-9.12551299634763,0.561642352511699,"sintetico_postestratificado",FALSE,0.310038820645627,"sintetico_postestratificado",FALSE,FALSE,FALSE,"30","181","Tlalixcoyan"
2245,-24.490561309339,-41.169683427096,-6.2711112436749,0.576924751103291,"sintetico_postestratificado",FALSE,0.3320191380099,"sintetico_postestratificado",FALSE,FALSE,FALSE,"30","182","Tlalnelhuayocan"
2246,-23.8369173575969,-40.662528333328,-6.01445904948031,0.541191763312146,"sintetico_postestratificado",FALSE,0.302822589736177,"sintetico_postestratificado",FALSE,FALSE,FALSE,"30","183","Tlapacoyan"
2247,-23.827466003595,-40.8273251883107,-6.27956261318605,0.552901113778967,"sintetico_postestratificado",FALSE,0.314626453743017,"sintetico_postestratificado",FALSE,FALSE,FALSE,"30","076","Ilamatlán"
2248,-23.93861373776,-40.6965922743977,-6.7962644174945,0.549884707922884,"sintetico_postestratificado",FALSE,0.310498570545284,"sintetico_postestratificado",FALSE,FALSE,FALSE,"30","077","Isla"
2249,-25.2482124529755,-41.7198051400517,-8.23765846017339,0.55537081176379,"sintetico_postestratificado",FALSE,0.302888687234035,"sintetico_postestratificado",FALSE,FALSE,FALSE,"30","080","Ixhuatlán del Café"
2250,-25.7571197736991,-42.9435437824446,-9.31380987455428,0.543697680122644,"muestra_directa",TRUE,0.286126482385653,"muestra_directa",TRUE,TRUE,TRUE,"30","081","Ixhuatlancillo"
2251,-23.9695139972293,-41.3244627304187,-6.38698560369549,0.538256628752304,"sintetico_postestratificado",FALSE,0.29856148878001,"sintetico_postestratificado",FALSE,FALSE,FALSE,"30","082","Ixhuatlán del Sureste"
2252,-23.9909028666596,-39.2204839603907,-6.5218623825152,0.505399410712905,"sintetico_postestratificado",FALSE,0.265490382046309,"sintetico_postestratificado",FALSE,FALSE,FALSE,"30","083","Ixhuatlán de Madero"
2253,-22.2296577378946,-38.8075756062298,-4.09258882713816,0.526334001428916,"sintetico_postestratificado",FALSE,0.304037424049969,"sintetico_postestratificado",FALSE,FALSE,FALSE,"30","084","Ixmatlahuacan"
2254,-22.6528583182726,-38.7615285357539,-6.05596379612919,0.50263824051449,"sintetico_postestratificado",FALSE,0.276109657331764,"sintetico_postestratificado",FALSE,FALSE,FALSE,"30","085","Ixtaczoquitlán"
2255,-22.0606184988332,-38.3692880998911,-3.75435025248122,0.514670148082364,"sintetico_postestratificado",FALSE,0.294063963094032,"sintetico_postestratificado",FALSE,FALSE,FALSE,"30","086","Jalacingo"
2256,-22.620805950569,-40.2461078820772,-4.90345279023564,0.523116922460947,"sintetico_postestratificado",FALSE,0.296908862955256,"sintetico_postestratificado",FALSE,FALSE,FALSE,"30","088","Jalcomulco"
2257,-22.7877652799855,-38.3258434284986,-5.77549970043309,0.557039614488074,"sintetico_postestratificado",FALSE,0.32916196168822,"sintetico_postestratificado",FALSE,FALSE,FALSE,"30","089","Jáltipan"
2258,-22.9246694295567,-40.59562561741,-5.44014476853032,0.562619453337324,"sintetico_postestratificado",FALSE,0.333372759041757,"sintetico_postestratificado",FALSE,FALSE,FALSE,"30","090","Jamapa"
2259,-22.3435385975972,-38.9283083594362,-4.49678117872889,0.510587901054791,"sintetico_postestratificado",FALSE,0.287152515078819,"sintetico_postestratificado",FALSE,FALSE,FALSE,"30","091","Jesús Carranza"
2260,-22.8575358043192,-39.4458389626966,-3.91581717257014,0.508940856799802,"sintetico_postestratificado",FALSE,0.28036549875661,"sintetico_postestratificado",FALSE,FALSE,FALSE,"30","092","Xico"
2261,-22.3539498056744,-40.8687426379396,-5.39493870560027,0.514718824535601,"sintetico_postestratificado",FALSE,0.291179326478857,"sintetico_postestratificado",FALSE,FALSE,FALSE,"30","041","Coetzala"
2262,-22.4822667291776,-39.0020351666198,-5.7977034188008,0.545701820647142,"sintetico_postestratificado",FALSE,0.320879153355366,"sintetico_postestratificado",FALSE,FALSE,FALSE,"30","053","Cuitláhuac"
2263,-22.3169539006263,-38.9744589499228,-4.71722521029604,0.52861720582753,"sintetico_postestratificado",FALSE,0.305447666821267,"sintetico_postestratificado",FALSE,FALSE,FALSE,"30","054","Chacaltianguis"
2264,-22.0500271846567,-39.1464563228856,-4.46251379329012,0.492940271803609,"sintetico_postestratificado",FALSE,0.272439999957041,"sintetico_postestratificado",FALSE,FALSE,FALSE,"30","055","Chalma"
2265,-22.2894881028216,-40.1239364873126,-3.80311277291421,0.541369444634512,"sintetico_postestratificado",FALSE,0.318474563606296,"sintetico_postestratificado",FALSE,FALSE,FALSE,"30","056","Chiconamel"
2266,-23.049293731175,-39.4033416738263,-5.43381505946587,0.520878670838827,"sintetico_postestratificado",FALSE,0.290385733527077,"sintetico_postestratificado",FALSE,FALSE,FALSE,"30","057","Chiconquiaco"
2267,-21.9689963951886,-39.2092586654076,-4.33728923029511,0.495862434421421,"sintetico_postestratificado",FALSE,0.276172470469534,"sintetico_postestratificado",FALSE,FALSE,FALSE,"30","058","Chicontepec"
2268,-21.6477954589236,-38.9460752905127,-2.66140445766471,0.521737921281816,"sintetico_postestratificado",FALSE,0.305259966692579,"sintetico_postestratificado",FALSE,FALSE,FALSE,"30","060","Chinampa de Gorostiza"
2269,-22.6982345461443,-39.9629774767989,-5.0708835419874,0.528883184000082,"sintetico_postestratificado",FALSE,0.301900838538639,"sintetico_postestratificado",FALSE,FALSE,FALSE,"30","061","Las Choapas"
2270,-22.2573878778494,-39.4188443779625,-3.79838666799912,0.517424640109617,"sintetico_postestratificado",FALSE,0.294850761331123,"sintetico_postestratificado",FALSE,FALSE,FALSE,"30","062","Chocamán"
2271,-21.6010598769996,-38.8818262101166,-4.41469853575172,0.484058844292333,"sintetico_postestratificado",FALSE,0.268048245522337,"sintetico_postestratificado",FALSE,FALSE,FALSE,"30","063","Chontla"
2272,-22.7019993201609,-39.6558580686946,-5.2893818873854,0.535183441461865,"sintetico_postestratificado",FALSE,0.308163448260256,"sintetico_postestratificado",FALSE,FALSE,FALSE,"30","093","Jilotepec"
2273,-22.0452460641862,-38.7748939252042,-4.51058960787497,0.512431854270849,"sintetico_postestratificado",FALSE,0.291979393628988,"sintetico_postestratificado",FALSE,FALSE,FALSE,"30","094","Juan Rodríguez Clara"
2274,-21.7215651123936,-38.6753020587814,-3.60964671507969,0.509363581437318,"sintetico_postestratificado",FALSE,0.292147930313382,"sintetico_postestratificado",FALSE,FALSE,FALSE,"30","095","Juchique de Ferrer"
2275,-21.7859102586799,-40.3391630430232,-2.83474882642613,0.519186711961119,"sintetico_postestratificado",FALSE,0.301327609374321,"sintetico_postestratificado",FALSE,FALSE,FALSE,"30","096","Landero y Coss"
2276,-21.7506390862171,-38.8962089114885,-5.03964272125316,0.528505414761374,"sintetico_postestratificado",FALSE,0.310999023899203,"sintetico_postestratificado",FALSE,FALSE,FALSE,"30","104","Mecayapan"
2277,-23.241010927916,-39.8863053381411,-6.41219769996467,0.567734231844211,"muestra_directa",TRUE,0.335324122565052,"muestra_directa",TRUE,TRUE,TRUE,"30","118","Orizaba"
2278,-23.1164257838721,-39.2534955106446,-5.66848777849955,0.547263770327701,"sintetico_postestratificado",FALSE,0.31609951248898,"sintetico_postestratificado",FALSE,FALSE,FALSE,"30","119","Otatitlán"
2279,-21.9005908026092,-38.4483873081605,-5.79692905715863,0.55052963479398,"sintetico_postestratificado",FALSE,0.331523726767888,"sintetico_postestratificado",FALSE,FALSE,FALSE,"30","121","Ozuluama de Mascareñas"
2280,-22.9748159236324,-37.0613545986777,-7.58656505231385,0.585786977482084,"muestra_directa",FALSE,0.35603881824576,"muestra_directa",FALSE,TRUE,FALSE,"30","123","Pánuco"
2281,-22.7695391020528,-37.9988283434407,-6.13533691139775,0.557644721048929,"muestra_directa",TRUE,0.329949330028402,"muestra_directa",TRUE,TRUE,TRUE,"30","124","Papantla"
2282,-23.5051957697368,-40.4552115191237,-6.81620798043357,0.541256530550807,"sintetico_postestratificado",FALSE,0.306204572853439,"sintetico_postestratificado",FALSE,FALSE,FALSE,"30","125","Paso del Macho"
2283,-24.7404416042884,-42.6686525909609,-8.21139126974824,0.577447126475906,"sintetico_postestratificado",FALSE,0.330042710433023,"sintetico_postestratificado",FALSE,FALSE,FALSE,"30","129","Platón Sánchez"
2284,-25.2937779524935,-42.1710073483656,-8.95125611847138,0.561661158494682,"sintetico_postestratificado",FALSE,0.308723378969747,"sintetico_postestratificado",FALSE,FALSE,FALSE,"30","130","Playa Vicente"
2285,-24.7155493929092,-41.1151080597042,-7.57535264338732,0.568025889126681,"sintetico_postestratificado",FALSE,0.320870395197589,"sintetico_postestratificado",FALSE,FALSE,FALSE,"30","122","Pajapan"
2286,-22.949220669615,-39.5405466222256,-5.15245887602173,0.498104767132436,"sintetico_postestratificado",FALSE,0.268612560436286,"sintetico_postestratificado",FALSE,FALSE,FALSE,"30","132","Las Vigas de Ramírez"
2287,-22.0063921551447,-39.8593465854502,-3.65644236916995,0.543025881917896,"sintetico_postestratificado",FALSE,0.322961960366449,"sintetico_postestratificado",FALSE,FALSE,FALSE,"30","133","Pueblo Viejo"
2288,-21.2394807302645,-36.4854924176707,-3.59354889304534,0.524193367995241,"muestra_directa",TRUE,0.311798560692596,"muestra_directa",TRUE,TRUE,TRUE,"30","134","Puente Nacional"
2289,-21.8329984000473,-38.0953547518209,-4.29501130846879,0.546576298528898,"sintetico_postestratificado",FALSE,0.328246314528425,"sintetico_postestratificado",FALSE,FALSE,FALSE,"30","135","Rafael Delgado"
2290,-24.6396105474963,-43.2253750305919,-6.10078291145811,0.62621212722303,"sintetico_postestratificado",FALSE,0.379816021748067,"sintetico_postestratificado",FALSE,FALSE,FALSE,"30","106","Miahuatlán"
2291,-24.4081261823968,-40.2804394162713,-7.85583672469451,0.60904736113701,"muestra_directa",TRUE,0.364966099313042,"muestra_directa",TRUE,TRUE,TRUE,"30","102","Martínez de la Torre"
2292,-23.8657228498743,-41.2099262404604,-5.70768574293097,0.612121731211785,"sintetico_postestratificado",FALSE,0.373464502713041,"sintetico_postestratificado",FALSE,FALSE,FALSE,"30","170","Texcatepec"
2293,-24.4722348082808,-40.3389865095889,-7.7484638067708,0.554343093056659,"sintetico_postestratificado",FALSE,0.309620744973851,"sintetico_postestratificado",FALSE,FALSE,FALSE,"30","171","Texhuacán"
2294,-24.85521485727,-42.0481066494818,-7.16433762796076,0.570846553122621,"sintetico_postestratificado",FALSE,0.322294404549921,"sintetico_postestratificado",FALSE,FALSE,FALSE,"30","172","Texistepec"
2295,-25.4263135066684,-40.5322257027195,-9.11478608867937,0.592769961019224,"sintetico_postestratificado",FALSE,0.33850682595254,"sintetico_postestratificado",FALSE,FALSE,FALSE,"30","174","Tierra Blanca"
2296,-21.9421092288111,-38.8842763710589,-4.01397760063464,0.51681378831817,"sintetico_postestratificado",FALSE,0.297392696030059,"sintetico_postestratificado",FALSE,FALSE,FALSE,"30","176","Tlacojalpan"
2297,-21.7272648273131,-38.5800570975226,-4.13238842375608,0.479902287326627,"sintetico_postestratificado",FALSE,0.262629639053496,"sintetico_postestratificado",FALSE,FALSE,FALSE,"30","179","Tlacotepec de Mejía"
2298,-22.732365223616,-38.4084101875818,-6.79675763797796,0.57791694849349,"muestra_directa",TRUE,0.35059329625733,"muestra_directa",TRUE,TRUE,TRUE,"30","177","Tlacolulan"
2299,-26.0390088839207,-41.8171936169976,-9.50216633448174,0.558258491918563,"muestra_directa",TRUE,0.297868403079356,"muestra_directa",FALSE,TRUE,TRUE,"30","193","Veracruz"
2300,-21.9730935289748,-40.6607089460262,-3.95585171324357,0.505776343169749,"sintetico_postestratificado",FALSE,0.286045407880001,"sintetico_postestratificado",FALSE,FALSE,FALSE,"30","143","Santiago Tuxtla"
2301,-23.0977691829432,-39.9701202343281,-6.05638262577059,0.556010589269572,"sintetico_postestratificado",FALSE,0.325032897440141,"sintetico_postestratificado",FALSE,FALSE,FALSE,"30","144","Sayula de Alemán"
2302,-22.5746859862905,-39.1719927066783,-4.16275056195698,0.533324975531819,"sintetico_postestratificado",FALSE,0.307578115668913,"sintetico_postestratificado",FALSE,FALSE,FALSE,"30","142","San Juan Evangelista"
2303,-19.7975260177303,-35.1350662838364,-2.6342285836202,0.549257036018222,"muestra_directa",FALSE,0.351281775840919,"muestra_directa",FALSE,TRUE,FALSE,"30","151","Tamiahua"
2304,-21.4640232443345,-38.6270642094517,-2.5810225354919,0.558653374198963,"sintetico_postestratificado",FALSE,0.344013141755618,"sintetico_postestratificado",FALSE,FALSE,FALSE,"30","152","Tampico Alto"
2305,-23.5577701557325,-39.7694423893238,-4.49550316059322,0.582830606117879,"sintetico_postestratificado",FALSE,0.347252904560554,"sintetico_postestratificado",FALSE,FALSE,FALSE,"30","153","Tancoco"
2306,-23.8961815648297,-42.4580109480019,-6.51978418384891,0.574829303314595,"sintetico_postestratificado",FALSE,0.335867487666298,"sintetico_postestratificado",FALSE,FALSE,FALSE,"30","154","Tantima"
2307,-23.5223843564929,-38.4553401998919,-7.36182579147971,0.574037237637467,"muestra_directa",FALSE,0.338813394072538,"muestra_directa",FALSE,TRUE,FALSE,"30","155","Tantoyuca"
2308,-24.3203350342992,-40.9327936872503,-7.52751483259855,0.598663924058211,"sintetico_postestratificado",FALSE,0.355460573715219,"sintetico_postestratificado",FALSE,FALSE,FALSE,"30","156","Tatatila"
2309,-23.1160310284706,-38.6024756590913,-5.46276640069081,0.571575606150891,"sintetico_postestratificado",FALSE,0.340415295866186,"sintetico_postestratificado",FALSE,FALSE,FALSE,"30","157","Castillo de Teayo"
2310,-24.769086863734,-40.4816169895165,-6.41640803294094,0.609517698213148,"sintetico_postestratificado",FALSE,0.361826829575807,"sintetico_postestratificado",FALSE,FALSE,FALSE,"30","158","Tecolutla"
2311,-23.7064609925109,-39.6833951740557,-7.47869667179786,0.495063449646218,"muestra_directa",TRUE,0.257998839721109,"muestra_directa",FALSE,TRUE,TRUE,"30","159","Tehuipango"
2312,-22.1517263550116,-39.134837339873,-3.58824964358517,0.530732071002702,"sintetico_postestratificado",FALSE,0.309214807452586,"sintetico_postestratificado",FALSE,FALSE,FALSE,"30","160","Álamo Temapache"
2313,-22.4625639604861,-39.147537420891,-4.96649408421101,0.573547967342068,"sintetico_postestratificado",FALSE,0.348922327737207,"sintetico_postestratificado",FALSE,FALSE,FALSE,"30","161","Tempoal"
2314,-19.2580125189358,-33.714234021938,-3.01677613151604,0.513746209445366,"muestra_directa",FALSE,0.321166084256008,"muestra_directa",FALSE,TRUE,FALSE,"30","167","Tepetzintla"
2315,-21.8668281611411,-39.0092045911341,-4.15055438107401,0.509673066266633,"sintetico_postestratificado",FALSE,0.291004784655222,"sintetico_postestratificado",FALSE,FALSE,FALSE,"31","009","Cansahcab"
2316,-22.2149183468196,-38.9309467211277,-2.67632922486461,0.537289988102838,"sintetico_postestratificado",FALSE,0.315140804634642,"sintetico_postestratificado",FALSE,FALSE,FALSE,"31","007","Cacalchén"
2317,-19.6391890180325,-36.9850174847501,-2.17739751555596,0.442341207392658,"sintetico_postestratificado",FALSE,0.245949317212333,"sintetico_postestratificado",FALSE,FALSE,FALSE,"31","019","Chemax"
2318,-22.8556441402313,-38.8531004742364,-6.63799607689445,0.564537784783967,"muestra_directa",FALSE,0.335981343381654,"muestra_directa",FALSE,TRUE,FALSE,"31","101","Umán"
2319,-22.4589164072092,-40.9026705673414,-4.864610429968,0.554495934443681,"sintetico_postestratificado",FALSE,0.329906770371588,"sintetico_postestratificado",FALSE,FALSE,FALSE,"31","106","Yobaín"
2320,-20.6208763089092,-38.6571294337729,-3.75012222905974,0.465596042958335,"sintetico_postestratificado",FALSE,0.259387279869243,"sintetico_postestratificado",FALSE,FALSE,FALSE,"31","105","Yaxkukul"
2321,-21.2562914841313,-39.7060368463167,-2.00458309414783,0.528787240146209,"sintetico_postestratificado",FALSE,0.316224325304896,"sintetico_postestratificado",FALSE,FALSE,FALSE,"31","103","Xocchel"
2322,-19.5626926899514,-36.7194973891831,-0.971007752816214,0.479184581118716,"sintetico_postestratificado",FALSE,0.283557654219202,"sintetico_postestratificado",FALSE,FALSE,FALSE,"31","097","Tunkás"
2323,-20.8755985732846,-38.9279530812205,-2.02925714174269,0.483058823561331,"sintetico_postestratificado",FALSE,0.274302837828485,"sintetico_postestratificado",FALSE,FALSE,FALSE,"31","095","Tixpéhual"
2324,-20.2673700123545,-37.1050733302534,-3.37894568086186,0.487934016257935,"sintetico_postestratificado",FALSE,0.28526031613439,"sintetico_postestratificado",FALSE,FALSE,FALSE,"31","081","Tekom"
2325,-20.2273474702634,-37.4889251199153,-2.02365279306769,0.460871419332254,"sintetico_postestratificado",FALSE,0.258597944629619,"sintetico_postestratificado",FALSE,FALSE,FALSE,"31","090","Timucuy"
2326,-19.9184900546864,-37.7865715811567,-1.92284015256833,0.505012974325836,"sintetico_postestratificado",FALSE,0.305828073778971,"sintetico_postestratificado",FALSE,FALSE,FALSE,"31","088","Teya"
2327,-21.478128407393,-39.5880352105279,-2.51107048246917,0.571086049090593,"sintetico_postestratificado",FALSE,0.356304765016663,"sintetico_postestratificado",FALSE,FALSE,FALSE,"31","087","Tetiz"
2328,-22.1473375048035,-37.8592560777334,-4.69170387595359,0.500410590943355,"sintetico_postestratificado",FALSE,0.27893721589532,"sintetico_postestratificado",FALSE,FALSE,FALSE,"31","066","Santa Elena"
2329,-23.1345712459669,-40.5908758760894,-6.21362439532503,0.495767935785335,"sintetico_postestratificado",FALSE,0.264422223325666,"sintetico_postestratificado",FALSE,FALSE,FALSE,"31","086","Tepakán"
2330,-21.2975497411853,-38.6656412182512,-2.73601029306053,0.531169419641676,"sintetico_postestratificado",FALSE,0.318193922229823,"sintetico_postestratificado",FALSE,FALSE,FALSE,"31","083","Telchac Puerto"
2331,-20.388002091343,-38.5689960620075,-1.66199408439049,0.457825022902208,"sintetico_postestratificado",FALSE,0.253945001988777,"sintetico_postestratificado",FALSE,FALSE,FALSE,"31","082","Telchac Pueblo"
2332,-21.1135572513763,-37.5786460781043,-3.2834152833508,0.48137523279796,"sintetico_postestratificado",FALSE,0.270239660284197,"sintetico_postestratificado",FALSE,FALSE,FALSE,"31","080","Tekit"
2333,-20.4345835866824,-36.1623331822523,-4.10520611460621,0.468694694999529,"muestra_directa",TRUE,0.264348859132705,"muestra_directa",FALSE,TRUE,TRUE,"31","102","Valladolid"
2334,-21.726582574427,-40.5193885137717,-3.50031085236806,0.512500946331332,"sintetico_postestratificado",FALSE,0.295235120587061,"sintetico_postestratificado",FALSE,FALSE,FALSE,"31","071","Sudzal"
2335,-20.1997878059502,-36.2076355687171,-3.60546928836725,0.490263719840278,"muestra_directa",TRUE,0.288265841780776,"muestra_directa",TRUE,TRUE,TRUE,"31","069","Sotuta"
2336,-19.0806944900631,-37.2201779690966,-1.38721119047355,0.451138119098012,"sintetico_postestratificado",FALSE,0.260331174197381,"sintetico_postestratificado",FALSE,FALSE,FALSE,"31","078","Tekantó"
2337,-19.7047880600687,-38.2178957755197,-1.71632985949422,0.474547813758644,"sintetico_postestratificado",FALSE,0.277499933157957,"sintetico_postestratificado",FALSE,FALSE,FALSE,"31","037","Huhí"
2338,-20.6420424291593,-37.3085758143579,-2.05311460190768,0.484726851046855,"sintetico_postestratificado",FALSE,0.278306426755262,"sintetico_postestratificado",FALSE,FALSE,FALSE,"31","027","Dzidzantún"
2339,-21.4395349134639,-39.2046974159819,-1.71771929015349,0.529802719963285,"sintetico_postestratificado",FALSE,0.315407370828646,"sintetico_postestratificado",FALSE,FALSE,FALSE,"31","058","Peto"
2340,-22.0001697836513,-40.4916037331401,-4.40489591596922,0.52678913753469,"sintetico_postestratificado",FALSE,0.306787439698177,"sintetico_postestratificado",FALSE,FALSE,FALSE,"31","055","Opichén"
2341,-21.3108387546127,-38.2987799122902,-4.48735750569456,0.501817457977363,"sintetico_postestratificado",FALSE,0.288709070431237,"sintetico_postestratificado",FALSE,FALSE,FALSE,"31","036","Homún"
2342,-21.0346647880115,-38.1263282086324,-3.90428282453296,0.463162336522904,"sintetico_postestratificado",FALSE,0.252815688642789,"sintetico_postestratificado",FALSE,FALSE,FALSE,"31","032","Espita"
2343,-19.1904299207742,-36.5391089564397,-0.878867729403298,0.489613737107008,"sintetico_postestratificado",FALSE,0.297709437899266,"sintetico_postestratificado",FALSE,FALSE,FALSE,"31","077","Tekal de Venegas"
2344,-20.291179945962,-38.2140126674535,-2.2533461872317,0.474368401703829,"sintetico_postestratificado",FALSE,0.271456602244208,"sintetico_postestratificado",FALSE,FALSE,FALSE,"31","074","Tahmek"
2345,-20.3372296919705,-37.4920864606846,-1.26168871249478,0.494064723757639,"sintetico_postestratificado",FALSE,0.290692426837934,"sintetico_postestratificado",FALSE,FALSE,FALSE,"31","026","Dzemul"
2346,-21.1601301571855,-38.4475580242127,-3.41523259745042,0.517922462222741,"sintetico_postestratificado",FALSE,0.306321160650885,"sintetico_postestratificado",FALSE,FALSE,FALSE,"31","025","Dzan"
2347,-21.1769982583706,-37.967030815688,-3.83330136470572,0.515796716842004,"sintetico_postestratificado",FALSE,0.304026734258297,"sintetico_postestratificado",FALSE,FALSE,FALSE,"31","001","Abalá"
2348,-21.7129073765209,-34.5511612307087,-8.98819660128767,0.496913538248486,"muestra_directa",FALSE,0.279784464483278,"muestra_directa",FALSE,TRUE,FALSE,"31","050","Mérida"
2349,-19.9090680019065,-36.8576248612712,-2.8950435532895,0.510812131390718,"muestra_directa",TRUE,0.311721451371653,"muestra_directa",FALSE,TRUE,TRUE,"31","023","Chocholá"
2350,-18.4736861897081,-36.0627065902039,-0.964518934778867,0.479255870563001,"sintetico_postestratificado",FALSE,0.29451900866592,"sintetico_postestratificado",FALSE,FALSE,FALSE,"31","035","Hoctún"
2351,-21.2107479039308,-37.6937711874668,-2.56240984190928,0.515733621170411,"sintetico_postestratificado",FALSE,0.303626142131103,"sintetico_postestratificado",FALSE,FALSE,FALSE,"31","034","Hocabá"
2352,-21.4933916902612,-38.3827316666543,-4.53387809059392,0.545936507186402,"sintetico_postestratificado",FALSE,0.33100259028379,"sintetico_postestratificado",FALSE,FALSE,FALSE,"31","016","Chacsinkín"
2353,-21.9837495866879,-39.1269405782947,-3.62743124331442,0.523382704189245,"sintetico_postestratificado",FALSE,0.303545208322366,"sintetico_postestratificado",FALSE,FALSE,FALSE,"31","015","Cuzamá"
2354,-21.608508380202,-38.7951747701082,-3.94620737553347,0.504213637471691,"sintetico_postestratificado",FALSE,0.288128553669671,"sintetico_postestratificado",FALSE,FALSE,FALSE,"31","013","Conkal"
2355,-20.2560444099159,-37.5413467321529,-3.40884958497168,0.480892791391217,"sintetico_postestratificado",FALSE,0.278332347292058,"sintetico_postestratificado",FALSE,FALSE,FALSE,"31","049","Mayapán"
2356,-21.3713973829927,-38.9810194381754,-2.53146311473611,0.494648605501255,"sintetico_postestratificado",FALSE,0.280934631671328,"sintetico_postestratificado",FALSE,FALSE,FALSE,"31","065","San Felipe"
2357,-19.5894405157826,-38.1688037189529,-0.94370869442408,0.452190712767117,"sintetico_postestratificado",FALSE,0.256296307609291,"sintetico_postestratificado",FALSE,FALSE,FALSE,"31","064","Sanahcat"
2358,-21.3298790435197,-38.8671757417762,-3.15670842419822,0.482943874128871,"sintetico_postestratificado",FALSE,0.269645083693674,"sintetico_postestratificado",FALSE,FALSE,FALSE,"31","073","Tahdziú"
2359,-21.5852743695941,-37.9792022703276,-1.20031921067286,0.535480935317994,"sintetico_postestratificado",FALSE,0.319628191622053,"sintetico_postestratificado",FALSE,FALSE,FALSE,"31","072","Suma"
2360,-19.3734893171947,-37.0319686834262,-2.25099134236053,0.457077854022824,"sintetico_postestratificado",FALSE,0.263342960850877,"sintetico_postestratificado",FALSE,FALSE,FALSE,"31","093","Tixkokob"
2361,-19.9716863980117,-39.2576427851309,-0.0928883168594389,0.493049347368985,"sintetico_postestratificado",FALSE,0.293332483388868,"sintetico_postestratificado",FALSE,FALSE,FALSE,"31","061","Río Lagartos"
2362,-20.5895738429357,-37.7951714408019,-3.97552501008308,0.508419685818164,"sintetico_postestratificado",FALSE,0.302523947388808,"sintetico_postestratificado",FALSE,FALSE,FALSE,"31","014","Cuncunul"
2363,-20.1561420292377,-36.6742970712795,-4.10216756318279,0.497412584935824,"muestra_directa",TRUE,0.295851164643446,"muestra_directa",TRUE,TRUE,TRUE,"31","089","Ticul"
2364,-19.9475712613378,-37.8427355842232,-2.21792253608873,0.459496103191593,"sintetico_postestratificado",FALSE,0.260020390578215,"sintetico_postestratificado",FALSE,FALSE,FALSE,"31","070","Sucilá"
2365,-23.0580042658861,-38.0275692353133,-6.46412149669044,0.608466857615812,"muestra_directa",FALSE,0.377886814956952,"muestra_directa",FALSE,TRUE,FALSE,"31","068","Sinanché"
2366,-23.2815357357914,-40.2920001088814,-4.25425323810334,0.564312476349578,"sintetico_postestratificado",FALSE,0.331497118991664,"sintetico_postestratificado",FALSE,FALSE,FALSE,"31","012","Cenotillo"
2367,-22.1895941403539,-40.8069381131329,-4.02105582207267,0.516853437146527,"sintetico_postestratificado",FALSE,0.294957495742988,"sintetico_postestratificado",FALSE,FALSE,FALSE,"31","010","Cantamayec"
2368,-21.0750727786422,-37.8358037908632,-3.54809725093599,0.481918656851891,"sintetico_postestratificado",FALSE,0.271167929065468,"sintetico_postestratificado",FALSE,FALSE,FALSE,"31","002","Acanceh"
2369,-20.9320368127111,-38.3867390896631,-2.15611695869135,0.491205829766481,"sintetico_postestratificado",FALSE,0.28188546163937,"sintetico_postestratificado",FALSE,FALSE,FALSE,"31","063","Samahil"
2370,-22.5700283077442,-40.7218605063578,-3.59431545478044,0.548114052945336,"sintetico_postestratificado",FALSE,0.322413769867894,"sintetico_postestratificado",FALSE,FALSE,FALSE,"31","060","Quintana Roo"
2371,-20.7093197816545,-38.0981319192327,-4.21664977379678,0.510855001566565,"sintetico_postestratificado",FALSE,0.30376180375002,"sintetico_postestratificado",FALSE,FALSE,FALSE,"31","054","Muxupip"
2372,-20.1350397783859,-37.3995907108625,-1.73972434163237,0.50491082779602,"sintetico_postestratificado",FALSE,0.303560430012161,"sintetico_postestratificado",FALSE,FALSE,FALSE,"31","053","Muna"
2373,-21.2899108676448,-38.749012507954,-3.68064725432324,0.482623730193783,"sintetico_postestratificado",FALSE,0.269724621517336,"sintetico_postestratificado",FALSE,FALSE,FALSE,"31","076","Tecoh"
2374,-21.6359247919853,-37.6907725771345,-5.10284131621908,0.481286514736471,"muestra_directa",TRUE,0.264927266816618,"muestra_directa",FALSE,TRUE,TRUE,"31","098","Tzucacab"
2375,-21.9579773085111,-38.9198227796815,-3.88985803186567,0.549705678978428,"sintetico_postestratificado",FALSE,0.330125905893317,"sintetico_postestratificado",FALSE,FALSE,FALSE,"31","042","Kantunil"
2376,-19.855715611733,-34.663874876376,-2.29558212393164,0.508716258388016,"muestra_directa",FALSE,0.310159102270687,"muestra_directa",FALSE,TRUE,FALSE,"31","052","Motul"
2377,-20.9508490915779,-37.033517508366,-2.57459302651697,0.523283387851572,"sintetico_postestratificado",FALSE,0.313774896935792,"sintetico_postestratificado",FALSE,FALSE,FALSE,"31","006","Buctzotz"
2378,-22.0610322425764,-37.1434421221789,-6.41605566565488,0.51377931515007,"muestra_directa",FALSE,0.293168992724305,"muestra_directa",FALSE,TRUE,FALSE,"31","056","Oxkutzcab"
2379,-22.8920530652106,-40.5735522623979,-1.71930623841,0.539321387497797,"sintetico_postestratificado",FALSE,0.310400856845691,"sintetico_postestratificado",FALSE,FALSE,FALSE,"31","057","Panabá"
2380,-18.1175103839959,-36.6768621414491,-0.971223979593682,0.410135257957879,"sintetico_postestratificado",FALSE,0.22896015411792,"sintetico_postestratificado",FALSE,FALSE,FALSE,"31","028","Dzilam de Bravo"
2381,-20.6531143509794,-37.8459079188345,-2.75949157147614,0.484187484753138,"sintetico_postestratificado",FALSE,0.277656341243344,"sintetico_postestratificado",FALSE,FALSE,FALSE,"31","062","Sacalum"
2382,-20.6990292256959,-39.5285148525016,-1.57969005106852,0.525523274275982,"sintetico_postestratificado",FALSE,0.318532982019024,"sintetico_postestratificado",FALSE,FALSE,FALSE,"31","051","Mocochá"
2383,-16.8923438927176,-32.0821887252469,-2.09768425103539,0.413532308453985,"muestra_directa",TRUE,0.244608869526809,"muestra_directa",FALSE,TRUE,TRUE,"31","040","Izamal"
2384,-20.626239809637,-37.2136158330259,-2.88370318959706,0.484566522495719,"sintetico_postestratificado",FALSE,0.278304124399348,"sintetico_postestratificado",FALSE,FALSE,FALSE,"31","085","Temozón"
2385,-20.9195830876486,-36.53970627185,-3.82450019277861,0.497982418661813,"muestra_directa",TRUE,0.288786587785326,"muestra_directa",TRUE,TRUE,TRUE,"31","104","Yaxcabá"
2386,-20.460009213585,-38.3532599071497,-2.3463782315357,0.485282448464682,"sintetico_postestratificado",FALSE,0.280682356328832,"sintetico_postestratificado",FALSE,FALSE,FALSE,"31","091","Tinum"
2387,-22.0127815667749,-39.0171247442628,-4.55117246104654,0.507485694899392,"muestra_directa",TRUE,0.287357879231643,"muestra_directa",TRUE,TRUE,TRUE,"31","048","Maxcanú"
2388,-19.4363818044145,-36.0950007704064,-2.37852893756213,0.470834707408064,"muestra_directa",TRUE,0.276470889363919,"muestra_directa",TRUE,TRUE,TRUE,"31","096","Tizimín"
2389,-20.9929292998978,-37.5112604229207,-4.61199402666251,0.49752209293076,"sintetico_postestratificado",FALSE,0.287592799931782,"sintetico_postestratificado",FALSE,FALSE,FALSE,"31","099","Uayma"
2390,-21.0438965194763,-39.2587241925151,-3.55328853509063,0.484417018676546,"sintetico_postestratificado",FALSE,0.273978053481783,"sintetico_postestratificado",FALSE,FALSE,FALSE,"31","005","Bokobá"
2391,-20.6321847207235,-37.3675559654057,-2.54089341312419,0.482052880290209,"sintetico_postestratificado",FALSE,0.275731033082974,"sintetico_postestratificado",FALSE,FALSE,FALSE,"31","047","Maní"
2392,-21.6354731408173,-39.5625616266035,-4.87910980249139,0.498696807512524,"sintetico_postestratificado",FALSE,0.282342076104351,"sintetico_postestratificado",FALSE,FALSE,FALSE,"31","046","Mama"
2393,-20.1835399472058,-38.6925725289841,-1.70162355123183,0.487992660133633,"sintetico_postestratificado",FALSE,0.286157260661576,"sintetico_postestratificado",FALSE,FALSE,FALSE,"31","045","Kopomá"
2394,-20.5437903235177,-36.7649331598626,-3.31117744722039,0.442476589280943,"sintetico_postestratificado",FALSE,0.237038686045766,"sintetico_postestratificado",FALSE,FALSE,FALSE,"31","044","Kinchil"
2395,-20.5670869478254,-37.8139365188844,-1.15486305916351,0.530455201063877,"sintetico_postestratificado",FALSE,0.324784331585623,"sintetico_postestratificado",FALSE,FALSE,FALSE,"31","100","Ucú"
2396,-19.330404455527,-36.5101569693841,-2.94671995276663,0.435208094273095,"sintetico_postestratificado",FALSE,0.241904049717826,"sintetico_postestratificado",FALSE,FALSE,FALSE,"31","043","Kaua"
2397,-21.2717539735631,-39.5580333760957,-3.2412199996663,0.483516108803203,"sintetico_postestratificado",FALSE,0.270798569067571,"sintetico_postestratificado",FALSE,FALSE,FALSE,"31","020","Chicxulub Pueblo"
2398,-19.692027698061,-38.1045974475706,-1.18988318515129,0.473248772382423,"sintetico_postestratificado",FALSE,0.276328495401813,"sintetico_postestratificado",FALSE,FALSE,FALSE,"31","067","Seyé"
2399,-22.1916613038794,-39.2503554143349,-6.1089725178181,0.514345585108942,"sintetico_postestratificado",FALSE,0.292428972070148,"sintetico_postestratificado",FALSE,FALSE,FALSE,"31","075","Teabo"
2400,-20.6481103664687,-37.8257196892592,-3.00741518744889,0.5103389131507,"sintetico_postestratificado",FALSE,0.303857809486013,"sintetico_postestratificado",FALSE,FALSE,FALSE,"31","004","Baca"
2401,-19.7830376838568,-38.0794996270175,-0.368314599089133,0.514411063932998,"sintetico_postestratificado",FALSE,0.31658068709443,"sintetico_postestratificado",FALSE,FALSE,FALSE,"31","003","Akil"
2402,-21.0602714496478,-37.5847684797668,-4.46861810640245,0.474737417429845,"sintetico_postestratificado",FALSE,0.264134702933368,"sintetico_postestratificado",FALSE,FALSE,FALSE,"31","022","Chikindzonot"
2403,-19.3434558208386,-37.7881341166522,-1.55517362852213,0.445614658080421,"sintetico_postestratificado",FALSE,0.252180099872035,"sintetico_postestratificado",FALSE,FALSE,FALSE,"31","033","Halachó"
2404,-19.1818498386163,-35.3163798244995,-4.31933687769537,0.473033047413032,"muestra_directa",FALSE,0.281214549026869,"muestra_directa",FALSE,TRUE,FALSE,"31","079","Tekax"
2405,-22.0360077524148,-39.1477566723618,-3.35604563204162,0.558642679192825,"sintetico_postestratificado",FALSE,0.338282601668677,"sintetico_postestratificado",FALSE,FALSE,FALSE,"31","059","Progreso"
2406,-19.3426776798683,-36.8040644306817,-1.58270253230247,0.448208779770421,"sintetico_postestratificado",FALSE,0.254782002971737,"sintetico_postestratificado",FALSE,FALSE,FALSE,"31","094","Tixméhuac"
2407,-22.4839946556842,-39.9170980739178,-4.20766680303198,0.573897146469918,"sintetico_postestratificado",FALSE,0.349057199913076,"sintetico_postestratificado",FALSE,FALSE,FALSE,"31","084","Temax"
2408,-20.6695658522014,-36.686666415501,-3.24295082009614,0.501279904149307,"muestra_directa",FALSE,0.294584245627293,"muestra_directa",FALSE,TRUE,FALSE,"31","029","Dzilam González"
2409,-19.6035521962396,-35.4181472190188,-5.20930702890795,0.418195168273479,"muestra_directa",FALSE,0.222159646311083,"muestra_directa",FALSE,TRUE,FALSE,"31","041","Kanasín"
2410,-21.850264818217,-37.0628226741681,-6.19746713211146,0.472470101056686,"muestra_directa",FALSE,0.253967452874516,"muestra_directa",FALSE,TRUE,FALSE,"31","038","Hunucmá"
2411,-19.6611131243265,-37.1445446777196,-1.84782020723548,0.456906962731763,"sintetico_postestratificado",FALSE,0.260295831488498,"sintetico_postestratificado",FALSE,FALSE,FALSE,"31","030","Dzitás"
2412,-22.9132787645701,-39.1842454519142,-5.59462677988086,0.525872438975716,"sintetico_postestratificado",FALSE,0.296739651330015,"sintetico_postestratificado",FALSE,FALSE,FALSE,"31","021","Chichimilá"
2413,-21.2980426622459,-39.1240487146293,-3.61087870102049,0.551256257826674,"sintetico_postestratificado",FALSE,0.338275831204215,"sintetico_postestratificado",FALSE,FALSE,FALSE,"31","039","Ixil"
2414,-21.1751415147534,-36.1526889733385,-5.22740010411449,0.523710688469611,"muestra_directa",TRUE,0.311959273322077,"muestra_directa",FALSE,TRUE,TRUE,"31","092","Tixcacalcupul"
2415,-19.9612534946179,-38.6610433117094,-2.22436802823693,0.501222762721954,"sintetico_postestratificado",FALSE,0.301610227775775,"sintetico_postestratificado",FALSE,FALSE,FALSE,"31","018","Chapab"
2416,-21.3254768307548,-37.9020400068339,-3.41666560215856,0.519238541050766,"sintetico_postestratificado",FALSE,0.305983772743218,"muestra_directa",TRUE,FALSE,TRUE,"31","017","Chankom"
2417,-19.4378712801204,-35.3449232371125,-3.41893488066283,0.464566189432602,"sintetico_postestratificado",FALSE,0.270187476631398,"sintetico_postestratificado",FALSE,FALSE,FALSE,"31","024","Chumayel"
2418,-19.0553962552276,-37.7157537741036,-1.22577127131742,0.454353721389276,"sintetico_postestratificado",FALSE,0.263799758837,"sintetico_postestratificado",FALSE,FALSE,FALSE,"31","031","Dzoncauich"
2419,-22.5758335027161,-41.0354048992925,-3.69261458810217,0.528997746401776,"sintetico_postestratificado",FALSE,0.303239411374615,"sintetico_postestratificado",FALSE,FALSE,FALSE,"31","011","Celestún"
2420,-21.4138551583986,-39.2302241576081,-2.49453656196511,0.548801875143912,"sintetico_postestratificado",FALSE,0.334663323559926,"sintetico_postestratificado",FALSE,FALSE,FALSE,"31","008","Calotmul"
2421,-22.9177270219531,-40.6697534511897,-5.22281026992141,0.56973069653372,"sintetico_postestratificado",FALSE,0.340553426314189,"sintetico_postestratificado",FALSE,FALSE,FALSE,"32","027","Melchor Ocampo"
2422,-24.7874018711979,-40.5099560854363,-7.55439980158289,0.579662712167743,"muestra_directa",TRUE,0.331788693455763,"muestra_directa",TRUE,TRUE,TRUE,"32","019","Jalpa"
2423,-24.7508250492335,-41.4030611063231,-7.77860345705961,0.560336163351026,"sintetico_postestratificado",FALSE,0.312827912858691,"sintetico_postestratificado",FALSE,FALSE,FALSE,"32","003","Atolinga"
2424,-23.1617682293016,-40.285248085877,-4.57730048611335,0.54432886631245,"sintetico_postestratificado",FALSE,0.312711184019434,"sintetico_postestratificado",FALSE,FALSE,FALSE,"32","058","Santa María de la Paz"
2425,-21.8583884537772,-36.3390705708501,-6.41825030903309,0.525242395338065,"muestra_directa",FALSE,0.306658510800293,"muestra_directa",FALSE,TRUE,FALSE,"32","036","Ojocaliente"
2426,-23.9195451138281,-40.1383717437095,-6.86345489361698,0.610590893901822,"muestra_directa",TRUE,0.371395442763541,"muestra_directa",TRUE,TRUE,TRUE,"32","035","Noria de Ángeles"
2427,-23.204597571787,-40.7000386583023,-6.73161004572012,0.576664224828414,"sintetico_postestratificado",FALSE,0.344618249110543,"sintetico_postestratificado",FALSE,FALSE,FALSE,"32","037","Pánuco"
2428,-23.651146243082,-39.1526654787855,-7.78098352289763,0.574738815682188,"muestra_directa",FALSE,0.338227353251368,"muestra_directa",FALSE,TRUE,FALSE,"32","040","Sain Alto"
2429,-22.5742882633689,-40.2207793057081,-4.87462463409476,0.540924915939736,"sintetico_postestratificado",FALSE,0.315182033306047,"sintetico_postestratificado",FALSE,FALSE,FALSE,"32","033","Moyahua de Estrada"
2430,-21.9338420552012,-36.7552558533714,-6.06749535548721,0.584620491174379,"muestra_directa",FALSE,0.365282070622367,"muestra_directa",FALSE,TRUE,FALSE,"32","020","Jerez"
2431,-24.1193043928505,-37.6651367980917,-11.1970752630628,0.565132326370948,"muestra_directa",FALSE,0.323939282442443,"muestra_directa",FALSE,TRUE,FALSE,"32","010","Fresnillo"
2432,-23.3749412364841,-39.5080582893356,-7.10641823461351,0.553873920295875,"sintetico_postestratificado",FALSE,0.320124507931034,"sintetico_postestratificado",FALSE,FALSE,FALSE,"32","034","Nochistlán de Mejía"
2433,-21.1680604548769,-37.2229180937549,-3.70815902347036,0.583876946571923,"muestra_directa",TRUE,0.372196342023154,"muestra_directa",TRUE,TRUE,TRUE,"32","005","Calera"
2434,-22.1100531887205,-40.0782045578775,-3.71716769846753,0.54397503627712,"sintetico_postestratificado",FALSE,0.322874504389916,"sintetico_postestratificado",FALSE,FALSE,FALSE,"32","045","Tepechitlán"
2435,-22.0651513474885,-37.6192842549204,-5.26786769823422,0.558362964371765,"sintetico_postestratificado",FALSE,0.33771145089688,"sintetico_postestratificado",FALSE,FALSE,FALSE,"32","038","Pinos"
2436,-22.952205357173,-39.1680818015624,-6.10212830316047,0.551096710415729,"muestra_directa",TRUE,0.321574656843998,"muestra_directa",TRUE,TRUE,TRUE,"32","051","Villa de Cos"
2437,-22.735221246215,-39.5911966365092,-4.49325702729677,0.616067749566,"sintetico_postestratificado",FALSE,0.38871553710385,"sintetico_postestratificado",FALSE,FALSE,FALSE,"32","050","Vetagrande"
2438,-22.3672720455316,-38.3114750149451,-6.05975594808759,0.579938698182524,"sintetico_postestratificado",FALSE,0.356265977727207,"sintetico_postestratificado",FALSE,FALSE,FALSE,"32","049","Valparaíso"
2439,-21.8452615576125,-36.0268181128608,-7.70972438927562,0.597355598121593,"muestra_directa",FALSE,0.378902982545469,"muestra_directa",FALSE,TRUE,FALSE,"32","048","Tlaltenango de Sánchez Román"
2440,-22.8456914766564,-38.8725588771462,-5.8321584441374,0.5671152854083,"sintetico_postestratificado",FALSE,0.338658370641736,"sintetico_postestratificado",FALSE,FALSE,FALSE,"32","046","Tepetongo"
2441,-23.2972683709236,-38.8842980564812,-7.01933448636515,0.531657753672289,"muestra_directa",TRUE,0.298685069963053,"muestra_directa",TRUE,TRUE,TRUE,"32","025","Luis Moya"
2442,-22.7066651795592,-39.880307174931,-5.48294782550159,0.546024815713029,"sintetico_postestratificado",FALSE,0.318958163917438,"sintetico_postestratificado",FALSE,FALSE,FALSE,"32","044","Tabasco"
2443,-22.5175688047851,-39.8004297087748,-4.08055855634405,0.57989733302162,"sintetico_postestratificado",FALSE,0.354721644973769,"sintetico_postestratificado",FALSE,FALSE,FALSE,"32","043","Susticacán"
2444,-21.8021052652128,-38.8016998863242,-2.55742030077239,0.554415414099438,"sintetico_postestratificado",FALSE,0.33639436144731,"sintetico_postestratificado",FALSE,FALSE,FALSE,"32","054","Villa Hidalgo"
2445,-22.3274930447227,-39.3071022955017,-4.89347321903434,0.555473952839469,"sintetico_postestratificado",FALSE,0.332199022392242,"sintetico_postestratificado",FALSE,FALSE,FALSE,"32","042","Sombrerete"
2446,-21.4550734962196,-38.4312691966927,-1.89319022860978,0.561672800604652,"sintetico_postestratificado",FALSE,0.347122065642456,"sintetico_postestratificado",FALSE,FALSE,FALSE,"32","041","El Salvador"
2447,-21.3078217960571,-37.5086827241639,-4.35040617627805,0.535258027666697,"sintetico_postestratificado",FALSE,0.322179809706126,"sintetico_postestratificado",FALSE,FALSE,FALSE,"32","016","General Pánfilo Natera"
2448,-22.0180861829393,-38.0783683308798,-5.89311797533356,0.538645847547101,"sintetico_postestratificado",FALSE,0.318464985717708,"sintetico_postestratificado",FALSE,FALSE,FALSE,"32","014","General Francisco R. Murguía"
2449,-22.4777436510912,-40.4722188946726,-4.25651554372626,0.579940608285621,"sintetico_postestratificado",FALSE,0.35516317177471,"sintetico_postestratificado",FALSE,FALSE,FALSE,"32","013","General Enrique Estrada"
2450,-21.4989738252285,-38.4832583271994,-4.07951951341401,0.593573052387616,"sintetico_postestratificado",FALSE,0.378583314135332,"sintetico_postestratificado",FALSE,FALSE,FALSE,"32","009","Chalchihuites"
2451,-25.9863933172804,-38.8130115326189,-12.1658866909377,0.591486829818232,"muestra_directa",FALSE,0.331622896645428,"muestra_directa",FALSE,TRUE,FALSE,"32","017","Guadalupe"
2452,-21.6749030665805,-38.1478450355207,-4.53103763727526,0.580817007790692,"sintetico_postestratificado",FALSE,0.364067977124888,"sintetico_postestratificado",FALSE,FALSE,FALSE,"32","057","Trancoso"
2453,-22.3926933936681,-39.6195499136444,-3.51837477655193,0.543967551874026,"sintetico_postestratificado",FALSE,0.320040617937346,"sintetico_postestratificado",FALSE,FALSE,FALSE,"32","030","Momax"
2454,-21.6317244311578,-38.2458830932188,-3.93435021939574,0.555485538970349,"sintetico_postestratificado",FALSE,0.339168294658771,"sintetico_postestratificado",FALSE,FALSE,FALSE,"32","032","Morelos"
2455,-20.8223620523431,-35.4324201712261,-5.62758139643981,0.579253705408563,"muestra_directa",FALSE,0.371030084885132,"muestra_directa",FALSE,TRUE,FALSE,"32","056","Zacatecas"
2456,-22.1686235225834,-38.477917398806,-5.16320655026759,0.546100231433462,"sintetico_postestratificado",FALSE,0.324413996207628,"sintetico_postestratificado",FALSE,FALSE,FALSE,"32","018","Huanusco"
2457,-23.2036994368286,-39.9345523632659,-6.68025318717543,0.56071871645298,"sintetico_postestratificado",FALSE,0.328681722084694,"sintetico_postestratificado",FALSE,FALSE,FALSE,"32","022","Juan Aldama"
2458,-23.2534587540783,-40.5378291247356,-5.7385528899091,0.586376365747648,"sintetico_postestratificado",FALSE,0.353841778206864,"sintetico_postestratificado",FALSE,FALSE,FALSE,"32","002","Apulco"
2459,-24.4169349128392,-40.6045182471629,-7.59996739637766,0.572712461881814,"sintetico_postestratificado",FALSE,0.328543112753422,"sintetico_postestratificado",FALSE,FALSE,FALSE,"32","001","Apozol"
2460,-25.8039640454537,-42.2351637607231,-8.39388949213743,0.559237136381736,"sintetico_postestratificado",FALSE,0.301197495927199,"sintetico_postestratificado",FALSE,FALSE,FALSE,"32","015","El Plateado de Joaquín Amaro"
2461,-24.3374834970715,-39.4926019115329,-7.78212216224198,0.594618473446879,"sintetico_postestratificado",FALSE,0.351243638476164,"sintetico_postestratificado",FALSE,FALSE,FALSE,"32","028","Mezquital del Oro"
2462,-23.9230454888219,-39.0543117129414,-6.8028779029791,0.611148828595489,"sintetico_postestratificado",FALSE,0.371918373707271,"sintetico_postestratificado",FALSE,FALSE,FALSE,"32","026","Mazapil"
2463,-23.3440090251292,-37.6648159123257,-7.94180688521525,0.546084247491789,"muestra_directa",FALSE,0.312644157240496,"muestra_directa",FALSE,TRUE,FALSE,"32","052","Villa García"
2464,-21.2909190108063,-35.9014396865855,-6.12469238642333,0.535567531318601,"muestra_directa",FALSE,0.322658341210538,"muestra_directa",FALSE,TRUE,FALSE,"32","024","Loreto"
2465,-23.7735137548814,-40.7502612979606,-6.92496549645831,0.584214604800261,"sintetico_postestratificado",FALSE,0.346479467251447,"sintetico_postestratificado",FALSE,FALSE,FALSE,"32","004","Benito Juárez"
2466,-25.2161050064696,-41.3344602351492,-9.25939666161766,0.638711201145562,"muestra_directa",TRUE,0.386550151080866,"muestra_directa",FALSE,TRUE,TRUE,"32","029","Miguel Auza"
2467,-25.0437662123685,-39.3056273269119,-10.1661021263781,0.606062575460443,"muestra_directa",FALSE,0.355624913336758,"muestra_directa",FALSE,TRUE,FALSE,"32","053","Villa González Ortega"
2468,-22.6307139852109,-37.3343644045511,-5.81588505103267,0.605060910908325,"muestra_directa",TRUE,0.378753771056216,"muestra_directa",FALSE,TRUE,TRUE,"32","023","Juchipila"
2469,-23.4684808501507,-38.950474127524,-8.41462187342338,0.583080315487599,"muestra_directa",TRUE,0.348395506986092,"muestra_directa",FALSE,TRUE,TRUE,"32","039","Río Grande"
2470,-24.6494576025885,-41.2271034360852,-7.66781832775584,0.554104988168152,"sintetico_postestratificado",FALSE,0.307610412142266,"sintetico_postestratificado",FALSE,FALSE,FALSE,"32","055","Villanueva"
2471,-24.9549599343473,-40.0486916240876,-9.53627994583915,0.628102581922109,"muestra_directa",TRUE,0.378552982578636,"muestra_directa",FALSE,TRUE,TRUE,"32","031","Monte Escobedo"
2472,-24.6670054642763,-40.6007074296777,-8.31567494163886,0.540156781766882,"sintetico_postestratificado",FALSE,0.293486727124119,"sintetico_postestratificado",FALSE,FALSE,FALSE,"32","021","Jiménez del Teul"
2473,-24.480256057115,-39.9017835518474,-7.63164082292324,0.574280595662503,"muestra_directa",TRUE,0.329478035091352,"muestra_directa",FALSE,TRUE,TRUE,"32","008","Cuauhtémoc"
2474,-23.3778715423211,-41.4273274931082,-5.55915268109568,0.567084648544632,"sintetico_postestratificado",FALSE,0.33330593312142,"sintetico_postestratificado",FALSE,FALSE,FALSE,"32","007","Concepción del Oro"
2475,-25.3800567360984,-42.2715062772792,-8.43677948181422,0.604621293174147,"sintetico_postestratificado",FALSE,0.350820725813163,"sintetico_postestratificado",FALSE,FALSE,FALSE,"32","047","Teúl de González Ortega"
2476,-24.3667122031195,-41.899234762479,-6.21052728543804,0.636294032416906,"sintetico_postestratificado",FALSE,0.392626910385711,"sintetico_postestratificado",FALSE,FALSE,FALSE,"32","012","Genaro Codina"
2477,-23.4213202800192,-40.891623745916,-5.56548922380355,0.571764817400771,"sintetico_postestratificado",FALSE,0.337551614600579,"sintetico_postestratificado",FALSE,FALSE,FALSE,"32","006","Cañitas de Felipe Pescador"
2478,-22.5486860934218,-39.2995981230919,-4.56052769957622,0.590074642885865,"sintetico_postestratificado",FALSE,0.364587781951647,"sintetico_postestratificado",FALSE,FALSE,FALSE,"32","011","Trinidad García de la Cadena"
