"muni_idx","diferencia_pp","dif_q025","dif_q975","prev_ESH","fuente_ESH","priv_ESH","prev_AHA","fuente_AHA","priv_AHA","ambos_directos","suprimir_privacidad","cve_ent","cve_mun","nomgeo"
1,-24.1181149551575,-38.0083078873544,-9.03142500542039,0.715079104263175,"muestra_directa",TRUE,0.4738979547116,"muestra_directa",TRUE,TRUE,TRUE,"01","005","Jesús María"
2,-24.2464865371691,-39.7606256513846,-9.75429000067965,0.668261058285024,"sintetico_postestratificado",FALSE,0.425796192913333,"sintetico_postestratificado",FALSE,FALSE,FALSE,"01","008","San José de Gracia"
3,-20.5601100666772,-30.5043732105432,-9.37434938601612,0.661790927564137,"muestra_directa",FALSE,0.456189826897365,"muestra_directa",FALSE,TRUE,FALSE,"01","001","Aguascalientes"
4,-23.1377169319582,-38.8358908404035,-5.75298831892822,0.647068757038414,"muestra_directa",TRUE,0.415691587718832,"muestra_directa",TRUE,TRUE,TRUE,"01","004","Cosío"
5,-22.9117587437106,-38.4681202933054,-7.6825857304674,0.663837403022911,"sintetico_postestratificado",FALSE,0.434719815585806,"sintetico_postestratificado",FALSE,FALSE,FALSE,"01","011","San Francisco de los Romo"
6,-24.8207673638877,-39.6886776627333,-11.1373977995249,0.663849434164144,"muestra_directa",TRUE,0.415641760525267,"muestra_directa",TRUE,TRUE,TRUE,"01","006","Pabellón de Arteaga"
7,-24.3633157405184,-38.9736745537712,-9.56539532209523,0.644608817508653,"sintetico_postestratificado",FALSE,0.400975660103469,"sintetico_postestratificado",FALSE,FALSE,FALSE,"01","003","Calvillo"
8,-24.9940955208035,-39.4230621939812,-9.83874205618048,0.655653442217276,"sintetico_postestratificado",FALSE,0.405712487009241,"sintetico_postestratificado",FALSE,FALSE,FALSE,"01","010","El Llano"
9,-20.6976865456511,-33.4916289707986,-5.34692374446805,0.678734134258813,"muestra_directa",TRUE,0.471757268802303,"muestra_directa",TRUE,TRUE,TRUE,"01","002","Asientos"
10,-23.2541504225891,-36.3505269285954,-9.76879210249216,0.668741910717529,"muestra_directa",FALSE,0.436200406491638,"muestra_directa",FALSE,TRUE,FALSE,"01","009","Tepezalá"
11,-24.5024714608067,-39.518086922851,-10.2050048133557,0.694249307029853,"sintetico_postestratificado",FALSE,0.449224592421785,"sintetico_postestratificado",FALSE,FALSE,FALSE,"01","007","Rincón de Romos"
12,-29.8938305295267,-46.5978281313545,-13.2096534978836,0.652039520148603,"muestra_directa",TRUE,0.353101214853337,"muestra_directa",TRUE,TRUE,TRUE,"02","003","Tecate"
13,-29.4476319122358,-45.2577967369878,-13.4175780238813,0.68146629379833,"muestra_directa",FALSE,0.386989974675973,"muestra_directa",FALSE,TRUE,FALSE,"02","004","Tijuana"
14,-29.5561916099534,-46.1615342070381,-11.3530564535119,0.668962255864907,"muestra_directa",FALSE,0.373400339765374,"muestra_directa",FALSE,TRUE,FALSE,"02","001","Ensenada"
15,-28.8341642089382,-44.8094959319837,-10.5110292615898,0.649652265813827,"muestra_directa",TRUE,0.361310623724445,"muestra_directa",TRUE,TRUE,TRUE,"02","006","San Quintín"
17,-28.3525231964984,-42.6837503607196,-13.6271969648876,0.642799517143902,"muestra_directa",FALSE,0.359274285178918,"muestra_directa",FALSE,TRUE,FALSE,"02","002","Mexicali"
18,-29.2404952662373,-46.8053352100248,-9.30232586425921,0.656115843560687,"muestra_directa",TRUE,0.363710890898315,"muestra_directa",TRUE,TRUE,TRUE,"02","005","Playas de Rosarito"
19,-28.3624359158539,-46.0666928543297,-10.4910706121955,0.647598202164798,"muestra_directa",TRUE,0.363973843006259,"muestra_directa",TRUE,TRUE,TRUE,"03","002","Mulegé"
20,-25.1112205596676,-44.3610833001896,-4.2018266837448,0.667805624785837,"sintetico_postestratificado",FALSE,0.416693419189161,"sintetico_postestratificado",FALSE,FALSE,FALSE,"03","009","Loreto"
21,-21.8581361233472,-39.0058110147668,-4.61131745721441,0.704724683018556,"muestra_directa",FALSE,0.486143321785084,"muestra_directa",FALSE,TRUE,FALSE,"03","008","Los Cabos"
22,-21.1273644680791,-34.0045007382383,-7.46344699621058,0.699444905132952,"muestra_directa",FALSE,0.48817126045216,"muestra_directa",FALSE,TRUE,FALSE,"03","003","La Paz"
23,-24.7257743359564,-38.580426298405,-9.49240071351693,0.648103437278392,"muestra_directa",FALSE,0.400845693918828,"muestra_directa",FALSE,TRUE,FALSE,"03","001","Comondú"
24,-27.361027383226,-40.3003624716003,-14.5229825621252,0.646517536283846,"muestra_directa",FALSE,0.372907262451586,"muestra_directa",FALSE,TRUE,FALSE,"04","003","Carmen"
25,-22.3405037515779,-37.4139824549345,-5.82008388335892,0.65834716242217,"muestra_directa",TRUE,0.434942124906391,"muestra_directa",TRUE,TRUE,TRUE,"04","007","Palizada"
27,-22.3042339355739,-38.3090435298762,-5.04683514104398,0.619956352791284,"sintetico_postestratificado",FALSE,0.396914013435545,"sintetico_postestratificado",FALSE,FALSE,FALSE,"04","005","Hecelchakán"
28,-24.5473957669791,-36.9240527414793,-10.3539339365624,0.595235265478334,"muestra_directa",TRUE,0.349761307808543,"muestra_directa",TRUE,TRUE,TRUE,"04","004","Champotón"
29,-21.6877161970235,-36.5189471722351,-5.89821525094268,0.594011026471958,"muestra_directa",TRUE,0.377133864501723,"muestra_directa",TRUE,TRUE,TRUE,"04","011","Candelaria"
31,-19.0160212662855,-32.3179464870002,-4.34605566778386,0.569758253036365,"muestra_directa",FALSE,0.37959804037351,"muestra_directa",FALSE,TRUE,FALSE,"04","002","Campeche"
32,-23.1317018103725,-36.3939644235482,-7.68915184414598,0.570893882941595,"sintetico_postestratificado",FALSE,0.33957686483787,"sintetico_postestratificado",FALSE,FALSE,FALSE,"04","006","Hopelchén"
33,-24.6345477202084,-39.4612211828318,-8.51965971975976,0.608653310982882,"muestra_directa",TRUE,0.362307833780798,"muestra_directa",TRUE,TRUE,TRUE,"04","001","Calkiní"
34,-24.3777444138762,-38.7335480386098,-7.73690675713902,0.582045965737825,"sintetico_postestratificado",FALSE,0.338268521599063,"sintetico_postestratificado",FALSE,FALSE,FALSE,"04","010","Calakmul"
35,-26.3004014886898,-40.8311619552062,-9.51485754424011,0.57401842482916,"muestra_directa",TRUE,0.311014409942262,"muestra_directa",TRUE,TRUE,TRUE,"04","009","Escárcega"
36,-23.7245393254706,-39.375665218829,-5.68793242870667,0.570175436233006,"muestra_directa",TRUE,0.332930042978299,"muestra_directa",TRUE,TRUE,TRUE,"04","008","Tenabo"
37,-25.3897273103202,-40.4968897720043,-7.14815640896702,0.683141794501317,"sintetico_postestratificado",FALSE,0.429244521398115,"sintetico_postestratificado",FALSE,FALSE,FALSE,"05","005","Candela"
38,-26.0550384179445,-39.5311869104351,-12.7621020822487,0.682567239496491,"muestra_directa",FALSE,0.422016855317046,"muestra_directa",FALSE,TRUE,FALSE,"05","017","Matamoros"
39,-25.8698728423554,-41.6854455065861,-10.2185941600715,0.667542442196147,"muestra_directa",TRUE,0.408843713772593,"muestra_directa",TRUE,TRUE,TRUE,"05","018","Monclova"
40,-26.7958617994213,-43.8618039801224,-8.95977846778357,0.672317800851534,"sintetico_postestratificado",FALSE,0.404359182857321,"sintetico_postestratificado",FALSE,FALSE,FALSE,"05","014","Jiménez"
41,-26.8940785398993,-38.56887802771,-13.539625186278,0.650393862541025,"muestra_directa",FALSE,0.381453077142031,"muestra_directa",FALSE,TRUE,FALSE,"05","035","Torreón"
42,-27.6551676494934,-44.1869611800464,-6.86231625666024,0.643602346530252,"sintetico_postestratificado",FALSE,0.367050670035318,"sintetico_postestratificado",FALSE,FALSE,FALSE,"05","013","Hidalgo"
43,-26.632787287795,-43.5307261450089,-9.9576854390229,0.672317307963039,"sintetico_postestratificado",FALSE,0.405989435085088,"sintetico_postestratificado",FALSE,FALSE,FALSE,"05","015","Juárez"
44,-27.0557163406347,-42.6064221544039,-9.50741632228249,0.647066635992752,"sintetico_postestratificado",FALSE,0.376509472586405,"sintetico_postestratificado",FALSE,FALSE,FALSE,"05","020","Múzquiz"
45,-25.740493437854,-39.0967516040615,-11.5214017953802,0.668288163867015,"muestra_directa",TRUE,0.410883229488475,"muestra_directa",TRUE,TRUE,TRUE,"05","024","Parras"
46,-26.076193377707,-40.9617488317304,-9.88677491005742,0.686252749655656,"muestra_directa",TRUE,0.425490815878586,"muestra_directa",TRUE,TRUE,TRUE,"05","026","Progreso"
47,-26.6909333655817,-39.9672636436355,-12.0567725757117,0.65564601517473,"muestra_directa",TRUE,0.388736681518913,"muestra_directa",TRUE,TRUE,TRUE,"05","027","Ramos Arizpe"
48,-27.7643834075296,-45.4497852081423,-8.72322962801945,0.643383367584199,"muestra_directa",TRUE,0.365739533508902,"muestra_directa",TRUE,TRUE,TRUE,"05","025","Piedras Negras"
49,-26.4890184650785,-42.0842378757612,-8.76638062780253,0.658975792112417,"sintetico_postestratificado",FALSE,0.394085607461632,"sintetico_postestratificado",FALSE,FALSE,FALSE,"05","028","Sabinas"
50,-26.8900351197915,-40.2126852752905,-13.857419101726,0.669185639970658,"muestra_directa",FALSE,0.400285288772743,"muestra_directa",FALSE,TRUE,FALSE,"05","030","Saltillo"
51,-25.7417803022878,-41.1154777131421,-10.3529709928629,0.645967945051097,"sintetico_postestratificado",FALSE,0.38855014202822,"sintetico_postestratificado",FALSE,FALSE,FALSE,"05","031","San Buenaventura"
52,-26.0571687646052,-41.1526797102408,-8.96183941553442,0.64695953257971,"sintetico_postestratificado",FALSE,0.386387844933658,"sintetico_postestratificado",FALSE,FALSE,FALSE,"05","016","Lamadrid"
53,-26.6824944163251,-41.0727442302203,-11.5348384118697,0.677376596518709,"sintetico_postestratificado",FALSE,0.410551652355457,"sintetico_postestratificado",FALSE,FALSE,FALSE,"05","004","Arteaga"
54,-24.5146142048446,-39.934539748844,-8.19511958517516,0.668608981129024,"muestra_directa",TRUE,0.423462839080578,"muestra_directa",TRUE,TRUE,TRUE,"05","002","Acuña"
55,-25.8172485862973,-44.3865180666534,-6.53899500554278,0.688512119639451,"sintetico_postestratificado",FALSE,0.430339633776478,"sintetico_postestratificado",FALSE,FALSE,FALSE,"05","032","San Juan de Sabinas"
56,-26.4325070221638,-40.1467967256913,-11.4090831024611,0.685172931743616,"muestra_directa",TRUE,0.420847861521979,"muestra_directa",TRUE,TRUE,TRUE,"05","033","San Pedro"
57,-26.8931615338727,-39.6120230683995,-11.9112235718737,0.665823747181557,"sintetico_postestratificado",FALSE,0.39689213184283,"sintetico_postestratificado",FALSE,FALSE,FALSE,"05","009","Francisco I. Madero"
58,-26.9054479325449,-43.2093580707473,-9.35769726337529,0.672374661551251,"sintetico_postestratificado",FALSE,0.403320182225802,"sintetico_postestratificado",FALSE,FALSE,FALSE,"05","012","Guerrero"
59,-26.6687307065786,-41.1809022151819,-10.9271024813015,0.683428228141685,"sintetico_postestratificado",FALSE,0.416740921075899,"sintetico_postestratificado",FALSE,FALSE,FALSE,"05","006","Castaños"
60,-26.4522507216725,-42.4415416831116,-8.9414988524447,0.673054904869748,"sintetico_postestratificado",FALSE,0.408532397653023,"sintetico_postestratificado",FALSE,FALSE,FALSE,"05","003","Allende"
61,-26.6820791896651,-40.0767107940736,-11.0507932585867,0.681424663958153,"sintetico_postestratificado",FALSE,0.414603872061502,"sintetico_postestratificado",FALSE,FALSE,FALSE,"05","023","Ocampo"
62,-25.2906376620169,-41.4145797527912,-8.51050970404924,0.678770148660854,"sintetico_postestratificado",FALSE,0.425863772040685,"sintetico_postestratificado",FALSE,FALSE,FALSE,"05","008","Escobedo"
63,-25.9349874190712,-42.7048682952264,-7.89407310329383,0.682578931184179,"sintetico_postestratificado",FALSE,0.423229056993468,"sintetico_postestratificado",FALSE,FALSE,FALSE,"05","022","Nava"
64,-25.5939999226034,-41.3984144305788,-7.19662954749355,0.643583014133976,"sintetico_postestratificado",FALSE,0.387643014907941,"sintetico_postestratificado",FALSE,FALSE,FALSE,"05","019","Morelos"
65,-26.0940353128249,-40.0389262458692,-12.291549251692,0.650964215968036,"sintetico_postestratificado",FALSE,0.390023862839788,"sintetico_postestratificado",FALSE,FALSE,FALSE,"05","007","Cuatro Ciénegas"
66,-25.6443512094286,-39.443376538502,-10.6172527200222,0.643362559694346,"sintetico_postestratificado",FALSE,0.386919047600061,"sintetico_postestratificado",FALSE,FALSE,FALSE,"05","034","Sierra Mojada"
67,-27.0574605985724,-43.4615047568809,-10.4609060868712,0.649640702347751,"sintetico_postestratificado",FALSE,0.379066096362027,"sintetico_postestratificado",FALSE,FALSE,FALSE,"05","037","Villa Unión"
68,-26.2490594360266,-41.4954560821501,-9.50077806884021,0.664651234636637,"sintetico_postestratificado",FALSE,0.402160640276371,"sintetico_postestratificado",FALSE,FALSE,FALSE,"05","029","Sacramento"
69,-25.7473328551213,-41.380708228981,-7.53622552164956,0.641109500280302,"sintetico_postestratificado",FALSE,0.38363617172909,"sintetico_postestratificado",FALSE,FALSE,FALSE,"05","001","Abasolo"
70,-26.4495103109218,-41.8383268931662,-8.63388767833185,0.625330447792453,"muestra_directa",TRUE,0.360835344683235,"muestra_directa",TRUE,TRUE,TRUE,"05","038","Zaragoza"
71,-26.0762892130912,-41.5782768218999,-9.53776240719612,0.641457955800561,"sintetico_postestratificado",FALSE,0.380695063669648,"sintetico_postestratificado",FALSE,FALSE,FALSE,"05","021","Nadadores"
72,-27.1883918534573,-42.2160467830215,-10.0622307304185,0.63235571595677,"sintetico_postestratificado",FALSE,0.360471797422197,"sintetico_postestratificado",FALSE,FALSE,FALSE,"05","010","Frontera"
73,-26.1227959594495,-42.0396630055493,-9.79413977787446,0.676841626752208,"sintetico_postestratificado",FALSE,0.415613667157713,"sintetico_postestratificado",FALSE,FALSE,FALSE,"05","011","General Cepeda"
74,-26.4841962152582,-40.5797869650706,-11.5177922383108,0.666431840660807,"sintetico_postestratificado",FALSE,0.401589878508225,"sintetico_postestratificado",FALSE,FALSE,FALSE,"05","036","Viesca"
75,-24.9339159600133,-41.7738368172093,-8.20005160796757,0.69436235664483,"sintetico_postestratificado",FALSE,0.445023197044697,"sintetico_postestratificado",FALSE,FALSE,FALSE,"06","006","Ixtlahuacán"
76,-23.6447583547267,-37.8786153532723,-10.5474281517642,0.732721113607729,"muestra_directa",TRUE,0.496273530060461,"muestra_directa",TRUE,TRUE,TRUE,"06","002","Colima"
77,-25.6625042358231,-41.2193622365898,-10.6414343343401,0.689180316673213,"muestra_directa",TRUE,0.432555274314982,"muestra_directa",TRUE,TRUE,TRUE,"06","005","Cuauhtémoc"
78,-24.7237919186203,-39.3287908909931,-9.4325823006792,0.681098042637052,"muestra_directa",TRUE,0.433860123450849,"muestra_directa",TRUE,TRUE,TRUE,"06","008","Minatitlán"
79,-24.9115262256097,-41.2964116580719,-8.67532394326887,0.709357443447281,"muestra_directa",TRUE,0.460242181191184,"muestra_directa",TRUE,TRUE,TRUE,"06","001","Armería"
80,-25.9577817233339,-42.6784424848154,-10.1676454849785,0.697521233068605,"muestra_directa",TRUE,0.437943415835265,"muestra_directa",TRUE,TRUE,TRUE,"06","004","Coquimatlán"
81,-22.313361296601,-35.8472189072265,-9.20387578848262,0.727084361583111,"muestra_directa",FALSE,0.5039507486171,"muestra_directa",FALSE,TRUE,FALSE,"06","010","Villa de Álvarez"
82,-24.7592119149277,-39.2322136675041,-9.88665780911453,0.694406122130979,"muestra_directa",FALSE,0.446814002981702,"muestra_directa",FALSE,TRUE,FALSE,"06","003","Comala"
83,-25.3665488220009,-39.1839961339776,-12.4918096838756,0.721430958379368,"muestra_directa",FALSE,0.467765470159359,"muestra_directa",FALSE,TRUE,FALSE,"06","007","Manzanillo"
84,-25.1841422307353,-40.4480357871484,-11.0413222930368,0.735001979289705,"muestra_directa",FALSE,0.483160556982352,"muestra_directa",FALSE,TRUE,FALSE,"06","009","Tecomán"
85,-25.6235639607279,-39.8394053299793,-9.00509896995665,0.555668957398236,"muestra_directa",TRUE,0.299433317790957,"muestra_directa",TRUE,TRUE,TRUE,"07","019","Comitán de Domínguez"
86,-24.1242815286044,-40.6398177150628,-5.29143946582071,0.571306595107742,"sintetico_postestratificado",FALSE,0.330063779821697,"sintetico_postestratificado",FALSE,FALSE,FALSE,"07","090","Tapalapa"
87,-25.3915419153926,-40.6830007825289,-9.30237471377453,0.590667821398569,"muestra_directa",TRUE,0.336752402244643,"muestra_directa",TRUE,TRUE,TRUE,"07","020","La Concordia"
88,-24.7023264258637,-38.8798928638191,-6.28531552675278,0.546716603046052,"sintetico_postestratificado",FALSE,0.299693338787415,"sintetico_postestratificado",FALSE,FALSE,FALSE,"07","021","Copainalá"
89,-25.1760814949226,-40.1845111433501,-7.48768773456894,0.543189836424257,"sintetico_postestratificado",FALSE,0.29142902147503,"sintetico_postestratificado",FALSE,FALSE,FALSE,"07","079","San Fernando"
90,-24.6095329408328,-39.7221380126454,-8.56794889069938,0.56142688682075,"sintetico_postestratificado",FALSE,0.315331557412422,"sintetico_postestratificado",FALSE,FALSE,FALSE,"07","109","Yajalón"
91,-25.8411507078656,-40.6855145755168,-10.7201999295799,0.565645045754826,"muestra_directa",TRUE,0.30723353867617,"muestra_directa",TRUE,TRUE,TRUE,"07","108","Villaflores"
92,-26.8405126924373,-41.886788862583,-10.8637340004809,0.597734636370061,"muestra_directa",TRUE,0.329329509445688,"muestra_directa",TRUE,TRUE,TRUE,"07","107","Villa Corzo"
93,-26.0825275814062,-40.1825932015923,-11.150929197966,0.633116179747813,"sintetico_postestratificado",FALSE,0.372290903933751,"sintetico_postestratificado",FALSE,FALSE,FALSE,"07","106","Venustiano Carranza"
94,-26.3141861756667,-42.5830104256691,-7.25381593443246,0.583305548556605,"sintetico_postestratificado",FALSE,0.320163686799938,"sintetico_postestratificado",FALSE,FALSE,FALSE,"07","104","Tzimol"
95,-26.5366973579634,-44.2513838193496,-6.68130916575323,0.639763145724912,"muestra_directa",TRUE,0.374396172145279,"muestra_directa",TRUE,TRUE,TRUE,"07","103","Tuzantán"
96,-26.6861831040473,-46.4006551756219,-3.79144119579803,0.610325686517519,"sintetico_postestratificado",FALSE,0.343463855477046,"sintetico_postestratificado",FALSE,FALSE,FALSE,"07","102","Tuxtla Chico"
97,-28.0232843747823,-41.3203749403048,-13.8347113551695,0.560538768149348,"muestra_directa",TRUE,0.280305924401525,"muestra_directa",TRUE,TRUE,TRUE,"07","101","Tuxtla Gutiérrez"
98,-26.387110999017,-43.2161397197981,-7.47243860798348,0.623852843704593,"sintetico_postestratificado",FALSE,0.359981733714423,"sintetico_postestratificado",FALSE,FALSE,FALSE,"07","120","Capitán Luis Ángel Vidal"
99,-25.3025666284938,-39.7351232864058,-9.98390505029893,0.611458988960945,"sintetico_postestratificado",FALSE,0.358433322676007,"sintetico_postestratificado",FALSE,FALSE,FALSE,"07","074","Reforma"
100,-25.005701179138,-40.1799628527037,-6.5032423501319,0.608622235003245,"sintetico_postestratificado",FALSE,0.358565223211865,"sintetico_postestratificado",FALSE,FALSE,FALSE,"07","075","Las Rosas"
101,-26.3430687953337,-43.3325800324003,-8.15703932700542,0.599204314797186,"muestra_directa",TRUE,0.335773626843849,"muestra_directa",TRUE,TRUE,TRUE,"07","057","Motozintla"
102,-24.7408596930698,-39.3009798748441,-7.38849599658663,0.59911712083751,"sintetico_postestratificado",FALSE,0.351708523906812,"sintetico_postestratificado",FALSE,FALSE,FALSE,"07","007","Amatenango del Valle"
103,-25.333547039453,-40.7433046499623,-8.16550996633673,0.577758448284212,"sintetico_postestratificado",FALSE,0.324422977889682,"sintetico_postestratificado",FALSE,FALSE,FALSE,"07","111","Zinacantán"
104,-25.433822084385,-43.0036603775237,-4.9440600559484,0.582510192608223,"sintetico_postestratificado",FALSE,0.328171971764373,"sintetico_postestratificado",FALSE,FALSE,FALSE,"07","054","Mazatán"
105,-24.6485151495939,-39.005988006891,-7.70847784430204,0.559446348653699,"muestra_directa",TRUE,0.31296119715776,"muestra_directa",TRUE,TRUE,TRUE,"07","076","Sabanilla"
106,-25.0305987536775,-40.203599829201,-9.47840767207309,0.543389288644979,"sintetico_postestratificado",FALSE,0.293083301108205,"sintetico_postestratificado",FALSE,FALSE,FALSE,"07","081","Simojovel"
107,-27.5688632701591,-42.7789847888971,-10.4682692591613,0.550740036049801,"sintetico_postestratificado",FALSE,0.27505140334821,"sintetico_postestratificado",FALSE,FALSE,FALSE,"07","063","Osumacinta"
108,-25.5795348544372,-41.6670096537885,-6.97685322960792,0.575319401517309,"sintetico_postestratificado",FALSE,0.319524052972937,"sintetico_postestratificado",FALSE,FALSE,FALSE,"07","110","San Lucas"
109,-25.9461061335743,-42.2379706605217,-7.56783965457571,0.583021045778359,"sintetico_postestratificado",FALSE,0.323559984442616,"sintetico_postestratificado",FALSE,FALSE,FALSE,"07","051","Mapastepec"
110,-26.6002481124593,-44.6900850046371,-5.66717500636209,0.591611267912421,"sintetico_postestratificado",FALSE,0.325608786787828,"sintetico_postestratificado",FALSE,FALSE,FALSE,"07","070","El Porvenir"
111,-24.7950729221524,-39.324880668752,-7.76644476249887,0.633519195999549,"sintetico_postestratificado",FALSE,0.385568466778025,"sintetico_postestratificado",FALSE,FALSE,FALSE,"07","112","San Juan Cancuc"
112,-25.6701086968594,-43.3925913407023,-6.95503647891725,0.57220697339041,"sintetico_postestratificado",FALSE,0.315505886421817,"sintetico_postestratificado",FALSE,FALSE,FALSE,"07","050","La Libertad"
113,-24.9233458275548,-40.1541707254773,-7.37177749537309,0.61253356701565,"sintetico_postestratificado",FALSE,0.363300108740102,"sintetico_postestratificado",FALSE,FALSE,FALSE,"07","022","Chalchihuitán"
114,-26.0964139812269,-45.2169797773221,-6.33217332218675,0.599056589458984,"sintetico_postestratificado",FALSE,0.338092449646715,"sintetico_postestratificado",FALSE,FALSE,FALSE,"07","053","Mazapa de Madero"
115,-25.805580170568,-42.0207564854926,-6.62371238405895,0.617391317903443,"sintetico_postestratificado",FALSE,0.359335516197763,"sintetico_postestratificado",FALSE,FALSE,FALSE,"07","080","Siltepec"
116,-25.1041111286252,-39.0796645051509,-8.5931294178224,0.605776811395148,"sintetico_postestratificado",FALSE,0.354735700108896,"sintetico_postestratificado",FALSE,FALSE,FALSE,"07","049","Larráinzar"
117,-26.5246399990813,-39.8344093578666,-10.182605759328,0.590373306373502,"sintetico_postestratificado",FALSE,0.325126906382689,"sintetico_postestratificado",FALSE,FALSE,FALSE,"07","065","Palenque"
118,-26.2289569836619,-41.0374787471672,-8.94505718069528,0.580142802051741,"sintetico_postestratificado",FALSE,0.317853232215122,"sintetico_postestratificado",FALSE,FALSE,FALSE,"07","086","Suchiapa"
119,-25.8358557158071,-41.2315704988373,-9.34728485250904,0.601715225640794,"sintetico_postestratificado",FALSE,0.343356668482722,"sintetico_postestratificado",FALSE,FALSE,FALSE,"07","062","Ostuacán"
120,-25.2534732728192,-40.5905870918507,-8.15632072966479,0.602301439380307,"sintetico_postestratificado",FALSE,0.349766706652115,"sintetico_postestratificado",FALSE,FALSE,FALSE,"07","077","Salto de Agua"
121,-24.7922978063622,-41.0044678858841,-7.80561165092453,0.560122000008569,"sintetico_postestratificado",FALSE,0.312199021944947,"sintetico_postestratificado",FALSE,FALSE,FALSE,"07","082","Sitalá"
122,-24.922610196432,-39.3215036371555,-7.8803055453126,0.599265248402326,"sintetico_postestratificado",FALSE,0.350039146438006,"sintetico_postestratificado",FALSE,FALSE,FALSE,"07","024","Chanal"
123,-25.5275170275595,-41.1517830868907,-9.13977190002407,0.55129487149521,"sintetico_postestratificado",FALSE,0.296019701219615,"sintetico_postestratificado",FALSE,FALSE,FALSE,"07","121","Rincón Chamula San Pedro"
124,-25.1516814200441,-40.1311437789723,-8.18011768891841,0.567924739885311,"sintetico_postestratificado",FALSE,0.31640792568487,"sintetico_postestratificado",FALSE,FALSE,FALSE,"07","042","Ixhuatán"
125,-24.0424335828172,-38.016279172385,-8.16350902058983,0.597614144586211,"sintetico_postestratificado",FALSE,0.357189808758039,"sintetico_postestratificado",FALSE,FALSE,FALSE,"07","025","Chapultenango"
126,-25.3047888229947,-41.04322470768,-8.29555881841163,0.546459657344577,"sintetico_postestratificado",FALSE,0.29341176911463,"sintetico_postestratificado",FALSE,FALSE,FALSE,"07","018","Coapilla"
127,-25.6570258209398,-40.7227738003498,-8.5995909520539,0.538144338659734,"muestra_directa",TRUE,0.281574080450336,"muestra_directa",TRUE,TRUE,TRUE,"07","052","Las Margaritas"
128,-25.6461144249164,-40.0898617540932,-9.31798567455305,0.592689642553619,"sintetico_postestratificado",FALSE,0.336228498304455,"sintetico_postestratificado",FALSE,FALSE,FALSE,"07","026","Chenalhó"
129,-26.8152794217589,-42.0127505837872,-9.86203194697947,0.571235751339836,"sintetico_postestratificado",FALSE,0.303082957122247,"sintetico_postestratificado",FALSE,FALSE,FALSE,"07","083","Socoltenango"
130,-25.8322037478486,-41.6755627021845,-7.72890975714995,0.585054111282172,"sintetico_postestratificado",FALSE,0.326732073803686,"sintetico_postestratificado",FALSE,FALSE,FALSE,"07","084","Solosuchiapa"
131,-26.308707981902,-45.2621281306827,-6.24310938542273,0.581552766821936,"muestra_directa",TRUE,0.318465687002916,"muestra_directa",TRUE,TRUE,TRUE,"07","089","Tapachula"
132,-24.9499370852161,-39.5704079176799,-9.10370479824309,0.594568877421339,"sintetico_postestratificado",FALSE,0.345069506569178,"sintetico_postestratificado",FALSE,FALSE,FALSE,"07","068","Pichucalco"
133,-25.8386030454305,-39.248580148601,-11.8523978407968,0.562263320411039,"muestra_directa",TRUE,0.303877289956733,"muestra_directa",TRUE,TRUE,TRUE,"07","027","Chiapa de Corzo"
134,-24.7848962059655,-39.5258301178227,-8.812524869994,0.590112735090748,"sintetico_postestratificado",FALSE,0.342263773031093,"sintetico_postestratificado",FALSE,FALSE,FALSE,"07","048","Juárez"
135,-24.7245900106837,-41.528638279655,-8.53096072924918,0.578001456379739,"muestra_directa",TRUE,0.330755556272902,"muestra_directa",TRUE,TRUE,TRUE,"07","046","Jiquipilas"
136,-25.6132960735763,-51.0895128622007,1.09898924441342,0.568862077304225,"sintetico_postestratificado",FALSE,0.312729116568462,"sintetico_postestratificado",FALSE,FALSE,FALSE,"07","105","Unión Juárez"
137,-25.3262196894095,-40.8533113830361,-8.12138047307283,0.582772255736755,"sintetico_postestratificado",FALSE,0.329510058842659,"sintetico_postestratificado",FALSE,FALSE,FALSE,"07","100","Tumbalá"
138,-24.5618236408245,-40.1036231427715,-8.10915357613421,0.601765080194739,"sintetico_postestratificado",FALSE,0.356146843786494,"sintetico_postestratificado",FALSE,FALSE,FALSE,"07","045","Ixtapangajoya"
139,-24.9858876277035,-42.8006551663454,-6.00811549600689,0.584728304649782,"sintetico_postestratificado",FALSE,0.334869428372747,"sintetico_postestratificado",FALSE,FALSE,FALSE,"07","114","Benemérito de las Américas"
140,-24.5263195545602,-39.9175446173445,-4.30337443033361,0.565685526321815,"sintetico_postestratificado",FALSE,0.320422330776214,"sintetico_postestratificado",FALSE,FALSE,FALSE,"07","028","Chiapilla"
141,-25.5048028106517,-42.0083483202632,-8.66435199501782,0.556329535233857,"sintetico_postestratificado",FALSE,0.30128150712734,"sintetico_postestratificado",FALSE,FALSE,FALSE,"07","029","Chicoasén"
142,-25.785787100948,-42.5394835321621,-7.8431352882764,0.551438907691743,"sintetico_postestratificado",FALSE,0.293581036682263,"sintetico_postestratificado",FALSE,FALSE,FALSE,"07","091","Tapilula"
143,-25.4386166940214,-41.0291017214086,-7.6809946841893,0.559467151914337,"sintetico_postestratificado",FALSE,0.305080984974123,"sintetico_postestratificado",FALSE,FALSE,FALSE,"07","073","Rayón"
144,-26.2219423851893,-41.4350853793415,-9.52618472775146,0.604097687920082,"sintetico_postestratificado",FALSE,0.341878264068189,"sintetico_postestratificado",FALSE,FALSE,FALSE,"07","030","Chicomuselo"
145,-25.1066738434372,-40.4734309702663,-9.36999289288584,0.614490953296242,"sintetico_postestratificado",FALSE,0.363424214861871,"sintetico_postestratificado",FALSE,FALSE,FALSE,"07","044","Ixtapa"
146,-26.8604240999091,-43.244664074471,-7.85277651471174,0.566889789601069,"sintetico_postestratificado",FALSE,0.298285548601977,"sintetico_postestratificado",FALSE,FALSE,FALSE,"07","008","Ángel Albino Corzo"
147,-25.0528026538565,-40.004558699728,-8.16532274194019,0.587191640195212,"sintetico_postestratificado",FALSE,0.336663613656647,"sintetico_postestratificado",FALSE,FALSE,FALSE,"07","009","Arriaga"
148,-23.8247205402306,-37.5778552087383,-8.39596089737184,0.601159722587284,"muestra_directa",TRUE,0.362912517184978,"muestra_directa",TRUE,TRUE,TRUE,"07","031","Chilón"
149,-24.8379086399961,-40.4891159816201,-7.27984247400527,0.566905776536256,"sintetico_postestratificado",FALSE,0.318526690136294,"sintetico_postestratificado",FALSE,FALSE,FALSE,"07","043","Ixtacomitán"
150,-23.6159607647944,-38.0593733336029,-10.046349632266,0.607640060992379,"sintetico_postestratificado",FALSE,0.371480453344436,"sintetico_postestratificado",FALSE,FALSE,FALSE,"07","017","Cintalapa de Figueroa"
151,-24.3623069081717,-41.3856045639551,-5.03286764057662,0.59009015358195,"sintetico_postestratificado",FALSE,0.346467084500233,"sintetico_postestratificado",FALSE,FALSE,FALSE,"07","119","Santiago el Pinar"
152,-25.3299549685502,-43.9492715005527,-5.27292647393124,0.600990354851398,"sintetico_postestratificado",FALSE,0.347690805165896,"sintetico_postestratificado",FALSE,FALSE,FALSE,"07","116","Marqués de Comillas"
153,-24.8687760177863,-40.5095974441409,-7.59247552790994,0.639368833688909,"sintetico_postestratificado",FALSE,0.390681073511046,"sintetico_postestratificado",FALSE,FALSE,FALSE,"07","060","Ocotepec"
154,-27.1628968832412,-45.4908595885276,-8.54229140208439,0.578895823419669,"sintetico_postestratificado",FALSE,0.307266854587257,"sintetico_postestratificado",FALSE,FALSE,FALSE,"07","058","Nicolás Ruíz"
155,-25.830126953642,-42.2347712723035,-6.83639380092261,0.589298383955993,"sintetico_postestratificado",FALSE,0.330997114419572,"sintetico_postestratificado",FALSE,FALSE,FALSE,"07","041","La Independencia"
156,-25.128098588058,-41.2952133320485,-6.35446573451858,0.614777858426584,"muestra_directa",TRUE,0.363496872546005,"muestra_directa",TRUE,TRUE,TRUE,"07","040","Huixtla"
157,-24.6691886471565,-40.0881068960487,-6.4317289094434,0.650172444461024,"sintetico_postestratificado",FALSE,0.403480557989459,"sintetico_postestratificado",FALSE,FALSE,FALSE,"07","056","Mitontic"
158,-24.8058866356514,-39.7493774991071,-7.06809622580256,0.589544276181256,"muestra_directa",TRUE,0.341485409824742,"muestra_directa",TRUE,TRUE,TRUE,"07","039","Huitiupán"
159,-26.6951966187376,-42.8146581825055,-8.95791910418632,0.579572998749767,"muestra_directa",TRUE,0.312621032562391,"muestra_directa",TRUE,TRUE,TRUE,"07","099","La Trinitaria"
160,-26.1493292150073,-41.5394058127241,-9.638101927891,0.582431693217457,"sintetico_postestratificado",FALSE,0.320938401067384,"sintetico_postestratificado",FALSE,FALSE,FALSE,"07","097","Tonalá"
161,-25.6573731296843,-40.0644663529059,-9.09721107344467,0.605702965431519,"sintetico_postestratificado",FALSE,0.349129234134676,"sintetico_postestratificado",FALSE,FALSE,FALSE,"07","096","Tila"
162,-24.6958733573553,-39.8685501471409,-7.27080381304668,0.601109668966214,"sintetico_postestratificado",FALSE,0.35415093539266,"sintetico_postestratificado",FALSE,FALSE,FALSE,"07","118","San Andrés Duraznal"
163,-26.4321504599231,-42.6095163912021,-8.66391018734953,0.569678408489878,"sintetico_postestratificado",FALSE,0.305356903890646,"sintetico_postestratificado",FALSE,FALSE,FALSE,"07","122","El Parral"
164,-26.6775999873047,-43.0845953782969,-8.17094483546621,0.557022960861462,"sintetico_postestratificado",FALSE,0.290246960988415,"sintetico_postestratificado",FALSE,FALSE,FALSE,"07","038","Huixtán"
165,-25.9889015890239,-42.4131036292431,-7.58440742587992,0.547511808328783,"sintetico_postestratificado",FALSE,0.287622792438544,"sintetico_postestratificado",FALSE,FALSE,FALSE,"07","001","Acacoyagua"
166,-24.7182411992197,-41.8473566710824,-5.13345851182134,0.57361238134718,"sintetico_postestratificado",FALSE,0.326429969354983,"sintetico_postestratificado",FALSE,FALSE,FALSE,"07","036","La Grandeza"
167,-25.0031646260468,-39.672726950219,-8.86222798224213,0.573153648185949,"sintetico_postestratificado",FALSE,0.323122001925481,"sintetico_postestratificado",FALSE,FALSE,FALSE,"07","002","Acala"
168,-25.4924818162231,-43.5310160398175,-6.60321093168341,0.566743476594672,"sintetico_postestratificado",FALSE,0.311818658432441,"sintetico_postestratificado",FALSE,FALSE,FALSE,"07","003","Acapetahua"
169,-26.4987977090829,-43.2966471595616,-7.79799762600435,0.616583951812463,"sintetico_postestratificado",FALSE,0.351595974721634,"sintetico_postestratificado",FALSE,FALSE,FALSE,"07","011","Bella Vista"
170,-25.8264650956668,-41.6678007543583,-8.21492025460863,0.618916144822665,"sintetico_postestratificado",FALSE,0.360651493865996,"sintetico_postestratificado",FALSE,FALSE,FALSE,"07","012","Berriozábal"
171,-24.8929246346338,-40.0979769980615,-8.15305411324862,0.630348111167606,"sintetico_postestratificado",FALSE,0.381418864821268,"sintetico_postestratificado",FALSE,FALSE,FALSE,"07","072","Pueblo Nuevo Solistahuacán"
172,-26.2320051180168,-44.7052217871943,-5.95028647252417,0.643430783536622,"sintetico_postestratificado",FALSE,0.381110732356454,"sintetico_postestratificado",FALSE,FALSE,FALSE,"07","037","Huehuetán"
173,-23.8741992327264,-38.8376050693767,-5.99125298817205,0.624997758816148,"sintetico_postestratificado",FALSE,0.386255766488885,"sintetico_postestratificado",FALSE,FALSE,FALSE,"07","023","Chamula"
174,-25.2369168060633,-43.0546036288262,-7.03601622455306,0.550784322521873,"sintetico_postestratificado",FALSE,0.298415154461239,"sintetico_postestratificado",FALSE,FALSE,FALSE,"07","010","Bejucal de Ocampo"
175,-25.5659611293449,-41.4818028084945,-7.6043976864229,0.56843026870495,"sintetico_postestratificado",FALSE,0.312770657411501,"sintetico_postestratificado",FALSE,FALSE,FALSE,"07","004","Altamirano"
176,-25.7127538411675,-41.6277205604865,-9.89570841793,0.562806425488347,"sintetico_postestratificado",FALSE,0.305678887076672,"sintetico_postestratificado",FALSE,FALSE,FALSE,"07","005","Amatán"
177,-26.2295017734979,-45.1121027776981,-3.42010881976144,0.565302520345388,"sintetico_postestratificado",FALSE,0.303007502610409,"sintetico_postestratificado",FALSE,FALSE,FALSE,"07","035","Frontera Hidalgo"
178,-26.6457953377759,-42.8488410784981,-8.46632002230239,0.5911814630298,"sintetico_postestratificado",FALSE,0.324723509652041,"sintetico_postestratificado",FALSE,FALSE,FALSE,"07","032","Escuintla"
179,-26.3915124747851,-40.6420565489274,-10.672343663025,0.594724971863238,"muestra_directa",TRUE,0.330809847115387,"muestra_directa",TRUE,TRUE,TRUE,"07","013","Bochil"
180,-24.1911940009859,-38.9843272616055,-8.21976615170533,0.569268353800158,"sintetico_postestratificado",FALSE,0.327356413790299,"sintetico_postestratificado",FALSE,FALSE,FALSE,"07","014","El Bosque"
181,-26.7712559356748,-41.8988627852214,-9.53050465426123,0.590981909204681,"sintetico_postestratificado",FALSE,0.323269349847933,"sintetico_postestratificado",FALSE,FALSE,FALSE,"07","069","Pijijiapan"
182,-26.115736676077,-41.352042459935,-7.88957216394647,0.580146289267708,"muestra_directa",TRUE,0.318988922506938,"muestra_directa",TRUE,TRUE,TRUE,"07","094","Teopisca"
183,-24.5465469487224,-39.5583250574712,-9.3049187892105,0.593145698014159,"sintetico_postestratificado",FALSE,0.347680228526935,"sintetico_postestratificado",FALSE,FALSE,FALSE,"07","092","Tecpatán"
184,-24.3778633982426,-47.3536455888626,-2.26228224148347,0.673498292289603,"sintetico_postestratificado",FALSE,0.429719658307177,"sintetico_postestratificado",FALSE,FALSE,FALSE,"07","015","Cacahoatán"
185,-25.9036792808122,-40.6033662831935,-9.69532513885234,0.610330276927201,"sintetico_postestratificado",FALSE,0.351293484119079,"sintetico_postestratificado",FALSE,FALSE,FALSE,"07","016","Catazajá"
186,-24.5198301472147,-40.4235354677351,-7.7864965269599,0.600851050307446,"sintetico_postestratificado",FALSE,0.355652748835299,"sintetico_postestratificado",FALSE,FALSE,FALSE,"07","047","Jitotol"
187,-24.8622073975633,-40.9381826489245,-6.48178986045299,0.567138068359987,"sintetico_postestratificado",FALSE,0.318515994384354,"sintetico_postestratificado",FALSE,FALSE,FALSE,"07","006","Amatenango de la Frontera"
188,-23.5180312593377,-38.8771947386848,-6.99396298861608,0.614719597926686,"muestra_directa",TRUE,0.379539285333308,"muestra_directa",TRUE,TRUE,TRUE,"07","078","San Cristóbal de las Casas"
189,-24.1519433143444,-39.868494667937,-7.64838943157097,0.540447905394315,"sintetico_postestratificado",FALSE,0.298928472250871,"sintetico_postestratificado",FALSE,FALSE,FALSE,"07","033","Francisco León"
190,-24.9796455068156,-42.5173146249687,-5.44697971806865,0.556558610590592,"sintetico_postestratificado",FALSE,0.306762155522437,"sintetico_postestratificado",FALSE,FALSE,FALSE,"07","117","Montecristo de Guerrero"
191,-25.3881183419528,-44.2925958677226,-4.45165149630492,0.561533647722218,"sintetico_postestratificado",FALSE,0.30765246430269,"sintetico_postestratificado",FALSE,FALSE,FALSE,"07","115","Maravilla Tenejapa"
192,-26.176618199346,-44.2723597510955,-5.74230952555063,0.618989834574746,"sintetico_postestratificado",FALSE,0.357223652581286,"sintetico_postestratificado",FALSE,FALSE,FALSE,"07","071","Villa Comaltitlán"
193,-26.4804460552771,-41.7279823970968,-8.94301562079049,0.591152107943221,"sintetico_postestratificado",FALSE,0.326347647390449,"sintetico_postestratificado",FALSE,FALSE,FALSE,"07","066","Pantelhó"
194,-25.748288089514,-42.25647561062,-7.21156008717467,0.576962604353874,"sintetico_postestratificado",FALSE,0.319479723458734,"sintetico_postestratificado",FALSE,FALSE,FALSE,"07","113","Aldama"
195,-25.3394713448711,-40.291752859702,-7.87491763256872,0.558966011875648,"sintetico_postestratificado",FALSE,0.305571298426937,"sintetico_postestratificado",FALSE,FALSE,FALSE,"07","098","Totolapa"
196,-25.4503001032694,-41.3257850439345,-8.89906686206625,0.565279672716667,"sintetico_postestratificado",FALSE,0.310776671683973,"sintetico_postestratificado",FALSE,FALSE,FALSE,"07","093","Tenejapa"
197,-25.933392647374,-42.2874804737558,-9.06902846041537,0.569304130014572,"sintetico_postestratificado",FALSE,0.309970203540832,"sintetico_postestratificado",FALSE,FALSE,FALSE,"07","064","Oxchuc"
198,-25.8568993438459,-40.586292432621,-9.01403812115811,0.573714715620811,"sintetico_postestratificado",FALSE,0.315145722182351,"sintetico_postestratificado",FALSE,FALSE,FALSE,"07","059","Ocosingo"
199,-25.3276408174805,-40.0811902734365,-8.2875969893807,0.565632459881769,"muestra_directa",TRUE,0.312356051706964,"muestra_directa",TRUE,TRUE,TRUE,"07","061","Ocozocoautla de Espinosa"
200,-25.0892096314217,-42.2731988094857,-6.21982981326849,0.619976476484038,"sintetico_postestratificado",FALSE,0.369084380169821,"sintetico_postestratificado",FALSE,FALSE,FALSE,"07","088","Sunuapa"
201,-26.7200873266639,-46.175148345371,-5.28251398617592,0.594793862105047,"muestra_directa",TRUE,0.327592988838408,"muestra_directa",TRUE,TRUE,TRUE,"07","087","Suchiate"
202,-26.1335923803248,-41.091540439033,-9.00166227300542,0.53383761994242,"sintetico_postestratificado",FALSE,0.272501696139172,"sintetico_postestratificado",FALSE,FALSE,FALSE,"07","085","Soyaló"
203,-25.919016865817,-40.7330268882937,-10.1260582157116,0.55990446565662,"sintetico_postestratificado",FALSE,0.30071429699845,"sintetico_postestratificado",FALSE,FALSE,FALSE,"07","124","Mezcalapa"
204,-25.1717238349632,-40.4064400617327,-7.71148626186251,0.553324607334237,"sintetico_postestratificado",FALSE,0.301607368984605,"sintetico_postestratificado",FALSE,FALSE,FALSE,"07","067","Pantepec"
206,-25.9279043915523,-48.3095751493988,-1.49661014134677,0.611764203364812,"sintetico_postestratificado",FALSE,0.352485159449289,"sintetico_postestratificado",FALSE,FALSE,FALSE,"07","055","Metapa"
207,-24.9455057705129,-41.8791660940494,-5.94097019505233,0.595449724441685,"sintetico_postestratificado",FALSE,0.345994666736556,"sintetico_postestratificado",FALSE,FALSE,FALSE,"07","123","Emiliano Zapata"
208,-25.2465651015139,-41.5744047296249,-6.74456487666718,0.583648513087388,"sintetico_postestratificado",FALSE,0.331182862072249,"sintetico_postestratificado",FALSE,FALSE,FALSE,"07","034","Frontera Comalapa"
209,-26.3915032373089,-41.2975291733192,-11.1226689347702,0.627623142024953,"sintetico_postestratificado",FALSE,0.363708109651864,"sintetico_postestratificado",FALSE,FALSE,FALSE,"08","067","Valle de Zaragoza"
210,-26.4071308181456,-41.284764363767,-8.52871815962571,0.658812623012098,"sintetico_postestratificado",FALSE,0.394741314830641,"sintetico_postestratificado",FALSE,FALSE,FALSE,"08","043","Matachí"
211,-26.8720539935135,-42.8825378746589,-11.0620891228863,0.666597369395735,"sintetico_postestratificado",FALSE,0.3978768294606,"sintetico_postestratificado",FALSE,FALSE,FALSE,"08","058","San Francisco de Conchos"
212,-24.8551730075536,-38.6063982188313,-7.64199514349218,0.659684235690193,"sintetico_postestratificado",FALSE,0.411132505614656,"sintetico_postestratificado",FALSE,FALSE,FALSE,"08","056","Rosario"
213,-25.3767723722292,-40.6805520175665,-9.28592730825816,0.636351592936998,"sintetico_postestratificado",FALSE,0.382583869214706,"sintetico_postestratificado",FALSE,FALSE,FALSE,"08","054","Riva Palacio"
214,-24.8072754293737,-40.4132948549442,-6.95414276770485,0.657947006448952,"sintetico_postestratificado",FALSE,0.409874252155215,"sintetico_postestratificado",FALSE,FALSE,FALSE,"08","018","Cusihuiriachi"
215,-26.691491921826,-40.4902337133435,-10.1491109094112,0.650120577604948,"sintetico_postestratificado",FALSE,0.383205658386688,"sintetico_postestratificado",FALSE,FALSE,FALSE,"08","007","Balleza"
216,-27.2327220359999,-41.0335554490285,-10.9119497723101,0.619861545660181,"sintetico_postestratificado",FALSE,0.347534325300182,"sintetico_postestratificado",FALSE,FALSE,FALSE,"08","001","Ahumada"
217,-26.4738743897744,-41.0005235285575,-10.1280834009702,0.618589774202348,"sintetico_postestratificado",FALSE,0.353851030304604,"sintetico_postestratificado",FALSE,FALSE,FALSE,"08","041","Maguarichi"
218,-26.4587402674593,-41.4354706537803,-9.96236267815927,0.630296902312406,"sintetico_postestratificado",FALSE,0.365709499637813,"sintetico_postestratificado",FALSE,FALSE,FALSE,"08","057","San Francisco de Borja"
219,-28.4331962765151,-47.6840357321907,-6.9616774863543,0.560986656432122,"sintetico_postestratificado",FALSE,0.276654693666971,"sintetico_postestratificado",FALSE,FALSE,FALSE,"08","053","Praxedis G. Guerrero"
220,-27.47253360459,-42.7369652992715,-10.3988869859544,0.534103788697576,"sintetico_postestratificado",FALSE,0.259378452651676,"sintetico_postestratificado",FALSE,FALSE,FALSE,"08","051","Ocampo"
221,-26.9360426692245,-41.0410249922746,-10.3374161041881,0.608042780894955,"muestra_directa",FALSE,0.33868235420271,"muestra_directa",FALSE,TRUE,FALSE,"08","050","Nuevo Casas Grandes"
222,-26.890589666206,-40.9754620558807,-11.7273745163407,0.608602606236804,"muestra_directa",TRUE,0.339696709574745,"muestra_directa",TRUE,TRUE,TRUE,"08","031","Guerrero"
223,-25.7470201029337,-39.552047789932,-10.4265685517818,0.646581535570387,"sintetico_postestratificado",FALSE,0.38911133454105,"sintetico_postestratificado",FALSE,FALSE,FALSE,"08","055","Rosales"
224,-25.6741757644262,-40.8823529043019,-7.45594503099709,0.600801080975925,"muestra_directa",TRUE,0.344059323331663,"muestra_directa",TRUE,TRUE,TRUE,"08","025","Gómez Farías"
225,-25.5600075249394,-41.3318771959939,-8.23975049282698,0.62578027389065,"muestra_directa",TRUE,0.370180198641256,"muestra_directa",TRUE,TRUE,TRUE,"08","023","Galeana"
226,-25.602276040388,-40.6360637528529,-9.09145999631393,0.636554140243964,"sintetico_postestratificado",FALSE,0.380531379840084,"sintetico_postestratificado",FALSE,FALSE,FALSE,"08","022","Dr. Belisario Domínguez"
227,-25.2455963519292,-40.8475265169468,-8.61699777669992,0.667497531172262,"sintetico_postestratificado",FALSE,0.41504156765297,"sintetico_postestratificado",FALSE,FALSE,FALSE,"08","014","Coronado"
228,-25.4767821906377,-39.985763452343,-9.39366620461791,0.655768165398377,"sintetico_postestratificado",FALSE,0.401000343491999,"sintetico_postestratificado",FALSE,FALSE,FALSE,"08","003","Allende"
229,-24.8334345342453,-40.2760510529607,-8.18793269070383,0.656720883638036,"muestra_directa",FALSE,0.408386538295583,"muestra_directa",FALSE,TRUE,FALSE,"08","021","Delicias"
230,-25.8572259137114,-41.7763642167034,-10.6798051010222,0.649878120349244,"sintetico_postestratificado",FALSE,0.39130586121213,"sintetico_postestratificado",FALSE,FALSE,FALSE,"08","020","Chínipas"
231,-26.197593110248,-40.6590283349381,-9.7255191229333,0.649597867834773,"muestra_directa",TRUE,0.387621936732293,"muestra_directa",TRUE,TRUE,TRUE,"08","017","Cuauhtémoc"
232,-25.3103637798849,-41.0622984018877,-8.28256077154669,0.646798825395398,"sintetico_postestratificado",FALSE,0.393695187596549,"sintetico_postestratificado",FALSE,FALSE,FALSE,"08","016","La Cruz"
233,-26.5260486273994,-41.7209336515422,-9.09490456546634,0.582470903922917,"sintetico_postestratificado",FALSE,0.317210417648923,"sintetico_postestratificado",FALSE,FALSE,FALSE,"08","015","Coyame del Sotol"
234,-27.4943093464575,-40.9726486004948,-12.4864328227031,0.626671628551081,"muestra_directa",TRUE,0.351728535086506,"muestra_directa",TRUE,TRUE,TRUE,"08","052","Ojinaga"
235,-25.7449618034246,-39.0379392581722,-8.79285771679117,0.617672868258475,"muestra_directa",TRUE,0.36022325022423,"muestra_directa",TRUE,TRUE,TRUE,"08","013","Casas Grandes"
236,-27.1541440107743,-42.0485776082608,-10.1421701114434,0.632412764379926,"sintetico_postestratificado",FALSE,0.360871324272182,"sintetico_postestratificado",FALSE,FALSE,FALSE,"08","012","Carichí"
237,-27.4910912819856,-41.8280799803665,-12.21537943476,0.59192005939394,"muestra_directa",TRUE,0.317009146574084,"muestra_directa",TRUE,TRUE,TRUE,"08","011","Camargo"
238,-25.9673715346125,-39.241772571066,-10.7936481653354,0.61329593622116,"sintetico_postestratificado",FALSE,0.353622220875034,"sintetico_postestratificado",FALSE,FALSE,FALSE,"08","010","Buenaventura"
239,-27.6821826881722,-42.1758656358086,-10.6783127636431,0.572229720817318,"sintetico_postestratificado",FALSE,0.295407893935596,"sintetico_postestratificado",FALSE,FALSE,FALSE,"08","009","Bocoyna"
240,-28.2434027133015,-42.0083847014209,-11.0828901283817,0.564374653884216,"sintetico_postestratificado",FALSE,0.281940626751201,"sintetico_postestratificado",FALSE,FALSE,FALSE,"08","008","Batopilas de Manuel Gómez Morín"
241,-26.8502748245277,-43.1160763780164,-7.84456668957013,0.56312334261233,"muestra_directa",TRUE,0.294620594367053,"muestra_directa",TRUE,TRUE,TRUE,"08","006","Bachíniva"
242,-26.9863400087727,-41.6318653711215,-8.33503876676899,0.617087604169342,"sintetico_postestratificado",FALSE,0.347224204081615,"sintetico_postestratificado",FALSE,FALSE,FALSE,"08","004","Aquiles Serdán"
243,-28.3147167483261,-41.7420286600589,-12.6702647716695,0.633077377570287,"sintetico_postestratificado",FALSE,0.349930210087026,"sintetico_postestratificado",FALSE,FALSE,FALSE,"08","005","Ascensión"
244,-26.0310280716108,-40.3630495490043,-11.1553561820975,0.653055201935945,"muestra_directa",TRUE,0.392744921219838,"muestra_directa",TRUE,TRUE,TRUE,"08","032","Hidalgo del Parral"
245,-25.2526997433483,-40.0163653026185,-6.77610046836486,0.624269851636193,"sintetico_postestratificado",FALSE,0.371742854202709,"sintetico_postestratificado",FALSE,FALSE,FALSE,"08","042","Manuel Benavides"
246,-25.8129633362945,-41.1384939285734,-9.31845367700759,0.618137356689879,"sintetico_postestratificado",FALSE,0.360007723326933,"sintetico_postestratificado",FALSE,FALSE,FALSE,"08","040","Madera"
247,-25.6528030732851,-40.6023238858212,-7.83660713401096,0.606930383945435,"sintetico_postestratificado",FALSE,0.350402353212584,"sintetico_postestratificado",FALSE,FALSE,FALSE,"08","039","López"
248,-25.5060842486446,-40.2291821161309,-9.7736695966784,0.605104101190205,"sintetico_postestratificado",FALSE,0.350043258703758,"sintetico_postestratificado",FALSE,FALSE,FALSE,"08","038","Julimes"
249,-26.6264534188894,-42.1688152168472,-10.5522809556359,0.600857810119953,"sintetico_postestratificado",FALSE,0.334593275931059,"sintetico_postestratificado",FALSE,FALSE,FALSE,"08","035","Janos"
250,-27.169327536878,-41.7191059847684,-11.0477186466086,0.637324211156566,"sintetico_postestratificado",FALSE,0.365630935787786,"sintetico_postestratificado",FALSE,FALSE,FALSE,"08","034","Ignacio Zaragoza"
251,-27.4445225965915,-41.9771496547899,-10.8661111416268,0.669550283085543,"sintetico_postestratificado",FALSE,0.395105057119628,"sintetico_postestratificado",FALSE,FALSE,FALSE,"08","033","Huejotitán"
252,-27.2277831267747,-41.844152391687,-10.5594163929612,0.648102059540442,"sintetico_postestratificado",FALSE,0.375824228272695,"sintetico_postestratificado",FALSE,FALSE,FALSE,"08","063","Temósachic"
253,-28.0353532959285,-41.9847733063036,-13.5905323097423,0.655861901182551,"sintetico_postestratificado",FALSE,0.375508368223265,"sintetico_postestratificado",FALSE,FALSE,FALSE,"08","061","Satevó"
254,-27.7209117023482,-41.7550225026316,-13.3769081416086,0.622799258927565,"sintetico_postestratificado",FALSE,0.345590141904083,"sintetico_postestratificado",FALSE,FALSE,FALSE,"08","062","Saucillo"
255,-27.4329399919932,-42.2369294917629,-11.2210792211241,0.650113257187951,"sintetico_postestratificado",FALSE,0.37578385726802,"sintetico_postestratificado",FALSE,FALSE,FALSE,"08","030","Guazapares"
256,-26.7811032638615,-42.5424897961826,-11.095601512471,0.622835786790744,"sintetico_postestratificado",FALSE,0.355024754152129,"sintetico_postestratificado",FALSE,FALSE,FALSE,"08","028","Guadalupe"
257,-26.4954034006139,-39.2730757976992,-11.5604527173204,0.635305574858848,"sintetico_postestratificado",FALSE,0.370351540852709,"sintetico_postestratificado",FALSE,FALSE,FALSE,"08","027","Guachochi"
258,-27.4220633858074,-42.2466482224851,-11.8282479183283,0.549392163826852,"sintetico_postestratificado",FALSE,0.275171529968778,"sintetico_postestratificado",FALSE,FALSE,FALSE,"08","026","Gran Morelos"
259,-24.793987713479,-37.9467152515944,-10.7458180641654,0.640239017409092,"muestra_directa",FALSE,0.392299140274302,"muestra_directa",FALSE,TRUE,FALSE,"08","019","Chihuahua"
260,-26.6535717739208,-41.7408898911352,-9.32938985921869,0.64600745705269,"muestra_directa",TRUE,0.379471739313482,"muestra_directa",TRUE,TRUE,TRUE,"08","064","El Tule"
261,-27.3112676512941,-41.6296826519402,-11.3927128348231,0.622773401436755,"sintetico_postestratificado",FALSE,0.349660724923815,"sintetico_postestratificado",FALSE,FALSE,FALSE,"08","024","Santa Isabel"
262,-32.4695145025266,-44.0556933246853,-20.1227627176072,0.590283630356666,"muestra_directa",FALSE,0.2655884853314,"muestra_directa",FALSE,TRUE,FALSE,"08","037","Juárez"
263,-26.5015046689906,-40.6838915635434,-10.2192862724093,0.650366170913176,"sintetico_postestratificado",FALSE,0.38535112422327,"sintetico_postestratificado",FALSE,FALSE,FALSE,"08","059","San Francisco del Oro"
264,-26.5496255388462,-40.1840879895985,-10.0800006865834,0.674343032424061,"sintetico_postestratificado",FALSE,0.408846777035599,"sintetico_postestratificado",FALSE,FALSE,FALSE,"08","066","Uruachi"
265,-26.9806333824381,-42.0112412759819,-11.1419217362547,0.682437196541401,"sintetico_postestratificado",FALSE,0.412630862717019,"sintetico_postestratificado",FALSE,FALSE,FALSE,"08","065","Urique"
266,-26.6080670890333,-41.923380087535,-9.47493599966355,0.658831730725344,"sintetico_postestratificado",FALSE,0.39275105983501,"sintetico_postestratificado",FALSE,FALSE,FALSE,"08","060","Santa Bárbara"
267,-26.6920656042529,-41.3158076301739,-10.8023883378427,0.659883230959726,"sintetico_postestratificado",FALSE,0.392962574917197,"sintetico_postestratificado",FALSE,FALSE,FALSE,"08","044","Matamoros"
268,-25.940066807582,-42.345668509686,-7.9244839602591,0.657948920378668,"sintetico_postestratificado",FALSE,0.398548252302848,"sintetico_postestratificado",FALSE,FALSE,FALSE,"08","045","Meoqui"
269,-25.6836637545342,-40.6884858433334,-10.2218094893763,0.643603018450508,"sintetico_postestratificado",FALSE,0.386766380905166,"sintetico_postestratificado",FALSE,FALSE,FALSE,"08","046","Morelos"
270,-26.3488201209232,-40.7873514440652,-9.79623053034717,0.622608007608077,"sintetico_postestratificado",FALSE,0.359119806398845,"sintetico_postestratificado",FALSE,FALSE,FALSE,"08","047","Moris"
271,-25.8191123847814,-39.4561958045778,-9.80358000881409,0.628254433790982,"sintetico_postestratificado",FALSE,0.370063309943168,"sintetico_postestratificado",FALSE,FALSE,FALSE,"08","048","Namiquipa"
272,-25.1622493069371,-39.1379120523445,-10.017732425413,0.63776147081117,"sintetico_postestratificado",FALSE,0.386138977741799,"sintetico_postestratificado",FALSE,FALSE,FALSE,"08","029","Guadalupe y Calvo"
273,-26.0886712282938,-39.5549312288407,-11.1053887212143,0.633141370377866,"muestra_directa",TRUE,0.372254658094928,"muestra_directa",TRUE,TRUE,TRUE,"08","036","Jiménez"
274,-27.5727568246606,-41.6867712243248,-10.8099174803045,0.592704825275381,"sintetico_postestratificado",FALSE,0.316977257028775,"sintetico_postestratificado",FALSE,FALSE,FALSE,"08","049","Nonoava"
275,-26.6154046686287,-40.4064439677366,-10.8359898994786,0.626000963627715,"muestra_directa",TRUE,0.359846916941428,"muestra_directa",TRUE,TRUE,TRUE,"08","002","Aldama"
276,-24.7089826219993,-38.510814589791,-10.9124677550819,0.692008889027885,"muestra_directa",FALSE,0.444919062807893,"muestra_directa",FALSE,TRUE,FALSE,"09","012","Tlalpan"
277,-25.2495446517513,-38.4767123773527,-12.730046692045,0.72352236930066,"muestra_directa",FALSE,0.471026922783147,"muestra_directa",FALSE,TRUE,FALSE,"09","009","Milpa Alta"
278,-23.3773471772285,-36.4015208625869,-8.91286791764533,0.713088054770159,"muestra_directa",FALSE,0.479314582997874,"muestra_directa",FALSE,TRUE,FALSE,"09","015","Cuauhtémoc"
279,-26.8182323169961,-37.0613652655726,-16.7942107196089,0.729170604146581,"muestra_directa",FALSE,0.46098828097662,"muestra_directa",FALSE,TRUE,FALSE,"09","007","Iztapalapa"
280,-23.9852911015792,-37.777590249447,-8.8383335423891,0.681072333945881,"muestra_directa",FALSE,0.441219422930088,"muestra_directa",FALSE,TRUE,FALSE,"09","008","La Magdalena Contreras"
281,-29.3832888952191,-41.3330645549636,-16.4356083092437,0.665641530511761,"muestra_directa",FALSE,0.371808641559569,"muestra_directa",FALSE,TRUE,FALSE,"09","010","Álvaro Obregón"
282,-24.7671541484512,-38.1755714277938,-9.78872997924278,0.671947348505264,"muestra_directa",TRUE,0.424275807020753,"muestra_directa",TRUE,TRUE,TRUE,"09","003","Coyoacán"
283,-26.4689386693155,-40.8723429669206,-13.3095337375397,0.704297739951072,"muestra_directa",TRUE,0.439608353257916,"muestra_directa",TRUE,TRUE,TRUE,"09","016","Miguel Hidalgo"
284,-24.4746844635839,-39.0507270713645,-9.59982105192265,0.700103609077489,"muestra_directa",TRUE,0.455356764441651,"muestra_directa",TRUE,TRUE,TRUE,"09","004","Cuajimalpa de Morelos"
285,-25.449167690694,-38.669350073587,-11.9182658257123,0.699642899426657,"muestra_directa",FALSE,0.445151222519718,"muestra_directa",FALSE,TRUE,FALSE,"09","006","Iztacalco"
286,-26.7308200743507,-40.4458144598449,-12.8395774990342,0.720484002691147,"muestra_directa",FALSE,0.45317580194764,"muestra_directa",FALSE,TRUE,FALSE,"09","011","Tláhuac"
287,-25.0953880346284,-38.2808184406863,-12.0073436367009,0.692111045803323,"muestra_directa",FALSE,0.441157165457039,"muestra_directa",FALSE,TRUE,FALSE,"09","013","Xochimilco"
288,-18.4202708572419,-29.5361759347289,-6.62543066298535,0.748439358195457,"muestra_directa",FALSE,0.564236649623038,"muestra_directa",FALSE,TRUE,FALSE,"09","005","Gustavo A. Madero"
289,-24.479354123952,-38.078664190355,-10.0549383666915,0.723554591902462,"muestra_directa",FALSE,0.478761050662942,"muestra_directa",FALSE,TRUE,FALSE,"09","002","Azcapotzalco"
290,-23.5296452361319,-37.2461771296721,-10.2324744813754,0.740627365834373,"muestra_directa",FALSE,0.505330913473053,"muestra_directa",FALSE,TRUE,FALSE,"09","017","Venustiano Carranza"
291,-27.6620969952758,-43.5955535313664,-14.5401458114623,0.721007684662383,"muestra_directa",TRUE,0.444386714709626,"muestra_directa",TRUE,TRUE,TRUE,"09","014","Benito Juárez"
292,-25.8423568791126,-38.5913863522181,-11.3730466751991,0.631379246956789,"muestra_directa",FALSE,0.372955678165663,"muestra_directa",FALSE,TRUE,FALSE,"10","006","General Simón Bolívar"
293,-28.8069970758768,-41.2527686418839,-14.3113053659117,0.619764246339673,"muestra_directa",FALSE,0.331694275580905,"muestra_directa",FALSE,TRUE,FALSE,"10","008","Guadalupe Victoria"
294,-27.7545959993366,-42.8122580188229,-11.1194036085723,0.627385633668038,"sintetico_postestratificado",FALSE,0.349839673674672,"sintetico_postestratificado",FALSE,FALSE,FALSE,"10","009","Guanaceví"
295,-25.5567853136395,-39.8947406748716,-9.66401526051945,0.676545244929555,"sintetico_postestratificado",FALSE,0.420977391793161,"sintetico_postestratificado",FALSE,FALSE,FALSE,"10","010","Hidalgo"
296,-26.197629730349,-41.9656431019578,-7.81502887853818,0.665483600405021,"sintetico_postestratificado",FALSE,0.403507303101531,"sintetico_postestratificado",FALSE,FALSE,FALSE,"10","029","San Luis del Cordero"
297,-25.2218930504224,-40.4255635287341,-9.48481349021483,0.673815902841332,"sintetico_postestratificado",FALSE,0.421596972337108,"sintetico_postestratificado",FALSE,FALSE,FALSE,"10","031","Santa Clara"
298,-25.9352797762173,-40.5587820627367,-9.73195104593109,0.5990153042057,"sintetico_postestratificado",FALSE,0.339662506443528,"sintetico_postestratificado",FALSE,FALSE,FALSE,"10","011","Indé"
299,-25.2389341954335,-39.8107147756128,-9.5429146071519,0.655520481199552,"muestra_directa",TRUE,0.403131139245217,"muestra_directa",TRUE,TRUE,TRUE,"10","038","Vicente Guerrero"
300,-26.6500655638737,-40.7680986846658,-9.60400425036555,0.640059113356596,"sintetico_postestratificado",FALSE,0.373558457717859,"sintetico_postestratificado",FALSE,FALSE,FALSE,"10","030","San Pedro del Gallo"
301,-25.5905361571181,-39.8075810171158,-11.3010644462775,0.649568863559282,"sintetico_postestratificado",FALSE,0.393663501988101,"sintetico_postestratificado",FALSE,FALSE,FALSE,"10","023","Pueblo Nuevo"
302,-27.8235634207517,-42.9029018660853,-10.1739738019912,0.629796101762383,"sintetico_postestratificado",FALSE,0.351560467554866,"sintetico_postestratificado",FALSE,FALSE,FALSE,"10","025","San Bernardo"
303,-28.0288558464049,-41.5517176674927,-13.1151460577116,0.638831249681559,"muestra_directa",TRUE,0.35854269121751,"muestra_directa",TRUE,TRUE,TRUE,"10","032","Santiago Papasquiaro"
304,-27.5603151498894,-42.5046321350687,-11.5015765595116,0.634876118080833,"sintetico_postestratificado",FALSE,0.359272966581939,"sintetico_postestratificado",FALSE,FALSE,FALSE,"10","027","San Juan de Guadalupe"
305,-27.7217707538666,-40.0277433876262,-13.8785221794798,0.637597056881107,"muestra_directa",FALSE,0.360379349342441,"muestra_directa",FALSE,TRUE,FALSE,"10","007","Gómez Palacio"
306,-26.6126468373891,-38.3497939170569,-12.0373201490243,0.61590953030415,"sintetico_postestratificado",FALSE,0.349783061930258,"sintetico_postestratificado",FALSE,FALSE,FALSE,"10","015","Nazas"
307,-27.945387522546,-42.914921202443,-11.2790039146074,0.617303931237125,"sintetico_postestratificado",FALSE,0.337850056011665,"sintetico_postestratificado",FALSE,FALSE,FALSE,"10","035","Tepehuanes"
308,-25.0326385149953,-38.2162118688729,-10.6681124272585,0.639334526321281,"muestra_directa",TRUE,0.389008141171329,"muestra_directa",TRUE,TRUE,TRUE,"10","022","Poanas"
309,-25.4599757680843,-39.0664110788268,-10.8182223674555,0.607640580713766,"muestra_directa",TRUE,0.353040823032923,"muestra_directa",TRUE,TRUE,TRUE,"10","028","San Juan del Río"
310,-26.1194123910881,-39.5356824977871,-10.8040667195014,0.619248909218716,"sintetico_postestratificado",FALSE,0.358054785307835,"sintetico_postestratificado",FALSE,FALSE,FALSE,"10","017","Ocampo"
311,-26.5950548377492,-40.3324895694082,-10.7948493052547,0.582795435960075,"sintetico_postestratificado",FALSE,0.316844887582583,"sintetico_postestratificado",FALSE,FALSE,FALSE,"10","001","Canatlán"
312,-23.9495208144085,-35.4210220763851,-11.9902764720362,0.682778996154144,"muestra_directa",FALSE,0.443283788010059,"muestra_directa",FALSE,TRUE,FALSE,"10","005","Durango"
313,-26.0494296849125,-40.9260888920851,-9.08131828017167,0.611328197017239,"sintetico_postestratificado",FALSE,0.350833900168114,"sintetico_postestratificado",FALSE,FALSE,FALSE,"10","037","Topia"
314,-25.9912576529229,-39.1643316955939,-12.7424051428244,0.623543478713208,"muestra_directa",TRUE,0.363630902183978,"muestra_directa",TRUE,TRUE,TRUE,"10","033","Súchil"
315,-25.9641545805615,-40.0463699737156,-10.2096516894938,0.623210043283209,"sintetico_postestratificado",FALSE,0.363568497477593,"sintetico_postestratificado",FALSE,FALSE,FALSE,"10","036","Tlahualilo"
316,-27.0252131513857,-39.0606020566436,-14.42624742202,0.620276609831902,"muestra_directa",FALSE,0.350024478318046,"muestra_directa",FALSE,TRUE,FALSE,"10","012","Lerdo"
317,-25.8758276535537,-40.3980114378184,-10.0001905027192,0.643950170019004,"sintetico_postestratificado",FALSE,0.385191893483467,"sintetico_postestratificado",FALSE,FALSE,FALSE,"10","014","Mezquital"
318,-27.0267280545766,-41.0654827519177,-11.0456402358978,0.628493389834086,"sintetico_postestratificado",FALSE,0.358226109288319,"sintetico_postestratificado",FALSE,FALSE,FALSE,"10","026","San Dimas"
319,-26.8448332797605,-43.7800283342725,-8.46494103356114,0.657677881194971,"sintetico_postestratificado",FALSE,0.389229548397366,"sintetico_postestratificado",FALSE,FALSE,FALSE,"10","019","Otáez"
320,-27.5674573645228,-40.6219868516597,-11.7646595412175,0.62923689353825,"sintetico_postestratificado",FALSE,0.353562319893022,"sintetico_postestratificado",FALSE,FALSE,FALSE,"10","034","Tamazula"
321,-26.1825632187802,-40.0638398129332,-10.0765987077387,0.634964363770496,"muestra_directa",TRUE,0.373138731582694,"muestra_directa",TRUE,TRUE,TRUE,"10","013","Mapimí"
322,-25.4128980916743,-39.4872626367373,-10.4502262595812,0.667158996635011,"muestra_directa",TRUE,0.413030015718269,"muestra_directa",TRUE,TRUE,TRUE,"10","016","Nombre de Dios"
323,-27.7248957603864,-42.2292190337665,-12.9641980986038,0.620269197687908,"sintetico_postestratificado",FALSE,0.343020240084044,"sintetico_postestratificado",FALSE,FALSE,FALSE,"10","018","El Oro"
324,-27.8596198881049,-41.9778211922983,-10.5350607584237,0.618440577264165,"sintetico_postestratificado",FALSE,0.339844378383116,"sintetico_postestratificado",FALSE,FALSE,FALSE,"10","020","Pánuco de Coronado"
325,-27.1835273404577,-42.7377892992644,-9.09459075918906,0.624205816210906,"sintetico_postestratificado",FALSE,0.35237054280633,"sintetico_postestratificado",FALSE,FALSE,FALSE,"10","002","Canelas"
326,-27.4127594312335,-44.8857450007107,-11.751894185974,0.661820726670144,"muestra_directa",TRUE,0.387693132357809,"muestra_directa",TRUE,TRUE,TRUE,"10","039","Nuevo Ideal"
327,-26.5875742937592,-40.5503280704803,-10.2696105904471,0.64113337775858,"muestra_directa",TRUE,0.375257634820987,"muestra_directa",TRUE,TRUE,TRUE,"10","021","Peñón Blanco"
328,-27.3182341716223,-43.1035588678033,-9.61696238441877,0.626379886173614,"sintetico_postestratificado",FALSE,0.353197544457391,"sintetico_postestratificado",FALSE,FALSE,FALSE,"10","003","Coneto de Comonfort"
329,-26.8718318595688,-40.468954542282,-11.6393282775281,0.657333489793955,"sintetico_postestratificado",FALSE,0.388615171198267,"sintetico_postestratificado",FALSE,FALSE,FALSE,"10","024","Rodeo"
330,-25.874982549071,-39.6286765191981,-12.426498567286,0.661032777931414,"sintetico_postestratificado",FALSE,0.402282952440704,"sintetico_postestratificado",FALSE,FALSE,FALSE,"10","004","Cuencamé"
331,-26.0373468608756,-39.1201174762369,-12.4741831043625,0.656944423102892,"muestra_directa",TRUE,0.396570954494137,"muestra_directa",TRUE,TRUE,TRUE,"11","019","Jerécuaro"
332,-25.4697660390901,-35.3706111439088,-15.7021404950917,0.704667088964019,"muestra_directa",FALSE,0.449969428573118,"muestra_directa",FALSE,TRUE,FALSE,"11","020","León"
333,-25.7264057022926,-41.5178023572206,-9.98647462059901,0.653927932053299,"sintetico_postestratificado",FALSE,0.396663875030374,"sintetico_postestratificado",FALSE,FALSE,FALSE,"11","021","Moroleón"
334,-25.1917368626754,-38.9583650136643,-11.7585622505909,0.658847948955175,"muestra_directa",FALSE,0.406930580328421,"muestra_directa",FALSE,TRUE,FALSE,"11","023","Pénjamo"
335,-25.1536054957454,-40.9122882330581,-8.19247922437621,0.646360062033656,"sintetico_postestratificado",FALSE,0.394824007076201,"sintetico_postestratificado",FALSE,FALSE,FALSE,"11","038","Tarandacuao"
336,-24.2584909137832,-37.6696700969171,-11.5435328835251,0.663481634603185,"muestra_directa",TRUE,0.420896725465353,"muestra_directa",TRUE,TRUE,TRUE,"11","039","Tarimoro"
337,-25.6331785361097,-41.2766310521678,-9.97679870078101,0.656817275777283,"sintetico_postestratificado",FALSE,0.400485490416186,"sintetico_postestratificado",FALSE,FALSE,FALSE,"11","040","Tierra Blanca"
338,-26.5152977677024,-42.0994615197881,-11.999081721485,0.660901564379135,"muestra_directa",TRUE,0.395748586702111,"muestra_directa",TRUE,TRUE,TRUE,"11","041","Uriangato"
339,-23.776074628615,-36.9988488239377,-9.10713506917695,0.655882206037314,"muestra_directa",TRUE,0.418121459751164,"muestra_directa",TRUE,TRUE,TRUE,"11","002","Acámbaro"
340,-24.5793372000016,-40.699398083848,-8.59203064668167,0.659172053368059,"muestra_directa",TRUE,0.413378681368042,"muestra_directa",TRUE,TRUE,TRUE,"11","012","Cuerámaro"
341,-24.7925518099095,-39.0044760581461,-10.4842065624564,0.657687601555404,"muestra_directa",TRUE,0.40976208345631,"muestra_directa",TRUE,TRUE,TRUE,"11","013","Doctor Mora"
342,-21.1007474354803,-34.6512486619133,-7.80069561893474,0.669765144364771,"muestra_directa",FALSE,0.458757670009968,"muestra_directa",FALSE,TRUE,FALSE,"11","014","Dolores Hidalgo Cuna de la Independencia Nacional"
343,-25.5344514738722,-39.1153256033444,-11.6712388221459,0.668904532509859,"muestra_directa",TRUE,0.413560017771137,"muestra_directa",TRUE,TRUE,TRUE,"11","022","Ocampo"
344,-23.8609508091344,-38.0022604026158,-8.76468375840239,0.647324390075097,"sintetico_postestratificado",FALSE,0.408714881983753,"sintetico_postestratificado",FALSE,FALSE,FALSE,"11","024","Pueblo Nuevo"
345,-25.1414782416503,-38.8110832707008,-11.8248776141257,0.675905057316891,"muestra_directa",FALSE,0.424490274900388,"muestra_directa",FALSE,TRUE,FALSE,"11","030","San Felipe"
346,-24.5350821272233,-41.7781597592233,-7.41160520741251,0.65016876571775,"sintetico_postestratificado",FALSE,0.404817944445517,"sintetico_postestratificado",FALSE,FALSE,FALSE,"11","036","Santiago Maravatío"
347,-19.7133905571867,-31.3334578842584,-7.75814854846995,0.703614962204557,"muestra_directa",FALSE,0.50648105663269,"muestra_directa",FALSE,TRUE,FALSE,"11","007","Celaya"
348,-26.1399496353257,-40.2782358471511,-13.5460589951691,0.63541801591753,"muestra_directa",FALSE,0.374018519564274,"muestra_directa",FALSE,TRUE,FALSE,"11","027","Salamanca"
349,-24.9451499923149,-38.7286451849789,-10.2361036154929,0.641477367526379,"muestra_directa",TRUE,0.39202586760323,"muestra_directa",TRUE,TRUE,TRUE,"11","035","Santa Cruz de Juventino Rosas"
350,-22.7567358773556,-36.0148074823466,-7.86254144317001,0.668408230935261,"muestra_directa",TRUE,0.440840872161706,"muestra_directa",TRUE,TRUE,TRUE,"11","011","Cortazar"
351,-23.2929563444298,-37.1916075149111,-10.0784226738888,0.665660740933754,"muestra_directa",TRUE,0.432731177489456,"muestra_directa",TRUE,TRUE,TRUE,"11","031","San Francisco del Rincón"
352,-22.7910916996882,-37.8419863944299,-8.76900741081143,0.659055395644677,"muestra_directa",TRUE,0.431144478647795,"muestra_directa",TRUE,TRUE,TRUE,"11","025","Purísima del Rincón"
353,-23.2019854288928,-37.2592327720245,-9.22336313301649,0.653226058968651,"muestra_directa",TRUE,0.421206204679724,"muestra_directa",TRUE,TRUE,TRUE,"11","026","Romita"
354,-24.8928232191526,-38.9545209433421,-11.8110608765641,0.673844538707126,"muestra_directa",TRUE,0.4249163065156,"muestra_directa",TRUE,TRUE,TRUE,"11","028","Salvatierra"
355,-24.6653018199917,-38.7298430100872,-9.49404176133282,0.663619796317549,"muestra_directa",TRUE,0.416966778117632,"muestra_directa",TRUE,TRUE,TRUE,"11","029","San Diego de la Unión"
356,-27.8261720771097,-41.3492800367753,-14.9327746240912,0.653108532913155,"muestra_directa",TRUE,0.374846812142058,"muestra_directa",TRUE,TRUE,TRUE,"11","032","San José Iturbide"
357,-24.4091297058487,-38.0818625384719,-10.3997472161917,0.679080076043898,"muestra_directa",TRUE,0.434988778985411,"muestra_directa",TRUE,TRUE,TRUE,"11","033","San Luis de la Paz"
358,-25.2296641648611,-39.8727867938115,-8.24590027985518,0.667087031496035,"sintetico_postestratificado",FALSE,0.414790389847424,"sintetico_postestratificado",FALSE,FALSE,FALSE,"11","034","Santa Catarina"
359,-23.556347468209,-36.5492113428779,-10.1723373004193,0.668704555164223,"muestra_directa",FALSE,0.433141080482133,"muestra_directa",FALSE,TRUE,FALSE,"11","037","Silao de la Victoria"
360,-20.6010119443358,-32.863946328197,-6.33533214059415,0.672226032227709,"muestra_directa",FALSE,0.466215912784351,"muestra_directa",FALSE,TRUE,FALSE,"11","042","Valle de Santiago"
361,-26.3528239445854,-40.326815576303,-10.8296160029359,0.63864421338806,"muestra_directa",TRUE,0.375115973942206,"muestra_directa",TRUE,TRUE,TRUE,"11","043","Victoria"
362,-26.7993853119349,-41.4792586000224,-12.4664344697838,0.632046150343304,"sintetico_postestratificado",FALSE,0.364052297223956,"sintetico_postestratificado",FALSE,FALSE,FALSE,"11","045","Xichú"
363,-22.9738542153525,-36.9314958102618,-7.75225619005457,0.680468593182662,"muestra_directa",TRUE,0.450730051029137,"muestra_directa",TRUE,TRUE,TRUE,"11","044","Villagrán"
364,-23.7651290417568,-37.0781687984469,-8.26605501613594,0.65729755354951,"muestra_directa",TRUE,0.419646263131941,"muestra_directa",TRUE,TRUE,TRUE,"11","046","Yuriria"
365,-23.8762833853803,-38.2123704871753,-10.2331902207433,0.646427324947961,"muestra_directa",TRUE,0.407664491094158,"muestra_directa",TRUE,TRUE,TRUE,"11","001","Abasolo"
366,-24.2410226633895,-37.0725037382506,-9.99963475177687,0.633006805941852,"muestra_directa",TRUE,0.390596579307957,"muestra_directa",TRUE,TRUE,TRUE,"11","003","San Miguel de Allende"
367,-26.3630556023935,-39.520404024638,-12.4733479216047,0.663061736233041,"muestra_directa",FALSE,0.399431180209106,"muestra_directa",FALSE,TRUE,FALSE,"11","004","Apaseo el Alto"
368,-25.2478126718779,-38.4412356776538,-10.5156144803122,0.691783075933877,"muestra_directa",FALSE,0.439304949215098,"muestra_directa",FALSE,TRUE,FALSE,"11","005","Apaseo el Grande"
369,-27.5676754389616,-43.286252458646,-10.919174009544,0.648461230514166,"sintetico_postestratificado",FALSE,0.372784476124551,"sintetico_postestratificado",FALSE,FALSE,FALSE,"11","006","Atarjea"
370,-25.6772852922027,-40.2148782337008,-11.51905220988,0.684044738235059,"muestra_directa",TRUE,0.427271885313033,"muestra_directa",TRUE,TRUE,TRUE,"11","008","Manuel Doblado"
371,-24.9356168498932,-38.6296373756101,-9.54858642770314,0.668627674770632,"muestra_directa",TRUE,0.4192715062717,"muestra_directa",TRUE,TRUE,TRUE,"11","009","Comonfort"
372,-27.1186796084714,-42.1983911427401,-11.5933051411432,0.663939889284411,"sintetico_postestratificado",FALSE,0.392753093199697,"sintetico_postestratificado",FALSE,FALSE,FALSE,"11","010","Coroneo"
373,-21.2896642827309,-33.6954905166729,-8.2638439873392,0.704921293400164,"muestra_directa",FALSE,0.492024650572855,"muestra_directa",FALSE,TRUE,FALSE,"11","015","Guanajuato"
374,-26.472953438261,-41.8446280697882,-10.2985314348884,0.66976151439505,"muestra_directa",TRUE,0.40503198001244,"muestra_directa",TRUE,TRUE,TRUE,"11","016","Huanímaro"
375,-21.9519327395085,-34.8052717060551,-7.31389917197636,0.671310896624163,"muestra_directa",FALSE,0.451791569229078,"muestra_directa",FALSE,TRUE,FALSE,"11","017","Irapuato"
376,-25.2039879171774,-38.7690273954697,-10.8957693596311,0.654345884157518,"muestra_directa",TRUE,0.402306004985744,"muestra_directa",TRUE,TRUE,TRUE,"11","018","Jaral del Progreso"
377,-23.7159040530524,-39.8710212011267,-7.52309275270676,0.65957139268439,"sintetico_postestratificado",FALSE,0.422412352153866,"sintetico_postestratificado",FALSE,FALSE,FALSE,"12","033","Huamuxtitlán"
378,-23.5509433356636,-39.2802065601914,-5.16555470249443,0.653913644916693,"muestra_directa",TRUE,0.418404211560057,"muestra_directa",TRUE,TRUE,TRUE,"12","031","General Canuto A. Neri"
381,-26.0339764590907,-41.6157006236226,-9.03926973555383,0.575000837937865,"sintetico_postestratificado",FALSE,0.314661073346959,"sintetico_postestratificado",FALSE,FALSE,FALSE,"12","073","Zirándaro"
382,-24.1029376439226,-39.5858475534215,-7.53419370077274,0.619658858353137,"sintetico_postestratificado",FALSE,0.378629481913911,"sintetico_postestratificado",FALSE,FALSE,FALSE,"12","065","Tlalixtaquilla de Maldonado"
383,-25.7400244878029,-41.8765808003259,-8.80940195053296,0.554473476787165,"sintetico_postestratificado",FALSE,0.297073231909137,"sintetico_postestratificado",FALSE,FALSE,FALSE,"12","047","Pedro Ascencio Alquisiras"
384,-24.920044755066,-38.9783291120807,-7.07063307863463,0.590703919241097,"sintetico_postestratificado",FALSE,0.341503471690437,"sintetico_postestratificado",FALSE,FALSE,FALSE,"12","054","San Miguel Totolapan"
385,-25.4522264811943,-40.7777780045682,-8.93637555195117,0.623700511222825,"muestra_directa",TRUE,0.369178246410882,"muestra_directa",TRUE,TRUE,TRUE,"12","053","San Marcos"
386,-24.1100170668714,-37.5862931498313,-7.96494196244771,0.64099984734304,"sintetico_postestratificado",FALSE,0.399899676674325,"sintetico_postestratificado",FALSE,FALSE,FALSE,"12","066","Tlapa de Comonfort"
387,-25.8159020214322,-41.1519251488882,-8.63500206967066,0.640612034525361,"sintetico_postestratificado",FALSE,0.38245301431104,"sintetico_postestratificado",FALSE,FALSE,FALSE,"12","048","Petatlán"
388,-27.5279616110031,-42.1024829605444,-11.9624077932501,0.599413183897187,"muestra_directa",TRUE,0.324133567787155,"muestra_directa",TRUE,TRUE,TRUE,"12","007","Arcelia"
389,-26.8168220516136,-41.3768174206365,-9.02814411254755,0.608190051161678,"muestra_directa",TRUE,0.340021830645542,"muestra_directa",TRUE,TRUE,TRUE,"12","012","Ayutla de los Libres"
390,-25.6380315245897,-39.9323585670203,-11.2767391173378,0.670544660511493,"sintetico_postestratificado",FALSE,0.414164345265595,"sintetico_postestratificado",FALSE,FALSE,FALSE,"12","006","Apaxtla"
391,-25.4158662413973,-39.4613685369213,-9.7782708837627,0.636643181232817,"sintetico_postestratificado",FALSE,0.382484518818844,"sintetico_postestratificado",FALSE,FALSE,FALSE,"12","010","Atlixtac"
392,-24.553161773911,-39.8342859704503,-9.85001944818827,0.666555062999134,"muestra_directa",TRUE,0.421023445260024,"muestra_directa",TRUE,TRUE,TRUE,"12","011","Atoyac de Álvarez"
393,-24.0871992293346,-39.3253274876295,-8.1368039935836,0.707144635089685,"muestra_directa",TRUE,0.46627264279634,"muestra_directa",TRUE,TRUE,TRUE,"12","032","General Heliodoro Castillo"
394,-24.1177393408634,-38.5235946914674,-8.63144559425302,0.670921119760216,"sintetico_postestratificado",FALSE,0.429743726351582,"sintetico_postestratificado",FALSE,FALSE,FALSE,"12","028","Chilapa de Álvarez"
395,-24.4793618262479,-38.0677326506434,-9.31784018637799,0.628306416977032,"muestra_directa",TRUE,0.383512798714553,"muestra_directa",TRUE,TRUE,TRUE,"12","029","Chilpancingo de los Bravo"
396,-24.1990255672474,-40.102169882827,-7.56923021780069,0.649470664339405,"sintetico_postestratificado",FALSE,0.407480408666931,"sintetico_postestratificado",FALSE,FALSE,FALSE,"12","004","Alcozauca de Guerrero"
397,-27.746045730264,-44.5936411290681,-10.7297850268839,0.610541807718008,"sintetico_postestratificado",FALSE,0.333081350415367,"sintetico_postestratificado",FALSE,FALSE,FALSE,"12","068","La Unión de Isidoro Montes de Oca"
398,-26.657636186715,-42.0559464366056,-10.6542022272463,0.590167102917613,"muestra_directa",TRUE,0.323590741050463,"muestra_directa",TRUE,TRUE,TRUE,"12","039","Juan R. Escudero"
399,-24.9505076468589,-40.2934129157729,-8.45719587210898,0.639077428774838,"muestra_directa",TRUE,0.389572352306249,"muestra_directa",TRUE,TRUE,TRUE,"12","038","Zihuatanejo de Azueta"
400,-24.844583502901,-39.765193213194,-9.83029011652989,0.654553247018374,"sintetico_postestratificado",FALSE,0.406107411989364,"sintetico_postestratificado",FALSE,FALSE,FALSE,"12","043","Metlatónoc"
401,-25.2238528663229,-41.2719251474427,-6.87902264347758,0.652517398590531,"sintetico_postestratificado",FALSE,0.400278869927302,"sintetico_postestratificado",FALSE,FALSE,FALSE,"12","030","Florencio Villarreal"
402,-27.4338092304966,-43.4741516578918,-12.035587793872,0.624359288962087,"sintetico_postestratificado",FALSE,0.350021196657121,"sintetico_postestratificado",FALSE,FALSE,FALSE,"12","064","Tlalchapa"
403,-26.7936910589674,-42.3886787248585,-9.68751061234836,0.636622891319909,"sintetico_postestratificado",FALSE,0.368685980730235,"sintetico_postestratificado",FALSE,FALSE,FALSE,"12","067","Tlapehuala"
404,-24.6364718695195,-39.4028058957314,-10.3105047736077,0.609241113223615,"muestra_directa",FALSE,0.362876394528419,"muestra_directa",FALSE,TRUE,FALSE,"12","001","Acapulco de Juárez"
405,-23.7761501904799,-38.3023651148314,-9.28928312758535,0.654201957130893,"sintetico_postestratificado",FALSE,0.416440455226094,"sintetico_postestratificado",FALSE,FALSE,FALSE,"12","019","Copalillo"
406,-23.4222090620863,-38.2557565775339,-8.50725232908975,0.671810673919639,"sintetico_postestratificado",FALSE,0.437588583298776,"sintetico_postestratificado",FALSE,FALSE,FALSE,"12","045","Olinalá"
407,-23.3909432417539,-37.2716582033377,-8.14745942573594,0.65401164306966,"sintetico_postestratificado",FALSE,0.420102210652121,"sintetico_postestratificado",FALSE,FALSE,FALSE,"12","008","Atenango del Río"
408,-23.8895935742701,-38.8146488056198,-6.54120831492413,0.573860334977584,"sintetico_postestratificado",FALSE,0.334964399234883,"sintetico_postestratificado",FALSE,FALSE,FALSE,"12","009","Atlamajalcingo del Monte"
409,-24.460270732645,-39.1028370505802,-7.03456933293196,0.585310134955814,"sintetico_postestratificado",FALSE,0.340707427629364,"sintetico_postestratificado",FALSE,FALSE,FALSE,"12","046","Ometepec"
410,-24.0704342466587,-38.7511485563465,-6.94212954368783,0.604792677022704,"sintetico_postestratificado",FALSE,0.364088334556118,"sintetico_postestratificado",FALSE,FALSE,FALSE,"12","036","Igualapa"
411,-24.2019945844275,-39.4025013597651,-8.27056818365531,0.629180540422403,"sintetico_postestratificado",FALSE,0.387160594578127,"sintetico_postestratificado",FALSE,FALSE,FALSE,"12","044","Mochitlán"
412,-22.8799670822459,-38.0223329691818,-7.5777376692489,0.635171962585275,"muestra_directa",TRUE,0.406372291762816,"muestra_directa",TRUE,TRUE,TRUE,"12","042","Mártir de Cuilapan"
413,-25.5865968293401,-41.2927473135918,-9.71213539992172,0.611321012371096,"sintetico_postestratificado",FALSE,0.355455044077696,"sintetico_postestratificado",FALSE,FALSE,FALSE,"12","040","Leonardo Bravo"
414,-25.3438656761121,-39.6514045859326,-9.68408565213145,0.603745822134326,"sintetico_postestratificado",FALSE,0.350307165373206,"sintetico_postestratificado",FALSE,FALSE,FALSE,"12","076","Acatepec"
415,-24.363575387926,-38.8483201548023,-9.66720779204788,0.659013907041003,"muestra_directa",TRUE,0.415378153161743,"muestra_directa",TRUE,TRUE,TRUE,"12","075","Eduardo Neri"
416,-25.361625808181,-40.2986043127251,-8.5886837734475,0.626126379139873,"sintetico_postestratificado",FALSE,0.372510121058063,"sintetico_postestratificado",FALSE,FALSE,FALSE,"12","074","Zitlala"
417,-25.5011722381059,-40.5781708151565,-8.10365927319341,0.61087690014784,"sintetico_postestratificado",FALSE,0.355865177766781,"sintetico_postestratificado",FALSE,FALSE,FALSE,"12","072","Zapotitlán Tablas"
418,-25.335432884881,-40.9314185648871,-8.13471588930499,0.613489797485444,"sintetico_postestratificado",FALSE,0.360135468636634,"sintetico_postestratificado",FALSE,FALSE,FALSE,"12","071","Xochistlahuaca"
419,-25.3478789541309,-40.5994781717032,-9.16811389418635,0.616123213872627,"sintetico_postestratificado",FALSE,0.362644424331318,"sintetico_postestratificado",FALSE,FALSE,FALSE,"12","070","Xochihuehuetlán"
420,-25.684442505531,-40.9435424533953,-8.68490867139656,0.603431170441077,"sintetico_postestratificado",FALSE,0.346586745385766,"sintetico_postestratificado",FALSE,FALSE,FALSE,"12","069","Xalpatláhuac"
421,-25.2362128767303,-40.7690441874022,-9.78311460944806,0.628856744397775,"sintetico_postestratificado",FALSE,0.376494615630472,"sintetico_postestratificado",FALSE,FALSE,FALSE,"12","052","San Luis Acatlán"
422,-25.1582637913441,-40.3139446485146,-8.20273438930229,0.614155827719137,"sintetico_postestratificado",FALSE,0.362573189805696,"sintetico_postestratificado",FALSE,FALSE,FALSE,"12","041","Malinaltepec"
423,-25.5889067522808,-39.9595517159074,-9.79301807385689,0.618113031696845,"muestra_directa",TRUE,0.362223964174037,"muestra_directa",TRUE,TRUE,TRUE,"12","062","Tlacoachistlahuaca"
424,-24.9399767862485,-40.9407734250104,-7.16047244105857,0.630928696593786,"sintetico_postestratificado",FALSE,0.381528928731301,"sintetico_postestratificado",FALSE,FALSE,FALSE,"12","023","Cuajinicuilapa"
425,-25.0753212842957,-39.4507143109992,-9.58794766203549,0.634658446549368,"sintetico_postestratificado",FALSE,0.383905233706411,"sintetico_postestratificado",FALSE,FALSE,FALSE,"12","013","Azoyú"
426,-25.3189271538501,-40.1797683805731,-9.61594845711757,0.655745081974221,"sintetico_postestratificado",FALSE,0.40255581043572,"sintetico_postestratificado",FALSE,FALSE,FALSE,"12","024","Cualác"
427,-26.9750640418584,-40.701624363883,-12.7513811512222,0.663360333711934,"muestra_directa",TRUE,0.39360969329335,"muestra_directa",TRUE,TRUE,TRUE,"12","027","Cutzamala de Pinzón"
428,-25.9586185862794,-42.1421114461867,-9.93671943525797,0.669781805421514,"sintetico_postestratificado",FALSE,0.41019561955872,"sintetico_postestratificado",FALSE,FALSE,FALSE,"12","037","Ixcateopan de Cuauhtémoc"
429,-26.7318144879737,-41.1921798187061,-11.0833321745494,0.605899954518385,"sintetico_postestratificado",FALSE,0.338581809638648,"sintetico_postestratificado",FALSE,FALSE,FALSE,"12","055","Taxco de Alarcón"
430,-26.899710177432,-43.085020431726,-9.6532686685428,0.610362027528619,"sintetico_postestratificado",FALSE,0.341364925754299,"sintetico_postestratificado",FALSE,FALSE,FALSE,"12","025","Cuautepec"
431,-26.8737355431929,-41.5111268018446,-9.88048760366025,0.644716851268511,"sintetico_postestratificado",FALSE,0.375979495836581,"sintetico_postestratificado",FALSE,FALSE,FALSE,"12","026","Cuetzala del Progreso"
432,-25.6100908475734,-40.0350041838541,-9.15735888959642,0.647163118753658,"sintetico_postestratificado",FALSE,0.391062210277924,"sintetico_postestratificado",FALSE,FALSE,FALSE,"12","059","Tepecoacuilco de Trujano"
433,-25.1848684577673,-39.9626688234573,-7.63464766309709,0.606528412933679,"sintetico_postestratificado",FALSE,0.354679728356006,"sintetico_postestratificado",FALSE,FALSE,FALSE,"12","077","Marquelia"
434,-24.4758564405545,-41.2652073802843,-6.64538176185525,0.634954977772549,"sintetico_postestratificado",FALSE,0.390196413367004,"sintetico_postestratificado",FALSE,FALSE,FALSE,"12","078","Cochoapa el Grande"
435,-26.042128730598,-40.4030016680371,-12.1775914911606,0.654446605857302,"muestra_directa",TRUE,0.394025318551322,"muestra_directa",TRUE,TRUE,TRUE,"12","061","Tixtla de Guerrero"
436,-23.2833927179584,-38.7581684354271,-7.52418026139549,0.662705823063652,"sintetico_postestratificado",FALSE,0.429871895884068,"sintetico_postestratificado",FALSE,FALSE,FALSE,"12","018","Copala"
437,-24.9702428666446,-40.5872514370674,-8.87130499152284,0.631339513907042,"muestra_directa",TRUE,0.381637085240597,"muestra_directa",TRUE,TRUE,TRUE,"12","056","Tecoanapa"
438,-26.0053586576167,-41.7872731631311,-10.0687405654726,0.620894101407413,"sintetico_postestratificado",FALSE,0.360840514831245,"sintetico_postestratificado",FALSE,FALSE,FALSE,"12","003","Ajuchitlán del Progreso"
439,-24.4005539795673,-38.923568067268,-8.41654445331893,0.613588531111302,"sintetico_postestratificado",FALSE,0.369582991315629,"sintetico_postestratificado",FALSE,FALSE,FALSE,"12","002","Ahuacuotzingo"
440,-27.5798190048612,-42.3761212654574,-12.3697920859352,0.62187027033357,"muestra_directa",TRUE,0.346072080284958,"muestra_directa",TRUE,TRUE,TRUE,"12","035","Iguala de la Independencia"
441,-26.4225693269869,-42.2696859317286,-11.4153978624128,0.634051315717485,"sintetico_postestratificado",FALSE,0.369825622447616,"sintetico_postestratificado",FALSE,FALSE,FALSE,"12","016","Coahuayutla de José María Izazaga"
442,-25.0535556047205,-40.0140682670277,-10.2424305802013,0.677054785340815,"sintetico_postestratificado",FALSE,0.42651922929361,"sintetico_postestratificado",FALSE,FALSE,FALSE,"12","017","Cocula"
443,-24.615368411575,-40.1232856087717,-8.11935676735358,0.619190857697468,"sintetico_postestratificado",FALSE,0.373037173581718,"sintetico_postestratificado",FALSE,FALSE,FALSE,"12","020","Copanatoyac"
444,-25.7986693082024,-40.4957034685017,-10.3880242145835,0.645584814704029,"sintetico_postestratificado",FALSE,0.387598121622005,"sintetico_postestratificado",FALSE,FALSE,FALSE,"12","057","Técpan de Galeana"
445,-25.0158466774445,-39.8002135982667,-9.04321540443654,0.652336020290176,"sintetico_postestratificado",FALSE,0.40217755351573,"sintetico_postestratificado",FALSE,FALSE,FALSE,"12","021","Coyuca de Benítez"
446,-24.8665218164936,-39.9380225606031,-9.94822106910912,0.672509868948755,"sintetico_postestratificado",FALSE,0.423844650783819,"sintetico_postestratificado",FALSE,FALSE,FALSE,"12","022","Coyuca de Catalán"
447,-26.6673031564826,-42.8821384032993,-8.07035539499173,0.616185520461843,"sintetico_postestratificado",FALSE,0.349512488897018,"sintetico_postestratificado",FALSE,FALSE,FALSE,"12","060","Tetipac"
448,-25.4571226273231,-41.6252580805079,-7.71894843476578,0.623770091959481,"sintetico_postestratificado",FALSE,0.369198865686249,"sintetico_postestratificado",FALSE,FALSE,FALSE,"12","063","Tlacoapa"
449,-26.3941635658036,-39.844075044542,-11.9893139211552,0.616630735039437,"sintetico_postestratificado",FALSE,0.352689099381401,"sintetico_postestratificado",FALSE,FALSE,FALSE,"12","058","Teloloapan"
450,-26.5125192967819,-41.4440959984885,-10.989268542459,0.590379263533917,"muestra_directa",TRUE,0.325254070566098,"muestra_directa",TRUE,TRUE,TRUE,"12","051","Quechultenango"
451,-25.745075681991,-40.5623900480554,-10.5987960507092,0.619118279472262,"sintetico_postestratificado",FALSE,0.361667522652351,"sintetico_postestratificado",FALSE,FALSE,FALSE,"12","050","Pungarabato"
452,-24.7979755341542,-40.9944171224727,-7.91192766448032,0.568649530874315,"sintetico_postestratificado",FALSE,0.320669775532773,"sintetico_postestratificado",FALSE,FALSE,FALSE,"12","081","Iliatenco"
453,-24.2494689212746,-41.1096440789304,-5.76375811780431,0.591540920786511,"sintetico_postestratificado",FALSE,0.349046231573765,"sintetico_postestratificado",FALSE,FALSE,FALSE,"12","080","Juchitán"
454,-24.5036664744401,-39.0698325239209,-8.64026341041631,0.591695677644014,"sintetico_postestratificado",FALSE,0.346659012899614,"sintetico_postestratificado",FALSE,FALSE,FALSE,"12","005","Alpoyeca"
455,-24.7641998328402,-40.1640703949787,-6.59933856800611,0.602785668578112,"muestra_directa",TRUE,0.35514367024971,"muestra_directa",TRUE,TRUE,TRUE,"12","014","Benito Juárez"
456,-25.378589119593,-40.5180567986008,-10.0301755320925,0.60341421605078,"sintetico_postestratificado",FALSE,0.34962832485485,"sintetico_postestratificado",FALSE,FALSE,FALSE,"12","015","Buenavista de Cuéllar"
457,-26.2555955008596,-41.2128357231469,-9.2145135025545,0.58791520913802,"sintetico_postestratificado",FALSE,0.325359254129424,"sintetico_postestratificado",FALSE,FALSE,FALSE,"12","049","Pilcaya"
458,-24.8018283517604,-42.6496449895193,-6.43829186408597,0.624707550420676,"sintetico_postestratificado",FALSE,0.376689266903072,"sintetico_postestratificado",FALSE,FALSE,FALSE,"12","079","José Joaquín de Herrera"
459,-24.0589767134868,-37.8975531813732,-8.67876215845129,0.627917773037478,"sintetico_postestratificado",FALSE,0.387328005902609,"sintetico_postestratificado",FALSE,FALSE,FALSE,"12","034","Huitzuco de los Figueroa"
462,-26.3048814136795,-41.4366282846482,-9.27847218400821,0.66850157420904,"sintetico_postestratificado",FALSE,0.405452760072245,"sintetico_postestratificado",FALSE,FALSE,FALSE,"13","004","Agua Blanca de Iturbide"
463,-27.1183504934066,-42.0502388281281,-10.6901886192383,0.583308857172976,"muestra_directa",TRUE,0.312125352238911,"muestra_directa",TRUE,TRUE,TRUE,"13","010","Atitalaquia"
464,-26.4288485058361,-40.7069156249433,-10.3122167263352,0.631910356638415,"sintetico_postestratificado",FALSE,0.367621871580054,"sintetico_postestratificado",FALSE,FALSE,FALSE,"13","081","Zacualtipán de Ángeles"
465,-27.6781381951315,-41.6450676249816,-11.8292575669734,0.59806532956046,"sintetico_postestratificado",FALSE,0.321283947609144,"sintetico_postestratificado",FALSE,FALSE,FALSE,"13","034","Lolotla"
466,-26.8390545863683,-41.8206455497765,-11.6181304238869,0.619835725546539,"muestra_directa",TRUE,0.351445179682856,"muestra_directa",TRUE,TRUE,TRUE,"13","080","Yahualica"
467,-27.8791070873051,-42.3339008253082,-12.2187500962232,0.61734123702747,"sintetico_postestratificado",FALSE,0.338550166154419,"sintetico_postestratificado",FALSE,FALSE,FALSE,"13","079","Xochicoatlán"
468,-26.4954719716647,-40.4316705708422,-12.2464896771115,0.626996965323787,"muestra_directa",TRUE,0.362042245607141,"muestra_directa",TRUE,TRUE,TRUE,"13","041","Mixquiahuala de Juárez"
469,-27.4867359853043,-43.7011438195388,-9.76091314149394,0.64544731071275,"sintetico_postestratificado",FALSE,0.370579950859707,"sintetico_postestratificado",FALSE,FALSE,FALSE,"13","032","Jaltocán"
470,-26.9584595131001,-40.591774373649,-12.1914826481675,0.621231238138229,"sintetico_postestratificado",FALSE,0.351646643007228,"sintetico_postestratificado",FALSE,FALSE,FALSE,"13","019","Chilcuautla"
471,-25.4198447407311,-41.693862109692,-9.30941221922425,0.691880319217606,"sintetico_postestratificado",FALSE,0.437681871810296,"sintetico_postestratificado",FALSE,FALSE,FALSE,"13","082","Zapotlán de Juárez"
472,-28.2707317057854,-43.8452029956914,-12.3022809376621,0.639750173658712,"sintetico_postestratificado",FALSE,0.357042856600858,"sintetico_postestratificado",FALSE,FALSE,FALSE,"13","050","Progreso de Obregón"
473,-27.2774205698813,-40.0837091266682,-12.3399889995428,0.659929629280398,"sintetico_postestratificado",FALSE,0.387155423581585,"sintetico_postestratificado",FALSE,FALSE,FALSE,"13","083","Zempoala"
474,-27.0414985684351,-41.5717857750411,-10.9339540549655,0.669131600499392,"muestra_directa",TRUE,0.398716614815041,"muestra_directa",TRUE,TRUE,TRUE,"13","018","Chapulhuacán"
475,-27.5186626336743,-42.1636974116861,-15.033155385018,0.66370055521791,"muestra_directa",TRUE,0.388513928881167,"muestra_directa",TRUE,TRUE,TRUE,"13","035","Metepec"
476,-28.6347731789898,-43.6784444408571,-14.0702599539217,0.651155710111688,"sintetico_postestratificado",FALSE,0.36480797832179,"sintetico_postestratificado",FALSE,FALSE,FALSE,"13","036","San Agustín Metzquititlán"
477,-29.7169563475998,-42.4555560189941,-16.7434447892953,0.644419547076432,"muestra_directa",FALSE,0.347249983600434,"muestra_directa",FALSE,TRUE,FALSE,"13","037","Metztitlán"
478,-28.150647561201,-42.7026196400764,-12.1043265681732,0.643223383340065,"sintetico_postestratificado",FALSE,0.361716907728055,"sintetico_postestratificado",FALSE,FALSE,FALSE,"13","020","Eloxochitlán"
479,-26.6900616433217,-41.7183228145758,-10.0857541843041,0.66215235518674,"sintetico_postestratificado",FALSE,0.395251738753522,"sintetico_postestratificado",FALSE,FALSE,FALSE,"13","022","Epazoyucan"
480,-26.836115084807,-42.4666737042154,-9.98881276485979,0.660804899163806,"sintetico_postestratificado",FALSE,0.392443748315736,"sintetico_postestratificado",FALSE,FALSE,FALSE,"13","023","Francisco I. Madero"
481,-26.2813561061641,-40.4692218220219,-11.2212502872606,0.665078712786176,"sintetico_postestratificado",FALSE,0.402265151724536,"sintetico_postestratificado",FALSE,FALSE,FALSE,"13","052","San Agustín Tlaxiaca"
482,-27.1779212471061,-42.4741996065059,-11.2316717242102,0.667048088826392,"muestra_directa",TRUE,0.395268876355332,"muestra_directa",TRUE,TRUE,TRUE,"13","024","Huasca de Ocampo"
483,-25.3963299953308,-41.9969622028593,-8.41612211062719,0.686881479684882,"sintetico_postestratificado",FALSE,0.432918179731574,"sintetico_postestratificado",FALSE,FALSE,FALSE,"13","009","El Arenal"
484,-25.6595032018091,-40.7515299988769,-9.66051098289606,0.691078133066827,"sintetico_postestratificado",FALSE,0.434483101048737,"sintetico_postestratificado",FALSE,FALSE,FALSE,"13","038","Mineral del Chico"
485,-26.6068171880188,-40.9351308394282,-11.3700991548314,0.673354260038348,"sintetico_postestratificado",FALSE,0.40728608815816,"sintetico_postestratificado",FALSE,FALSE,FALSE,"13","071","Tlahuiltepa"
486,-27.1009300120201,-43.6065003490625,-9.60936236361393,0.66662877761087,"sintetico_postestratificado",FALSE,0.395619477490669,"sintetico_postestratificado",FALSE,FALSE,FALSE,"13","064","Tepetitlán"
487,-27.0930864998069,-40.8345321265349,-12.3381456017144,0.661759385007284,"sintetico_postestratificado",FALSE,0.390828520009215,"sintetico_postestratificado",FALSE,FALSE,FALSE,"13","053","San Bartolo Tutotepec"
488,-26.9339183697396,-39.9188183090786,-13.7487751585961,0.638387411485194,"muestra_directa",TRUE,0.369048227787797,"muestra_directa",TRUE,TRUE,TRUE,"13","008","Apan"
489,-26.6608175625411,-43.048487468472,-9.30825127576202,0.630251647570843,"sintetico_postestratificado",FALSE,0.363643471945432,"sintetico_postestratificado",FALSE,FALSE,FALSE,"13","007","Almoloya"
490,-27.9396081548871,-42.2354006992454,-12.3277998401814,0.629437381294561,"sintetico_postestratificado",FALSE,0.35004129974569,"sintetico_postestratificado",FALSE,FALSE,FALSE,"13","068","Tianguistengo"
491,-27.278816498447,-41.6715860760275,-12.6095501827856,0.666462537221847,"muestra_directa",TRUE,0.393674372237377,"muestra_directa",TRUE,TRUE,TRUE,"13","069","Tizayuca"
492,-27.4955057612682,-40.0203931894526,-14.4823021227772,0.660383764672535,"muestra_directa",FALSE,0.385428707059853,"muestra_directa",FALSE,TRUE,FALSE,"13","076","Tula de Allende"
493,-26.9865946172024,-40.241768070896,-10.8817232749332,0.638404554623861,"sintetico_postestratificado",FALSE,0.368538608451837,"sintetico_postestratificado",FALSE,FALSE,FALSE,"13","078","Xochiatipan"
494,-26.159099073971,-41.4704808715366,-10.1427999173529,0.640471780449709,"sintetico_postestratificado",FALSE,0.378880789709998,"sintetico_postestratificado",FALSE,FALSE,FALSE,"13","074","Tlaxcoapan"
495,-25.6664928934397,-38.7923681980737,-9.29205269787604,0.628326405825393,"muestra_directa",TRUE,0.371661476890996,"muestra_directa",TRUE,TRUE,TRUE,"13","051","Mineral de la Reforma"
496,-27.5987791407314,-39.9229558129186,-13.1089446170877,0.611681106456491,"sintetico_postestratificado",FALSE,0.335693315049177,"sintetico_postestratificado",FALSE,FALSE,FALSE,"13","030","Ixmiquilpan"
497,-27.3950297571699,-41.2420674336982,-9.94455126797477,0.6179633129186,"sintetico_postestratificado",FALSE,0.344013015346902,"sintetico_postestratificado",FALSE,FALSE,FALSE,"13","031","Jacala de Ledezma"
498,-27.293485912265,-41.342163868417,-12.7626872146588,0.635912236543814,"muestra_directa",TRUE,0.362977377421164,"muestra_directa",TRUE,TRUE,TRUE,"13","029","Huichapan"
499,-26.4066692919539,-41.8324262175043,-10.1537318447395,0.639731687338501,"sintetico_postestratificado",FALSE,0.375664994418962,"sintetico_postestratificado",FALSE,FALSE,FALSE,"13","070","Tlahuelilpan"
500,-26.9390521939119,-41.1814516503015,-11.4472221400035,0.642389173139716,"sintetico_postestratificado",FALSE,0.372998651200597,"sintetico_postestratificado",FALSE,FALSE,FALSE,"13","025","Huautla"
501,-25.5476715708253,-39.3050942391318,-10.7119861741558,0.658877360658486,"muestra_directa",TRUE,0.403400644950232,"muestra_directa",TRUE,TRUE,TRUE,"13","054","San Salvador"
502,-26.3661229390558,-40.1691146076164,-11.0554537975547,0.640929338434919,"sintetico_postestratificado",FALSE,0.37726810904436,"sintetico_postestratificado",FALSE,FALSE,FALSE,"13","055","Santiago de Anaya"
503,-27.8149163879211,-41.2175008436449,-13.9300994117915,0.618966417549785,"muestra_directa",TRUE,0.340817253670574,"muestra_directa",TRUE,TRUE,TRUE,"13","006","Alfajayucan"
504,-27.5684496583178,-40.4406828343269,-12.0600947428367,0.643201832315958,"muestra_directa",TRUE,0.36751733573278,"muestra_directa",TRUE,TRUE,TRUE,"13","048","Pachuca de Soto"
505,-27.6797860559602,-42.6369347014619,-11.6500201949837,0.612587468671304,"sintetico_postestratificado",FALSE,0.335789608111702,"sintetico_postestratificado",FALSE,FALSE,FALSE,"13","026","Huazalingo"
506,-27.6910308637263,-41.2238541665275,-13.5060210862073,0.621250584512585,"muestra_directa",TRUE,0.344340275875322,"muestra_directa",TRUE,TRUE,TRUE,"13","027","Huehuetla"
507,-27.1839157396313,-41.007235061307,-12.6292518522502,0.689642953877234,"muestra_directa",TRUE,0.41780379648092,"muestra_directa",TRUE,TRUE,TRUE,"13","028","Huejutla de Reyes"
508,-27.3096986916103,-41.8469777507701,-11.6918632734929,0.667034131696594,"sintetico_postestratificado",FALSE,0.39393714478049,"sintetico_postestratificado",FALSE,FALSE,FALSE,"13","043","Nicolás Flores"
509,-26.4554333437194,-40.4372529160892,-9.82100673586334,0.670547060730901,"sintetico_postestratificado",FALSE,0.405992727293707,"sintetico_postestratificado",FALSE,FALSE,FALSE,"13","065","Tetepango"
510,-25.2773635133674,-39.5349205914296,-9.31705348804427,0.702797864466973,"muestra_directa",TRUE,0.450024229333299,"muestra_directa",TRUE,TRUE,TRUE,"13","063","Tepeji del Río de Ocampo"
511,-25.3784082447051,-41.7287809930658,-8.80996253460724,0.668906074725134,"sintetico_postestratificado",FALSE,0.415121992278083,"sintetico_postestratificado",FALSE,FALSE,FALSE,"13","033","Juárez Hidalgo"
512,-26.0321191212143,-39.5961702599385,-11.6295522066364,0.651659866273952,"sintetico_postestratificado",FALSE,0.391338675061808,"sintetico_postestratificado",FALSE,FALSE,FALSE,"13","013","Atotonilco de Tula"
513,-27.1249828928894,-40.9172138621621,-11.5627549316745,0.61754088301639,"sintetico_postestratificado",FALSE,0.346291054087496,"sintetico_postestratificado",FALSE,FALSE,FALSE,"13","014","Calnali"
514,-26.4672767400774,-40.848807698318,-12.2740019030912,0.664334013500879,"sintetico_postestratificado",FALSE,0.399661246100105,"sintetico_postestratificado",FALSE,FALSE,FALSE,"13","015","Cardonal"
515,-25.4975490684069,-39.1634987325781,-11.3247981602976,0.670246017291357,"sintetico_postestratificado",FALSE,0.415270526607289,"sintetico_postestratificado",FALSE,FALSE,FALSE,"13","016","Cuautepec de Hinojosa"
516,-24.7453906099868,-39.4661705193757,-10.0059963098931,0.689100953961449,"sintetico_postestratificado",FALSE,0.441647047861581,"sintetico_postestratificado",FALSE,FALSE,FALSE,"13","021","Emiliano Zapata"
517,-25.8895951948881,-39.3946910840492,-11.1467684693745,0.657776062605495,"sintetico_postestratificado",FALSE,0.398880110656614,"sintetico_postestratificado",FALSE,FALSE,FALSE,"13","005","Ajacuba"
518,-26.3451267057836,-40.5439026413156,-11.9585746310729,0.646065112621554,"sintetico_postestratificado",FALSE,0.382613845563717,"sintetico_postestratificado",FALSE,FALSE,FALSE,"13","017","Chapantongo"
519,-25.2612584433664,-40.1754972562484,-8.76463152299282,0.65694486479041,"sintetico_postestratificado",FALSE,0.404332280356746,"sintetico_postestratificado",FALSE,FALSE,FALSE,"13","066","Villa de Tezontepec"
520,-26.3212979903922,-40.492450792701,-11.7734366079208,0.641143249632882,"sintetico_postestratificado",FALSE,0.37793026972896,"sintetico_postestratificado",FALSE,FALSE,FALSE,"13","067","Tezontepec de Aldama"
521,-27.1638974155626,-41.0950749423097,-11.3818725339052,0.618899195554265,"sintetico_postestratificado",FALSE,0.347260221398639,"sintetico_postestratificado",FALSE,FALSE,FALSE,"13","044","Nopala de Villagrán"
522,-25.7054220225505,-40.9398349596245,-9.79654283160991,0.648929595303745,"sintetico_postestratificado",FALSE,0.391875375078241,"sintetico_postestratificado",FALSE,FALSE,FALSE,"13","045","Omitlán de Juárez"
523,-27.7900583453582,-41.5348165244204,-13.9506729783536,0.641852504181611,"muestra_directa",TRUE,0.363951920728028,"muestra_directa",TRUE,TRUE,TRUE,"13","046","San Felipe Orizatlán"
524,-25.2234175777115,-40.542818758669,-8.35913869873282,0.649643568308012,"sintetico_postestratificado",FALSE,0.397409392530897,"sintetico_postestratificado",FALSE,FALSE,FALSE,"13","039","Mineral del Monte"
525,-26.0984003785675,-40.5528674443981,-10.5145514650577,0.644852456944198,"sintetico_postestratificado",FALSE,0.383868453158523,"sintetico_postestratificado",FALSE,FALSE,FALSE,"13","047","Pacula"
526,-27.6168149788714,-41.1159281071397,-11.9627985105352,0.622830300398276,"sintetico_postestratificado",FALSE,0.346662150609562,"sintetico_postestratificado",FALSE,FALSE,FALSE,"13","049","Pisaflores"
527,-25.5687671179951,-39.9413975591358,-9.62723104878891,0.65592153294024,"muestra_directa",TRUE,0.400233861760289,"muestra_directa",TRUE,TRUE,TRUE,"13","077","Tulancingo de Bravo"
528,-26.9318477803606,-41.5183295038429,-12.0026432894491,0.632624305579566,"sintetico_postestratificado",FALSE,0.36330582777596,"sintetico_postestratificado",FALSE,FALSE,FALSE,"13","062","Tepehuacán de Guerrero"
529,-26.8896241451598,-41.137398552809,-12.4181446070311,0.639756041057437,"sintetico_postestratificado",FALSE,0.370859799605839,"sintetico_postestratificado",FALSE,FALSE,FALSE,"13","003","Actopan"
530,-26.4064206464459,-40.749454955969,-11.661604604373,0.653303109571504,"sintetico_postestratificado",FALSE,0.389238903107045,"sintetico_postestratificado",FALSE,FALSE,FALSE,"13","002","Acaxochitlán"
531,-26.0166541775275,-40.0879255035106,-9.48351773793393,0.674241363112194,"sintetico_postestratificado",FALSE,0.41407482133692,"sintetico_postestratificado",FALSE,FALSE,FALSE,"13","001","Acatlán"
532,-26.2551446719193,-39.6911854486323,-11.0287025309671,0.653217864652823,"muestra_directa",TRUE,0.39066641793363,"muestra_directa",TRUE,TRUE,TRUE,"13","061","Tepeapulco"
533,-27.8672974844376,-42.4492589497968,-11.6701155990388,0.657728256296707,"sintetico_postestratificado",FALSE,0.379055281452331,"sintetico_postestratificado",FALSE,FALSE,FALSE,"13","058","Tasquillo"
534,-28.3512650574123,-42.3176257387573,-13.0457285473739,0.637614209601289,"sintetico_postestratificado",FALSE,0.354101559027166,"sintetico_postestratificado",FALSE,FALSE,FALSE,"13","073","Tlanchinol"
535,-26.2806491367759,-40.8877064831968,-10.2731923218109,0.649868379038143,"sintetico_postestratificado",FALSE,0.387061887670384,"sintetico_postestratificado",FALSE,FALSE,FALSE,"13","072","Tlanalapa"
536,-27.4740414578407,-42.0313390431912,-12.1927226469748,0.670892717052407,"sintetico_postestratificado",FALSE,0.396152302474,"sintetico_postestratificado",FALSE,FALSE,FALSE,"13","059","Tecozautla"
537,-26.2797590433466,-42.0785350192483,-11.6741670683951,0.69246039399747,"sintetico_postestratificado",FALSE,0.429662803564004,"sintetico_postestratificado",FALSE,FALSE,FALSE,"13","060","Tenango de Doria"
538,-26.6540748732965,-41.1341011701971,-11.3096127868673,0.674590069782722,"sintetico_postestratificado",FALSE,0.408049321049757,"sintetico_postestratificado",FALSE,FALSE,FALSE,"13","012","Atotonilco el Grande"
539,-27.7254775668407,-42.2699279774234,-12.6648541477272,0.66037017094021,"sintetico_postestratificado",FALSE,0.383115395271803,"sintetico_postestratificado",FALSE,FALSE,FALSE,"13","011","Atlapexco"
540,-28.7866807642426,-42.660916365479,-12.6984945577282,0.626669607925722,"sintetico_postestratificado",FALSE,0.338802800283296,"sintetico_postestratificado",FALSE,FALSE,FALSE,"13","040","La Misión"
541,-28.3493042485281,-42.3112573644235,-12.141710186429,0.614213479898367,"sintetico_postestratificado",FALSE,0.330720437413087,"sintetico_postestratificado",FALSE,FALSE,FALSE,"13","042","Molango de Escamilla"
542,-27.141148765184,-41.4180055204951,-10.8770630997118,0.645654955165416,"sintetico_postestratificado",FALSE,0.374243467513576,"sintetico_postestratificado",FALSE,FALSE,FALSE,"13","056","Santiago Tulantepec de Lugo Guerrero"
543,-25.4910357481506,-38.7107669071191,-11.4401523230682,0.691985575615989,"muestra_directa",TRUE,0.437075218134483,"muestra_directa",TRUE,TRUE,TRUE,"13","057","Singuilucan"
544,-27.0201588069082,-40.9436649402501,-11.9663965002447,0.691779123176485,"sintetico_postestratificado",FALSE,0.421577535107403,"sintetico_postestratificado",FALSE,FALSE,FALSE,"13","084","Zimapán"
545,-25.2750291360898,-39.3973943196517,-9.29435868171273,0.693990991386864,"sintetico_postestratificado",FALSE,0.441240700025965,"sintetico_postestratificado",FALSE,FALSE,FALSE,"13","075","Tolcayuca"
546,-24.3204348020574,-38.8870255639994,-8.64864831298071,0.70408106814369,"sintetico_postestratificado",FALSE,0.460876720123116,"sintetico_postestratificado",FALSE,FALSE,FALSE,"14","122","Zapotitlán de Vadillo"
547,-24.7567891820069,-41.3103468401776,-8.80828185605553,0.696096775180299,"sintetico_postestratificado",FALSE,0.44852888336023,"sintetico_postestratificado",FALSE,FALSE,FALSE,"14","019","Bolaños"
548,-24.400989350373,-39.3651298122571,-8.45767364034542,0.70661445389129,"sintetico_postestratificado",FALSE,0.46260456038756,"sintetico_postestratificado",FALSE,FALSE,FALSE,"14","065","Pihuamo"
549,-29.4757390922286,-43.0482689473125,-14.7522795106523,0.667097831527853,"muestra_directa",TRUE,0.372340440605567,"muestra_directa",TRUE,TRUE,TRUE,"14","101","Tonalá"
550,-25.4479263799999,-41.0359467484698,-9.69909900656421,0.688453768768311,"sintetico_postestratificado",FALSE,0.433974504968312,"sintetico_postestratificado",FALSE,FALSE,FALSE,"14","076","San Martín de Bolaños"
551,-25.8075326544851,-40.801140086691,-10.6260870316258,0.675126866943036,"sintetico_postestratificado",FALSE,0.417051540398185,"sintetico_postestratificado",FALSE,FALSE,FALSE,"14","023","Zapotlán el Grande"
552,-25.3864761313416,-40.2290870419735,-8.96309065602694,0.688518242704337,"sintetico_postestratificado",FALSE,0.434653481390921,"sintetico_postestratificado",FALSE,FALSE,FALSE,"14","074","San Julián"
553,-25.2246691139591,-38.7863298508492,-11.0139180542979,0.690853703779641,"sintetico_postestratificado",FALSE,0.43860701264005,"sintetico_postestratificado",FALSE,FALSE,FALSE,"14","073","San Juan de los Lagos"
554,-24.5826599845088,-40.4656054536642,-8.86636611435493,0.720462676175927,"sintetico_postestratificado",FALSE,0.474636076330839,"sintetico_postestratificado",FALSE,FALSE,FALSE,"14","062","Mixtlán"
555,-25.4548917098198,-40.2334392951079,-10.5044266867428,0.705597917226222,"sintetico_postestratificado",FALSE,0.451049000128024,"sintetico_postestratificado",FALSE,FALSE,FALSE,"14","113","San Gabriel"
556,-28.5544286729148,-44.0941041431864,-13.6030137938079,0.651262687352219,"sintetico_postestratificado",FALSE,0.365718400623071,"sintetico_postestratificado",FALSE,FALSE,FALSE,"14","087","Tecalitlán"
557,-25.909917332671,-41.6791035489876,-9.74407668557731,0.694090549210201,"sintetico_postestratificado",FALSE,0.434991375883492,"sintetico_postestratificado",FALSE,FALSE,FALSE,"14","014","Atoyac"
558,-25.4937905947934,-40.3780770495299,-9.93097010074651,0.690085915503769,"sintetico_postestratificado",FALSE,0.435148009555835,"sintetico_postestratificado",FALSE,FALSE,FALSE,"14","015","Autlán de Navarro"
559,-23.7589811185893,-37.0101504216312,-8.99941142689713,0.660077258869165,"muestra_directa",TRUE,0.422487447683273,"muestra_directa",TRUE,TRUE,TRUE,"14","097","Tlajomulco de Zúñiga"
560,-25.8639993523747,-41.5312450876983,-10.326308448872,0.661572292803525,"sintetico_postestratificado",FALSE,0.402932299279778,"sintetico_postestratificado",FALSE,FALSE,FALSE,"14","055","Magdalena"
561,-25.9567071149209,-40.8133229025297,-9.91626322941886,0.653894336637467,"sintetico_postestratificado",FALSE,0.394327265488258,"sintetico_postestratificado",FALSE,FALSE,FALSE,"14","063","Ocotlán"
562,-26.1897454615936,-41.2765010649261,-9.78773101485961,0.679192123826846,"sintetico_postestratificado",FALSE,0.41729466921091,"sintetico_postestratificado",FALSE,FALSE,FALSE,"14","086","Tapalpa"
563,-26.4123374641602,-41.954638247844,-12.0045590216612,0.679780207952844,"sintetico_postestratificado",FALSE,0.415656833311242,"sintetico_postestratificado",FALSE,FALSE,FALSE,"14","043","La Huerta"
564,-25.9446374886219,-41.3252447537146,-11.6532144395641,0.679593782304853,"sintetico_postestratificado",FALSE,0.420147407418633,"sintetico_postestratificado",FALSE,FALSE,FALSE,"14","116","Villa Hidalgo"
565,-26.239236995882,-41.9443191651588,-9.26178220828227,0.678034277529335,"sintetico_postestratificado",FALSE,0.415641907570515,"sintetico_postestratificado",FALSE,FALSE,FALSE,"14","012","Atenguillo"
566,-25.4248715661227,-39.1933708475121,-9.59317885621532,0.681934733862183,"sintetico_postestratificado",FALSE,0.427686018200956,"sintetico_postestratificado",FALSE,FALSE,FALSE,"14","117","Cañadas de Obregón"
567,-24.4408657613237,-38.8773400541965,-9.009829923963,0.698793721144972,"sintetico_postestratificado",FALSE,0.454385063531735,"sintetico_postestratificado",FALSE,FALSE,FALSE,"14","118","Yahualica de González Gallo"
568,-24.8540954291418,-39.8235421476425,-9.29417312212936,0.701634126007286,"sintetico_postestratificado",FALSE,0.453093171715868,"sintetico_postestratificado",FALSE,FALSE,FALSE,"14","017","Ayutla"
569,-25.5462861767437,-39.6207980451602,-10.1640862215891,0.692124954992054,"sintetico_postestratificado",FALSE,0.436662093224616,"sintetico_postestratificado",FALSE,FALSE,FALSE,"14","119","Zacoalco de Torres"
570,-26.4539887064452,-40.0816270497451,-13.3504047030725,0.649416902430565,"muestra_directa",TRUE,0.384877015366114,"muestra_directa",TRUE,TRUE,TRUE,"14","120","Zapopan"
571,-27.0186256985243,-43.0462383715925,-12.2224783295264,0.667879988304899,"sintetico_postestratificado",FALSE,0.397693731319656,"sintetico_postestratificado",FALSE,FALSE,FALSE,"14","121","Zapotiltic"
572,-27.2245916042967,-41.5763002269763,-11.66278711149,0.672328527179934,"sintetico_postestratificado",FALSE,0.400082611136967,"sintetico_postestratificado",FALSE,FALSE,FALSE,"14","123","Zapotlán del Rey"
573,-26.1789738673048,-41.3500472106214,-9.9495389288351,0.68689185596856,"sintetico_postestratificado",FALSE,0.425102117295512,"sintetico_postestratificado",FALSE,FALSE,FALSE,"14","069","Quitupan"
574,-25.9283004360806,-40.3829339424131,-10.6547595705034,0.680328906312306,"sintetico_postestratificado",FALSE,0.421045901951501,"sintetico_postestratificado",FALSE,FALSE,FALSE,"14","112","Valle de Juárez"
575,-27.3038470020193,-42.4342599777666,-11.0883129989853,0.635385931176941,"sintetico_postestratificado",FALSE,0.362347461156748,"sintetico_postestratificado",FALSE,FALSE,FALSE,"14","111","Valle de Guadalupe"
576,-26.3431769100097,-41.8035746287452,-10.082351002714,0.674415512576389,"sintetico_postestratificado",FALSE,0.410983743476292,"sintetico_postestratificado",FALSE,FALSE,FALSE,"14","079","Gómez Farías"
577,-24.5627134119943,-39.6449959819432,-9.38045037643145,0.695131054766151,"sintetico_postestratificado",FALSE,0.449503920646208,"sintetico_postestratificado",FALSE,FALSE,FALSE,"14","078","San Miguel el Alto"
578,-25.4309929669057,-40.2912527820339,-10.6471867625001,0.694441293932309,"sintetico_postestratificado",FALSE,0.440131364263251,"sintetico_postestratificado",FALSE,FALSE,FALSE,"14","077","San Martín Hidalgo"
579,-23.7851499658642,-40.201345946245,-8.39989559928698,0.676871435915036,"sintetico_postestratificado",FALSE,0.439019936256394,"sintetico_postestratificado",FALSE,FALSE,FALSE,"14","075","San Marcos"
580,-29.3630168401368,-43.1299793170454,-14.3390545859347,0.641505529174296,"muestra_directa",FALSE,0.347875360772928,"muestra_directa",FALSE,TRUE,FALSE,"14","098","San Pedro Tlaquepaque"
581,-25.3810876002248,-41.2379399863475,-9.6476844962221,0.645244688459349,"sintetico_postestratificado",FALSE,0.391433812457101,"sintetico_postestratificado",FALSE,FALSE,FALSE,"14","105","Tototlán"
582,-25.6735651451167,-40.575643213786,-10.0517720689025,0.645520462466287,"sintetico_postestratificado",FALSE,0.388784811015121,"sintetico_postestratificado",FALSE,FALSE,FALSE,"14","104","Totatiche"
583,-25.4466748477756,-42.4836599638072,-9.25234566614917,0.665852523165254,"sintetico_postestratificado",FALSE,0.411385774687498,"sintetico_postestratificado",FALSE,FALSE,FALSE,"14","103","Tonila"
584,-25.145118311014,-40.9719956448012,-9.69221185678963,0.641244648226859,"sintetico_postestratificado",FALSE,0.389793465116719,"sintetico_postestratificado",FALSE,FALSE,FALSE,"14","024","Cocula"
585,-25.4979746684205,-40.4722358063623,-9.59454249602507,0.668245122712469,"sintetico_postestratificado",FALSE,0.413265376028264,"sintetico_postestratificado",FALSE,FALSE,FALSE,"14","102","Tonaya"
586,-25.5376325882726,-41.2149270315002,-10.2398727355424,0.678072389024301,"sintetico_postestratificado",FALSE,0.422696063141575,"sintetico_postestratificado",FALSE,FALSE,FALSE,"14","100","Tomatlán"
587,-26.520332510998,-41.271494743528,-10.5754093970169,0.66467178558037,"sintetico_postestratificado",FALSE,0.39946846047039,"sintetico_postestratificado",FALSE,FALSE,FALSE,"14","099","Tolimán"
588,-25.5759624766733,-39.157031231342,-11.2973902172621,0.660513279996678,"muestra_directa",TRUE,0.404753655229945,"muestra_directa",TRUE,TRUE,TRUE,"14","093","Tepatitlán de Morelos"
589,-25.9065054511835,-40.2159302775666,-11.6281041224381,0.643008663033058,"sintetico_postestratificado",FALSE,0.383943608521223,"sintetico_postestratificado",FALSE,FALSE,FALSE,"14","124","Zapotlanejo"
590,-25.5410430814968,-40.0494221873293,-9.87553724599871,0.668575773335921,"sintetico_postestratificado",FALSE,0.413165342520953,"sintetico_postestratificado",FALSE,FALSE,FALSE,"14","115","Villa Guerrero"
591,-27.908242256478,-44.3981961498609,-10.6169718558106,0.679192517545404,"muestra_directa",TRUE,0.400110094980624,"muestra_directa",TRUE,TRUE,TRUE,"14","021","Casimiro Castillo"
592,-27.1078145437964,-43.4697944785145,-10.3897976830319,0.677792179302069,"sintetico_postestratificado",FALSE,0.406714033864106,"sintetico_postestratificado",FALSE,FALSE,FALSE,"14","070","El Salto"
593,-25.3584631075336,-42.1632692986275,-7.70427274792885,0.694582175294139,"sintetico_postestratificado",FALSE,0.440997544218803,"sintetico_postestratificado",FALSE,FALSE,FALSE,"14","020","Cabo Corrientes"
594,-25.9961341001228,-40.571689182388,-9.62294874910397,0.66214784420523,"sintetico_postestratificado",FALSE,0.402186503204002,"sintetico_postestratificado",FALSE,FALSE,FALSE,"14","018","La Barca"
595,-25.994172564942,-40.663239394437,-11.1684562889096,0.666294954523261,"sintetico_postestratificado",FALSE,0.406353228873841,"sintetico_postestratificado",FALSE,FALSE,FALSE,"14","051","Juanacatlán"
596,-25.1410223461554,-42.0012988858046,-8.90566375808733,0.682563975973043,"muestra_directa",TRUE,0.431153752511489,"muestra_directa",TRUE,TRUE,TRUE,"14","044","Ixtlahuacán de los Membrillos"
597,-26.7395485662637,-41.6024929276394,-12.7499180820631,0.661690054989651,"muestra_directa",FALSE,0.394294569327014,"muestra_directa",FALSE,TRUE,FALSE,"14","039","Guadalajara"
598,-26.2412092714299,-42.6401327484608,-9.83219783357107,0.650630261326675,"sintetico_postestratificado",FALSE,0.388218168612377,"sintetico_postestratificado",FALSE,FALSE,FALSE,"14","022","Cihuatlán"
599,-24.5563236488852,-38.0039468025342,-9.19440242049559,0.69287844250727,"sintetico_postestratificado",FALSE,0.447315206018418,"sintetico_postestratificado",FALSE,FALSE,FALSE,"14","016","Ayotlán"
600,-25.0526794895136,-39.8978819333612,-10.384515197075,0.693376587754384,"sintetico_postestratificado",FALSE,0.442849792859248,"sintetico_postestratificado",FALSE,FALSE,FALSE,"14","080","San Sebastián del Oeste"
601,-25.632124741369,-41.8898911474612,-9.04624536204621,0.68961512911454,"sintetico_postestratificado",FALSE,0.433293881700851,"sintetico_postestratificado",FALSE,FALSE,FALSE,"14","125","San Ignacio Cerro Gordo"
602,-25.2673506954729,-40.4621695145472,-9.01594974890765,0.657440361455238,"sintetico_postestratificado",FALSE,0.404766854500509,"sintetico_postestratificado",FALSE,FALSE,FALSE,"14","072","San Diego de Alejandría"
603,-27.8220983102247,-42.1210635152217,-12.0168532203825,0.633589344096744,"muestra_directa",TRUE,0.355368360994497,"muestra_directa",TRUE,TRUE,TRUE,"14","066","Poncitlán"
604,-25.3313382682887,-41.8230519948594,-7.83383492513949,0.686213143388978,"sintetico_postestratificado",FALSE,0.432899760706091,"sintetico_postestratificado",FALSE,FALSE,FALSE,"14","110","Unión de Tula"
605,-24.5824210349641,-41.0315968793568,-9.26288054232803,0.704518699641893,"sintetico_postestratificado",FALSE,0.458694489292252,"sintetico_postestratificado",FALSE,FALSE,FALSE,"14","092","Teocuitatlán de Corona"
606,-24.913463309013,-37.9627998417694,-11.4492047194457,0.685872403207751,"sintetico_postestratificado",FALSE,0.436737770117621,"sintetico_postestratificado",FALSE,FALSE,FALSE,"14","091","Teocaltiche"
607,-24.7716105265037,-40.5003625169037,-9.16699620703901,0.683676185718083,"muestra_directa",TRUE,0.435960080453046,"muestra_directa",TRUE,TRUE,TRUE,"14","002","Acatlán de Juárez"
608,-23.9980937393664,-39.4977250848439,-8.57454502360988,0.68325846116581,"sintetico_postestratificado",FALSE,0.443277523772146,"sintetico_postestratificado",FALSE,FALSE,FALSE,"14","003","Ahualulco de Mercado"
609,-24.7849531422352,-40.6318601775826,-9.61567945246727,0.6810739118823,"sintetico_postestratificado",FALSE,0.433224380459948,"sintetico_postestratificado",FALSE,FALSE,FALSE,"14","005","Amatitán"
610,-24.6885544900727,-39.1248188955735,-9.33703874664317,0.652445942250157,"sintetico_postestratificado",FALSE,0.405560397349429,"sintetico_postestratificado",FALSE,FALSE,FALSE,"14","109","Unión de San Antonio"
611,-26.2825309032061,-41.4417211352297,-11.0993362978069,0.652717586912339,"sintetico_postestratificado",FALSE,0.389892277880278,"sintetico_postestratificado",FALSE,FALSE,FALSE,"14","108","Tuxpan"
612,-25.0122566604668,-40.0052430075757,-10.7513776221342,0.670753130888943,"sintetico_postestratificado",FALSE,0.420630564284275,"sintetico_postestratificado",FALSE,FALSE,FALSE,"14","088","Tecolotlán"
613,-25.4587023644023,-40.9332751758707,-9.9417283717498,0.652630440165359,"sintetico_postestratificado",FALSE,0.398043416521335,"sintetico_postestratificado",FALSE,FALSE,FALSE,"14","090","Tenamaxtlán"
614,-24.9004064263731,-39.1983332646002,-8.28270143432823,0.686380929544242,"sintetico_postestratificado",FALSE,0.437376865280512,"sintetico_postestratificado",FALSE,FALSE,FALSE,"14","071","San Cristóbal de la Barranca"
615,-24.3328658428184,-38.4773077653195,-8.9882609061096,0.678551486411563,"sintetico_postestratificado",FALSE,0.435222827983379,"sintetico_postestratificado",FALSE,FALSE,FALSE,"14","068","Villa Purificación"
616,-26.1872963668334,-41.176561667332,-10.3320689415186,0.656852838863732,"muestra_directa",TRUE,0.394979875195398,"muestra_directa",TRUE,TRUE,TRUE,"14","067","Puerto Vallarta"
617,-26.0563151593274,-41.6626362831274,-10.4060694055606,0.662863222322144,"sintetico_postestratificado",FALSE,0.40230007072887,"sintetico_postestratificado",FALSE,FALSE,FALSE,"14","114","Villa Corona"
618,-26.163080774131,-41.2534988653398,-10.4852600072967,0.667839378995953,"sintetico_postestratificado",FALSE,0.406208571254643,"sintetico_postestratificado",FALSE,FALSE,FALSE,"14","107","Tuxcueca"
619,-26.6876416776175,-42.6637205314247,-10.769794125905,0.66624373958697,"sintetico_postestratificado",FALSE,0.399367322810795,"sintetico_postestratificado",FALSE,FALSE,FALSE,"14","106","Tuxcacuesco"
620,-25.2373024350926,-38.8984838132092,-10.2110438642005,0.656042565693787,"sintetico_postestratificado",FALSE,0.403669541342861,"sintetico_postestratificado",FALSE,FALSE,FALSE,"14","025","Colotlán"
621,-25.8287710956019,-42.1069089921197,-10.3061146674531,0.655369777494244,"sintetico_postestratificado",FALSE,0.397082066538225,"sintetico_postestratificado",FALSE,FALSE,FALSE,"14","027","Cuautitlán de García Barragán"
622,-25.7603438403064,-42.1397845664814,-10.1603159945513,0.631577203441485,"sintetico_postestratificado",FALSE,0.373973765038421,"sintetico_postestratificado",FALSE,FALSE,FALSE,"14","028","Cuautla"
623,-24.6916083200485,-40.9254663800926,-9.29244958777999,0.692350923385152,"sintetico_postestratificado",FALSE,0.445434840184667,"sintetico_postestratificado",FALSE,FALSE,FALSE,"14","011","Atengo"
624,-24.9786252417018,-40.6968589964243,-10.3934258806196,0.698774361836496,"sintetico_postestratificado",FALSE,0.448988109419479,"sintetico_postestratificado",FALSE,FALSE,FALSE,"14","064","Ojuelos de Jalisco"
625,-25.0710479570293,-40.2019946798399,-9.44963234285051,0.67818668888368,"sintetico_postestratificado",FALSE,0.427476209313387,"sintetico_postestratificado",FALSE,FALSE,FALSE,"14","032","Chiquilistlán"
626,-24.9764013890147,-39.2195670469342,-9.25271338247865,0.689390820600423,"sintetico_postestratificado",FALSE,0.439626806710276,"sintetico_postestratificado",FALSE,FALSE,FALSE,"14","030","Chapala"
627,-25.2165754241773,-40.5571053441964,-10.2885325035941,0.654208782533727,"sintetico_postestratificado",FALSE,0.402043028291955,"sintetico_postestratificado",FALSE,FALSE,FALSE,"14","029","Cuquío"
628,-24.5709155887948,-37.4313452511176,-10.2580269619705,0.675713758769475,"sintetico_postestratificado",FALSE,0.430004602881527,"sintetico_postestratificado",FALSE,FALSE,FALSE,"14","094","Tequila"
629,-24.6719464646496,-40.4204399396675,-8.84530526987889,0.67725568408521,"sintetico_postestratificado",FALSE,0.430536219438714,"sintetico_postestratificado",FALSE,FALSE,FALSE,"14","095","Teuchitlán"
630,-25.6661538657746,-40.4066738820354,-10.21795416823,0.667162875061344,"sintetico_postestratificado",FALSE,0.410501336403598,"sintetico_postestratificado",FALSE,FALSE,FALSE,"14","096","Tizapán el Alto"
631,-24.696960448977,-39.1845549772665,-9.24372290257989,0.668145026478734,"sintetico_postestratificado",FALSE,0.421175421988965,"sintetico_postestratificado",FALSE,FALSE,FALSE,"14","061","Mezquitic"
632,-25.0717050463693,-38.7713452458289,-9.82907089791388,0.677647432898307,"sintetico_postestratificado",FALSE,0.426930382434613,"sintetico_postestratificado",FALSE,FALSE,FALSE,"14","060","Mexticacán"
633,-24.650356092153,-38.6146453816674,-8.22797493452367,0.665202863516883,"sintetico_postestratificado",FALSE,0.418699302595353,"sintetico_postestratificado",FALSE,FALSE,FALSE,"14","059","Mazamitla"
634,-22.5597944928783,-37.9015161594302,-5.86937093182318,0.696055588514211,"muestra_directa",TRUE,0.470457643585428,"muestra_directa",TRUE,TRUE,TRUE,"14","058","Mascota"
635,-25.1672277624836,-40.5359841825512,-9.77358809886753,0.656061506245749,"sintetico_postestratificado",FALSE,0.404389228620913,"sintetico_postestratificado",FALSE,FALSE,FALSE,"14","057","La Manzanilla de la Paz"
636,-25.7546931544524,-41.1643515783783,-11.614866392179,0.685925203065073,"sintetico_postestratificado",FALSE,0.428378271520549,"sintetico_postestratificado",FALSE,FALSE,FALSE,"14","056","Santa María del Oro"
637,-24.4278458727697,-42.4523626506701,-7.82846367913745,0.707157458187566,"sintetico_postestratificado",FALSE,0.462878999459869,"sintetico_postestratificado",FALSE,FALSE,FALSE,"14","054","El Limón"
638,-26.6240393074571,-41.5352879812911,-11.670007115317,0.665080960965716,"sintetico_postestratificado",FALSE,0.398840567891145,"sintetico_postestratificado",FALSE,FALSE,FALSE,"14","085","Tamazula de Gordiano"
639,-25.0071170867564,-39.950725533047,-10.5451318079962,0.697061285403616,"sintetico_postestratificado",FALSE,0.446990114536052,"sintetico_postestratificado",FALSE,FALSE,FALSE,"14","084","Talpa de Allende"
640,-26.1249310093135,-39.2340702334709,-13.5904411822704,0.697535737520774,"muestra_directa",TRUE,0.436286427427639,"muestra_directa",TRUE,TRUE,TRUE,"14","053","Lagos de Moreno"
641,-25.7834815438861,-42.817753459343,-8.82588962945619,0.690985418663866,"sintetico_postestratificado",FALSE,0.433150603225004,"sintetico_postestratificado",FALSE,FALSE,FALSE,"14","052","Juchitlán"
642,-26.6748016251909,-40.7836883919176,-11.5049039345662,0.675780161368408,"sintetico_postestratificado",FALSE,0.409032145116499,"sintetico_postestratificado",FALSE,FALSE,FALSE,"14","050","Jocotepec"
643,-24.8768467494795,-39.4309837544369,-10.6998451545452,0.694947249252094,"sintetico_postestratificado",FALSE,0.446178781757298,"sintetico_postestratificado",FALSE,FALSE,FALSE,"14","031","Chimaltitán"
644,-26.0066411792553,-40.864429544843,-10.1457166351678,0.686496340692338,"sintetico_postestratificado",FALSE,0.426429928899784,"sintetico_postestratificado",FALSE,FALSE,FALSE,"14","049","Jilotlán de los Dolores"
645,-24.3289531797525,-39.0675205308257,-9.71741212340035,0.703310198453234,"sintetico_postestratificado",FALSE,0.46002066665571,"sintetico_postestratificado",FALSE,FALSE,FALSE,"14","048","Jesús María"
646,-24.7322691748357,-40.8924940204298,-9.40206095655002,0.706032330867508,"sintetico_postestratificado",FALSE,0.45870963911915,"sintetico_postestratificado",FALSE,FALSE,FALSE,"14","047","Jamay"
647,-25.5693440558142,-40.0857634489829,-10.8278465484641,0.67964576928018,"muestra_directa",TRUE,0.423952328722038,"muestra_directa",TRUE,TRUE,TRUE,"14","046","Jalostotitlán"
648,-27.0761325365209,-42.1367621315242,-13.0736500158315,0.655220749823156,"sintetico_postestratificado",FALSE,0.384459424457947,"sintetico_postestratificado",FALSE,FALSE,FALSE,"14","045","Ixtlahuacán del Río"
649,-25.8972182927779,-42.1950705166703,-9.41874996871051,0.657662051152448,"sintetico_postestratificado",FALSE,0.39868986822467,"sintetico_postestratificado",FALSE,FALSE,FALSE,"14","042","Huejuquilla el Alto"
650,-25.6348555897852,-40.9755962809407,-10.5658415010671,0.651190762134382,"sintetico_postestratificado",FALSE,0.39484220623653,"sintetico_postestratificado",FALSE,FALSE,FALSE,"14","041","Huejúcar"
651,-25.5037957497028,-41.4120919713209,-8.71592846724065,0.674621955551536,"sintetico_postestratificado",FALSE,0.419583998054508,"sintetico_postestratificado",FALSE,FALSE,FALSE,"14","040","Hostotipaquillo"
652,-25.3495212271792,-40.5773426357024,-9.01287481024926,0.681828438239552,"sintetico_postestratificado",FALSE,0.42833322596776,"sintetico_postestratificado",FALSE,FALSE,FALSE,"14","038","Guachinango"
653,-25.6283734161771,-41.4392991422868,-9.11843317331141,0.682654228727703,"sintetico_postestratificado",FALSE,0.426370494565932,"sintetico_postestratificado",FALSE,FALSE,FALSE,"14","037","El Grullo"
654,-24.4534359908873,-40.1162980943942,-8.29852375188058,0.688539392857015,"sintetico_postestratificado",FALSE,0.444005032948142,"sintetico_postestratificado",FALSE,FALSE,FALSE,"14","036","Etzatlán"
655,-24.852622721744,-40.7378062253965,-8.75772824806461,0.658029955898441,"sintetico_postestratificado",FALSE,0.409503728681001,"sintetico_postestratificado",FALSE,FALSE,FALSE,"14","035","Encarnación de Díaz"
656,-25.4576675309965,-41.8298076670474,-11.2614678853947,0.6579470975392,"sintetico_postestratificado",FALSE,0.403370422229236,"sintetico_postestratificado",FALSE,FALSE,FALSE,"14","034","Ejutla"
657,-25.7523123378958,-40.9146592175787,-10.8989411888723,0.662444893836349,"sintetico_postestratificado",FALSE,0.404921770457391,"sintetico_postestratificado",FALSE,FALSE,FALSE,"14","033","Degollado"
658,-26.6085572063662,-40.8178617338237,-11.018516005264,0.687189405314553,"sintetico_postestratificado",FALSE,0.421103833250891,"sintetico_postestratificado",FALSE,FALSE,FALSE,"14","010","Atemajac de Brizuela"
659,-25.9910804844896,-40.1694305400419,-11.120272668175,0.640778649376798,"sintetico_postestratificado",FALSE,0.380867844531902,"sintetico_postestratificado",FALSE,FALSE,FALSE,"14","013","Atotonilco el Alto"
660,-25.633231295704,-41.6726651493656,-9.00652750246587,0.649699818403811,"sintetico_postestratificado",FALSE,0.393367505446771,"sintetico_postestratificado",FALSE,FALSE,FALSE,"14","089","Techaluta de Montenegro"
661,-25.2574122109062,-40.456288594413,-9.11136173676488,0.668076874724572,"sintetico_postestratificado",FALSE,0.41550275261551,"sintetico_postestratificado",FALSE,FALSE,FALSE,"14","026","Concepción de Buenos Aires"
662,-25.1653877822031,-40.2946730969349,-11.0035978036708,0.64895690000185,"muestra_directa",TRUE,0.397303022179818,"muestra_directa",TRUE,TRUE,TRUE,"14","083","Tala"
663,-25.8583052856084,-40.1048492260117,-9.9590634958211,0.68606894797656,"sintetico_postestratificado",FALSE,0.427485895120476,"sintetico_postestratificado",FALSE,FALSE,FALSE,"14","082","Sayula"
664,-25.4651475455652,-40.3750095660625,-8.35910919462945,0.702600536971552,"sintetico_postestratificado",FALSE,0.4479490615159,"sintetico_postestratificado",FALSE,FALSE,FALSE,"14","081","Santa María de los Ángeles"
665,-24.329050437321,-39.5948198488921,-8.37120404791213,0.714085544736011,"sintetico_postestratificado",FALSE,0.470795040362802,"sintetico_postestratificado",FALSE,FALSE,FALSE,"14","009","El Arenal"
666,-25.0622254469147,-39.0484391244061,-11.1663559907138,0.701573698506518,"muestra_directa",TRUE,0.45095144403737,"muestra_directa",TRUE,TRUE,TRUE,"14","008","Arandas"
667,-25.4310984160109,-40.0920201967512,-10.2473437373503,0.679664085292875,"sintetico_postestratificado",FALSE,0.425353101132766,"sintetico_postestratificado",FALSE,FALSE,FALSE,"14","007","San Juanito de Escobedo"
668,-25.2395806195068,-38.6956398422674,-12.1462318564905,0.693166987171125,"sintetico_postestratificado",FALSE,0.440771180976057,"sintetico_postestratificado",FALSE,FALSE,FALSE,"14","006","Ameca"
669,-25.3486651036286,-41.7821000693661,-9.81143867289637,0.702932445171065,"sintetico_postestratificado",FALSE,0.449445794134779,"sintetico_postestratificado",FALSE,FALSE,FALSE,"14","004","Amacueca"
670,-25.6665790956681,-40.7164707455805,-10.7876333857859,0.687362651212259,"sintetico_postestratificado",FALSE,0.430696860255578,"sintetico_postestratificado",FALSE,FALSE,FALSE,"14","001","Acatic"
671,-27.2715180323439,-41.0309088328187,-13.3720645598498,0.650204992179004,"muestra_directa",TRUE,0.377489811855565,"muestra_directa",TRUE,TRUE,TRUE,"15","021","Coatepec Harinas"
672,-26.022922729444,-41.3245528236383,-10.3704506282403,0.684678887030161,"sintetico_postestratificado",FALSE,0.424449659735721,"sintetico_postestratificado",FALSE,FALSE,FALSE,"15","011","Atenco"
673,-25.6987077088359,-40.9651188032733,-8.914952859542,0.675036148215718,"sintetico_postestratificado",FALSE,0.418049071127359,"sintetico_postestratificado",FALSE,FALSE,FALSE,"15","004","Almoloya de Alquisiras"
674,-25.7213336944887,-39.4210901755378,-11.4573916624999,0.666310560540783,"sintetico_postestratificado",FALSE,0.409097223595896,"sintetico_postestratificado",FALSE,FALSE,FALSE,"15","002","Acolman"
675,-23.5290460125074,-40.3642067965422,-7.09096532097944,0.645035974162561,"sintetico_postestratificado",FALSE,0.409745514037488,"sintetico_postestratificado",FALSE,FALSE,FALSE,"15","034","Ecatzingo"
676,-25.1066067521109,-40.7762461780318,-7.40535491628145,0.654573115718907,"sintetico_postestratificado",FALSE,0.403507048197798,"sintetico_postestratificado",FALSE,FALSE,FALSE,"15","030","Chiconcuac"
677,-26.3479059810214,-40.7437145819876,-12.6538445296504,0.646755079464319,"muestra_directa",TRUE,0.383276019654105,"muestra_directa",TRUE,TRUE,TRUE,"15","068","Ozumba"
678,-26.7565523059962,-40.7693269574887,-12.8683211359573,0.639537065296415,"muestra_directa",TRUE,0.371971542236452,"muestra_directa",TRUE,TRUE,TRUE,"15","082","Tejupilco"
679,-25.1400968199084,-38.5847925956188,-10.0652977480151,0.651244290769825,"sintetico_postestratificado",FALSE,0.399843322570741,"sintetico_postestratificado",FALSE,FALSE,FALSE,"15","028","Chiautla"
680,-24.8758517558344,-40.0829315148523,-8.58052467541242,0.66044383216919,"sintetico_postestratificado",FALSE,0.411685314610847,"sintetico_postestratificado",FALSE,FALSE,FALSE,"15","019","Capulhuac"
681,-25.8251736622567,-39.8533644385584,-10.8022040988009,0.634373184063661,"muestra_directa",TRUE,0.376121447441094,"muestra_directa",TRUE,TRUE,TRUE,"15","118","Zinacantepec"
682,-22.92412513219,-36.7648371649008,-7.80054860340055,0.654607946309269,"muestra_directa",TRUE,0.425366694987369,"muestra_directa",TRUE,TRUE,TRUE,"15","094","Tepetlixpa"
683,-25.6515812746176,-39.0813783852075,-10.7300606141129,0.667551518409577,"muestra_directa",TRUE,0.4110357056634,"muestra_directa",TRUE,TRUE,TRUE,"15","074","San Felipe del Progreso"
684,-25.759390194605,-39.8349952703139,-9.19430737153168,0.6679945859997,"sintetico_postestratificado",FALSE,0.41040068405365,"sintetico_postestratificado",FALSE,FALSE,FALSE,"15","036","Hueypoxtla"
685,-26.23015620277,-42.5160340373625,-9.71863540868344,0.622339156573686,"sintetico_postestratificado",FALSE,0.360037594545986,"sintetico_postestratificado",FALSE,FALSE,FALSE,"15","041","Ixtapan del Oro"
686,-26.7528311234572,-40.3091057266133,-11.2569382616763,0.642603460360758,"sintetico_postestratificado",FALSE,0.375075149126186,"sintetico_postestratificado",FALSE,FALSE,FALSE,"15","085","Temascalcingo"
687,-26.4300532769552,-40.5705358890289,-10.6206392028172,0.660452556664529,"sintetico_postestratificado",FALSE,0.396152023894977,"sintetico_postestratificado",FALSE,FALSE,FALSE,"15","096","Tequixquiac"
688,-26.8033093484512,-40.0809424810807,-12.6483605116752,0.649632274937217,"muestra_directa",TRUE,0.381599181452705,"muestra_directa",TRUE,TRUE,TRUE,"15","104","Tlalnepantla de Baz"
689,-26.242561234611,-41.3496873357338,-9.94970418132719,0.663616826853927,"sintetico_postestratificado",FALSE,0.401191214507817,"sintetico_postestratificado",FALSE,FALSE,FALSE,"15","076","San Mateo Atenco"
690,-25.352273815874,-41.2116562668973,-9.31604251977153,0.69818259867987,"sintetico_postestratificado",FALSE,0.44465986052113,"sintetico_postestratificado",FALSE,FALSE,FALSE,"15","010","Apaxco"
691,-25.7440985429611,-41.0845691865049,-11.0200870767871,0.67039871365136,"sintetico_postestratificado",FALSE,0.412957728221749,"sintetico_postestratificado",FALSE,FALSE,FALSE,"15","023","Coyotepec"
692,-25.8217227797568,-38.6495464885785,-12.1949514773981,0.673134134191983,"muestra_directa",TRUE,0.414916906394414,"muestra_directa",TRUE,TRUE,TRUE,"15","025","Chalco"
693,-24.2889580817855,-37.8493586994914,-10.0054617498716,0.694914623957771,"sintetico_postestratificado",FALSE,0.452025043139915,"sintetico_postestratificado",FALSE,FALSE,FALSE,"15","103","Tlalmanalco"
694,-24.9769547798091,-40.1929426314865,-9.23833674555681,0.68430813258496,"muestra_directa",TRUE,0.434538584786869,"muestra_directa",TRUE,TRUE,TRUE,"15","100","Tezoyuca"
695,-25.6271724912458,-41.6198291150377,-10.4050284390826,0.664531760932139,"muestra_directa",TRUE,0.408260036019682,"muestra_directa",TRUE,TRUE,TRUE,"15","040","Ixtapan de la Sal"
696,-24.7961282833149,-40.2316713315847,-7.66788553608152,0.645209768978111,"sintetico_postestratificado",FALSE,0.397248486144962,"sintetico_postestratificado",FALSE,FALSE,FALSE,"15","107","Tonatico"
697,-24.31248085866,-38.3913235210844,-9.37661540394594,0.656554162447256,"sintetico_postestratificado",FALSE,0.413429353860655,"sintetico_postestratificado",FALSE,FALSE,FALSE,"15","052","Malinalco"
698,-25.6255086485952,-38.1385728112368,-13.705546288846,0.679220455411314,"muestra_directa",FALSE,0.422965368925361,"muestra_directa",FALSE,TRUE,FALSE,"15","109","Tultitlán"
699,-25.8883378251407,-41.5413242944575,-9.47418876897599,0.66687340324608,"muestra_directa",TRUE,0.407990024994673,"muestra_directa",TRUE,TRUE,TRUE,"15","012","Atizapán"
700,-26.688997370158,-40.6280980276908,-12.0026702380543,0.649872551413129,"sintetico_postestratificado",FALSE,0.382982577711549,"sintetico_postestratificado",FALSE,FALSE,FALSE,"15","014","Atlacomulco"
701,-27.9896143360908,-42.5845985861215,-12.2388698413679,0.62584558771988,"sintetico_postestratificado",FALSE,0.345949444358972,"sintetico_postestratificado",FALSE,FALSE,FALSE,"15","003","Aculco"
702,-24.8897057394739,-39.2943151102678,-10.6236749679557,0.648321242425892,"sintetico_postestratificado",FALSE,0.399424185031153,"sintetico_postestratificado",FALSE,FALSE,FALSE,"15","015","Atlautla"
703,-26.4467679925691,-39.8366259470052,-12.2931026964928,0.677791489934562,"sintetico_postestratificado",FALSE,0.413323810008871,"sintetico_postestratificado",FALSE,FALSE,FALSE,"15","016","Axapusco"
704,-27.5206515210193,-41.1880374214215,-13.711146239911,0.648777712731359,"sintetico_postestratificado",FALSE,0.373571197521166,"sintetico_postestratificado",FALSE,FALSE,FALSE,"15","005","Almoloya de Juárez"
705,-27.0690110264369,-40.8775944820342,-13.0723077448256,0.623923586529065,"muestra_directa",TRUE,0.353233476264696,"muestra_directa",TRUE,TRUE,TRUE,"15","024","Cuautitlán"
706,-26.4627707833846,-39.6671995301848,-11.4384618217955,0.653769207746734,"sintetico_postestratificado",FALSE,0.389141499912888,"sintetico_postestratificado",FALSE,FALSE,FALSE,"15","008","Amatepec"
707,-26.9993191739606,-40.8885920590262,-12.4066381285754,0.6700255927319,"muestra_directa",TRUE,0.400032400992293,"muestra_directa",TRUE,TRUE,TRUE,"15","007","Amanalco"
708,-26.1751499992645,-39.385144501112,-12.9082343184457,0.632424994633917,"muestra_directa",TRUE,0.370673494641273,"muestra_directa",TRUE,TRUE,TRUE,"15","120","Zumpango"
709,-27.4131130800866,-41.458008751084,-11.8117512924757,0.65421584033681,"muestra_directa",TRUE,0.380084709535944,"muestra_directa",TRUE,TRUE,TRUE,"15","042","Ixtlahuaca"
710,-25.7708411781065,-39.380133022809,-11.1075961291108,0.654946323186981,"muestra_directa",TRUE,0.397237911405916,"muestra_directa",TRUE,TRUE,TRUE,"15","084","Temascalapa"
711,-28.3112563243296,-42.4581343983051,-11.2051989570048,0.604523356404064,"sintetico_postestratificado",FALSE,0.321410793160768,"sintetico_postestratificado",FALSE,FALSE,FALSE,"15","047","Jiquipilco"
712,-26.6720798257787,-42.1396227714749,-10.1599370189512,0.635805633264487,"sintetico_postestratificado",FALSE,0.3690848350067,"sintetico_postestratificado",FALSE,FALSE,FALSE,"15","022","Cocotitlán"
713,-24.5551827922991,-39.2461212779819,-8.92190830726556,0.646039769149945,"sintetico_postestratificado",FALSE,0.400487941226954,"sintetico_postestratificado",FALSE,FALSE,FALSE,"15","020","Coacalco de Berriozábal"
714,-25.8493752023614,-39.4472182884636,-11.0313348358418,0.653275198422822,"sintetico_postestratificado",FALSE,0.394781446399208,"sintetico_postestratificado",FALSE,FALSE,FALSE,"15","062","Ocoyoacac"
715,-24.7934131073682,-38.387687831213,-8.84520354790692,0.687674732024959,"sintetico_postestratificado",FALSE,0.439740600951277,"sintetico_postestratificado",FALSE,FALSE,FALSE,"15","050","Juchitepec"
716,-26.8070839874175,-42.896548293139,-9.50873713340691,0.646186730841879,"sintetico_postestratificado",FALSE,0.378115890967705,"sintetico_postestratificado",FALSE,FALSE,FALSE,"15","061","Nopaltepec"
717,-25.7397291828406,-40.04291045385,-10.817447950573,0.673402687919773,"sintetico_postestratificado",FALSE,0.416005396091367,"sintetico_postestratificado",FALSE,FALSE,FALSE,"15","101","Tianguistenco"
718,-26.7952047355219,-40.572883360037,-12.1978950800695,0.635145947754857,"muestra_directa",TRUE,0.367193900399638,"muestra_directa",TRUE,TRUE,TRUE,"15","057","Naucalpan de Juárez"
719,-24.2668527470777,-38.4723077628221,-9.68364104699243,0.661830529873699,"muestra_directa",TRUE,0.419162002402922,"muestra_directa",TRUE,TRUE,TRUE,"15","105","Tlatlaya"
720,-23.1372231810085,-35.7865441699583,-7.86037677949589,0.644020294326674,"muestra_directa",FALSE,0.412648062516588,"muestra_directa",FALSE,TRUE,FALSE,"15","106","Toluca"
721,-25.5815157162636,-40.9472410235375,-10.2820579269689,0.666127973178964,"sintetico_postestratificado",FALSE,0.410312816016327,"sintetico_postestratificado",FALSE,FALSE,FALSE,"15","116","Zacazonapan"
722,-25.3222509731966,-40.2981273459444,-10.6761391776854,0.69159831166509,"sintetico_postestratificado",FALSE,0.438375801933125,"sintetico_postestratificado",FALSE,FALSE,FALSE,"15","097","Texcaltitlán"
723,-26.5842061550359,-41.2638821464928,-9.65761434731398,0.664312368473095,"sintetico_postestratificado",FALSE,0.398470306922735,"sintetico_postestratificado",FALSE,FALSE,FALSE,"15","079","Soyaniquilpan de Juárez"
724,-26.117592092129,-39.9284028710375,-10.7701277110013,0.659353284534663,"sintetico_postestratificado",FALSE,0.398177363613374,"sintetico_postestratificado",FALSE,FALSE,FALSE,"15","119","Zumpahuacán"
725,-26.1460638909744,-39.0847753278008,-13.3398342473478,0.675256952696984,"muestra_directa",TRUE,0.41379631378724,"muestra_directa",TRUE,TRUE,TRUE,"15","081","Tecámac"
726,-27.1822782826228,-41.1440717976611,-12.456905098136,0.657929392138961,"sintetico_postestratificado",FALSE,0.386106609312733,"sintetico_postestratificado",FALSE,FALSE,FALSE,"15","035","Huehuetoca"
727,-27.613775005405,-42.9047768815859,-13.2909412079167,0.649310022381478,"sintetico_postestratificado",FALSE,0.373172272327428,"sintetico_postestratificado",FALSE,FALSE,FALSE,"15","064","El Oro"
728,-25.2419268897095,-39.173739364938,-11.6675367206269,0.667367138210076,"sintetico_postestratificado",FALSE,0.414947869312981,"sintetico_postestratificado",FALSE,FALSE,FALSE,"15","083","Temamatla"
729,-27.0860864422319,-42.4151576681776,-11.9682682176978,0.668111287350005,"sintetico_postestratificado",FALSE,0.397250422927686,"sintetico_postestratificado",FALSE,FALSE,FALSE,"15","102","Timilpan"
730,-26.4779030883372,-40.2568861496883,-12.7243148861198,0.639331729470006,"sintetico_postestratificado",FALSE,0.374552698586634,"sintetico_postestratificado",FALSE,FALSE,FALSE,"15","087","Temoaya"
731,-26.4495497831589,-40.489454660521,-10.1278894449612,0.648996530341081,"sintetico_postestratificado",FALSE,0.384501032509492,"sintetico_postestratificado",FALSE,FALSE,FALSE,"15","066","Otzoloapan"
732,-26.4196595919817,-40.943483927617,-11.1589885007083,0.617905734456162,"sintetico_postestratificado",FALSE,0.353709138536346,"sintetico_postestratificado",FALSE,FALSE,FALSE,"15","108","Tultepec"
733,-25.9359687319316,-40.1128416071146,-8.75999628702668,0.642081006399439,"sintetico_postestratificado",FALSE,0.382721319080123,"sintetico_postestratificado",FALSE,FALSE,FALSE,"15","089","Tenango del Aire"
734,-27.59834514845,-41.0123130730415,-13.1511215386441,0.631710329526722,"muestra_directa",TRUE,0.355726878042221,"muestra_directa",TRUE,TRUE,TRUE,"15","051","Lerma"
735,-27.4651680417364,-42.1965440339738,-11.5825796432563,0.636844399035496,"sintetico_postestratificado",FALSE,0.362192718618132,"sintetico_postestratificado",FALSE,FALSE,FALSE,"15","046","Jilotzingo"
736,-24.6907651417045,-38.2471263605865,-10.1452365649464,0.626742371112434,"muestra_directa",FALSE,0.379834719695389,"muestra_directa",FALSE,TRUE,FALSE,"15","037","Huixquilucan"
737,-26.8763583306118,-41.6105751016642,-11.3991767916286,0.649843232841839,"sintetico_postestratificado",FALSE,0.381079649535721,"sintetico_postestratificado",FALSE,FALSE,FALSE,"15","038","Isidro Fabela"
738,-26.5942704671894,-39.3437419731293,-13.6685994414438,0.660652515626836,"muestra_directa",FALSE,0.394709810954942,"muestra_directa",FALSE,TRUE,FALSE,"15","039","Ixtapaluca"
739,-23.7307753999195,-38.5845027164107,-8.11695965832216,0.677251567545167,"sintetico_postestratificado",FALSE,0.439943813545972,"sintetico_postestratificado",FALSE,FALSE,FALSE,"15","017","Ayapango"
740,-26.0705009982893,-40.9555892104719,-9.75863120209769,0.675511252394556,"sintetico_postestratificado",FALSE,0.414806242411663,"sintetico_postestratificado",FALSE,FALSE,FALSE,"15","069","Papalotla"
741,-24.9565440825529,-38.8839343132489,-8.75349928915741,0.67930376238444,"sintetico_postestratificado",FALSE,0.429738321558911,"sintetico_postestratificado",FALSE,FALSE,FALSE,"15","065","Otumba"
742,-27.0468940285272,-41.9229681885454,-10.294934282749,0.637505401231861,"sintetico_postestratificado",FALSE,0.367036460946589,"sintetico_postestratificado",FALSE,FALSE,FALSE,"15","048","Jocotitlán"
743,-27.8315451949273,-41.9807052732162,-14.2109406412135,0.673665229548155,"muestra_directa",FALSE,0.395349777598882,"muestra_directa",FALSE,TRUE,FALSE,"15","121","Cuautitlán Izcalli"
744,-25.3385168381765,-39.6327521663924,-9.6368673890281,0.633463072627272,"sintetico_postestratificado",FALSE,0.380077904245507,"sintetico_postestratificado",FALSE,FALSE,FALSE,"15","080","Sultepec"
745,-27.2762914546351,-42.4460632587802,-11.5057650355623,0.60925819083809,"sintetico_postestratificado",FALSE,0.336495276291739,"sintetico_postestratificado",FALSE,FALSE,FALSE,"15","071","Polotitlán"
746,-25.0788895207185,-38.5438892253797,-10.4189036437444,0.627077642218234,"sintetico_postestratificado",FALSE,0.376288747011049,"sintetico_postestratificado",FALSE,FALSE,FALSE,"15","075","San Martín de las Pirámides"
747,-26.8861772211421,-41.0769438645133,-9.84891843072139,0.668073255043576,"sintetico_postestratificado",FALSE,0.399211482832154,"sintetico_postestratificado",FALSE,FALSE,FALSE,"15","072","Rayón"
748,-25.7070119233666,-39.8897400603612,-11.7179809037719,0.686156925922929,"sintetico_postestratificado",FALSE,0.429086806689263,"sintetico_postestratificado",FALSE,FALSE,FALSE,"15","056","Morelos"
749,-26.7250298653236,-41.0381226380834,-13.0649548765788,0.653059257154808,"muestra_directa",TRUE,0.385808958501572,"muestra_directa",TRUE,TRUE,TRUE,"15","067","Otzolotepec"
750,-24.2780757025442,-37.1463480106846,-10.6135984631014,0.674675641545438,"muestra_directa",TRUE,0.431894884519996,"muestra_directa",TRUE,TRUE,TRUE,"15","088","Tenancingo"
751,-26.1840502515449,-39.7269961830844,-11.8059406442999,0.652390502083426,"muestra_directa",TRUE,0.390549999567977,"muestra_directa",TRUE,TRUE,TRUE,"15","070","La Paz"
752,-25.9217745980954,-40.486613251926,-9.33132206357494,0.645266288363888,"sintetico_postestratificado",FALSE,0.386048542382934,"sintetico_postestratificado",FALSE,FALSE,FALSE,"15","078","Santo Tomás"
753,-26.3859390535605,-40.9840021032063,-9.77065353190421,0.64370704331413,"sintetico_postestratificado",FALSE,0.379847652778525,"sintetico_postestratificado",FALSE,FALSE,FALSE,"15","111","Villa de Allende"
754,-27.3593174955486,-41.5648365331986,-11.9542885744494,0.640593122244735,"sintetico_postestratificado",FALSE,0.36699994728925,"sintetico_postestratificado",FALSE,FALSE,FALSE,"15","112","Villa del Carbón"
755,-27.8491256292736,-42.9673428624476,-11.5883087179716,0.651515141531711,"sintetico_postestratificado",FALSE,0.373023885238975,"sintetico_postestratificado",FALSE,FALSE,FALSE,"15","091","Teoloyucan"
756,-26.2526065761917,-40.6624730779493,-10.4476124081483,0.66786002703049,"sintetico_postestratificado",FALSE,0.405333961268573,"sintetico_postestratificado",FALSE,FALSE,FALSE,"15","113","Villa Guerrero"
757,-27.0321407838169,-43.0552479020537,-11.0586754821237,0.648914136293449,"sintetico_postestratificado",FALSE,0.37859272845528,"sintetico_postestratificado",FALSE,FALSE,FALSE,"15","006","Almoloya del Río"
758,-26.1415102711056,-40.5578928641306,-11.6738498141984,0.664181413261246,"sintetico_postestratificado",FALSE,0.40276631055019,"sintetico_postestratificado",FALSE,FALSE,FALSE,"15","123","Luvianos"
759,-26.2340721199679,-39.2863420147475,-12.713512017504,0.649380872035224,"muestra_directa",TRUE,0.387040150835544,"muestra_directa",TRUE,TRUE,TRUE,"15","099","Texcoco"
760,-28.3220620109421,-42.1535869479123,-15.1317174814923,0.613837072047061,"muestra_directa",TRUE,0.330616451937639,"muestra_directa",TRUE,TRUE,TRUE,"15","060","Nicolás Romero"
761,-26.0098999276172,-40.1454608616826,-11.2258190511009,0.697639481718481,"muestra_directa",TRUE,0.437540482442309,"muestra_directa",TRUE,TRUE,TRUE,"15","122","Valle de Chalco Solidaridad"
762,-26.4650938718773,-40.6536153852817,-11.8264095405727,0.656757348874523,"sintetico_postestratificado",FALSE,0.392106410155751,"sintetico_postestratificado",FALSE,FALSE,FALSE,"15","044","Jaltenco"
763,-26.2604854749861,-41.2529524952399,-10.4638702379217,0.647954418256753,"sintetico_postestratificado",FALSE,0.385349563506892,"sintetico_postestratificado",FALSE,FALSE,FALSE,"15","110","Valle de Bravo"
764,-27.0719585346695,-41.9698278037343,-11.5619365749795,0.652033831402579,"sintetico_postestratificado",FALSE,0.381314246055883,"sintetico_postestratificado",FALSE,FALSE,FALSE,"15","045","Jilotepec"
765,-26.3770451530549,-40.5370673889402,-10.5018030168503,0.645515583060445,"sintetico_postestratificado",FALSE,0.381745131529896,"sintetico_postestratificado",FALSE,FALSE,FALSE,"15","098","Texcalyacac"
766,-27.6520829854953,-42.6517928192978,-12.8699473366171,0.639622920508445,"muestra_directa",TRUE,0.363102090653493,"muestra_directa",TRUE,TRUE,TRUE,"15","115","Xonacatlán"
767,-26.5995216855911,-41.873152977555,-12.1299415162946,0.649397852884065,"sintetico_postestratificado",FALSE,0.383402636028154,"sintetico_postestratificado",FALSE,FALSE,FALSE,"15","117","Zacualpan"
768,-27.6526821391247,-42.7425890857082,-13.0894303044627,0.664888971222866,"sintetico_postestratificado",FALSE,0.388362149831619,"sintetico_postestratificado",FALSE,FALSE,FALSE,"15","124","San José del Rincón"
769,-25.8505999692439,-41.2765115706049,-10.2491392336777,0.656440566550828,"sintetico_postestratificado",FALSE,0.397934566858389,"sintetico_postestratificado",FALSE,FALSE,FALSE,"15","029","Chicoloapan"
770,-21.604767080675,-34.1756692862244,-7.56343645055449,0.675602167318639,"muestra_directa",FALSE,0.459554496511889,"muestra_directa",FALSE,TRUE,FALSE,"15","058","Nezahualcóyotl"
771,-25.2906295586965,-38.4313432165882,-10.5340184276622,0.666217012178267,"muestra_directa",TRUE,0.413310716591303,"muestra_directa",TRUE,TRUE,TRUE,"15","092","Teotihuacán"
772,-25.3606338077326,-40.4303625831147,-9.67095683337593,0.629605288304039,"sintetico_postestratificado",FALSE,0.375998950226713,"sintetico_postestratificado",FALSE,FALSE,FALSE,"15","077","San Simón de Guerrero"
773,-26.110086872838,-41.6010509561259,-8.92753577517408,0.640229279082334,"sintetico_postestratificado",FALSE,0.379128410353954,"sintetico_postestratificado",FALSE,FALSE,FALSE,"15","055","Mexicaltzingo"
774,-26.9074866305224,-41.9624182940554,-12.5360331699836,0.648508921138423,"muestra_directa",TRUE,0.379434054833199,"muestra_directa",TRUE,TRUE,TRUE,"15","054","Metepec"
775,-25.1780242969669,-40.0468239909714,-8.78098440768803,0.65634764187551,"sintetico_postestratificado",FALSE,0.404567398905842,"sintetico_postestratificado",FALSE,FALSE,FALSE,"15","049","Joquicingo"
776,-26.3721757315027,-41.8966997953544,-9.92548953165619,0.641547014187317,"muestra_directa",TRUE,0.37782525687229,"muestra_directa",TRUE,TRUE,TRUE,"15","026","Chapa de Mota"
777,-24.8251653930909,-39.2506215965012,-9.5141321583138,0.643335255378467,"muestra_directa",TRUE,0.395083601447559,"muestra_directa",TRUE,TRUE,TRUE,"15","001","Acambay de Ruíz Castañeda"
778,-26.2512624140258,-38.2453998224076,-12.6197921255768,0.61557320555749,"muestra_directa",TRUE,0.353060581417232,"muestra_directa",TRUE,TRUE,TRUE,"15","059","Nextlalpan"
779,-26.1154714832631,-40.193322060768,-11.0549617444962,0.609625127414933,"sintetico_postestratificado",FALSE,0.348470412582302,"sintetico_postestratificado",FALSE,FALSE,FALSE,"15","086","Temascaltepec"
780,-26.5340690286457,-42.7330746331637,-9.98345294932803,0.61238416160135,"sintetico_postestratificado",FALSE,0.347043471314893,"sintetico_postestratificado",FALSE,FALSE,FALSE,"15","053","Melchor Ocampo"
781,-25.7731689964483,-39.0814003964792,-11.2564793081259,0.627757609119682,"sintetico_postestratificado",FALSE,0.3700259191552,"sintetico_postestratificado",FALSE,FALSE,FALSE,"15","090","Tenango del Valle"
782,-26.1779973293765,-40.917252417963,-9.47836290719515,0.627037142084963,"sintetico_postestratificado",FALSE,0.365257168791197,"sintetico_postestratificado",FALSE,FALSE,FALSE,"15","032","Donato Guerra"
783,-27.2881954279526,-41.1956756185863,-11.7158704586551,0.629218152068936,"sintetico_postestratificado",FALSE,0.35633619778941,"sintetico_postestratificado",FALSE,FALSE,FALSE,"15","125","Tonanitla"
784,-27.255470821724,-43.3560764127021,-10.996815373627,0.655535510070358,"sintetico_postestratificado",FALSE,0.382980801853118,"sintetico_postestratificado",FALSE,FALSE,FALSE,"15","114","Villa Victoria"
785,-26.1525259456942,-39.6208508682515,-12.6047938613108,0.629917409082102,"sintetico_postestratificado",FALSE,0.36839214962516,"sintetico_postestratificado",FALSE,FALSE,FALSE,"15","093","Tepetlaoxtoc"
786,-26.1260042472853,-40.3860644859061,-10.9547296430991,0.618850766321529,"sintetico_postestratificado",FALSE,0.357590723848676,"sintetico_postestratificado",FALSE,FALSE,FALSE,"15","063","Ocuilan"
787,-25.792072696622,-40.1764368444479,-10.8248516666156,0.63749947766644,"sintetico_postestratificado",FALSE,0.37957875070022,"sintetico_postestratificado",FALSE,FALSE,FALSE,"15","073","San Antonio la Isla"
788,-28.2654851398467,-39.807841892874,-15.0719918014094,0.638985859828981,"muestra_directa",FALSE,0.356331008430514,"muestra_directa",FALSE,TRUE,FALSE,"15","033","Ecatepec de Morelos"
789,-27.2928231475283,-41.5369374060619,-13.7862828342636,0.684539112881919,"muestra_directa",TRUE,0.411610881406637,"muestra_directa",TRUE,TRUE,TRUE,"15","013","Atizapán de Zaragoza"
790,-23.3912147441373,-40.1015140279087,-6.48367007227306,0.705573048883272,"sintetico_postestratificado",FALSE,0.471660901441899,"sintetico_postestratificado",FALSE,FALSE,FALSE,"15","027","Chapultepec"
791,-26.2465681925129,-39.5285133423408,-11.9194089657853,0.656845805292991,"sintetico_postestratificado",FALSE,0.394380123367862,"sintetico_postestratificado",FALSE,FALSE,FALSE,"15","018","Calimaya"
792,-25.0088259261958,-38.3922191826133,-9.71595995624765,0.665875741460834,"muestra_directa",TRUE,0.415787482198876,"muestra_directa",TRUE,TRUE,TRUE,"15","009","Amecameca"
793,-25.6762880574518,-40.3801538981087,-9.92273697123247,0.634591860895345,"muestra_directa",TRUE,0.377828980320827,"muestra_directa",TRUE,TRUE,TRUE,"15","031","Chimalhuacán"
794,-26.0313894159467,-41.0412755081909,-9.48767634853581,0.619967394700391,"sintetico_postestratificado",FALSE,0.359653500540924,"sintetico_postestratificado",FALSE,FALSE,FALSE,"15","043","Xalatlaco"
795,-27.4637402363331,-40.8957644518891,-13.2051694786103,0.673879875428351,"muestra_directa",TRUE,0.399242473065021,"muestra_directa",TRUE,TRUE,TRUE,"15","095","Tepotzotlán"
796,-25.7886166056777,-40.7064873528376,-11.2987761427758,0.655883874691883,"sintetico_postestratificado",FALSE,0.397997708635106,"sintetico_postestratificado",FALSE,FALSE,FALSE,"16","074","Cojumatlán de Régules"
797,-24.929866910875,-40.1147124970326,-8.74659176453246,0.638990069177558,"sintetico_postestratificado",FALSE,0.389691400068809,"sintetico_postestratificado",FALSE,FALSE,FALSE,"16","090","Tingambato"
798,-25.9179568122581,-40.8448650070244,-9.07482215690803,0.619997921790714,"sintetico_postestratificado",FALSE,0.360818353668133,"sintetico_postestratificado",FALSE,FALSE,FALSE,"16","002","Aguililla"
799,-24.5468841370134,-37.7630202395999,-8.02202106464296,0.627634303011155,"sintetico_postestratificado",FALSE,0.382165461641021,"sintetico_postestratificado",FALSE,FALSE,FALSE,"16","003","Álvaro Obregón"
800,-25.5809282236284,-40.0364297272754,-10.305155325399,0.60981100960007,"sintetico_postestratificado",FALSE,0.354001727363786,"sintetico_postestratificado",FALSE,FALSE,FALSE,"16","004","Angamacutiro"
801,-24.9515045049142,-40.3217387431435,-7.2841007958104,0.639922718449457,"sintetico_postestratificado",FALSE,0.390407673400315,"sintetico_postestratificado",FALSE,FALSE,FALSE,"16","005","Angangueo"
802,-25.7311105701504,-39.4188354340722,-9.89358512648457,0.640300796836267,"muestra_directa",TRUE,0.382989691134764,"muestra_directa",TRUE,TRUE,TRUE,"16","006","Apatzingán"
803,-25.5828609365699,-40.1128425772264,-9.319027443893,0.628088049756369,"sintetico_postestratificado",FALSE,0.372259440390671,"sintetico_postestratificado",FALSE,FALSE,FALSE,"16","007","Aporo"
804,-25.4521792908024,-40.9161971081537,-8.90044564744239,0.658955422326963,"sintetico_postestratificado",FALSE,0.404433629418939,"sintetico_postestratificado",FALSE,FALSE,FALSE,"16","008","Aquila"
805,-24.6711347083716,-39.2903673944374,-9.08485213414211,0.637040230936609,"sintetico_postestratificado",FALSE,0.390328883852893,"sintetico_postestratificado",FALSE,FALSE,FALSE,"16","009","Ario"
806,-26.1237077019815,-40.9483147989702,-10.6344729180227,0.65418932983574,"sintetico_postestratificado",FALSE,0.392952252815925,"sintetico_postestratificado",FALSE,FALSE,FALSE,"16","096","Tumbiscatío"
807,-24.8784673964181,-39.2387610183478,-10.4743414008827,0.657836311178368,"sintetico_postestratificado",FALSE,0.409051637214187,"sintetico_postestratificado",FALSE,FALSE,FALSE,"16","097","Turicato"
808,-26.3365232481481,-42.3847548145576,-11.370925599371,0.611431067447101,"sintetico_postestratificado",FALSE,0.34806583496562,"sintetico_postestratificado",FALSE,FALSE,FALSE,"16","106","Yurécuaro"
809,-25.4120501310191,-38.5652939388081,-10.4822366410883,0.638058050285885,"muestra_directa",TRUE,0.383937548975694,"muestra_directa",TRUE,TRUE,TRUE,"16","107","Zacapu"
810,-24.9856050805653,-40.0404427976241,-8.30933600290432,0.662621358869539,"sintetico_postestratificado",FALSE,0.412765308063886,"sintetico_postestratificado",FALSE,FALSE,FALSE,"16","108","Zamora"
811,-25.7747411383884,-40.8267356853411,-10.3364082769528,0.643956616373173,"sintetico_postestratificado",FALSE,0.386209204989289,"sintetico_postestratificado",FALSE,FALSE,FALSE,"16","109","Zináparo"
812,-24.565309885643,-39.4087420043267,-9.16923782887781,0.64279398442857,"sintetico_postestratificado",FALSE,0.39714088557214,"sintetico_postestratificado",FALSE,FALSE,FALSE,"16","110","Zinapécuaro"
813,-25.8546737051873,-40.1618431504371,-9.75496144835756,0.639654585933377,"sintetico_postestratificado",FALSE,0.381107848881504,"sintetico_postestratificado",FALSE,FALSE,FALSE,"16","010","Arteaga"
814,-25.6322956700349,-41.6947703321454,-8.75189182831276,0.64122402155892,"sintetico_postestratificado",FALSE,0.384901064858572,"sintetico_postestratificado",FALSE,FALSE,FALSE,"16","011","Briseñas"
815,-24.4671418134586,-38.8753783426993,-9.91605608173567,0.647319916931806,"sintetico_postestratificado",FALSE,0.40264849879722,"sintetico_postestratificado",FALSE,FALSE,FALSE,"16","098","Tuxpan"
816,-25.8153413311496,-39.7070243213462,-9.95981936890043,0.628197681569941,"sintetico_postestratificado",FALSE,0.370044268258445,"sintetico_postestratificado",FALSE,FALSE,FALSE,"16","031","Epitacio Huerta"
817,-26.3276604137294,-41.0667528762933,-10.5740271538726,0.607155037755163,"sintetico_postestratificado",FALSE,0.343878433617869,"sintetico_postestratificado",FALSE,FALSE,FALSE,"16","032","Erongarícuaro"
818,-24.1666568041209,-37.3600160899388,-9.93724715480629,0.660943258288827,"sintetico_postestratificado",FALSE,0.419276690247618,"sintetico_postestratificado",FALSE,FALSE,FALSE,"16","077","San Lucas"
819,-24.0422480009036,-37.57031506577,-8.71459298015788,0.655879476716468,"muestra_directa",TRUE,0.415456996707432,"muestra_directa",TRUE,TRUE,TRUE,"16","099","Tuzantla"
820,-26.2717954433604,-41.3257266688562,-8.89098788571371,0.60305330884679,"sintetico_postestratificado",FALSE,0.340335354413186,"sintetico_postestratificado",FALSE,FALSE,FALSE,"16","001","Acuitzio"
821,-27.5199007116023,-44.9361492437,-10.0313697725744,0.623174889731896,"muestra_directa",TRUE,0.347975882615873,"muestra_directa",TRUE,TRUE,TRUE,"16","043","Jacona"
822,-25.5098635746942,-40.1965519030378,-10.4270797437037,0.621396734075023,"sintetico_postestratificado",FALSE,0.366298098328081,"sintetico_postestratificado",FALSE,FALSE,FALSE,"16","044","Jiménez"
823,-25.3453386937959,-39.5744727272787,-9.37048047392808,0.649670330037949,"sintetico_postestratificado",FALSE,0.39621694309999,"sintetico_postestratificado",FALSE,FALSE,FALSE,"16","045","Jiquilpan"
824,-24.5969463537379,-38.7631840837902,-10.0589034148419,0.62328384194783,"muestra_directa",TRUE,0.377314378410452,"muestra_directa",TRUE,TRUE,TRUE,"16","012","Buenavista"
825,-24.1760571401099,-39.665672982708,-8.56742777674953,0.64407912350535,"sintetico_postestratificado",FALSE,0.402318552104252,"sintetico_postestratificado",FALSE,FALSE,FALSE,"16","013","Carácuaro"
826,-26.0551697542787,-40.6916668190772,-10.5495529048365,0.625488833594663,"sintetico_postestratificado",FALSE,0.364937136051875,"sintetico_postestratificado",FALSE,FALSE,FALSE,"16","021","Charapan"
827,-25.2714665224142,-39.4527842663936,-8.26817738769249,0.635154563091009,"sintetico_postestratificado",FALSE,0.382439897866867,"sintetico_postestratificado",FALSE,FALSE,FALSE,"16","020","Cuitzeo"
828,-26.5394514131894,-41.6978332278876,-10.1281936456168,0.610322042873181,"muestra_directa",TRUE,0.344927528741287,"muestra_directa",TRUE,TRUE,TRUE,"16","019","Cotija"
829,-25.4712006145513,-40.066871782216,-10.0334271287488,0.601874391314814,"sintetico_postestratificado",FALSE,0.3471623851693,"sintetico_postestratificado",FALSE,FALSE,FALSE,"16","018","Copándaro"
830,-25.4304238361983,-38.8498613832068,-9.83615343664115,0.626970024159157,"sintetico_postestratificado",FALSE,0.372665785797174,"sintetico_postestratificado",FALSE,FALSE,FALSE,"16","087","Taretan"
831,-26.0116465007825,-40.31834652336,-10.5339206937231,0.64579285176563,"sintetico_postestratificado",FALSE,0.385676386757804,"sintetico_postestratificado",FALSE,FALSE,FALSE,"16","086","Tanhuato"
832,-25.9101165492861,-42.0432346647984,-10.0355651068423,0.65368336784094,"sintetico_postestratificado",FALSE,0.39458220234808,"sintetico_postestratificado",FALSE,FALSE,FALSE,"16","072","Queréndaro"
833,-25.6528001070144,-40.2766222694321,-9.99353376796824,0.657544960216703,"sintetico_postestratificado",FALSE,0.401016959146559,"sintetico_postestratificado",FALSE,FALSE,FALSE,"16","067","Penjamillo"
834,-25.775146217239,-41.548888968899,-9.06208183130392,0.606628606403764,"sintetico_postestratificado",FALSE,0.348877144231374,"sintetico_postestratificado",FALSE,FALSE,FALSE,"16","022","Charo"
835,-25.7329825474481,-40.1891778618059,-9.28809158783002,0.608555890357402,"sintetico_postestratificado",FALSE,0.35122606488292,"sintetico_postestratificado",FALSE,FALSE,FALSE,"16","079","Salvador Escalante"
836,-25.9971728670421,-39.9887059200721,-10.6181558718562,0.633745360463377,"sintetico_postestratificado",FALSE,0.373773631792956,"sintetico_postestratificado",FALSE,FALSE,FALSE,"16","078","Santa Ana Maya"
837,-26.8651254259011,-41.0923500964127,-12.2892182061271,0.64563696253154,"muestra_directa",TRUE,0.37698570827253,"muestra_directa",TRUE,TRUE,TRUE,"16","075","Los Reyes"
838,-25.3888277569634,-40.9756462290808,-9.38429840919871,0.64062362507255,"sintetico_postestratificado",FALSE,0.386735347502916,"sintetico_postestratificado",FALSE,FALSE,FALSE,"16","076","Sahuayo"
839,-25.9065490021883,-41.817303569441,-10.9766668034864,0.654827256764645,"muestra_directa",TRUE,0.395761766742762,"muestra_directa",TRUE,TRUE,TRUE,"16","033","Gabriel Zamora"
840,-25.7091722289614,-39.4359451280041,-11.3274833253172,0.634595121001761,"sintetico_postestratificado",FALSE,0.377503398712148,"sintetico_postestratificado",FALSE,FALSE,FALSE,"16","035","La Huacana"
841,-24.8739511347707,-40.374853596867,-8.7603530388177,0.621692599907209,"sintetico_postestratificado",FALSE,0.372953088559503,"sintetico_postestratificado",FALSE,FALSE,FALSE,"16","036","Huandacareo"
842,-25.0066510790407,-39.0644216773686,-8.15958715383814,0.610019828889397,"sintetico_postestratificado",FALSE,0.35995331809899,"sintetico_postestratificado",FALSE,FALSE,FALSE,"16","037","Huaniqueo"
843,-25.5938518993805,-40.2413876788112,-10.2363272780162,0.632514244247699,"sintetico_postestratificado",FALSE,0.376575725253895,"sintetico_postestratificado",FALSE,FALSE,FALSE,"16","038","Huetamo"
844,-25.8938493067325,-42.13352498308,-9.9844740529666,0.641005130069122,"sintetico_postestratificado",FALSE,0.382066637001797,"sintetico_postestratificado",FALSE,FALSE,FALSE,"16","039","Huiramba"
845,-24.181938493882,-39.2948265731608,-8.99432168379903,0.657039239457183,"sintetico_postestratificado",FALSE,0.415219854518363,"sintetico_postestratificado",FALSE,FALSE,FALSE,"16","040","Indaparapeo"
846,-24.6637053649877,-40.3782476137499,-9.3586348559307,0.687531142965198,"sintetico_postestratificado",FALSE,0.440894089315321,"sintetico_postestratificado",FALSE,FALSE,FALSE,"16","041","Irimbo"
847,-24.1866767154116,-39.7743341259576,-7.75929226883524,0.689417818905501,"sintetico_postestratificado",FALSE,0.447551051751386,"sintetico_postestratificado",FALSE,FALSE,FALSE,"16","042","Ixtlán"
848,-22.9586436581984,-37.5818556576919,-6.010257689236,0.673332543425978,"sintetico_postestratificado",FALSE,0.443746106843994,"sintetico_postestratificado",FALSE,FALSE,FALSE,"16","049","Madero"
849,-25.6458153675097,-39.388394126148,-10.6871719157342,0.664074548438641,"sintetico_postestratificado",FALSE,0.407616394763544,"sintetico_postestratificado",FALSE,FALSE,FALSE,"16","050","Maravatío"
850,-26.1780179777024,-40.4920119070737,-10.4384972777615,0.630369905202914,"muestra_directa",TRUE,0.36858972542589,"muestra_directa",TRUE,TRUE,TRUE,"16","051","Marcos Castellanos"
851,-28.4702779366685,-43.8550940137245,-12.2692043903296,0.677376687139677,"muestra_directa",FALSE,0.392673907772993,"muestra_directa",FALSE,TRUE,FALSE,"16","052","Lázaro Cárdenas"
852,-26.4651155654031,-39.4584097821134,-13.9363412881034,0.631341901650862,"muestra_directa",FALSE,0.36669074599683,"muestra_directa",FALSE,TRUE,FALSE,"16","053","Morelia"
853,-27.0665524107718,-43.6567745038203,-11.0960972037112,0.687684465834079,"sintetico_postestratificado",FALSE,0.417018941726361,"sintetico_postestratificado",FALSE,FALSE,FALSE,"16","014","Coahuayana"
854,-29.5490480771162,-44.851743629055,-16.0334069230816,0.667501527923861,"muestra_directa",TRUE,0.372011047152699,"muestra_directa",TRUE,TRUE,TRUE,"16","015","Coalcomán de Vázquez Pallares"
855,-26.5458087100247,-40.374017858138,-10.773259205961,0.630615246346098,"sintetico_postestratificado",FALSE,0.365157159245851,"sintetico_postestratificado",FALSE,FALSE,FALSE,"16","016","Coeneo"
856,-27.570482854355,-41.7155026177056,-13.1714061802282,0.650340700036066,"sintetico_postestratificado",FALSE,0.374635871492517,"sintetico_postestratificado",FALSE,FALSE,FALSE,"16","017","Contepec"
857,-26.3288022038283,-40.3811700591929,-9.99942492694427,0.676854566925559,"sintetico_postestratificado",FALSE,0.413566544887277,"sintetico_postestratificado",FALSE,FALSE,FALSE,"16","083","Tancítaro"
858,-24.6832542186081,-38.4036495303602,-9.64005791955244,0.660407912322757,"muestra_directa",FALSE,0.413575370136677,"muestra_directa",FALSE,TRUE,FALSE,"16","082","Tacámbaro"
859,-26.4370710426153,-39.8240846475073,-10.2129208586486,0.66691077279346,"sintetico_postestratificado",FALSE,0.402540062367307,"sintetico_postestratificado",FALSE,FALSE,FALSE,"16","081","Susupuato"
860,-25.5806503956069,-40.0241579365366,-11.2025072221001,0.662525250075348,"sintetico_postestratificado",FALSE,0.406718746119279,"sintetico_postestratificado",FALSE,FALSE,FALSE,"16","056","Nahuatzen"
861,-25.2830538939155,-39.9744911086513,-10.8847928058792,0.66477978124938,"sintetico_postestratificado",FALSE,0.411949242310225,"sintetico_postestratificado",FALSE,FALSE,FALSE,"16","080","Senguio"
862,-24.3551912090435,-41.5696564668743,-8.40968356655763,0.681909799804071,"sintetico_postestratificado",FALSE,0.438357887713636,"sintetico_postestratificado",FALSE,FALSE,FALSE,"16","057","Nocupétaro"
863,-25.1481379467274,-39.6968701337184,-9.53638811532684,0.691034246508577,"sintetico_postestratificado",FALSE,0.439552867041303,"sintetico_postestratificado",FALSE,FALSE,FALSE,"16","034","Hidalgo"
864,-25.1740028204639,-42.2192080341985,-7.75667301714427,0.679154337454953,"sintetico_postestratificado",FALSE,0.427414309250314,"sintetico_postestratificado",FALSE,FALSE,FALSE,"16","058","Nuevo Parangaricutiro"
865,-24.7635983080135,-39.4073343969886,-8.71567409963021,0.676234555898192,"sintetico_postestratificado",FALSE,0.428598572818058,"sintetico_postestratificado",FALSE,FALSE,FALSE,"16","059","Nuevo Urecho"
866,-26.0066000311407,-41.5937541813142,-9.95605100765321,0.665396962689442,"sintetico_postestratificado",FALSE,0.405330962378035,"sintetico_postestratificado",FALSE,FALSE,FALSE,"16","060","Numarán"
867,-25.8951481571861,-41.1882999831263,-10.1286528218831,0.654968552022344,"muestra_directa",TRUE,0.396017070450483,"muestra_directa",TRUE,TRUE,TRUE,"16","062","Pajacuarán"
868,-25.7176473739956,-40.9927730868972,-9.41480685393459,0.650845235641307,"sintetico_postestratificado",FALSE,0.393668761901352,"sintetico_postestratificado",FALSE,FALSE,FALSE,"16","063","Panindícuaro"
869,-26.4051321460823,-40.8731705696451,-11.0079258168361,0.668917792290125,"sintetico_postestratificado",FALSE,0.404866470829301,"sintetico_postestratificado",FALSE,FALSE,FALSE,"16","064","Parácuaro"
870,-25.8500939008644,-40.2021861897389,-10.7588180818943,0.679428490157871,"sintetico_postestratificado",FALSE,0.420927551149228,"sintetico_postestratificado",FALSE,FALSE,FALSE,"16","105","Vista Hermosa"
871,-26.2469316126526,-42.0601553643279,-10.9021588497166,0.666234792656006,"sintetico_postestratificado",FALSE,0.40376547652948,"sintetico_postestratificado",FALSE,FALSE,FALSE,"16","065","Paracho"
872,-26.5337029604076,-41.7540272667711,-11.3624971518859,0.668540297291481,"sintetico_postestratificado",FALSE,0.403203267687405,"sintetico_postestratificado",FALSE,FALSE,FALSE,"16","089","Tepalcatepec"
873,-27.0737761422704,-40.9024306004861,-12.3359174859671,0.660860879294152,"muestra_directa",TRUE,0.390123117871448,"muestra_directa",TRUE,TRUE,TRUE,"16","061","Ocampo"
874,-26.7580525257915,-42.6037545701451,-8.73625446479535,0.659080381212785,"sintetico_postestratificado",FALSE,0.39149985595487,"sintetico_postestratificado",FALSE,FALSE,FALSE,"16","055","Múgica"
875,-26.4521021815207,-40.3071335050805,-11.2587675980714,0.661238110800194,"sintetico_postestratificado",FALSE,0.396717088984987,"sintetico_postestratificado",FALSE,FALSE,FALSE,"16","054","Morelos"
876,-26.0384495020184,-40.521567027375,-11.0496550212405,0.668579767451512,"sintetico_postestratificado",FALSE,0.408195272431328,"sintetico_postestratificado",FALSE,FALSE,FALSE,"16","030","Ecuandureo"
877,-23.2869819800901,-38.2136028389755,-6.86246826129504,0.705093226461392,"muestra_directa",TRUE,0.472223406660491,"muestra_directa",TRUE,TRUE,TRUE,"16","029","Churumuco"
878,-25.3861888015705,-40.869145635538,-10.1315480982292,0.663372012691043,"sintetico_postestratificado",FALSE,0.409510124675338,"sintetico_postestratificado",FALSE,FALSE,FALSE,"16","028","Churintzio"
879,-25.7756046733905,-40.6640989477373,-8.90039614038308,0.660043619850404,"sintetico_postestratificado",FALSE,0.402287573116499,"sintetico_postestratificado",FALSE,FALSE,FALSE,"16","027","Chucándiro"
880,-25.9116383358575,-41.118131118203,-11.4283992620375,0.675631634382958,"sintetico_postestratificado",FALSE,0.416515251024384,"sintetico_postestratificado",FALSE,FALSE,FALSE,"16","026","Chinicuila"
881,-25.1870179290266,-40.4135716501381,-10.0179044314514,0.674648867212455,"sintetico_postestratificado",FALSE,0.422778687922189,"sintetico_postestratificado",FALSE,FALSE,FALSE,"16","025","Chilchota"
882,-25.1659576733304,-42.1618099555544,-7.9304795377917,0.686389325257338,"sintetico_postestratificado",FALSE,0.434729748524034,"sintetico_postestratificado",FALSE,FALSE,FALSE,"16","024","Cherán"
883,-24.057454046896,-37.7645140822434,-9.13680452422803,0.691001559178327,"muestra_directa",TRUE,0.450427018709366,"muestra_directa",TRUE,TRUE,TRUE,"16","023","Chavinda"
884,-24.596978862132,-40.1379819705036,-8.42434319934673,0.694622307408998,"sintetico_postestratificado",FALSE,0.448652518787678,"sintetico_postestratificado",FALSE,FALSE,FALSE,"16","066","Pátzcuaro"
885,-25.6039236870821,-39.6952303625564,-10.5689123403266,0.650396505061121,"muestra_directa",TRUE,0.394357268190301,"muestra_directa",TRUE,TRUE,TRUE,"16","068","Peribán"
886,-26.2411286870512,-42.8172603593308,-10.853117613795,0.665957329472526,"muestra_directa",TRUE,0.403546042602014,"muestra_directa",TRUE,TRUE,TRUE,"16","069","La Piedad"
887,-26.1947686863964,-41.0244943976064,-10.6240674041971,0.661179683048148,"sintetico_postestratificado",FALSE,0.399231996184184,"sintetico_postestratificado",FALSE,FALSE,FALSE,"16","070","Purépero"
888,-25.3766004439782,-39.8004608578621,-10.8060614609229,0.660931662679857,"sintetico_postestratificado",FALSE,0.407165658240075,"sintetico_postestratificado",FALSE,FALSE,FALSE,"16","071","Puruándiro"
889,-25.5221790473954,-40.0416953048396,-9.72487400371618,0.653368569812405,"muestra_directa",TRUE,0.398146779338451,"muestra_directa",TRUE,TRUE,TRUE,"16","073","Quiroga"
890,-25.624539523818,-40.963568453071,-9.34627018776142,0.682690717906088,"sintetico_postestratificado",FALSE,0.426445322667908,"sintetico_postestratificado",FALSE,FALSE,FALSE,"16","091","Tingüindín"
891,-25.4765988013542,-40.7670797154551,-10.0932426072836,0.677980328104666,"sintetico_postestratificado",FALSE,0.423214340091124,"sintetico_postestratificado",FALSE,FALSE,FALSE,"16","113","José Sixto Verduzco"
892,-25.7853327159975,-40.3441990131653,-10.3636457694419,0.6404049664695,"sintetico_postestratificado",FALSE,0.382551639309525,"sintetico_postestratificado",FALSE,FALSE,FALSE,"16","112","Zitácuaro"
893,-26.8715729508138,-41.4366297880824,-10.8076855934324,0.659828989379858,"sintetico_postestratificado",FALSE,0.39111325987172,"sintetico_postestratificado",FALSE,FALSE,FALSE,"16","085","Tangancícuaro"
894,-25.251105818075,-38.7626167974016,-9.03148171987939,0.610146095590199,"muestra_directa",TRUE,0.35763503740945,"muestra_directa",TRUE,TRUE,TRUE,"16","088","Tarímbaro"
895,-26.0543392536551,-39.2471085424505,-10.8478135801325,0.631666012116814,"sintetico_postestratificado",FALSE,0.371122619580263,"sintetico_postestratificado",FALSE,FALSE,FALSE,"16","092","Tiquicheo de Nicolás Romero"
896,-27.3497111063258,-41.8568125190459,-11.8839218950857,0.62169865508564,"sintetico_postestratificado",FALSE,0.348201544022383,"sintetico_postestratificado",FALSE,FALSE,FALSE,"16","093","Tlalpujahua"
897,-25.6000377119821,-41.411037281154,-9.44456199112878,0.662470315723534,"sintetico_postestratificado",FALSE,0.406469938603713,"sintetico_postestratificado",FALSE,FALSE,FALSE,"16","111","Ziracuaretiro"
898,-26.7926566828522,-41.8841466753422,-12.4299851725248,0.627290700335267,"sintetico_postestratificado",FALSE,0.359364133506745,"sintetico_postestratificado",FALSE,FALSE,FALSE,"16","101","Tzitzio"
899,-25.6420266831071,-41.1189318898419,-9.82302958031504,0.645156847817105,"sintetico_postestratificado",FALSE,0.388736580986034,"sintetico_postestratificado",FALSE,FALSE,FALSE,"16","100","Tzintzuntzan"
900,-26.3440822318082,-41.9073248842132,-10.0322717766354,0.66262441561684,"sintetico_postestratificado",FALSE,0.399183593298758,"sintetico_postestratificado",FALSE,FALSE,FALSE,"16","095","Tocumbo"
901,-26.5566150857944,-41.3397776327942,-10.6209908356417,0.656596802502869,"sintetico_postestratificado",FALSE,0.391030651644925,"sintetico_postestratificado",FALSE,FALSE,FALSE,"16","084","Tangamandapio"
902,-26.4642376394951,-40.0073855384765,-12.0607556746736,0.645486792296066,"muestra_directa",TRUE,0.380844415901115,"muestra_directa",TRUE,TRUE,TRUE,"16","102","Uruapan"
903,-25.9813922117884,-42.4387080573404,-10.0345093877269,0.668598997578931,"sintetico_postestratificado",FALSE,0.408785075461047,"sintetico_postestratificado",FALSE,FALSE,FALSE,"16","103","Venustiano Carranza"
904,-26.1093831705347,-40.7661904406001,-10.8246740825228,0.6735732451616,"sintetico_postestratificado",FALSE,0.412479413456253,"sintetico_postestratificado",FALSE,FALSE,FALSE,"16","104","Villamar"
905,-25.9858473320778,-40.7646845967767,-10.8193096702536,0.669560235300008,"sintetico_postestratificado",FALSE,0.40970176197923,"sintetico_postestratificado",FALSE,FALSE,FALSE,"16","094","Tlazazalca"
906,-25.9941250330787,-40.1930900916191,-9.73744322740555,0.648669561534931,"muestra_directa",TRUE,0.388728311204144,"muestra_directa",TRUE,TRUE,TRUE,"16","047","Jungapeo"
907,-25.9548277767277,-41.2095062722203,-10.3375500251899,0.658685346823281,"sintetico_postestratificado",FALSE,0.399137069056004,"sintetico_postestratificado",FALSE,FALSE,FALSE,"16","046","Juárez"
908,-24.8833346428002,-40.4321935306472,-8.1911312741475,0.667850002687122,"sintetico_postestratificado",FALSE,0.41901665625912,"sintetico_postestratificado",FALSE,FALSE,FALSE,"16","048","Lagunillas"
909,-24.4820682673952,-38.362245249262,-9.11571580344236,0.664508317998521,"sintetico_postestratificado",FALSE,0.419687635324568,"sintetico_postestratificado",FALSE,FALSE,FALSE,"17","002","Atlatlahucan"
910,-24.9321013446643,-39.006349949458,-9.09866700340949,0.636119140023611,"muestra_directa",FALSE,0.386798126576968,"muestra_directa",FALSE,TRUE,FALSE,"17","006","Cuautla"
911,-23.9974453631388,-38.8948716092938,-7.69956705422792,0.655171354361182,"muestra_directa",TRUE,0.415196900729794,"muestra_directa",TRUE,TRUE,TRUE,"17","028","Xochitepec"
912,-24.1141084678185,-39.3129738208649,-6.97966567105744,0.638515626595125,"sintetico_postestratificado",FALSE,0.39737454191694,"sintetico_postestratificado",FALSE,FALSE,FALSE,"17","022","Tetela del Volcán"
913,-24.672010880199,-37.9623776480476,-10.2220187858192,0.651733849155184,"sintetico_postestratificado",FALSE,0.405013740353193,"sintetico_postestratificado",FALSE,FALSE,FALSE,"17","009","Huitzilac"
914,-22.98193831564,-38.7803421607226,-5.8212662186266,0.642488906871435,"sintetico_postestratificado",FALSE,0.412669523715035,"sintetico_postestratificado",FALSE,FALSE,FALSE,"17","016","Ocuituco"
915,-20.3912981887597,-34.2940891140083,-4.40944619835916,0.690503761959883,"muestra_directa",TRUE,0.486590780072286,"muestra_directa",TRUE,TRUE,TRUE,"17","008","Emiliano Zapata"
916,-23.6721385270782,-37.9441448395886,-10.3077690537035,0.649924086986453,"muestra_directa",TRUE,0.413202701715671,"muestra_directa",TRUE,TRUE,TRUE,"17","003","Axochiapan"
917,-23.7305240955467,-39.4777281016091,-7.43785881771834,0.684603071064254,"muestra_directa",TRUE,0.447297830108788,"muestra_directa",TRUE,TRUE,TRUE,"17","036","Hueyapan"
918,-23.1926494922488,-38.5656475443627,-7.95407451867032,0.659872210365801,"sintetico_postestratificado",FALSE,0.427945715443313,"sintetico_postestratificado",FALSE,FALSE,FALSE,"17","035","Xoxocotla"
919,-22.6020954525231,-37.2721458076936,-8.50192635532965,0.682531641836432,"muestra_directa",TRUE,0.456510687311201,"muestra_directa",TRUE,TRUE,TRUE,"17","025","Tlaquiltenango"
920,-23.7060250505005,-37.3205148962607,-8.89228971666812,0.686363765383729,"sintetico_postestratificado",FALSE,0.449303514878725,"sintetico_postestratificado",FALSE,FALSE,FALSE,"17","001","Amacuzac"
921,-24.5421067871735,-38.0634095161058,-10.949700430395,0.665594021715472,"muestra_directa",TRUE,0.420172953843737,"muestra_directa",TRUE,TRUE,TRUE,"17","020","Tepoztlán"
922,-23.5660397880654,-38.9085244449996,-7.93482488247908,0.637464897135196,"sintetico_postestratificado",FALSE,0.401804499254542,"sintetico_postestratificado",FALSE,FALSE,FALSE,"17","034","Coatetelco"
923,-23.2200458445494,-39.0080180100046,-7.89347696980219,0.659469502563236,"sintetico_postestratificado",FALSE,0.427269044117742,"sintetico_postestratificado",FALSE,FALSE,FALSE,"17","027","Totolapan"
924,-23.457838083007,-37.0777173823399,-9.47948897074114,0.650891776612988,"sintetico_postestratificado",FALSE,0.416313395782918,"sintetico_postestratificado",FALSE,FALSE,FALSE,"17","030","Yecapixtla"
925,-24.8564189302201,-38.6568467566475,-10.2433800634921,0.643015476363751,"sintetico_postestratificado",FALSE,0.394451287061551,"sintetico_postestratificado",FALSE,FALSE,FALSE,"17","026","Tlayacapan"
926,-22.4602071854373,-37.3101754609969,-7.01280670082407,0.661129385818149,"muestra_directa",TRUE,0.436527313963776,"muestra_directa",TRUE,TRUE,TRUE,"17","031","Zacatepec"
927,-24.4530382898563,-39.9225316125301,-7.53178950873267,0.64842090420158,"sintetico_postestratificado",FALSE,0.403890521303018,"sintetico_postestratificado",FALSE,FALSE,FALSE,"17","021","Tetecala"
928,-22.192637859028,-36.4431693823057,-7.0318227066826,0.622560447987318,"muestra_directa",TRUE,0.400634069397037,"muestra_directa",TRUE,TRUE,TRUE,"17","019","Tepalcingo"
929,-24.1803536552996,-39.3120459677937,-8.7327102330539,0.637560070451293,"sintetico_postestratificado",FALSE,0.395756533898298,"sintetico_postestratificado",FALSE,FALSE,FALSE,"17","023","Tlalnepantla"
930,-23.6152508955551,-37.679666777229,-8.45309356619918,0.640351550100797,"sintetico_postestratificado",FALSE,0.404199041145246,"sintetico_postestratificado",FALSE,FALSE,FALSE,"17","017","Puente de Ixtla"
931,-24.4257201067802,-38.5093749765794,-9.82261395072138,0.624103158735815,"muestra_directa",TRUE,0.379845957668013,"muestra_directa",TRUE,TRUE,TRUE,"17","015","Miacatlán"
932,-23.3451706942628,-38.4251495283791,-6.80666821053345,0.627990048193244,"sintetico_postestratificado",FALSE,0.394538341250615,"sintetico_postestratificado",FALSE,FALSE,FALSE,"17","013","Jonacatepec de Leandro Valle"
933,-20.246385341233,-33.9183102231378,-5.0015712008615,0.676649002785025,"muestra_directa",FALSE,0.474185149372695,"muestra_directa",FALSE,TRUE,FALSE,"17","011","Jiutepec"
934,-23.6775008302922,-39.182088345252,-7.63014906067041,0.64776599812271,"muestra_directa",TRUE,0.410990989819788,"muestra_directa",TRUE,TRUE,TRUE,"17","010","Jantetelco"
935,-23.6986972370619,-37.4661171587924,-7.84353590751848,0.64735630847129,"muestra_directa",TRUE,0.410369336100671,"muestra_directa",TRUE,TRUE,TRUE,"17","018","Temixco"
936,-24.5932325833406,-38.2614890082781,-10.4025776838074,0.658840875996547,"muestra_directa",TRUE,0.412908550163141,"muestra_directa",TRUE,TRUE,TRUE,"17","029","Yautepec"
937,-23.3456967221068,-38.4263315193362,-5.67025753721961,0.672525017961114,"muestra_directa",TRUE,0.439068050740046,"muestra_directa",TRUE,TRUE,TRUE,"17","012","Jojutla"
938,-23.0534755863572,-36.888749263273,-7.98699970035482,0.663795136366676,"muestra_directa",TRUE,0.433260380503104,"muestra_directa",TRUE,TRUE,TRUE,"17","024","Tlaltizapán de Zapata"
939,-24.6851986265156,-38.0107963995118,-11.3890470598642,0.671901696087492,"muestra_directa",FALSE,0.425049709822336,"muestra_directa",FALSE,TRUE,FALSE,"17","007","Cuernavaca"
940,-25.5805177227179,-39.197433235633,-10.7593727181367,0.654127991742629,"muestra_directa",TRUE,0.39832281451545,"muestra_directa",TRUE,TRUE,TRUE,"17","005","Coatlán del Río"
941,-23.530714458675,-36.6936584672114,-9.21204261146658,0.631499164246825,"muestra_directa",TRUE,0.396192019660075,"muestra_directa",TRUE,TRUE,TRUE,"17","004","Ayala"
942,-25.2633681545879,-40.7178437382423,-8.72083641509865,0.61351295375995,"sintetico_postestratificado",FALSE,0.360879272214071,"sintetico_postestratificado",FALSE,FALSE,FALSE,"17","014","Mazatepec"
943,-24.7914824875051,-39.3044322285933,-8.19817632583502,0.611067242429574,"muestra_directa",TRUE,0.363152417554522,"muestra_directa",TRUE,TRUE,TRUE,"17","032","Zacualpan de Amilpas"
944,-25.2690454940957,-41.8165107192919,-8.63231666956639,0.635401315586569,"sintetico_postestratificado",FALSE,0.382710860645612,"sintetico_postestratificado",FALSE,FALSE,FALSE,"17","033","Temoac"
945,-24.0132450312708,-39.2675204128792,-7.25991506830071,0.688436021419295,"sintetico_postestratificado",FALSE,0.448303571106587,"sintetico_postestratificado",FALSE,FALSE,FALSE,"18","001","Acaponeta"
946,-23.6146731664135,-39.0610364755279,-7.90566375535044,0.693344054186064,"sintetico_postestratificado",FALSE,0.45719732252193,"sintetico_postestratificado",FALSE,FALSE,FALSE,"18","009","Del Nayar"
947,-23.671364463128,-39.4654888680971,-6.65485273372917,0.704436038078501,"sintetico_postestratificado",FALSE,0.46772239344722,"sintetico_postestratificado",FALSE,FALSE,FALSE,"18","010","Rosamorada"
948,-23.8251079243698,-38.0643818924389,-8.60292200146423,0.707543493313274,"muestra_directa",TRUE,0.469292414069575,"muestra_directa",TRUE,TRUE,TRUE,"18","011","Ruíz"
949,-23.8044239131274,-36.5945517765245,-9.95439301688248,0.68339052224903,"muestra_directa",FALSE,0.445346283117756,"muestra_directa",FALSE,TRUE,FALSE,"18","017","Tepic"
950,-25.4736956243934,-41.9922865766884,-8.86915547819821,0.668503414631052,"sintetico_postestratificado",FALSE,0.413766458387117,"sintetico_postestratificado",FALSE,FALSE,FALSE,"18","018","Tuxpan"
951,-24.9343275314405,-39.0376322269217,-9.37241721391082,0.685562452728814,"sintetico_postestratificado",FALSE,0.436219177414409,"sintetico_postestratificado",FALSE,FALSE,FALSE,"18","019","La Yesca"
952,-21.9018680699399,-36.7192683062481,-6.66613322804912,0.715652519880749,"muestra_directa",TRUE,0.49663383918135,"muestra_directa",TRUE,TRUE,TRUE,"18","004","Compostela"
953,-25.4064785904393,-40.7675121762387,-7.94486494818126,0.623477097522695,"muestra_directa",TRUE,0.369412311618302,"muestra_directa",TRUE,TRUE,TRUE,"18","013","San Pedro Lagunillas"
954,-23.5414579356669,-38.7101859602761,-7.26319795132162,0.702121534206288,"muestra_directa",TRUE,0.466706954849618,"muestra_directa",TRUE,TRUE,TRUE,"18","008","Xalisco"
955,-24.8115134481503,-40.4923000676462,-9.12273020832593,0.680102052280496,"sintetico_postestratificado",FALSE,0.431986917798993,"sintetico_postestratificado",FALSE,FALSE,FALSE,"18","005","Huajicori"
956,-23.7330300490451,-36.6962907170087,-11.2961108225139,0.722315545949575,"muestra_directa",FALSE,0.484985245459124,"muestra_directa",FALSE,TRUE,FALSE,"18","006","Ixtlán del Río"
957,-23.2999636033882,-38.2740389036628,-7.93631068825069,0.701931663371538,"muestra_directa",TRUE,0.468932027337657,"muestra_directa",TRUE,TRUE,TRUE,"18","007","Jala"
958,-21.1031174272583,-35.0942941828557,-7.1316735619656,0.714426718494581,"muestra_directa",TRUE,0.503395544221998,"muestra_directa",TRUE,TRUE,TRUE,"18","014","Santa María del Oro"
959,-20.5915951434178,-36.5592684731728,-5.1568454383653,0.723990495722608,"muestra_directa",TRUE,0.518074544288431,"muestra_directa",TRUE,TRUE,TRUE,"18","015","Santiago Ixcuintla"
960,-24.7870654403384,-39.5482783947504,-8.36207914344834,0.710063231361661,"muestra_directa",TRUE,0.462192576958278,"muestra_directa",TRUE,TRUE,TRUE,"18","016","Tecuala"
961,-24.1282854203871,-40.1058937993411,-8.9805903422863,0.721654111659444,"sintetico_postestratificado",FALSE,0.480371257455573,"sintetico_postestratificado",FALSE,FALSE,FALSE,"18","003","Amatlán de Cañas"
962,-22.3431501196969,-38.9256320430634,-5.92895937642381,0.705077928816624,"sintetico_postestratificado",FALSE,0.481646427619655,"sintetico_postestratificado",FALSE,FALSE,FALSE,"18","012","San Blas"
963,-25.2198567909601,-40.5482763457569,-7.68641074895781,0.664148578245128,"muestra_directa",TRUE,0.411950010335527,"muestra_directa",TRUE,TRUE,TRUE,"18","020","Bahía de Banderas"
964,-22.3801672822852,-37.9325594184404,-8.04050949004955,0.717898936368269,"muestra_directa",TRUE,0.494097263545417,"muestra_directa",TRUE,TRUE,TRUE,"18","002","Ahuacatlán"
965,-25.0699662376391,-46.8167615133599,-2.99135234569207,0.694666850569999,"sintetico_postestratificado",FALSE,0.443967188193608,"sintetico_postestratificado",FALSE,FALSE,FALSE,"19","029","Hualahuises"
966,-30.4375962112347,-44.7928346230272,-16.0961743418785,0.660589540345117,"muestra_directa",FALSE,0.35621357823277,"muestra_directa",FALSE,TRUE,FALSE,"19","048","Santa Catarina"
967,-27.7941860829098,-43.2612284108371,-12.00905019004,0.657052269765636,"muestra_directa",TRUE,0.379110408936539,"muestra_directa",TRUE,TRUE,TRUE,"19","044","Sabinas Hidalgo"
968,-26.3249073788088,-41.5128553617079,-10.5432048766087,0.683838057319212,"sintetico_postestratificado",FALSE,0.420588983531124,"sintetico_postestratificado",FALSE,FALSE,FALSE,"19","042","Los Ramones"
969,-26.5729748739739,-42.103210636966,-9.41945036639182,0.694619646793831,"sintetico_postestratificado",FALSE,0.428889898054092,"sintetico_postestratificado",FALSE,FALSE,FALSE,"19","023","General Treviño"
970,-25.254579341791,-40.874179618704,-10.3131413816636,0.699981318655576,"sintetico_postestratificado",FALSE,0.447435525237666,"sintetico_postestratificado",FALSE,FALSE,FALSE,"19","022","General Terán"
971,-28.4164137532468,-42.8025547099903,-11.6912843850585,0.617371395764576,"muestra_directa",TRUE,0.333207258232109,"muestra_directa",TRUE,TRUE,TRUE,"19","047","Hidalgo"
972,-26.6423588266378,-39.5680425795486,-12.2873777645536,0.64993697150272,"muestra_directa",TRUE,0.383513383236342,"muestra_directa",TRUE,TRUE,TRUE,"19","049","Santiago"
973,-24.49286435532,-39.0548844044486,-10.2070477298901,0.697786743345156,"muestra_directa",TRUE,0.452858099791955,"muestra_directa",TRUE,TRUE,TRUE,"19","009","Cadereyta Jiménez"
974,-28.7123094972152,-42.9529897082537,-14.4016051901225,0.639168497440434,"muestra_directa",TRUE,0.352045402468282,"muestra_directa",TRUE,TRUE,TRUE,"19","032","Lampazos de Naranjo"
975,-26.0778327273337,-40.1235874671365,-12.6133851713968,0.686822278119277,"muestra_directa",FALSE,0.42604395084594,"muestra_directa",FALSE,TRUE,FALSE,"19","031","Juárez"
976,-25.659186164834,-40.7978239556642,-9.01464050750378,0.678722970078195,"sintetico_postestratificado",FALSE,0.422131108429856,"sintetico_postestratificado",FALSE,FALSE,FALSE,"19","027","Los Herreras"
977,-26.2945776840102,-43.005933936493,-8.92300516150533,0.692766997005725,"sintetico_postestratificado",FALSE,0.429821220165622,"sintetico_postestratificado",FALSE,FALSE,FALSE,"19","020","General Bravo"
978,-28.4115767888333,-42.2457939777807,-13.4474731761676,0.642900486612802,"sintetico_postestratificado",FALSE,0.358784718724469,"sintetico_postestratificado",FALSE,FALSE,FALSE,"19","041","Pesquería"
979,-26.7190922033823,-42.0651718611805,-9.0583896904231,0.664204399321745,"sintetico_postestratificado",FALSE,0.397013477287922,"sintetico_postestratificado",FALSE,FALSE,FALSE,"19","040","Parás"
980,-27.9948261514812,-40.9434922541133,-15.0311146207482,0.669427228239626,"muestra_directa",FALSE,0.389478966724814,"muestra_directa",FALSE,TRUE,FALSE,"19","039","Monterrey"
981,-28.8120605451752,-42.2430320508063,-15.0174718503117,0.623566031333339,"muestra_directa",FALSE,0.335445425881587,"muestra_directa",FALSE,TRUE,FALSE,"19","046","San Nicolás de los Garza"
982,-27.7619078845161,-44.7582472713693,-8.40729818496622,0.672231812115394,"sintetico_postestratificado",FALSE,0.394612733270232,"sintetico_postestratificado",FALSE,FALSE,FALSE,"19","019","San Pedro Garza García"
983,-26.4714018120974,-40.4768388589729,-10.8299349942793,0.646637052123126,"sintetico_postestratificado",FALSE,0.381923034002152,"sintetico_postestratificado",FALSE,FALSE,FALSE,"19","037","Mina"
984,-26.5052212448046,-42.8774807225071,-10.2452522195381,0.691896824651344,"sintetico_postestratificado",FALSE,0.426844612203299,"sintetico_postestratificado",FALSE,FALSE,FALSE,"19","010","El Carmen"
985,-25.9462969011203,-38.1507214326675,-11.9310320494541,0.66474696239154,"muestra_directa",FALSE,0.405283993380336,"muestra_directa",FALSE,TRUE,FALSE,"19","021","General Escobedo"
986,-25.4231435587098,-39.738974321648,-8.82552417031424,0.681492814833425,"muestra_directa",FALSE,0.427261379246328,"muestra_directa",FALSE,TRUE,FALSE,"19","012","Ciénega de Flores"
987,-26.065469405964,-41.3663156469355,-10.8383002146749,0.646052423442274,"sintetico_postestratificado",FALSE,0.385397729382635,"sintetico_postestratificado",FALSE,FALSE,FALSE,"19","002","Agualeguas"
988,-25.4922897428321,-41.6939098405479,-9.28776772173541,0.659607471308767,"sintetico_postestratificado",FALSE,0.404684573880445,"sintetico_postestratificado",FALSE,FALSE,FALSE,"19","005","Anáhuac"
989,-26.9959932035728,-39.9899968204364,-13.3882977016554,0.611243229493828,"sintetico_postestratificado",FALSE,0.341283297458099,"sintetico_postestratificado",FALSE,FALSE,FALSE,"19","024","General Zaragoza"
990,-26.1397882629917,-37.8976758464827,-14.1208588219905,0.682017084645485,"muestra_directa",FALSE,0.420619202015568,"muestra_directa",FALSE,TRUE,FALSE,"19","026","Guadalupe"
991,-26.0195986693363,-41.892899455641,-8.22975958178549,0.641807764051561,"sintetico_postestratificado",FALSE,0.381611777358198,"sintetico_postestratificado",FALSE,FALSE,FALSE,"19","003","Los Aldamas"
992,-25.0804138185741,-39.7785502053246,-8.38688973082183,0.659359078701385,"sintetico_postestratificado",FALSE,0.408554940515644,"sintetico_postestratificado",FALSE,FALSE,FALSE,"19","004","Allende"
993,-25.8352828519946,-41.4776808619212,-9.82209634851659,0.666547118165556,"sintetico_postestratificado",FALSE,0.408194289645611,"sintetico_postestratificado",FALSE,FALSE,FALSE,"19","025","General Zuazua"
994,-26.1707238699633,-42.3544637665403,-9.37528638503735,0.663277913001469,"sintetico_postestratificado",FALSE,0.401570674301836,"sintetico_postestratificado",FALSE,FALSE,FALSE,"19","015","Doctor Coss"
995,-27.1073154983224,-41.2751278202545,-12.575107630001,0.658227039420755,"muestra_directa",TRUE,0.387153884437532,"muestra_directa",TRUE,TRUE,TRUE,"19","007","Aramberri"
996,-23.8955948871479,-37.1959263195097,-8.85699799829403,0.678874417815791,"muestra_directa",TRUE,0.439918468944312,"muestra_directa",TRUE,TRUE,TRUE,"19","018","García"
997,-26.6408955909708,-42.1249792400167,-9.57498551228935,0.667214017808612,"sintetico_postestratificado",FALSE,0.400805061898904,"sintetico_postestratificado",FALSE,FALSE,FALSE,"19","051","Villaldama"
998,-26.0107251953526,-39.5024459999988,-12.1237323987465,0.681189254813863,"muestra_directa",FALSE,0.421082002860337,"muestra_directa",FALSE,TRUE,FALSE,"19","006","Apodaca"
999,-27.006313393156,-41.2004742923298,-10.6323346017661,0.645786134190504,"sintetico_postestratificado",FALSE,0.375723000258944,"sintetico_postestratificado",FALSE,FALSE,FALSE,"19","011","Cerralvo"
1000,-27.9719582769946,-45.7476249187346,-10.0132681632796,0.651284377386967,"sintetico_postestratificado",FALSE,0.371564794617021,"sintetico_postestratificado",FALSE,FALSE,FALSE,"19","001","Abasolo"
1001,-26.6082820324263,-42.0196171134225,-10.912455413848,0.682893141597143,"sintetico_postestratificado",FALSE,0.41681032127288,"sintetico_postestratificado",FALSE,FALSE,FALSE,"19","017","Galeana"
1002,-26.3841580236083,-42.5073302460753,-10.2275978164777,0.653267702107452,"sintetico_postestratificado",FALSE,0.389426121871368,"sintetico_postestratificado",FALSE,FALSE,FALSE,"19","016","Doctor González"
1003,-26.9617666618577,-41.8990722449701,-11.7034115120549,0.685905556951344,"sintetico_postestratificado",FALSE,0.416287890332767,"sintetico_postestratificado",FALSE,FALSE,FALSE,"19","050","Vallecillo"
1004,-25.966437825292,-41.6477924820602,-9.47597779873076,0.687762283678547,"sintetico_postestratificado",FALSE,0.428097905425627,"sintetico_postestratificado",FALSE,FALSE,FALSE,"19","034","Marín"
1005,-26.4406030695003,-42.9056275514684,-7.83425550465838,0.680962821749396,"sintetico_postestratificado",FALSE,0.416556791054393,"sintetico_postestratificado",FALSE,FALSE,FALSE,"19","035","Melchor Ocampo"
1006,-25.8739947727537,-42.5585463242737,-8.98282504026413,0.660343252545092,"sintetico_postestratificado",FALSE,0.401603304817555,"sintetico_postestratificado",FALSE,FALSE,FALSE,"19","028","Higueras"
1007,-26.7161767502573,-41.1139080376144,-10.7425090457211,0.649090924506517,"sintetico_postestratificado",FALSE,0.381929157003945,"sintetico_postestratificado",FALSE,FALSE,FALSE,"19","033","Linares"
1008,-25.765927849081,-41.4746382696824,-9.99362187729739,0.675672096944467,"sintetico_postestratificado",FALSE,0.418012818453657,"sintetico_postestratificado",FALSE,FALSE,FALSE,"19","036","Mier y Noriega"
1009,-25.6985921232713,-39.8656683441529,-9.72502275305389,0.665319797085682,"sintetico_postestratificado",FALSE,0.408333875852969,"sintetico_postestratificado",FALSE,FALSE,FALSE,"19","043","Rayones"
1010,-25.6233499224721,-39.1894248501346,-10.3315743735329,0.679204480507249,"sintetico_postestratificado",FALSE,0.422970981282528,"sintetico_postestratificado",FALSE,FALSE,FALSE,"19","014","Doctor Arroyo"
1011,-25.1171233871474,-39.7586464250101,-9.45745996631687,0.662688669751503,"sintetico_postestratificado",FALSE,0.411517435880029,"sintetico_postestratificado",FALSE,FALSE,FALSE,"19","038","Montemorelos"
1012,-25.2589695758158,-40.7024187818768,-7.23611545544104,0.657471947944748,"sintetico_postestratificado",FALSE,0.40488225218659,"sintetico_postestratificado",FALSE,FALSE,FALSE,"19","008","Bustamante"
1013,-26.6787497411045,-42.3934082499521,-11.2812805207204,0.673135507359804,"sintetico_postestratificado",FALSE,0.406348009948759,"sintetico_postestratificado",FALSE,FALSE,FALSE,"19","013","China"
1014,-26.0129032803171,-42.7954522362607,-9.34897021875701,0.685027318567544,"sintetico_postestratificado",FALSE,0.424898285764372,"sintetico_postestratificado",FALSE,FALSE,FALSE,"19","045","Salinas Victoria"
1015,-24.6139090232926,-39.158506118393,-8.88876846729239,0.708782461642794,"sintetico_postestratificado",FALSE,0.462643371409867,"sintetico_postestratificado",FALSE,FALSE,FALSE,"19","030","Iturbide"
1016,-25.2230274616279,-39.4899765902111,-8.69741092936421,0.584382828940274,"sintetico_postestratificado",FALSE,0.332152554323996,"sintetico_postestratificado",FALSE,FALSE,FALSE,"20","125","San Carlos Yautepec"
1017,-22.922747968153,-38.2753366407242,-6.86062877186614,0.647909105031736,"sintetico_postestratificado",FALSE,0.418681625350206,"sintetico_postestratificado",FALSE,FALSE,FALSE,"20","481","Santiago Nuyoó"
1018,-22.7726685308218,-38.8859156492059,-7.54754514642543,0.650511524336095,"sintetico_postestratificado",FALSE,0.422784839027876,"sintetico_postestratificado",FALSE,FALSE,FALSE,"20","517","Santo Domingo Tepuxtepec"
1019,-25.0399758410751,-40.9313588788808,-4.99015091100341,0.554700672317294,"sintetico_postestratificado",FALSE,0.304300913906543,"sintetico_postestratificado",FALSE,FALSE,FALSE,"20","524","Santo Domingo Yodohino"
1020,-24.3718828359313,-39.0638793135725,-7.11745089086618,0.619142427658783,"sintetico_postestratificado",FALSE,0.37542359929947,"sintetico_postestratificado",FALSE,FALSE,FALSE,"20","378","Santa Cruz Mixtepec"
1021,-23.1390521090181,-38.1624264081177,-6.17401488999084,0.639223661468922,"sintetico_postestratificado",FALSE,0.407833140378741,"sintetico_postestratificado",FALSE,FALSE,FALSE,"20","054","Magdalena Zahuatlán"
1022,-22.8238063322832,-40.2104002246162,-4.30928071274007,0.683202079777339,"sintetico_postestratificado",FALSE,0.454964016454507,"sintetico_postestratificado",FALSE,FALSE,FALSE,"20","542","Taniche"
1023,-20.4797281345863,-34.8446486180095,-4.84076365451406,0.71023541323274,"sintetico_postestratificado",FALSE,0.505438131886877,"sintetico_postestratificado",FALSE,FALSE,FALSE,"20","237","San Marcos Arteaga"
1024,-24.1862569972944,-40.5901343491143,-6.87561832811976,0.619281365355913,"sintetico_postestratificado",FALSE,0.377418795382968,"sintetico_postestratificado",FALSE,FALSE,FALSE,"20","489","Santiago Tetepec"
1025,-22.3999388231777,-36.7390784631821,-6.58606037811935,0.596383897588183,"sintetico_postestratificado",FALSE,0.372384509356406,"sintetico_postestratificado",FALSE,FALSE,FALSE,"20","544","Teococuilco de Marcos Pérez"
1026,-26.1108345085597,-42.7728861548635,-5.78075729522471,0.591037983569904,"sintetico_postestratificado",FALSE,0.329929638484308,"sintetico_postestratificado",FALSE,FALSE,FALSE,"20","490","Santiago Texcalcingo"
1027,-25.163264652428,-40.7061295837127,-8.9280561750784,0.611910268243315,"sintetico_postestratificado",FALSE,0.360277621719035,"sintetico_postestratificado",FALSE,FALSE,FALSE,"20","333","San Pedro Totolápam"
1028,-24.3837404732831,-40.4600594667584,-7.36435822970609,0.581483571233439,"sintetico_postestratificado",FALSE,0.337646166500608,"sintetico_postestratificado",FALSE,FALSE,FALSE,"20","334","Villa de Tututepec"
1029,-21.248699673841,-37.3680711079303,-4.07295490438729,0.675235631530599,"sintetico_postestratificado",FALSE,0.462748634792189,"sintetico_postestratificado",FALSE,FALSE,FALSE,"20","562","Magdalena Yodocono de Porfirio Díaz"
1030,-20.667960603506,-36.9815370604447,-1.96692305963326,0.685967887171453,"sintetico_postestratificado",FALSE,0.479288281136393,"sintetico_postestratificado",FALSE,FALSE,FALSE,"20","133","San Esteban Atatlahuca"
1031,-24.5262311489856,-38.4951358613221,-6.15979936227677,0.587883872664936,"muestra_directa",TRUE,0.34262156117508,"muestra_directa",TRUE,TRUE,TRUE,"20","134","San Felipe Jalapa de Díaz"
1032,-23.6127853274553,-40.5226663853227,-6.67485417880742,0.614823079875902,"sintetico_postestratificado",FALSE,0.378695226601349,"sintetico_postestratificado",FALSE,FALSE,FALSE,"20","138","San Francisco Cajonos"
1033,-23.1043024551374,-38.5538124683456,-4.69489538687468,0.670879685635611,"sintetico_postestratificado",FALSE,0.439836661084237,"sintetico_postestratificado",FALSE,FALSE,FALSE,"20","149","San Francisco Sola"
1034,-21.4332054103637,-36.9983218952594,-3.72532771368496,0.698308922518779,"sintetico_postestratificado",FALSE,0.483976868415142,"sintetico_postestratificado",FALSE,FALSE,FALSE,"20","161","San Jerónimo Sosola"
1035,-22.3950148684408,-36.3424712238977,-7.24564216251601,0.636569763439527,"sintetico_postestratificado",FALSE,0.412619614755118,"sintetico_postestratificado",FALSE,FALSE,FALSE,"20","159","San Jerónimo Coatlán"
1036,-25.1220343443694,-40.5226150497117,-7.32502784187732,0.583527957436207,"sintetico_postestratificado",FALSE,0.332307613992513,"sintetico_postestratificado",FALSE,FALSE,FALSE,"20","437","Santa María Tlahuitoltepec"
1037,-24.1216055866398,-40.7182727300939,-3.90452054857901,0.605885711511378,"sintetico_postestratificado",FALSE,0.36466965564498,"sintetico_postestratificado",FALSE,FALSE,FALSE,"20","441","Santa María Xadani"
1038,-26.1573839434447,-43.0330843247154,-7.99219099622116,0.604547020650487,"sintetico_postestratificado",FALSE,0.34297318121604,"sintetico_postestratificado",FALSE,FALSE,FALSE,"20","446","Santa María Yucuhiti"
1039,-24.8893691657522,-40.2835898420699,-7.98347079711428,0.635933030714347,"sintetico_postestratificado",FALSE,0.387039339056826,"sintetico_postestratificado",FALSE,FALSE,FALSE,"20","447","Santa María Zacatepec"
1040,-23.692869910898,-39.1125608949151,-7.23089488931501,0.648766653907209,"sintetico_postestratificado",FALSE,0.411837954798229,"sintetico_postestratificado",FALSE,FALSE,FALSE,"20","469","Santiago Juxtlahuaca"
1041,-23.7644657185445,-38.7844499396812,-6.85542512102685,0.619483316259383,"sintetico_postestratificado",FALSE,0.381838659073939,"sintetico_postestratificado",FALSE,FALSE,FALSE,"20","511","Santo Domingo Nuxaá"
1042,-25.1075173833557,-40.2378645185774,-9.41134598551867,0.600210594136312,"sintetico_postestratificado",FALSE,0.349135420302756,"sintetico_postestratificado",FALSE,FALSE,FALSE,"20","513","Santo Domingo Petapa"
1043,-24.5191010581342,-38.0812445841686,-9.56160396578942,0.634259083687664,"sintetico_postestratificado",FALSE,0.389068073106322,"sintetico_postestratificado",FALSE,FALSE,FALSE,"20","278","San Miguel Soyaltepec"
1044,-25.1110150383663,-39.7460112494496,-9.17903005816039,0.624743893244566,"sintetico_postestratificado",FALSE,0.373633742860903,"sintetico_postestratificado",FALSE,FALSE,FALSE,"20","457","Santiago Camotlán"
1045,-24.9703534785055,-39.9811496378006,-7.59195221610699,0.605197169485648,"sintetico_postestratificado",FALSE,0.355493634700593,"sintetico_postestratificado",FALSE,FALSE,FALSE,"20","163","San Jerónimo Tecóatl"
1046,-24.2818055529676,-41.5900168241087,-5.70424373211941,0.624002123886401,"sintetico_postestratificado",FALSE,0.381184068356725,"sintetico_postestratificado",FALSE,FALSE,FALSE,"20","166","San José Chiltepec"
1047,-23.706142167135,-39.0714020833309,-7.73261747800763,0.606820815172032,"sintetico_postestratificado",FALSE,0.369759393500683,"sintetico_postestratificado",FALSE,FALSE,FALSE,"20","506","Santo Domingo Albarradas"
1048,-22.6402695744088,-37.6882756512262,-6.0654334077449,0.667764622468679,"sintetico_postestratificado",FALSE,0.441361926724592,"sintetico_postestratificado",FALSE,FALSE,FALSE,"20","482","Santiago Pinotepa Nacional"
1049,-23.1957345236094,-38.2526244565801,-7.49550951219548,0.634986869832087,"sintetico_postestratificado",FALSE,0.403029524595993,"sintetico_postestratificado",FALSE,FALSE,FALSE,"20","508","Santo Domingo Chihuitán"
1050,-24.9943720949123,-41.36713427089,-7.38339060537973,0.609620266201481,"sintetico_postestratificado",FALSE,0.359676545252359,"sintetico_postestratificado",FALSE,FALSE,FALSE,"20","205","San Juan Lalana"
1051,-24.4306396367358,-39.3870393164459,-6.69156175737467,0.618279291963952,"sintetico_postestratificado",FALSE,0.373972895596594,"sintetico_postestratificado",FALSE,FALSE,FALSE,"20","271","San Miguel Mixtepec"
1052,-23.6999562567569,-40.0235541598326,-5.78137292956823,0.666469833934568,"sintetico_postestratificado",FALSE,0.429470271366999,"sintetico_postestratificado",FALSE,FALSE,FALSE,"20","329","San Pedro Teozacoalco"
1053,-23.8868463064241,-40.3912474374558,-7.16553936009045,0.657805312688928,"sintetico_postestratificado",FALSE,0.418936849624687,"sintetico_postestratificado",FALSE,FALSE,FALSE,"20","330","San Pedro Teutila"
1054,-23.4795637831567,-41.0417912884608,-4.2826679993177,0.663608580947775,"sintetico_postestratificado",FALSE,0.428812943116208,"sintetico_postestratificado",FALSE,FALSE,FALSE,"20","246","San Mateo Cajonos"
1055,-23.2122089777886,-37.2714636827543,-8.28087547246066,0.644509657776038,"sintetico_postestratificado",FALSE,0.412387567998152,"sintetico_postestratificado",FALSE,FALSE,FALSE,"20","277","Villa Sola de Vega"
1056,-27.5761873814803,-41.1224871428898,-12.2541763571551,0.601664099207238,"muestra_directa",TRUE,0.325902225392436,"muestra_directa",TRUE,TRUE,TRUE,"20","545","Teotitlán de Flores Magón"
1057,-23.3419531017919,-38.7469532642478,-8.40242914538266,0.666516908579861,"sintetico_postestratificado",FALSE,0.433097377561942,"sintetico_postestratificado",FALSE,FALSE,FALSE,"20","546","Teotitlán del Valle"
1058,-24.1015153924351,-39.0312060508029,-9.02161177308746,0.625534830652229,"sintetico_postestratificado",FALSE,0.384519676727878,"sintetico_postestratificado",FALSE,FALSE,FALSE,"20","547","Teotongo"
1059,-25.653577445149,-40.5513951167943,-7.74508937877701,0.600029757427296,"sintetico_postestratificado",FALSE,0.343493982975806,"sintetico_postestratificado",FALSE,FALSE,FALSE,"20","170","San José Lachiguiri"
1060,-23.8274811565605,-41.4049563764615,-5.72219854562487,0.610001433386088,"sintetico_postestratificado",FALSE,0.371726621820483,"sintetico_postestratificado",FALSE,FALSE,FALSE,"20","230","San Lorenzo Victoria"
1061,-23.9202510547909,-41.0287122932036,-6.33198954058702,0.608390922982246,"sintetico_postestratificado",FALSE,0.369188412434337,"sintetico_postestratificado",FALSE,FALSE,FALSE,"20","168","San José Estancia Grande"
1062,-22.7032659837992,-36.5500939478061,-7.68179983962499,0.628839113170615,"muestra_directa",TRUE,0.401806453332623,"muestra_directa",TRUE,TRUE,TRUE,"20","184","San Juan Bautista Tuxtepec"
1063,-23.9722807740249,-38.5338954450872,-9.16301086500838,0.621249809440004,"sintetico_postestratificado",FALSE,0.381527001699756,"sintetico_postestratificado",FALSE,FALSE,FALSE,"20","185","San Juan Cacahuatepec"
1064,-24.3894734505664,-40.0538042516107,-6.95663942563274,0.661689188032096,"sintetico_postestratificado",FALSE,0.417794453526432,"sintetico_postestratificado",FALSE,FALSE,FALSE,"20","404","Santa María Chachoápam"
1065,-22.3667313407246,-37.9437029187372,-6.17858687957928,0.684415588234961,"sintetico_postestratificado",FALSE,0.460748274827715,"sintetico_postestratificado",FALSE,FALSE,FALSE,"20","407","Santa María Chimalapa"
1066,-26.4430732044156,-40.4170013097706,-9.93560538339331,0.625010815635437,"sintetico_postestratificado",FALSE,0.360580083591281,"sintetico_postestratificado",FALSE,FALSE,FALSE,"20","186","San Juan Cieneguilla"
1067,-24.4830704794401,-39.9016773116496,-6.4986702914315,0.572071626348473,"sintetico_postestratificado",FALSE,0.327240921554071,"sintetico_postestratificado",FALSE,FALSE,FALSE,"20","214","San Juan Quiotepec"
1068,-25.7541767088256,-40.1346355049229,-8.96230291181398,0.609432085035929,"sintetico_postestratificado",FALSE,0.351890317947673,"sintetico_postestratificado",FALSE,FALSE,FALSE,"20","220","San Juan Tepeuxila"
1069,-24.3782911304524,-39.6608250423002,-6.16547075591512,0.571621041107863,"sintetico_postestratificado",FALSE,0.327838129803338,"sintetico_postestratificado",FALSE,FALSE,FALSE,"20","227","San Lorenzo Cacaotepec"
1070,-24.6338964429035,-39.0872670506678,-9.81354522949301,0.630551228103863,"sintetico_postestratificado",FALSE,0.384212263674828,"sintetico_postestratificado",FALSE,FALSE,FALSE,"20","261","San Miguel Amatitlán"
1071,-24.201127986767,-39.9334767398995,-7.02611286335118,0.639814629469386,"sintetico_postestratificado",FALSE,0.397803349601716,"sintetico_postestratificado",FALSE,FALSE,FALSE,"20","552","Tlacotepec Plumas"
1072,-23.5041875324076,-38.7969283888976,-7.60119876305168,0.670421415795909,"sintetico_postestratificado",FALSE,0.435379540471833,"sintetico_postestratificado",FALSE,FALSE,FALSE,"20","262","San Miguel Amatlán"
1073,-22.1284415626863,-39.018428126796,-3.77161507267587,0.67090565543833,"sintetico_postestratificado",FALSE,0.449621239811467,"sintetico_postestratificado",FALSE,FALSE,FALSE,"20","266","San Miguel del Puerto"
1074,-24.5110127970609,-39.9506988993865,-6.89295130986698,0.60062862395183,"sintetico_postestratificado",FALSE,0.355518495981221,"sintetico_postestratificado",FALSE,FALSE,FALSE,"20","550","San Jerónimo Tlacochahuaya"
1075,-24.5358009500377,-40.2435750684801,-6.02095367784441,0.59796378995581,"sintetico_postestratificado",FALSE,0.352605780455433,"sintetico_postestratificado",FALSE,FALSE,FALSE,"20","253","San Mateo Piñas"
1076,-24.3798377511495,-40.5291235357033,-6.7747053884006,0.628250852701319,"sintetico_postestratificado",FALSE,0.384452475189823,"sintetico_postestratificado",FALSE,FALSE,FALSE,"20","254","San Mateo Río Hondo"
1077,-23.6511928951984,-38.5867788207748,-6.07699201180235,0.573913679045705,"muestra_directa",TRUE,0.337401750093721,"muestra_directa",TRUE,TRUE,TRUE,"20","272","San Miguel Panixtlahuaca"
1078,-24.7317455538429,-39.5760256819283,-8.09993717645633,0.582402059873421,"sintetico_postestratificado",FALSE,0.335084604334992,"sintetico_postestratificado",FALSE,FALSE,FALSE,"20","273","San Miguel Peras"
1079,-24.6628186677878,-39.2687102396211,-8.52864645893743,0.621461438580182,"sintetico_postestratificado",FALSE,0.374833251902304,"sintetico_postestratificado",FALSE,FALSE,FALSE,"20","275","San Miguel Quetzaltepec"
1080,-23.674993322038,-38.0795280589416,-8.40157661460369,0.644623054853991,"sintetico_postestratificado",FALSE,0.407873121633611,"sintetico_postestratificado",FALSE,FALSE,FALSE,"20","551","Tlacolula de Matamoros"
1081,-23.0241262380914,-38.6444959072883,-4.5613560588026,0.64952461301541,"sintetico_postestratificado",FALSE,0.419283350634496,"sintetico_postestratificado",FALSE,FALSE,FALSE,"20","357","Santa Ana Tavela"
1082,-23.0030002991682,-37.4968238087702,-7.10538247329265,0.640302601154814,"sintetico_postestratificado",FALSE,0.410272598163132,"sintetico_postestratificado",FALSE,FALSE,FALSE,"20","502","Santiago Zacatepec"
1083,-24.0614806218315,-38.2386102995768,-6.95508144246021,0.61139554627545,"sintetico_postestratificado",FALSE,0.370780740057135,"sintetico_postestratificado",FALSE,FALSE,FALSE,"20","553","Tlalixtac de Cabrera"
1084,-24.0925047097706,-38.3117612411633,-6.3171619108219,0.63122901098302,"sintetico_postestratificado",FALSE,0.390303963885314,"sintetico_postestratificado",FALSE,FALSE,FALSE,"20","265","San Miguel Chimalapa"
1085,-22.5699971923695,-38.1506548511136,-4.70287161507227,0.657517131321919,"sintetico_postestratificado",FALSE,0.431817159398224,"sintetico_postestratificado",FALSE,FALSE,FALSE,"20","493","Santiago Tillo"
1086,-21.6318138873057,-37.8016377364343,-6.14242632404322,0.687571302825878,"muestra_directa",TRUE,0.471253163952821,"muestra_directa",TRUE,TRUE,TRUE,"20","318","San Pedro Mixtepec"
1087,-22.4864003167428,-38.5962088986524,-5.34481883973982,0.638182626680083,"sintetico_postestratificado",FALSE,0.413318623512656,"sintetico_postestratificado",FALSE,FALSE,FALSE,"20","327","San Pedro Tapanatepec"
1088,-22.9087319159874,-36.8925552602193,-6.99394623826784,0.609666458763037,"sintetico_postestratificado",FALSE,0.380579139603163,"sintetico_postestratificado",FALSE,FALSE,FALSE,"20","554","Totontepec Villa de Morelos"
1089,-24.3768099984649,-40.8580787816744,-7.63196571729763,0.589173298707111,"sintetico_postestratificado",FALSE,0.345405198722463,"sintetico_postestratificado",FALSE,FALSE,FALSE,"20","555","Trinidad Zaachila"
1090,-24.8636411371071,-40.3935471283681,-6.58413122183633,0.587438604882035,"sintetico_postestratificado",FALSE,0.338802193510964,"sintetico_postestratificado",FALSE,FALSE,FALSE,"20","556","La Trinidad Vista Hermosa"
1091,-25.2132324733212,-40.4207265058367,-9.62022587768549,0.581521258302057,"sintetico_postestratificado",FALSE,0.329388933568845,"sintetico_postestratificado",FALSE,FALSE,FALSE,"20","018","Concepción Buenavista"
1092,-25.3568315715357,-41.4632693086426,-7.49003555584641,0.613224430065454,"sintetico_postestratificado",FALSE,0.359656114350096,"sintetico_postestratificado",FALSE,FALSE,FALSE,"20","036","Guevea de Humboldt"
1093,-24.7567203339877,-40.8941403664504,-7.02226893933095,0.603365947588162,"sintetico_postestratificado",FALSE,0.355798744248285,"sintetico_postestratificado",FALSE,FALSE,FALSE,"20","338","Villa de Etla"
1094,-24.8515736450162,-40.4038308966724,-6.65437791849682,0.624905069912884,"sintetico_postestratificado",FALSE,0.376389333462723,"sintetico_postestratificado",FALSE,FALSE,FALSE,"20","344","San Sebastián Coatlán"
1095,-24.7851267315821,-40.7938394860815,-7.07094697334014,0.616090427902494,"sintetico_postestratificado",FALSE,0.368239160586673,"sintetico_postestratificado",FALSE,FALSE,FALSE,"20","366","Santa Catarina Loxicha"
1096,-23.9361133772932,-38.561637240545,-7.18863552964907,0.612117375203438,"sintetico_postestratificado",FALSE,0.372756241430506,"sintetico_postestratificado",FALSE,FALSE,FALSE,"20","377","Santa Cruz Itundujia"
1097,-23.5676424457704,-38.1656130171705,-7.28041720707868,0.608453402325636,"sintetico_postestratificado",FALSE,0.372776977867933,"sintetico_postestratificado",FALSE,FALSE,FALSE,"20","451","Santiago Apoala"
1098,-23.9606801074696,-39.510092427202,-8.88306006827445,0.636515604169155,"sintetico_postestratificado",FALSE,0.396908803094459,"sintetico_postestratificado",FALSE,FALSE,FALSE,"20","005","Asunción Ixtaltepec"
1099,-22.5116911015004,-40.8277229241074,-4.15307989921154,0.692643017527438,"sintetico_postestratificado",FALSE,0.467526106512434,"sintetico_postestratificado",FALSE,FALSE,FALSE,"20","558","Valerio Trujano"
1100,-21.9146059337447,-38.3611555120122,-3.93124645305378,0.690707980882603,"sintetico_postestratificado",FALSE,0.471561921545157,"sintetico_postestratificado",FALSE,FALSE,FALSE,"20","561","Yaxe"
1101,-22.2659142292083,-39.0778610458451,-5.32882384419901,0.642447252784523,"sintetico_postestratificado",FALSE,0.41978811049244,"sintetico_postestratificado",FALSE,FALSE,FALSE,"20","056","Mártires de Tacubaya"
1102,-24.0797262495225,-38.8670871650592,-7.73689711889746,0.596892398816557,"sintetico_postestratificado",FALSE,0.356095136321333,"sintetico_postestratificado",FALSE,FALSE,FALSE,"20","563","Yogana"
1103,-24.8734106661411,-40.8617916731955,-6.83141576720972,0.638389490577341,"sintetico_postestratificado",FALSE,0.38965538391593,"sintetico_postestratificado",FALSE,FALSE,FALSE,"20","497","Santiago Yaitepec"
1104,-25.8831403349067,-38.7788818518886,-9.75664822351914,0.629437324784984,"sintetico_postestratificado",FALSE,0.370605921435918,"sintetico_postestratificado",FALSE,FALSE,FALSE,"20","549","Heroica Villa Tezoatlán de Segura y Luna, Cuna de la Independencia de Oaxaca"
1105,-22.9824851375572,-38.8687974984743,-6.5446995687334,0.679279825437089,"sintetico_postestratificado",FALSE,0.449454974061517,"sintetico_postestratificado",FALSE,FALSE,FALSE,"20","564","Yutanduchi de Guerrero"
1106,-21.9140565992705,-37.6592326869767,-5.26986450963583,0.662027848187209,"sintetico_postestratificado",FALSE,0.442887282194504,"sintetico_postestratificado",FALSE,FALSE,FALSE,"20","565","Villa de Zaachila"
1107,-26.2755205357734,-42.0532025818518,-8.09222749109153,0.596266372071175,"sintetico_postestratificado",FALSE,0.333511166713441,"sintetico_postestratificado",FALSE,FALSE,FALSE,"20","099","San Andrés Tepetlapa"
1108,-23.5538791193769,-40.0378368208694,-4.66184327269443,0.556693060622964,"sintetico_postestratificado",FALSE,0.321154269429195,"sintetico_postestratificado",FALSE,FALSE,FALSE,"20","491","Santiago Textitlán"
1109,-24.7145340079269,-40.5578184721327,-8.68884941715909,0.587802647714785,"sintetico_postestratificado",FALSE,0.340657307635516,"sintetico_postestratificado",FALSE,FALSE,FALSE,"20","031","Tamazulápam del Espíritu Santo"
1110,-23.3285770198569,-40.2145813695625,-3.73744084447518,0.634649541183703,"sintetico_postestratificado",FALSE,0.401363770985134,"sintetico_postestratificado",FALSE,FALSE,FALSE,"20","279","San Miguel Suchixtepec"
1111,-24.8427224569391,-40.6035018796636,-6.64751822213394,0.597880209523173,"sintetico_postestratificado",FALSE,0.349452984953782,"sintetico_postestratificado",FALSE,FALSE,FALSE,"20","401","Santa María Colotepec"
1112,-24.2502833236001,-40.9505596272643,-6.2529873487339,0.59106463392127,"sintetico_postestratificado",FALSE,0.348561800685269,"sintetico_postestratificado",FALSE,FALSE,FALSE,"20","367","Santa Catarina Mechoacán"
1113,-21.4916575797639,-36.9486826397835,-4.69975522249727,0.654777363044523,"muestra_directa",TRUE,0.439860787246884,"muestra_directa",TRUE,TRUE,TRUE,"20","500","Santiago Yosondúa"
1114,-21.1092897332355,-38.6231663143508,-1.54698419475405,0.675223657927667,"sintetico_postestratificado",FALSE,0.464130760595313,"sintetico_postestratificado",FALSE,FALSE,FALSE,"20","503","Santiago Zoochila"
1115,-21.7157022327509,-39.5802345298945,-2.80575030012146,0.673319592670467,"sintetico_postestratificado",FALSE,0.456162570342958,"sintetico_postestratificado",FALSE,FALSE,FALSE,"20","379","Santa Cruz Nundaco"
1116,-24.7780289347594,-40.3653227386755,-8.42890510248449,0.6175148482584,"sintetico_postestratificado",FALSE,0.369734558910805,"sintetico_postestratificado",FALSE,FALSE,FALSE,"20","494","Santiago Tlazoyaltepec"
1117,-25.5723631818996,-42.1468451040526,-7.54034750687651,0.597233442201047,"sintetico_postestratificado",FALSE,0.341509810382051,"sintetico_postestratificado",FALSE,FALSE,FALSE,"20","499","Santiago Yolomécatl"
1118,-25.9442399396522,-41.7861482488657,-8.75566264448498,0.590665690961457,"sintetico_postestratificado",FALSE,0.331223291564935,"sintetico_postestratificado",FALSE,FALSE,FALSE,"20","058","Mazatlán Villa de Flores"
1119,-24.6466717181238,-39.1034201986467,-8.32401771928375,0.615427247531538,"sintetico_postestratificado",FALSE,0.3689605303503,"sintetico_postestratificado",FALSE,FALSE,FALSE,"20","059","Miahuatlán de Porfirio Díaz"
1120,-25.3216928515484,-39.4424510300502,-8.41762959262173,0.589621379185934,"sintetico_postestratificado",FALSE,0.33640445067045,"sintetico_postestratificado",FALSE,FALSE,FALSE,"20","177","San Juan Bautista Cuicatlán"
1121,-24.359754074456,-40.1610974737254,-5.8838505366638,0.598310383586181,"sintetico_postestratificado",FALSE,0.354712842841621,"sintetico_postestratificado",FALSE,FALSE,FALSE,"20","359","Santa Ana Yareni"
1122,-24.4778115912242,-40.3678710031135,-8.59661964651773,0.645444794231727,"sintetico_postestratificado",FALSE,0.400666678319485,"sintetico_postestratificado",FALSE,FALSE,FALSE,"20","364","Santa Catarina Juquila"
1123,-24.1209612564501,-39.2521904152123,-6.135562021423,0.662853269176271,"sintetico_postestratificado",FALSE,0.421643656611769,"sintetico_postestratificado",FALSE,FALSE,FALSE,"20","569","Santa Inés de Zaragoza"
1124,-25.3759243764496,-40.494553431818,-8.92389849388477,0.599109232016942,"sintetico_postestratificado",FALSE,0.345349988252446,"sintetico_postestratificado",FALSE,FALSE,FALSE,"20","570","Zimatlán de Álvarez"
1125,-24.1996658900047,-38.2743434796941,-8.32607192560586,0.613420830244435,"sintetico_postestratificado",FALSE,0.371424171344388,"sintetico_postestratificado",FALSE,FALSE,FALSE,"20","567","Zapotitlán Lagunas"
1126,-23.4967158175923,-37.0786054456071,-8.38448587901727,0.617979904067206,"muestra_directa",TRUE,0.383012745891283,"muestra_directa",TRUE,TRUE,TRUE,"20","057","Matías Romero Avendaño"
1127,-24.1046064874866,-38.6481374747334,-8.60409725014081,0.599751686269629,"sintetico_postestratificado",FALSE,0.358705621394763,"sintetico_postestratificado",FALSE,FALSE,FALSE,"20","423","Santa María Nduayaco"
1128,-24.3009388251837,-39.217761879128,-7.45834990928509,0.597793416570062,"sintetico_postestratificado",FALSE,0.354784028318225,"sintetico_postestratificado",FALSE,FALSE,FALSE,"20","112","San Baltazar Chichicápam"
1129,-25.2240020149298,-42.0061779569191,-6.44022904245302,0.588561813280095,"sintetico_postestratificado",FALSE,0.336321793130797,"sintetico_postestratificado",FALSE,FALSE,FALSE,"20","510","Santo Domingo Ixcatlán"
1130,-24.7986295812363,-41.0759152642011,-5.93283217554624,0.597655760077912,"sintetico_postestratificado",FALSE,0.349669464265548,"sintetico_postestratificado",FALSE,FALSE,FALSE,"20","371","Santa Catarina Ticuá"
1131,-23.5792281267692,-39.3290472028663,-6.90496190828194,0.594094610992375,"sintetico_postestratificado",FALSE,0.358302329724684,"sintetico_postestratificado",FALSE,FALSE,FALSE,"20","424","Santa María Ozolotepec"
1132,-24.1704482292061,-38.1827006420399,-8.80988482457156,0.575057561516364,"sintetico_postestratificado",FALSE,0.333353079224303,"sintetico_postestratificado",FALSE,FALSE,FALSE,"20","406","Santa María Chilchotla"
1133,-25.0675085238082,-41.2418143951379,-8.66878701724548,0.608472907079174,"sintetico_postestratificado",FALSE,0.357797821841092,"sintetico_postestratificado",FALSE,FALSE,FALSE,"20","410","Santa María Ecatepec"
1134,-24.1977948499637,-40.1167232772664,-6.78659827568746,0.61927961152046,"sintetico_postestratificado",FALSE,0.377301663020824,"sintetico_postestratificado",FALSE,FALSE,FALSE,"20","435","Santa María Tepantlali"
1135,-24.6803995878342,-42.1846672912607,-7.79397094140236,0.653790606424415,"sintetico_postestratificado",FALSE,0.406986610546073,"sintetico_postestratificado",FALSE,FALSE,FALSE,"20","417","Santa María Jacatepec"
1136,-23.1185543105844,-40.7707797508994,-6.20850894231142,0.678058693622145,"sintetico_postestratificado",FALSE,0.446873150516301,"sintetico_postestratificado",FALSE,FALSE,FALSE,"20","422","Santa María Nativitas"
1137,-23.8000878547959,-38.9000862536647,-7.09865711716412,0.629138787520826,"sintetico_postestratificado",FALSE,0.391137908972867,"sintetico_postestratificado",FALSE,FALSE,FALSE,"20","439","Santa María Tonameca"
1138,-24.7858497207749,-40.7388275342505,-7.74055559281719,0.572540784407393,"sintetico_postestratificado",FALSE,0.324682287199644,"sintetico_postestratificado",FALSE,FALSE,FALSE,"20","450","Santiago Amoltepec"
1139,-22.4878477755735,-40.5372378737102,-2.73380983896109,0.593711759848014,"muestra_directa",TRUE,0.368833282092279,"muestra_directa",TRUE,TRUE,TRUE,"20","075","Reforma de Pineda"
1140,-25.0361727816816,-40.9115383289236,-6.00602717379632,0.613477895542668,"sintetico_postestratificado",FALSE,0.363116167725852,"sintetico_postestratificado",FALSE,FALSE,FALSE,"20","501","Santiago Yucuyachi"
1141,-23.9018083579726,-39.1529201316162,-6.30216267667606,0.59962228490278,"sintetico_postestratificado",FALSE,0.360604201323055,"sintetico_postestratificado",FALSE,FALSE,FALSE,"20","504","Nuevo Zoquiápam"
1142,-24.546921792743,-40.2146566105253,-5.87067156889304,0.580546065822065,"sintetico_postestratificado",FALSE,0.335076847894636,"sintetico_postestratificado",FALSE,FALSE,FALSE,"20","505","Santo Domingo Ingenio"
1143,-25.2794098601168,-40.409559051664,-8.11148289143872,0.615482524221951,"sintetico_postestratificado",FALSE,0.362688425620782,"sintetico_postestratificado",FALSE,FALSE,FALSE,"20","251","San Mateo Nejápam"
1144,-25.915911498795,-39.5486788130323,-11.1293589768005,0.629337946072232,"sintetico_postestratificado",FALSE,0.370178831084282,"sintetico_postestratificado",FALSE,FALSE,FALSE,"20","459","Villa de Santiago Chazumba"
1145,-23.673647445567,-39.1593179253241,-6.97595255144455,0.658264919204889,"sintetico_postestratificado",FALSE,0.421528444749219,"sintetico_postestratificado",FALSE,FALSE,FALSE,"20","477","Santiago Minas"
1146,-24.9893903454945,-40.3943444712265,-6.08763851596058,0.601907400596361,"sintetico_postestratificado",FALSE,0.352013497141416,"sintetico_postestratificado",FALSE,FALSE,FALSE,"20","484","Santiago Tamazola"
1147,-25.161050070738,-44.2386706154074,-4.61459167417597,0.594511292345681,"sintetico_postestratificado",FALSE,0.342900791638301,"sintetico_postestratificado",FALSE,FALSE,FALSE,"20","485","Santiago Tapextla"
1148,-24.4954894860726,-40.8164292544182,-8.08950994419601,0.624429494118302,"sintetico_postestratificado",FALSE,0.379474599257576,"sintetico_postestratificado",FALSE,FALSE,FALSE,"20","492","Santiago Tilantongo"
1149,-25.5818003758218,-42.2150865099925,-7.09548559638984,0.589372890136062,"sintetico_postestratificado",FALSE,0.333554886377844,"sintetico_postestratificado",FALSE,FALSE,FALSE,"20","495","Santiago Xanica"
1150,-24.6616017900063,-40.2010709697678,-7.00723348160828,0.641287174345301,"sintetico_postestratificado",FALSE,0.394671156445238,"sintetico_postestratificado",FALSE,FALSE,FALSE,"20","534","San Vicente Coatlán"
1151,-24.0714623068699,-36.70424638239,-9.04121700324559,0.59086195587065,"sintetico_postestratificado",FALSE,0.350147332801951,"sintetico_postestratificado",FALSE,FALSE,FALSE,"20","537","Silacayoápam"
1152,-24.3425827053928,-40.3530611957614,-6.69467831611527,0.576655529507077,"sintetico_postestratificado",FALSE,0.333229702453149,"sintetico_postestratificado",FALSE,FALSE,FALSE,"20","543","Tataltepec de Valdés"
1153,-23.6454783809009,-38.6552624929237,-8.80241210502333,0.616466283695722,"sintetico_postestratificado",FALSE,0.380011499886713,"sintetico_postestratificado",FALSE,FALSE,FALSE,"20","548","Tepelmeme Villa de Morelos"
1154,-24.6050567409176,-38.8304947407102,-7.36333276100789,0.559272014011415,"sintetico_postestratificado",FALSE,0.313221446602239,"sintetico_postestratificado",FALSE,FALSE,FALSE,"20","463","Santiago Huauclilla"
1155,-25.1644019376292,-40.7871688904959,-6.95879358909845,0.594533947522336,"sintetico_postestratificado",FALSE,0.342889928146044,"sintetico_postestratificado",FALSE,FALSE,FALSE,"20","467","Santiago Jamiltepec"
1156,-24.9823136366994,-41.0938295388367,-7.09835958100317,0.613739433331407,"sintetico_postestratificado",FALSE,0.363916296964413,"sintetico_postestratificado",FALSE,FALSE,FALSE,"20","559","San Juan Bautista Valle Nacional"
1157,-25.3599876176566,-41.260884355509,-6.94557110509929,0.617066229929325,"sintetico_postestratificado",FALSE,0.363466353752759,"sintetico_postestratificado",FALSE,FALSE,FALSE,"20","169","San José Independencia"
1158,-25.3237169957689,-41.4429291014321,-6.8532335310387,0.608473210687815,"sintetico_postestratificado",FALSE,0.355236040730126,"sintetico_postestratificado",FALSE,FALSE,FALSE,"20","117","San Bartolomé Loxicha"
1159,-23.5802983119403,-39.2166640317769,-6.3303673766324,0.575524605472574,"sintetico_postestratificado",FALSE,0.339721622353171,"sintetico_postestratificado",FALSE,FALSE,FALSE,"20","512","Santo Domingo Ozolotepec"
1160,-25.7657444057672,-41.7036774778772,-6.87760668501218,0.590899510641862,"sintetico_postestratificado",FALSE,0.33324206658419,"sintetico_postestratificado",FALSE,FALSE,FALSE,"20","514","Santo Domingo Roayaga"
1161,-25.2261269139732,-40.509489596429,-6.75588359431568,0.621145327570626,"sintetico_postestratificado",FALSE,0.368884058430894,"sintetico_postestratificado",FALSE,FALSE,FALSE,"20","118","San Bartolomé Quialana"
1162,-26.3179438922263,-42.9257893015964,-8.46575137663444,0.567847836520975,"sintetico_postestratificado",FALSE,0.304668397598712,"sintetico_postestratificado",FALSE,FALSE,FALSE,"20","518","Santo Domingo Tlatayápam"
1163,-26.5677701932652,-44.4391480855647,-7.18140405223071,0.599738996509096,"sintetico_postestratificado",FALSE,0.334061294576443,"sintetico_postestratificado",FALSE,FALSE,FALSE,"20","440","Santa María Totolapilla"
1164,-25.8569244198224,-42.9230805875887,-5.28009293027187,0.607932989354694,"sintetico_postestratificado",FALSE,0.34936374515647,"sintetico_postestratificado",FALSE,FALSE,FALSE,"20","568","Zapotitlán Palmas"
1165,-23.3775460462308,-38.9995577132463,-5.28884841914227,0.620786541239242,"sintetico_postestratificado",FALSE,0.387011080776934,"sintetico_postestratificado",FALSE,FALSE,FALSE,"20","521","Santo Domingo Tonaltepec"
1166,-24.4151203664227,-39.9737648523414,-7.47932489108882,0.628836100987837,"sintetico_postestratificado",FALSE,0.384684897323609,"sintetico_postestratificado",FALSE,FALSE,FALSE,"20","001","Abejones"
1167,-26.0545225936047,-42.14515346634,-8.08164096330117,0.598385038013754,"sintetico_postestratificado",FALSE,0.337839812077707,"sintetico_postestratificado",FALSE,FALSE,FALSE,"20","256","San Mateo Tlapiltepec"
1168,-23.2030347395552,-38.9105441375894,-7.71722875337488,0.595403630427945,"sintetico_postestratificado",FALSE,0.363373283032393,"sintetico_postestratificado",FALSE,FALSE,FALSE,"20","003","Asunción Cacalotepec"
1169,-23.2307846883252,-38.5227616722087,-6.31477025131405,0.604148143348848,"sintetico_postestratificado",FALSE,0.371840296465596,"sintetico_postestratificado",FALSE,FALSE,FALSE,"20","263","San Miguel Coatlán"
1170,-23.9003628063191,-37.896221069622,-6.58636733225346,0.593675956286562,"sintetico_postestratificado",FALSE,0.354672328223371,"sintetico_postestratificado",FALSE,FALSE,FALSE,"20","004","Asunción Cuyotepeji"
1171,-23.6886877060047,-42.0577964690825,-4.00960832529837,0.619992937020211,"sintetico_postestratificado",FALSE,0.383106059960165,"sintetico_postestratificado",FALSE,FALSE,FALSE,"20","007","Asunción Ocotlán"
1172,-22.0261362012799,-39.2526697323127,-5.06431288595237,0.675105811212305,"sintetico_postestratificado",FALSE,0.454844449199507,"sintetico_postestratificado",FALSE,FALSE,FALSE,"20","267","San Miguel del Río"
1173,-24.2217282138504,-39.7009691715658,-6.55875173277054,0.558204845030468,"sintetico_postestratificado",FALSE,0.315987562891964,"sintetico_postestratificado",FALSE,FALSE,FALSE,"20","011","Calihualá"
1174,-24.8821584278863,-40.3740901566579,-5.96412798517792,0.579873947320007,"sintetico_postestratificado",FALSE,0.331052363041144,"sintetico_postestratificado",FALSE,FALSE,FALSE,"20","027","Chiquihuitlán de Benito Juárez"
1175,-23.8141986867309,-40.2147943207517,-4.91030296738284,0.610006465141565,"muestra_directa",TRUE,0.371864478274257,"muestra_directa",TRUE,TRUE,TRUE,"20","030","El Espinal"
1176,-24.0201297646692,-40.4937828406923,-5.62295486607527,0.636519261565858,"sintetico_postestratificado",FALSE,0.396317963919166,"sintetico_postestratificado",FALSE,FALSE,FALSE,"20","519","Santo Domingo Tomaltepec"
1177,-26.0902000851785,-41.6017592828502,-6.00700114878893,0.593938564874001,"sintetico_postestratificado",FALSE,0.333036564022216,"sintetico_postestratificado",FALSE,FALSE,FALSE,"20","034","Guadalupe de Ramírez"
1178,-24.6539603772627,-38.8945416531033,-7.41349040939678,0.614204588873896,"sintetico_postestratificado",FALSE,0.367664985101269,"sintetico_postestratificado",FALSE,FALSE,FALSE,"20","013","Ciénega de Zimatlán"
1179,-24.1749300811981,-38.9208212477896,-7.21354613735791,0.644499849712864,"sintetico_postestratificado",FALSE,0.402750548900883,"sintetico_postestratificado",FALSE,FALSE,FALSE,"20","460","Santiago Choápam"
1180,-25.353972681988,-40.9455793140139,-8.1718042127761,0.602476230335242,"sintetico_postestratificado",FALSE,0.348936503515361,"sintetico_postestratificado",FALSE,FALSE,FALSE,"20","044","Loma Bonita"
1181,-21.9889237586453,-38.6972414722113,-4.99816422634416,0.66693637827378,"sintetico_postestratificado",FALSE,0.447047140687327,"sintetico_postestratificado",FALSE,FALSE,FALSE,"20","017","La Compañía"
1182,-24.5865528418104,-40.1911324950416,-7.66861577537913,0.621657558051032,"sintetico_postestratificado",FALSE,0.375792029632928,"sintetico_postestratificado",FALSE,FALSE,FALSE,"20","507","Santo Domingo Armenta"
1183,-25.2612241024189,-42.972786693768,-5.04115335913258,0.591925601989948,"sintetico_postestratificado",FALSE,0.339313360965759,"sintetico_postestratificado",FALSE,FALSE,FALSE,"20","049","Magdalena Ocotlán"
1184,-24.7370229996702,-40.9463985154453,-7.96915474066275,0.585098814279302,"sintetico_postestratificado",FALSE,0.337728584282601,"sintetico_postestratificado",FALSE,FALSE,FALSE,"20","520","Santo Domingo Tonalá"
1185,-23.9064984437282,-40.1155247163775,-6.51327093682167,0.560210676125201,"sintetico_postestratificado",FALSE,0.321145691687919,"sintetico_postestratificado",FALSE,FALSE,FALSE,"20","019","Concepción Pápalo"
1186,-25.454698372473,-41.6813760437397,-7.9288331216878,0.586241537893391,"sintetico_postestratificado",FALSE,0.33169455416866,"sintetico_postestratificado",FALSE,FALSE,FALSE,"20","022","Cosoltepec"
1187,-24.0898438496945,-38.6227559630448,-6.70885828136173,0.557691421695726,"sintetico_postestratificado",FALSE,0.316792983198781,"sintetico_postestratificado",FALSE,FALSE,FALSE,"20","024","Cuyamecalco Villa de Zaragoza"
1188,-21.0304166320128,-42.3000445267386,3.68809211568655,0.595090691205431,"muestra_directa",TRUE,0.384786524885303,"muestra_directa",TRUE,TRUE,TRUE,"20","025","Chahuites"
1189,-22.6807995818082,-37.898440196035,-6.83984015416992,0.611368627149548,"sintetico_postestratificado",FALSE,0.384560631331467,"sintetico_postestratificado",FALSE,FALSE,FALSE,"20","026","Chalcatongo de Hidalgo"
1190,-24.6416180957873,-39.7062009775549,-8.18422493892564,0.600442173414059,"sintetico_postestratificado",FALSE,0.354025992456185,"sintetico_postestratificado",FALSE,FALSE,FALSE,"20","029","Eloxochitlán de Flores Magón"
1191,-24.3691949010402,-39.6566262615943,-6.4521178938024,0.617561829752906,"sintetico_postestratificado",FALSE,0.373869880742505,"sintetico_postestratificado",FALSE,FALSE,FALSE,"20","032","Fresnillo de Trujano"
1192,-25.971710996142,-40.404091944025,-10.0977515882435,0.548376031188795,"muestra_directa",FALSE,0.288658921227375,"muestra_directa",FALSE,TRUE,FALSE,"20","515","Santo Domingo Tehuantepec"
1193,-24.4182002723882,-39.1456651654679,-7.46510564751418,0.608232859007032,"muestra_directa",TRUE,0.36405085628315,"muestra_directa",TRUE,TRUE,TRUE,"20","516","Santo Domingo Teojomulco"
1194,-24.8559118277815,-40.5421613979005,-7.00278573686042,0.601784135062455,"sintetico_postestratificado",FALSE,0.353225016784639,"sintetico_postestratificado",FALSE,FALSE,FALSE,"20","033","Guadalupe Etla"
1195,-24.3215217551361,-39.5291009794517,-7.4269950696473,0.661253239697651,"sintetico_postestratificado",FALSE,0.418038022146289,"sintetico_postestratificado",FALSE,FALSE,FALSE,"20","050","Magdalena Peñasco"
1196,-21.3335982972151,-38.9133956659008,-0.468784125938235,0.653146303001618,"sintetico_postestratificado",FALSE,0.439810320029467,"sintetico_postestratificado",FALSE,FALSE,FALSE,"20","035","Guelatao de Juárez"
1197,-25.136302853998,-40.6975636936126,-8.52786232463954,0.603222163817767,"sintetico_postestratificado",FALSE,0.351859135277787,"sintetico_postestratificado",FALSE,FALSE,FALSE,"20","051","Magdalena Teitipac"
1198,-24.0760578297168,-39.3725881805201,-6.52105074043815,0.581485558975568,"sintetico_postestratificado",FALSE,0.3407249806784,"sintetico_postestratificado",FALSE,FALSE,FALSE,"20","536","San Vicente Nuñú"
1199,-24.9953777962491,-39.931027817597,-7.45580023741807,0.606918920345903,"sintetico_postestratificado",FALSE,0.356965142383413,"sintetico_postestratificado",FALSE,FALSE,FALSE,"20","047","Santa Magdalena Jicotlán"
1200,-25.3965656264485,-41.7855981512417,-6.74880631389235,0.640357732533818,"sintetico_postestratificado",FALSE,0.386392076269334,"sintetico_postestratificado",FALSE,FALSE,FALSE,"20","037","Mesones Hidalgo"
1201,-24.5155429404853,-40.4253336388554,-7.10789058627571,0.6613080371336,"sintetico_postestratificado",FALSE,0.416152607728747,"sintetico_postestratificado",FALSE,FALSE,FALSE,"20","040","Huautepec"
1202,-23.8469490443087,-38.6279916249796,-7.34681063018876,0.644293658849526,"sintetico_postestratificado",FALSE,0.405824168406438,"sintetico_postestratificado",FALSE,FALSE,FALSE,"20","041","Huautla de Jiménez"
1203,-24.0264643670042,-38.8562815787451,-8.40083438304338,0.597271002667925,"sintetico_postestratificado",FALSE,0.357006358997883,"sintetico_postestratificado",FALSE,FALSE,FALSE,"20","042","Ixtlán de Juárez"
1204,-25.10756728497,-40.7346799561479,-7.8762212503773,0.603166069625758,"sintetico_postestratificado",FALSE,0.352090396776058,"sintetico_postestratificado",FALSE,FALSE,FALSE,"20","045","Magdalena Apasco"
1205,-24.2381379898207,-40.7226673815731,-6.3894557481848,0.644977317656893,"sintetico_postestratificado",FALSE,0.402595937758686,"sintetico_postestratificado",FALSE,FALSE,FALSE,"20","053","Magdalena Tlacotepec"
1206,-23.1880735657214,-37.4299110806515,-7.84759133932497,0.675960882483152,"sintetico_postestratificado",FALSE,0.444080146825939,"sintetico_postestratificado",FALSE,FALSE,FALSE,"20","046","Magdalena Jaltepec"
1207,-24.2282024323174,-38.7659096281049,-5.83411787435118,0.647697839301758,"sintetico_postestratificado",FALSE,0.405415814978584,"sintetico_postestratificado",FALSE,FALSE,FALSE,"20","523","Santo Domingo Yanhuitlán"
1208,-23.4958431981542,-38.4333573357824,-5.99208160819556,0.614571411632715,"sintetico_postestratificado",FALSE,0.379612979651173,"sintetico_postestratificado",FALSE,FALSE,FALSE,"20","048","Magdalena Mixtepec"
1209,-23.9120862381204,-40.1166459878071,-7.24661931031694,0.653857531595937,"sintetico_postestratificado",FALSE,0.414736669214733,"sintetico_postestratificado",FALSE,FALSE,FALSE,"20","522","Santo Domingo Xagacía"
1210,-25.0187710766898,-39.2238888843346,-9.11248803905931,0.609916455263078,"sintetico_postestratificado",FALSE,0.359728744496179,"sintetico_postestratificado",FALSE,FALSE,FALSE,"20","456","Santiago Cacaloxtepec"
1211,-26.3216212289556,-42.4113190983285,-7.4234822769013,0.593073838224988,"sintetico_postestratificado",FALSE,0.329857625935432,"sintetico_postestratificado",FALSE,FALSE,FALSE,"20","060","Mixistlán de la Reforma"
1212,-25.0803760151644,-42.5376403023035,-6.25472926939335,0.612060757735909,"sintetico_postestratificado",FALSE,0.361256997584265,"sintetico_postestratificado",FALSE,FALSE,FALSE,"20","061","Monjas"
1213,-24.3633798007147,-42.5580654742506,-2.29325746386276,0.621795932103364,"sintetico_postestratificado",FALSE,0.378162134096218,"sintetico_postestratificado",FALSE,FALSE,FALSE,"20","062","Natividad"
1214,-24.6972115877787,-40.4880179258385,-6.37119737151694,0.593856027879685,"sintetico_postestratificado",FALSE,0.346883912001898,"sintetico_postestratificado",FALSE,FALSE,FALSE,"20","063","Nazareno Etla"
1215,-24.5544246951984,-39.4904746534906,-6.68718313395439,0.610528906287151,"sintetico_postestratificado",FALSE,0.364984659335167,"sintetico_postestratificado",FALSE,FALSE,FALSE,"20","065","Ixpantepec Nieves"
1216,-23.7995876073995,-40.200394764017,-4.79280331423883,0.630933639199715,"sintetico_postestratificado",FALSE,0.39293776312572,"sintetico_postestratificado",FALSE,FALSE,FALSE,"20","069","La Pe"
1217,-23.8708179867068,-39.0953124240449,-6.51091226724401,0.63704576113653,"sintetico_postestratificado",FALSE,0.398337581269462,"sintetico_postestratificado",FALSE,FALSE,FALSE,"20","070","Pinotepa de Don Luis"
1218,-25.2655652407149,-41.485407921547,-6.88403180537716,0.634151233802348,"sintetico_postestratificado",FALSE,0.381495581395199,"sintetico_postestratificado",FALSE,FALSE,FALSE,"20","071","Pluma Hidalgo"
1219,-24.5391675828077,-40.3013485884493,-7.44618658658767,0.578093842242893,"sintetico_postestratificado",FALSE,0.332702166414817,"sintetico_postestratificado",FALSE,FALSE,FALSE,"20","096","San Andrés Sinaxtla"
1220,-24.4993633184041,-39.9151223175508,-7.92122801374428,0.610103980424312,"sintetico_postestratificado",FALSE,0.365110347240271,"sintetico_postestratificado",FALSE,FALSE,FALSE,"20","072","San José del Progreso"
1221,-24.6345710456922,-40.2662933300646,-8.24004544858153,0.636029701966195,"sintetico_postestratificado",FALSE,0.389683991509273,"sintetico_postestratificado",FALSE,FALSE,FALSE,"20","097","San Andrés Solaga"
1222,-23.485074751555,-39.1961769939675,-6.26419543942914,0.631605712453752,"sintetico_postestratificado",FALSE,0.396754964938202,"sintetico_postestratificado",FALSE,FALSE,FALSE,"20","098","San Andrés Teotilálpam"
1223,-23.6147095895122,-38.9564468822552,-6.12569106047476,0.616680342305008,"sintetico_postestratificado",FALSE,0.380533246409886,"sintetico_postestratificado",FALSE,FALSE,FALSE,"20","074","Santa Catarina Quioquitani"
1224,-23.997954890123,-38.7957044736985,-7.23385754154084,0.589573922282272,"muestra_directa",TRUE,0.349594373381041,"muestra_directa",TRUE,TRUE,TRUE,"20","076","La Reforma"
1225,-25.3930039687683,-40.7313321713686,-10.1805337903663,0.599804031380046,"sintetico_postestratificado",FALSE,0.345873991692363,"sintetico_postestratificado",FALSE,FALSE,FALSE,"20","190","San Juan Cotzocón"
1226,-25.5032935761252,-40.5702976624693,-7.62101192532073,0.588640567281677,"sintetico_postestratificado",FALSE,0.333607631520426,"sintetico_postestratificado",FALSE,FALSE,FALSE,"20","078","Rojas de Cuauhtémoc"
1227,-24.2930029952314,-40.9859715908901,-6.9698716602581,0.605496934817477,"sintetico_postestratificado",FALSE,0.362566904865163,"sintetico_postestratificado",FALSE,FALSE,FALSE,"20","077","Reyes Etla"
1228,-24.1558452117807,-39.0874949380817,-6.38153405750663,0.581487304692085,"sintetico_postestratificado",FALSE,0.339928852574278,"sintetico_postestratificado",FALSE,FALSE,FALSE,"20","081","San Agustín Atenango"
1229,-23.713974976679,-39.4464000685794,-6.66323796817288,0.603951341285944,"sintetico_postestratificado",FALSE,0.366811591519154,"sintetico_postestratificado",FALSE,FALSE,FALSE,"20","094","San Andrés Nuxiño"
1230,-25.0548000093333,-40.5272021811019,-7.01986372016594,0.560237342500338,"sintetico_postestratificado",FALSE,0.309689342407004,"sintetico_postestratificado",FALSE,FALSE,FALSE,"20","080","San Agustín Amatengo"
1231,-24.5184402918693,-40.2619180722848,-6.55919078721308,0.56868917064453,"sintetico_postestratificado",FALSE,0.323504767725837,"sintetico_postestratificado",FALSE,FALSE,FALSE,"20","084","San Agustín Etla"
1232,-24.9184416855128,-40.4185100821436,-7.52084315654647,0.582904394303243,"sintetico_postestratificado",FALSE,0.333719977448115,"sintetico_postestratificado",FALSE,FALSE,FALSE,"20","082","San Agustín Chayuco"
1233,-25.1302421716545,-40.4411665887038,-5.95111515559422,0.556954101448155,"sintetico_postestratificado",FALSE,0.305651679731609,"sintetico_postestratificado",FALSE,FALSE,FALSE,"20","086","San Agustín Tlacotepec"
1234,-24.8580163966415,-40.8339420166185,-7.50447237088169,0.573976374537892,"sintetico_postestratificado",FALSE,0.325396210571477,"sintetico_postestratificado",FALSE,FALSE,FALSE,"20","083","San Agustín de las Juntas"
1235,-24.7646481701913,-39.9862870024078,-7.38651300263198,0.610094826825902,"sintetico_postestratificado",FALSE,0.362448345123989,"sintetico_postestratificado",FALSE,FALSE,FALSE,"20","092","San Andrés Ixtlahuaca"
1236,-23.4661986345869,-38.2346933397761,-5.11309704934137,0.642446022292929,"sintetico_postestratificado",FALSE,0.40778403594706,"sintetico_postestratificado",FALSE,FALSE,FALSE,"20","087","San Agustín Yatareni"
1237,-26.0659554219213,-41.2269656664144,-7.71139257743967,0.596523784475973,"sintetico_postestratificado",FALSE,0.33586423025676,"sintetico_postestratificado",FALSE,FALSE,FALSE,"20","089","San Andrés Dinicuiti"
1238,-24.914046269795,-41.0285579340678,-7.65469632105502,0.580483552473307,"sintetico_postestratificado",FALSE,0.331343089775356,"sintetico_postestratificado",FALSE,FALSE,FALSE,"20","090","San Andrés Huaxpaltepec"
1239,-24.6704186601292,-39.7150633513315,-6.44792098820009,0.594062271070481,"sintetico_postestratificado",FALSE,0.347358084469189,"sintetico_postestratificado",FALSE,FALSE,FALSE,"20","091","San Andrés Huayápam"
1240,-23.7827786189257,-39.3416824652517,-7.14067586949752,0.57987749771298,"sintetico_postestratificado",FALSE,0.342049711523724,"sintetico_postestratificado",FALSE,FALSE,FALSE,"20","095","San Andrés Paxtlán"
1241,-24.6423472445248,-42.57581402355,-8.1280766789649,0.572754475738814,"sintetico_postestratificado",FALSE,0.326331003293566,"sintetico_postestratificado",FALSE,FALSE,FALSE,"20","100","San Andrés Yaá"
1242,-24.7509058431405,-40.772752836009,-6.8785598594802,0.606694406393274,"sintetico_postestratificado",FALSE,0.359185347961869,"sintetico_postestratificado",FALSE,FALSE,FALSE,"20","101","San Andrés Zabache"
1243,-24.059804024531,-39.4506079847096,-7.89904200819825,0.616261092115975,"sintetico_postestratificado",FALSE,0.375663051870665,"sintetico_postestratificado",FALSE,FALSE,FALSE,"20","102","San Andrés Zautla"
1244,-24.2512539983008,-40.4161638146683,-7.02663010461682,0.559635981732388,"sintetico_postestratificado",FALSE,0.317123441749381,"sintetico_postestratificado",FALSE,FALSE,FALSE,"20","233","San Lucas Quiaviní"
1245,-22.7112800469401,-39.4267166914554,-5.08983238368236,0.669533141513999,"sintetico_postestratificado",FALSE,0.442420341044598,"sintetico_postestratificado",FALSE,FALSE,FALSE,"20","103","San Antonino Castillo Velasco"
1246,-20.9522387886548,-35.9709419331475,-5.79299208551817,0.69530157204559,"sintetico_postestratificado",FALSE,0.485779184159042,"sintetico_postestratificado",FALSE,FALSE,FALSE,"20","104","San Antonino el Alto"
1247,-25.9995466411064,-41.4439995994405,-7.78939278026939,0.577661407821791,"sintetico_postestratificado",FALSE,0.317665941410727,"sintetico_postestratificado",FALSE,FALSE,FALSE,"20","105","San Antonino Monte Verde"
1248,-23.4933255650392,-38.2648040580407,-6.22958135967707,0.589311939972662,"muestra_directa",TRUE,0.35437868432227,"muestra_directa",TRUE,TRUE,TRUE,"20","107","San Antonio de la Cal"
1249,-24.724327342079,-41.5319812440281,-7.6970701145341,0.614627958936988,"sintetico_postestratificado",FALSE,0.367384685516198,"sintetico_postestratificado",FALSE,FALSE,FALSE,"20","108","San Antonio Huitepec"
1250,-26.1480632236574,-41.5934338432297,-8.04999067412,0.602495949510312,"sintetico_postestratificado",FALSE,0.341015317273738,"sintetico_postestratificado",FALSE,FALSE,FALSE,"20","109","San Antonio Nanahuatípam"
1251,-24.3904255226501,-41.1584991096079,-6.47250762453965,0.598761757090384,"sintetico_postestratificado",FALSE,0.354857501863883,"sintetico_postestratificado",FALSE,FALSE,FALSE,"20","110","San Antonio Sinicahua"
1252,-24.3675827699552,-39.702953376199,-6.79553068333149,0.563352450402967,"sintetico_postestratificado",FALSE,0.319676622703415,"sintetico_postestratificado",FALSE,FALSE,FALSE,"20","111","San Antonio Tepetlapa"
1253,-25.0569200123822,-40.4045488475001,-8.04641934151114,0.556969962537166,"sintetico_postestratificado",FALSE,0.306400762413344,"sintetico_postestratificado",FALSE,FALSE,FALSE,"20","527","Santos Reyes Pápalo"
1254,-25.2027770226515,-42.5085551592383,-7.38795230536997,0.609204871892721,"sintetico_postestratificado",FALSE,0.357177101666206,"sintetico_postestratificado",FALSE,FALSE,FALSE,"20","116","San Bartolomé Ayautla"
1255,-25.1386629114374,-41.3516867064862,-6.99857771731476,0.62106620741074,"sintetico_postestratificado",FALSE,0.369679578296366,"sintetico_postestratificado",FALSE,FALSE,FALSE,"20","114","San Baltazar Yatzachi el Bajo"
1256,-25.1064334638032,-41.4129058185251,-6.68704523725102,0.621854305723178,"sintetico_postestratificado",FALSE,0.370789971085146,"sintetico_postestratificado",FALSE,FALSE,FALSE,"20","172","San Juan Achiutla"
1257,-24.5485162377302,-38.2624193243668,-8.52333705752082,0.589509498247636,"sintetico_postestratificado",FALSE,0.344024335870334,"sintetico_postestratificado",FALSE,FALSE,FALSE,"20","115","San Bartolo Coyotepec"
1258,-25.0568526270531,-40.7260900917854,-6.2800841784167,0.586266878627291,"sintetico_postestratificado",FALSE,0.33569835235676,"sintetico_postestratificado",FALSE,FALSE,FALSE,"20","413","Santa María Huatulco"
1259,-24.1195475204949,-38.998687312736,-6.98396056559423,0.655665806391069,"sintetico_postestratificado",FALSE,0.414470331186121,"sintetico_postestratificado",FALSE,FALSE,FALSE,"20","119","San Bartolomé Yucuañe"
1260,-23.73596300382,-40.349739446454,-5.80944482750225,0.61024482914751,"sintetico_postestratificado",FALSE,0.372885199109311,"sintetico_postestratificado",FALSE,FALSE,FALSE,"20","120","San Bartolomé Zoogocho"
1261,-24.7136491495839,-38.5997143058885,-8.59678965951165,0.568971429656249,"sintetico_postestratificado",FALSE,0.32183493816041,"sintetico_postestratificado",FALSE,FALSE,FALSE,"20","121","San Bartolo Soyaltepec"
1262,-23.422994793438,-39.3473423817672,-7.09359998020386,0.615092906200523,"sintetico_postestratificado",FALSE,0.380862958266144,"sintetico_postestratificado",FALSE,FALSE,FALSE,"20","014","Ciudad Ixtepec"
1263,-24.6475701493143,-40.6518555906304,-6.3333748216792,0.596448729634753,"sintetico_postestratificado",FALSE,0.349973028141611,"sintetico_postestratificado",FALSE,FALSE,FALSE,"20","015","Coatecas Altas"
1264,-24.4567943012264,-39.9765676363976,-6.33013043536891,0.577314280111087,"sintetico_postestratificado",FALSE,0.332746337098823,"sintetico_postestratificado",FALSE,FALSE,FALSE,"20","123","San Bernardo Mixtepec"
1265,-24.2994688698515,-41.543670486167,-3.68592666512504,0.58200668296669,"sintetico_postestratificado",FALSE,0.339011994268175,"sintetico_postestratificado",FALSE,FALSE,FALSE,"20","122","San Bartolo Yautepec"
1266,-25.1259585377124,-40.8180923593867,-8.21604428461236,0.595976991921385,"sintetico_postestratificado",FALSE,0.34471740654426,"sintetico_postestratificado",FALSE,FALSE,FALSE,"20","528","Santos Reyes Tepejillo"
1267,-24.9779079930886,-39.4653795205619,-8.27033707913943,0.557019025895279,"sintetico_postestratificado",FALSE,0.307239945964393,"sintetico_postestratificado",FALSE,FALSE,FALSE,"20","124","Heroica Villa de San Blas Atempa"
1268,-25.9116647967339,-41.6341677040646,-6.93080822495285,0.569221962988197,"sintetico_postestratificado",FALSE,0.310105315020857,"sintetico_postestratificado",FALSE,FALSE,FALSE,"20","129","San Cristóbal Suchixtlahuaca"
1269,-26.407278191432,-41.9063791578162,-10.4400458339505,0.610691125074679,"sintetico_postestratificado",FALSE,0.34661834316036,"sintetico_postestratificado",FALSE,FALSE,FALSE,"20","206","San Juan de los Cués"
1270,-25.2446443487299,-41.0084856427864,-7.81271519786375,0.60728973666086,"sintetico_postestratificado",FALSE,0.354843293173561,"sintetico_postestratificado",FALSE,FALSE,FALSE,"20","126","San Cristóbal Amatlán"
1271,-25.3315622923744,-41.1310650824836,-7.73548434813044,0.584242097443758,"sintetico_postestratificado",FALSE,0.330926474520014,"sintetico_postestratificado",FALSE,FALSE,FALSE,"20","020","Constancia del Rosario"
1272,-25.0719191950166,-41.5887476551444,-5.3489574511382,0.578236062268887,"sintetico_postestratificado",FALSE,0.327516870318721,"sintetico_postestratificado",FALSE,FALSE,FALSE,"20","127","San Cristóbal Amoltepec"
1273,-24.9542365346593,-42.2161567563822,-5.20502523622432,0.578862141169116,"sintetico_postestratificado",FALSE,0.329319775822523,"sintetico_postestratificado",FALSE,FALSE,FALSE,"20","128","San Cristóbal Lachirioag"
1274,-25.5025786211008,-41.8914201278315,-8.27135456310658,0.62094494528426,"sintetico_postestratificado",FALSE,0.365919159073252,"sintetico_postestratificado",FALSE,FALSE,FALSE,"20","529","Santos Reyes Yucuná"
1275,-23.8625433446535,-38.8389836396544,-7.10194701932045,0.57903558949303,"sintetico_postestratificado",FALSE,0.340410156046495,"sintetico_postestratificado",FALSE,FALSE,FALSE,"20","131","San Dionisio Ocotepec"
1276,-25.0402904556559,-41.5423517611962,-7.87961003532288,0.587611902915413,"muestra_directa",TRUE,0.337208998358854,"muestra_directa",TRUE,TRUE,TRUE,"20","130","San Dionisio del Mar"
1277,-24.4886389264142,-39.8446501129773,-7.89307107542641,0.649502562913297,"sintetico_postestratificado",FALSE,0.404616173649155,"sintetico_postestratificado",FALSE,FALSE,FALSE,"20","152","San Francisco Tlapancingo"
1278,-24.3663563244117,-40.5770119447357,-8.54372887243152,0.623266568099429,"sintetico_postestratificado",FALSE,0.379603004855313,"sintetico_postestratificado",FALSE,FALSE,FALSE,"20","153","San Gabriel Mixtepec"
1279,-23.2799984543852,-39.438505498508,-5.59658289796688,0.584584269166229,"sintetico_postestratificado",FALSE,0.351784284622376,"sintetico_postestratificado",FALSE,FALSE,FALSE,"20","132","San Dionisio Ocotlán"
1280,-24.3547697787156,-39.489777313282,-8.18558304750034,0.561333645790444,"sintetico_postestratificado",FALSE,0.317785948003289,"sintetico_postestratificado",FALSE,FALSE,FALSE,"20","135","San Felipe Tejalápam"
1281,-24.8998311913914,-40.1001217672788,-5.96251957625893,0.557177866157686,"sintetico_postestratificado",FALSE,0.308179554243772,"sintetico_postestratificado",FALSE,FALSE,FALSE,"20","136","San Felipe Usila"
1282,-24.4691517860641,-40.5690365649531,-5.50753179600026,0.567736732022839,"sintetico_postestratificado",FALSE,0.323045214162198,"sintetico_postestratificado",FALSE,FALSE,FALSE,"20","137","San Francisco Cahuacuá"
1283,-25.2284327855303,-41.1886148761373,-7.4908818471834,0.57818539709379,"sintetico_postestratificado",FALSE,0.325901069238486,"sintetico_postestratificado",FALSE,FALSE,FALSE,"20","139","San Francisco Chapulapa"
1284,-24.0974724700824,-39.4353628636151,-6.13805566058059,0.552744981181378,"sintetico_postestratificado",FALSE,0.311770256480554,"sintetico_postestratificado",FALSE,FALSE,FALSE,"20","142","San Francisco Huehuetlán"
1285,-25.0579688231303,-40.3808668216355,-8.46046936912204,0.592970721749366,"sintetico_postestratificado",FALSE,0.342391033518062,"sintetico_postestratificado",FALSE,FALSE,FALSE,"20","140","San Francisco Chindúa"
1286,-23.9724156215169,-39.5415063551859,-7.02288055571652,0.563614486942161,"sintetico_postestratificado",FALSE,0.323890330726992,"sintetico_postestratificado",FALSE,FALSE,FALSE,"20","141","San Francisco del Mar"
1287,-23.843083155228,-41.1778340462722,-4.06898954139361,0.604754489615152,"sintetico_postestratificado",FALSE,0.366323658062873,"sintetico_postestratificado",FALSE,FALSE,FALSE,"20","160","San Jerónimo Silacayoapilla"
1288,-24.2482161152547,-40.3656515842237,-6.46888183668068,0.579956005735452,"sintetico_postestratificado",FALSE,0.337473844582904,"sintetico_postestratificado",FALSE,FALSE,FALSE,"20","143","San Francisco Ixhuatán"
1289,-25.8965598763914,-42.4477862935093,-7.59725582114793,0.62930384894869,"sintetico_postestratificado",FALSE,0.370338250184776,"sintetico_postestratificado",FALSE,FALSE,FALSE,"20","144","San Francisco Jaltepetongo"
1290,-23.9380813903867,-39.7951010368999,-5.51195439951922,0.59283773878618,"sintetico_postestratificado",FALSE,0.353456924882313,"sintetico_postestratificado",FALSE,FALSE,FALSE,"20","145","San Francisco Lachigoló"
1291,-25.2793791783923,-42.6799905060348,-6.78058102815235,0.600446313916386,"sintetico_postestratificado",FALSE,0.347652522132464,"sintetico_postestratificado",FALSE,FALSE,FALSE,"20","531","Santo Tomás Mazaltepec"
1292,-24.760968058523,-41.816681551488,-4.31110195119221,0.60329522669617,"sintetico_postestratificado",FALSE,0.35568554611094,"sintetico_postestratificado",FALSE,FALSE,FALSE,"20","146","San Francisco Logueche"
1293,-24.169997628099,-39.1244136808011,-7.29067842480819,0.59800947154779,"sintetico_postestratificado",FALSE,0.356309495266801,"sintetico_postestratificado",FALSE,FALSE,FALSE,"20","147","San Francisco Nuxaño"
1294,-24.4873832153234,-46.0445831346909,-0.664976969286181,0.616162630789798,"sintetico_postestratificado",FALSE,0.371288798636564,"sintetico_postestratificado",FALSE,FALSE,FALSE,"20","148","San Francisco Ozolotepec"
1295,-25.1733617649528,-40.5179126546492,-7.36266899415044,0.603862999818611,"sintetico_postestratificado",FALSE,0.352129382169083,"sintetico_postestratificado",FALSE,FALSE,FALSE,"20","150","San Francisco Telixtlahuaca"
1296,-25.0615151569727,-40.1158792195925,-7.57801936548003,0.596067596424155,"sintetico_postestratificado",FALSE,0.345452444854428,"sintetico_postestratificado",FALSE,FALSE,FALSE,"20","151","San Francisco Teopan"
1297,-24.0604646646726,-41.2859140889315,-4.63200252604759,0.625114748011845,"sintetico_postestratificado",FALSE,0.384510101365119,"sintetico_postestratificado",FALSE,FALSE,FALSE,"20","157","San Jacinto Amilpas"
1298,-25.6532625724033,-42.4374869071954,-7.42495619458631,0.587871582928453,"sintetico_postestratificado",FALSE,0.33133895720442,"sintetico_postestratificado",FALSE,FALSE,FALSE,"20","248","San Mateo del Mar"
1299,-21.4554853139172,-40.0292047414195,-1.57721093889761,0.693762218164572,"sintetico_postestratificado",FALSE,0.479207365025399,"sintetico_postestratificado",FALSE,FALSE,FALSE,"20","158","San Jacinto Tlacotepec"
1300,-21.2585352691079,-37.2088151681978,-4.26286474007102,0.728519502626469,"sintetico_postestratificado",FALSE,0.51593414993539,"sintetico_postestratificado",FALSE,FALSE,FALSE,"20","162","San Jerónimo Taviche"
1301,-24.3035516313941,-40.3943958603863,-6.47945367816738,0.683944304694122,"sintetico_postestratificado",FALSE,0.440908788380181,"sintetico_postestratificado",FALSE,FALSE,FALSE,"20","164","San Jorge Nuchita"
1302,-22.3978371253621,-36.3272004065315,-7.20045625550274,0.690039690613471,"sintetico_postestratificado",FALSE,0.466061319359849,"sintetico_postestratificado",FALSE,FALSE,FALSE,"20","176","San Juan Bautista Coixtlahuaca"
1303,-23.9787257875828,-40.1427181603925,-7.67563666858199,0.658939106271661,"sintetico_postestratificado",FALSE,0.419151848395833,"sintetico_postestratificado",FALSE,FALSE,FALSE,"20","165","San José Ayuquila"
1304,-22.9292566455274,-39.4241043465018,-4.75732456296447,0.676172535506245,"sintetico_postestratificado",FALSE,0.44687996905097,"sintetico_postestratificado",FALSE,FALSE,FALSE,"20","167","San José del Peñasco"
1305,-24.4072027485931,-38.519935859354,-7.4608743047269,0.594423163617249,"sintetico_postestratificado",FALSE,0.350351136131319,"sintetico_postestratificado",FALSE,FALSE,FALSE,"20","530","Santo Tomás Jalieza"
1306,-24.1710011241147,-39.4659851662095,-6.74909697510896,0.550114530347336,"sintetico_postestratificado",FALSE,0.30840451910619,"sintetico_postestratificado",FALSE,FALSE,FALSE,"20","187","San Juan Coatzóspam"
1307,-24.2970399957386,-39.061187469117,-6.97719318185209,0.618573304358434,"sintetico_postestratificado",FALSE,0.375602904401048,"sintetico_postestratificado",FALSE,FALSE,FALSE,"20","171","San José Tenango"
1308,-24.3932416170972,-39.5793895813619,-7.87774727497573,0.622595677146132,"sintetico_postestratificado",FALSE,0.378663260975159,"sintetico_postestratificado",FALSE,FALSE,FALSE,"20","188","San Juan Colorado"
1309,-24.6667016614072,-40.0680675703803,-7.40935437905767,0.562000372700475,"sintetico_postestratificado",FALSE,0.315333356086403,"sintetico_postestratificado",FALSE,FALSE,FALSE,"20","173","San Juan Atepec"
1310,-23.9203356997764,-39.544962441798,-5.34521639465017,0.620465893013845,"sintetico_postestratificado",FALSE,0.381262536016081,"sintetico_postestratificado",FALSE,FALSE,FALSE,"20","174","Ánimas Trujano"
1311,-24.7154436934186,-41.1493283008304,-5.90575272289048,0.586331046879807,"sintetico_postestratificado",FALSE,0.339176609945622,"sintetico_postestratificado",FALSE,FALSE,FALSE,"20","191","San Juan Chicomezúchil"
1312,-24.7492875970628,-40.6168055521595,-6.56381138656691,0.568517769605785,"sintetico_postestratificado",FALSE,0.321024893635157,"sintetico_postestratificado",FALSE,FALSE,FALSE,"20","196","San Juan Evangelista Analco"
1313,-24.0566596826719,-39.8931029563097,-6.3511409682274,0.585826629407485,"sintetico_postestratificado",FALSE,0.345260032580766,"sintetico_postestratificado",FALSE,FALSE,FALSE,"20","178","San Juan Bautista Guelache"
1314,-23.8966647677828,-38.5913622102489,-6.25390321356958,0.608738387502432,"sintetico_postestratificado",FALSE,0.369771739824604,"sintetico_postestratificado",FALSE,FALSE,FALSE,"20","197","San Juan Guelavía"
1315,-21.5581670330347,-39.2765445518832,-4.61582996923752,0.701242275333281,"sintetico_postestratificado",FALSE,0.485660605002934,"sintetico_postestratificado",FALSE,FALSE,FALSE,"20","180","San Juan Bautista Lo de Soto"
1316,-25.0104775461825,-41.9055671302088,-3.71756952998208,0.579865719539777,"sintetico_postestratificado",FALSE,0.329760944077952,"sintetico_postestratificado",FALSE,FALSE,FALSE,"20","204","San Juan Lajarcia"
1317,-25.0280031913958,-40.8792286433783,-7.14599377310882,0.62613863816961,"sintetico_postestratificado",FALSE,0.375858606255652,"sintetico_postestratificado",FALSE,FALSE,FALSE,"20","181","San Juan Bautista Suchitepec"
1318,-24.1004178456465,-39.2140936018308,-7.24608259199036,0.662702261287928,"sintetico_postestratificado",FALSE,0.421698082831464,"sintetico_postestratificado",FALSE,FALSE,FALSE,"20","480","Santiago Nundiche"
1319,-24.3158277443361,-40.9350976791514,-5.79299756695119,0.644619858152678,"sintetico_postestratificado",FALSE,0.401461580709317,"sintetico_postestratificado",FALSE,FALSE,FALSE,"20","182","San Juan Bautista Tlacoatzintepec"
1320,-25.6372564990293,-41.8813019175016,-8.90893167505225,0.609750455313541,"sintetico_postestratificado",FALSE,0.353377890323247,"sintetico_postestratificado",FALSE,FALSE,FALSE,"20","183","San Juan Bautista Tlachichilco"
1321,-24.0410727873622,-41.7015828013132,-6.18428919148867,0.618828229758956,"sintetico_postestratificado",FALSE,0.378417501885334,"sintetico_postestratificado",FALSE,FALSE,FALSE,"20","189","San Juan Comaltepec"
1322,-23.4775975388987,-39.7096655242653,-4.37471278226433,0.614624287206494,"sintetico_postestratificado",FALSE,0.379848311817507,"sintetico_postestratificado",FALSE,FALSE,FALSE,"20","192","San Juan Chilateca"
1323,-22.6848090527022,-38.603626321149,-6.69740368355428,0.666541171077693,"sintetico_postestratificado",FALSE,0.439693080550671,"sintetico_postestratificado",FALSE,FALSE,FALSE,"20","193","San Juan del Estado"
1324,-25.2264514470425,-41.0128996281807,-7.76550670210921,0.570485449801834,"sintetico_postestratificado",FALSE,0.318220935331409,"sintetico_postestratificado",FALSE,FALSE,FALSE,"20","464","Santiago Ihuitlán Plumas"
1325,-24.0151940966742,-40.3452502927774,-6.34545348958644,0.549573142241383,"sintetico_postestratificado",FALSE,0.309421201274641,"sintetico_postestratificado",FALSE,FALSE,FALSE,"20","194","San Juan del Río"
1326,-25.9333910601427,-41.9474081728507,-8.01105984868058,0.596580019646649,"sintetico_postestratificado",FALSE,0.337246109045221,"sintetico_postestratificado",FALSE,FALSE,FALSE,"20","195","San Juan Diuxi"
1327,-23.6777532989982,-39.2863963896708,-6.4120532063604,0.608905312262942,"sintetico_postestratificado",FALSE,0.37212777927296,"sintetico_postestratificado",FALSE,FALSE,FALSE,"20","199","San Juan Ihualtepec"
1328,-24.8878115588739,-40.1755055907125,-8.98801066772217,0.569913206295439,"sintetico_postestratificado",FALSE,0.3210350907067,"sintetico_postestratificado",FALSE,FALSE,FALSE,"20","200","San Juan Juquila Mixes"
1329,-23.7263391473377,-39.0285078492175,-6.5194360177711,0.589467223231702,"sintetico_postestratificado",FALSE,0.352203831758325,"sintetico_postestratificado",FALSE,FALSE,FALSE,"20","201","San Juan Juquila Vijanos"
1330,-24.3998284901458,-39.0463325840187,-8.04625322622372,0.590389472977189,"sintetico_postestratificado",FALSE,0.346391188075731,"sintetico_postestratificado",FALSE,FALSE,FALSE,"20","202","San Juan Lachao"
1331,-23.5283018528048,-39.3602614380866,-6.44381471824441,0.576309222946077,"sintetico_postestratificado",FALSE,0.341026204418029,"sintetico_postestratificado",FALSE,FALSE,FALSE,"20","203","San Juan Lachigalla"
1332,-23.8874270401581,-38.5155417920511,-8.49536553517912,0.598701599842156,"sintetico_postestratificado",FALSE,0.359827329440575,"sintetico_postestratificado",FALSE,FALSE,FALSE,"20","210","San Juan Ñumí"
1333,-22.6217248011856,-37.3522539134674,-6.66667695302977,0.625926774213349,"sintetico_postestratificado",FALSE,0.399709526201494,"sintetico_postestratificado",FALSE,FALSE,FALSE,"20","208","San Juan Mixtepec"
1334,-23.0469513802214,-39.8913199818135,-5.06530988627594,0.632813056928394,"sintetico_postestratificado",FALSE,0.402343543126181,"sintetico_postestratificado",FALSE,FALSE,FALSE,"20","209","San Juan Mixtepec"
1335,-24.716018031758,-39.7858393074875,-8.85528592349642,0.565650532000741,"sintetico_postestratificado",FALSE,0.31849035168316,"sintetico_postestratificado",FALSE,FALSE,FALSE,"20","566","San Mateo Yucutindoo"
1336,-24.6008576007903,-40.0454527846277,-6.3933000581647,0.577112830961735,"sintetico_postestratificado",FALSE,0.331104254953832,"sintetico_postestratificado",FALSE,FALSE,FALSE,"20","215","San Juan Sayultepec"
1337,-24.4730699612302,-40.9502816196911,-6.62712340714016,0.562581490705024,"sintetico_postestratificado",FALSE,0.317850791092722,"sintetico_postestratificado",FALSE,FALSE,FALSE,"20","218","San Juan Teita"
1338,-26.126455300068,-41.5352712424211,-8.85253630492708,0.593687903092745,"sintetico_postestratificado",FALSE,0.332423350092066,"sintetico_postestratificado",FALSE,FALSE,FALSE,"20","284","San Miguel Tilquiápam"
1339,-24.5561675358742,-41.653999519322,-4.94766944492888,0.631674971794954,"sintetico_postestratificado",FALSE,0.386113296436212,"sintetico_postestratificado",FALSE,FALSE,FALSE,"20","216","San Juan Tabaá"
1340,-22.7871767157966,-37.5252196035785,-6.75413656305183,0.678132509001267,"sintetico_postestratificado",FALSE,0.450260741843301,"sintetico_postestratificado",FALSE,FALSE,FALSE,"20","217","San Juan Tamazola"
1341,-22.8956790636687,-37.230613134838,-6.04539500295563,0.624896230343347,"sintetico_postestratificado",FALSE,0.395939439706661,"sintetico_postestratificado",FALSE,FALSE,FALSE,"20","219","San Juan Teitipac"
1342,-25.7493582375868,-40.9753327632187,-7.74327878570798,0.60732963561659,"sintetico_postestratificado",FALSE,0.349836053240722,"sintetico_postestratificado",FALSE,FALSE,FALSE,"20","221","San Juan Teposcolula"
1343,-23.8781852885017,-40.0105519324566,-6.06283556750024,0.582602225163009,"sintetico_postestratificado",FALSE,0.343820372277992,"sintetico_postestratificado",FALSE,FALSE,FALSE,"20","222","San Juan Yaeé"
1344,-24.8540597466424,-42.0051044050639,-5.85944372549162,0.590999808726789,"sintetico_postestratificado",FALSE,0.342459211260365,"sintetico_postestratificado",FALSE,FALSE,FALSE,"20","223","San Juan Yatzona"
1345,-23.0918952167362,-38.5078642733187,-6.45279843706416,0.64309670754379,"sintetico_postestratificado",FALSE,0.412177755376428,"sintetico_postestratificado",FALSE,FALSE,FALSE,"20","541","Tanetze de Zaragoza"
1346,-21.9734630844294,-36.1233430078529,-6.41033607528744,0.651310458022166,"muestra_directa",TRUE,0.431575827177872,"muestra_directa",TRUE,TRUE,TRUE,"20","498","Santiago Yaveo"
1347,-24.2357528885273,-39.5446318227913,-7.34186455019731,0.569128302175627,"sintetico_postestratificado",FALSE,0.326770773290354,"sintetico_postestratificado",FALSE,FALSE,FALSE,"20","224","San Juan Yucuita"
1348,-25.2715903487819,-41.7628821777481,-5.13115250490937,0.604131499489613,"sintetico_postestratificado",FALSE,0.351415596001794,"sintetico_postestratificado",FALSE,FALSE,FALSE,"20","225","San Lorenzo"
1349,-25.1977664991426,-40.2967247826632,-7.92703262207514,0.598654924296881,"sintetico_postestratificado",FALSE,0.346677259305455,"sintetico_postestratificado",FALSE,FALSE,FALSE,"20","016","Coicoyán de las Flores"
1350,-24.693074310154,-39.5506261383744,-8.17123364048359,0.595525124556388,"sintetico_postestratificado",FALSE,0.348594381454848,"sintetico_postestratificado",FALSE,FALSE,FALSE,"20","226","San Lorenzo Albarradas"
1351,-25.8087188121618,-41.4349571233705,-7.41375257067038,0.625524092814634,"sintetico_postestratificado",FALSE,0.367436904693016,"sintetico_postestratificado",FALSE,FALSE,FALSE,"20","228","San Lorenzo Cuaunecuiltitla"
1352,-22.2185372175022,-38.948459794104,-3.03113358979894,0.657470841859278,"sintetico_postestratificado",FALSE,0.435285469684256,"sintetico_postestratificado",FALSE,FALSE,FALSE,"20","229","San Lorenzo Texmelúcan"
1353,-23.9253670397951,-40.05119420965,-8.07420193321196,0.606054298745143,"sintetico_postestratificado",FALSE,0.366800628347192,"sintetico_postestratificado",FALSE,FALSE,FALSE,"20","231","San Lucas Camotlán"
1354,-23.9715594659511,-38.244876607495,-7.16010721585859,0.5906461746697,"sintetico_postestratificado",FALSE,0.350930580010188,"sintetico_postestratificado",FALSE,FALSE,FALSE,"20","232","San Lucas Ojitlán"
1355,-26.1372543169332,-41.0120053642761,-8.30697432809198,0.610370217560877,"sintetico_postestratificado",FALSE,0.348997674391545,"sintetico_postestratificado",FALSE,FALSE,FALSE,"20","234","San Lucas Zoquiápam"
1356,-25.0351844966114,-39.6258768617903,-8.6372488457249,0.65425440344374,"muestra_directa",TRUE,0.403902558477627,"muestra_directa",TRUE,TRUE,TRUE,"20","235","San Luis Amatlán"
1357,-22.2545381943702,-39.9634964246662,-3.96413790368136,0.685308516690446,"sintetico_postestratificado",FALSE,0.462763134746744,"sintetico_postestratificado",FALSE,FALSE,FALSE,"20","236","San Marcial Ozolotepec"
1358,-22.3035812170627,-37.8917963148311,-5.53890627066271,0.665622465534981,"sintetico_postestratificado",FALSE,0.442586653364354,"sintetico_postestratificado",FALSE,FALSE,FALSE,"20","239","San Martín Huamelúlpam"
1359,-23.3427541131544,-38.2692836045311,-7.00439842674445,0.6132527824124,"sintetico_postestratificado",FALSE,0.379825241280856,"sintetico_postestratificado",FALSE,FALSE,FALSE,"20","240","San Martín Itunyoso"
1360,-24.0121912627339,-40.4457400572828,-5.82726936130947,0.59662471609469,"sintetico_postestratificado",FALSE,0.356502803467351,"sintetico_postestratificado",FALSE,FALSE,FALSE,"20","241","San Martín Lachilá"
1361,-23.1094434441583,-37.1467942654073,-6.72390231070921,0.66628210418063,"sintetico_postestratificado",FALSE,0.435187669739047,"sintetico_postestratificado",FALSE,FALSE,FALSE,"20","242","San Martín Peras"
1362,-23.5794021024013,-38.1406882734318,-6.97474052805003,0.595604262311571,"sintetico_postestratificado",FALSE,0.359810241287559,"sintetico_postestratificado",FALSE,FALSE,FALSE,"20","243","San Martín Tilcajete"
1363,-24.629858700512,-40.822570461744,-7.19061826096827,0.597102152814098,"sintetico_postestratificado",FALSE,0.350803565808979,"sintetico_postestratificado",FALSE,FALSE,FALSE,"20","244","San Martín Toxpalan"
1364,-24.7904735443806,-41.0231935133967,-7.36294928272959,0.560708106667962,"sintetico_postestratificado",FALSE,0.312803371224156,"sintetico_postestratificado",FALSE,FALSE,FALSE,"20","249","San Mateo Yoloxochitlán"
1365,-24.0595441220851,-39.6607449663747,-6.67864321957408,0.575551717851692,"sintetico_postestratificado",FALSE,0.334956276630841,"sintetico_postestratificado",FALSE,FALSE,FALSE,"20","525","Santo Domingo Zanatepec"
1366,-22.6260291334565,-40.1412119249576,-6.19846504195198,0.633381622824977,"sintetico_postestratificado",FALSE,0.407121331490412,"sintetico_postestratificado",FALSE,FALSE,FALSE,"20","526","Santos Reyes Nopala"
1367,-20.5549992857654,-37.5167174686125,-2.35907483707278,0.723826280686914,"sintetico_postestratificado",FALSE,0.51827628782926,"sintetico_postestratificado",FALSE,FALSE,FALSE,"20","245","San Martín Zacatepec"
1368,-25.5384585690714,-41.4997539524504,-8.54666359208854,0.610107941070289,"sintetico_postestratificado",FALSE,0.354723355379576,"sintetico_postestratificado",FALSE,FALSE,FALSE,"20","269","San Miguel el Grande"
1369,-25.357057749981,-41.4408439024292,-7.79252285360015,0.55677058804192,"sintetico_postestratificado",FALSE,0.30320001054211,"sintetico_postestratificado",FALSE,FALSE,FALSE,"20","247","Capulálpam de Méndez"
1370,-24.6822230854957,-40.2056587792146,-7.62163382459876,0.556162844290619,"sintetico_postestratificado",FALSE,0.309340613435662,"sintetico_postestratificado",FALSE,FALSE,FALSE,"20","250","San Mateo Etlatongo"
1371,-24.8997571478358,-39.9418254401626,-7.18643531215346,0.58505855488768,"sintetico_postestratificado",FALSE,0.336060983409322,"sintetico_postestratificado",FALSE,FALSE,FALSE,"20","255","San Mateo Sindihui"
1372,-25.2964430961322,-41.1348077850188,-7.76940139560339,0.614157431955746,"sintetico_postestratificado",FALSE,0.361193000994425,"sintetico_postestratificado",FALSE,FALSE,FALSE,"20","252","San Mateo Peñasco"
1373,-25.738015853239,-42.1111494017555,-8.80919711730066,0.606145174752025,"sintetico_postestratificado",FALSE,0.348765016219634,"sintetico_postestratificado",FALSE,FALSE,FALSE,"20","257","San Melchor Betaza"
1374,-25.1698409194732,-40.2806232603195,-8.72714152301709,0.62160013163221,"muestra_directa",TRUE,0.369901722437478,"muestra_directa",TRUE,TRUE,TRUE,"20","258","San Miguel Achiutla"
1375,-23.2693548510477,-38.3209215906885,-7.27340049184978,0.588061973443325,"sintetico_postestratificado",FALSE,0.355368424932847,"sintetico_postestratificado",FALSE,FALSE,FALSE,"20","259","San Miguel Ahuehuetitlán"
1376,-24.8097625141402,-40.3519250234404,-7.07431120090054,0.599268696756414,"sintetico_postestratificado",FALSE,0.351171071615012,"sintetico_postestratificado",FALSE,FALSE,FALSE,"20","260","San Miguel Aloápam"
1377,-23.5500980575569,-42.4995954462173,-4.41997143803547,0.624718454004097,"sintetico_postestratificado",FALSE,0.389217473428528,"sintetico_postestratificado",FALSE,FALSE,FALSE,"20","268","San Miguel Ejutla"
1378,-23.5139859017153,-40.4930841219224,-5.18149889662921,0.623985683922871,"sintetico_postestratificado",FALSE,0.388845824905718,"sintetico_postestratificado",FALSE,FALSE,FALSE,"20","276","San Miguel Santa Flor"
1379,-24.3298542824009,-38.7326370417051,-7.83555926860332,0.569596897445038,"sintetico_postestratificado",FALSE,0.326298354621029,"sintetico_postestratificado",FALSE,FALSE,FALSE,"20","281","San Miguel Tecomatlán"
1380,-25.1664570107209,-40.1139415243777,-8.24634226191025,0.626244729495448,"sintetico_postestratificado",FALSE,0.374580159388239,"sintetico_postestratificado",FALSE,FALSE,FALSE,"20","274","San Miguel Piedras"
1381,-24.9857345793251,-40.4459316643759,-8.10832543598606,0.599418242556487,"sintetico_postestratificado",FALSE,0.349560896763236,"sintetico_postestratificado",FALSE,FALSE,FALSE,"20","532","Santo Tomás Ocotepec"
1382,-25.7391959908226,-41.2797513730607,-8.11276409392307,0.604840750356116,"sintetico_postestratificado",FALSE,0.347448790447889,"sintetico_postestratificado",FALSE,FALSE,FALSE,"20","280","Villa Talea de Castro"
1383,-24.2601394455862,-40.8288295457138,-5.99703376463379,0.625405845349586,"sintetico_postestratificado",FALSE,0.382804450893723,"sintetico_postestratificado",FALSE,FALSE,FALSE,"20","533","Santo Tomás Tamazulapan"
1384,-24.0396641280915,-40.3233210058457,-7.07816614194081,0.561728853908308,"sintetico_postestratificado",FALSE,0.321332212627393,"sintetico_postestratificado",FALSE,FALSE,FALSE,"20","368","Santa Catarina Minas"
1385,-24.5574027406255,-43.0717038586105,-3.75899753768533,0.575790682932558,"sintetico_postestratificado",FALSE,0.330216655526304,"sintetico_postestratificado",FALSE,FALSE,FALSE,"20","282","San Miguel Tenango"
1386,-24.3349345122792,-39.5613692841242,-8.09294868791782,0.585741679631667,"sintetico_postestratificado",FALSE,0.342392334508875,"sintetico_postestratificado",FALSE,FALSE,FALSE,"20","052","Magdalena Tequisistlán"
1387,-24.4025997314258,-39.0040282698329,-7.66885148941993,0.642497830683106,"sintetico_postestratificado",FALSE,0.398471833368848,"sintetico_postestratificado",FALSE,FALSE,FALSE,"20","283","San Miguel Tequixtepec"
1388,-21.698847883854,-38.3216293404342,-4.36361837475794,0.639900241895333,"sintetico_postestratificado",FALSE,0.422911763056793,"sintetico_postestratificado",FALSE,FALSE,FALSE,"20","535","San Vicente Lachixío"
1389,-24.5095373061228,-41.2755773870115,-7.55896368268333,0.619066004489886,"sintetico_postestratificado",FALSE,0.373970631428659,"sintetico_postestratificado",FALSE,FALSE,FALSE,"20","286","San Miguel Tlacotepec"
1390,-25.3111332478812,-42.0104019671342,-6.62254478133584,0.597143858451947,"sintetico_postestratificado",FALSE,0.344032525973135,"sintetico_postestratificado",FALSE,FALSE,FALSE,"20","285","San Miguel Tlacamama"
1391,-24.3863956242777,-39.6020204466858,-6.47114158874521,0.582392992711968,"sintetico_postestratificado",FALSE,0.338529036469191,"sintetico_postestratificado",FALSE,FALSE,FALSE,"20","288","San Miguel Yotao"
1392,-25.5335740467553,-42.2988283574055,-6.05759163171334,0.580321108958752,"sintetico_postestratificado",FALSE,0.324985368491199,"sintetico_postestratificado",FALSE,FALSE,FALSE,"20","289","San Nicolás"
1393,-24.4151199898947,-41.7124009709665,-5.2069161108701,0.559695353137078,"sintetico_postestratificado",FALSE,0.315544153238131,"sintetico_postestratificado",FALSE,FALSE,FALSE,"20","290","San Nicolás Hidalgo"
1394,-22.2111503310289,-36.6392890506059,-5.2399559254827,0.643469122647545,"sintetico_postestratificado",FALSE,0.421357619337255,"sintetico_postestratificado",FALSE,FALSE,FALSE,"20","292","San Pablo Cuatro Venados"
1395,-23.2273114175456,-39.0503148109833,-6.93322367662264,0.648197657627446,"sintetico_postestratificado",FALSE,0.41592454345199,"sintetico_postestratificado",FALSE,FALSE,FALSE,"20","380","Santa Cruz Papalutla"
1396,-24.323413870752,-39.7349122874707,-7.58123713650098,0.583689348533531,"sintetico_postestratificado",FALSE,0.340455209826012,"sintetico_postestratificado",FALSE,FALSE,FALSE,"20","294","San Pablo Huitzo"
1397,-23.6295308005389,-38.1487734869638,-7.33549447440446,0.613203317124657,"sintetico_postestratificado",FALSE,0.376908009119268,"sintetico_postestratificado",FALSE,FALSE,FALSE,"20","043","Heroica Ciudad de Juchitán de Zaragoza"
1398,-24.2221304016539,-39.0269597961367,-7.11054890965293,0.582082032017565,"sintetico_postestratificado",FALSE,0.339860728001026,"sintetico_postestratificado",FALSE,FALSE,FALSE,"20","295","San Pablo Huixtepec"
1399,-25.4860877991267,-43.6888652850711,-7.34481604448894,0.578184275487325,"sintetico_postestratificado",FALSE,0.323323397496058,"sintetico_postestratificado",FALSE,FALSE,FALSE,"20","538","Sitio de Xitlapehua"
1400,-24.0032498927481,-39.9338383050986,-7.26656684255189,0.563231182611011,"sintetico_postestratificado",FALSE,0.32319868368353,"sintetico_postestratificado",FALSE,FALSE,FALSE,"20","296","San Pablo Macuiltianguis"
1401,-24.2771665220864,-40.0242464608132,-8.06377270900286,0.630125054141531,"sintetico_postestratificado",FALSE,0.387353388920667,"sintetico_postestratificado",FALSE,FALSE,FALSE,"20","297","San Pablo Tijaltepec"
1402,-23.1956374209933,-40.155772599817,-5.45353283440133,0.620080883042684,"sintetico_postestratificado",FALSE,0.388124508832751,"sintetico_postestratificado",FALSE,FALSE,FALSE,"20","304","San Pedro Coxcaltepec Cántaros"
1403,-23.6067432649243,-40.1911662797552,-5.8464126279038,0.666340623586169,"sintetico_postestratificado",FALSE,0.430273190936926,"sintetico_postestratificado",FALSE,FALSE,FALSE,"20","299","San Pablo Yaganiza"
1404,-23.8118674195,-39.1204245397024,-5.82158998637933,0.58135504663573,"sintetico_postestratificado",FALSE,0.34323637244073,"sintetico_postestratificado",FALSE,FALSE,FALSE,"20","300","San Pedro Amuzgos"
1405,-23.7723677290745,-39.5991201184332,-4.4301149967884,0.636229902168958,"sintetico_postestratificado",FALSE,0.398506224878214,"sintetico_postestratificado",FALSE,FALSE,FALSE,"20","308","San Pedro Huilotepec"
1406,-24.320801948196,-40.666332727626,-5.37076779965403,0.569038512830467,"sintetico_postestratificado",FALSE,0.325830493348508,"sintetico_postestratificado",FALSE,FALSE,FALSE,"20","301","San Pedro Apóstol"
1407,-22.8627930168858,-38.6422241344675,-4.5906365615023,0.587261917255877,"sintetico_postestratificado",FALSE,0.358633987087019,"sintetico_postestratificado",FALSE,FALSE,FALSE,"20","311","San Pedro Jaltepetongo"
1408,-23.7695346052084,-39.1701828984491,-7.15061058946392,0.643960814865827,"sintetico_postestratificado",FALSE,0.406265468813743,"sintetico_postestratificado",FALSE,FALSE,FALSE,"20","302","San Pedro Atoyac"
1409,-24.8731654431728,-42.5405439552014,-4.56038124528674,0.535971970567725,"sintetico_postestratificado",FALSE,0.287240316135997,"sintetico_postestratificado",FALSE,FALSE,FALSE,"20","303","San Pedro Cajonos"
1410,-24.5877679908776,-40.4876119619702,-7.56476235875485,0.582984710401666,"sintetico_postestratificado",FALSE,0.33710703049289,"sintetico_postestratificado",FALSE,FALSE,FALSE,"20","305","San Pedro Comitancillo"
1411,-25.3088382567168,-40.6291434070513,-8.38448739606212,0.597190533910621,"sintetico_postestratificado",FALSE,0.344102151343453,"sintetico_postestratificado",FALSE,FALSE,FALSE,"20","321","San Pedro Nopala"
1412,-25.5129797582545,-40.9660783594503,-8.67292188634974,0.621273773803973,"sintetico_postestratificado",FALSE,0.366143976221428,"sintetico_postestratificado",FALSE,FALSE,FALSE,"20","332","San Pedro Topiltepec"
1413,-25.8017025687009,-40.9152490063738,-9.67907347430084,0.561321521059384,"sintetico_postestratificado",FALSE,0.303304495372374,"sintetico_postestratificado",FALSE,FALSE,FALSE,"20","307","San Pedro Huamelula"
1414,-24.4184700097714,-39.7407116200433,-7.42680922227218,0.600743704496141,"sintetico_postestratificado",FALSE,0.356559004398427,"sintetico_postestratificado",FALSE,FALSE,FALSE,"20","312","San Pedro Jicayán"
1415,-22.6308336264037,-38.1938005518005,-6.32077052540845,0.646803724606247,"sintetico_postestratificado",FALSE,0.420495388342211,"sintetico_postestratificado",FALSE,FALSE,FALSE,"20","313","San Pedro Jocotipac"
1416,-24.3875122130455,-40.4156389444147,-5.85460174357385,0.581160260751035,"sintetico_postestratificado",FALSE,0.337285138620581,"sintetico_postestratificado",FALSE,FALSE,FALSE,"20","314","San Pedro Juchatengo"
1417,-22.8262744920684,-39.3196010906145,-5.04049178455326,0.643514647391623,"sintetico_postestratificado",FALSE,0.415251902470939,"sintetico_postestratificado",FALSE,FALSE,FALSE,"20","079","Salina Cruz"
1418,-22.852830281405,-38.1347996683913,-6.29650302896537,0.649459698634065,"sintetico_postestratificado",FALSE,0.420931395820015,"sintetico_postestratificado",FALSE,FALSE,FALSE,"20","331","San Pedro Tidaá"
1419,-24.7839904022803,-39.8585792640912,-7.43983415687798,0.635154969251996,"sintetico_postestratificado",FALSE,0.387315065229193,"sintetico_postestratificado",FALSE,FALSE,FALSE,"20","315","San Pedro Mártir"
1420,-23.4794533990655,-40.3102607864688,-6.88819365762068,0.680393193676825,"sintetico_postestratificado",FALSE,0.44559865968617,"sintetico_postestratificado",FALSE,FALSE,FALSE,"20","316","San Pedro Mártir Quiechapa"
1421,-21.9139871121222,-38.2729008004918,-6.38502570380313,0.680136011037356,"sintetico_postestratificado",FALSE,0.460996139916134,"sintetico_postestratificado",FALSE,FALSE,FALSE,"20","207","San Juan Mazatlán"
1422,-24.0310696391022,-39.5943418891302,-6.5764037532905,0.615213849367415,"sintetico_postestratificado",FALSE,0.374903152976393,"sintetico_postestratificado",FALSE,FALSE,FALSE,"20","317","San Pedro Mártir Yucuxaco"
1423,-23.0700217540384,-40.338926854012,-5.81891515127749,0.65141333856372,"sintetico_postestratificado",FALSE,0.420713121023337,"sintetico_postestratificado",FALSE,FALSE,FALSE,"20","356","Santa Ana del Valle"
1424,-22.2839846135424,-37.0296281584077,-4.78925290695254,0.658233048512569,"sintetico_postestratificado",FALSE,0.435393202377146,"sintetico_postestratificado",FALSE,FALSE,FALSE,"20","319","San Pedro Mixtepec"
1425,-23.369475945035,-38.3813501957206,-6.02145383601852,0.642862916432982,"sintetico_postestratificado",FALSE,0.409168156982632,"sintetico_postestratificado",FALSE,FALSE,FALSE,"20","320","San Pedro Molinos"
1426,-24.5743496388265,-40.6129368421907,-6.36545699858746,0.640544029045999,"sintetico_postestratificado",FALSE,0.394800532657734,"sintetico_postestratificado",FALSE,FALSE,FALSE,"20","322","San Pedro Ocopetatillo"
1427,-24.6775231985492,-41.0555459546941,-5.66475117963191,0.550999422611413,"sintetico_postestratificado",FALSE,0.304224190625921,"sintetico_postestratificado",FALSE,FALSE,FALSE,"20","323","San Pedro Ocotepec"
1428,-25.5255981074136,-40.3427601792811,-10.639767142737,0.585035976271493,"sintetico_postestratificado",FALSE,0.329779995197357,"sintetico_postestratificado",FALSE,FALSE,FALSE,"20","325","San Pedro Quiatoni"
1429,-24.7323550132753,-39.8072977942714,-7.48151089406301,0.602596479834134,"sintetico_postestratificado",FALSE,0.355272929701381,"sintetico_postestratificado",FALSE,FALSE,FALSE,"20","326","San Pedro Sochiápam"
1430,-22.8005875618509,-38.9426770407423,-6.10195024483492,0.641878224193376,"sintetico_postestratificado",FALSE,0.413872348574866,"sintetico_postestratificado",FALSE,FALSE,FALSE,"20","328","San Pedro Taviche"
1431,-22.2457084139134,-43.5920631943712,-0.776420039886105,0.687224241397878,"sintetico_postestratificado",FALSE,0.464767157258744,"sintetico_postestratificado",FALSE,FALSE,FALSE,"20","335","San Pedro Yaneri"
1432,-23.2872397025251,-39.7053910959032,-6.54875351510925,0.642709040469047,"sintetico_postestratificado",FALSE,0.409836643443797,"sintetico_postestratificado",FALSE,FALSE,FALSE,"20","336","San Pedro Yólox"
1433,-23.4385825000537,-37.6481894867252,-8.56892675697279,0.624492235970017,"muestra_directa",TRUE,0.39010641096948,"muestra_directa",TRUE,TRUE,TRUE,"20","339","San Pedro y San Pablo Teposcolula"
1434,-25.840562688755,-39.5333688372744,-10.1641112806847,0.63567923780144,"sintetico_postestratificado",FALSE,0.37727361091389,"sintetico_postestratificado",FALSE,FALSE,FALSE,"20","340","San Pedro y San Pablo Tequixtepec"
1435,-24.3258333926691,-40.840675545779,-6.37449926663922,0.622533090400686,"sintetico_postestratificado",FALSE,0.379274756473995,"sintetico_postestratificado",FALSE,FALSE,FALSE,"20","341","San Pedro Yucunama"
1436,-23.5224781663843,-39.6941498804952,-3.6887322557466,0.66832709621727,"sintetico_postestratificado",FALSE,0.433102314553427,"sintetico_postestratificado",FALSE,FALSE,FALSE,"20","342","San Raymundo Jalpan"
1437,-21.4641139102654,-37.2158299716585,-5.47020670226082,0.695640255850233,"sintetico_postestratificado",FALSE,0.480999116747579,"sintetico_postestratificado",FALSE,FALSE,FALSE,"20","343","San Sebastián Abasolo"
1438,-24.6988388321312,-41.1864009291671,-9.04611675457754,0.634146974357214,"sintetico_postestratificado",FALSE,0.387158586035902,"sintetico_postestratificado",FALSE,FALSE,FALSE,"20","345","San Sebastián Ixcapa"
1439,-22.9319533377092,-38.1252394920185,-5.53020133572863,0.642001828200723,"sintetico_postestratificado",FALSE,0.412682294823631,"sintetico_postestratificado",FALSE,FALSE,FALSE,"20","346","San Sebastián Nicananduta"
1440,-23.9934701100733,-39.2132602132343,-6.9866300144395,0.591529019416747,"sintetico_postestratificado",FALSE,0.351594318316014,"sintetico_postestratificado",FALSE,FALSE,FALSE,"20","347","San Sebastián Río Hondo"
1441,-24.3054765994488,-40.3671410664305,-6.21496121287494,0.592138182088357,"sintetico_postestratificado",FALSE,0.349083416093869,"sintetico_postestratificado",FALSE,FALSE,FALSE,"20","539","Soledad Etla"
1442,-23.3221245764854,-40.1448710010883,-5.85230328824053,0.664098731919884,"sintetico_postestratificado",FALSE,0.43087748615503,"sintetico_postestratificado",FALSE,FALSE,FALSE,"20","211","San Juan Ozolotepec"
1443,-22.5053571269309,-39.2597977591088,-5.18778024585423,0.682957437050044,"sintetico_postestratificado",FALSE,0.457903865780735,"sintetico_postestratificado",FALSE,FALSE,FALSE,"20","212","San Juan Petlapa"
1444,-23.6597187341443,-39.320117137358,-6.15882717270995,0.624517233184372,"sintetico_postestratificado",FALSE,0.387920045842929,"sintetico_postestratificado",FALSE,FALSE,FALSE,"20","213","San Juan Quiahije"
1445,-24.9156956622631,-41.0903900423531,-6.6149133923143,0.616332801949809,"sintetico_postestratificado",FALSE,0.367175845327177,"sintetico_postestratificado",FALSE,FALSE,FALSE,"20","348","San Sebastián Tecomaxtlahuaca"
1446,-22.8020293468004,-38.5578635812042,-6.01499212296043,0.67763577487479,"sintetico_postestratificado",FALSE,0.449615481406786,"sintetico_postestratificado",FALSE,FALSE,FALSE,"20","349","San Sebastián Teitipac"
1447,-25.3633800435285,-40.1906626878009,-8.62815340993722,0.581453689068222,"sintetico_postestratificado",FALSE,0.327819888632937,"sintetico_postestratificado",FALSE,FALSE,FALSE,"20","540","Villa de Tamazulápam del Progreso"
1448,-24.1628902262002,-40.1126489636491,-5.58568300268905,0.563030712011075,"sintetico_postestratificado",FALSE,0.321401809749073,"sintetico_postestratificado",FALSE,FALSE,FALSE,"20","350","San Sebastián Tutla"
1449,-26.5050923776807,-43.2653691099141,-6.8437390242728,0.582023404071929,"sintetico_postestratificado",FALSE,0.316972480295122,"sintetico_postestratificado",FALSE,FALSE,FALSE,"20","352","San Simón Zahuatlán"
1450,-24.0347891184113,-40.242610424857,-4.38532385120103,0.608873895461418,"sintetico_postestratificado",FALSE,0.368526004277305,"sintetico_postestratificado",FALSE,FALSE,FALSE,"20","353","Santa Ana"
1451,-23.9392382397203,-40.7705015697559,-5.64252130353759,0.647722507170414,"sintetico_postestratificado",FALSE,0.408330124773211,"sintetico_postestratificado",FALSE,FALSE,FALSE,"20","354","Santa Ana Ateixtlahuaca"
1452,-23.709628550632,-38.7590799218605,-6.7821061482003,0.673998390435953,"sintetico_postestratificado",FALSE,0.436902104929633,"sintetico_postestratificado",FALSE,FALSE,FALSE,"20","355","Santa Ana Cuauhtémoc"
1453,-24.5111077057567,-40.2102661373307,-5.36783807221339,0.556388660801532,"sintetico_postestratificado",FALSE,0.311277583743965,"sintetico_postestratificado",FALSE,FALSE,FALSE,"20","358","Santa Ana Tlapacoyan"
1454,-24.2530524906962,-38.9052706433583,-7.4683740439065,0.596292843622936,"sintetico_postestratificado",FALSE,0.353762318715974,"sintetico_postestratificado",FALSE,FALSE,FALSE,"20","360","Santa Ana Zegache"
1455,-22.9298895828795,-38.9831909922096,-4.89458094960993,0.634816450196473,"sintetico_postestratificado",FALSE,0.405517554367679,"sintetico_postestratificado",FALSE,FALSE,FALSE,"20","361","Santa Catalina Quierí"
1456,-23.3951587112028,-40.028790877367,-4.58430160936836,0.611781460634653,"sintetico_postestratificado",FALSE,0.377829873522625,"sintetico_postestratificado",FALSE,FALSE,FALSE,"20","362","Santa Catarina Cuixtla"
1457,-24.2799031363594,-39.6724671399447,-6.72145996148977,0.578116823243985,"sintetico_postestratificado",FALSE,0.335317791880391,"sintetico_postestratificado",FALSE,FALSE,FALSE,"20","363","Santa Catarina Ixtepeji"
1458,-26.4747571976827,-43.3294913619823,-8.96303178387133,0.590467146549076,"sintetico_postestratificado",FALSE,0.325719574572249,"sintetico_postestratificado",FALSE,FALSE,FALSE,"20","369","Santa Catarina Quiané"
1459,-25.7964080271058,-40.8799965598164,-9.10845555780402,0.603164070508295,"sintetico_postestratificado",FALSE,0.345199990237238,"sintetico_postestratificado",FALSE,FALSE,FALSE,"20","370","Santa Catarina Tayata"
1460,-25.0032032117997,-40.2236962623646,-6.97989045956689,0.551859617750599,"sintetico_postestratificado",FALSE,0.301827585632602,"sintetico_postestratificado",FALSE,FALSE,FALSE,"20","381","Santa Cruz Tacache de Mina"
1461,-25.8686335039101,-41.620164055876,-8.44883809628911,0.590528133018138,"sintetico_postestratificado",FALSE,0.331841797979037,"sintetico_postestratificado",FALSE,FALSE,FALSE,"20","372","Santa Catarina Yosonotú"
1462,-25.2633670245968,-41.2292133669903,-6.761979770755,0.621212054785684,"sintetico_postestratificado",FALSE,0.368578384539716,"sintetico_postestratificado",FALSE,FALSE,FALSE,"20","373","Santa Catarina Zapoquila"
1463,-25.2013947976619,-41.7406224878306,-8.34005540159368,0.558254909301127,"sintetico_postestratificado",FALSE,0.306240961324509,"sintetico_postestratificado",FALSE,FALSE,FALSE,"20","374","Santa Cruz Acatepec"
1464,-22.3635367043397,-37.6114814104524,-5.25635900720648,0.630993338031106,"sintetico_postestratificado",FALSE,0.407357970987709,"sintetico_postestratificado",FALSE,FALSE,FALSE,"20","293","San Pablo Etla"
1465,-23.4167901630742,-39.1741510086749,-4.24134690627549,0.60029333026638,"sintetico_postestratificado",FALSE,0.366125428635638,"sintetico_postestratificado",FALSE,FALSE,FALSE,"20","375","Santa Cruz Amilpas"
1466,-25.0753611569457,-41.9460531037473,-6.00471679788065,0.571089492236572,"sintetico_postestratificado",FALSE,0.320335880667115,"sintetico_postestratificado",FALSE,FALSE,FALSE,"20","376","Santa Cruz de Bravo"
1467,-24.6965859594375,-39.3482995624458,-7.93699190838805,0.588510757003455,"sintetico_postestratificado",FALSE,0.341544897409079,"sintetico_postestratificado",FALSE,FALSE,FALSE,"20","382","Santa Cruz Tacahua"
1468,-25.0211106783742,-40.8464190131867,-8.60201726283373,0.629460951522568,"sintetico_postestratificado",FALSE,0.379249844738826,"sintetico_postestratificado",FALSE,FALSE,FALSE,"20","383","Santa Cruz Tayata"
1469,-25.5308756024516,-41.4299294746648,-6.29353076126633,0.603957346186983,"sintetico_postestratificado",FALSE,0.348648590162467,"sintetico_postestratificado",FALSE,FALSE,FALSE,"20","384","Santa Cruz Xitla"
1470,-26.1260504008101,-40.571266521839,-8.30386173933041,0.607071577565886,"sintetico_postestratificado",FALSE,0.345811073557785,"sintetico_postestratificado",FALSE,FALSE,FALSE,"20","386","Santa Cruz Zenzontepec"
1471,-24.3466097404478,-39.5680129260199,-6.51088535251029,0.580097565833525,"sintetico_postestratificado",FALSE,0.336631468429047,"sintetico_postestratificado",FALSE,FALSE,FALSE,"20","387","Santa Gertrudis"
1472,-23.8802377352853,-39.0884297309107,-6.86509918103652,0.570494934220897,"sintetico_postestratificado",FALSE,0.331692556868045,"sintetico_postestratificado",FALSE,FALSE,FALSE,"20","179","San Juan Bautista Jayacatlán"
1473,-25.3230180892924,-40.571455552814,-7.78919606116125,0.571324577811765,"sintetico_postestratificado",FALSE,0.318094396918841,"sintetico_postestratificado",FALSE,FALSE,FALSE,"20","388","Santa Inés del Monte"
1474,-23.468788892494,-38.9809345461066,-6.51717451810513,0.589980728001985,"muestra_directa",TRUE,0.355292839077045,"muestra_directa",TRUE,TRUE,TRUE,"20","390","Santa Lucía del Camino"
1475,-26.039013065287,-41.269548051905,-8.28912961721111,0.571683599134103,"muestra_directa",TRUE,0.311293468481233,"muestra_directa",TRUE,TRUE,TRUE,"20","408","Santa María del Rosario"
1476,-25.6858904111637,-41.8563534013634,-7.29503359633096,0.590204701529004,"sintetico_postestratificado",FALSE,0.333345797417367,"sintetico_postestratificado",FALSE,FALSE,FALSE,"20","391","Santa Lucía Miahuatlán"
1477,-25.0911773591453,-40.1976135962018,-7.80288343212326,0.60591167559935,"sintetico_postestratificado",FALSE,0.354999902007897,"sintetico_postestratificado",FALSE,FALSE,FALSE,"20","418","Santa María Jalapa del Marqués"
1478,-23.0439554749215,-37.8645375483645,-6.64282397079058,0.657199057810476,"sintetico_postestratificado",FALSE,0.426759503061261,"sintetico_postestratificado",FALSE,FALSE,FALSE,"20","392","Santa Lucía Monteverde"
1479,-24.2597729805797,-39.6240211285924,-4.99863846786279,0.534919791094532,"sintetico_postestratificado",FALSE,0.292322061288734,"sintetico_postestratificado",FALSE,FALSE,FALSE,"20","393","Santa Lucía Ocotlán"
1480,-24.0987838096629,-39.2674851667833,-7.88870852476956,0.585395666817476,"sintetico_postestratificado",FALSE,0.344407828720848,"sintetico_postestratificado",FALSE,FALSE,FALSE,"20","394","Santa María Alotepec"
1481,-23.1729606212999,-38.7936417850654,-7.50344632559599,0.55721684581372,"sintetico_postestratificado",FALSE,0.325487239600721,"sintetico_postestratificado",FALSE,FALSE,FALSE,"20","395","Santa María Apazco"
1482,-24.6311164437237,-42.2571980702315,-4.53705962107462,0.563820207909306,"sintetico_postestratificado",FALSE,0.317509043472068,"sintetico_postestratificado",FALSE,FALSE,FALSE,"20","396","Santa María la Asunción"
1483,-25.3830766564604,-39.097398533527,-10.1833440803817,0.611615144812628,"muestra_directa",TRUE,0.357784378248024,"muestra_directa",TRUE,TRUE,TRUE,"20","397","Heroica Ciudad de Tlaxiaco"
1484,-24.7306252492752,-39.2739988643314,-8.36492785909819,0.628465932979263,"sintetico_postestratificado",FALSE,0.381159680486511,"sintetico_postestratificado",FALSE,FALSE,FALSE,"20","398","Ayoquezco de Aldama"
1485,-24.438313992726,-40.7315419620256,-5.74936225822702,0.573744816866184,"sintetico_postestratificado",FALSE,0.329361676938924,"sintetico_postestratificado",FALSE,FALSE,FALSE,"20","399","Santa María Atzompa"
1486,-25.3865434854259,-41.3776789414976,-6.78072779381707,0.582607822554458,"sintetico_postestratificado",FALSE,0.328742387700198,"sintetico_postestratificado",FALSE,FALSE,FALSE,"20","400","Santa María Camotlán"
1487,-24.9631913791701,-41.446564122255,-6.77445935051893,0.613074843593544,"sintetico_postestratificado",FALSE,0.363442929801843,"sintetico_postestratificado",FALSE,FALSE,FALSE,"20","402","Santa María Cortijo"
1488,-23.4805188551529,-39.6983147989196,-5.49332145796956,0.617009112981646,"sintetico_postestratificado",FALSE,0.382203924430117,"sintetico_postestratificado",FALSE,FALSE,FALSE,"20","154","San Ildefonso Amatlán"
1489,-24.2091526961074,-39.7301163606618,-7.01953273850151,0.64445507912047,"sintetico_postestratificado",FALSE,0.402363552159396,"sintetico_postestratificado",FALSE,FALSE,FALSE,"20","155","San Ildefonso Sola"
1490,-25.708483703716,-41.0500472043283,-8.62743360713221,0.602329517067703,"sintetico_postestratificado",FALSE,0.345244680030543,"sintetico_postestratificado",FALSE,FALSE,FALSE,"20","156","San Ildefonso Villa Alta"
1491,-23.9807345779729,-40.4850414502935,-4.91711006537111,0.624986571038167,"sintetico_postestratificado",FALSE,0.385179225258439,"sintetico_postestratificado",FALSE,FALSE,FALSE,"20","403","Santa María Coyotepec"
1492,-24.2968974291782,-38.7905264184486,-7.38633767802899,0.550704977614077,"sintetico_postestratificado",FALSE,0.307736003322295,"sintetico_postestratificado",FALSE,FALSE,FALSE,"20","419","Santa María Jaltianguis"
1493,-25.7302849315393,-41.7202696158346,-6.29878827622353,0.607206398395076,"sintetico_postestratificado",FALSE,0.349903549079683,"sintetico_postestratificado",FALSE,FALSE,FALSE,"20","405","Villa de Chilapa de Díaz"
1494,-22.9212751656338,-38.44547226411,-7.07909453958379,0.679487013597018,"sintetico_postestratificado",FALSE,0.450274261940681,"sintetico_postestratificado",FALSE,FALSE,FALSE,"20","409","Santa María del Tule"
1495,-25.5427166516394,-40.9342139511451,-8.57640197162512,0.602953925482542,"sintetico_postestratificado",FALSE,0.347526758966148,"sintetico_postestratificado",FALSE,FALSE,FALSE,"20","264","San Miguel Chicahua"
1496,-24.3460718387784,-41.3107289889703,-5.73424198066703,0.647202483882343,"sintetico_postestratificado",FALSE,0.403741765494558,"sintetico_postestratificado",FALSE,FALSE,FALSE,"20","411","Santa María Guelacé"
1497,-24.7770929277645,-41.7125454621991,-6.1105663527931,0.59097979032449,"sintetico_postestratificado",FALSE,0.343208861046845,"sintetico_postestratificado",FALSE,FALSE,FALSE,"20","106","San Antonio Acutla"
1498,-23.7216176743244,-40.2812693119069,-6.84547860858888,0.573239427860879,"sintetico_postestratificado",FALSE,0.336023251117634,"sintetico_postestratificado",FALSE,FALSE,FALSE,"20","198","San Juan Guichicovi"
1499,-24.2116197682142,-40.7470322942366,-6.75023474656191,0.553426338219984,"sintetico_postestratificado",FALSE,0.311310140537843,"sintetico_postestratificado",FALSE,FALSE,FALSE,"20","365","Santa Catarina Lachatao"
1500,-25.3312922097313,-41.0733074652443,-7.6364931651755,0.55794226824909,"muestra_directa",TRUE,0.304629346151777,"muestra_directa",TRUE,TRUE,TRUE,"20","002","Acatlán de Pérez Figueroa"
1501,-24.6353148542014,-39.2837138598724,-10.3114106599225,0.643632107477643,"sintetico_postestratificado",FALSE,0.397278958935628,"sintetico_postestratificado",FALSE,FALSE,FALSE,"20","006","Asunción Nochixtlán"
1502,-22.2891873262106,-38.1268810784737,-3.63187836858532,0.620062676111209,"sintetico_postestratificado",FALSE,0.397170802849103,"sintetico_postestratificado",FALSE,FALSE,FALSE,"20","008","Asunción Tlacolulita"
1503,-24.4943664102209,-39.5274304421711,-7.70649563110229,0.587500742235044,"sintetico_postestratificado",FALSE,0.342557078132835,"sintetico_postestratificado",FALSE,FALSE,FALSE,"20","009","Ayotzintepec"
1504,-24.9822790033192,-40.2462093513746,-7.96846301693186,0.581777249876861,"sintetico_postestratificado",FALSE,0.331954459843669,"sintetico_postestratificado",FALSE,FALSE,FALSE,"20","010","El Barrio de la Soledad"
1505,-24.2228298888088,-38.2662935957691,-7.8399370413702,0.599637273332556,"sintetico_postestratificado",FALSE,0.357408974444468,"sintetico_postestratificado",FALSE,FALSE,FALSE,"20","055","Mariscala de Juárez"
1506,-24.3396956207053,-39.3638389683221,-7.15565057192421,0.577800029301304,"sintetico_postestratificado",FALSE,0.334403073094252,"sintetico_postestratificado",FALSE,FALSE,FALSE,"20","412","Santa María Guienagati"
1507,-24.5212672965107,-40.9923285995219,-4.77681760830511,0.575808224303802,"sintetico_postestratificado",FALSE,0.330595551338695,"sintetico_postestratificado",FALSE,FALSE,FALSE,"20","414","Santa María Huazolotitlán"
1508,-25.1427360159293,-41.4761834104124,-6.32640975546002,0.591250023673478,"sintetico_postestratificado",FALSE,0.339822663514186,"sintetico_postestratificado",FALSE,FALSE,FALSE,"20","415","Santa María Ipalapa"
1509,-24.7307625958293,-40.6566294123604,-6.87551523703939,0.57272793492868,"sintetico_postestratificado",FALSE,0.325420308970387,"sintetico_postestratificado",FALSE,FALSE,FALSE,"20","287","San Miguel Tulancingo"
1510,-24.7706876453412,-40.6855480548197,-6.68252527603557,0.592634648780789,"sintetico_postestratificado",FALSE,0.344927772327377,"sintetico_postestratificado",FALSE,FALSE,FALSE,"20","291","San Pablo Coatlán"
1511,-23.951326122427,-39.8179665182252,-6.73794048646503,0.572225038446013,"sintetico_postestratificado",FALSE,0.332711777221743,"sintetico_postestratificado",FALSE,FALSE,FALSE,"20","298","San Pablo Villa de Mitla"
1512,-23.193693887703,-37.7318194400251,-7.1439861777603,0.592304567700623,"muestra_directa",TRUE,0.360367628823593,"muestra_directa",TRUE,TRUE,TRUE,"20","385","Santa Cruz Xoxocotlán"
1513,-24.7469870732403,-38.4660884866219,-8.41765985500152,0.583360976810066,"sintetico_postestratificado",FALSE,0.335891106077663,"sintetico_postestratificado",FALSE,FALSE,FALSE,"20","416","Santa María Ixcatlán"
1514,-23.8199177095151,-39.1260841830028,-5.31037735907264,0.60381247296857,"sintetico_postestratificado",FALSE,0.365613295873419,"sintetico_postestratificado",FALSE,FALSE,FALSE,"20","420","Santa María Lachixío"
1515,-23.5615314518588,-38.4299391610071,-6.48686765947549,0.596917412801389,"muestra_directa",TRUE,0.361302098282801,"muestra_directa",TRUE,TRUE,TRUE,"20","023","Cuilápam de Guerrero"
1516,-24.1896336392408,-40.7094992616271,-6.19051231625682,0.597307451800578,"sintetico_postestratificado",FALSE,0.35541111540817,"sintetico_postestratificado",FALSE,FALSE,FALSE,"20","306","San Pedro el Alto"
1517,-24.4957919976913,-40.5191150815716,-6.19560873128062,0.611432412512369,"muestra_directa",TRUE,0.366474492535455,"muestra_directa",TRUE,TRUE,TRUE,"20","310","San Pedro Ixtlahuaca"
1518,-23.0272549385348,-39.2261796397267,-3.98174705409876,0.635615155471142,"sintetico_postestratificado",FALSE,0.405342606085794,"sintetico_postestratificado",FALSE,FALSE,FALSE,"20","421","Santa María Mixtequilla"
1519,-24.7440245522384,-41.0599150805131,-7.61173744532071,0.569123993151989,"sintetico_postestratificado",FALSE,0.321683747629605,"sintetico_postestratificado",FALSE,FALSE,FALSE,"20","309","San Pedro Ixcatlán"
1520,-23.7777670469718,-39.1747843142657,-6.32205185583614,0.619748253791078,"muestra_directa",TRUE,0.38197058332136,"muestra_directa",TRUE,TRUE,TRUE,"20","324","San Pedro Pochutla"
1521,-24.2215967018506,-38.920642844696,-6.77143294900509,0.567484260779203,"sintetico_postestratificado",FALSE,0.325268293760696,"sintetico_postestratificado",FALSE,FALSE,FALSE,"20","337","San Pedro y San Pablo Ayutla"
1522,-24.757295293092,-40.5238619752476,-7.65018886622564,0.586596485724038,"sintetico_postestratificado",FALSE,0.339023532793118,"sintetico_postestratificado",FALSE,FALSE,FALSE,"20","351","San Simón Almolongas"
1523,-24.7693547467769,-41.4269061346814,-7.13992697970414,0.574171973397714,"sintetico_postestratificado",FALSE,0.326478425929945,"sintetico_postestratificado",FALSE,FALSE,FALSE,"20","425","Santa María Pápalo"
1524,-25.5133403048817,-40.3273399914218,-10.1849406576719,0.609570949588725,"sintetico_postestratificado",FALSE,0.354437546539909,"sintetico_postestratificado",FALSE,FALSE,FALSE,"20","426","Santa María Peñoles"
1525,-24.9437274901677,-42.4798456354973,-7.64166814105953,0.604519040238207,"sintetico_postestratificado",FALSE,0.35508176533653,"sintetico_postestratificado",FALSE,FALSE,FALSE,"20","427","Santa María Petapa"
1526,-23.1404793596246,-40.9345036682543,-3.39525439251707,0.628882446339257,"sintetico_postestratificado",FALSE,0.397477652743012,"sintetico_postestratificado",FALSE,FALSE,FALSE,"20","428","Santa María Quiegolani"
1527,-23.1034402882272,-39.3208314120537,-5.77425752632922,0.623767117719975,"sintetico_postestratificado",FALSE,0.392732714837703,"sintetico_postestratificado",FALSE,FALSE,FALSE,"20","432","Santa María Temaxcalapa"
1528,-25.3344683967686,-42.1656687554323,-5.71683896039137,0.618402161925578,"sintetico_postestratificado",FALSE,0.365057477957892,"sintetico_postestratificado",FALSE,FALSE,FALSE,"20","429","Santa María Sola"
1529,-25.2409670058838,-42.1882111921676,-7.00137487718466,0.598271003242782,"sintetico_postestratificado",FALSE,0.345861333183944,"sintetico_postestratificado",FALSE,FALSE,FALSE,"20","430","Santa María Tataltepec"
1530,-25.2503598590341,-39.9594426830159,-8.11821315149415,0.622640388762936,"sintetico_postestratificado",FALSE,0.370136790172595,"sintetico_postestratificado",FALSE,FALSE,FALSE,"20","431","Santa María Tecomavaca"
1531,-24.2027917082279,-39.1748344820896,-8.4008651183292,0.613960780391738,"muestra_directa",TRUE,0.371932863309458,"muestra_directa",TRUE,TRUE,TRUE,"20","021","Cosolapa"
1532,-24.0031107403579,-38.7020842626849,-7.95098868669443,0.643380406790683,"sintetico_postestratificado",FALSE,0.403349299387103,"sintetico_postestratificado",FALSE,FALSE,FALSE,"20","175","San Juan Bautista Atatlahuca"
1533,-25.1873302033288,-40.1091886107697,-8.4594610399089,0.547137601457978,"sintetico_postestratificado",FALSE,0.29526429942469,"sintetico_postestratificado",FALSE,FALSE,FALSE,"20","270","San Miguel Huautla"
1534,-23.7891447221156,-41.0314713442773,-2.15402068091764,0.621970001567168,"sintetico_postestratificado",FALSE,0.384078554346012,"sintetico_postestratificado",FALSE,FALSE,FALSE,"20","433","Santa María Temaxcaltepec"
1535,-23.2208711574308,-40.3227299371553,-4.98815555695892,0.622222919069211,"sintetico_postestratificado",FALSE,0.390014207494903,"sintetico_postestratificado",FALSE,FALSE,FALSE,"20","436","Santa María Texcatitlán"
1536,-24.2037326233207,-39.1080901163992,-7.90101365300992,0.604405146903353,"sintetico_postestratificado",FALSE,0.362367820670146,"sintetico_postestratificado",FALSE,FALSE,FALSE,"20","452","Santiago Apóstol"
1537,-22.5529768282693,-38.121388590926,-4.7812952544805,0.665220860939363,"sintetico_postestratificado",FALSE,0.43969109265667,"sintetico_postestratificado",FALSE,FALSE,FALSE,"20","442","Santa María Yalina"
1538,-23.8446858158684,-38.8522048292948,-6.01016161075828,0.587779534175205,"sintetico_postestratificado",FALSE,0.349332676016522,"sintetico_postestratificado",FALSE,FALSE,FALSE,"20","438","Santa María Tlalixtac"
1539,-24.6691973091569,-39.9186372853452,-7.19584704867015,0.596820566941438,"sintetico_postestratificado",FALSE,0.350128593849869,"sintetico_postestratificado",FALSE,FALSE,FALSE,"20","434","Santa María Teopoxco"
1540,-25.2198950873941,-41.2385071947428,-6.51589326036744,0.601467137236779,"sintetico_postestratificado",FALSE,0.349268186362838,"sintetico_postestratificado",FALSE,FALSE,FALSE,"20","444","Santa María Yolotepec"
1541,-25.6354150433093,-41.9937308305638,-7.30121223543402,0.592642946171016,"sintetico_postestratificado",FALSE,0.336288795737923,"sintetico_postestratificado",FALSE,FALSE,FALSE,"20","443","Santa María Yavesía"
1542,-25.4859984074379,-42.4270278454765,-6.92712981048491,0.590713703770301,"sintetico_postestratificado",FALSE,0.335853719695922,"sintetico_postestratificado",FALSE,FALSE,FALSE,"20","445","Santa María Yosoyúa"
1543,-24.5630029235282,-39.1282527963568,-7.25719111901349,0.578597344032666,"sintetico_postestratificado",FALSE,0.332967314797383,"sintetico_postestratificado",FALSE,FALSE,FALSE,"20","448","Santa María Zaniza"
1544,-25.0042154539279,-40.0480559805853,-8.29134615359752,0.611209810169054,"sintetico_postestratificado",FALSE,0.361167655629775,"sintetico_postestratificado",FALSE,FALSE,FALSE,"20","449","Santa María Zoquitlán"
1545,-25.1198263212358,-39.8016268749309,-7.83751871447529,0.572401136070004,"sintetico_postestratificado",FALSE,0.321202872857646,"sintetico_postestratificado",FALSE,FALSE,FALSE,"20","462","Santiago Huajolotitlán"
1546,-25.5103745475244,-43.0609076566354,-6.30011952590613,0.597226438696445,"sintetico_postestratificado",FALSE,0.342122693221201,"sintetico_postestratificado",FALSE,FALSE,FALSE,"20","453","Santiago Astata"
1547,-24.3968157637034,-39.9457712004073,-7.43706166576813,0.60464897130994,"sintetico_postestratificado",FALSE,0.360680813672906,"sintetico_postestratificado",FALSE,FALSE,FALSE,"20","454","Santiago Atitlán"
1548,-25.2888573877687,-41.1517074096117,-7.95343996812082,0.62486224991909,"sintetico_postestratificado",FALSE,0.371973676041403,"sintetico_postestratificado",FALSE,FALSE,FALSE,"20","455","Santiago Ayuquililla"
1549,-24.6921741625321,-41.6970016079039,-5.92732482291181,0.584087807091092,"sintetico_postestratificado",FALSE,0.337166065465772,"sintetico_postestratificado",FALSE,FALSE,FALSE,"20","458","Santiago Comaltepec"
1550,-25.4273792792608,-41.1064492839035,-7.16147372593239,0.640426120514145,"sintetico_postestratificado",FALSE,0.386152327721538,"sintetico_postestratificado",FALSE,FALSE,FALSE,"20","461","Santiago del Río"
1551,-24.7423110411376,-38.5831598214192,-8.08342891543749,0.607205271327215,"sintetico_postestratificado",FALSE,0.359782160915839,"sintetico_postestratificado",FALSE,FALSE,FALSE,"20","465","Santiago Ixcuintepec"
1552,-23.2780457516683,-38.676724542601,-6.90494186254715,0.591032170170533,"sintetico_postestratificado",FALSE,0.358251712653851,"sintetico_postestratificado",FALSE,FALSE,FALSE,"20","466","Santiago Ixtayutla"
1553,-24.3285431859836,-39.7106635785653,-9.06313865099926,0.614904376741322,"sintetico_postestratificado",FALSE,0.371618944881487,"sintetico_postestratificado",FALSE,FALSE,FALSE,"20","468","Santiago Jocotepec"
1554,-24.0472504305608,-38.7290230741642,-7.79754236050862,0.659037310149032,"sintetico_postestratificado",FALSE,0.418564805843423,"sintetico_postestratificado",FALSE,FALSE,FALSE,"20","470","Santiago Lachiguiri"
1555,-22.2885909845007,-38.1982181701277,-4.84761880946351,0.666770073577541,"sintetico_postestratificado",FALSE,0.443884163732534,"sintetico_postestratificado",FALSE,FALSE,FALSE,"20","471","Santiago Lalopa"
1556,-23.3751105732119,-38.6941576020858,-6.10065332081484,0.622121540436031,"sintetico_postestratificado",FALSE,0.388370434703911,"sintetico_postestratificado",FALSE,FALSE,FALSE,"20","472","Santiago Laollaga"
1557,-24.702434226952,-40.4895787347024,-6.92906582611022,0.632338821230824,"sintetico_postestratificado",FALSE,0.385314478961304,"sintetico_postestratificado",FALSE,FALSE,FALSE,"20","473","Santiago Laxopa"
1558,-25.0045804290094,-40.9431014479,-6.98609115315123,0.615665720866617,"sintetico_postestratificado",FALSE,0.365619916576523,"sintetico_postestratificado",FALSE,FALSE,FALSE,"20","474","Santiago Llano Grande"
1559,-24.172588331322,-39.3681023952591,-7.13387264893097,0.56998726854581,"sintetico_postestratificado",FALSE,0.32826138523259,"sintetico_postestratificado",FALSE,FALSE,FALSE,"20","475","Santiago Matatlán"
1560,-25.7441200918793,-41.2970955217222,-7.38871689316547,0.585954144034033,"sintetico_postestratificado",FALSE,0.32851294311524,"sintetico_postestratificado",FALSE,FALSE,FALSE,"20","476","Santiago Miltepec"
1561,-24.5903729499725,-43.4848836094863,-6.04376447824763,0.631436841245449,"sintetico_postestratificado",FALSE,0.385533111745724,"sintetico_postestratificado",FALSE,FALSE,FALSE,"20","389","Santa Inés Yatzeche"
1562,-23.4081532948051,-39.0639012621524,-6.4444125648979,0.669849472781839,"sintetico_postestratificado",FALSE,0.435767939833789,"sintetico_postestratificado",FALSE,FALSE,FALSE,"20","478","Santiago Nacaltepec"
1563,-21.9068142307261,-38.2182016124649,-3.84833349786601,0.697666169535464,"sintetico_postestratificado",FALSE,0.478598027228204,"sintetico_postestratificado",FALSE,FALSE,FALSE,"20","479","Santiago Nejapilla"
1564,-24.312129774863,-40.5948315233165,-6.44651203650955,0.615396443199055,"sintetico_postestratificado",FALSE,0.372275145450424,"sintetico_postestratificado",FALSE,FALSE,FALSE,"20","012","Candelaria Loxicha"
1565,-24.1234388665188,-38.2730034925522,-9.13549582843974,0.634184641918354,"muestra_directa",TRUE,0.392950253253165,"muestra_directa",TRUE,TRUE,TRUE,"20","028","Heroica Ciudad de Ejutla de Crespo"
1566,-24.6215390584936,-39.8440618585431,-8.07932715929773,0.609851744993474,"muestra_directa",TRUE,0.363636354408538,"muestra_directa",TRUE,TRUE,TRUE,"20","039","Heroica Ciudad de Huajuapan de León"
1567,-24.5518766629391,-39.7279268903066,-6.93171531349796,0.625582994436147,"sintetico_postestratificado",FALSE,0.380064227806755,"sintetico_postestratificado",FALSE,FALSE,FALSE,"20","064","Nejapa de Madero"
1568,-23.7079352830309,-38.3708048037855,-6.46516911848229,0.642283692134616,"sintetico_postestratificado",FALSE,0.405204339304308,"sintetico_postestratificado",FALSE,FALSE,FALSE,"20","066","Santiago Niltepec"
1569,-22.2937839446816,-37.848081159399,-5.27734270791358,0.655044123153204,"muestra_directa",TRUE,0.432106283706388,"muestra_directa",TRUE,TRUE,TRUE,"20","067","Oaxaca de Juárez"
1570,-24.7343592891465,-38.5778149890205,-10.6449368601424,0.609312557053979,"sintetico_postestratificado",FALSE,0.361968964162514,"sintetico_postestratificado",FALSE,FALSE,FALSE,"20","068","Ocotlán de Morelos"
1571,-24.3227457392017,-37.9411830431226,-10.2273817837195,0.63880191409588,"sintetico_postestratificado",FALSE,0.395574456703863,"sintetico_postestratificado",FALSE,FALSE,FALSE,"20","073","Putla Villa de Guerrero"
1572,-22.2014028508052,-38.4146731004118,-5.33056492602351,0.681806974490604,"sintetico_postestratificado",FALSE,0.459792945982551,"sintetico_postestratificado",FALSE,FALSE,FALSE,"20","085","San Agustín Loxicha"
1573,-24.9280030573772,-39.8834811617739,-6.40597403555569,0.624694099143427,"sintetico_postestratificado",FALSE,0.375414068569655,"sintetico_postestratificado",FALSE,FALSE,FALSE,"20","088","San Andrés Cabecera Nueva"
1574,-24.8694246359186,-39.8631934810108,-6.64854130065115,0.596924194327698,"sintetico_postestratificado",FALSE,0.348229947968513,"sintetico_postestratificado",FALSE,FALSE,FALSE,"20","483","Santiago Suchilquitongo"
1575,-23.3877735728678,-39.4557345620007,-6.34466470541091,0.595456564931797,"sintetico_postestratificado",FALSE,0.361578829203119,"sintetico_postestratificado",FALSE,FALSE,FALSE,"20","486","Villa Tejúpam de la Unión"
1576,-24.2497380481452,-41.1677264759681,-4.91568706372704,0.618163087767022,"sintetico_postestratificado",FALSE,0.37566570728557,"sintetico_postestratificado",FALSE,FALSE,FALSE,"20","093","San Andrés Lagunas"
1577,-24.1814231737052,-41.3851107475872,-4.46954440099113,0.586405083003472,"sintetico_postestratificado",FALSE,0.34459085126642,"sintetico_postestratificado",FALSE,FALSE,FALSE,"20","113","San Baltazar Loxicha"
1578,-25.6995446683433,-42.6853938940761,-9.01597640383974,0.603934146148574,"sintetico_postestratificado",FALSE,0.346938699465141,"sintetico_postestratificado",FALSE,FALSE,FALSE,"20","487","Santiago Tenango"
1579,-24.2405082052507,-38.8310363011753,-5.53858621935705,0.616615643000303,"sintetico_postestratificado",FALSE,0.374210560947796,"sintetico_postestratificado",FALSE,FALSE,FALSE,"20","488","Santiago Tepetlapa"
1580,-23.0860046469719,-39.2498883340111,-7.29592993949874,0.639475155939438,"sintetico_postestratificado",FALSE,0.408615109469719,"sintetico_postestratificado",FALSE,FALSE,FALSE,"20","496","Santiago Xiacuí"
1581,-23.479421997176,-40.2132491513734,-4.90206315046976,0.613584047449504,"sintetico_postestratificado",FALSE,0.378789827477744,"sintetico_postestratificado",FALSE,FALSE,FALSE,"20","509","Santo Domingo de Morelos"
1582,-24.3900849734382,-40.7180761387753,-6.02646534347354,0.577983900696892,"sintetico_postestratificado",FALSE,0.33408305096251,"sintetico_postestratificado",FALSE,FALSE,FALSE,"20","557","Unión Hidalgo"
1583,-25.6792521623219,-40.8302051526571,-8.99496363867555,0.605653374046169,"sintetico_postestratificado",FALSE,0.34886085242295,"sintetico_postestratificado",FALSE,FALSE,FALSE,"20","560","Villa Díaz Ordaz"
1584,-25.3365271769824,-40.7466539877051,-7.68547690801259,0.63944614173156,"sintetico_postestratificado",FALSE,0.386080869961736,"sintetico_postestratificado",FALSE,FALSE,FALSE,"20","038","Villa Hidalgo Yalálag"
1585,-23.2126712990795,-40.2011719731135,-3.96801382398406,0.665995326722547,"sintetico_postestratificado",FALSE,0.433868613731752,"sintetico_postestratificado",FALSE,FALSE,FALSE,"20","238","Heroico San Martín de los Cansecos"
1586,-26.0676292948438,-39.1220437672232,-12.0374118231404,0.628214881881486,"sintetico_postestratificado",FALSE,0.367538588933047,"sintetico_postestratificado",FALSE,FALSE,FALSE,"21","180","Tlahuapan"
1587,-26.696773021932,-42.336348421503,-9.48307863163975,0.635646273068781,"sintetico_postestratificado",FALSE,0.368678542849461,"sintetico_postestratificado",FALSE,FALSE,FALSE,"21","080","Atlequizayan"
1588,-24.4628518491451,-38.1931960090026,-9.33922301525489,0.643469919669054,"sintetico_postestratificado",FALSE,0.398841401177602,"sintetico_postestratificado",FALSE,FALSE,FALSE,"21","087","Jolalpan"
1589,-25.7427232026315,-40.9447087951002,-9.63533718569731,0.655034646284333,"sintetico_postestratificado",FALSE,0.397607414258018,"sintetico_postestratificado",FALSE,FALSE,FALSE,"21","088","Jonotla"
1590,-25.4880315583,-40.7611333135663,-7.82600451266895,0.61123809323818,"sintetico_postestratificado",FALSE,0.35635777765518,"sintetico_postestratificado",FALSE,FALSE,FALSE,"21","081","Ixcamilpa de Guerrero"
1591,-25.7888216299451,-40.3868395420749,-10.071074759443,0.636507619279528,"sintetico_postestratificado",FALSE,0.378619402980078,"sintetico_postestratificado",FALSE,FALSE,FALSE,"21","083","Ixtacamaxtitlán"
1592,-28.3448332738674,-42.4866995859903,-14.3409333468525,0.599541448413415,"muestra_directa",FALSE,0.316093115674741,"muestra_directa",FALSE,TRUE,FALSE,"21","197","Xicotepec"
1593,-25.4725882673731,-39.7054427084071,-9.21532494782649,0.641306207420041,"sintetico_postestratificado",FALSE,0.386580324746311,"sintetico_postestratificado",FALSE,FALSE,FALSE,"21","193","Tzicatlacoyan"
1594,-27.1006355932693,-41.84853021586,-9.96210386888909,0.597214036919826,"sintetico_postestratificado",FALSE,0.326207680987133,"sintetico_postestratificado",FALSE,FALSE,FALSE,"21","192","Tuzamapan de Galeana"
1595,-24.9141068013928,-39.7745801846315,-8.16760559408525,0.638461201093626,"sintetico_postestratificado",FALSE,0.389320133079698,"sintetico_postestratificado",FALSE,FALSE,FALSE,"21","215","Zongozotla"
1596,-23.8104541808541,-38.01560557027,-8.2521836737733,0.598047351951567,"sintetico_postestratificado",FALSE,0.359942810143025,"sintetico_postestratificado",FALSE,FALSE,FALSE,"21","191","Tulcingo"
1597,-25.086096481948,-40.1056035806884,-9.43757821550241,0.612041684782388,"sintetico_postestratificado",FALSE,0.361180719962907,"sintetico_postestratificado",FALSE,FALSE,FALSE,"21","216","Zoquiapan"
1598,-25.5885963410972,-40.8519584422737,-8.84255940593117,0.607547358331187,"muestra_directa",TRUE,0.351661394920215,"muestra_directa",TRUE,TRUE,TRUE,"21","199","Xiutetelco"
1599,-24.3838760456463,-39.1503685575414,-8.22159486142232,0.638380794614708,"sintetico_postestratificado",FALSE,0.394542034158245,"sintetico_postestratificado",FALSE,FALSE,FALSE,"21","198","Xicotlán"
1600,-27.5410977323512,-41.4916329394897,-10.9698736995983,0.588583580322597,"sintetico_postestratificado",FALSE,0.313172602999085,"sintetico_postestratificado",FALSE,FALSE,FALSE,"21","178","Tlacuilotepec"
1601,-25.9506769739483,-42.4829945748887,-8.89144296933562,0.644572365302252,"sintetico_postestratificado",FALSE,0.385065595562769,"sintetico_postestratificado",FALSE,FALSE,FALSE,"21","105","Ocotepec"
1602,-24.6232005915786,-38.8924954654084,-8.20269449719869,0.651033070018697,"muestra_directa",TRUE,0.404801064102912,"muestra_directa",TRUE,TRUE,TRUE,"21","132","San Martín Texmelucan"
1603,-26.1592465133435,-40.0594652196541,-9.57047287974386,0.64248708374071,"sintetico_postestratificado",FALSE,0.380894618607275,"sintetico_postestratificado",FALSE,FALSE,FALSE,"21","143","San Salvador el Verde"
1604,-24.6790036148907,-41.3577502090938,-8.24200008811452,0.612187253850649,"sintetico_postestratificado",FALSE,0.365397217701742,"sintetico_postestratificado",FALSE,FALSE,FALSE,"21","176","Tilapa"
1605,-25.6823126583836,-40.0346161987457,-9.22747557156183,0.64903844703804,"sintetico_postestratificado",FALSE,0.392215320454205,"sintetico_postestratificado",FALSE,FALSE,FALSE,"21","174","Teziutlán"
1606,-24.7628128420329,-42.2507631142353,-5.26429077168746,0.608109732551377,"sintetico_postestratificado",FALSE,0.360481604131049,"sintetico_postestratificado",FALSE,FALSE,FALSE,"21","171","Tepeyahualco de Cuauhtémoc"
1607,-25.2898003407595,-39.9742331425152,-9.02306015079571,0.630741599090875,"sintetico_postestratificado",FALSE,0.37784359568328,"sintetico_postestratificado",FALSE,FALSE,FALSE,"21","103","Nicolás Bravo"
1608,-22.8917420643041,-39.1112655804842,-5.12458112054632,0.642014892533581,"muestra_directa",TRUE,0.413097471890539,"muestra_directa",TRUE,TRUE,TRUE,"21","102","Nealtican"
1609,-24.6425055449815,-40.3482942400037,-8.0486568938355,0.616609009578314,"sintetico_postestratificado",FALSE,0.370183954128499,"sintetico_postestratificado",FALSE,FALSE,FALSE,"21","142","San Salvador el Seco"
1610,-25.1284295090212,-42.1492438935662,-7.44052192459969,0.650811047316352,"sintetico_postestratificado",FALSE,0.39952675222614,"sintetico_postestratificado",FALSE,FALSE,FALSE,"21","101","Nauzontla"
1611,-28.4899792333131,-43.5917626711555,-11.7696494138248,0.631721786998077,"sintetico_postestratificado",FALSE,0.346821994664945,"sintetico_postestratificado",FALSE,FALSE,FALSE,"21","100","Naupan"
1612,-24.8901597180796,-39.5678896594517,-8.31019807436135,0.631358475629445,"sintetico_postestratificado",FALSE,0.382456878448649,"sintetico_postestratificado",FALSE,FALSE,FALSE,"21","099","Cañada Morelos"
1613,-25.2180771536281,-40.4199859368357,-9.11575702986085,0.625147273467316,"sintetico_postestratificado",FALSE,0.372966501931035,"sintetico_postestratificado",FALSE,FALSE,FALSE,"21","098","Molcaxac"
1614,-26.8912461730403,-42.658627658588,-10.4411890800286,0.596218460986772,"sintetico_postestratificado",FALSE,0.327305999256369,"sintetico_postestratificado",FALSE,FALSE,FALSE,"21","001","Acajete"
1615,-23.9844712026784,-39.4994831437499,-6.78362589357983,0.637560248650541,"sintetico_postestratificado",FALSE,0.397715536623757,"sintetico_postestratificado",FALSE,FALSE,FALSE,"21","182","Tlanepantla"
1616,-24.7340887295651,-39.7149527587663,-7.58094921187038,0.641667166460398,"sintetico_postestratificado",FALSE,0.394326279164746,"sintetico_postestratificado",FALSE,FALSE,FALSE,"21","201","Xochiltepec"
1617,-25.5616805662367,-40.7655363660474,-9.7937521144541,0.619367891181341,"sintetico_postestratificado",FALSE,0.363751085518973,"sintetico_postestratificado",FALSE,FALSE,FALSE,"21","110","Palmar de Bravo"
1618,-27.7943142705003,-42.2695339904314,-12.4207966130321,0.599770237739551,"sintetico_postestratificado",FALSE,0.321827095034547,"sintetico_postestratificado",FALSE,FALSE,FALSE,"21","109","Pahuatlán"
1619,-24.5632470269764,-39.109193599541,-7.48019936609958,0.587411153989206,"sintetico_postestratificado",FALSE,0.341778683719442,"sintetico_postestratificado",FALSE,FALSE,FALSE,"21","067","Guadalupe Victoria"
1620,-26.0132215757843,-41.2960722096842,-10.4282753658665,0.599693052299361,"muestra_directa",TRUE,0.339560836541518,"muestra_directa",TRUE,TRUE,TRUE,"21","147","Santa Inés Ahuatempan"
1621,-25.8949239318158,-42.8477695814944,-8.5326122595426,0.607769775068013,"sintetico_postestratificado",FALSE,0.348820535749854,"sintetico_postestratificado",FALSE,FALSE,FALSE,"21","204","Yaonáhuac"
1622,-25.0619886179367,-40.3279711367711,-9.25318481228842,0.589999275595958,"sintetico_postestratificado",FALSE,0.339379389416591,"sintetico_postestratificado",FALSE,FALSE,FALSE,"21","108","Oriental"
1623,-24.6310799335814,-39.5908811311342,-9.96481628595771,0.591012456163939,"muestra_directa",TRUE,0.344701656828125,"muestra_directa",TRUE,TRUE,TRUE,"21","066","Guadalupe"
1624,-25.5080560964909,-40.974212173646,-9.82816827629945,0.625542822468688,"sintetico_postestratificado",FALSE,0.370462261503779,"sintetico_postestratificado",FALSE,FALSE,FALSE,"21","167","Tepetzintla"
1625,-23.0918228959476,-37.0906077565717,-8.09489142026146,0.643659217350006,"sintetico_postestratificado",FALSE,0.41274098839053,"sintetico_postestratificado",FALSE,FALSE,FALSE,"21","166","Tepeojuma"
1626,-25.9476069061847,-39.6833880447017,-12.1386155009023,0.579954100062777,"muestra_directa",TRUE,0.32047803100093,"muestra_directa",TRUE,TRUE,TRUE,"21","065","General Felipe Ángeles"
1627,-24.8561669883963,-40.2755007723009,-8.79865416132794,0.62846093521492,"sintetico_postestratificado",FALSE,0.379899265330958,"sintetico_postestratificado",FALSE,FALSE,FALSE,"21","181","Tlaltenango"
1628,-26.8328283123349,-40.591026991798,-10.8780478575069,0.62319345528425,"sintetico_postestratificado",FALSE,0.3548651721609,"sintetico_postestratificado",FALSE,FALSE,FALSE,"21","064","Francisco Z. Mena"
1629,-23.0352185531556,-37.1389203888345,-7.2323228266129,0.624471205720908,"muestra_directa",TRUE,0.394119020189352,"muestra_directa",TRUE,TRUE,TRUE,"21","148","Santa Isabel Cholula"
1630,-25.0382137749876,-40.1588345291329,-8.47468516722664,0.636767842541948,"sintetico_postestratificado",FALSE,0.386385704792072,"sintetico_postestratificado",FALSE,FALSE,FALSE,"21","063","Esperanza"
1631,-23.5899965742719,-38.2798273626614,-8.00491063796648,0.614204055863792,"sintetico_postestratificado",FALSE,0.378304090121074,"sintetico_postestratificado",FALSE,FALSE,FALSE,"21","217","Zoquitlán"
1632,-24.799634651317,-39.7522279663753,-6.91291620026253,0.624755781263675,"muestra_directa",TRUE,0.376759434750506,"muestra_directa",TRUE,TRUE,TRUE,"21","207","Zacapoaxtla"
1633,-25.9827697286863,-41.0597909554455,-7.73128702458136,0.584503537720683,"sintetico_postestratificado",FALSE,0.324675840433819,"sintetico_postestratificado",FALSE,FALSE,FALSE,"21","214","Zinacatepec"
1634,-25.3199533407623,-40.5569021847309,-6.77243682931227,0.588474615502783,"sintetico_postestratificado",FALSE,0.335275082095159,"sintetico_postestratificado",FALSE,FALSE,FALSE,"21","059","Chinantla"
1635,-25.2737441374287,-39.6641498878188,-8.44533094865896,0.621752095320677,"sintetico_postestratificado",FALSE,0.369014653946389,"sintetico_postestratificado",FALSE,FALSE,FALSE,"21","058","Chilchotla"
1636,-28.281537690139,-43.5874428843292,-11.2412048239966,0.616955396326585,"sintetico_postestratificado",FALSE,0.334140019425195,"sintetico_postestratificado",FALSE,FALSE,FALSE,"21","057","Honey"
1637,-26.2154535887979,-41.094786172745,-9.8753959082481,0.612205840119639,"sintetico_postestratificado",FALSE,0.35005130423166,"sintetico_postestratificado",FALSE,FALSE,FALSE,"21","056","Chila de la Sal"
1638,-26.6809590133117,-42.1725149053482,-10.2941030246354,0.642258248511242,"sintetico_postestratificado",FALSE,0.375448658378124,"sintetico_postestratificado",FALSE,FALSE,FALSE,"21","107","Olintla"
1639,-25.3193719936314,-39.4401836008862,-9.64527745607606,0.636111397504197,"sintetico_postestratificado",FALSE,0.382917677567883,"sintetico_postestratificado",FALSE,FALSE,FALSE,"21","106","Ocoyucan"
1640,-25.0533765711446,-40.1598666404297,-6.59946953455241,0.632163451906055,"muestra_directa",TRUE,0.381629686194609,"muestra_directa",TRUE,TRUE,TRUE,"21","055","Chila"
1641,-26.5428095131762,-42.8448942920701,-10.1978361555949,0.642778425802908,"sintetico_postestratificado",FALSE,0.377350330671146,"sintetico_postestratificado",FALSE,FALSE,FALSE,"21","200","Xochiapulco"
1642,-25.2507879367104,-42.0392922361963,-8.33764858792502,0.598973541620292,"sintetico_postestratificado",FALSE,0.346465662253188,"sintetico_postestratificado",FALSE,FALSE,FALSE,"21","051","Chietla"
1643,-26.501585639958,-41.7950167153482,-9.61695749133096,0.594484028868275,"sintetico_postestratificado",FALSE,0.329468172468695,"sintetico_postestratificado",FALSE,FALSE,FALSE,"21","050","Chichiquila"
1644,-25.0462667480076,-39.78811001902,-8.28491218959223,0.595416888607092,"sintetico_postestratificado",FALSE,0.344954221127016,"sintetico_postestratificado",FALSE,FALSE,FALSE,"21","096","Mazapiltepec de Juárez"
1645,-24.8678117880718,-41.9461730705869,-6.73095140116451,0.59845407492782,"sintetico_postestratificado",FALSE,0.349775957047101,"sintetico_postestratificado",FALSE,FALSE,FALSE,"21","095","La Magdalena Tlatlauquitepec"
1646,-25.7381450185656,-39.7933090949871,-11.1924280555018,0.60067070016581,"sintetico_postestratificado",FALSE,0.343289249980154,"sintetico_postestratificado",FALSE,FALSE,FALSE,"21","094","Libres"
1647,-24.6714897506732,-39.0911219412447,-7.8344137560892,0.573625492062556,"sintetico_postestratificado",FALSE,0.326910594555824,"sintetico_postestratificado",FALSE,FALSE,FALSE,"21","093","Lafragua"
1648,-24.0361878576244,-37.9701392015486,-9.17782001078347,0.59181816007654,"sintetico_postestratificado",FALSE,0.351456281500296,"sintetico_postestratificado",FALSE,FALSE,FALSE,"21","092","Juan N. Méndez"
1649,-26.4989777479404,-42.5932877603367,-9.01767546766503,0.602085200347886,"sintetico_postestratificado",FALSE,0.337095422868481,"sintetico_postestratificado",FALSE,FALSE,FALSE,"21","091","Juan Galindo"
1650,-26.5490453226534,-40.385118104995,-9.29087315463447,0.600520665868467,"sintetico_postestratificado",FALSE,0.335030212641933,"sintetico_postestratificado",FALSE,FALSE,FALSE,"21","208","Zacatlán"
1651,-24.452532828249,-38.9308907509088,-6.80302015302431,0.591839392587965,"sintetico_postestratificado",FALSE,0.347314064305475,"sintetico_postestratificado",FALSE,FALSE,FALSE,"21","090","Juan C. Bonilla"
1652,-24.0731689001737,-39.4082154811905,-7.3837048432988,0.600045122951757,"sintetico_postestratificado",FALSE,0.35931343395002,"sintetico_postestratificado",FALSE,FALSE,FALSE,"21","037","Coyotepec"
1653,-25.6002311138456,-39.8748633168217,-10.135057542987,0.596780959775126,"sintetico_postestratificado",FALSE,0.34077864863667,"sintetico_postestratificado",FALSE,FALSE,FALSE,"21","035","Coxcatlán"
1654,-25.9467228977757,-41.0414180581545,-10.6632946539793,0.609771546946993,"muestra_directa",TRUE,0.350304317969236,"muestra_directa",TRUE,TRUE,TRUE,"21","034","Coronango"
1655,-26.7420492010108,-42.9737972683432,-11.0878767750027,0.630800119059368,"sintetico_postestratificado",FALSE,0.36337962704926,"sintetico_postestratificado",FALSE,FALSE,FALSE,"21","033","Cohuecan"
1656,-25.0098036808406,-39.228443072847,-9.4160222220495,0.652459823198735,"sintetico_postestratificado",FALSE,0.402361786390329,"sintetico_postestratificado",FALSE,FALSE,FALSE,"21","032","Cohetzala"
1657,-24.6649155630258,-38.9431255107164,-7.94461116936584,0.637746937707401,"sintetico_postestratificado",FALSE,0.391097782077143,"sintetico_postestratificado",FALSE,FALSE,FALSE,"21","031","Coatzingo"
1658,-27.0144098448433,-42.4983220918924,-8.36625439260379,0.592015640182914,"sintetico_postestratificado",FALSE,0.321871541734481,"sintetico_postestratificado",FALSE,FALSE,FALSE,"21","030","Coatepec"
1659,-26.9229976451341,-42.2117132089435,-10.4013074546208,0.610665796674005,"sintetico_postestratificado",FALSE,0.341435820222664,"sintetico_postestratificado",FALSE,FALSE,FALSE,"21","029","Caxhuacan"
1660,-26.9970002990527,-43.0866420369659,-10.3388033159598,0.621815197504297,"sintetico_postestratificado",FALSE,0.35184519451377,"sintetico_postestratificado",FALSE,FALSE,FALSE,"21","028","Camocuautla"
1661,-24.0530287288182,-38.7986757532182,-5.66393051504716,0.578406994556675,"sintetico_postestratificado",FALSE,0.337876707268493,"sintetico_postestratificado",FALSE,FALSE,FALSE,"21","020","Atoyatempan"
1662,-26.7799827487585,-42.1128152334211,-10.0392420376495,0.585648363840648,"sintetico_postestratificado",FALSE,0.317848536353063,"sintetico_postestratificado",FALSE,FALSE,FALSE,"21","077","Hueytlalpan"
1663,-25.1619855394446,-37.8518645414822,-11.4662888369998,0.611813577382781,"sintetico_postestratificado",FALSE,0.360193721988335,"sintetico_postestratificado",FALSE,FALSE,FALSE,"21","074","Huejotzingo"
1664,-26.1294069015735,-40.9839483670881,-9.15946248120742,0.579093877714474,"sintetico_postestratificado",FALSE,0.317799808698739,"sintetico_postestratificado",FALSE,FALSE,FALSE,"21","022","Atzitzihuacán"
1665,-25.4170902365549,-40.3894746882562,-9.04942336873082,0.589317523865707,"sintetico_postestratificado",FALSE,0.335146621500158,"sintetico_postestratificado",FALSE,FALSE,FALSE,"21","025","Ayotoxco de Guerrero"
1666,-23.7853864209087,-38.8665104128237,-7.03664406455181,0.588355142536437,"muestra_directa",TRUE,0.35050127832735,"muestra_directa",TRUE,TRUE,TRUE,"21","177","Tlacotepec de Benito Juárez"
1667,-24.6771136212495,-39.2781223317176,-7.51778637683008,0.613295090733036,"sintetico_postestratificado",FALSE,0.366523954520542,"sintetico_postestratificado",FALSE,FALSE,FALSE,"21","075","Hueyapan"
1668,-24.9554503398488,-39.8171914247293,-8.80679472234675,0.619976799452931,"sintetico_postestratificado",FALSE,0.370422296054443,"sintetico_postestratificado",FALSE,FALSE,FALSE,"21","078","Huitzilan de Serdán"
1669,-24.29695058028,-39.813845134577,-7.85865409550282,0.594480979993096,"sintetico_postestratificado",FALSE,0.351511474190296,"sintetico_postestratificado",FALSE,FALSE,FALSE,"21","079","Huitziltepec"
1670,-27.1057498533731,-42.4842011699679,-10.3230706050183,0.603226922542785,"sintetico_postestratificado",FALSE,0.332169424009054,"sintetico_postestratificado",FALSE,FALSE,FALSE,"21","187","Tlaxco"
1671,-23.6284559128222,-38.389752398998,-8.92599959299479,0.622141809724159,"sintetico_postestratificado",FALSE,0.385857250595937,"sintetico_postestratificado",FALSE,FALSE,FALSE,"21","188","Tochimilco"
1672,-24.1816339465777,-38.7619797947514,-8.60767467624519,0.604355487072678,"sintetico_postestratificado",FALSE,0.362539147606901,"sintetico_postestratificado",FALSE,FALSE,FALSE,"21","189","Tochtepec"
1673,-25.1918058337001,-38.6034230550094,-9.39256174565743,0.574948083089872,"sintetico_postestratificado",FALSE,0.323030024752871,"sintetico_postestratificado",FALSE,FALSE,FALSE,"21","190","Totoltepec de Guerrero"
1674,-27.9246530788217,-42.038742503843,-12.2000497094021,0.600564489280167,"sintetico_postestratificado",FALSE,0.321317958491949,"sintetico_postestratificado",FALSE,FALSE,FALSE,"21","194","Venustiano Carranza"
1675,-26.9138236919284,-42.9843757206948,-9.50129096608058,0.625440125060924,"sintetico_postestratificado",FALSE,0.356301888141641,"sintetico_postestratificado",FALSE,FALSE,FALSE,"21","184","Tlapacoya"
1676,-25.0212576389348,-40.7950929863389,-6.54739383826812,0.642832859771966,"sintetico_postestratificado",FALSE,0.392620283382618,"sintetico_postestratificado",FALSE,FALSE,FALSE,"21","185","Tlapanalá"
1677,-24.5658193957718,-39.309661131384,-7.23576461189362,0.613046647364352,"sintetico_postestratificado",FALSE,0.367388453406634,"sintetico_postestratificado",FALSE,FALSE,FALSE,"21","082","Ixcaquixtla"
1678,-25.616304259894,-40.39078980256,-11.2226756973448,0.600073679427409,"muestra_directa",TRUE,0.343910636828468,"muestra_directa",TRUE,TRUE,TRUE,"21","085","Izúcar de Matamoros"
1679,-25.0358046278511,-38.638776642487,-9.95556747225057,0.622483656791139,"sintetico_postestratificado",FALSE,0.372125610512628,"sintetico_postestratificado",FALSE,FALSE,FALSE,"21","104","Nopalucan"
1680,-24.5640075472647,-42.1505269976153,-7.42357354634073,0.624970445694562,"sintetico_postestratificado",FALSE,0.379330370221915,"sintetico_postestratificado",FALSE,FALSE,FALSE,"21","122","San Felipe Teotlalcingo"
1681,-26.694139843257,-42.5449881907516,-9.33390635248272,0.590433552749601,"sintetico_postestratificado",FALSE,0.323492154317031,"sintetico_postestratificado",FALSE,FALSE,FALSE,"21","123","San Felipe Tepatlán"
1682,-25.5978503316346,-39.7755770667345,-8.45741564463185,0.595927013089054,"sintetico_postestratificado",FALSE,0.339948509772708,"sintetico_postestratificado",FALSE,FALSE,FALSE,"21","012","Aljojuca"
1683,-25.5631463599181,-40.6649817073105,-8.33192952300878,0.61182320851477,"sintetico_postestratificado",FALSE,0.356191744915589,"sintetico_postestratificado",FALSE,FALSE,FALSE,"21","013","Altepexi"
1684,-25.6811907327353,-39.7794367475687,-9.13742236645746,0.628696373711183,"sintetico_postestratificado",FALSE,0.371884466383831,"sintetico_postestratificado",FALSE,FALSE,FALSE,"21","007","Ahuatlán"
1685,-24.5114951076481,-40.2811042148694,-7.44328235376924,0.583336409705621,"sintetico_postestratificado",FALSE,0.33822145862914,"sintetico_postestratificado",FALSE,FALSE,FALSE,"21","011","Albino Zertuche"
1686,-25.1305551568115,-39.1272023193503,-9.51049203889214,0.58537998234705,"sintetico_postestratificado",FALSE,0.334074430778935,"sintetico_postestratificado",FALSE,FALSE,FALSE,"21","018","Atexcal"
1687,-25.5177101516932,-40.4600143952141,-9.32960461349412,0.602131353395884,"sintetico_postestratificado",FALSE,0.346954251878952,"sintetico_postestratificado",FALSE,FALSE,FALSE,"21","054","Chignautla"
1688,-24.4076323998136,-39.7330250975719,-8.53062463492947,0.616718926902242,"sintetico_postestratificado",FALSE,0.372642602904105,"sintetico_postestratificado",FALSE,FALSE,FALSE,"21","127","San Jerónimo Xayacatlán"
1689,-25.537817639381,-40.1859638480199,-11.0919887680098,0.616421914737497,"sintetico_postestratificado",FALSE,0.361043738343687,"sintetico_postestratificado",FALSE,FALSE,FALSE,"21","129","San José Miahuatlán"
1690,-25.2083829699329,-39.4110199237542,-9.34839986868534,0.628759467309615,"sintetico_postestratificado",FALSE,0.376675637610286,"sintetico_postestratificado",FALSE,FALSE,FALSE,"21","130","San Juan Atenco"
1691,-27.6894662162682,-42.4755933006393,-12.194052666904,0.604462957455946,"sintetico_postestratificado",FALSE,0.327568295293264,"sintetico_postestratificado",FALSE,FALSE,FALSE,"21","213","Zihuateutla"
1692,-24.6763202508094,-40.1355043810524,-8.11409965563925,0.636771036028889,"sintetico_postestratificado",FALSE,0.390007833520795,"sintetico_postestratificado",FALSE,FALSE,FALSE,"21","124","San Gabriel Chilac"
1693,-24.557940500145,-37.6644259010675,-9.00007634933862,0.631435833627731,"sintetico_postestratificado",FALSE,0.385856428626281,"sintetico_postestratificado",FALSE,FALSE,FALSE,"21","169","Tepexi de Rodríguez"
1694,-24.4746571203544,-38.2726346705885,-9.53287862098008,0.589359098155698,"sintetico_postestratificado",FALSE,0.344612526952153,"sintetico_postestratificado",FALSE,FALSE,FALSE,"21","159","Teopantlán"
1695,-24.6197989357814,-38.0653711966624,-10.746202906006,0.597626152226277,"muestra_directa",TRUE,0.351428162868463,"muestra_directa",TRUE,TRUE,TRUE,"21","156","Tehuacán"
1696,-24.6197187673933,-39.1278000842826,-7.76688633947292,0.606814496191063,"sintetico_postestratificado",FALSE,0.36061730851713,"sintetico_postestratificado",FALSE,FALSE,FALSE,"21","155","Tecomatlán"
1697,-22.3724078090979,-37.4796630861238,-6.67591778844724,0.656553538253835,"sintetico_postestratificado",FALSE,0.432829460162856,"sintetico_postestratificado",FALSE,FALSE,FALSE,"21","154","Tecamachalco"
1698,-23.9046861861976,-37.4950640704955,-9.04465211789556,0.651427074551591,"sintetico_postestratificado",FALSE,0.412380212689614,"sintetico_postestratificado",FALSE,FALSE,FALSE,"21","172","Tetela de Ocampo"
1699,-25.1951251705891,-39.2959420876821,-8.99304371313939,0.60424005268147,"sintetico_postestratificado",FALSE,0.35228880097558,"sintetico_postestratificado",FALSE,FALSE,FALSE,"21","179","Tlachichuca"
1700,-24.4757356325989,-38.4098889012071,-8.79419870976835,0.642504464335644,"sintetico_postestratificado",FALSE,0.397747108009656,"sintetico_postestratificado",FALSE,FALSE,FALSE,"21","153","Tecali de Herrera"
1701,-23.3284890751494,-38.5693141172477,-5.41064567921974,0.614262222874492,"sintetico_postestratificado",FALSE,0.380977332122999,"sintetico_postestratificado",FALSE,FALSE,FALSE,"21","151","Santo Tomás Hueyotlipan"
1702,-23.2477714225273,-38.4016938325249,-8.07199034867479,0.661005445939188,"sintetico_postestratificado",FALSE,0.428527731713915,"sintetico_postestratificado",FALSE,FALSE,FALSE,"21","121","San Diego la Mesa Tochimiltzingo"
1703,-24.3037231262472,-38.2566744453254,-9.32887156868087,0.612741244143832,"sintetico_postestratificado",FALSE,0.369704012881361,"sintetico_postestratificado",FALSE,FALSE,FALSE,"21","202","Xochitlán de Vicente Suárez"
1704,-24.4241898189513,-38.6659285473454,-8.60532886166926,0.594894258081815,"sintetico_postestratificado",FALSE,0.350652359892302,"sintetico_postestratificado",FALSE,FALSE,FALSE,"21","203","Xochitlán Todos Santos"
1705,-24.1559268346139,-39.1925542207687,-7.22025099722029,0.6451095075813,"sintetico_postestratificado",FALSE,0.403550239235162,"sintetico_postestratificado",FALSE,FALSE,FALSE,"21","073","Huehuetlán el Chico"
1706,-25.5739761875575,-40.829439747706,-6.82981822987938,0.625835522726829,"sintetico_postestratificado",FALSE,0.370095760851254,"sintetico_postestratificado",FALSE,FALSE,FALSE,"21","097","Mixtla"
1707,-25.648592223498,-40.8016648662852,-7.77057307927253,0.604268438956467,"sintetico_postestratificado",FALSE,0.347782516721487,"sintetico_postestratificado",FALSE,FALSE,FALSE,"21","036","Coyomeapan"
1708,-25.6823631226779,-39.7406600415503,-9.88452630005593,0.635955147762219,"sintetico_postestratificado",FALSE,0.37913151653544,"sintetico_postestratificado",FALSE,FALSE,FALSE,"21","044","Cuyoaco"
1709,-25.6282452095926,-43.0284891771201,-6.82754136992999,0.621114718393721,"sintetico_postestratificado",FALSE,0.364832266297795,"sintetico_postestratificado",FALSE,FALSE,FALSE,"21","060","Domingo Arenas"
1710,-24.9140470603977,-38.6381221709435,-9.64783968301727,0.61634622223158,"sintetico_postestratificado",FALSE,0.367205751627602,"sintetico_postestratificado",FALSE,FALSE,FALSE,"21","061","Eloxochitlán"
1711,-24.8161224569748,-40.2960685359357,-7.68460888598011,0.616134358592332,"sintetico_postestratificado",FALSE,0.367973134022584,"sintetico_postestratificado",FALSE,FALSE,FALSE,"21","062","Epatlán"
1712,-27.3641578764554,-42.6495206351904,-10.4363825864865,0.611722526401861,"sintetico_postestratificado",FALSE,0.338080947637308,"sintetico_postestratificado",FALSE,FALSE,FALSE,"21","068","Hermenegildo Galeana"
1713,-26.6331597649879,-40.2298754544771,-11.0700287926714,0.624234956280338,"sintetico_postestratificado",FALSE,0.357903358630459,"sintetico_postestratificado",FALSE,FALSE,FALSE,"21","072","Huehuetla"
1714,-25.1663685978068,-40.044913434426,-9.30554410278166,0.585890313235361,"sintetico_postestratificado",FALSE,0.334226627257292,"sintetico_postestratificado",FALSE,FALSE,FALSE,"21","160","Teotlalco"
1715,-25.5148170482326,-41.8208701478246,-8.59419405277163,0.612215746806864,"sintetico_postestratificado",FALSE,0.357067576324539,"sintetico_postestratificado",FALSE,FALSE,FALSE,"21","161","Tepanco de López"
1716,-24.9228759637438,-39.2327049584469,-9.20539611601617,0.595378801971049,"sintetico_postestratificado",FALSE,0.346150042333611,"sintetico_postestratificado",FALSE,FALSE,FALSE,"21","024","Axutla"
1717,-25.3636352640249,-39.3753064974163,-10.2336912159868,0.626172138127224,"sintetico_postestratificado",FALSE,0.372535785486975,"sintetico_postestratificado",FALSE,FALSE,FALSE,"21","186","Tlatlauquitepec"
1718,-25.3526378163451,-39.8423990478514,-9.17623850432499,0.632702061868026,"sintetico_postestratificado",FALSE,0.379175683704575,"sintetico_postestratificado",FALSE,FALSE,FALSE,"21","170","Tepeyahualco"
1719,-24.5302916811332,-38.6550529178737,-7.5078982570053,0.626527886319582,"sintetico_postestratificado",FALSE,0.38122496950825,"sintetico_postestratificado",FALSE,FALSE,FALSE,"21","196","Xayacatlán de Bravo"
1720,-23.9754528289352,-40.7533275953084,-5.11450887617732,0.652560483377034,"sintetico_postestratificado",FALSE,0.412805955087681,"sintetico_postestratificado",FALSE,FALSE,FALSE,"21","117","Rafael Lara Grajales"
1721,-25.2631599440714,-41.5807453116108,-6.45903760119961,0.622115587753448,"sintetico_postestratificado",FALSE,0.369483988312734,"sintetico_postestratificado",FALSE,FALSE,FALSE,"21","017","Atempan"
1722,-25.03363097246,-39.8278933160913,-9.58468917022013,0.6151379175058,"sintetico_postestratificado",FALSE,0.3648016077812,"sintetico_postestratificado",FALSE,FALSE,FALSE,"21","019","Atlixco"
1723,-25.9638716876863,-42.3783156093762,-9.45806023508781,0.637189330741257,"sintetico_postestratificado",FALSE,0.377550613864394,"sintetico_postestratificado",FALSE,FALSE,FALSE,"21","173","Teteles de Ávila Castillo"
1724,-23.2652856031914,-38.9060164523775,-8.4819028669014,0.678675473640011,"sintetico_postestratificado",FALSE,0.446022617608097,"sintetico_postestratificado",FALSE,FALSE,FALSE,"21","175","Tianguismanalco"
1725,-23.2896572971244,-38.430929084901,-7.48965280358524,0.68457117780718,"sintetico_postestratificado",FALSE,0.451674604835936,"sintetico_postestratificado",FALSE,FALSE,FALSE,"21","052","Chigmecatitlán"
1726,-25.4035828014554,-40.3875489237731,-11.0146803215212,0.647920027037662,"sintetico_postestratificado",FALSE,0.393884199023108,"sintetico_postestratificado",FALSE,FALSE,FALSE,"21","069","Huaquechula"
1727,-25.2264585076211,-39.4844915986792,-9.69129152846882,0.641024548241888,"sintetico_postestratificado",FALSE,0.388759963165678,"sintetico_postestratificado",FALSE,FALSE,FALSE,"21","168","Tepexco"
1728,-24.5076772944211,-39.2012564475078,-8.98662160691605,0.622733094780966,"sintetico_postestratificado",FALSE,0.377656321836755,"sintetico_postestratificado",FALSE,FALSE,FALSE,"21","157","Tehuitzingo"
1729,-27.4875750161677,-42.6360046767187,-9.47278697270811,0.599884617403904,"sintetico_postestratificado",FALSE,0.325008867242227,"sintetico_postestratificado",FALSE,FALSE,FALSE,"21","162","Tepango de Rodríguez"
1730,-25.5993447769702,-40.2680352926149,-8.67888667739866,0.615497686346963,"sintetico_postestratificado",FALSE,0.359504238577261,"sintetico_postestratificado",FALSE,FALSE,FALSE,"21","209","Zapotitlán"
1731,-25.1230414983092,-39.5816205095378,-8.14012308100458,0.62549736373518,"sintetico_postestratificado",FALSE,0.374266948752088,"sintetico_postestratificado",FALSE,FALSE,FALSE,"21","118","Los Reyes de Juárez"
1732,-25.0723156469545,-40.0494192591205,-8.67849727493213,0.636480841345047,"sintetico_postestratificado",FALSE,0.385757684875502,"sintetico_postestratificado",FALSE,FALSE,FALSE,"21","119","San Andrés Cholula"
1733,-23.9008823392208,-39.1040718084317,-6.66406895763845,0.624466482960201,"sintetico_postestratificado",FALSE,0.385457659567994,"sintetico_postestratificado",FALSE,FALSE,FALSE,"21","120","San Antonio Cañada"
1734,-24.0217584876609,-38.9573457880733,-7.93402715211634,0.616916962244163,"sintetico_postestratificado",FALSE,0.376699377367555,"sintetico_postestratificado",FALSE,FALSE,FALSE,"21","125","San Gregorio Atzompa"
1735,-22.7611640701073,-36.5153274323008,-6.70080696640703,0.605889392071446,"muestra_directa",TRUE,0.378277751370373,"muestra_directa",TRUE,TRUE,TRUE,"21","126","San Jerónimo Tecuanipan"
1736,-24.0660738208168,-37.4639375677234,-9.70760498021424,0.597771355492699,"sintetico_postestratificado",FALSE,0.357110617284532,"sintetico_postestratificado",FALSE,FALSE,FALSE,"21","128","San José Chiapa"
1737,-25.9869294778481,-39.9351899962311,-11.4595433761758,0.604563619383213,"sintetico_postestratificado",FALSE,0.344694324604732,"sintetico_postestratificado",FALSE,FALSE,FALSE,"21","158","Tenampulco"
1738,-25.8342760445565,-40.4981485359748,-11.3032953792531,0.609129375490059,"sintetico_postestratificado",FALSE,0.350786615044493,"sintetico_postestratificado",FALSE,FALSE,FALSE,"21","053","Chignahuapan"
1739,-24.5865440811236,-39.7128362729201,-8.35329255631612,0.614991105008293,"sintetico_postestratificado",FALSE,0.369125664197057,"sintetico_postestratificado",FALSE,FALSE,FALSE,"21","002","Acateno"
1740,-23.6560674249786,-38.1187801398213,-8.51472199352571,0.621481385494125,"sintetico_postestratificado",FALSE,0.38492071124434,"sintetico_postestratificado",FALSE,FALSE,FALSE,"21","003","Acatlán"
1741,-24.5163343843027,-38.4266925727189,-8.88547242212773,0.62487697815477,"sintetico_postestratificado",FALSE,0.379713634311742,"sintetico_postestratificado",FALSE,FALSE,FALSE,"21","004","Acatzingo"
1742,-25.08134822259,-40.1906520210148,-8.99348421662509,0.625495013976963,"sintetico_postestratificado",FALSE,0.374681531751064,"sintetico_postestratificado",FALSE,FALSE,FALSE,"21","005","Acteopan"
1743,-28.0943124171396,-42.3841331231507,-11.2930671773524,0.585714714924907,"sintetico_postestratificado",FALSE,0.304771590753512,"sintetico_postestratificado",FALSE,FALSE,FALSE,"21","006","Ahuacatlán"
1744,-27.6253148134087,-42.7326724131157,-12.6350812087293,0.607464383102874,"sintetico_postestratificado",FALSE,0.331211234968788,"sintetico_postestratificado",FALSE,FALSE,FALSE,"21","008","Ahuazotepec"
1745,-23.9640311721853,-41.0717348273123,-4.19761891580747,0.64216044309377,"sintetico_postestratificado",FALSE,0.402520131371917,"sintetico_postestratificado",FALSE,FALSE,FALSE,"21","133","San Martín Totoltepec"
1746,-25.6664485209756,-41.3688663037955,-8.74524029515975,0.589515138601865,"sintetico_postestratificado",FALSE,0.33285065339211,"sintetico_postestratificado",FALSE,FALSE,FALSE,"21","134","San Matías Tlalancaleca"
1747,-26.2051245264461,-41.4301947298903,-9.13970233901511,0.63146217731728,"sintetico_postestratificado",FALSE,0.369410932052819,"sintetico_postestratificado",FALSE,FALSE,FALSE,"21","135","San Miguel Ixitlán"
1748,-24.0923798046966,-38.1027879518455,-8.72995193965103,0.611744591224634,"sintetico_postestratificado",FALSE,0.370820793177668,"sintetico_postestratificado",FALSE,FALSE,FALSE,"21","137","San Nicolás Buenos Aires"
1749,-24.9034765832267,-40.5962221839707,-9.48384581624322,0.610272820749746,"sintetico_postestratificado",FALSE,0.36123805491748,"sintetico_postestratificado",FALSE,FALSE,FALSE,"21","138","San Nicolás de los Ranchos"
1750,-25.0261654612398,-40.3691689489763,-9.12463540965483,0.632028318580273,"sintetico_postestratificado",FALSE,0.381766663967875,"sintetico_postestratificado",FALSE,FALSE,FALSE,"21","139","San Pablo Anicano"
1751,-25.9091799994365,-40.8273148692371,-10.1206967528052,0.615461428203237,"muestra_directa",TRUE,0.356369628208873,"muestra_directa",TRUE,TRUE,TRUE,"21","140","San Pedro Cholula"
1752,-23.9663711376889,-38.7901328719534,-7.66305447326931,0.604839689039217,"sintetico_postestratificado",FALSE,0.365175977662329,"sintetico_postestratificado",FALSE,FALSE,FALSE,"21","141","San Pedro Yeloixtlahuaca"
1753,-24.5146681985004,-39.2760432142537,-8.13224258783357,0.604135314793396,"sintetico_postestratificado",FALSE,0.358988632808392,"sintetico_postestratificado",FALSE,FALSE,FALSE,"21","205","Yehualtepec"
1754,-24.2875363551759,-39.0663750771139,-7.59957794222073,0.586787720419067,"sintetico_postestratificado",FALSE,0.343912356867308,"sintetico_postestratificado",FALSE,FALSE,FALSE,"21","023","Atzitzintla"
1755,-24.2818589255822,-39.325116273402,-8.41384874827407,0.599231589731699,"sintetico_postestratificado",FALSE,0.356413000475877,"sintetico_postestratificado",FALSE,FALSE,FALSE,"21","116","Quimixtlán"
1756,-22.7873788862404,-37.1263043937734,-5.06462162086353,0.598363157906029,"muestra_directa",TRUE,0.370489369043625,"muestra_directa",TRUE,TRUE,TRUE,"21","115","Quecholac"
1757,-22.6178279319422,-35.3722446599095,-9.72664041813455,0.674891431494643,"muestra_directa",FALSE,0.448713152175222,"muestra_directa",FALSE,TRUE,FALSE,"21","114","Puebla"
1758,-21.0589928635343,-35.200509730494,-4.97685636503124,0.621023402975609,"muestra_directa",TRUE,0.410433474340266,"muestra_directa",TRUE,TRUE,TRUE,"21","144","San Salvador Huixcolotla"
1759,-24.6491144245535,-39.1127992667673,-9.12127447175276,0.576586626554352,"sintetico_postestratificado",FALSE,0.330095482308816,"sintetico_postestratificado",FALSE,FALSE,FALSE,"21","145","San Sebastián Tlacotepec"
1760,-24.766838437558,-40.7718199242287,-7.70364949262962,0.630886563274118,"sintetico_postestratificado",FALSE,0.383218178898538,"sintetico_postestratificado",FALSE,FALSE,FALSE,"21","146","Santa Catarina Tlaltempan"
1761,-24.821304193373,-40.1092908408504,-9.37792200366847,0.653906549828459,"sintetico_postestratificado",FALSE,0.405693507894729,"sintetico_postestratificado",FALSE,FALSE,FALSE,"21","149","Santiago Miahuatlán"
1762,-26.2073301364252,-41.6110470090915,-8.83204287726132,0.627763987912684,"sintetico_postestratificado",FALSE,0.365690686548432,"sintetico_postestratificado",FALSE,FALSE,FALSE,"21","150","Huehuetlán el Grande"
1763,-25.1083029072194,-38.8473760804023,-10.9307015958168,0.61915402118929,"muestra_directa",TRUE,0.368070992117095,"muestra_directa",TRUE,TRUE,TRUE,"21","010","Ajalpan"
1764,-27.6367978324813,-42.4381399890483,-10.108240843207,0.616451953324211,"sintetico_postestratificado",FALSE,0.340083974999398,"sintetico_postestratificado",FALSE,FALSE,FALSE,"21","014","Amixtlán"
1765,-25.1218479628239,-41.5718998821535,-8.70295401665259,0.617500958468952,"sintetico_postestratificado",FALSE,0.366282478840713,"sintetico_postestratificado",FALSE,FALSE,FALSE,"21","015","Amozoc"
1766,-26.1964658494084,-41.7661786894752,-9.13034745600531,0.644365061611328,"sintetico_postestratificado",FALSE,0.382400403117244,"sintetico_postestratificado",FALSE,FALSE,FALSE,"21","016","Aquixtla"
1767,-25.2367756139785,-43.2203438442531,-6.35257541363952,0.63054928390303,"sintetico_postestratificado",FALSE,0.378181527763245,"sintetico_postestratificado",FALSE,FALSE,FALSE,"21","021","Atzala"
1768,-24.9483909774889,-39.7949908348905,-8.67274511689036,0.604627678200687,"sintetico_postestratificado",FALSE,0.355143768425799,"sintetico_postestratificado",FALSE,FALSE,FALSE,"21","026","Calpan"
1769,-24.2534751400543,-39.562835981015,-7.60292787057389,0.541879034679042,"sintetico_postestratificado",FALSE,0.299344283278498,"sintetico_postestratificado",FALSE,FALSE,FALSE,"21","027","Caltepec"
1770,-24.7539322579853,-40.4830387477785,-7.9895675179416,0.575309692764388,"sintetico_postestratificado",FALSE,0.327770370184535,"sintetico_postestratificado",FALSE,FALSE,FALSE,"21","165","Tepemaxalco"
1771,-26.4085414031581,-41.7509078975442,-10.5521444788015,0.614803438731722,"sintetico_postestratificado",FALSE,0.35071802470014,"sintetico_postestratificado",FALSE,FALSE,FALSE,"21","152","Soltepec"
1772,-25.0971571244716,-39.3429301130107,-9.82593276215209,0.627543520468358,"sintetico_postestratificado",FALSE,0.376571949223643,"sintetico_postestratificado",FALSE,FALSE,FALSE,"21","206","Zacapala"
1773,-25.2121737444859,-41.5682771553763,-7.82862728856366,0.620855873563793,"sintetico_postestratificado",FALSE,0.368734136118934,"sintetico_postestratificado",FALSE,FALSE,FALSE,"21","211","Zaragoza"
1774,-25.4932804715542,-39.608031570617,-11.9387986943539,0.62765013006639,"muestra_directa",TRUE,0.372717325350848,"muestra_directa",TRUE,TRUE,TRUE,"21","212","Zautla"
1775,-24.1178090799857,-38.1906953248753,-8.75127349450553,0.593596560979792,"sintetico_postestratificado",FALSE,0.352418470179935,"sintetico_postestratificado",FALSE,FALSE,FALSE,"21","163","Tepatlaxco de Hidalgo"
1776,-26.2485813309962,-41.6539975941879,-9.41741770477714,0.595273839746747,"sintetico_postestratificado",FALSE,0.332788026436786,"sintetico_postestratificado",FALSE,FALSE,FALSE,"21","049","Chiconcuautla"
1777,-25.0241553394115,-40.3197562260609,-9.18665511986385,0.630496730166423,"sintetico_postestratificado",FALSE,0.380255176772308,"sintetico_postestratificado",FALSE,FALSE,FALSE,"21","048","Chiautzingo"
1778,-24.4526475144498,-38.6938513495056,-8.08799005904751,0.615027963310683,"sintetico_postestratificado",FALSE,0.370501488166184,"sintetico_postestratificado",FALSE,FALSE,FALSE,"21","047","Chiautla"
1779,-25.0048874444676,-39.1757936236749,-9.32600031924889,0.60624378381108,"sintetico_postestratificado",FALSE,0.356194909366404,"sintetico_postestratificado",FALSE,FALSE,FALSE,"21","195","Vicente Guerrero"
1780,-24.0226590723315,-37.8482860788567,-8.78439551789604,0.60815042758547,"muestra_directa",TRUE,0.367923836862155,"muestra_directa",TRUE,TRUE,TRUE,"21","164","Tepeaca"
1781,-24.1583864401235,-39.2849067356424,-6.99406006481215,0.618308807784981,"sintetico_postestratificado",FALSE,0.376724943383746,"sintetico_postestratificado",FALSE,FALSE,FALSE,"21","046","Chapulco"
1782,-25.9158523543858,-40.543194315906,-10.4680081502024,0.625053085421145,"sintetico_postestratificado",FALSE,0.365894561877287,"sintetico_postestratificado",FALSE,FALSE,FALSE,"21","210","Zapotitlán de Méndez"
1783,-25.4493737350126,-40.5906461083708,-8.98188044504279,0.594203569629467,"sintetico_postestratificado",FALSE,0.339709832279341,"sintetico_postestratificado",FALSE,FALSE,FALSE,"21","136","San Miguel Xoxtla"
1784,-24.5207925403847,-38.9928149812813,-9.3527974703132,0.599879620612145,"sintetico_postestratificado",FALSE,0.354671695208298,"sintetico_postestratificado",FALSE,FALSE,FALSE,"21","045","Chalchicomula de Sesma"
1785,-25.1505998879547,-38.7812902352784,-8.25780652697498,0.592542256740443,"muestra_directa",TRUE,0.341036257860896,"muestra_directa",TRUE,TRUE,TRUE,"21","043","Cuetzalan del Progreso"
1786,-26.0503301622219,-41.4294820380655,-9.97584474126814,0.579739746632277,"sintetico_postestratificado",FALSE,0.319236445010058,"sintetico_postestratificado",FALSE,FALSE,FALSE,"21","084","Ixtepec"
1787,-28.198912261705,-42.2502902258271,-10.9846344928012,0.610629753926823,"sintetico_postestratificado",FALSE,0.328640631309773,"sintetico_postestratificado",FALSE,FALSE,FALSE,"21","086","Jalpan"
1788,-24.4843903703292,-39.8328680253326,-8.88015679626744,0.630115623931618,"sintetico_postestratificado",FALSE,0.385271720228325,"sintetico_postestratificado",FALSE,FALSE,FALSE,"21","042","Cuayuca de Andrade"
1789,-23.4985207005283,-37.8700842836552,-8.66332544901396,0.641568945377515,"sintetico_postestratificado",FALSE,0.406583738372232,"sintetico_postestratificado",FALSE,FALSE,FALSE,"21","113","Piaxtla"
1790,-23.671988225978,-39.185445475997,-6.61090703873423,0.633505343084368,"sintetico_postestratificado",FALSE,0.396785460824589,"sintetico_postestratificado",FALSE,FALSE,FALSE,"21","131","San Juan Atzompa"
1791,-26.7095717315753,-40.7426626075711,-11.0159697913453,0.595126116326871,"sintetico_postestratificado",FALSE,0.328030399011118,"sintetico_postestratificado",FALSE,FALSE,FALSE,"21","089","Jopala"
1792,-23.4449956256558,-37.5193616108234,-8.22997319175275,0.631316261052272,"muestra_directa",TRUE,0.396866304795714,"muestra_directa",TRUE,TRUE,TRUE,"21","041","Cuautlancingo"
1793,-23.5245168743247,-37.3983191990889,-7.88081902906556,0.608233615128604,"sintetico_postestratificado",FALSE,0.372988446385356,"sintetico_postestratificado",FALSE,FALSE,FALSE,"21","040","Cuautinchán"
1794,-25.7512407338409,-41.3735794467182,-10.0328184780891,0.602691199637625,"sintetico_postestratificado",FALSE,0.345178792299217,"sintetico_postestratificado",FALSE,FALSE,FALSE,"21","039","Cuautempan"
1795,-24.6217145005377,-38.8829547691753,-8.55331321239228,0.611586975509237,"sintetico_postestratificado",FALSE,0.36536983050386,"sintetico_postestratificado",FALSE,FALSE,FALSE,"21","038","Cuapiaxtla de Madero"
1796,-25.3922575522511,-39.8573903194443,-10.2112803476571,0.606083258865238,"sintetico_postestratificado",FALSE,0.352160683342726,"sintetico_postestratificado",FALSE,FALSE,FALSE,"21","112","Petlalcingo"
1797,-23.9375766918814,-37.9689952858008,-6.19385053962718,0.635743465973663,"sintetico_postestratificado",FALSE,0.396367699054849,"sintetico_postestratificado",FALSE,FALSE,FALSE,"21","009","Ahuehuetitla"
1798,-26.7585276678857,-40.5358518653313,-11.3963555056925,0.590886827790708,"muestra_directa",TRUE,0.323301551111851,"muestra_directa",TRUE,TRUE,TRUE,"21","076","Hueytamalco"
1799,-27.6159368167524,-41.8203719470261,-13.0032957282353,0.600316019479946,"sintetico_postestratificado",FALSE,0.324156651312422,"sintetico_postestratificado",FALSE,FALSE,FALSE,"21","183","Tlaola"
1800,-28.3181871830945,-42.7947733288349,-12.7057080822119,0.608919988974883,"muestra_directa",TRUE,0.325738117143937,"muestra_directa",TRUE,TRUE,TRUE,"21","071","Huauchinango"
1801,-24.2836521260099,-39.2418374238483,-8.08852242752303,0.592750307441521,"sintetico_postestratificado",FALSE,0.349913786181423,"sintetico_postestratificado",FALSE,FALSE,FALSE,"21","070","Huatlatlauca"
1802,-27.3039417097315,-43.141766628635,-11.0861403615483,0.566242393340163,"sintetico_postestratificado",FALSE,0.293202976242849,"sintetico_postestratificado",FALSE,FALSE,FALSE,"21","111","Pantepec"
1803,-27.4228323126569,-42.033376925829,-11.9118366351511,0.638631588683994,"muestra_directa",TRUE,0.364403265557425,"muestra_directa",TRUE,TRUE,TRUE,"22","002","Pinal de Amoles"
1804,-26.7029895544338,-41.0096940771094,-11.3687441188585,0.649466688901057,"sintetico_postestratificado",FALSE,0.382436793356719,"sintetico_postestratificado",FALSE,FALSE,FALSE,"22","010","Landa de Matamoros"
1805,-26.2877878881689,-40.2616806889995,-12.123549396092,0.685845968410761,"muestra_directa",TRUE,0.422968089529072,"muestra_directa",TRUE,TRUE,TRUE,"22","006","Corregidora"
1806,-28.0073376839482,-41.4960687348861,-14.0034340913175,0.661490492024505,"sintetico_postestratificado",FALSE,0.381417115185022,"sintetico_postestratificado",FALSE,FALSE,FALSE,"22","003","Arroyo Seco"
1807,-28.8496336285915,-42.545700350514,-15.4611150742472,0.685052841939561,"muestra_directa",TRUE,0.396556505653646,"muestra_directa",TRUE,TRUE,TRUE,"22","011","El Marqués"
1808,-25.8601879686694,-41.4260263084809,-9.35506214447772,0.712554190699506,"muestra_directa",TRUE,0.453952311012812,"muestra_directa",TRUE,TRUE,TRUE,"22","012","Pedro Escobedo"
1809,-24.993970617685,-39.7583672954293,-8.56352328813493,0.70390016535447,"sintetico_postestratificado",FALSE,0.45396045917762,"sintetico_postestratificado",FALSE,FALSE,FALSE,"22","015","San Joaquín"
1810,-28.6812514691582,-41.1909661979185,-15.9561281024804,0.652855841122216,"muestra_directa",FALSE,0.366043326430634,"muestra_directa",FALSE,TRUE,FALSE,"22","016","San Juan del Río"
1811,-26.7820480125741,-41.0078335183448,-12.7515120033972,0.649172611276655,"sintetico_postestratificado",FALSE,0.381352131150915,"sintetico_postestratificado",FALSE,FALSE,FALSE,"22","017","Tequisquiapan"
1812,-28.1383898641183,-44.1778849743028,-13.5921564952269,0.648614176135869,"muestra_directa",TRUE,0.367230277494685,"muestra_directa",TRUE,TRUE,TRUE,"22","018","Tolimán"
1813,-26.0255095418032,-40.3849493321896,-11.1336729256545,0.67483120230135,"sintetico_postestratificado",FALSE,0.414576106883318,"sintetico_postestratificado",FALSE,FALSE,FALSE,"22","007","Ezequiel Montes"
1814,-24.5437530410482,-37.5465761181255,-10.8883746455416,0.65270019368379,"muestra_directa",TRUE,0.407262663273307,"muestra_directa",TRUE,TRUE,TRUE,"22","001","Amealco de Bonfil"
1815,-28.7978113661909,-40.4087351177013,-18.0948926023851,0.706715977221099,"muestra_directa",FALSE,0.41873786355919,"muestra_directa",FALSE,TRUE,FALSE,"22","014","Querétaro"
1816,-25.691397596696,-40.6653839899152,-10.6193425307384,0.663985808403081,"sintetico_postestratificado",FALSE,0.407071832436121,"sintetico_postestratificado",FALSE,FALSE,FALSE,"22","005","Colón"
1817,-27.356512001036,-40.6884992677726,-12.8720481942295,0.674573703187251,"muestra_directa",TRUE,0.40100858317689,"muestra_directa",TRUE,TRUE,TRUE,"22","004","Cadereyta de Montes"
1818,-25.3747485626119,-40.2961009074093,-9.74405550224054,0.674521059369139,"sintetico_postestratificado",FALSE,0.420773573743021,"sintetico_postestratificado",FALSE,FALSE,FALSE,"22","013","Peñamiller"
1819,-29.7253993966417,-43.101758902986,-17.4149220798228,0.663793726504037,"muestra_directa",FALSE,0.366539732537619,"muestra_directa",FALSE,TRUE,FALSE,"22","008","Huimilpan"
1820,-27.9416738039457,-41.4861257766181,-12.5275392618507,0.643056655288694,"sintetico_postestratificado",FALSE,0.363639917249237,"sintetico_postestratificado",FALSE,FALSE,FALSE,"22","009","Jalpan de Serra"
1821,-22.5775268901361,-42.2925481880629,-2.29550875130632,0.663723085908042,"muestra_directa",TRUE,0.437947817006681,"muestra_directa",TRUE,TRUE,TRUE,"23","001","Cozumel"
1822,-22.6530374230279,-42.216155935218,0.00920681495266432,0.560197793985638,"sintetico_postestratificado",FALSE,0.333667419755359,"sintetico_postestratificado",FALSE,FALSE,FALSE,"23","003","Isla Mujeres"
1823,-24.6360425701945,-39.1321567059594,-9.58749807610698,0.627006477222506,"muestra_directa",FALSE,0.380646051520561,"muestra_directa",FALSE,TRUE,FALSE,"23","002","Felipe Carrillo Puerto"
1824,-20.7268454553179,-36.3186805401842,-4.08500841859761,0.635226979715776,"muestra_directa",FALSE,0.427958525162597,"muestra_directa",FALSE,TRUE,FALSE,"23","005","Benito Juárez"
1825,-24.0532427023275,-38.3923200115446,-9.56038060303413,0.638040182412335,"muestra_directa",FALSE,0.39750775538906,"muestra_directa",FALSE,TRUE,FALSE,"23","004","Othón P. Blanco"
1826,-23.9023636797081,-40.9059703231626,-4.28890809054404,0.573300224468615,"sintetico_postestratificado",FALSE,0.334276587671534,"sintetico_postestratificado",FALSE,FALSE,FALSE,"23","011","Puerto Morelos"
1827,-23.2874725358275,-39.8324807655491,-5.88444385139791,0.615293674847885,"muestra_directa",TRUE,0.38241894948961,"muestra_directa",TRUE,TRUE,TRUE,"23","008","Solidaridad"
1828,-23.5257269742049,-38.8974365885585,-6.73436614790651,0.619192577766106,"sintetico_postestratificado",FALSE,0.383935308024057,"sintetico_postestratificado",FALSE,FALSE,FALSE,"23","010","Bacalar"
1829,-24.78988204864,-41.0228579036035,-7.05444673156704,0.578524580863667,"muestra_directa",TRUE,0.330625760377267,"muestra_directa",TRUE,TRUE,TRUE,"23","007","Lázaro Cárdenas"
1830,-25.2149564072912,-39.8024859654861,-8.56512992731074,0.557725030759421,"muestra_directa",TRUE,0.305575466686509,"muestra_directa",TRUE,TRUE,TRUE,"23","006","José María Morelos"
1831,-22.9486457427933,-39.192240785562,-4.30201402124117,0.641451719624164,"muestra_directa",TRUE,0.411965262196231,"muestra_directa",TRUE,TRUE,TRUE,"23","009","Tulum"
1832,-29.5609914604577,-43.2134482956082,-16.3757267029979,0.64703112711473,"muestra_directa",TRUE,0.351421212510153,"muestra_directa",TRUE,TRUE,TRUE,"24","050","Villa de Reyes"
1833,-27.9270219476823,-43.4387424281366,-10.5736463899439,0.608282139777691,"muestra_directa",TRUE,0.329011920300868,"muestra_directa",TRUE,TRUE,TRUE,"24","052","Villa Juárez"
1834,-25.5749030217838,-40.1900142240655,-9.2552017989544,0.618185415716034,"muestra_directa",TRUE,0.362436385498196,"muestra_directa",TRUE,TRUE,TRUE,"24","053","Axtla de Terrazas"
1835,-27.444952708971,-41.1007868493834,-13.342698328617,0.648368700691387,"sintetico_postestratificado",FALSE,0.373919173601677,"sintetico_postestratificado",FALSE,FALSE,FALSE,"24","054","Xilitla"
1836,-27.0390562185436,-41.2893962770382,-11.2019985406496,0.640208616804111,"sintetico_postestratificado",FALSE,0.369818054618675,"sintetico_postestratificado",FALSE,FALSE,FALSE,"24","055","Zaragoza"
1837,-27.6989960948397,-42.4166890446115,-10.8774040815305,0.656544203334118,"sintetico_postestratificado",FALSE,0.379554242385721,"sintetico_postestratificado",FALSE,FALSE,FALSE,"24","048","Villa de la Paz"
1838,-25.8985648519204,-41.2009687245349,-10.3538040744365,0.687590691748595,"sintetico_postestratificado",FALSE,0.428605043229391,"sintetico_postestratificado",FALSE,FALSE,FALSE,"24","015","Charcas"
1839,-31.4270625775416,-44.4504972286048,-17.8900479159018,0.64105826167536,"muestra_directa",FALSE,0.326787635899944,"muestra_directa",FALSE,TRUE,FALSE,"24","013","Ciudad Valles"
1840,-27.5007375339082,-44.0702146718299,-10.8608180518488,0.643543911082007,"sintetico_postestratificado",FALSE,0.368536535742925,"sintetico_postestratificado",FALSE,FALSE,FALSE,"24","009","Cerro de San Pedro"
1841,-26.1989788292419,-43.1079342794197,-8.765962228951,0.616585256865157,"sintetico_postestratificado",FALSE,0.354595468572738,"sintetico_postestratificado",FALSE,FALSE,FALSE,"24","043","Tierra Nueva"
1842,-27.7677121647947,-41.7193838535484,-12.6801194584041,0.647901502264855,"sintetico_postestratificado",FALSE,0.370224380616907,"sintetico_postestratificado",FALSE,FALSE,FALSE,"24","042","Tanquián de Escobedo"
1843,-26.9749691125033,-42.3775991248388,-11.9499610810811,0.662192208486473,"sintetico_postestratificado",FALSE,0.39244251736144,"sintetico_postestratificado",FALSE,FALSE,FALSE,"24","012","Tancanhuitz"
1844,-25.6467875081069,-39.3759341666334,-11.0848308030275,0.661248299675754,"sintetico_postestratificado",FALSE,0.404780424594684,"sintetico_postestratificado",FALSE,FALSE,FALSE,"24","011","Ciudad Fernández"
1845,-27.2474779498315,-39.650609637453,-13.3301543309479,0.635814377117002,"sintetico_postestratificado",FALSE,0.363339597618686,"sintetico_postestratificado",FALSE,FALSE,FALSE,"24","010","Ciudad del Maíz"
1846,-28.2501420301443,-44.3739717525025,-13.3027624872949,0.605928109197445,"muestra_directa",TRUE,0.323426688896002,"muestra_directa",TRUE,TRUE,TRUE,"24","008","Cerritos"
1847,-26.5526881798058,-41.9516864456608,-10.5515750304221,0.638697122974183,"sintetico_postestratificado",FALSE,0.373170241176125,"sintetico_postestratificado",FALSE,FALSE,FALSE,"24","007","Cedral"
1848,-26.6804423597695,-40.5549770119676,-11.965325414549,0.662506020877835,"muestra_directa",FALSE,0.39570159728014,"muestra_directa",FALSE,TRUE,FALSE,"24","035","Soledad de Graciano Sánchez"
1849,-28.1449367182948,-41.7414141979959,-13.0052293059555,0.617145275250103,"sintetico_postestratificado",FALSE,0.335695908067155,"sintetico_postestratificado",FALSE,FALSE,FALSE,"24","041","Tanlajás"
1850,-28.1188749439829,-43.30704872828,-14.1915796925145,0.630600562761152,"sintetico_postestratificado",FALSE,0.349411813321323,"sintetico_postestratificado",FALSE,FALSE,FALSE,"24","040","Tamuín"
1851,-27.4370566827162,-41.7606559325175,-13.5944025006773,0.636922408914857,"sintetico_postestratificado",FALSE,0.362551842087695,"sintetico_postestratificado",FALSE,FALSE,FALSE,"24","039","Tampamolón Corona"
1852,-26.7384419459412,-40.8344802795361,-11.7382106698093,0.653384351446256,"sintetico_postestratificado",FALSE,0.385999931986844,"sintetico_postestratificado",FALSE,FALSE,FALSE,"24","038","Tampacán"
1853,-26.9640466035609,-39.9574112197897,-12.7169172129993,0.618678449674096,"muestra_directa",TRUE,0.349037983638487,"muestra_directa",TRUE,TRUE,TRUE,"24","037","Tamazunchale"
1854,-28.2042430435185,-41.6274708878492,-12.6936579744494,0.592100803590481,"sintetico_postestratificado",FALSE,0.310058373155295,"sintetico_postestratificado",FALSE,FALSE,FALSE,"24","036","Tamasopo"
1855,-27.0761928961787,-41.6153682901213,-11.9499879023894,0.651596277326935,"sintetico_postestratificado",FALSE,0.380834348365149,"sintetico_postestratificado",FALSE,FALSE,FALSE,"24","006","Catorce"
1856,-22.1161207764447,-33.5566841079972,-10.1869787788051,0.710195295770475,"muestra_directa",FALSE,0.489034088006028,"muestra_directa",FALSE,TRUE,FALSE,"24","028","San Luis Potosí"
1857,-28.2288613544312,-43.140893379623,-12.1429459921592,0.596376477837222,"sintetico_postestratificado",FALSE,0.314087864292909,"sintetico_postestratificado",FALSE,FALSE,FALSE,"24","031","Santa Catarina"
1858,-27.2924177835856,-42.3888740508822,-11.2572517114219,0.612762545226376,"sintetico_postestratificado",FALSE,0.33983836739052,"sintetico_postestratificado",FALSE,FALSE,FALSE,"24","030","San Nicolás Tolentino"
1859,-27.4874452971644,-41.488689599694,-11.9344490831968,0.635326166636373,"sintetico_postestratificado",FALSE,0.360451713664729,"sintetico_postestratificado",FALSE,FALSE,FALSE,"24","029","San Martín Chalchicuautla"
1860,-28.3069403439773,-43.6601802246185,-12.3625532140558,0.655605622324423,"sintetico_postestratificado",FALSE,0.37253621888465,"sintetico_postestratificado",FALSE,FALSE,FALSE,"24","026","San Antonio"
1861,-27.3815591320938,-43.6486227013838,-10.7704708191545,0.634256176858121,"sintetico_postestratificado",FALSE,0.360440585537183,"sintetico_postestratificado",FALSE,FALSE,FALSE,"24","005","Cárdenas"
1862,-27.5414434706291,-41.4165829543049,-12.0675167928265,0.621241792020566,"sintetico_postestratificado",FALSE,0.345827357314274,"sintetico_postestratificado",FALSE,FALSE,FALSE,"24","024","Rioverde"
1863,-26.4021014267985,-42.0963448457483,-9.76410366470835,0.710037413874312,"sintetico_postestratificado",FALSE,0.446016399606327,"sintetico_postestratificado",FALSE,FALSE,FALSE,"24","023","Rayón"
1864,-25.5994497913412,-40.2502655915592,-12.232296397585,0.686162571684554,"sintetico_postestratificado",FALSE,0.430168073771141,"sintetico_postestratificado",FALSE,FALSE,FALSE,"24","022","Moctezuma"
1865,-28.1386201969288,-42.2653100533297,-13.6434952102471,0.640452809408506,"muestra_directa",TRUE,0.359066607439218,"muestra_directa",TRUE,TRUE,TRUE,"24","021","Mexquitic de Carmona"
1866,-26.8983983369447,-41.1308880193117,-11.2035420955549,0.597250212893113,"sintetico_postestratificado",FALSE,0.328266229523666,"sintetico_postestratificado",FALSE,FALSE,FALSE,"24","017","Guadalcázar"
1867,-28.0534340825276,-43.8463394982126,-9.52640855215687,0.595244967706205,"sintetico_postestratificado",FALSE,0.314710626880929,"sintetico_postestratificado",FALSE,FALSE,FALSE,"24","016","Ebano"
1868,-27.2119763344618,-42.5544067365621,-9.02767179241897,0.61513914370367,"sintetico_postestratificado",FALSE,0.343019380359052,"sintetico_postestratificado",FALSE,FALSE,FALSE,"24","014","Coxcatlán"
1869,-27.7025354220607,-41.3218485871895,-13.7034812341962,0.617290198516978,"muestra_directa",TRUE,0.340264844296371,"muestra_directa",TRUE,TRUE,TRUE,"24","033","Santo Domingo"
1870,-26.4490352868156,-41.9951175268136,-10.5770927965076,0.621210521286722,"sintetico_postestratificado",FALSE,0.356720168418566,"sintetico_postestratificado",FALSE,FALSE,FALSE,"24","001","Ahualulco del Sonido 13"
1871,-27.755059328804,-43.0153376713666,-10.8465682539708,0.601841958763786,"sintetico_postestratificado",FALSE,0.324291365475746,"sintetico_postestratificado",FALSE,FALSE,FALSE,"24","057","Matlapa"
1872,-27.1689792608045,-41.8831537963627,-11.2021871323147,0.609941860808574,"sintetico_postestratificado",FALSE,0.338252068200529,"sintetico_postestratificado",FALSE,FALSE,FALSE,"24","051","Villa Hidalgo"
1873,-27.8537406476247,-42.3530124085053,-13.0357392053214,0.636132781500971,"sintetico_postestratificado",FALSE,0.357595375024724,"sintetico_postestratificado",FALSE,FALSE,FALSE,"24","058","El Naranjo"
1874,-27.3798845365186,-41.4450968462331,-14.3701590706115,0.661990465920292,"sintetico_postestratificado",FALSE,0.388191620555106,"sintetico_postestratificado",FALSE,FALSE,FALSE,"24","032","Santa María del Río"
1875,-27.0322617840069,-40.7474682226302,-10.9289484889534,0.626509651820746,"sintetico_postestratificado",FALSE,0.356187033980677,"sintetico_postestratificado",FALSE,FALSE,FALSE,"24","027","San Ciro de Acosta"
1876,-26.6782063933375,-39.5224840434196,-13.8922778665579,0.697546221332758,"muestra_directa",TRUE,0.430764157399383,"muestra_directa",TRUE,TRUE,TRUE,"24","025","Salinas"
1877,-27.6990566915512,-43.1925933450144,-10.8016290504595,0.613941276528881,"sintetico_postestratificado",FALSE,0.336950709613369,"sintetico_postestratificado",FALSE,FALSE,FALSE,"24","056","Villa de Arista"
1878,-27.4393972924063,-41.4159758757924,-13.0076204858328,0.659175966679004,"sintetico_postestratificado",FALSE,0.384781993754941,"sintetico_postestratificado",FALSE,FALSE,FALSE,"24","047","Villa de Guadalupe"
1880,-27.6300647002095,-41.8668132853211,-12.2972378061408,0.671507506718839,"sintetico_postestratificado",FALSE,0.395206859716744,"sintetico_postestratificado",FALSE,FALSE,FALSE,"24","034","San Vicente Tancuayalab"
1881,-26.5587892452559,-41.7594874786203,-11.2062236296001,0.680404788774669,"sintetico_postestratificado",FALSE,0.414816896322109,"sintetico_postestratificado",FALSE,FALSE,FALSE,"24","002","Alaquines"
1882,-28.7381749188016,-41.5877090436591,-14.1475416154111,0.626457634555527,"muestra_directa",TRUE,0.339075885367511,"muestra_directa",TRUE,TRUE,TRUE,"24","003","Aquismón"
1883,-28.1130024074001,-43.5748583859985,-12.5078579122427,0.61147093690607,"sintetico_postestratificado",FALSE,0.330340912832069,"sintetico_postestratificado",FALSE,FALSE,FALSE,"24","004","Armadillo de los Infante"
1884,-27.4532694062214,-42.4004687060964,-13.4732909837837,0.626068912235223,"sintetico_postestratificado",FALSE,0.351536218173009,"sintetico_postestratificado",FALSE,FALSE,FALSE,"24","046","Villa de Arriaga"
1885,-28.0119467924681,-43.1883027165119,-12.0540347996858,0.62675277832499,"sintetico_postestratificado",FALSE,0.346633310400308,"sintetico_postestratificado",FALSE,FALSE,FALSE,"24","018","Huehuetlán"
1886,-26.4204549158703,-41.8109209795687,-9.47684991503344,0.675365729710394,"sintetico_postestratificado",FALSE,0.411161180551691,"sintetico_postestratificado",FALSE,FALSE,FALSE,"24","019","Lagunillas"
1887,-29.3117484311982,-44.1572291747217,-12.5036763772322,0.638588554307562,"muestra_directa",TRUE,0.34547106999558,"muestra_directa",TRUE,TRUE,TRUE,"24","020","Matehuala"
1888,-27.8104404300987,-41.9505196498479,-11.0579367815761,0.63514432511272,"sintetico_postestratificado",FALSE,0.357039920811733,"sintetico_postestratificado",FALSE,FALSE,FALSE,"24","044","Vanegas"
1889,-27.6237235148704,-41.9487145550465,-11.8701392639285,0.597136565102016,"sintetico_postestratificado",FALSE,0.320899329953312,"sintetico_postestratificado",FALSE,FALSE,FALSE,"24","045","Venado"
1890,-26.5993298293427,-39.4440513842962,-10.8296124327772,0.655988839894096,"muestra_directa",TRUE,0.38999554160067,"muestra_directa",TRUE,TRUE,TRUE,"24","049","Villa de Ramos"
1891,-27.8769874714723,-42.1496641254481,-13.5759333316379,0.670444272386125,"muestra_directa",FALSE,0.391674397671403,"muestra_directa",FALSE,TRUE,FALSE,"25","010","El Fuerte"
1892,-26.1986395582022,-41.2024108330059,-9.79256059517437,0.664544408085253,"muestra_directa",TRUE,0.402558012503231,"muestra_directa",TRUE,TRUE,TRUE,"25","008","Elota"
1893,-26.3299421653994,-41.5138553181398,-11.4054219507319,0.671632377902472,"sintetico_postestratificado",FALSE,0.408332956248478,"sintetico_postestratificado",FALSE,FALSE,FALSE,"25","016","San Ignacio"
1894,-23.9934243954819,-39.0817521341455,-7.15436059212726,0.662351788175365,"muestra_directa",FALSE,0.422417544220546,"muestra_directa",FALSE,TRUE,FALSE,"25","018","Navolato"
1895,-26.023644511865,-41.1926130424854,-10.296407764892,0.664786547072248,"sintetico_postestratificado",FALSE,0.404550101953599,"sintetico_postestratificado",FALSE,FALSE,FALSE,"25","003","Badiraguato"
1896,-24.853931835902,-40.0660590599779,-8.8446045024682,0.685914995169518,"sintetico_postestratificado",FALSE,0.437375676810498,"sintetico_postestratificado",FALSE,FALSE,FALSE,"25","014","Rosario"
1897,-31.8578803459735,-44.4328860221104,-18.5830763189847,0.648642255414601,"muestra_directa",FALSE,0.330063451954866,"muestra_directa",FALSE,TRUE,FALSE,"25","001","Ahome"
1898,-31.1017609030801,-45.8184694255912,-16.4731744218331,0.64074343174651,"muestra_directa",TRUE,0.329725822715708,"muestra_directa",TRUE,TRUE,TRUE,"25","002","Angostura"
1901,-24.2526222447908,-38.6735450256793,-8.92278137088933,0.685644984950662,"muestra_directa",TRUE,0.443118762502755,"muestra_directa",TRUE,TRUE,TRUE,"25","009","Escuinapa"
1902,-26.0335354263659,-41.1020237687506,-9.52187719512787,0.667975667076112,"muestra_directa",TRUE,0.407640312812453,"muestra_directa",TRUE,TRUE,TRUE,"25","004","Concordia"
1903,-26.0177234633371,-40.2407518787249,-9.65676461799763,0.648367713915954,"muestra_directa",TRUE,0.388190479282583,"muestra_directa",TRUE,TRUE,TRUE,"25","005","Cosalá"
1904,-20.2686861001219,-33.8613374734747,-6.79170749229375,0.708650592596602,"muestra_directa",FALSE,0.505963731595384,"muestra_directa",FALSE,TRUE,FALSE,"25","012","Mazatlán"
1905,-25.2478567755904,-39.0926782613582,-10.3195642725577,0.641903496365231,"muestra_directa",TRUE,0.389424928609326,"muestra_directa",TRUE,TRUE,TRUE,"25","007","Choix"
1906,-26.5812796798492,-40.8015189446454,-9.97837860799806,0.647764108946463,"sintetico_postestratificado",FALSE,0.381951312147971,"sintetico_postestratificado",FALSE,FALSE,FALSE,"25","013","Mocorito"
1907,-26.5809414112084,-40.3043857799494,-10.8503613646498,0.641515046828537,"muestra_directa",FALSE,0.375705632716453,"muestra_directa",FALSE,TRUE,FALSE,"25","015","Salvador Alvarado"
1908,-29.0982213433437,-41.7686435790268,-16.1186212385217,0.678907332029415,"muestra_directa",FALSE,0.387925118595978,"muestra_directa",FALSE,TRUE,FALSE,"25","006","Culiacán"
1909,-26.5459751489658,-39.6033403626463,-11.2897617731216,0.629685931601374,"muestra_directa",TRUE,0.364226180111717,"muestra_directa",TRUE,TRUE,TRUE,"25","017","Sinaloa"
1910,-28.6920223079519,-41.4294528253773,-14.6375881573153,0.642704126573421,"muestra_directa",FALSE,0.355783903493902,"muestra_directa",FALSE,TRUE,FALSE,"25","011","Guasave"
1911,-27.1784234937986,-41.4382260499442,-10.6570819181502,0.647415225188761,"sintetico_postestratificado",FALSE,0.375630990250775,"sintetico_postestratificado",FALSE,FALSE,FALSE,"26","066","Ures"
1912,-27.0196894473709,-40.5970803858437,-11.416802686714,0.575482126253549,"sintetico_postestratificado",FALSE,0.30528523177984,"sintetico_postestratificado",FALSE,FALSE,FALSE,"26","038","Moctezuma"
1913,-29.0641910952329,-43.5788420849368,-13.7441090420877,0.605319556697405,"muestra_directa",TRUE,0.314677645745076,"muestra_directa",TRUE,TRUE,TRUE,"26","033","Huatabampo"
1914,-26.7356414581059,-41.9579918958249,-9.60761599063249,0.5971647873074,"sintetico_postestratificado",FALSE,0.329808372726341,"sintetico_postestratificado",FALSE,FALSE,FALSE,"26","056","San Miguel de Horcasitas"
1915,-26.3658514907395,-40.599572913898,-9.40007661213779,0.620125914838603,"sintetico_postestratificado",FALSE,0.356467399931208,"sintetico_postestratificado",FALSE,FALSE,FALSE,"26","031","Huachinera"
1916,-26.7698088629337,-41.6754385957557,-9.10781112605348,0.633224438256427,"sintetico_postestratificado",FALSE,0.365526349627091,"sintetico_postestratificado",FALSE,FALSE,FALSE,"26","032","Huásabas"
1917,-26.9977995233205,-45.4173651814686,-5.46197749239642,0.605741802904539,"sintetico_postestratificado",FALSE,0.335763807671334,"sintetico_postestratificado",FALSE,FALSE,FALSE,"26","070","General Plutarco Elías Calles"
1918,-27.3010806063116,-43.1989081889809,-9.011742221716,0.584573624527504,"sintetico_postestratificado",FALSE,0.311562818464388,"sintetico_postestratificado",FALSE,FALSE,FALSE,"26","064","Trincheras"
1919,-27.9750160101745,-42.7615130511042,-11.0672044702549,0.622891369638303,"sintetico_postestratificado",FALSE,0.343141209536558,"sintetico_postestratificado",FALSE,FALSE,FALSE,"26","062","Suaqui Grande"
1920,-27.1598944059155,-41.0682490888551,-11.0897023910905,0.640052487637335,"sintetico_postestratificado",FALSE,0.36845354357818,"sintetico_postestratificado",FALSE,FALSE,FALSE,"26","052","Sahuaripa"
1921,-26.2341782372886,-41.6004455587265,-10.0916992548104,0.650967327762906,"sintetico_postestratificado",FALSE,0.38862554539002,"sintetico_postestratificado",FALSE,FALSE,FALSE,"26","051","Rosario"
1922,-28.0475469051829,-42.777769928646,-10.0603215887257,0.58471601710398,"sintetico_postestratificado",FALSE,0.304240548052151,"sintetico_postestratificado",FALSE,FALSE,FALSE,"26","037","Mazatán"
1923,-26.3939336855947,-41.7413576396675,-9.1462906678533,0.633402957587468,"sintetico_postestratificado",FALSE,0.369463620731521,"sintetico_postestratificado",FALSE,FALSE,FALSE,"26","021","La Colorada"
1924,-26.6384485063094,-41.1001980861482,-9.34714543585351,0.613538979684268,"muestra_directa",TRUE,0.347154494621174,"muestra_directa",TRUE,TRUE,TRUE,"26","041","Nacozari de García"
1925,-23.9261500965666,-39.4182888010993,-6.98739440074913,0.606798762104128,"muestra_directa",FALSE,0.367537261138462,"muestra_directa",FALSE,TRUE,FALSE,"26","043","Nogales"
1926,-26.690670844283,-41.4298647546457,-9.88225909801554,0.631128127051422,"sintetico_postestratificado",FALSE,0.364221418608591,"sintetico_postestratificado",FALSE,FALSE,FALSE,"26","034","Huépac"
1927,-27.0696383036868,-41.8299929099376,-10.7281421497967,0.618258277789481,"sintetico_postestratificado",FALSE,0.347561894752613,"sintetico_postestratificado",FALSE,FALSE,FALSE,"26","016","Benjamín Hill"
1928,-26.763048902595,-42.0366191189017,-9.99236811430222,0.614600646113868,"muestra_directa",TRUE,0.346970157087918,"muestra_directa",TRUE,TRUE,TRUE,"26","014","Baviácora"
1929,-27.2351146847292,-42.9810906231739,-8.79123163270839,0.631223857013237,"sintetico_postestratificado",FALSE,0.358872710165945,"sintetico_postestratificado",FALSE,FALSE,FALSE,"26","015","Bavispe"
1930,-26.1184083124835,-40.50408120585,-8.39039504859977,0.5907318276803,"sintetico_postestratificado",FALSE,0.329547744555465,"sintetico_postestratificado",FALSE,FALSE,FALSE,"26","069","Yécora"
1931,-27.1990360106207,-42.1583250562479,-9.0172638537811,0.626446019678021,"sintetico_postestratificado",FALSE,0.354455659571815,"sintetico_postestratificado",FALSE,FALSE,FALSE,"26","009","Bacanora"
1932,-25.9923098451613,-40.5851315094287,-9.87713182074692,0.642764217398099,"muestra_directa",TRUE,0.382841118946486,"muestra_directa",TRUE,TRUE,TRUE,"26","029","Guaymas"
1933,-27.2910718701319,-40.921180210933,-10.0681467435611,0.584399782539426,"muestra_directa",TRUE,0.311489063838106,"muestra_directa",TRUE,TRUE,TRUE,"26","002","Agua Prieta"
1934,-27.2609371877247,-41.2104171170447,-10.39928780801,0.626248261490117,"sintetico_postestratificado",FALSE,0.35363888961287,"sintetico_postestratificado",FALSE,FALSE,FALSE,"26","057","San Pedro de la Cueva"
1935,-26.1264355650557,-43.1987932663278,-7.93455170825139,0.60629864988254,"muestra_directa",FALSE,0.345034294231983,"muestra_directa",FALSE,TRUE,FALSE,"26","055","San Luis Río Colorado"
1936,-25.4750889677447,-41.2319712061563,-8.0401583851219,0.639819629820276,"sintetico_postestratificado",FALSE,0.385068740142828,"sintetico_postestratificado",FALSE,FALSE,FALSE,"26","024","Divisaderos"
1937,-27.3365687038416,-42.2588621247809,-9.30997052960251,0.613150966773447,"sintetico_postestratificado",FALSE,0.339785279735031,"sintetico_postestratificado",FALSE,FALSE,FALSE,"26","023","Cumpas"
1938,-27.2117765324887,-42.747945700236,-9.34358578152284,0.654040137296225,"sintetico_postestratificado",FALSE,0.381922371971338,"sintetico_postestratificado",FALSE,FALSE,FALSE,"26","001","Aconchi"
1939,-27.2260130088393,-40.5047609052789,-11.956747664682,0.667624481471199,"sintetico_postestratificado",FALSE,0.395364351382806,"sintetico_postestratificado",FALSE,FALSE,FALSE,"26","003","Álamos"
1940,-31.6582373864406,-42.4226204594578,-18.6978901687817,0.600445732332953,"muestra_directa",FALSE,0.283863358468546,"muestra_directa",FALSE,TRUE,FALSE,"26","030","Hermosillo"
1941,-26.7787684605038,-42.7778732635227,-9.42420343125547,0.640545932587,"sintetico_postestratificado",FALSE,0.372758247981962,"sintetico_postestratificado",FALSE,FALSE,FALSE,"26","022","Cucurpe"
1942,-26.1907209298139,-45.9812889213841,-3.56851806431343,0.626096574750119,"muestra_directa",TRUE,0.36418936545198,"muestra_directa",TRUE,TRUE,TRUE,"26","025","Empalme"
1943,-27.001495260023,-42.1383359876053,-9.34513947601749,0.607158043891919,"sintetico_postestratificado",FALSE,0.337143091291689,"sintetico_postestratificado",FALSE,FALSE,FALSE,"26","027","Fronteras"
1944,-26.8458297440034,-43.8396161013766,-7.05917392932733,0.654932795510258,"sintetico_postestratificado",FALSE,0.386474498070225,"sintetico_postestratificado",FALSE,FALSE,FALSE,"26","005","Arivechi"
1945,-27.1771329339289,-42.0630416991049,-9.86485531755605,0.632444116911761,"sintetico_postestratificado",FALSE,0.360672787572472,"sintetico_postestratificado",FALSE,FALSE,FALSE,"26","006","Arizpe"
1946,-25.1663599596906,-40.9923750576702,-8.08891851135105,0.633734741571366,"muestra_directa",TRUE,0.382071141974459,"muestra_directa",TRUE,TRUE,TRUE,"26","035","Imuris"
1947,-26.437585156338,-41.3171131374232,-9.68185487069243,0.628089307726203,"sintetico_postestratificado",FALSE,0.363713456162822,"sintetico_postestratificado",FALSE,FALSE,FALSE,"26","068","Villa Pesqueira"
1948,-26.4966017986436,-43.1503320429112,-7.59062639365981,0.639525129305347,"sintetico_postestratificado",FALSE,0.374559111318911,"sintetico_postestratificado",FALSE,FALSE,FALSE,"26","046","Oquitoa"
1949,-27.8860525931552,-43.2874950950102,-9.97117391312311,0.623964892399603,"sintetico_postestratificado",FALSE,0.345104366468051,"sintetico_postestratificado",FALSE,FALSE,FALSE,"26","026","Etchojoa"
1950,-27.7980649285452,-42.5832969383135,-11.8330717450859,0.649877599685855,"sintetico_postestratificado",FALSE,0.371896950400403,"sintetico_postestratificado",FALSE,FALSE,FALSE,"26","049","Quiriego"
1951,-27.0547353311522,-43.9385576958512,-8.61293943804775,0.643225196342623,"sintetico_postestratificado",FALSE,0.372677843031101,"sintetico_postestratificado",FALSE,FALSE,FALSE,"26","071","Benito Juárez"
1952,-26.6383224316549,-41.9390409679322,-8.38582393979527,0.62312732708837,"sintetico_postestratificado",FALSE,0.356744102771821,"sintetico_postestratificado",FALSE,FALSE,FALSE,"26","004","Altar"
1953,-26.8801974741484,-41.3667953538807,-7.83521220682458,0.635856919418674,"sintetico_postestratificado",FALSE,0.36705494467719,"sintetico_postestratificado",FALSE,FALSE,FALSE,"26","063","Tepache"
1954,-25.9048166072295,-40.7732799330234,-6.35451673925284,0.606704465250215,"sintetico_postestratificado",FALSE,0.34765629917792,"sintetico_postestratificado",FALSE,FALSE,FALSE,"26","028","Granados"
1955,-27.5086748014275,-44.574558115362,-9.03863671686567,0.599654906850327,"muestra_directa",TRUE,0.324568158836051,"muestra_directa",TRUE,TRUE,TRUE,"26","048","Puerto Peñasco"
1956,-26.9189782857285,-43.9140961160831,-7.39778634451986,0.609118897008915,"sintetico_postestratificado",FALSE,0.339929114151631,"sintetico_postestratificado",FALSE,FALSE,FALSE,"26","017","Caborca"
1957,-26.5010653305958,-42.7395457676294,-8.27252116730674,0.63522062890868,"sintetico_postestratificado",FALSE,0.370209975602721,"sintetico_postestratificado",FALSE,FALSE,FALSE,"26","012","Bácum"
1958,-26.4349436181903,-42.1458374157616,-9.19472860118901,0.611707876402761,"sintetico_postestratificado",FALSE,0.347358440220859,"sintetico_postestratificado",FALSE,FALSE,FALSE,"26","044","Ónavas"
1959,-26.9210016857159,-43.7521769399018,-8.80437621682875,0.591587549215539,"sintetico_postestratificado",FALSE,0.32237753235838,"sintetico_postestratificado",FALSE,FALSE,FALSE,"26","036","Magdalena"
1960,-28.0262608960629,-43.1762038136507,-9.68674571095827,0.607859218731966,"sintetico_postestratificado",FALSE,0.327596609771337,"sintetico_postestratificado",FALSE,FALSE,FALSE,"26","013","Banámichi"
1961,-27.2580139058421,-41.9932701730312,-9.41465406401267,0.633560012185631,"sintetico_postestratificado",FALSE,0.36097987312721,"sintetico_postestratificado",FALSE,FALSE,FALSE,"26","010","Bacerac"
1962,-27.6073258980927,-41.9332374939192,-11.1934937772255,0.636953258450569,"sintetico_postestratificado",FALSE,0.360879999469642,"sintetico_postestratificado",FALSE,FALSE,FALSE,"26","050","Rayón"
1963,-25.9834900152135,-43.8950247828407,-5.84856216445202,0.656855483179904,"sintetico_postestratificado",FALSE,0.397020583027769,"sintetico_postestratificado",FALSE,FALSE,FALSE,"26","072","San Ignacio Río Muerto"
1964,-26.2818778333706,-40.6739132066385,-8.47488581040244,0.633793538714517,"sintetico_postestratificado",FALSE,0.37097476038081,"sintetico_postestratificado",FALSE,FALSE,FALSE,"26","061","Soyopa"
1965,-25.9897880358787,-42.4308528108113,-8.18798215873598,0.570543144559051,"sintetico_postestratificado",FALSE,0.310645264200264,"sintetico_postestratificado",FALSE,FALSE,FALSE,"26","011","Bacoachi"
1966,-23.8093547163531,-37.2086635651432,-8.50684288356288,0.615048247519039,"muestra_directa",FALSE,0.376954700355508,"muestra_directa",FALSE,TRUE,FALSE,"26","018","Cajeme"
1967,-26.4082099163285,-39.2878212915926,-10.3875398884114,0.569045726192654,"muestra_directa",FALSE,0.30496362702937,"muestra_directa",FALSE,TRUE,FALSE,"26","047","Pitiquito"
1968,-24.8929644027619,-40.8978095727106,-6.66274068494093,0.608750525669518,"muestra_directa",TRUE,0.359820881641899,"muestra_directa",TRUE,TRUE,TRUE,"26","019","Cananea"
1969,-28.1195061398445,-43.2003753571565,-10.7604735090651,0.603338693049002,"sintetico_postestratificado",FALSE,0.322143631650556,"sintetico_postestratificado",FALSE,FALSE,FALSE,"26","020","Carbó"
1970,-28.2038209617617,-44.4079502186323,-9.63203054006965,0.629445100331099,"sintetico_postestratificado",FALSE,0.347406890713482,"sintetico_postestratificado",FALSE,FALSE,FALSE,"26","053","San Felipe de Jesús"
1971,-27.2285307632121,-41.992841268863,-9.79917285185198,0.648336523887614,"muestra_directa",TRUE,0.376051216255494,"muestra_directa",TRUE,TRUE,TRUE,"26","042","Navojoa"
1972,-26.0842099194795,-41.1987451484526,-9.88011382891879,0.580238962235549,"sintetico_postestratificado",FALSE,0.319396863040754,"sintetico_postestratificado",FALSE,FALSE,FALSE,"26","008","Bacadéhuachi"
1973,-24.969993930604,-42.4315351192207,-5.16095187450175,0.579332881133366,"sintetico_postestratificado",FALSE,0.329632941827325,"sintetico_postestratificado",FALSE,FALSE,FALSE,"26","060","Sáric"
1974,-25.8111159764805,-41.1844077797001,-8.35203307160246,0.644519706685286,"sintetico_postestratificado",FALSE,0.386408546920481,"sintetico_postestratificado",FALSE,FALSE,FALSE,"26","039","Naco"
1975,-26.2224770968353,-43.0063845746022,-7.92669675052766,0.641770954602033,"sintetico_postestratificado",FALSE,0.379546183633679,"sintetico_postestratificado",FALSE,FALSE,FALSE,"26","059","Santa Cruz"
1976,-26.902586121303,-41.6265014409688,-10.1857467439919,0.612085158240274,"sintetico_postestratificado",FALSE,0.343059297027244,"sintetico_postestratificado",FALSE,FALSE,FALSE,"26","040","Nácori Chico"
1977,-28.3984496102945,-43.6406417792089,-9.31845176078326,0.594217529062789,"sintetico_postestratificado",FALSE,0.310233032959845,"sintetico_postestratificado",FALSE,FALSE,FALSE,"26","067","Villa Hidalgo"
1978,-26.3151140900461,-41.5441389946767,-7.51527401927033,0.602657814169341,"sintetico_postestratificado",FALSE,0.33950667326888,"sintetico_postestratificado",FALSE,FALSE,FALSE,"26","065","Tubutama"
1979,-25.0144834595106,-42.8100817413215,-3.55343150886796,0.57694524689786,"sintetico_postestratificado",FALSE,0.326800412302755,"sintetico_postestratificado",FALSE,FALSE,FALSE,"26","007","Atil"
1980,-28.2945216294348,-42.9048728586211,-11.4667669192042,0.57838112020279,"sintetico_postestratificado",FALSE,0.295435903908442,"sintetico_postestratificado",FALSE,FALSE,FALSE,"26","045","Opodepe"
1981,-27.6565848483588,-43.0824183486266,-10.5183450056578,0.631072755802516,"sintetico_postestratificado",FALSE,0.354506907318928,"sintetico_postestratificado",FALSE,FALSE,FALSE,"26","054","San Javier"
1982,-27.1676971934672,-42.0630817995223,-9.72910943587028,0.601729565875701,"sintetico_postestratificado",FALSE,0.330052593941029,"sintetico_postestratificado",FALSE,FALSE,FALSE,"26","058","Santa Ana"
1983,-24.6628558193252,-37.1024199751125,-9.19777723733307,0.619905330531791,"muestra_directa",FALSE,0.373276772338539,"muestra_directa",FALSE,TRUE,FALSE,"27","006","Cunduacán"
1984,-26.2713570986619,-40.9347418151669,-10.8511175580526,0.611565601777589,"muestra_directa",TRUE,0.348852030790969,"muestra_directa",TRUE,TRUE,TRUE,"27","001","Balancán"
1985,-25.3755229952992,-39.4881474817588,-8.33026306676022,0.59884497152199,"muestra_directa",TRUE,0.345089741568998,"muestra_directa",TRUE,TRUE,TRUE,"27","016","Teapa"
1986,-23.8695542709366,-38.8888155431083,-8.02349878006171,0.659103965478876,"sintetico_postestratificado",FALSE,0.42040842276951,"sintetico_postestratificado",FALSE,FALSE,FALSE,"27","015","Tacotalpa"
1987,-25.2985658220279,-40.5058953881547,-8.21228593409799,0.65074108462796,"sintetico_postestratificado",FALSE,0.397755426407681,"sintetico_postestratificado",FALSE,FALSE,FALSE,"27","014","Paraíso"
1988,-24.8557607520048,-38.6089627433141,-9.06479481074882,0.628555001688712,"muestra_directa",TRUE,0.379997394168665,"muestra_directa",TRUE,TRUE,TRUE,"27","012","Macuspana"
1989,-26.6941953065805,-39.6653278116089,-12.996466982437,0.634262035812617,"muestra_directa",FALSE,0.367320082746812,"muestra_directa",FALSE,TRUE,FALSE,"27","002","Cárdenas"
1990,-25.4856883282668,-39.6536172640947,-10.0549369735029,0.638959702738649,"sintetico_postestratificado",FALSE,0.384102819455981,"sintetico_postestratificado",FALSE,FALSE,FALSE,"27","003","Centla"
1991,-23.2010169057583,-34.7951685371692,-11.020202269142,0.656165101848118,"muestra_directa",FALSE,0.424154932790534,"muestra_directa",FALSE,TRUE,FALSE,"27","004","Centro"
1992,-26.2411414704129,-40.6391445190306,-11.6993520187351,0.639773769349199,"muestra_directa",FALSE,0.377362354645069,"muestra_directa",FALSE,TRUE,FALSE,"27","005","Comalcalco"
1993,-26.7697171635418,-40.566161747281,-12.3602787377606,0.631973748908228,"muestra_directa",TRUE,0.364276577272811,"muestra_directa",TRUE,TRUE,TRUE,"27","007","Emiliano Zapata"
1994,-22.9560581704591,-34.855926805479,-9.05963295747857,0.623455458807162,"muestra_directa",FALSE,0.393894877102571,"muestra_directa",FALSE,TRUE,FALSE,"27","008","Huimanguillo"
1995,-25.4206726736846,-41.2240546405718,-9.06720890735667,0.646363694277398,"muestra_directa",TRUE,0.392156967540552,"muestra_directa",TRUE,TRUE,TRUE,"27","009","Jalapa"
1996,-25.2578219991319,-39.9190867360778,-9.11149454672668,0.650717772345478,"muestra_directa",TRUE,0.398139552354159,"muestra_directa",TRUE,TRUE,TRUE,"27","010","Jalpa de Méndez"
1997,-28.0400759841195,-41.7863747993741,-13.5159905762894,0.608012945908627,"muestra_directa",TRUE,0.327612186067432,"muestra_directa",TRUE,TRUE,TRUE,"27","011","Jonuta"
1998,-25.4491756492338,-39.56695106295,-11.1420977243124,0.636825874075086,"muestra_directa",FALSE,0.382334117582748,"muestra_directa",FALSE,TRUE,FALSE,"27","013","Nacajuca"
1999,-25.4282648470025,-40.9688917411178,-7.51509084144372,0.629595788511768,"sintetico_postestratificado",FALSE,0.375313140041743,"sintetico_postestratificado",FALSE,FALSE,FALSE,"27","017","Tenosique"
2000,-28.4124005761789,-41.4415247309439,-14.0222622626455,0.641569502169214,"muestra_directa",FALSE,0.357445496407426,"muestra_directa",FALSE,TRUE,FALSE,"28","003","Altamira"
2001,-27.3134285789412,-40.8526770633081,-11.6066236146906,0.64560746428646,"muestra_directa",TRUE,0.372473178497048,"muestra_directa",TRUE,TRUE,TRUE,"28","041","Victoria"
2002,-26.8066957764253,-41.5581817306044,-10.4270052716745,0.665151753365306,"sintetico_postestratificado",FALSE,0.397084795601053,"sintetico_postestratificado",FALSE,FALSE,FALSE,"28","010","Cruillas"
2003,-26.8370074234391,-41.1052689353663,-11.1730716571798,0.636069601650628,"sintetico_postestratificado",FALSE,0.367699527416237,"sintetico_postestratificado",FALSE,FALSE,FALSE,"28","024","Mier"
2004,-26.9722535601339,-43.1750596859424,-8.88764593252515,0.625588237366556,"sintetico_postestratificado",FALSE,0.355865701765217,"sintetico_postestratificado",FALSE,FALSE,FALSE,"28","015","Gustavo Díaz Ordaz"
2005,-27.2989413658284,-43.0269173604596,-10.4883059889166,0.601272299182803,"sintetico_postestratificado",FALSE,0.328282885524519,"sintetico_postestratificado",FALSE,FALSE,FALSE,"28","025","Miguel Alemán"
2006,-27.9051503073625,-44.4575058922745,-8.58368487594569,0.632098188873062,"sintetico_postestratificado",FALSE,0.353046685799438,"sintetico_postestratificado",FALSE,FALSE,FALSE,"28","040","Valle Hermoso"
2007,-27.4401043404903,-41.202501066799,-11.0875794466832,0.632182982400742,"sintetico_postestratificado",FALSE,0.357781938995839,"sintetico_postestratificado",FALSE,FALSE,FALSE,"28","023","Méndez"
2008,-25.2560228071141,-39.595909210831,-9.43798962746382,0.628718587121579,"sintetico_postestratificado",FALSE,0.376158359050437,"sintetico_postestratificado",FALSE,FALSE,FALSE,"28","031","Palmillas"
2009,-27.1088136543418,-41.533485765093,-12.5601569498855,0.61510864664141,"sintetico_postestratificado",FALSE,0.344020510097993,"sintetico_postestratificado",FALSE,FALSE,FALSE,"28","039","Tula"
2010,-27.5845557852677,-41.9489250839566,-12.144626204313,0.646082135682007,"muestra_directa",FALSE,0.37023657782933,"muestra_directa",FALSE,TRUE,FALSE,"28","038","Tampico"
2011,-27.0143949093626,-41.7085563228888,-10.0966655587441,0.62377335044302,"sintetico_postestratificado",FALSE,0.353629401349394,"sintetico_postestratificado",FALSE,FALSE,FALSE,"28","037","Soto la Marina"
2012,-26.3089935688343,-41.9656647299775,-7.93141894229635,0.626856752791052,"muestra_directa",TRUE,0.363766817102709,"muestra_directa",TRUE,TRUE,TRUE,"28","007","Camargo"
2013,-27.2291033935526,-40.9726245399946,-12.3437519809214,0.610710029180999,"sintetico_postestratificado",FALSE,0.338418995245473,"sintetico_postestratificado",FALSE,FALSE,FALSE,"28","005","Burgos"
2014,-28.0263646587406,-42.3236344892948,-10.9102421609575,0.603883449456729,"muestra_directa",FALSE,0.323619802869323,"muestra_directa",FALSE,TRUE,FALSE,"28","032","Reynosa"
2015,-28.6291176726144,-43.325279194948,-13.4527089414861,0.633327468613961,"muestra_directa",TRUE,0.347036291887816,"muestra_directa",TRUE,TRUE,TRUE,"28","033","Río Bravo"
2016,-26.8016894320812,-39.6959415648612,-12.9517068098003,0.656843436870181,"muestra_directa",TRUE,0.388826542549369,"muestra_directa",TRUE,TRUE,TRUE,"28","029","Ocampo"
2017,-28.320810316903,-42.6652081292459,-13.0514844731021,0.640993880955447,"sintetico_postestratificado",FALSE,0.357785777786417,"sintetico_postestratificado",FALSE,FALSE,FALSE,"28","030","Padilla"
2018,-26.5965522820303,-40.0464727288792,-11.0896477757975,0.663249976121817,"sintetico_postestratificado",FALSE,0.397284453301514,"sintetico_postestratificado",FALSE,FALSE,FALSE,"28","034","San Carlos"
2019,-27.1863084880221,-41.330851720888,-12.072433187808,0.67126031924767,"sintetico_postestratificado",FALSE,0.399397234367449,"sintetico_postestratificado",FALSE,FALSE,FALSE,"28","035","San Fernando"
2020,-29.988038400532,-44.8385694481664,-14.5461748041213,0.665319632510555,"muestra_directa",FALSE,0.365439248505234,"muestra_directa",FALSE,TRUE,FALSE,"28","022","Matamoros"
2021,-26.0928372125214,-41.9387820517718,-10.0072127178343,0.68471027731644,"sintetico_postestratificado",FALSE,0.423781905191226,"sintetico_postestratificado",FALSE,FALSE,FALSE,"28","036","San Nicolás"
2022,-26.6894094831743,-41.4793810621024,-10.3982921997551,0.650645724703657,"sintetico_postestratificado",FALSE,0.383751629871915,"sintetico_postestratificado",FALSE,FALSE,FALSE,"28","028","Nuevo Morelos"
2023,-27.2970611590998,-41.2695663152196,-12.555474485121,0.65081620305154,"muestra_directa",TRUE,0.377845591460542,"muestra_directa",TRUE,TRUE,TRUE,"28","021","El Mante"
2024,-25.8307564248407,-41.6652180966685,-8.92647846913007,0.695531291490069,"sintetico_postestratificado",FALSE,0.437223727241662,"sintetico_postestratificado",FALSE,FALSE,FALSE,"28","011","Gómez Farías"
2025,-27.632111425835,-41.9327754257712,-12.9283248108569,0.645102807038188,"sintetico_postestratificado",FALSE,0.368781692779838,"sintetico_postestratificado",FALSE,FALSE,FALSE,"28","012","González"
2026,-27.7039459445023,-44.553512699885,-8.69522901890893,0.631867315352504,"muestra_directa",TRUE,0.354827855907481,"muestra_directa",TRUE,TRUE,TRUE,"28","027","Nuevo Laredo"
2027,-28.469708475508,-43.3327716566515,-12.6637842997765,0.630648717461197,"sintetico_postestratificado",FALSE,0.345951632706117,"sintetico_postestratificado",FALSE,FALSE,FALSE,"28","013","Güémez"
2028,-27.6686690701892,-41.6118428905075,-12.0407704489401,0.65838745375284,"sintetico_postestratificado",FALSE,0.381700763050948,"sintetico_postestratificado",FALSE,FALSE,FALSE,"28","004","Antiguo Morelos"
2029,-27.2872179431272,-42.2087195274487,-12.0751019500652,0.685232467552986,"sintetico_postestratificado",FALSE,0.412360288121714,"sintetico_postestratificado",FALSE,FALSE,FALSE,"28","006","Bustamante"
2030,-28.4138844926629,-42.8300025745496,-12.5187560907466,0.675191790030928,"muestra_directa",TRUE,0.391052945104299,"muestra_directa",TRUE,TRUE,TRUE,"28","016","Hidalgo"
2031,-27.0643739944148,-41.7651714813304,-10.5905310346605,0.674035383628937,"sintetico_postestratificado",FALSE,0.403391643684789,"sintetico_postestratificado",FALSE,FALSE,FALSE,"28","019","Llera"
2032,-29.8174179703227,-44.2320808852689,-15.9663084279678,0.621261787790246,"muestra_directa",TRUE,0.323087608087019,"muestra_directa",TRUE,TRUE,TRUE,"28","017","Jaumave"
2033,-26.9394144318655,-43.2274817903813,-9.54771225092666,0.630992903438297,"sintetico_postestratificado",FALSE,0.361598759119643,"sintetico_postestratificado",FALSE,FALSE,FALSE,"28","020","Mainero"
2034,-28.2916201629003,-42.5526298129154,-12.4623081789078,0.574631756931579,"sintetico_postestratificado",FALSE,0.291715555302577,"sintetico_postestratificado",FALSE,FALSE,FALSE,"28","008","Casas"
2035,-28.260066783641,-44.2423033130111,-11.1769167782948,0.660302548009482,"sintetico_postestratificado",FALSE,0.377701880173072,"sintetico_postestratificado",FALSE,FALSE,FALSE,"28","043","Xicoténcatl"
2036,-26.9362800920224,-42.809629040336,-9.8350083299393,0.64619212481206,"sintetico_postestratificado",FALSE,0.376829323891836,"sintetico_postestratificado",FALSE,FALSE,FALSE,"28","042","Villagrán"
2037,-28.3296352575486,-43.3988538935613,-10.5804412694407,0.619097896173208,"sintetico_postestratificado",FALSE,0.335801543597722,"sintetico_postestratificado",FALSE,FALSE,FALSE,"28","014","Guerrero"
2038,-29.968388867461,-45.4880053668116,-14.3847498394504,0.646580660264211,"muestra_directa",TRUE,0.346896771589601,"muestra_directa",TRUE,TRUE,TRUE,"28","009","Ciudad Madero"
2039,-27.9949968750813,-42.4821113032678,-12.6571826858534,0.65490619073671,"sintetico_postestratificado",FALSE,0.374956221985897,"sintetico_postestratificado",FALSE,FALSE,FALSE,"28","026","Miquihuana"
2040,-27.0196659026814,-41.9740772111004,-11.4507729166269,0.659090802700186,"sintetico_postestratificado",FALSE,0.388894143673372,"sintetico_postestratificado",FALSE,FALSE,FALSE,"28","001","Abasolo"
2041,-27.5591850846023,-42.3141210000625,-10.5319225112228,0.650359905278476,"sintetico_postestratificado",FALSE,0.374768054432454,"sintetico_postestratificado",FALSE,FALSE,FALSE,"28","002","Aldama"
2042,-25.6434108709425,-39.5708298060673,-9.69525827869709,0.680487964453455,"muestra_directa",TRUE,0.424053855744029,"muestra_directa",TRUE,TRUE,TRUE,"28","018","Jiménez"
2043,-22.9049709168637,-38.2889332070241,-6.59735348056392,0.667551201997811,"muestra_directa",TRUE,0.438501492829174,"muestra_directa",TRUE,TRUE,TRUE,"29","019","Tepetitla de Lardizábal"
2044,-25.2650127187759,-41.0970442358822,-8.75684184870859,0.679500704265146,"sintetico_postestratificado",FALSE,0.426850577077387,"sintetico_postestratificado",FALSE,FALSE,FALSE,"29","045","Benito Juárez"
2045,-24.4736955696106,-37.8806985507864,-7.69926481854113,0.624236281631723,"sintetico_postestratificado",FALSE,0.379499325935617,"sintetico_postestratificado",FALSE,FALSE,FALSE,"29","047","Lázaro Cárdenas"
2046,-25.8385271820314,-38.9093993954861,-13.3181748399614,0.619874595134196,"muestra_directa",TRUE,0.361489323313882,"muestra_directa",TRUE,TRUE,TRUE,"29","033","Tlaxcala"
2047,-23.4953361601968,-38.5649934775407,-7.38310418102821,0.690502297689121,"sintetico_postestratificado",FALSE,0.455548936087153,"sintetico_postestratificado",FALSE,FALSE,FALSE,"29","059","Santa Cruz Quilehtla"
2048,-24.9095144192903,-39.1376242126737,-9.86505724214024,0.669782100724437,"muestra_directa",TRUE,0.420686956531534,"muestra_directa",TRUE,TRUE,TRUE,"29","004","Atltzayanca"
2049,-24.88703620432,-41.2431826163115,-7.57384274159577,0.628785837955375,"sintetico_postestratificado",FALSE,0.379915475912175,"sintetico_postestratificado",FALSE,FALSE,FALSE,"29","054","San Lorenzo Axocomanitla"
2050,-25.0935857657881,-40.4051181331071,-8.9614723349055,0.610177098891129,"sintetico_postestratificado",FALSE,0.359241241233247,"sintetico_postestratificado",FALSE,FALSE,FALSE,"29","042","Xicohtzinco"
2051,-24.7094621647243,-38.4408504405939,-9.3414044824828,0.620965478875017,"muestra_directa",TRUE,0.373870857227773,"muestra_directa",TRUE,TRUE,TRUE,"29","044","Zacatelco"
2052,-24.8360251665679,-39.9955156561031,-7.4865037662035,0.641708774153777,"sintetico_postestratificado",FALSE,0.393348522488099,"sintetico_postestratificado",FALSE,FALSE,FALSE,"29","053","San Juan Huactzinco"
2053,-24.2026669686641,-40.1109644065238,-6.15724353364402,0.657854472534997,"sintetico_postestratificado",FALSE,0.415827802848356,"sintetico_postestratificado",FALSE,FALSE,FALSE,"29","008","Cuapiaxtla"
2054,-24.5987566634137,-38.7370017720057,-8.63906131490436,0.652504187359141,"sintetico_postestratificado",FALSE,0.406516620725003,"sintetico_postestratificado",FALSE,FALSE,FALSE,"29","029","Tepeyanco"
2055,-25.7331873209236,-41.0527017428453,-8.24467167249882,0.649521780791379,"sintetico_postestratificado",FALSE,0.392189907582143,"sintetico_postestratificado",FALSE,FALSE,FALSE,"29","046","Emiliano Zapata"
2056,-22.6076103684168,-37.4919452598813,-7.34399537998245,0.641444066048663,"muestra_directa",TRUE,0.415367962364495,"muestra_directa",TRUE,TRUE,TRUE,"29","025","San Pablo del Monte"
2057,-20.5252081016163,-36.0610889016726,-4.18404633541838,0.676971040169499,"muestra_directa",TRUE,0.471718959153336,"muestra_directa",TRUE,TRUE,TRUE,"29","058","Santa Catarina Ayometla"
2058,-24.9487831960135,-38.8085784533559,-10.8143235958459,0.631189525202313,"muestra_directa",TRUE,0.381701693242178,"muestra_directa",TRUE,TRUE,TRUE,"29","014","Hueyotlipan"
2059,-21.7138300935899,-35.839959485661,-6.14937269296198,0.651514251350406,"muestra_directa",TRUE,0.434375950414506,"muestra_directa",TRUE,TRUE,TRUE,"29","028","Teolocholco"
2060,-25.7145950152501,-39.9362755572371,-11.3188303164507,0.640323818281642,"sintetico_postestratificado",FALSE,0.383177868129141,"sintetico_postestratificado",FALSE,FALSE,FALSE,"29","040","Xaltocan"
2061,-25.3680694320151,-40.9540883569819,-8.80631503701822,0.644700962842449,"sintetico_postestratificado",FALSE,0.391020268522298,"sintetico_postestratificado",FALSE,FALSE,FALSE,"29","060","Santa Isabel Xiloxoxtla"
2062,-25.2678574536902,-38.045996663214,-11.5317239697716,0.660725581613826,"muestra_directa",TRUE,0.408047007076924,"muestra_directa",TRUE,TRUE,TRUE,"29","015","Ixtacuixtla de Mariano Matamoros"
2063,-24.5681973973633,-39.0778733270576,-6.71671630007552,0.621629885472311,"sintetico_postestratificado",FALSE,0.375947911498678,"sintetico_postestratificado",FALSE,FALSE,FALSE,"29","057","Santa Apolonia Teacalco"
2064,-24.5429167032353,-39.006400136983,-7.09103829589017,0.604639748287851,"sintetico_postestratificado",FALSE,0.359210581255498,"sintetico_postestratificado",FALSE,FALSE,FALSE,"29","056","Santa Ana Nopalucan"
2065,-23.9575202734229,-40.1268190598329,-7.44547815841199,0.637162274584988,"sintetico_postestratificado",FALSE,0.39758707185076,"sintetico_postestratificado",FALSE,FALSE,FALSE,"29","051","San Jerónimo Zacualpan"
2066,-24.0576155778559,-38.4620735757073,-8.68647175145113,0.649707487545186,"muestra_directa",TRUE,0.409131331766627,"muestra_directa",TRUE,TRUE,TRUE,"29","041","Papalotla de Xicohténcatl"
2067,-24.0494321500825,-38.7987154299101,-8.27981508488827,0.660115520025041,"muestra_directa",TRUE,0.419621198524216,"muestra_directa",TRUE,TRUE,TRUE,"29","038","Tzompantepec"
2068,-22.7008019726865,-36.9899493404733,-7.71748572829428,0.659937516086105,"muestra_directa",TRUE,0.43292949635924,"muestra_directa",TRUE,TRUE,TRUE,"29","023","Natívitas"
2069,-24.4371546533528,-38.1099277857998,-10.5571430938931,0.634552419935879,"sintetico_postestratificado",FALSE,0.390180873402351,"sintetico_postestratificado",FALSE,FALSE,FALSE,"29","020","Sanctórum de Lázaro Cárdenas"
2070,-25.2905417635086,-42.4922291172706,-8.91737611902325,0.648515289849182,"sintetico_postestratificado",FALSE,0.395609872214096,"sintetico_postestratificado",FALSE,FALSE,FALSE,"29","017","Mazatecochco de José María Morelos"
2071,-23.8982482249751,-39.4403048667466,-8.51118310289239,0.66474591679798,"sintetico_postestratificado",FALSE,0.42576343454823,"sintetico_postestratificado",FALSE,FALSE,FALSE,"29","022","Acuamanala de Miguel Hidalgo"
2072,-25.1981266092277,-38.5234801244437,-10.5023074367007,0.675120717578443,"muestra_directa",TRUE,0.423139451486167,"muestra_directa",TRUE,TRUE,TRUE,"29","001","Amaxac de Guerrero"
2073,-27.0393390433676,-40.881572792475,-12.3622157059499,0.643572014138366,"muestra_directa",TRUE,0.37317862370469,"muestra_directa",TRUE,TRUE,TRUE,"29","006","Calpulalpan"
2074,-23.1953068094278,-38.5750988390056,-6.31328248578183,0.65887365119753,"sintetico_postestratificado",FALSE,0.426920583103253,"sintetico_postestratificado",FALSE,FALSE,FALSE,"29","016","Ixtenco"
2075,-23.734935209081,-38.2948751714024,-7.48523471214081,0.674247864633733,"sintetico_postestratificado",FALSE,0.436898512542923,"sintetico_postestratificado",FALSE,FALSE,FALSE,"29","049","San Damián Texóloc"
2076,-25.7360853593103,-39.6166372514681,-9.14479944960759,0.649898950092306,"muestra_directa",TRUE,0.392538096499204,"muestra_directa",TRUE,TRUE,TRUE,"29","043","Yauhquemehcan"
2077,-24.1362144325342,-36.2271005539224,-10.0110201472063,0.668757862730818,"muestra_directa",TRUE,0.427395718405476,"muestra_directa",TRUE,TRUE,TRUE,"29","013","Huamantla"
2078,-25.0209177750075,-38.8290465407173,-9.33118930730339,0.678710574848919,"muestra_directa",TRUE,0.428501397098844,"muestra_directa",TRUE,TRUE,TRUE,"29","002","Apetatitlán de Antonio Carvajal"
2079,-23.1536477147078,-38.0716219046212,-8.00045535316528,0.692028759020777,"sintetico_postestratificado",FALSE,0.4604922818737,"sintetico_postestratificado",FALSE,FALSE,FALSE,"29","005","Apizaco"
2080,-25.5208985385893,-39.5310260972185,-10.907104178185,0.641273841730721,"muestra_directa",TRUE,0.386064856344828,"muestra_directa",TRUE,TRUE,TRUE,"29","018","Contla de Juan Cuamatzi"
2081,-25.762571422811,-41.0227110826976,-10.1570574775665,0.647189805526512,"muestra_directa",TRUE,0.389564091298402,"muestra_directa",TRUE,TRUE,TRUE,"29","003","Atlangatepec"
2082,-24.6778832413889,-39.7904369940395,-10.1239419642038,0.661985046621087,"sintetico_postestratificado",FALSE,0.415206214207198,"sintetico_postestratificado",FALSE,FALSE,FALSE,"29","011","Muñoz de Domingo Arenas"
2083,-23.366361304965,-38.3830262164347,-6.18488179181533,0.662739961010708,"sintetico_postestratificado",FALSE,0.429076347961058,"sintetico_postestratificado",FALSE,FALSE,FALSE,"29","009","Cuaxomulco"
2084,-24.4148055568115,-39.0359601275839,-8.79266828269283,0.666239855252578,"muestra_directa",TRUE,0.422091799684463,"muestra_directa",TRUE,TRUE,TRUE,"29","010","Chiautempan"
2085,-24.6083550119943,-40.0997679197978,-9.85828845406312,0.660753160527695,"muestra_directa",TRUE,0.414669610407752,"muestra_directa",TRUE,TRUE,TRUE,"29","007","El Carmen Tequexquitla"
2086,-25.5191364039981,-41.5470828296094,-11.0918496278232,0.661413123996548,"sintetico_postestratificado",FALSE,0.406221759956567,"sintetico_postestratificado",FALSE,FALSE,FALSE,"29","021","Nanacamilpa de Mariano Arista"
2087,-25.1947193927258,-39.2610147391348,-8.64116103063529,0.677730207178677,"sintetico_postestratificado",FALSE,0.425783013251419,"sintetico_postestratificado",FALSE,FALSE,FALSE,"29","012","Españita"
2088,-25.7642431669441,-38.6938082419274,-12.8750817840069,0.687773723965683,"muestra_directa",FALSE,0.430131292296243,"muestra_directa",FALSE,TRUE,FALSE,"29","031","Tetla de la Solidaridad"
2089,-23.3733828727462,-36.2708156240736,-8.25151302367147,0.687150200141286,"muestra_directa",TRUE,0.453416371413824,"muestra_directa",TRUE,TRUE,TRUE,"29","032","Tetlatlahuca"
2090,-25.4840218143076,-37.8995926887932,-11.135809292778,0.646353410497278,"sintetico_postestratificado",FALSE,0.391513192354202,"sintetico_postestratificado",FALSE,FALSE,FALSE,"29","034","Tlaxco"
2091,-25.1403255834359,-40.9032272999061,-9.01190452494804,0.633536961662986,"muestra_directa",TRUE,0.382133705828626,"muestra_directa",TRUE,TRUE,TRUE,"29","035","Tocatlán"
2092,-26.4649431333881,-40.5791936129977,-9.90313307883074,0.648605145115944,"sintetico_postestratificado",FALSE,0.383955713782063,"sintetico_postestratificado",FALSE,FALSE,FALSE,"29","030","Terrenate"
2093,-24.42432255502,-40.151230827807,-7.83713483053444,0.649844172072427,"sintetico_postestratificado",FALSE,0.405600946522227,"sintetico_postestratificado",FALSE,FALSE,FALSE,"29","026","Santa Cruz Tlaxcala"
2094,-24.2698963382531,-39.9137745455467,-7.99793563904015,0.639921583298808,"sintetico_postestratificado",FALSE,0.397222619916277,"sintetico_postestratificado",FALSE,FALSE,FALSE,"29","050","San Francisco Tetlanohcan"
2095,-24.3858252316416,-40.2736524083408,-8.2396910845823,0.641181481345282,"sintetico_postestratificado",FALSE,0.397323229028866,"sintetico_postestratificado",FALSE,FALSE,FALSE,"29","052","San José Teacalco"
2096,-24.4665248377634,-40.396494817426,-7.78442694120407,0.647597636967831,"sintetico_postestratificado",FALSE,0.402932388590196,"sintetico_postestratificado",FALSE,FALSE,FALSE,"29","027","Tenancingo"
2097,-24.7964894801568,-40.4328682397698,-7.81999641050413,0.650611391721378,"sintetico_postestratificado",FALSE,0.40264649691981,"sintetico_postestratificado",FALSE,FALSE,FALSE,"29","055","San Lucas Tecopilco"
2098,-25.4844475859013,-39.3262354779909,-11.3335736356341,0.640159278892782,"sintetico_postestratificado",FALSE,0.385314803033769,"sintetico_postestratificado",FALSE,FALSE,FALSE,"29","024","Panotla"
2099,-24.0253244217753,-39.4456647273122,-8.38096735746787,0.673747533219131,"sintetico_postestratificado",FALSE,0.433494289001378,"sintetico_postestratificado",FALSE,FALSE,FALSE,"29","037","Ziltlaltépec de Trinidad Sánchez Santos"
2101,-26.0125411452311,-40.3522012639396,-10.4918146748859,0.641323985279351,"sintetico_postestratificado",FALSE,0.38119857382704,"sintetico_postestratificado",FALSE,FALSE,FALSE,"29","039","Xaloztoc"
2102,-24.7771581426132,-40.4517620262996,-6.35059775117393,0.677609473174977,"sintetico_postestratificado",FALSE,0.429837891748845,"sintetico_postestratificado",FALSE,FALSE,FALSE,"29","036","Totolac"
2103,-24.7770599432676,-41.0699460773298,-6.58688245453959,0.608157929614386,"sintetico_postestratificado",FALSE,0.36038733018171,"sintetico_postestratificado",FALSE,FALSE,FALSE,"30","162","Tenampa"
2104,-24.0232863668447,-37.4566409014655,-9.43460613791454,0.58901726132317,"sintetico_postestratificado",FALSE,0.348784397654723,"sintetico_postestratificado",FALSE,FALSE,FALSE,"30","169","José Azueta"
2105,-24.5847987441968,-40.9412847476807,-6.48881950840608,0.632918076272531,"sintetico_postestratificado",FALSE,0.387070088830562,"sintetico_postestratificado",FALSE,FALSE,FALSE,"30","185","Tlilapan"
2106,-24.6232476368331,-39.8570531823803,-7.16561916388255,0.645411812501726,"sintetico_postestratificado",FALSE,0.399179336133395,"sintetico_postestratificado",FALSE,FALSE,FALSE,"30","187","Tonayán"
2107,-24.3561650608077,-39.0532499208015,-8.18970904066647,0.648460518157129,"sintetico_postestratificado",FALSE,0.404898867549052,"sintetico_postestratificado",FALSE,FALSE,FALSE,"30","188","Totutla"
2108,-27.90342829619,-42.9186820339925,-12.2604481047451,0.592772078372369,"sintetico_postestratificado",FALSE,0.313737795410469,"sintetico_postestratificado",FALSE,FALSE,FALSE,"30","189","Tuxpan"
2109,-24.1054829099458,-40.4596071091423,-6.70460091259158,0.612579452585255,"sintetico_postestratificado",FALSE,0.371524623485797,"sintetico_postestratificado",FALSE,FALSE,FALSE,"30","190","Tuxtilla"
2110,-28.4630470944346,-43.6969282598152,-13.335852829639,0.597894470002809,"sintetico_postestratificado",FALSE,0.313263999058463,"sintetico_postestratificado",FALSE,FALSE,FALSE,"30","078","Ixcatepec"
2111,-24.7277861818797,-40.6411767751782,-7.81472495025542,0.616812192271866,"sintetico_postestratificado",FALSE,0.369534330453069,"sintetico_postestratificado",FALSE,FALSE,FALSE,"30","191","Ursulo Galván"
2112,-25.2443742745446,-39.5339422608039,-9.40026644156842,0.594305931723063,"muestra_directa",TRUE,0.341862188977617,"muestra_directa",TRUE,TRUE,TRUE,"30","079","Ixhuacán de los Reyes"
2113,-22.3618795648211,-38.2062665214301,-6.42848529822837,0.677806337305178,"muestra_directa",TRUE,0.454187541656966,"muestra_directa",TRUE,TRUE,TRUE,"30","192","Vega de Alatorre"
2114,-24.3109100339347,-40.5052275088302,-8.96936924388394,0.655099156459533,"sintetico_postestratificado",FALSE,0.411990056120186,"sintetico_postestratificado",FALSE,FALSE,FALSE,"30","194","Villa Aldama"
2115,-23.5499050823014,-38.6822519013149,-6.10173261864514,0.668575590780868,"sintetico_postestratificado",FALSE,0.433076539957853,"sintetico_postestratificado",FALSE,FALSE,FALSE,"30","031","Carrillo Puerto"
2116,-24.2994894505739,-40.6553328102588,-7.26023537615079,0.658539021225439,"sintetico_postestratificado",FALSE,0.4155441267197,"sintetico_postestratificado",FALSE,FALSE,FALSE,"30","195","Xoxocotla"
2117,-24.6003088526956,-42.4881029801044,-5.35047111327691,0.646258583401156,"sintetico_postestratificado",FALSE,0.4002554948742,"sintetico_postestratificado",FALSE,FALSE,FALSE,"30","199","Zaragoza"
2118,-24.4333004192776,-41.8583578292146,-7.47070321187217,0.668101758240802,"muestra_directa",TRUE,0.423768754048026,"muestra_directa",TRUE,TRUE,TRUE,"30","206","Nanchital de Lázaro Cárdenas del Río"
2119,-23.732511863907,-39.1800865513432,-5.57791562392111,0.62759654907406,"sintetico_postestratificado",FALSE,0.39027143043499,"sintetico_postestratificado",FALSE,FALSE,FALSE,"30","210","Uxpanapa"
2120,-26.8630976993473,-42.8591202437672,-9.64802259515221,0.582786397903062,"sintetico_postestratificado",FALSE,0.31415542090959,"sintetico_postestratificado",FALSE,FALSE,FALSE,"30","211","San Rafael"
2121,-24.72863797318,-39.9703167161854,-6.56339299149557,0.630794072261773,"sintetico_postestratificado",FALSE,0.383507692529974,"sintetico_postestratificado",FALSE,FALSE,FALSE,"30","212","Santiago Sochiapan"
2122,-27.7707235270784,-41.8681399043567,-11.6421238231125,0.599594513690035,"sintetico_postestratificado",FALSE,0.321887278419251,"sintetico_postestratificado",FALSE,FALSE,FALSE,"30","103","Mecatlán"
2123,-23.9915557633165,-37.912206816087,-8.05809308034566,0.582229998524733,"muestra_directa",TRUE,0.342314440891568,"muestra_directa",TRUE,TRUE,TRUE,"30","141","San Andrés Tuxtla"
2124,-25.9861210215634,-41.3559074786495,-7.77903766258353,0.597942279871133,"sintetico_postestratificado",FALSE,0.3380810696555,"sintetico_postestratificado",FALSE,FALSE,FALSE,"30","140","San Andrés Tenejapan"
2125,-24.8833870411237,-40.5641279678606,-5.253183604802,0.582119339290211,"sintetico_postestratificado",FALSE,0.333285468878974,"sintetico_postestratificado",FALSE,FALSE,FALSE,"30","138","Río Blanco"
2126,-24.7927349862369,-40.4937840448028,-7.30347607237082,0.578074784111237,"sintetico_postestratificado",FALSE,0.330147434248868,"sintetico_postestratificado",FALSE,FALSE,FALSE,"30","136","Rafael Lucio"
2127,-26.177661974097,-41.029472685492,-7.56029614498484,0.626740857151836,"muestra_directa",TRUE,0.364964237410866,"muestra_directa",TRUE,TRUE,TRUE,"30","131","Poza Rica de Hidalgo"
2128,-22.4192011345219,-39.5010585008276,-4.35101160299334,0.64750989191431,"sintetico_postestratificado",FALSE,0.423317880569092,"sintetico_postestratificado",FALSE,FALSE,FALSE,"30","116","Oluta"
2129,-24.1985449442503,-38.6227683871358,-8.06411291538152,0.602099693445711,"sintetico_postestratificado",FALSE,0.360114244003208,"sintetico_postestratificado",FALSE,FALSE,FALSE,"30","109","Misantla"
2130,-23.9081685562817,-40.8260928897364,-6.01321685770181,0.643338384940268,"sintetico_postestratificado",FALSE,0.404256699377451,"sintetico_postestratificado",FALSE,FALSE,FALSE,"30","107","Las Minas"
2131,-26.3138349848329,-41.4013540050115,-9.28266386379589,0.627786971070827,"sintetico_postestratificado",FALSE,0.364648621222498,"sintetico_postestratificado",FALSE,FALSE,FALSE,"30","203","Zozocolco de Hidalgo"
2132,-28.6185454368497,-43.1742444665013,-9.67622364047574,0.614672617792195,"sintetico_postestratificado",FALSE,0.328487163423698,"sintetico_postestratificado",FALSE,FALSE,FALSE,"30","205","El Higo"
2133,-24.7692796174275,-38.2057499724924,-9.2042226930708,0.628853368312785,"sintetico_postestratificado",FALSE,0.38116057213851,"sintetico_postestratificado",FALSE,FALSE,FALSE,"30","071","Huatusco"
2134,-26.610688446964,-43.5227583467165,-8.25016227026761,0.642970814100104,"muestra_directa",TRUE,0.376863929630464,"muestra_directa",TRUE,TRUE,TRUE,"30","069","Gutiérrez Zamora"
2135,-25.5806473913423,-42.8246510260539,-7.39963788417874,0.619297311810804,"sintetico_postestratificado",FALSE,0.363490837897381,"sintetico_postestratificado",FALSE,FALSE,FALSE,"30","098","Magdalena"
2136,-24.6808181820545,-41.2528121860132,-6.88890528896695,0.60228887635879,"sintetico_postestratificado",FALSE,0.355480694538245,"sintetico_postestratificado",FALSE,FALSE,FALSE,"30","075","Ignacio de la Llave"
2137,-26.1299612925881,-42.946039597768,-8.84839509494242,0.60494254342665,"sintetico_postestratificado",FALSE,0.34364293050077,"sintetico_postestratificado",FALSE,FALSE,FALSE,"30","074","Huiloapan de Cuauhtémoc"
2138,-24.1308079063728,-39.3897496969188,-9.01535860839725,0.627629783504467,"sintetico_postestratificado",FALSE,0.386321704440739,"sintetico_postestratificado",FALSE,FALSE,FALSE,"30","073","Hueyapan de Ocampo"
2139,-26.9569214104171,-40.2970138403191,-11.3711360449469,0.671177781187269,"sintetico_postestratificado",FALSE,0.401608567083099,"sintetico_postestratificado",FALSE,FALSE,FALSE,"30","072","Huayacocotla"
2140,-23.1006515350095,-39.2071150487782,-6.09478595376895,0.64361059441077,"sintetico_postestratificado",FALSE,0.412604079060676,"sintetico_postestratificado",FALSE,FALSE,FALSE,"30","149","Soteapan"
2141,-27.8636008186756,-42.2949295018101,-13.3380283122151,0.659714236470845,"sintetico_postestratificado",FALSE,0.381078228284089,"sintetico_postestratificado",FALSE,FALSE,FALSE,"30","150","Tamalín"
2142,-25.4929257684803,-40.1985262196198,-9.47968565582193,0.620983420215081,"sintetico_postestratificado",FALSE,0.366054162530278,"sintetico_postestratificado",FALSE,FALSE,FALSE,"30","148","Soledad de Doblado"
2143,-25.6158016307307,-40.4051245843236,-8.68140929440769,0.620481511648735,"sintetico_postestratificado",FALSE,0.364323495341427,"sintetico_postestratificado",FALSE,FALSE,FALSE,"30","147","Soledad Atzompa"
2144,-23.0833021970324,-38.9248188387176,-4.80943234343849,0.633351723669435,"sintetico_postestratificado",FALSE,0.402518701699111,"sintetico_postestratificado",FALSE,FALSE,FALSE,"30","146","Sochiapa"
2145,-23.5098527599816,-38.5480937064599,-6.42831590068684,0.629100859647075,"sintetico_postestratificado",FALSE,0.394002332047258,"sintetico_postestratificado",FALSE,FALSE,FALSE,"30","145","Soconusco"
2146,-23.4555993769891,-37.5473402064149,-6.56507363242562,0.624751468041804,"sintetico_postestratificado",FALSE,0.390195474271914,"sintetico_postestratificado",FALSE,FALSE,FALSE,"30","004","Actopan"
2147,-24.1867255063347,-39.7117781635765,-8.40577222661959,0.556822059635249,"sintetico_postestratificado",FALSE,0.314954804571901,"sintetico_postestratificado",FALSE,FALSE,FALSE,"30","070","Hidalgotitlán"
2148,-25.1470830706678,-40.0370498638952,-9.02069934971945,0.608651947307548,"sintetico_postestratificado",FALSE,0.357181116600871,"sintetico_postestratificado",FALSE,FALSE,FALSE,"30","068","Fortín"
2149,-26.0361280732456,-40.571323151261,-10.2399980164092,0.656683881875787,"sintetico_postestratificado",FALSE,0.396322601143331,"sintetico_postestratificado",FALSE,FALSE,FALSE,"30","067","Filomeno Mata"
2150,-26.7351677880703,-40.8864055563476,-11.1747314067848,0.615503773371094,"sintetico_postestratificado",FALSE,0.348152095490391,"sintetico_postestratificado",FALSE,FALSE,FALSE,"30","066","Espinal"
2151,-24.9250633053476,-39.2086476462368,-7.85803286689165,0.586747725617914,"sintetico_postestratificado",FALSE,0.337497092564438,"sintetico_postestratificado",FALSE,FALSE,FALSE,"30","065","Emiliano Zapata"
2152,-27.0740829248924,-43.1626918894475,-10.063661713032,0.615076626669515,"sintetico_postestratificado",FALSE,0.344335797420592,"sintetico_postestratificado",FALSE,FALSE,FALSE,"30","064","Chumatlán"
2153,-25.0209872716495,-39.1900143761712,-9.55704053407554,0.622456410340086,"sintetico_postestratificado",FALSE,0.372246537623591,"sintetico_postestratificado",FALSE,FALSE,FALSE,"30","173","Tezonapa"
2154,-24.5600359575932,-41.3198877560171,-8.67755045665483,0.631754226546547,"sintetico_postestratificado",FALSE,0.386153866970615,"sintetico_postestratificado",FALSE,FALSE,FALSE,"30","209","Tatahuicapan de Juárez"
2155,-25.5722915449074,-39.5742555332952,-8.63749013782302,0.604818587504047,"muestra_directa",TRUE,0.349095672054972,"muestra_directa",TRUE,TRUE,TRUE,"30","032","Catemaco"
2156,-26.4223853026449,-39.7209249586493,-9.97294106289314,0.617001863912246,"sintetico_postestratificado",FALSE,0.352778010885797,"sintetico_postestratificado",FALSE,FALSE,FALSE,"30","040","Coatzintla"
2157,-26.3160787410594,-41.5504408262412,-9.95097850515237,0.574240216975626,"muestra_directa",TRUE,0.311079429565032,"muestra_directa",TRUE,TRUE,TRUE,"30","039","Coatzacoalcos"
2158,-24.2452984652245,-39.0001847592946,-9.90839708295814,0.607534447833733,"sintetico_postestratificado",FALSE,0.365081463181488,"sintetico_postestratificado",FALSE,FALSE,FALSE,"30","038","Coatepec"
2159,-26.6978462119328,-42.1505803493021,-9.82305704406329,0.631611989642477,"sintetico_postestratificado",FALSE,0.364633527523148,"sintetico_postestratificado",FALSE,FALSE,FALSE,"30","037","Coahuitlán"
2160,-24.3611161417665,-40.6861280424739,-7.69625466637417,0.622509263091872,"sintetico_postestratificado",FALSE,0.378898101674207,"sintetico_postestratificado",FALSE,FALSE,FALSE,"30","036","Coacoatzintla"
2161,-29.5833408371272,-44.9072231324225,-11.8052849136247,0.619325504906212,"sintetico_postestratificado",FALSE,0.32349209653494,"sintetico_postestratificado",FALSE,FALSE,FALSE,"30","035","Citlaltépetl"
2162,-28.7936051893258,-43.0822266362921,-13.1175100729678,0.607598703699229,"sintetico_postestratificado",FALSE,0.319662651805971,"sintetico_postestratificado",FALSE,FALSE,FALSE,"30","034","Cerro Azul"
2163,-29.0800420848861,-45.214746521286,-12.2132889720923,0.623889169549859,"muestra_directa",TRUE,0.333088748700998,"muestra_directa",TRUE,TRUE,TRUE,"30","033","Cazones de Herrera"
2164,-22.6121040564951,-38.4686278334921,-5.56753482504333,0.68517456193586,"sintetico_postestratificado",FALSE,0.459053521370909,"sintetico_postestratificado",FALSE,FALSE,FALSE,"30","030","Camerino Z. Mendoza"
2165,-23.73616614145,-37.234756334249,-8.45314783776324,0.571533802765065,"sintetico_postestratificado",FALSE,0.334172141350566,"sintetico_postestratificado",FALSE,FALSE,FALSE,"30","029","Calcahualco"
2166,-23.7272619727995,-39.6155439583666,-6.3864953312579,0.61901726863456,"muestra_directa",TRUE,0.381744648906565,"muestra_directa",TRUE,TRUE,TRUE,"30","028","Boca del Río"
2167,-26.9353295077257,-43.3869364638692,-9.1361978051609,0.633963262127412,"sintetico_postestratificado",FALSE,0.364609967050155,"sintetico_postestratificado",FALSE,FALSE,FALSE,"30","027","Benito Juárez"
2168,-23.272770673175,-39.6240094632817,-5.23166734973815,0.648714404945368,"muestra_directa",TRUE,0.415986698213618,"muestra_directa",TRUE,TRUE,TRUE,"30","026","Banderilla"
2169,-23.7644680335202,-38.1165739626699,-7.35503982214324,0.601142634346967,"muestra_directa",TRUE,0.363497954011765,"muestra_directa",TRUE,TRUE,TRUE,"30","025","Ayahualulco"
2170,-24.4306412600221,-38.1315235109933,-9.63870960840839,0.597179226915683,"sintetico_postestratificado",FALSE,0.352872814315462,"sintetico_postestratificado",FALSE,FALSE,FALSE,"30","024","Tlaltetela"
2171,-24.0897186660154,-38.0385227530688,-8.01720078299732,0.609730976659487,"sintetico_postestratificado",FALSE,0.368833789999333,"sintetico_postestratificado",FALSE,FALSE,FALSE,"30","023","Atzalan"
2172,-25.7066322194557,-40.1562054940446,-9.22651839516231,0.598778658040919,"sintetico_postestratificado",FALSE,0.341712335846362,"sintetico_postestratificado",FALSE,FALSE,FALSE,"30","022","Atzacan"
2173,-25.7441594019363,-40.7075006847458,-11.856441135277,0.624391393152431,"sintetico_postestratificado",FALSE,0.366949799133069,"sintetico_postestratificado",FALSE,FALSE,FALSE,"30","168","Tequila"
2174,-24.2396963597731,-40.180417469321,-7.01383474911706,0.645776142630333,"sintetico_postestratificado",FALSE,0.403379179032602,"sintetico_postestratificado",FALSE,FALSE,FALSE,"30","166","Tepetlán"
2175,-24.8382097737684,-40.1385788401202,-8.03437388819228,0.604595329049755,"sintetico_postestratificado",FALSE,0.356213231312071,"sintetico_postestratificado",FALSE,FALSE,FALSE,"30","165","Tepatlaxco"
2176,-25.4484052116106,-40.4115556455913,-8.02278310187292,0.590368035729075,"sintetico_postestratificado",FALSE,0.335883983612969,"sintetico_postestratificado",FALSE,FALSE,FALSE,"30","164","Teocelo"
2177,-25.1301389205845,-40.606795228452,-9.09822966795994,0.606933111728872,"sintetico_postestratificado",FALSE,0.355631722523027,"sintetico_postestratificado",FALSE,FALSE,FALSE,"30","126","Paso de Ovejas"
2178,-27.0848357680381,-42.5194623851406,-11.4980394740201,0.60266309917158,"sintetico_postestratificado",FALSE,0.331814741491199,"sintetico_postestratificado",FALSE,FALSE,FALSE,"30","050","Coxquihui"
2179,-25.5983885847956,-41.2793677106401,-7.83880391336935,0.575666431868509,"sintetico_postestratificado",FALSE,0.319682546020553,"sintetico_postestratificado",FALSE,FALSE,FALSE,"30","046","Cosautlán de Carvajal"
2180,-24.7918365910315,-39.6023112756935,-7.75505318234578,0.583180742094155,"sintetico_postestratificado",FALSE,0.33526237618384,"sintetico_postestratificado",FALSE,FALSE,FALSE,"30","021","Atoyac"
2181,-24.0004298948161,-37.8776477226777,-8.7579980783927,0.622791796055757,"sintetico_postestratificado",FALSE,0.382787497107595,"sintetico_postestratificado",FALSE,FALSE,FALSE,"30","128","Perote"
2182,-24.5969959337058,-40.2276747158476,-7.65091290069641,0.604724431177743,"sintetico_postestratificado",FALSE,0.358754471840684,"sintetico_postestratificado",FALSE,FALSE,FALSE,"30","020","Atlahuilco"
2183,-24.8672149255027,-39.3949972564092,-9.42274749402872,0.599158848376834,"sintetico_postestratificado",FALSE,0.350486699121807,"sintetico_postestratificado",FALSE,FALSE,FALSE,"30","101","Mariano Escobedo"
2184,-26.7149409768481,-41.948598759142,-9.13326024534927,0.603691358802155,"sintetico_postestratificado",FALSE,0.336541949033675,"sintetico_postestratificado",FALSE,FALSE,FALSE,"30","018","Aquila"
2185,-24.5453588698413,-39.0862343235956,-7.16320046231523,0.652474421481997,"sintetico_postestratificado",FALSE,0.407020832783584,"sintetico_postestratificado",FALSE,FALSE,FALSE,"30","009","Alto Lucero de Gutiérrez Barrios"
2186,-24.1012366108071,-39.092731087075,-8.64065143865981,0.646056813062611,"sintetico_postestratificado",FALSE,0.40504444695454,"sintetico_postestratificado",FALSE,FALSE,FALSE,"30","112","Naolinco"
2187,-26.5479104247979,-42.5514153459936,-8.55628405414722,0.618423571941394,"muestra_directa",TRUE,0.352944467693415,"muestra_directa",TRUE,TRUE,TRUE,"30","008","Alpatláhuac"
2188,-24.6742083038771,-40.5641838402964,-6.77221119836226,0.660250312442054,"sintetico_postestratificado",FALSE,0.413508229403283,"sintetico_postestratificado",FALSE,FALSE,FALSE,"30","007","Camarón de Tejeda"
2189,-23.266690724934,-38.3128927305081,-7.34310341966493,0.694382304073582,"sintetico_postestratificado",FALSE,0.461715396824242,"sintetico_postestratificado",FALSE,FALSE,FALSE,"30","006","Acultzingo"
2190,-25.0415009953614,-40.8971561356642,-9.63773750972657,0.622593104188474,"sintetico_postestratificado",FALSE,0.37217809423486,"sintetico_postestratificado",FALSE,FALSE,FALSE,"30","111","Moloacán"
2191,-24.7606252083436,-39.4173190082842,-7.26806657307257,0.645662749574446,"sintetico_postestratificado",FALSE,0.39805649749101,"sintetico_postestratificado",FALSE,FALSE,FALSE,"30","110","Mixtla de Altamirano"
2192,-24.0382882746699,-39.6140875858784,-6.40778947270921,0.645394036885357,"sintetico_postestratificado",FALSE,0.405011154138658,"sintetico_postestratificado",FALSE,FALSE,FALSE,"30","005","Acula"
2193,-26.3292545398449,-38.9713461197157,-12.0500485844687,0.64918141640213,"sintetico_postestratificado",FALSE,0.385888871003681,"sintetico_postestratificado",FALSE,FALSE,FALSE,"30","051","Coyutla"
2194,-24.2233260008523,-38.366754758081,-8.97206198175452,0.614293026529404,"sintetico_postestratificado",FALSE,0.372059766520881,"sintetico_postestratificado",FALSE,FALSE,FALSE,"30","045","Cosamaloapan de Carpio"
2195,-29.7245575356049,-45.2783905675845,-13.5016221922185,0.626313952457194,"sintetico_postestratificado",FALSE,0.329068377101145,"sintetico_postestratificado",FALSE,FALSE,FALSE,"30","013","Naranjos Amatlán"
2196,-25.2375350755474,-39.6376369189962,-11.0144617190009,0.64760000905117,"sintetico_postestratificado",FALSE,0.395224658295697,"sintetico_postestratificado",FALSE,FALSE,FALSE,"30","014","Amatlán de los Reyes"
2197,-24.3802842219507,-39.7027889855238,-7.09600277596554,0.656092063988123,"sintetico_postestratificado",FALSE,0.412289221768616,"sintetico_postestratificado",FALSE,FALSE,FALSE,"30","002","Acatlán"
2198,-26.2047201045722,-41.5659419082269,-9.51524720946715,0.63606755713003,"sintetico_postestratificado",FALSE,0.374020356084308,"sintetico_postestratificado",FALSE,FALSE,FALSE,"30","001","Acajete"
2199,-25.300579174998,-41.3754535022011,-9.65850180179752,0.607809520355178,"sintetico_postestratificado",FALSE,0.354803728605198,"sintetico_postestratificado",FALSE,FALSE,FALSE,"30","003","Acayucan"
2200,-24.5259273515115,-41.4385190796513,-6.2329961014119,0.632400742441125,"sintetico_postestratificado",FALSE,0.387141468926009,"sintetico_postestratificado",FALSE,FALSE,FALSE,"30","120","Oteapan"
2201,-23.9183475667866,-38.8355743361746,-8.24569609645354,0.669275350411179,"sintetico_postestratificado",FALSE,0.430091874743313,"sintetico_postestratificado",FALSE,FALSE,FALSE,"30","127","La Perla"
2202,-25.1380273442746,-39.679006988407,-9.0442909196369,0.589514236310039,"muestra_directa",TRUE,0.338133962867293,"muestra_directa",TRUE,TRUE,TRUE,"30","048","Cosoleacaque"
2203,-24.8535094501585,-39.6781807157854,-8.42631185904606,0.620580299542239,"sintetico_postestratificado",FALSE,0.372045205040655,"sintetico_postestratificado",FALSE,FALSE,FALSE,"30","059","Chinameca"
2204,-25.5112773428908,-41.638876687887,-9.55568284999971,0.603015389924182,"sintetico_postestratificado",FALSE,0.347902616495274,"sintetico_postestratificado",FALSE,FALSE,FALSE,"30","100","Manlio Fabio Altamirano"
2205,-24.2014127388348,-38.2424820243051,-6.3498873617066,0.582084578837014,"muestra_directa",TRUE,0.340070451448666,"muestra_directa",TRUE,TRUE,TRUE,"30","087","Xalapa"
2206,-24.7096696519533,-39.8958714705793,-6.80740634188599,0.582329973482071,"sintetico_postestratificado",FALSE,0.335233276962539,"sintetico_postestratificado",FALSE,FALSE,FALSE,"30","097","Lerdo de Tejada"
2207,-25.0538160363543,-39.1919664476111,-8.58840270196739,0.639185326283554,"sintetico_postestratificado",FALSE,0.388647165920011,"sintetico_postestratificado",FALSE,FALSE,FALSE,"30","010","Altotonga"
2208,-25.2777735062244,-40.605974885052,-7.3660582630009,0.594012652175924,"sintetico_postestratificado",FALSE,0.34123491711368,"sintetico_postestratificado",FALSE,FALSE,FALSE,"30","108","Minatitlán"
2209,-23.3525677480552,-38.6603693386281,-6.73404934580259,0.643159395480193,"sintetico_postestratificado",FALSE,0.409633717999641,"sintetico_postestratificado",FALSE,FALSE,FALSE,"30","011","Alvarado"
2210,-22.8112270685948,-38.1235616022094,-5.58397542311311,0.668329317519708,"sintetico_postestratificado",FALSE,0.440217046833761,"sintetico_postestratificado",FALSE,FALSE,FALSE,"30","012","Amatitlán"
2211,-24.1544084306297,-40.6607153457842,-6.92680355498401,0.640184370329235,"sintetico_postestratificado",FALSE,0.398640286022938,"sintetico_postestratificado",FALSE,FALSE,FALSE,"30","015","Angel R. Cabada"
2212,-25.0434978723438,-40.5419126365226,-9.01369826972966,0.607401613918754,"sintetico_postestratificado",FALSE,0.356966635195316,"sintetico_postestratificado",FALSE,FALSE,FALSE,"30","016","La Antigua"
2213,-24.8357706014775,-40.2035373077964,-7.91865431604978,0.636102468645834,"sintetico_postestratificado",FALSE,0.387744762631059,"sintetico_postestratificado",FALSE,FALSE,FALSE,"30","017","Apazapan"
2214,-26.2197750793818,-39.952403370567,-12.3748243780889,0.642566400572699,"muestra_directa",TRUE,0.380368649778881,"muestra_directa",TRUE,TRUE,TRUE,"30","117","Omealca"
2215,-25.5088342887125,-40.6550613875054,-9.56097980175188,0.625002415010207,"sintetico_postestratificado",FALSE,0.369914072123082,"sintetico_postestratificado",FALSE,FALSE,FALSE,"30","113","Naranjal"
2216,-24.0564972273594,-39.1887085190341,-6.54961657899153,0.640552257697514,"sintetico_postestratificado",FALSE,0.39998728542392,"sintetico_postestratificado",FALSE,FALSE,FALSE,"30","114","Nautla"
2217,-25.2080000119694,-39.9898329313125,-8.88110744190908,0.628940130623246,"sintetico_postestratificado",FALSE,0.376860130503552,"sintetico_postestratificado",FALSE,FALSE,FALSE,"30","115","Nogales"
2218,-25.4334233799214,-40.6997213056533,-9.03680186001805,0.636111204504672,"sintetico_postestratificado",FALSE,0.381776970705457,"sintetico_postestratificado",FALSE,FALSE,FALSE,"30","163","Tenochtitlán"
2219,-25.1636994027217,-40.6012892706083,-6.6397654785233,0.639457072733052,"sintetico_postestratificado",FALSE,0.387820078705835,"sintetico_postestratificado",FALSE,FALSE,FALSE,"30","019","Astacinga"
2220,-25.2188195125597,-41.9633944424194,-7.36457621492444,0.642215163440913,"sintetico_postestratificado",FALSE,0.390026968315316,"sintetico_postestratificado",FALSE,FALSE,FALSE,"30","042","Colipa"
2221,-24.5402881409816,-38.7911305255654,-9.23393906361236,0.656470407082257,"sintetico_postestratificado",FALSE,0.411067525672441,"sintetico_postestratificado",FALSE,FALSE,FALSE,"30","043","Comapa"
2222,-26.1881264349246,-41.2095087994966,-11.3451089542418,0.640697793677462,"muestra_directa",TRUE,0.378816529328216,"muestra_directa",TRUE,TRUE,TRUE,"30","044","Córdoba"
2223,-24.9531288907694,-39.3256059158202,-9.98619898754081,0.655261310193535,"sintetico_postestratificado",FALSE,0.405730021285841,"sintetico_postestratificado",FALSE,FALSE,FALSE,"30","047","Coscomatepec"
2224,-23.5043213459576,-38.8028138819911,-7.49511806285215,0.681401333032552,"sintetico_postestratificado",FALSE,0.446358119572976,"sintetico_postestratificado",FALSE,FALSE,FALSE,"30","049","Cotaxtla"
2225,-25.1321187832572,-40.8074572044089,-9.04137104997668,0.624610194823026,"sintetico_postestratificado",FALSE,0.373289006990454,"sintetico_postestratificado",FALSE,FALSE,FALSE,"30","052","Cuichapa"
2226,-23.3157831747011,-37.970259727627,-6.57289294738912,0.651788528644334,"sintetico_postestratificado",FALSE,0.418630696897323,"sintetico_postestratificado",FALSE,FALSE,FALSE,"30","099","Maltrata"
2227,-22.9359161664886,-36.6976041148407,-8.18876214932192,0.650795629481107,"muestra_directa",TRUE,0.42143646781622,"muestra_directa",TRUE,TRUE,TRUE,"30","105","Medellín de Bravo"
2228,-23.1894573455652,-38.0974722848422,-6.8149592658824,0.606622306402644,"sintetico_postestratificado",FALSE,0.374727732946991,"sintetico_postestratificado",FALSE,FALSE,FALSE,"30","184","Tlaquilpa"
2229,-26.7322763600009,-41.3224279398283,-11.6351456580866,0.63806418585437,"muestra_directa",TRUE,0.37074142225436,"muestra_directa",TRUE,TRUE,TRUE,"30","175","Tihuatlán"
2230,-23.8491272366453,-38.7691554091385,-7.84314001293068,0.612110957427677,"sintetico_postestratificado",FALSE,0.373619685061224,"sintetico_postestratificado",FALSE,FALSE,FALSE,"30","178","Tlacotalpan"
2231,-28.3696643129208,-42.7757041495016,-11.8684040159141,0.582003671138575,"sintetico_postestratificado",FALSE,0.298307028009367,"sintetico_postestratificado",FALSE,FALSE,FALSE,"30","180","Tlachichilco"
2232,-24.5822366119144,-40.7641611402227,-6.64811657501281,0.605820871145813,"sintetico_postestratificado",FALSE,0.359998505026669,"sintetico_postestratificado",FALSE,FALSE,FALSE,"30","137","Los Reyes"
2233,-24.6440295916872,-40.1211925412964,-8.37778936231672,0.627421948124429,"muestra_directa",TRUE,0.380981652207557,"muestra_directa",TRUE,TRUE,TRUE,"30","196","Yanga"
2234,-24.0656601277122,-40.3206991032579,-6.43988854101704,0.614230731291294,"sintetico_postestratificado",FALSE,0.373574130014172,"sintetico_postestratificado",FALSE,FALSE,FALSE,"30","197","Yecuatla"
2235,-27.3864070413262,-42.2012594204305,-11.9014577283159,0.602436719258112,"sintetico_postestratificado",FALSE,0.328572648844851,"sintetico_postestratificado",FALSE,FALSE,FALSE,"30","198","Zacualpan"
2236,-23.7521081865061,-39.8947553120045,-7.23304740774385,0.633633203664912,"sintetico_postestratificado",FALSE,0.396112121799851,"sintetico_postestratificado",FALSE,FALSE,FALSE,"30","139","Saltabarranca"
2237,-23.7650297864954,-39.9557453840283,-6.38861460168293,0.628256032183773,"sintetico_postestratificado",FALSE,0.390605734318819,"sintetico_postestratificado",FALSE,FALSE,FALSE,"30","186","Tomatlán"
2238,-24.6005408844846,-38.717774021339,-8.979618239262,0.583177824557272,"sintetico_postestratificado",FALSE,0.337172415712426,"sintetico_postestratificado",FALSE,FALSE,FALSE,"30","200","Zentla"
2239,-27.6592246861662,-41.151804889938,-13.3165144368729,0.592705014453451,"sintetico_postestratificado",FALSE,0.316112767591789,"sintetico_postestratificado",FALSE,FALSE,FALSE,"30","202","Zontecomatlán de López y Fuentes"
2240,-24.026544989896,-38.8929548094241,-10.0745671513302,0.629514765036266,"sintetico_postestratificado",FALSE,0.389249315137307,"sintetico_postestratificado",FALSE,FALSE,FALSE,"30","204","Agua Dulce"
2241,-22.944632699018,-38.0507551810949,-4.85060828476458,0.629824763688552,"sintetico_postestratificado",FALSE,0.400378436698371,"sintetico_postestratificado",FALSE,FALSE,FALSE,"30","207","Tres Valles"
2242,-24.6951484741318,-40.5493201218942,-8.01142199801459,0.62335995405857,"sintetico_postestratificado",FALSE,0.376408469317253,"sintetico_postestratificado",FALSE,FALSE,FALSE,"30","208","Carlos A. Carrillo"
2243,-25.5647839696937,-40.4158549222399,-10.2310342297021,0.63639275668177,"muestra_directa",TRUE,0.380744916984833,"muestra_directa",TRUE,TRUE,TRUE,"30","201","Zongolica"
2244,-24.2401073940331,-39.6568687972993,-6.59586220795716,0.653715476467132,"sintetico_postestratificado",FALSE,0.411314402526801,"sintetico_postestratificado",FALSE,FALSE,FALSE,"30","181","Tlalixcoyan"
2245,-24.0773397910811,-40.2959709502675,-5.73604381372435,0.642731119168255,"sintetico_postestratificado",FALSE,0.401957721257444,"sintetico_postestratificado",FALSE,FALSE,FALSE,"30","182","Tlalnelhuayocan"
2246,-25.8558715220751,-40.8350286969064,-10.0704905077294,0.604910655071983,"sintetico_postestratificado",FALSE,0.346351939851232,"sintetico_postestratificado",FALSE,FALSE,FALSE,"30","183","Tlapacoyan"
2247,-28.7623573053606,-43.6081667719589,-13.1893334214723,0.62099762378472,"sintetico_postestratificado",FALSE,0.333374050731114,"sintetico_postestratificado",FALSE,FALSE,FALSE,"30","076","Ilamatlán"
2248,-24.92497795985,-39.9980006318467,-9.35717367109883,0.611666307065656,"sintetico_postestratificado",FALSE,0.362416527467156,"sintetico_postestratificado",FALSE,FALSE,FALSE,"30","077","Isla"
2249,-25.675155342119,-40.669714217817,-10.1800163487106,0.619493955810336,"sintetico_postestratificado",FALSE,0.362742402389147,"sintetico_postestratificado",FALSE,FALSE,FALSE,"30","080","Ixhuatlán del Café"
2250,-26.0855982367073,-41.7768793515395,-8.25076185059458,0.616414273309308,"muestra_directa",TRUE,0.355558290942235,"muestra_directa",TRUE,TRUE,TRUE,"30","081","Ixhuatlancillo"
2251,-25.8860757747291,-41.6471100950596,-9.07200305600272,0.604230323407154,"sintetico_postestratificado",FALSE,0.345369565659863,"sintetico_postestratificado",FALSE,FALSE,FALSE,"30","082","Ixhuatlán del Sureste"
2252,-29.334523327282,-42.7786440634844,-14.1685086008183,0.581418424383958,"sintetico_postestratificado",FALSE,0.288073191111138,"sintetico_postestratificado",FALSE,FALSE,FALSE,"30","083","Ixhuatlán de Madero"
2253,-23.8968763975265,-39.1211306466146,-8.43633946058148,0.592254647713525,"sintetico_postestratificado",FALSE,0.35328588373826,"sintetico_postestratificado",FALSE,FALSE,FALSE,"30","084","Ixmatlahuacan"
2254,-25.422794271034,-41.4302950965829,-9.1182897922413,0.593396478211447,"sintetico_postestratificado",FALSE,0.339168535501107,"sintetico_postestratificado",FALSE,FALSE,FALSE,"30","085","Ixtaczoquitlán"
2255,-24.8030470058894,-40.6012788948207,-7.94060844740959,0.582710363668687,"sintetico_postestratificado",FALSE,0.334679893609793,"sintetico_postestratificado",FALSE,FALSE,FALSE,"30","086","Jalacingo"
2256,-24.4752027608156,-41.1449361549547,-7.08292632079456,0.599804609727031,"sintetico_postestratificado",FALSE,0.355052582118875,"sintetico_postestratificado",FALSE,FALSE,FALSE,"30","088","Jalcomulco"
2257,-24.1586120127687,-39.1020865924126,-8.02813470964946,0.611699415169112,"sintetico_postestratificado",FALSE,0.370113295041424,"sintetico_postestratificado",FALSE,FALSE,FALSE,"30","089","Jáltipan"
2258,-23.068788525075,-39.5782183414871,-5.76174666340041,0.618653120253701,"sintetico_postestratificado",FALSE,0.387965235002952,"sintetico_postestratificado",FALSE,FALSE,FALSE,"30","090","Jamapa"
2259,-24.3285107560387,-38.6923420459256,-7.36394129694937,0.569725518927637,"sintetico_postestratificado",FALSE,0.32644041136725,"sintetico_postestratificado",FALSE,FALSE,FALSE,"30","091","Jesús Carranza"
2260,-25.0705582046821,-40.3155839729286,-8.41426163028125,0.581133572725797,"sintetico_postestratificado",FALSE,0.330427990678977,"sintetico_postestratificado",FALSE,FALSE,FALSE,"30","092","Xico"
2261,-24.9076149388361,-39.6041152575431,-8.7868367457055,0.590303416212348,"sintetico_postestratificado",FALSE,0.341227266823988,"sintetico_postestratificado",FALSE,FALSE,FALSE,"30","041","Coetzala"
2262,-24.0047072602835,-38.314991349894,-8.28781808722857,0.604956086414661,"sintetico_postestratificado",FALSE,0.364909013811825,"sintetico_postestratificado",FALSE,FALSE,FALSE,"30","053","Cuitláhuac"
2263,-23.5887611198945,-38.4454161273006,-5.8632270981833,0.586240818777053,"sintetico_postestratificado",FALSE,0.350353207578109,"sintetico_postestratificado",FALSE,FALSE,FALSE,"30","054","Chacaltianguis"
2264,-28.4004235563318,-43.3189117919968,-13.482357853119,0.580899450241061,"sintetico_postestratificado",FALSE,0.296895214677742,"sintetico_postestratificado",FALSE,FALSE,FALSE,"30","055","Chalma"
2265,-27.3715202390248,-42.4034899295625,-10.8180243082126,0.622405888350265,"sintetico_postestratificado",FALSE,0.348690685960016,"sintetico_postestratificado",FALSE,FALSE,FALSE,"30","056","Chiconamel"
2266,-23.7729812776786,-39.4883991524403,-5.34825488765736,0.592395682334254,"sintetico_postestratificado",FALSE,0.354665869557468,"sintetico_postestratificado",FALSE,FALSE,FALSE,"30","057","Chiconquiaco"
2267,-28.2415370733524,-42.9583128550076,-13.1214726550373,0.583401236650491,"sintetico_postestratificado",FALSE,0.300985865916967,"sintetico_postestratificado",FALSE,FALSE,FALSE,"30","058","Chicontepec"
2268,-28.4031580754828,-44.4711307232666,-11.3281550887979,0.603446726591578,"sintetico_postestratificado",FALSE,0.31941514583675,"sintetico_postestratificado",FALSE,FALSE,FALSE,"30","060","Chinampa de Gorostiza"
2269,-24.8668895082099,-39.3333651846243,-9.61451627397737,0.579133394186707,"sintetico_postestratificado",FALSE,0.330464499104608,"sintetico_postestratificado",FALSE,FALSE,FALSE,"30","061","Las Choapas"
2270,-24.9195554491823,-40.1997240704901,-8.58092515969363,0.594325422391656,"sintetico_postestratificado",FALSE,0.345129867899833,"sintetico_postestratificado",FALSE,FALSE,FALSE,"30","062","Chocamán"
2271,-28.7537409638307,-43.1266577083648,-12.2056304185418,0.56313719350046,"sintetico_postestratificado",FALSE,0.275599783862153,"sintetico_postestratificado",FALSE,FALSE,FALSE,"30","063","Chontla"
2272,-23.9736479862875,-38.1593733819338,-7.0516200156377,0.609137140131142,"sintetico_postestratificado",FALSE,0.369400660268267,"sintetico_postestratificado",FALSE,FALSE,FALSE,"30","093","Jilotepec"
2273,-23.8948380076511,-38.8007825037857,-6.2650203503607,0.584199442550306,"sintetico_postestratificado",FALSE,0.345251062473795,"sintetico_postestratificado",FALSE,FALSE,FALSE,"30","094","Juan Rodríguez Clara"
2274,-24.6427456371582,-41.1574011306933,-7.53832404220078,0.579930836128134,"sintetico_postestratificado",FALSE,0.333503379756552,"sintetico_postestratificado",FALSE,FALSE,FALSE,"30","095","Juchique de Ferrer"
2275,-23.8753366553918,-39.6509245527606,-3.99556291651862,0.591690165294194,"sintetico_postestratificado",FALSE,0.352936798740276,"sintetico_postestratificado",FALSE,FALSE,FALSE,"30","096","Landero y Coss"
2276,-25.0147075772226,-40.8639271866957,-7.30564297172719,0.574672867027513,"sintetico_postestratificado",FALSE,0.324525791255287,"sintetico_postestratificado",FALSE,FALSE,FALSE,"30","104","Mecayapan"
2277,-24.0669620158785,-39.5762841730485,-6.37493552101765,0.639291842538614,"muestra_directa",TRUE,0.398622222379828,"muestra_directa",TRUE,TRUE,TRUE,"30","118","Orizaba"
2278,-23.3783230877587,-39.5250422849732,-5.69003162883419,0.613928538555551,"sintetico_postestratificado",FALSE,0.380145307677963,"sintetico_postestratificado",FALSE,FALSE,FALSE,"30","119","Otatitlán"
2279,-28.237446787958,-42.1921685360351,-13.7161539215952,0.608425563104435,"sintetico_postestratificado",FALSE,0.326051095224855,"sintetico_postestratificado",FALSE,FALSE,FALSE,"30","121","Ozuluama de Mascareñas"
2280,-28.5134404196313,-41.1189994644838,-15.3591455224695,0.636935715896817,"muestra_directa",FALSE,0.351801311700504,"muestra_directa",FALSE,TRUE,FALSE,"30","123","Pánuco"
2281,-25.0632629623805,-37.7326121493529,-10.2225548056777,0.641270207973124,"muestra_directa",TRUE,0.390637578349319,"muestra_directa",TRUE,TRUE,TRUE,"30","124","Papantla"
2282,-25.071318573513,-39.578992924493,-7.48039144799098,0.606546716703813,"sintetico_postestratificado",FALSE,0.355833530968683,"sintetico_postestratificado",FALSE,FALSE,FALSE,"30","125","Paso del Macho"
2283,-27.9955655542348,-42.2058602430166,-11.8596525980499,0.641270736223818,"sintetico_postestratificado",FALSE,0.361315080681471,"sintetico_postestratificado",FALSE,FALSE,FALSE,"30","129","Platón Sánchez"
2284,-25.0247676972915,-39.2524692364345,-10.0923976513246,0.617461345175807,"sintetico_postestratificado",FALSE,0.367213668202893,"sintetico_postestratificado",FALSE,FALSE,FALSE,"30","130","Playa Vicente"
2285,-25.3330206858551,-42.3697265081525,-8.32370997641994,0.614819462170864,"sintetico_postestratificado",FALSE,0.361489255312313,"sintetico_postestratificado",FALSE,FALSE,FALSE,"30","122","Pajapan"
2286,-25.8575160891585,-41.0432214382517,-10.0985070500248,0.590578262536912,"sintetico_postestratificado",FALSE,0.332003101645327,"sintetico_postestratificado",FALSE,FALSE,FALSE,"30","132","Las Vigas de Ramírez"
2287,-28.1283659593921,-43.9513483451489,-11.0486703310141,0.616197685278268,"sintetico_postestratificado",FALSE,0.334914025684347,"sintetico_postestratificado",FALSE,FALSE,FALSE,"30","133","Pueblo Viejo"
2288,-26.0245287608283,-40.6437318353769,-10.6866132113277,0.603625871942109,"muestra_directa",TRUE,0.343380584333826,"muestra_directa",TRUE,TRUE,TRUE,"30","134","Puente Nacional"
2289,-24.0655411145373,-38.6031580635267,-7.17866397223835,0.601082241905881,"sintetico_postestratificado",FALSE,0.360426830760508,"sintetico_postestratificado",FALSE,FALSE,FALSE,"30","135","Rafael Delgado"
2290,-22.5903869931096,-37.4779288612121,-5.24606056247901,0.682378423672631,"sintetico_postestratificado",FALSE,0.456474553741534,"sintetico_postestratificado",FALSE,FALSE,FALSE,"30","106","Miahuatlán"
2291,-23.0750986637196,-37.3431094969833,-7.82830979750432,0.672352781107638,"muestra_directa",TRUE,0.441601794470443,"muestra_directa",TRUE,TRUE,TRUE,"30","102","Martínez de la Torre"
2292,-26.0406806563017,-42.2812612534266,-9.67733008413939,0.696165561067012,"sintetico_postestratificado",FALSE,0.435758754503995,"sintetico_postestratificado",FALSE,FALSE,FALSE,"30","170","Texcatepec"
2293,-25.337119444699,-40.6958181552577,-8.9115011287153,0.644673871611295,"sintetico_postestratificado",FALSE,0.391302677164305,"sintetico_postestratificado",FALSE,FALSE,FALSE,"30","171","Texhuacán"
2294,-24.5786638496211,-41.0451045608938,-8.79455884496536,0.658625342571651,"sintetico_postestratificado",FALSE,0.41283870407544,"sintetico_postestratificado",FALSE,FALSE,FALSE,"30","172","Texistepec"
2295,-23.1472146693647,-37.7121524435982,-9.42518436230808,0.681515551022208,"sintetico_postestratificado",FALSE,0.450043404328561,"sintetico_postestratificado",FALSE,FALSE,FALSE,"30","174","Tierra Blanca"
2296,-23.8112844229502,-39.1169462225148,-5.35762668045738,0.595800233921058,"sintetico_postestratificado",FALSE,0.357687389691556,"sintetico_postestratificado",FALSE,FALSE,FALSE,"30","176","Tlacojalpan"
2297,-24.6910739629964,-40.439159030992,-6.5706136690522,0.56112408362834,"sintetico_postestratificado",FALSE,0.314213343998377,"sintetico_postestratificado",FALSE,FALSE,FALSE,"30","179","Tlacotepec de Mejía"
2298,-23.7204853484554,-38.7568097629608,-7.79743237842709,0.621565076579842,"muestra_directa",TRUE,0.384360223095287,"muestra_directa",TRUE,TRUE,TRUE,"30","177","Tlacolulan"
2299,-23.7606524473156,-39.1738106301097,-7.41036588729105,0.630149440398195,"muestra_directa",TRUE,0.392542915925039,"muestra_directa",TRUE,TRUE,TRUE,"30","193","Veracruz"
2300,-24.727897965135,-40.1165022440109,-6.67037209669569,0.576161030633907,"sintetico_postestratificado",FALSE,0.328882050982557,"sintetico_postestratificado",FALSE,FALSE,FALSE,"30","143","Santiago Tuxtla"
2301,-24.8377501699817,-40.454956293165,-8.63162181153713,0.61828274860019,"sintetico_postestratificado",FALSE,0.369905246900374,"sintetico_postestratificado",FALSE,FALSE,FALSE,"30","144","Sayula de Alemán"
2302,-25.0653605579937,-39.2052800892726,-9.36960985131185,0.598122362826009,"sintetico_postestratificado",FALSE,0.347468757246071,"sintetico_postestratificado",FALSE,FALSE,FALSE,"30","142","San Juan Evangelista"
2303,-31.1907106098284,-46.1965206659417,-15.6267662187992,0.589384769276935,"muestra_directa",TRUE,0.277477663178651,"muestra_directa",TRUE,TRUE,TRUE,"30","151","Tamiahua"
2304,-28.3810113189926,-44.0066399901381,-11.9989122033765,0.622816812804989,"sintetico_postestratificado",FALSE,0.339006699615064,"sintetico_postestratificado",FALSE,FALSE,FALSE,"30","152","Tampico Alto"
2305,-27.9138650755331,-43.6159053175494,-11.7410927445972,0.674397582096772,"sintetico_postestratificado",FALSE,0.395258931341441,"sintetico_postestratificado",FALSE,FALSE,FALSE,"30","153","Tancoco"
2306,-28.1595620896094,-42.8383706303051,-11.709924431592,0.657902360749474,"sintetico_postestratificado",FALSE,0.376306739853379,"sintetico_postestratificado",FALSE,FALSE,FALSE,"30","154","Tantima"
2307,-25.9148873410773,-40.6180154771824,-11.4475602739063,0.671045384816907,"muestra_directa",TRUE,0.411896511406135,"muestra_directa",TRUE,TRUE,TRUE,"30","155","Tantoyuca"
2308,-22.7743455326566,-38.8486998331595,-6.66329464561056,0.694269711650684,"sintetico_postestratificado",FALSE,0.466526256324118,"sintetico_postestratificado",FALSE,FALSE,FALSE,"30","156","Tatatila"
2309,-27.4597746938827,-42.8372525789221,-9.29783758581876,0.654766302914109,"sintetico_postestratificado",FALSE,0.380168555975281,"sintetico_postestratificado",FALSE,FALSE,FALSE,"30","157","Castillo de Teayo"
2310,-24.1551418949324,-40.5816409228344,-7.85862785811478,0.681786438430612,"sintetico_postestratificado",FALSE,0.440235019481287,"sintetico_postestratificado",FALSE,FALSE,FALSE,"30","158","Tecolutla"
2311,-24.3984613581824,-39.0631077369838,-8.50018964929345,0.582733430672927,"muestra_directa",TRUE,0.338748817091103,"muestra_directa",TRUE,TRUE,TRUE,"30","159","Tehuipango"
2312,-28.6180104696174,-42.3905941852827,-11.0159548525711,0.603091794081321,"sintetico_postestratificado",FALSE,0.316911689385146,"sintetico_postestratificado",FALSE,FALSE,FALSE,"30","160","Álamo Temapache"
2313,-26.9063071737734,-40.054270734478,-12.6575077286483,0.632397574896463,"sintetico_postestratificado",FALSE,0.363334503158729,"sintetico_postestratificado",FALSE,FALSE,FALSE,"30","161","Tempoal"
2314,-30.400505962966,-44.2655109908881,-15.3252223825937,0.595105281616078,"muestra_directa",FALSE,0.291100221986418,"muestra_directa",FALSE,TRUE,FALSE,"30","167","Tepetzintla"
2315,-24.9076022846003,-41.1074694042808,-6.56165901255195,0.58130848559297,"sintetico_postestratificado",FALSE,0.332232462746967,"sintetico_postestratificado",FALSE,FALSE,FALSE,"31","009","Cansahcab"
2316,-25.1183124966905,-40.9598375063642,-8.84919712031345,0.599911853614951,"sintetico_postestratificado",FALSE,0.348728728648045,"sintetico_postestratificado",FALSE,FALSE,FALSE,"31","007","Cacalchén"
2317,-24.4214004120038,-40.9969163466064,-7.22723816988873,0.565636984567232,"sintetico_postestratificado",FALSE,0.321422980447194,"sintetico_postestratificado",FALSE,FALSE,FALSE,"31","019","Chemax"
2318,-22.8584415735841,-39.2166771295907,-6.76846756643381,0.609534936711043,"muestra_directa",TRUE,0.380950520975202,"muestra_directa",TRUE,TRUE,TRUE,"31","101","Umán"
2319,-24.7600472496914,-41.2822654193124,-5.93488977310324,0.62323666752574,"sintetico_postestratificado",FALSE,0.375636195028826,"sintetico_postestratificado",FALSE,FALSE,FALSE,"31","106","Yobaín"
2320,-25.6379075104586,-41.112590484825,-7.64527000562455,0.55057677748854,"sintetico_postestratificado",FALSE,0.294197702383954,"sintetico_postestratificado",FALSE,FALSE,FALSE,"31","105","Yaxkukul"
2321,-25.3256012391952,-41.5229037842712,-7.96744192421306,0.584031555464554,"sintetico_postestratificado",FALSE,0.330775543072602,"sintetico_postestratificado",FALSE,FALSE,FALSE,"31","103","Xocchel"
2322,-24.6890664510731,-39.9357197154602,-8.6882381686642,0.541903116579154,"sintetico_postestratificado",FALSE,0.295012452068423,"sintetico_postestratificado",FALSE,FALSE,FALSE,"31","097","Tunkás"
2323,-24.8237359790444,-39.2010428778681,-8.05351386042709,0.570442649345209,"sintetico_postestratificado",FALSE,0.322205289554766,"sintetico_postestratificado",FALSE,FALSE,FALSE,"31","095","Tixpéhual"
2324,-24.0275507202107,-39.2950200094872,-7.16278613727854,0.554253267484424,"sintetico_postestratificado",FALSE,0.313977760282318,"sintetico_postestratificado",FALSE,FALSE,FALSE,"31","081","Tekom"
2325,-23.8866472159084,-39.2691625103019,-6.07185331078492,0.523712616813294,"sintetico_postestratificado",FALSE,0.28484614465421,"sintetico_postestratificado",FALSE,FALSE,FALSE,"31","090","Timucuy"
2326,-25.3782761877375,-42.7080458379579,-6.65381770850336,0.567781275584637,"sintetico_postestratificado",FALSE,0.313998513707262,"sintetico_postestratificado",FALSE,FALSE,FALSE,"31","088","Teya"
2327,-22.8065572534005,-40.8853222160349,-3.5885844881868,0.603090510636841,"sintetico_postestratificado",FALSE,0.375024938102836,"sintetico_postestratificado",FALSE,FALSE,FALSE,"31","087","Tetiz"
2328,-25.2346592204862,-40.0370361504867,-9.64288441759945,0.565821535792937,"sintetico_postestratificado",FALSE,0.313474943588075,"sintetico_postestratificado",FALSE,FALSE,FALSE,"31","066","Santa Elena"
2329,-25.9601714120902,-42.3035052068115,-9.19131340651162,0.578102933872476,"sintetico_postestratificado",FALSE,0.318501219751573,"sintetico_postestratificado",FALSE,FALSE,FALSE,"31","086","Tepakán"
2330,-25.0300969479878,-41.8737732595141,-6.57786165223659,0.548010338984627,"sintetico_postestratificado",FALSE,0.297709369504749,"sintetico_postestratificado",FALSE,FALSE,FALSE,"31","083","Telchac Puerto"
2331,-25.9518576694604,-42.8737916681478,-8.12699485476135,0.532600267590123,"sintetico_postestratificado",FALSE,0.273081690895519,"sintetico_postestratificado",FALSE,FALSE,FALSE,"31","082","Telchac Pueblo"
2332,-25.4438698544275,-41.1894083554129,-6.61966775671577,0.543685468543869,"sintetico_postestratificado",FALSE,0.289246769999594,"sintetico_postestratificado",FALSE,FALSE,FALSE,"31","080","Tekit"
2333,-24.025318925906,-39.5279201966599,-8.07135831335423,0.533997632516051,"muestra_directa",TRUE,0.293744443256992,"muestra_directa",TRUE,TRUE,TRUE,"31","102","Valladolid"
2334,-25.5328911480635,-40.5366917587739,-7.18180403094508,0.550214548002312,"sintetico_postestratificado",FALSE,0.294885636521677,"sintetico_postestratificado",FALSE,FALSE,FALSE,"31","071","Sudzal"
2335,-24.7813810002734,-38.9042688080954,-8.4000556295499,0.552309630096324,"muestra_directa",TRUE,0.30449582009359,"muestra_directa",TRUE,TRUE,TRUE,"31","069","Sotuta"
2336,-25.4687721483015,-41.9134122439768,-7.27033463135856,0.521141793503113,"sintetico_postestratificado",FALSE,0.266454072020098,"sintetico_postestratificado",FALSE,FALSE,FALSE,"31","078","Tekantó"
2337,-24.195494270902,-39.9636512838306,-5.30735384138293,0.530347904122181,"sintetico_postestratificado",FALSE,0.288392961413161,"sintetico_postestratificado",FALSE,FALSE,FALSE,"31","037","Huhí"
2338,-25.6411649599061,-42.8799607028485,-7.38575807064503,0.549258045659433,"sintetico_postestratificado",FALSE,0.292846396060372,"sintetico_postestratificado",FALSE,FALSE,FALSE,"31","027","Dzidzantún"
2339,-24.3558668417285,-40.1032791457857,-7.53140419346164,0.602591449684854,"sintetico_postestratificado",FALSE,0.359032781267569,"sintetico_postestratificado",FALSE,FALSE,FALSE,"31","058","Peto"
2340,-23.4763492888185,-38.5044158785293,-6.09345222093199,0.595604951946369,"sintetico_postestratificado",FALSE,0.360841459058183,"sintetico_postestratificado",FALSE,FALSE,FALSE,"31","055","Opichén"
2341,-23.9864173615587,-38.9692138073493,-7.65232231477605,0.552048374188052,"sintetico_postestratificado",FALSE,0.312184200572464,"sintetico_postestratificado",FALSE,FALSE,FALSE,"31","036","Homún"
2342,-25.8303574005219,-41.5451367607403,-10.1983778890341,0.564977660564659,"sintetico_postestratificado",FALSE,0.306674086559441,"sintetico_postestratificado",FALSE,FALSE,FALSE,"31","032","Espita"
2343,-24.3313417278372,-39.8076685116569,-8.52107636305998,0.549647665359779,"sintetico_postestratificado",FALSE,0.306334248081407,"sintetico_postestratificado",FALSE,FALSE,FALSE,"31","077","Tekal de Venegas"
2344,-24.8763316702683,-41.3934348749487,-7.01985280310717,0.522813361343904,"sintetico_postestratificado",FALSE,0.274050044641221,"sintetico_postestratificado",FALSE,FALSE,FALSE,"31","074","Tahmek"
2345,-25.6198350514726,-42.3128970966359,-7.05232533686895,0.558182365502218,"sintetico_postestratificado",FALSE,0.301984014987491,"sintetico_postestratificado",FALSE,FALSE,FALSE,"31","026","Dzemul"
2346,-25.0202147552052,-40.0904534916295,-8.71501276605481,0.582814471322423,"sintetico_postestratificado",FALSE,0.33261232377037,"sintetico_postestratificado",FALSE,FALSE,FALSE,"31","025","Dzan"
2347,-24.4471987081034,-40.0918706542805,-7.5730039114424,0.583961434793189,"sintetico_postestratificado",FALSE,0.339489447712155,"sintetico_postestratificado",FALSE,FALSE,FALSE,"31","001","Abalá"
2348,-25.8183273507595,-39.2542014219042,-11.9111648205343,0.549531620025674,"muestra_directa",FALSE,0.291348346518079,"muestra_directa",FALSE,TRUE,FALSE,"31","050","Mérida"
2349,-24.1486296898158,-39.2964722554023,-7.68943664628205,0.570499823893593,"muestra_directa",TRUE,0.329013526995435,"muestra_directa",TRUE,TRUE,TRUE,"31","023","Chocholá"
2350,-24.1885307867498,-39.5164023792186,-7.63011588249708,0.538720163496781,"sintetico_postestratificado",FALSE,0.296834855629283,"sintetico_postestratificado",FALSE,FALSE,FALSE,"31","035","Hoctún"
2351,-24.2197339548621,-39.7906244426171,-6.65251677659856,0.566152042119693,"sintetico_postestratificado",FALSE,0.323954702571072,"sintetico_postestratificado",FALSE,FALSE,FALSE,"31","034","Hocabá"
2352,-24.6556797400506,-40.2604733191145,-6.7171035553642,0.595327244374,"sintetico_postestratificado",FALSE,0.348770446973494,"sintetico_postestratificado",FALSE,FALSE,FALSE,"31","016","Chacsinkín"
2353,-24.1058134430832,-39.8500350943687,-6.55276974350423,0.597300453435502,"sintetico_postestratificado",FALSE,0.35624231900467,"sintetico_postestratificado",FALSE,FALSE,FALSE,"31","015","Cuzamá"
2354,-25.0758704978882,-40.6936782966656,-7.53179778704729,0.590804222560787,"sintetico_postestratificado",FALSE,0.340045517581905,"sintetico_postestratificado",FALSE,FALSE,FALSE,"31","013","Conkal"
2355,-24.9867657104991,-40.2840863621361,-6.38495794207225,0.56364335510649,"sintetico_postestratificado",FALSE,0.313775698001499,"sintetico_postestratificado",FALSE,FALSE,FALSE,"31","049","Mayapán"
2356,-25.5981805349888,-43.4758102541028,-5.38739921446,0.566677242775677,"sintetico_postestratificado",FALSE,0.310695437425789,"sintetico_postestratificado",FALSE,FALSE,FALSE,"31","065","San Felipe"
2357,-24.3443572861612,-40.6932116311003,-6.06086071216827,0.515698730450559,"sintetico_postestratificado",FALSE,0.272255157588947,"sintetico_postestratificado",FALSE,FALSE,FALSE,"31","064","Sanahcat"
2358,-24.5584379776927,-39.5623755809872,-6.24091623998139,0.546435552808309,"sintetico_postestratificado",FALSE,0.300851173031382,"sintetico_postestratificado",FALSE,FALSE,FALSE,"31","073","Tahdziú"
2359,-25.3308744743354,-41.7559812935509,-6.29795304231385,0.577660337993333,"sintetico_postestratificado",FALSE,0.324351593249979,"sintetico_postestratificado",FALSE,FALSE,FALSE,"31","072","Suma"
2360,-24.3002982749636,-38.644011413183,-7.64695037540581,0.532324070098925,"sintetico_postestratificado",FALSE,0.289321087349288,"sintetico_postestratificado",FALSE,FALSE,FALSE,"31","093","Tixkokob"
2361,-24.4206979522507,-42.0349638607893,-3.69829534540223,0.557225858662064,"sintetico_postestratificado",FALSE,0.313018879139557,"sintetico_postestratificado",FALSE,FALSE,FALSE,"31","061","Río Lagartos"
2362,-23.8980945347482,-39.1375680449756,-6.90909331930305,0.57196145365704,"sintetico_postestratificado",FALSE,0.332980508309557,"sintetico_postestratificado",FALSE,FALSE,FALSE,"31","014","Cuncunul"
2363,-24.1414611416873,-39.5324826945496,-7.57498913100239,0.585299993899468,"muestra_directa",TRUE,0.343885382482595,"muestra_directa",TRUE,TRUE,TRUE,"31","089","Ticul"
2364,-24.630348436443,-40.638356249091,-7.25601857848961,0.553971886919721,"sintetico_postestratificado",FALSE,0.307668402555291,"sintetico_postestratificado",FALSE,FALSE,FALSE,"31","070","Sucilá"
2365,-25.0241189229518,-42.3234059961541,-6.18378146800917,0.621310695679596,"muestra_directa",TRUE,0.371069506450078,"muestra_directa",TRUE,TRUE,TRUE,"31","068","Sinanché"
2366,-24.1908964807852,-40.8485920321591,-5.8943360998366,0.641714073554053,"sintetico_postestratificado",FALSE,0.399805108746201,"sintetico_postestratificado",FALSE,FALSE,FALSE,"31","012","Cenotillo"
2367,-24.5919706545877,-40.2931892793944,-7.53129264749075,0.587129563919358,"sintetico_postestratificado",FALSE,0.341209857373482,"sintetico_postestratificado",FALSE,FALSE,FALSE,"31","010","Cantamayec"
2368,-24.3215012453424,-39.7531693337267,-6.30241313939262,0.564251705987769,"sintetico_postestratificado",FALSE,0.321036693534345,"sintetico_postestratificado",FALSE,FALSE,FALSE,"31","002","Acanceh"
2369,-24.2850846865727,-39.5764524503327,-5.609481042034,0.575521099235428,"sintetico_postestratificado",FALSE,0.332670252369702,"sintetico_postestratificado",FALSE,FALSE,FALSE,"31","063","Samahil"
2370,-24.2122035446673,-40.9411850536524,-5.34923457070588,0.59201207913686,"sintetico_postestratificado",FALSE,0.349890043690188,"sintetico_postestratificado",FALSE,FALSE,FALSE,"31","060","Quintana Roo"
2371,-25.554347565323,-41.3519840555392,-8.21647800537165,0.574673330774496,"sintetico_postestratificado",FALSE,0.319129855121266,"sintetico_postestratificado",FALSE,FALSE,FALSE,"31","054","Muxupip"
2372,-23.9334323922108,-39.0416138752955,-5.06900923973879,0.560234581905667,"sintetico_postestratificado",FALSE,0.320900257983559,"sintetico_postestratificado",FALSE,FALSE,FALSE,"31","053","Muna"
2373,-24.3558177203861,-38.922711755539,-5.41392528354547,0.560987585722963,"sintetico_postestratificado",FALSE,0.317429408519102,"sintetico_postestratificado",FALSE,FALSE,FALSE,"31","076","Tecoh"
2374,-25.9106665608852,-40.6373574788865,-8.80775036753281,0.552949119614735,"muestra_directa",TRUE,0.293842454005884,"muestra_directa",TRUE,TRUE,TRUE,"31","098","Tzucacab"
2375,-23.6031787916739,-39.0433669661801,-7.14020327747574,0.612885608488984,"sintetico_postestratificado",FALSE,0.376853820572246,"sintetico_postestratificado",FALSE,FALSE,FALSE,"31","042","Kantunil"
2376,-26.0117815851877,-42.2921677597273,-9.6156055718222,0.595236584525926,"muestra_directa",TRUE,0.335118768674049,"muestra_directa",TRUE,TRUE,TRUE,"31","052","Motul"
2377,-24.7877750136407,-40.8731819208792,-7.76573443564465,0.58927934136523,"sintetico_postestratificado",FALSE,0.341401591228823,"sintetico_postestratificado",FALSE,FALSE,FALSE,"31","006","Buctzotz"
2378,-24.8657955251451,-39.6544329515365,-8.90653387951201,0.615752844829776,"muestra_directa",TRUE,0.367094889578325,"muestra_directa",TRUE,TRUE,TRUE,"31","056","Oxkutzcab"
2379,-25.2002128886784,-42.634488980974,-7.47470721839726,0.620366589061632,"sintetico_postestratificado",FALSE,0.368364460174848,"sintetico_postestratificado",FALSE,FALSE,FALSE,"31","057","Panabá"
2380,-25.5054805110559,-43.0945673837586,-7.21021207873973,0.527260253965355,"sintetico_postestratificado",FALSE,0.272205448854796,"sintetico_postestratificado",FALSE,FALSE,FALSE,"31","028","Dzilam de Bravo"
2381,-24.4710551542589,-39.5673010341658,-7.93310297521432,0.545279532715461,"sintetico_postestratificado",FALSE,0.300568981172873,"sintetico_postestratificado",FALSE,FALSE,FALSE,"31","062","Sacalum"
2382,-23.4144361491984,-40.0802693779684,-4.95621773770136,0.547388707004646,"sintetico_postestratificado",FALSE,0.313244345512662,"sintetico_postestratificado",FALSE,FALSE,FALSE,"31","051","Mocochá"
2383,-25.2769833521637,-40.571166089177,-9.15491065798667,0.550199960554199,"muestra_directa",TRUE,0.297430127032562,"muestra_directa",TRUE,TRUE,TRUE,"31","040","Izamal"
2384,-24.7294404221276,-42.0072537116379,-6.47635384490708,0.562915731886653,"sintetico_postestratificado",FALSE,0.315621327665377,"sintetico_postestratificado",FALSE,FALSE,FALSE,"31","085","Temozón"
2385,-24.1024885832718,-38.7563877451577,-6.59823956812571,0.582692203447458,"muestra_directa",TRUE,0.341667317614741,"muestra_directa",TRUE,TRUE,TRUE,"31","104","Yaxcabá"
2386,-24.3306865520036,-39.6736342750583,-5.82835640619762,0.553929043338581,"sintetico_postestratificado",FALSE,0.310622177818545,"sintetico_postestratificado",FALSE,FALSE,FALSE,"31","091","Tinum"
2387,-23.7957913279648,-38.4763923195774,-6.61407949165875,0.583480230293183,"muestra_directa",TRUE,0.345522317013536,"muestra_directa",TRUE,TRUE,TRUE,"31","048","Maxcanú"
2388,-24.087377825649,-39.4817891344535,-6.60754474714734,0.551597472991883,"sintetico_postestratificado",FALSE,0.310723694735393,"sintetico_postestratificado",FALSE,FALSE,FALSE,"31","096","Tizimín"
2389,-24.0193598136123,-39.1456221732955,-6.86109463738417,0.579685102131678,"sintetico_postestratificado",FALSE,0.339491503995555,"sintetico_postestratificado",FALSE,FALSE,FALSE,"31","099","Uayma"
2390,-25.1560670544512,-41.1829557380467,-8.08560010479697,0.548038600028043,"sintetico_postestratificado",FALSE,0.296477929483531,"sintetico_postestratificado",FALSE,FALSE,FALSE,"31","005","Bokobá"
2391,-23.9334624761052,-38.8487687121578,-7.5413323026646,0.545963202969701,"sintetico_postestratificado",FALSE,0.306628578208649,"sintetico_postestratificado",FALSE,FALSE,FALSE,"31","047","Maní"
2392,-25.573438359638,-40.8696646027887,-8.20439996860728,0.554102666091585,"sintetico_postestratificado",FALSE,0.298368282495205,"sintetico_postestratificado",FALSE,FALSE,FALSE,"31","046","Mama"
2393,-24.011835858974,-41.6844591491139,-6.45999632855048,0.536919402124997,"sintetico_postestratificado",FALSE,0.296801043535257,"sintetico_postestratificado",FALSE,FALSE,FALSE,"31","045","Kopomá"
2394,-25.198535223114,-40.7744870933938,-7.13579828014302,0.539499795981766,"sintetico_postestratificado",FALSE,0.287514443750626,"sintetico_postestratificado",FALSE,FALSE,FALSE,"31","044","Kinchil"
2395,-23.636903341882,-40.4203661236385,-6.89993716041793,0.589317725588428,"sintetico_postestratificado",FALSE,0.352948692169608,"sintetico_postestratificado",FALSE,FALSE,FALSE,"31","100","Ucú"
2396,-24.7125533241306,-39.7495329290303,-7.05477911889504,0.546025462088619,"sintetico_postestratificado",FALSE,0.298899928847312,"sintetico_postestratificado",FALSE,FALSE,FALSE,"31","043","Kaua"
2397,-25.1777744847025,-42.0478584549273,-7.2179654465529,0.55941313175303,"sintetico_postestratificado",FALSE,0.307635386906005,"sintetico_postestratificado",FALSE,FALSE,FALSE,"31","020","Chicxulub Pueblo"
2398,-24.0308065013799,-38.7469388943558,-8.23445092214853,0.537852329900994,"sintetico_postestratificado",FALSE,0.297544264887195,"sintetico_postestratificado",FALSE,FALSE,FALSE,"31","067","Seyé"
2399,-24.7343810611468,-41.3745087522671,-6.73466224359921,0.581935840918251,"sintetico_postestratificado",FALSE,0.334592030306784,"sintetico_postestratificado",FALSE,FALSE,FALSE,"31","075","Teabo"
2400,-24.897658035022,-39.6588569883904,-8.4078743555367,0.548479335917777,"sintetico_postestratificado",FALSE,0.299502755567557,"sintetico_postestratificado",FALSE,FALSE,FALSE,"31","004","Baca"
2401,-23.1508147966848,-39.3230016913683,-4.469207601564,0.56133383579753,"sintetico_postestratificado",FALSE,0.329825687830682,"sintetico_postestratificado",FALSE,FALSE,FALSE,"31","003","Akil"
2402,-24.1603589317756,-38.5660837631887,-7.06684537910768,0.55586221087775,"sintetico_postestratificado",FALSE,0.314258621559994,"sintetico_postestratificado",FALSE,FALSE,FALSE,"31","022","Chikindzonot"
2403,-24.1026464809629,-40.7898584000719,-5.61992721882835,0.522130539676921,"sintetico_postestratificado",FALSE,0.281104074867291,"sintetico_postestratificado",FALSE,FALSE,FALSE,"31","033","Halachó"
2404,-23.5345921412016,-38.1246880740396,-7.96454129229856,0.515509299334634,"muestra_directa",TRUE,0.280163377922618,"muestra_directa",TRUE,TRUE,TRUE,"31","079","Tekax"
2405,-22.6942805981083,-39.8788694703244,-5.33496832063664,0.619288108492875,"sintetico_postestratificado",FALSE,0.392345302511792,"sintetico_postestratificado",FALSE,FALSE,FALSE,"31","059","Progreso"
2406,-24.2358040394665,-39.6970612074689,-5.92914401594933,0.513423441419278,"sintetico_postestratificado",FALSE,0.271065401024613,"sintetico_postestratificado",FALSE,FALSE,FALSE,"31","094","Tixméhuac"
2407,-24.5334007290211,-42.2352245774214,-5.20096372240848,0.619108530094724,"sintetico_postestratificado",FALSE,0.373774522804513,"sintetico_postestratificado",FALSE,FALSE,FALSE,"31","084","Temax"
2408,-27.0791971820194,-42.4473644580777,-10.6725637051915,0.568787326695138,"muestra_directa",TRUE,0.297995354874944,"muestra_directa",TRUE,TRUE,TRUE,"31","029","Dzilam González"
2409,-24.0427088363103,-40.2645750060278,-5.68705108364174,0.534005689357813,"muestra_directa",TRUE,0.293578600994709,"muestra_directa",TRUE,TRUE,TRUE,"31","041","Kanasín"
2410,-24.6413046800887,-39.4961930088287,-8.10074812648566,0.540853270542018,"muestra_directa",TRUE,0.29444022374113,"muestra_directa",TRUE,TRUE,TRUE,"31","038","Hunucmá"
2411,-24.9034366793895,-40.2492845213051,-8.57251572554296,0.533808683375011,"sintetico_postestratificado",FALSE,0.284774316581116,"sintetico_postestratificado",FALSE,FALSE,FALSE,"31","030","Dzitás"
2412,-24.8903927496662,-40.7858784856094,-6.73238164234623,0.607393023836003,"sintetico_postestratificado",FALSE,0.358489096339341,"sintetico_postestratificado",FALSE,FALSE,FALSE,"31","021","Chichimilá"
2413,-24.0008795958603,-40.1746487534751,-7.71715712371333,0.60731745868806,"sintetico_postestratificado",FALSE,0.367308662729457,"sintetico_postestratificado",FALSE,FALSE,FALSE,"31","039","Ixil"
2414,-22.8975256630961,-37.8611542269281,-6.20852260693551,0.595499005491978,"muestra_directa",TRUE,0.366523748861017,"muestra_directa",TRUE,TRUE,TRUE,"31","092","Tixcacalcupul"
2415,-23.413696030263,-38.3416177651159,-8.01949421777638,0.542287350918707,"sintetico_postestratificado",FALSE,0.308150390616077,"sintetico_postestratificado",FALSE,FALSE,FALSE,"31","018","Chapab"
2416,-23.2312225394846,-39.2085912923552,-6.95419641736972,0.553978316868594,"sintetico_postestratificado",FALSE,0.321666091473748,"sintetico_postestratificado",FALSE,FALSE,FALSE,"31","017","Chankom"
2417,-23.8252990896335,-38.8534349478408,-6.4821102036347,0.516878043754058,"sintetico_postestratificado",FALSE,0.278625052857723,"sintetico_postestratificado",FALSE,FALSE,FALSE,"31","024","Chumayel"
2418,-24.2593865345043,-41.8217470207099,-3.29685178620008,0.5081801562915,"sintetico_postestratificado",FALSE,0.265586290946458,"sintetico_postestratificado",FALSE,FALSE,FALSE,"31","031","Dzoncauich"
2419,-24.7022701192772,-41.1111855482042,-6.22442292006821,0.579197032940311,"sintetico_postestratificado",FALSE,0.332174331747538,"sintetico_postestratificado",FALSE,FALSE,FALSE,"31","011","Celestún"
2420,-23.409632859097,-40.9147717978375,-4.04865123979778,0.606760373422574,"sintetico_postestratificado",FALSE,0.372664044831604,"sintetico_postestratificado",FALSE,FALSE,FALSE,"31","008","Calotmul"
2421,-27.1900941298406,-43.2440201032263,-11.7499266046189,0.638649576473799,"sintetico_postestratificado",FALSE,0.366748635175393,"sintetico_postestratificado",FALSE,FALSE,FALSE,"32","027","Melchor Ocampo"
2422,-26.5353006949381,-41.1175884300118,-12.5187283767848,0.672768595948543,"muestra_directa",TRUE,0.407415588999162,"muestra_directa",TRUE,TRUE,TRUE,"32","019","Jalpa"
2423,-26.5345377910525,-42.5395673548385,-9.81320468198757,0.672872053558805,"sintetico_postestratificado",FALSE,0.407526675648281,"sintetico_postestratificado",FALSE,FALSE,FALSE,"32","003","Atolinga"
2424,-27.1319420450931,-42.6169771041109,-11.0793694831865,0.646307305819143,"sintetico_postestratificado",FALSE,0.374987885368212,"sintetico_postestratificado",FALSE,FALSE,FALSE,"32","058","Santa María de la Paz"
2425,-27.2346737081824,-40.4698796672331,-14.1054699137085,0.646252071901269,"muestra_directa",TRUE,0.373905334819445,"muestra_directa",TRUE,TRUE,TRUE,"32","036","Ojocaliente"
2426,-26.1357910600962,-40.49153036301,-12.1098456160005,0.661571112170278,"muestra_directa",TRUE,0.400213201569315,"muestra_directa",TRUE,TRUE,TRUE,"32","035","Noria de Ángeles"
2427,-26.173145908456,-39.6147029655422,-11.2842776123341,0.641524757966782,"sintetico_postestratificado",FALSE,0.379793298882223,"sintetico_postestratificado",FALSE,FALSE,FALSE,"32","037","Pánuco"
2428,-28.0509812824032,-42.5833282969992,-12.6272549093606,0.617836379422929,"muestra_directa",TRUE,0.337326566598897,"muestra_directa",TRUE,TRUE,TRUE,"32","040","Sain Alto"
2429,-26.2172211493253,-40.8789042383651,-10.6822886676002,0.620600864629196,"sintetico_postestratificado",FALSE,0.358428653135943,"sintetico_postestratificado",FALSE,FALSE,FALSE,"32","033","Moyahua de Estrada"
2430,-27.0011734575351,-40.734256143034,-13.7807302262202,0.636806422453878,"muestra_directa",TRUE,0.366794687878527,"muestra_directa",TRUE,TRUE,TRUE,"32","020","Jerez"
2431,-26.0840094865114,-38.6874046291549,-13.4233429154822,0.635696033169464,"muestra_directa",FALSE,0.37485593830435,"muestra_directa",FALSE,TRUE,FALSE,"32","010","Fresnillo"
2432,-26.5470739257661,-40.9750422157818,-12.5714566196859,0.658686793783976,"sintetico_postestratificado",FALSE,0.393216054526315,"sintetico_postestratificado",FALSE,FALSE,FALSE,"32","034","Nochistlán de Mejía"
2433,-27.0918641798455,-41.1164799358114,-12.8201163360289,0.645287303842462,"muestra_directa",TRUE,0.374368662044007,"muestra_directa",TRUE,TRUE,TRUE,"32","005","Calera"
2434,-25.5387887518541,-40.0197953057321,-9.58554230192631,0.641482254294332,"sintetico_postestratificado",FALSE,0.386094366775791,"sintetico_postestratificado",FALSE,FALSE,FALSE,"32","045","Tepechitlán"
2435,-26.1170153093337,-39.5798492834168,-11.4899720229838,0.638139196725204,"sintetico_postestratificado",FALSE,0.376969043631868,"sintetico_postestratificado",FALSE,FALSE,FALSE,"32","038","Pinos"
2436,-28.2338471222485,-41.8270505358232,-14.4975295397509,0.6577278973347,"muestra_directa",TRUE,0.375389426112214,"muestra_directa",TRUE,TRUE,TRUE,"32","051","Villa de Cos"
2437,-23.8838229570045,-39.2049126348006,-7.74826854125886,0.698942443917884,"sintetico_postestratificado",FALSE,0.460104214347839,"sintetico_postestratificado",FALSE,FALSE,FALSE,"32","050","Vetagrande"
2438,-25.1508055775903,-39.0931912786128,-11.6471137324328,0.664049639413359,"sintetico_postestratificado",FALSE,0.412541583637457,"sintetico_postestratificado",FALSE,FALSE,FALSE,"32","049","Valparaíso"
2439,-25.3734864474593,-38.9196115278478,-12.7648777312584,0.668188534632692,"muestra_directa",TRUE,0.4144536701581,"muestra_directa",TRUE,TRUE,TRUE,"32","048","Tlaltenango de Sánchez Román"
2440,-24.8781040615762,-39.5233035671304,-10.1069928846902,0.656477790887758,"sintetico_postestratificado",FALSE,0.407696750271996,"sintetico_postestratificado",FALSE,FALSE,FALSE,"32","046","Tepetongo"
2441,-25.3907000736969,-38.8463702751101,-9.37958984690268,0.623631496820816,"muestra_directa",TRUE,0.369724496083846,"muestra_directa",TRUE,TRUE,TRUE,"32","025","Luis Moya"
2442,-25.4920667523094,-40.4082579597791,-9.75172001469982,0.643335322468269,"sintetico_postestratificado",FALSE,0.388414654945175,"sintetico_postestratificado",FALSE,FALSE,FALSE,"32","044","Tabasco"
2443,-24.7453573853169,-39.931653025713,-10.1068385848195,0.652275649052597,"sintetico_postestratificado",FALSE,0.404822075199428,"sintetico_postestratificado",FALSE,FALSE,FALSE,"32","043","Susticacán"
2444,-25.9494829387803,-41.9134514470428,-8.46206044370833,0.637344630447669,"sintetico_postestratificado",FALSE,0.377849801059866,"sintetico_postestratificado",FALSE,FALSE,FALSE,"32","054","Villa Hidalgo"
2445,-25.8702358916621,-39.7957752578146,-11.8947376707087,0.625832744678313,"sintetico_postestratificado",FALSE,0.367130385761692,"sintetico_postestratificado",FALSE,FALSE,FALSE,"32","042","Sombrerete"
2446,-26.5937882151552,-41.8450052939185,-11.0911561798419,0.614445956060051,"sintetico_postestratificado",FALSE,0.348508073908499,"sintetico_postestratificado",FALSE,FALSE,FALSE,"32","041","El Salvador"
2447,-26.4422432308421,-41.4957317737688,-9.06840949728723,0.604245615281746,"sintetico_postestratificado",FALSE,0.339823182973325,"sintetico_postestratificado",FALSE,FALSE,FALSE,"32","016","General Pánfilo Natera"
2448,-26.794769019319,-39.8210289044285,-11.2229400471761,0.609971734872788,"sintetico_postestratificado",FALSE,0.342024044679598,"sintetico_postestratificado",FALSE,FALSE,FALSE,"32","014","General Francisco R. Murguía"
2449,-26.5741750686046,-42.9708377174451,-9.6937601902742,0.650849439638505,"sintetico_postestratificado",FALSE,0.385107688952459,"sintetico_postestratificado",FALSE,FALSE,FALSE,"32","013","General Enrique Estrada"
2450,-25.2661199995452,-41.2597810807406,-8.46253013019475,0.663387027282744,"sintetico_postestratificado",FALSE,0.410725827287293,"sintetico_postestratificado",FALSE,FALSE,FALSE,"32","009","Chalchihuites"
2451,-24.5073579795174,-37.2865974482744,-10.8372789627383,0.668317361634378,"muestra_directa",FALSE,0.423243781839204,"muestra_directa",FALSE,TRUE,FALSE,"32","017","Guadalupe"
2452,-25.2437313240063,-41.6783234825231,-9.33496287916661,0.646640993875702,"sintetico_postestratificado",FALSE,0.394203680635639,"sintetico_postestratificado",FALSE,FALSE,FALSE,"32","057","Trancoso"
2453,-26.071761981448,-40.7046199938974,-8.93911415014464,0.637406552425585,"sintetico_postestratificado",FALSE,0.376688932611105,"sintetico_postestratificado",FALSE,FALSE,FALSE,"32","030","Momax"
2454,-25.9449504308136,-41.0098435402636,-10.4334482487781,0.618683712603091,"sintetico_postestratificado",FALSE,0.359234208294955,"sintetico_postestratificado",FALSE,FALSE,FALSE,"32","032","Morelos"
2455,-24.0937455198184,-37.4836484827822,-9.35004936095495,0.631459142767499,"muestra_directa",FALSE,0.390521687569315,"muestra_directa",FALSE,TRUE,FALSE,"32","056","Zacatecas"
2456,-26.5490033453316,-40.3053867629679,-11.70952611609,0.605833871832717,"sintetico_postestratificado",FALSE,0.340343838379401,"sintetico_postestratificado",FALSE,FALSE,FALSE,"32","018","Huanusco"
2457,-26.8879043486376,-40.3217816166667,-10.7312829541482,0.627520978414389,"sintetico_postestratificado",FALSE,0.358641934928013,"sintetico_postestratificado",FALSE,FALSE,FALSE,"32","022","Juan Aldama"
2458,-25.8354406250362,-41.7741513549708,-7.98621081583736,0.654756426864181,"sintetico_postestratificado",FALSE,0.396402020613819,"sintetico_postestratificado",FALSE,FALSE,FALSE,"32","002","Apulco"
2459,-26.6429706901677,-42.4402631839178,-9.18979841251894,0.639075834915862,"sintetico_postestratificado",FALSE,0.372646128014185,"sintetico_postestratificado",FALSE,FALSE,FALSE,"32","001","Apozol"
2460,-28.019239215912,-41.5487294535275,-13.1806199524036,0.648775077614125,"sintetico_postestratificado",FALSE,0.368582685455005,"sintetico_postestratificado",FALSE,FALSE,FALSE,"32","015","El Plateado de Joaquín Amaro"
2461,-26.4857964236898,-41.8952385373978,-11.4187214641942,0.680885914895302,"sintetico_postestratificado",FALSE,0.416027950658404,"sintetico_postestratificado",FALSE,FALSE,FALSE,"32","028","Mezquital del Oro"
2462,-27.0756161468528,-39.6499074450506,-13.0857537170164,0.681817003422634,"sintetico_postestratificado",FALSE,0.411060841954106,"sintetico_postestratificado",FALSE,FALSE,FALSE,"32","026","Mazapil"
2463,-29.4253273962818,-42.7317207913195,-15.5422707694026,0.626291944687942,"muestra_directa",FALSE,0.332038670725125,"muestra_directa",FALSE,TRUE,FALSE,"32","052","Villa García"
2464,-25.4781567006401,-39.6148646315691,-11.9133022682521,0.636073015396947,"muestra_directa",TRUE,0.381291448390546,"muestra_directa",TRUE,TRUE,TRUE,"32","024","Loreto"
2465,-26.7194213605805,-42.8176054126066,-11.6080939267876,0.655544529159913,"sintetico_postestratificado",FALSE,0.388350315554108,"sintetico_postestratificado",FALSE,FALSE,FALSE,"32","004","Benito Juárez"
2466,-25.1623801621917,-37.5875226263256,-10.6195997143407,0.656969380955229,"muestra_directa",TRUE,0.405345579333312,"muestra_directa",TRUE,TRUE,TRUE,"32","029","Miguel Auza"
2467,-26.8388394581125,-40.134996349605,-11.8150059939681,0.678300248793352,"muestra_directa",TRUE,0.409911854212227,"muestra_directa",TRUE,TRUE,TRUE,"32","053","Villa González Ortega"
2468,-25.5189507086261,-38.8455801651631,-11.4769863582446,0.666788959688604,"muestra_directa",TRUE,0.411599452602342,"muestra_directa",TRUE,TRUE,TRUE,"32","023","Juchipila"
2469,-26.2987686090802,-39.4420093333641,-12.4182365622265,0.640732444228877,"muestra_directa",TRUE,0.377744758138075,"muestra_directa",TRUE,TRUE,TRUE,"32","039","Río Grande"
2470,-27.5089718728009,-40.508489986775,-12.4171243113955,0.63374289231876,"sintetico_postestratificado",FALSE,0.358653173590751,"sintetico_postestratificado",FALSE,FALSE,FALSE,"32","055","Villanueva"
2471,-24.52727457308,-38.2016462296882,-11.0658917500216,0.680352319250726,"muestra_directa",TRUE,0.435079573519926,"muestra_directa",TRUE,TRUE,TRUE,"32","031","Monte Escobedo"
2472,-27.8785948254882,-42.3071902662205,-11.1906827479219,0.626459027858055,"sintetico_postestratificado",FALSE,0.347673079603173,"sintetico_postestratificado",FALSE,FALSE,FALSE,"32","021","Jiménez del Teul"
2473,-26.20961538481,-41.019522485934,-10.6718991114215,0.625013353330726,"muestra_directa",TRUE,0.362917199482626,"muestra_directa",TRUE,TRUE,TRUE,"32","008","Cuauhtémoc"
2474,-28.8230458719058,-43.4867558292969,-13.1991046369596,0.627631090088104,"sintetico_postestratificado",FALSE,0.339400631369047,"sintetico_postestratificado",FALSE,FALSE,FALSE,"32","007","Concepción del Oro"
2475,-25.431339112391,-40.5895880391672,-10.7616070808292,0.696209783767829,"sintetico_postestratificado",FALSE,0.441896392643918,"sintetico_postestratificado",FALSE,FALSE,FALSE,"32","047","Teúl de González Ortega"
2476,-23.9630312484608,-38.9740432605011,-10.3022043028505,0.718895980137237,"sintetico_postestratificado",FALSE,0.479265667652629,"sintetico_postestratificado",FALSE,FALSE,FALSE,"32","012","Genaro Codina"
2477,-26.8891716682849,-42.0660060991054,-9.91491114389542,0.650334249135053,"sintetico_postestratificado",FALSE,0.381442532452204,"sintetico_postestratificado",FALSE,FALSE,FALSE,"32","006","Cañitas de Felipe Pescador"
2478,-25.8716985224345,-41.7693542624932,-8.98312234266749,0.659728368902156,"sintetico_postestratificado",FALSE,0.40101138367781,"sintetico_postestratificado",FALSE,FALSE,FALSE,"32","011","Trinidad García de la Cadena"
