"muni_idx","prev","prev_q025","prev_q975","n_directo","fuente","suprimir_privacidad","ancho_ic95","cve_ent","cve_mun","nomgeo"
1,0.4738979547116,0.35058157191188,0.606243082575156,1,"muestra_directa",TRUE,0.255661510663276,"01","005","Jesús María"
2,0.425796192913333,0.296688224407226,0.559645930731795,NA,"sintetico_postestratificado",FALSE,0.262957706324569,"01","008","San José de Gracia"
3,0.456189826897365,0.374418415274404,0.542961881061491,88,"muestra_directa",FALSE,0.168543465787087,"01","001","Aguascalientes"
4,0.415691587718832,0.286096281788074,0.551086182368286,1,"muestra_directa",TRUE,0.264989900580212,"01","004","Cosío"
5,0.434719815585806,0.31349485932273,0.565063643729489,NA,"sintetico_postestratificado",FALSE,0.251568784406759,"01","011","San Francisco de los Romo"
6,0.415641760525267,0.287413422444029,0.528751220075111,6,"muestra_directa",TRUE,0.241337797631082,"01","006","Pabellón de Arteaga"
7,0.400975660103469,0.285121798172279,0.528974762496127,NA,"sintetico_postestratificado",FALSE,0.243852964323849,"01","003","Calvillo"
8,0.405712487009241,0.290033110103465,0.54741626567247,NA,"sintetico_postestratificado",FALSE,0.257383155569004,"01","010","El Llano"
9,0.471757268802303,0.364859199343527,0.590284892505981,7,"muestra_directa",TRUE,0.225425693162453,"01","002","Asientos"
10,0.436200406491638,0.326406398529591,0.54956629962018,17,"muestra_directa",FALSE,0.223159901090589,"01","009","Tepezalá"
11,0.449224592421785,0.316666307735523,0.569081096382128,NA,"sintetico_postestratificado",FALSE,0.252414788646605,"01","007","Rincón de Romos"
12,0.353101214853337,0.221928503285396,0.492499888315592,7,"muestra_directa",TRUE,0.270571385030196,"02","003","Tecate"
13,0.386989974675973,0.267504582016432,0.51163154033646,32,"muestra_directa",FALSE,0.244126958320027,"02","004","Tijuana"
14,0.373400339765374,0.245085511949212,0.513603571859903,10,"muestra_directa",FALSE,0.268518059910692,"02","001","Ensenada"
15,0.361310623724445,0.224379541622857,0.519971506366382,2,"muestra_directa",TRUE,0.295591964743525,"02","006","San Quintín"
17,0.359274285178918,0.248897658092057,0.479336183029973,27,"muestra_directa",FALSE,0.230438524937916,"02","002","Mexicali"
18,0.363710890898315,0.22252964252824,0.523674932367144,4,"muestra_directa",TRUE,0.301145289838904,"02","005","Playas de Rosarito"
19,0.363973843006259,0.228669732635686,0.50776904469876,6,"muestra_directa",TRUE,0.279099312063074,"03","002","Mulegé"
20,0.416693419189161,0.248194361779005,0.591300047390839,NA,"sintetico_postestratificado",FALSE,0.343105685611834,"03","009","Loreto"
21,0.486143321785084,0.353954141274444,0.637565660701779,26,"muestra_directa",FALSE,0.283611519427335,"03","008","Los Cabos"
22,0.48817126045216,0.383006487001044,0.596616038859881,57,"muestra_directa",FALSE,0.213609551858837,"03","003","La Paz"
23,0.400845693918828,0.285517058297367,0.517147951539188,36,"muestra_directa",FALSE,0.231630893241821,"03","001","Comondú"
24,0.372907262451586,0.271044099894631,0.476358148170973,31,"muestra_directa",FALSE,0.205314048276342,"04","003","Carmen"
25,0.434942124906391,0.30130545446595,0.581193271586746,3,"muestra_directa",TRUE,0.279887817120796,"04","007","Palizada"
27,0.396914013435545,0.273161339189828,0.541749424954817,NA,"sintetico_postestratificado",FALSE,0.268588085764989,"04","005","Hecelchakán"
28,0.349761307808543,0.24135764029733,0.46919932799825,8,"muestra_directa",TRUE,0.227841687700921,"04","004","Champotón"
29,0.377133864501723,0.263829050600111,0.518385557647598,6,"muestra_directa",TRUE,0.254556507047487,"04","011","Candelaria"
31,0.37959804037351,0.283640465967015,0.49145822553914,50,"muestra_directa",FALSE,0.207817759572125,"04","002","Campeche"
32,0.33957686483787,0.233687736630833,0.474637042445818,NA,"sintetico_postestratificado",FALSE,0.240949305814985,"04","006","Hopelchén"
33,0.362307833780798,0.243163390595362,0.494030084157666,5,"muestra_directa",TRUE,0.250866693562305,"04","001","Calkiní"
34,0.338268521599063,0.225125966596196,0.474771569915293,NA,"sintetico_postestratificado",FALSE,0.249645603319097,"04","010","Calakmul"
35,0.311014409942262,0.205299849364701,0.43963684963127,8,"muestra_directa",TRUE,0.234337000266569,"04","009","Escárcega"
36,0.332930042978299,0.211481255766478,0.474153368630814,2,"muestra_directa",TRUE,0.262672112864336,"04","008","Tenabo"
37,0.429244521398115,0.297493870640375,0.578780729183363,NA,"sintetico_postestratificado",FALSE,0.281286858542988,"05","005","Candela"
38,0.422016855317046,0.314524140259939,0.531466237957846,17,"muestra_directa",FALSE,0.216942097697907,"05","017","Matamoros"
39,0.408843713772593,0.282638369008895,0.53817994232126,6,"muestra_directa",TRUE,0.255541573312365,"05","018","Monclova"
40,0.404359182857321,0.258046728832024,0.555920191144908,NA,"sintetico_postestratificado",FALSE,0.297873462312884,"05","014","Jiménez"
41,0.381453077142031,0.282620841267966,0.484580294481267,23,"muestra_directa",FALSE,0.201959453213301,"05","035","Torreón"
42,0.367050670035318,0.229583838394463,0.522812703659941,NA,"sintetico_postestratificado",FALSE,0.293228865265479,"05","013","Hidalgo"
43,0.405989435085088,0.271270833183564,0.546144364794882,NA,"sintetico_postestratificado",FALSE,0.274873531611318,"05","015","Juárez"
44,0.376509472586405,0.247083650838707,0.513730339905277,NA,"sintetico_postestratificado",FALSE,0.26664668906657,"05","020","Múzquiz"
45,0.410883229488475,0.300858470256834,0.529769781299304,7,"muestra_directa",TRUE,0.22891131104247,"05","024","Parras"
46,0.425490815878586,0.295159472404884,0.566500583132569,1,"muestra_directa",TRUE,0.271341110727685,"05","026","Progreso"
47,0.388736681518913,0.277920339434592,0.50955840487744,5,"muestra_directa",TRUE,0.231638065442848,"05","027","Ramos Arizpe"
48,0.365739533508902,0.220131330221518,0.512344873960654,3,"muestra_directa",TRUE,0.292213543739136,"05","025","Piedras Negras"
49,0.394085607461632,0.258353615375664,0.534728703438741,NA,"sintetico_postestratificado",FALSE,0.276375088063078,"05","028","Sabinas"
50,0.400285288772743,0.291440783189936,0.518761170334814,18,"muestra_directa",FALSE,0.227320387144878,"05","030","Saltillo"
51,0.38855014202822,0.262544294288945,0.502979029912044,NA,"sintetico_postestratificado",FALSE,0.240434735623099,"05","031","San Buenaventura"
52,0.386387844933658,0.258892585979069,0.527762470913953,NA,"sintetico_postestratificado",FALSE,0.268869884934884,"05","016","Lamadrid"
53,0.410551652355457,0.287093035210595,0.533479057133704,NA,"sintetico_postestratificado",FALSE,0.246386021923108,"05","004","Arteaga"
54,0.423462839080578,0.29433734201703,0.559747616078016,4,"muestra_directa",TRUE,0.265410274060986,"05","002","Acuña"
55,0.430339633776478,0.264163519071761,0.594319432102709,NA,"sintetico_postestratificado",FALSE,0.330155913030948,"05","032","San Juan de Sabinas"
56,0.420847861521979,0.304278266749829,0.547807062594912,3,"muestra_directa",TRUE,0.243528795845083,"05","033","San Pedro"
57,0.39689213184283,0.27578300502294,0.533189123608607,NA,"sintetico_postestratificado",FALSE,0.257406118585668,"05","009","Francisco I. Madero"
58,0.403320182225802,0.266577322642648,0.560845069476923,NA,"sintetico_postestratificado",FALSE,0.294267746834274,"05","012","Guerrero"
59,0.416740921075899,0.290564299123637,0.545175620391643,NA,"sintetico_postestratificado",FALSE,0.254611321268005,"05","006","Castaños"
60,0.408532397653023,0.264495175930566,0.554637727651587,NA,"sintetico_postestratificado",FALSE,0.290142551721021,"05","003","Allende"
61,0.414603872061502,0.298091930026464,0.540289260855213,NA,"sintetico_postestratificado",FALSE,0.242197330828749,"05","023","Ocampo"
62,0.425863772040685,0.290598917398174,0.570634952581183,NA,"sintetico_postestratificado",FALSE,0.280036035183009,"05","008","Escobedo"
63,0.423229056993468,0.284388897487227,0.570117622175371,NA,"sintetico_postestratificado",FALSE,0.285728724688144,"05","022","Nava"
64,0.387643014907941,0.26179303894644,0.526076889488559,NA,"sintetico_postestratificado",FALSE,0.26428385054212,"05","019","Morelos"
65,0.390023862839788,0.283406600977911,0.505105647136081,NA,"sintetico_postestratificado",FALSE,0.22169904615817,"05","007","Cuatro Ciénegas"
66,0.386919047600061,0.274213734120268,0.514901071495583,NA,"sintetico_postestratificado",FALSE,0.240687337375315,"05","034","Sierra Mojada"
67,0.379066096362027,0.239404637208888,0.524347241936384,NA,"sintetico_postestratificado",FALSE,0.284942604727496,"05","037","Villa Unión"
68,0.402160640276371,0.274618172941366,0.544292150571724,NA,"sintetico_postestratificado",FALSE,0.269673977630358,"05","029","Sacramento"
69,0.38363617172909,0.257474485321335,0.530993826858404,NA,"sintetico_postestratificado",FALSE,0.27351934153707,"05","001","Abasolo"
70,0.360835344683235,0.238180562891214,0.498307624753554,2,"muestra_directa",TRUE,0.26012706186234,"05","038","Zaragoza"
71,0.380695063669648,0.259440055778671,0.521441880735534,NA,"sintetico_postestratificado",FALSE,0.262001824956863,"05","021","Nadadores"
72,0.360471797422197,0.241737900339475,0.501615716661887,NA,"sintetico_postestratificado",FALSE,0.259877816322412,"05","010","Frontera"
73,0.415613667157713,0.282662833577916,0.553168739158621,NA,"sintetico_postestratificado",FALSE,0.270505905580705,"05","011","General Cepeda"
74,0.401589878508225,0.279917955729259,0.521935573430308,NA,"sintetico_postestratificado",FALSE,0.242017617701049,"05","036","Viesca"
75,0.445023197044697,0.305026835550979,0.592480537955511,NA,"sintetico_postestratificado",FALSE,0.287453702404533,"06","006","Ixtlahuacán"
76,0.496273530060461,0.382304938040163,0.617059285802798,9,"muestra_directa",TRUE,0.234754347762634,"06","002","Colima"
77,0.432555274314982,0.299717674517474,0.559920250654438,2,"muestra_directa",TRUE,0.260202576136964,"06","005","Cuauhtémoc"
78,0.433860123450849,0.312314509934608,0.562179102160973,1,"muestra_directa",TRUE,0.249864592226365,"06","008","Minatitlán"
79,0.460242181191184,0.330919211946767,0.60512932848228,2,"muestra_directa",TRUE,0.274210116535513,"06","001","Armería"
80,0.437943415835265,0.31256292118029,0.572877580890794,1,"muestra_directa",TRUE,0.260314659710504,"06","004","Coquimatlán"
81,0.5039507486171,0.386419560880163,0.617523794767864,12,"muestra_directa",FALSE,0.231104233887701,"06","010","Villa de Álvarez"
82,0.446814002981702,0.331321805436246,0.570540102958989,11,"muestra_directa",FALSE,0.239218297522742,"06","003","Comala"
83,0.467765470159359,0.352500279559723,0.578983486640903,23,"muestra_directa",FALSE,0.22648320708118,"06","007","Manzanillo"
84,0.483160556982352,0.359378707142736,0.603254584776491,15,"muestra_directa",FALSE,0.243875877633755,"06","009","Tecomán"
85,0.299433317790957,0.185102964791847,0.42629138961507,4,"muestra_directa",TRUE,0.241188424823223,"07","019","Comitán de Domínguez"
86,0.330063779821697,0.20453827997484,0.484039021824712,NA,"sintetico_postestratificado",FALSE,0.279500741849872,"07","090","Tapalapa"
87,0.336752402244643,0.217845598830298,0.466865006111686,1,"muestra_directa",TRUE,0.249019407281388,"07","020","La Concordia"
88,0.299693338787415,0.192917730358927,0.435170881217134,NA,"sintetico_postestratificado",FALSE,0.242253150858207,"07","021","Copainalá"
89,0.29142902147503,0.185463052279462,0.41662104398713,NA,"sintetico_postestratificado",FALSE,0.231157991707668,"07","079","San Fernando"
90,0.315331557412422,0.202925598195026,0.446289934013364,NA,"sintetico_postestratificado",FALSE,0.243364335818339,"07","109","Yajalón"
91,0.30723353867617,0.200346613610077,0.4296928037371,1,"muestra_directa",TRUE,0.229346190127023,"07","108","Villaflores"
92,0.329329509445688,0.213789194009048,0.451809468297664,2,"muestra_directa",TRUE,0.238020274288616,"07","107","Villa Corzo"
93,0.372290903933751,0.259109139876695,0.505856456571303,NA,"sintetico_postestratificado",FALSE,0.246747316694608,"07","106","Venustiano Carranza"
94,0.320163686799938,0.18513399243337,0.474853034432288,NA,"sintetico_postestratificado",FALSE,0.289719041998918,"07","104","Tzimol"
95,0.374396172145279,0.229828983233636,0.536276543946079,3,"muestra_directa",TRUE,0.306447560712443,"07","103","Tuzantán"
96,0.343463855477046,0.192088591833821,0.529335947234495,NA,"sintetico_postestratificado",FALSE,0.337247355400674,"07","102","Tuxtla Chico"
97,0.280305924401525,0.17398178368178,0.387184451511533,9,"muestra_directa",TRUE,0.213202667829753,"07","101","Tuxtla Gutiérrez"
98,0.359981733714423,0.227132995851526,0.513866949756257,NA,"sintetico_postestratificado",FALSE,0.286733953904731,"07","120","Capitán Luis Ángel Vidal"
99,0.358433322676007,0.244164946775351,0.479735274249672,NA,"sintetico_postestratificado",FALSE,0.235570327474321,"07","074","Reforma"
100,0.358565223211865,0.23538849303392,0.511315472210821,NA,"sintetico_postestratificado",FALSE,0.275926979176902,"07","075","Las Rosas"
101,0.335773626843849,0.210698843135208,0.48164437455694,1,"muestra_directa",TRUE,0.270945531421732,"07","057","Motozintla"
102,0.351708523906812,0.237716290952368,0.485210816110904,NA,"sintetico_postestratificado",FALSE,0.247494525158536,"07","007","Amatenango del Valle"
103,0.324422977889682,0.209655132296213,0.453106625024434,NA,"sintetico_postestratificado",FALSE,0.243451492728222,"07","111","Zinacantán"
104,0.328171971764373,0.186448692188071,0.500959011299287,NA,"sintetico_postestratificado",FALSE,0.314510319111216,"07","054","Mazatán"
105,0.31296119715776,0.20340421617092,0.44711470309221,1,"muestra_directa",TRUE,0.24371048692129,"07","076","Sabanilla"
106,0.293083301108205,0.18404999314383,0.416461810024535,NA,"sintetico_postestratificado",FALSE,0.232411816880704,"07","081","Simojovel"
107,0.27505140334821,0.169697585400948,0.413619238885078,NA,"sintetico_postestratificado",FALSE,0.24392165348413,"07","063","Osumacinta"
108,0.319524052972937,0.200792030799681,0.469797973879019,NA,"sintetico_postestratificado",FALSE,0.269005943079338,"07","110","San Lucas"
109,0.323559984442616,0.200179210086242,0.469014311945125,NA,"sintetico_postestratificado",FALSE,0.268835101858883,"07","051","Mapastepec"
110,0.325608786787828,0.190507195946723,0.501327982118015,NA,"sintetico_postestratificado",FALSE,0.310820786171291,"07","070","El Porvenir"
111,0.385568466778025,0.263660146115797,0.514848583061431,NA,"sintetico_postestratificado",FALSE,0.251188436945633,"07","112","San Juan Cancuc"
112,0.315505886421817,0.189147367906611,0.46389512423253,NA,"sintetico_postestratificado",FALSE,0.274747756325919,"07","050","La Libertad"
113,0.363300108740102,0.237214596787717,0.504888591016453,NA,"sintetico_postestratificado",FALSE,0.267673994228735,"07","022","Chalchihuitán"
114,0.338092449646715,0.19724443699714,0.495465541525636,NA,"sintetico_postestratificado",FALSE,0.298221104528496,"07","053","Mazapa de Madero"
115,0.359335516197763,0.220357203571379,0.5039765714881,NA,"sintetico_postestratificado",FALSE,0.283619367916721,"07","080","Siltepec"
116,0.354735700108896,0.245214435273965,0.485007197878345,NA,"sintetico_postestratificado",FALSE,0.239792762604379,"07","049","Larráinzar"
117,0.325126906382689,0.217879384933768,0.450424259948938,NA,"sintetico_postestratificado",FALSE,0.232544875015169,"07","065","Palenque"
118,0.317853232215122,0.203204714928591,0.452868451661928,NA,"sintetico_postestratificado",FALSE,0.249663736733338,"07","086","Suchiapa"
119,0.343356668482722,0.228320631501272,0.474750442784653,NA,"sintetico_postestratificado",FALSE,0.246429811283381,"07","062","Ostuacán"
120,0.349766706652115,0.224125009086282,0.494710607855682,NA,"sintetico_postestratificado",FALSE,0.2705855987694,"07","077","Salto de Agua"
121,0.312199021944947,0.192846033804565,0.448842055353566,NA,"sintetico_postestratificado",FALSE,0.255996021549001,"07","082","Sitalá"
122,0.350039146438006,0.22774008834197,0.480096899550464,NA,"sintetico_postestratificado",FALSE,0.252356811208494,"07","024","Chanal"
123,0.296019701219615,0.183921308005266,0.426331103297877,NA,"sintetico_postestratificado",FALSE,0.242409795292611,"07","121","Rincón Chamula San Pedro"
124,0.31640792568487,0.19916703709611,0.443370435406998,NA,"sintetico_postestratificado",FALSE,0.244203398310889,"07","042","Ixhuatán"
125,0.357189808758039,0.235497614285021,0.484622936566056,NA,"sintetico_postestratificado",FALSE,0.249125322281035,"07","025","Chapultenango"
126,0.29341176911463,0.174638618543527,0.415078376502794,NA,"sintetico_postestratificado",FALSE,0.240439757959267,"07","018","Coapilla"
127,0.281574080450336,0.171615242798521,0.410428868155998,3,"muestra_directa",TRUE,0.238813625357477,"07","052","Las Margaritas"
128,0.336228498304455,0.213703155042408,0.473352722912411,NA,"sintetico_postestratificado",FALSE,0.259649567870002,"07","026","Chenalhó"
129,0.303082957122247,0.191656940274146,0.439635865936158,NA,"sintetico_postestratificado",FALSE,0.247978925662012,"07","083","Socoltenango"
130,0.326732073803686,0.212058920214473,0.458785883099682,NA,"sintetico_postestratificado",FALSE,0.246726962885209,"07","084","Solosuchiapa"
131,0.318465687002916,0.182234552483695,0.483691901460245,2,"muestra_directa",TRUE,0.30145734897655,"07","089","Tapachula"
132,0.345069506569178,0.231326630781163,0.473693940313745,NA,"sintetico_postestratificado",FALSE,0.242367309532582,"07","068","Pichucalco"
133,0.303877289956733,0.208345846867006,0.407184359465375,3,"muestra_directa",TRUE,0.198838512598369,"07","027","Chiapa de Corzo"
134,0.342263773031093,0.223597288818711,0.473606771608672,NA,"sintetico_postestratificado",FALSE,0.250009482789961,"07","048","Juárez"
135,0.330755556272902,0.213183707521277,0.464504771624287,1,"muestra_directa",TRUE,0.251321064103009,"07","046","Jiquipilas"
136,0.312729116568462,0.143339678147563,0.525293893170548,NA,"sintetico_postestratificado",FALSE,0.381954215022985,"07","105","Unión Juárez"
137,0.329510058842659,0.209493398666444,0.461912139244949,NA,"sintetico_postestratificado",FALSE,0.252418740578505,"07","100","Tumbalá"
138,0.356146843786494,0.235394337816267,0.489828442281495,NA,"sintetico_postestratificado",FALSE,0.254434104465228,"07","045","Ixtapangajoya"
139,0.334869428372747,0.192582625042207,0.492597341258547,NA,"sintetico_postestratificado",FALSE,0.30001471621634,"07","114","Benemérito de las Américas"
140,0.320422330776214,0.192152430295287,0.464504258579486,NA,"sintetico_postestratificado",FALSE,0.272351828284199,"07","028","Chiapilla"
141,0.30128150712734,0.190281453749315,0.435296067670807,NA,"sintetico_postestratificado",FALSE,0.245014613921492,"07","029","Chicoasén"
142,0.293581036682263,0.176530886080615,0.425607130700273,NA,"sintetico_postestratificado",FALSE,0.249076244619658,"07","091","Tapilula"
143,0.305080984974123,0.189487069115897,0.443515362180393,NA,"sintetico_postestratificado",FALSE,0.254028293064496,"07","073","Rayón"
144,0.341878264068189,0.221076528140086,0.489811582171821,NA,"sintetico_postestratificado",FALSE,0.268735054031735,"07","030","Chicomuselo"
145,0.363424214861871,0.235681946661979,0.486325195636849,NA,"sintetico_postestratificado",FALSE,0.25064324897487,"07","044","Ixtapa"
146,0.298285548601977,0.177493115034375,0.437557062379471,NA,"sintetico_postestratificado",FALSE,0.260063947345096,"07","008","Ángel Albino Corzo"
147,0.336663613656647,0.220167914148863,0.465685383422206,NA,"sintetico_postestratificado",FALSE,0.245517469273343,"07","009","Arriaga"
148,0.362912517184978,0.255457823997976,0.500864405846147,6,"muestra_directa",TRUE,0.245406581848171,"07","031","Chilón"
149,0.318526690136294,0.202111286786209,0.453660808405881,NA,"sintetico_postestratificado",FALSE,0.251549521619673,"07","043","Ixtacomitán"
150,0.371480453344436,0.255211134533045,0.486200938437763,NA,"sintetico_postestratificado",FALSE,0.230989803904718,"07","017","Cintalapa de Figueroa"
151,0.346467084500233,0.211911005434466,0.502046655211162,NA,"sintetico_postestratificado",FALSE,0.290135649776696,"07","119","Santiago el Pinar"
152,0.347690805165896,0.203101834584182,0.511564655252411,NA,"sintetico_postestratificado",FALSE,0.308462820668228,"07","116","Marqués de Comillas"
153,0.390681073511046,0.252295457468079,0.539081087921444,NA,"sintetico_postestratificado",FALSE,0.286785630453365,"07","060","Ocotepec"
154,0.307266854587257,0.176755714010095,0.460846159368956,NA,"sintetico_postestratificado",FALSE,0.28409044535886,"07","058","Nicolás Ruíz"
155,0.330997114419572,0.200021119088473,0.475979657378498,NA,"sintetico_postestratificado",FALSE,0.275958538290025,"07","041","La Independencia"
156,0.363496872546005,0.232329124274539,0.506773703488647,3,"muestra_directa",TRUE,0.274444579214108,"07","040","Huixtla"
157,0.403480557989459,0.266441141648972,0.561177738437122,NA,"sintetico_postestratificado",FALSE,0.294736596788151,"07","056","Mitontic"
158,0.341485409824742,0.234779072701668,0.481564371197932,4,"muestra_directa",TRUE,0.246785298496264,"07","039","Huitiupán"
159,0.312621032562391,0.1875351491495,0.445185623797465,3,"muestra_directa",TRUE,0.257650474647964,"07","099","La Trinitaria"
160,0.320938401067384,0.20557139732185,0.462605881221518,NA,"sintetico_postestratificado",FALSE,0.257034483899668,"07","097","Tonalá"
161,0.349129234134676,0.225753548615565,0.47763287267552,NA,"sintetico_postestratificado",FALSE,0.251879324059954,"07","096","Tila"
162,0.35415093539266,0.22577077535738,0.496124274878027,NA,"sintetico_postestratificado",FALSE,0.270353499520646,"07","118","San Andrés Duraznal"
163,0.305356903890646,0.192903959105151,0.440813637876751,NA,"sintetico_postestratificado",FALSE,0.247909678771601,"07","122","El Parral"
164,0.290246960988415,0.179303606824055,0.431221178973192,NA,"sintetico_postestratificado",FALSE,0.251917572149137,"07","038","Huixtán"
165,0.287622792438544,0.166454788286128,0.437566722942527,NA,"sintetico_postestratificado",FALSE,0.271111934656398,"07","001","Acacoyagua"
166,0.326429969354983,0.200105952837726,0.473564873890901,NA,"sintetico_postestratificado",FALSE,0.273458921053175,"07","036","La Grandeza"
167,0.323122001925481,0.204493668988746,0.451748163115168,NA,"sintetico_postestratificado",FALSE,0.247254494126423,"07","002","Acala"
168,0.311818658432441,0.188822228232207,0.472238989049625,NA,"sintetico_postestratificado",FALSE,0.283416760817418,"07","003","Acapetahua"
169,0.351595974721634,0.221097320188218,0.50717375841344,NA,"sintetico_postestratificado",FALSE,0.286076438225223,"07","011","Bella Vista"
170,0.360651493865996,0.239580639589735,0.508149288209905,NA,"sintetico_postestratificado",FALSE,0.26856864862017,"07","012","Berriozábal"
171,0.381418864821268,0.266317492682725,0.517854908617015,NA,"sintetico_postestratificado",FALSE,0.25153741593429,"07","072","Pueblo Nuevo Solistahuacán"
172,0.381110732356454,0.230724864381178,0.552856579796838,NA,"sintetico_postestratificado",FALSE,0.32213171541566,"07","037","Huehuetán"
173,0.386255766488885,0.260861361182164,0.509465284360314,NA,"sintetico_postestratificado",FALSE,0.24860392317815,"07","023","Chamula"
174,0.298415154461239,0.176498298810195,0.434649656820348,NA,"sintetico_postestratificado",FALSE,0.258151358010153,"07","010","Bejucal de Ocampo"
175,0.312770657411501,0.193333611916565,0.452571969655585,NA,"sintetico_postestratificado",FALSE,0.25923835773902,"07","004","Altamirano"
176,0.305678887076672,0.187336459083537,0.431175787624528,NA,"sintetico_postestratificado",FALSE,0.243839328540991,"07","005","Amatán"
177,0.303007502610409,0.167688980463107,0.487770145200525,NA,"sintetico_postestratificado",FALSE,0.320081164737417,"07","035","Frontera Hidalgo"
178,0.324723509652041,0.194903544803569,0.477736071433101,NA,"sintetico_postestratificado",FALSE,0.282832526629532,"07","032","Escuintla"
179,0.330809847115387,0.216191244184465,0.453336068737756,1,"muestra_directa",TRUE,0.237144824553292,"07","013","Bochil"
180,0.327356413790299,0.215678334673974,0.454983874267018,NA,"sintetico_postestratificado",FALSE,0.239305539593044,"07","014","El Bosque"
181,0.323269349847933,0.199211105878515,0.464694781584075,NA,"sintetico_postestratificado",FALSE,0.26548367570556,"07","069","Pijijiapan"
182,0.318988922506938,0.200511434671783,0.458665640267578,5,"muestra_directa",TRUE,0.258154205595795,"07","094","Teopisca"
183,0.347680228526935,0.235611183698564,0.471465567490317,NA,"sintetico_postestratificado",FALSE,0.235854383791753,"07","092","Tecpatán"
184,0.429719658307177,0.248191404684824,0.634204750961019,NA,"sintetico_postestratificado",FALSE,0.386013346276195,"07","015","Cacahoatán"
185,0.351293484119079,0.225348277585287,0.478687895705277,NA,"sintetico_postestratificado",FALSE,0.253339618119991,"07","016","Catazajá"
186,0.355652748835299,0.240355915810299,0.483312493356446,NA,"sintetico_postestratificado",FALSE,0.242956577546147,"07","047","Jitotol"
187,0.318515994384354,0.189863182398369,0.457104783157185,NA,"sintetico_postestratificado",FALSE,0.267241600758816,"07","006","Amatenango de la Frontera"
188,0.379539285333308,0.260848558861018,0.505253393445998,2,"muestra_directa",TRUE,0.244404834584979,"07","078","San Cristóbal de las Casas"
189,0.298928472250871,0.189685311964403,0.421450015482802,NA,"sintetico_postestratificado",FALSE,0.231764703518399,"07","033","Francisco León"
190,0.306762155522437,0.174013220854687,0.462749206005808,NA,"sintetico_postestratificado",FALSE,0.288735985151121,"07","117","Montecristo de Guerrero"
191,0.30765246430269,0.177882036915495,0.47649759586753,NA,"sintetico_postestratificado",FALSE,0.298615558952035,"07","115","Maravilla Tenejapa"
192,0.357223652581286,0.21085132978475,0.520018840670005,NA,"sintetico_postestratificado",FALSE,0.309167510885255,"07","071","Villa Comaltitlán"
193,0.326347647390449,0.207292169701725,0.461161741904766,NA,"sintetico_postestratificado",FALSE,0.25386957220304,"07","066","Pantelhó"
194,0.319479723458734,0.20062160007975,0.453728382422994,NA,"sintetico_postestratificado",FALSE,0.253106782343244,"07","113","Aldama"
195,0.305571298426937,0.193393349767009,0.447828688251272,NA,"sintetico_postestratificado",FALSE,0.254435338484262,"07","098","Totolapa"
196,0.310776671683973,0.188517577862758,0.451554984777181,NA,"sintetico_postestratificado",FALSE,0.263037406914423,"07","093","Tenejapa"
197,0.309970203540832,0.187555229316584,0.450887615387167,NA,"sintetico_postestratificado",FALSE,0.263332386070583,"07","064","Oxchuc"
198,0.315145722182351,0.201037190733053,0.447318791562748,NA,"sintetico_postestratificado",FALSE,0.246281600829695,"07","059","Ocosingo"
199,0.312356051706964,0.204272563092658,0.440403966775915,1,"muestra_directa",TRUE,0.236131403683258,"07","061","Ocozocoautla de Espinosa"
200,0.369084380169821,0.229285610554064,0.517640761417424,NA,"sintetico_postestratificado",FALSE,0.28835515086336,"07","088","Sunuapa"
201,0.327592988838408,0.18243203209938,0.51252689590796,2,"muestra_directa",TRUE,0.33009486380858,"07","087","Suchiate"
202,0.272501696139172,0.1679989385563,0.405822479090034,NA,"sintetico_postestratificado",FALSE,0.237823540533733,"07","085","Soyaló"
203,0.30071429699845,0.194487346431977,0.42504671227528,NA,"sintetico_postestratificado",FALSE,0.230559365843303,"07","124","Mezcalapa"
204,0.301607368984605,0.188986067042228,0.435323354003821,NA,"sintetico_postestratificado",FALSE,0.246337286961593,"07","067","Pantepec"
206,0.352485159449289,0.185569684265408,0.578067442283379,NA,"sintetico_postestratificado",FALSE,0.392497758017971,"07","055","Metapa"
207,0.345994666736556,0.22011414365534,0.490640353850344,NA,"sintetico_postestratificado",FALSE,0.270526210195005,"07","123","Emiliano Zapata"
208,0.331182862072249,0.211110141476023,0.473158857517096,NA,"sintetico_postestratificado",FALSE,0.262048716041073,"07","034","Frontera Comalapa"
209,0.363708109651864,0.244974232038375,0.48625711041196,NA,"sintetico_postestratificado",FALSE,0.241282878373585,"08","067","Valle de Zaragoza"
210,0.394741314830641,0.263168377721353,0.545010062199314,NA,"sintetico_postestratificado",FALSE,0.281841684477961,"08","043","Matachí"
211,0.3978768294606,0.273225964219659,0.535343008606868,NA,"sintetico_postestratificado",FALSE,0.262117044387209,"08","058","San Francisco de Conchos"
212,0.411132505614656,0.296225230850721,0.5473303976558,NA,"sintetico_postestratificado",FALSE,0.251105166805079,"08","056","Rosario"
213,0.382583869214706,0.259535321035414,0.517846634810014,NA,"sintetico_postestratificado",FALSE,0.2583113137746,"08","054","Riva Palacio"
214,0.409874252155215,0.282464681898509,0.546022919705445,NA,"sintetico_postestratificado",FALSE,0.263558237806936,"08","018","Cusihuiriachi"
215,0.383205658386688,0.272690003701912,0.507188771885038,NA,"sintetico_postestratificado",FALSE,0.234498768183126,"08","007","Balleza"
216,0.347534325300182,0.240534516912446,0.472869473738535,NA,"sintetico_postestratificado",FALSE,0.232334956826089,"08","001","Ahumada"
217,0.353851030304604,0.239031175828756,0.495065665663411,NA,"sintetico_postestratificado",FALSE,0.256034489834655,"08","041","Maguarichi"
218,0.365709499637813,0.238823314901151,0.497881265630257,NA,"sintetico_postestratificado",FALSE,0.259057950729106,"08","057","San Francisco de Borja"
219,0.276654693666971,0.138669036707455,0.438838601730556,NA,"sintetico_postestratificado",FALSE,0.300169565023101,"08","053","Praxedis G. Guerrero"
220,0.259378452651676,0.157324829488091,0.392856402448311,NA,"sintetico_postestratificado",FALSE,0.235531572960221,"08","051","Ocampo"
221,0.33868235420271,0.225070546594499,0.466856943768408,11,"muestra_directa",FALSE,0.241786397173908,"08","050","Nuevo Casas Grandes"
222,0.339696709574745,0.223058215797045,0.468117971389534,1,"muestra_directa",TRUE,0.245059755592489,"08","031","Guerrero"
223,0.38911133454105,0.267450172546393,0.521369841466818,NA,"sintetico_postestratificado",FALSE,0.253919668920425,"08","055","Rosales"
224,0.344059323331663,0.217435189931609,0.48615359961524,2,"muestra_directa",TRUE,0.268718409683631,"08","025","Gómez Farías"
225,0.370180198641256,0.242816809697962,0.511904112347697,1,"muestra_directa",TRUE,0.269087302649734,"08","023","Galeana"
226,0.380531379840084,0.244585196187331,0.509324870059672,NA,"sintetico_postestratificado",FALSE,0.264739673872341,"08","022","Dr. Belisario Domínguez"
227,0.41504156765297,0.281351103816336,0.551130040013624,NA,"sintetico_postestratificado",FALSE,0.269778936197288,"08","014","Coronado"
228,0.401000343491999,0.278526078991209,0.538879968450114,NA,"sintetico_postestratificado",FALSE,0.260353889458905,"08","003","Allende"
229,0.408386538295583,0.281848228751757,0.541653560693786,14,"muestra_directa",FALSE,0.259805331942029,"08","021","Delicias"
230,0.39130586121213,0.266079653795456,0.522593019344599,NA,"sintetico_postestratificado",FALSE,0.256513365549143,"08","020","Chínipas"
231,0.387621936732293,0.27375786503342,0.517584940722056,3,"muestra_directa",TRUE,0.243827075688637,"08","017","Cuauhtémoc"
232,0.393695187596549,0.26850988465792,0.532018168260282,NA,"sintetico_postestratificado",FALSE,0.263508283602363,"08","016","La Cruz"
233,0.317210417648923,0.198347615171002,0.451361918654675,NA,"sintetico_postestratificado",FALSE,0.253014303483673,"08","015","Coyame del Sotol"
234,0.351728535086506,0.240076608503506,0.471297016991561,2,"muestra_directa",TRUE,0.231220408488055,"08","052","Ojinaga"
235,0.36022325022423,0.247846846093713,0.497799219601998,1,"muestra_directa",TRUE,0.249952373508285,"08","013","Casas Grandes"
236,0.360871324272182,0.242905193439737,0.494538688803271,NA,"sintetico_postestratificado",FALSE,0.251633495363535,"08","012","Carichí"
237,0.317009146574084,0.210915450988068,0.432463427257571,9,"muestra_directa",TRUE,0.221547976269503,"08","011","Camargo"
238,0.353622220875034,0.242801044602249,0.478317204736429,NA,"sintetico_postestratificado",FALSE,0.235516160134179,"08","010","Buenaventura"
239,0.295407893935596,0.191050246642351,0.419329232625634,NA,"sintetico_postestratificado",FALSE,0.228278985983283,"08","009","Bocoyna"
240,0.281940626751201,0.175683375943251,0.415898896053213,NA,"sintetico_postestratificado",FALSE,0.240215520109962,"08","008","Batopilas de Manuel Gómez Morín"
241,0.294620594367053,0.183555902430853,0.434659787113967,1,"muestra_directa",TRUE,0.251103884683114,"08","006","Bachíniva"
242,0.347224204081615,0.22525222504653,0.494773823294923,NA,"sintetico_postestratificado",FALSE,0.269521598248393,"08","004","Aquiles Serdán"
243,0.349930210087026,0.234326789844652,0.476815874184245,NA,"sintetico_postestratificado",FALSE,0.242489084339593,"08","005","Ascensión"
244,0.392744921219838,0.280986431754057,0.520582987520958,9,"muestra_directa",TRUE,0.239596555766901,"08","032","Hidalgo del Parral"
245,0.371742854202709,0.258021870263651,0.510746636830798,NA,"sintetico_postestratificado",FALSE,0.252724766567147,"08","042","Manuel Benavides"
246,0.360007723326933,0.238933445581727,0.488586947306079,NA,"sintetico_postestratificado",FALSE,0.249653501724352,"08","040","Madera"
247,0.350402353212584,0.228771997801888,0.486505122326908,NA,"sintetico_postestratificado",FALSE,0.257733124525021,"08","039","López"
248,0.350043258703758,0.232749481960545,0.483443230348304,NA,"sintetico_postestratificado",FALSE,0.250693748387759,"08","038","Julimes"
249,0.334593275931059,0.210609785540992,0.462278680154145,NA,"sintetico_postestratificado",FALSE,0.251668894613153,"08","035","Janos"
250,0.365630935787786,0.25442454718209,0.484057361420223,NA,"sintetico_postestratificado",FALSE,0.229632814238133,"08","034","Ignacio Zaragoza"
251,0.395105057119628,0.267292365587241,0.53741280848288,NA,"sintetico_postestratificado",FALSE,0.270120442895639,"08","033","Huejotitán"
252,0.375824228272695,0.254832025430657,0.51095136825614,NA,"sintetico_postestratificado",FALSE,0.256119342825483,"08","063","Temósachic"
253,0.375508368223265,0.262124178756865,0.503030206512684,NA,"sintetico_postestratificado",FALSE,0.24090602775582,"08","061","Satevó"
254,0.345590141904083,0.238024010206107,0.467689448963237,NA,"sintetico_postestratificado",FALSE,0.22966543875713,"08","062","Saucillo"
255,0.37578385726802,0.250693120868239,0.517942322768035,NA,"sintetico_postestratificado",FALSE,0.267249201899797,"08","030","Guazapares"
256,0.355024754152129,0.227137938183642,0.486077782235217,NA,"sintetico_postestratificado",FALSE,0.258939844051575,"08","028","Guadalupe"
257,0.370351540852709,0.264783369123985,0.493946696428842,NA,"sintetico_postestratificado",FALSE,0.229163327304858,"08","027","Guachochi"
258,0.275171529968778,0.169081945848118,0.391527132038553,NA,"sintetico_postestratificado",FALSE,0.222445186190435,"08","026","Gran Morelos"
259,0.392299140274302,0.292047368550779,0.502020703850141,34,"muestra_directa",FALSE,0.209973335299362,"08","019","Chihuahua"
260,0.379471739313482,0.239969733343003,0.516815461711056,3,"muestra_directa",TRUE,0.276845728368053,"08","064","El Tule"
261,0.349660724923815,0.237743674632084,0.48244095515646,NA,"sintetico_postestratificado",FALSE,0.244697280524377,"08","024","Santa Isabel"
262,0.2655884853314,0.182691731802165,0.362156610774336,48,"muestra_directa",FALSE,0.179464878972171,"08","037","Juárez"
263,0.38535112422327,0.268896564386644,0.522735020855008,NA,"sintetico_postestratificado",FALSE,0.253838456468364,"08","059","San Francisco del Oro"
264,0.408846777035599,0.298890418228682,0.540300000896158,NA,"sintetico_postestratificado",FALSE,0.241409582667477,"08","066","Uruachi"
265,0.412630862717019,0.286817346061428,0.548137187850701,NA,"sintetico_postestratificado",FALSE,0.261319841789273,"08","065","Urique"
266,0.39275105983501,0.26215762715919,0.531848783624935,NA,"sintetico_postestratificado",FALSE,0.269691156465746,"08","060","Santa Bárbara"
267,0.392962574917197,0.272275972608154,0.520497181175842,NA,"sintetico_postestratificado",FALSE,0.248221208567688,"08","044","Matamoros"
268,0.398548252302848,0.264381488023881,0.548424607974403,NA,"sintetico_postestratificado",FALSE,0.284043119950522,"08","045","Meoqui"
269,0.386766380905166,0.269618699381921,0.513048700139001,NA,"sintetico_postestratificado",FALSE,0.24343000075708,"08","046","Morelos"
270,0.359119806398845,0.243528941705579,0.491009671980606,NA,"sintetico_postestratificado",FALSE,0.247480730275027,"08","047","Moris"
271,0.370063309943168,0.251742194665492,0.502375620121737,NA,"sintetico_postestratificado",FALSE,0.250633425456245,"08","048","Namiquipa"
272,0.386138977741799,0.271963373526181,0.509225629467177,NA,"sintetico_postestratificado",FALSE,0.237262255940996,"08","029","Guadalupe y Calvo"
273,0.372254658094928,0.259961935335177,0.48716371079141,9,"muestra_directa",TRUE,0.227201775456233,"08","036","Jiménez"
274,0.316977257028775,0.21289915767582,0.440352552902521,NA,"sintetico_postestratificado",FALSE,0.227453395226701,"08","049","Nonoava"
275,0.359846916941428,0.252698461079621,0.491676753950746,8,"muestra_directa",TRUE,0.238978292871124,"08","002","Aldama"
276,0.444919062807893,0.326243554755436,0.55879070735639,19,"muestra_directa",FALSE,0.232547152600955,"09","012","Tlalpan"
277,0.471026922783147,0.358288924588702,0.580842585424373,10,"muestra_directa",FALSE,0.222553660835671,"09","009","Milpa Alta"
278,0.479314582997874,0.368208170361785,0.603596337443596,11,"muestra_directa",FALSE,0.23538816708181,"09","015","Cuauhtémoc"
279,0.46098828097662,0.384225194834201,0.554892348625602,90,"muestra_directa",FALSE,0.170667153791401,"09","007","Iztapalapa"
280,0.441219422930088,0.323088629107806,0.564293159761297,17,"muestra_directa",FALSE,0.241204530653491,"09","008","La Magdalena Contreras"
281,0.371808641559569,0.269219027765725,0.474915120294555,28,"muestra_directa",FALSE,0.20569609252883,"09","010","Álvaro Obregón"
282,0.424275807020753,0.313016782393459,0.544243333122565,9,"muestra_directa",TRUE,0.231226550729106,"09","003","Coyoacán"
283,0.439608353257916,0.319370092464516,0.552945576924189,8,"muestra_directa",TRUE,0.233575484459673,"09","016","Miguel Hidalgo"
284,0.455356764441651,0.331049211956256,0.588452093562053,3,"muestra_directa",TRUE,0.257402881605797,"09","004","Cuajimalpa de Morelos"
285,0.445151222519718,0.339416472179128,0.564111746866038,19,"muestra_directa",FALSE,0.22469527468691,"09","006","Iztacalco"
286,0.45317580194764,0.339616809155008,0.572598460553231,12,"muestra_directa",FALSE,0.232981651398223,"09","011","Tláhuac"
287,0.441157165457039,0.333278076073393,0.567442915928744,11,"muestra_directa",FALSE,0.234164839855351,"09","013","Xochimilco"
288,0.564236649623038,0.466744420142053,0.668351889096525,46,"muestra_directa",FALSE,0.201607468954471,"09","005","Gustavo A. Madero"
289,0.478761050662942,0.352696449080656,0.591808986176661,12,"muestra_directa",FALSE,0.239112537096005,"09","002","Azcapotzalco"
290,0.505330913473053,0.383971433796903,0.61796446095292,21,"muestra_directa",FALSE,0.233993027156017,"09","017","Venustiano Carranza"
291,0.444386714709626,0.314216242954978,0.562526555118856,4,"muestra_directa",TRUE,0.248310312163878,"09","014","Benito Juárez"
292,0.372955678165663,0.25989070141456,0.484758758929096,11,"muestra_directa",FALSE,0.224868057514536,"10","006","General Simón Bolívar"
293,0.331694275580905,0.224526643356274,0.440752568030012,11,"muestra_directa",FALSE,0.216225924673738,"10","008","Guadalupe Victoria"
294,0.349839673674672,0.236164911904667,0.473022193901592,NA,"sintetico_postestratificado",FALSE,0.236857281996925,"10","009","Guanaceví"
295,0.420977391793161,0.298838343796312,0.558229230786097,NA,"sintetico_postestratificado",FALSE,0.259390886989786,"10","010","Hidalgo"
296,0.403507303101531,0.269942860229613,0.557513842294929,NA,"sintetico_postestratificado",FALSE,0.287570982065316,"10","029","San Luis del Cordero"
297,0.421596972337108,0.302099264891042,0.544994854751723,NA,"sintetico_postestratificado",FALSE,0.242895589860682,"10","031","Santa Clara"
298,0.339662506443528,0.232325875508653,0.455216589023824,NA,"sintetico_postestratificado",FALSE,0.222890713515171,"10","011","Indé"
299,0.403131139245217,0.284181518965149,0.52853752274689,4,"muestra_directa",TRUE,0.244356003781741,"10","038","Vicente Guerrero"
300,0.373558457717859,0.260644332478329,0.500128107164177,NA,"sintetico_postestratificado",FALSE,0.239483774685848,"10","030","San Pedro del Gallo"
301,0.393663501988101,0.278012856227467,0.509223691455963,NA,"sintetico_postestratificado",FALSE,0.231210835228496,"10","023","Pueblo Nuevo"
302,0.351560467554866,0.232761308038758,0.478996223122629,NA,"sintetico_postestratificado",FALSE,0.246234915083871,"10","025","San Bernardo"
303,0.35854269121751,0.241596239194239,0.474241674097282,1,"muestra_directa",TRUE,0.232645434903043,"10","032","Santiago Papasquiaro"
304,0.359272966581939,0.244239652147843,0.494150502869044,NA,"sintetico_postestratificado",FALSE,0.249910850721201,"10","027","San Juan de Guadalupe"
305,0.360379349342441,0.258660775509861,0.469525694932423,24,"muestra_directa",FALSE,0.210864919422562,"10","007","Gómez Palacio"
306,0.349783061930258,0.250669336910936,0.466549548305828,NA,"sintetico_postestratificado",FALSE,0.215880211394893,"10","015","Nazas"
307,0.337850056011665,0.220563892454149,0.470336816063455,NA,"sintetico_postestratificado",FALSE,0.249772923609307,"10","035","Tepehuanes"
308,0.389008141171329,0.27577320179617,0.506106179734053,3,"muestra_directa",TRUE,0.230332977937883,"10","022","Poanas"
309,0.353040823032923,0.246973562324453,0.46774674729935,7,"muestra_directa",TRUE,0.220773184974897,"10","028","San Juan del Río"
310,0.358054785307835,0.25190748314879,0.481075352164781,NA,"sintetico_postestratificado",FALSE,0.229167869015991,"10","017","Ocampo"
311,0.316844887582583,0.21225755016773,0.433349696127402,NA,"sintetico_postestratificado",FALSE,0.221092145959672,"10","001","Canatlán"
312,0.443283788010059,0.347422391657975,0.549737113874884,51,"muestra_directa",FALSE,0.202314722216909,"10","005","Durango"
313,0.350833900168114,0.225866095489129,0.497195780996302,NA,"sintetico_postestratificado",FALSE,0.271329685507173,"10","037","Topia"
314,0.363630902183978,0.254238407068917,0.482155391032184,6,"muestra_directa",TRUE,0.227916983963267,"10","033","Súchil"
315,0.363568497477593,0.25708307241325,0.487176094897717,NA,"sintetico_postestratificado",FALSE,0.230093022484467,"10","036","Tlahualilo"
316,0.350024478318046,0.257393174640285,0.448853343924742,26,"muestra_directa",FALSE,0.191460169284457,"10","012","Lerdo"
317,0.385191893483467,0.269308948245636,0.511834299888435,NA,"sintetico_postestratificado",FALSE,0.242525351642799,"10","014","Mezquital"
318,0.358226109288319,0.241378815998501,0.485348478026981,NA,"sintetico_postestratificado",FALSE,0.24396966202848,"10","026","San Dimas"
319,0.389229548397366,0.252413857240477,0.534132522260892,NA,"sintetico_postestratificado",FALSE,0.281718665020415,"10","019","Otáez"
320,0.353562319893022,0.244733111926269,0.484605972921005,NA,"sintetico_postestratificado",FALSE,0.239872860994736,"10","034","Tamazula"
321,0.373138731582694,0.257977220233542,0.50029564163277,3,"muestra_directa",TRUE,0.242318421399227,"10","013","Mapimí"
322,0.413030015718269,0.297115964854113,0.539885312401638,8,"muestra_directa",TRUE,0.242769347547524,"10","016","Nombre de Dios"
323,0.343020240084044,0.236609575721912,0.461503674040795,NA,"sintetico_postestratificado",FALSE,0.224894098318883,"10","018","El Oro"
324,0.339844378383116,0.217865802820883,0.482768427318804,NA,"sintetico_postestratificado",FALSE,0.264902624497921,"10","020","Pánuco de Coronado"
325,0.35237054280633,0.232415725473949,0.494847319050317,NA,"sintetico_postestratificado",FALSE,0.262431593576368,"10","002","Canelas"
326,0.387693132357809,0.250577358920963,0.530121397865303,3,"muestra_directa",TRUE,0.27954403894434,"10","039","Nuevo Ideal"
327,0.375257634820987,0.264072243343059,0.510856419055291,1,"muestra_directa",TRUE,0.246784175712232,"10","021","Peñón Blanco"
328,0.353197544457391,0.227739887262657,0.495730639921313,NA,"sintetico_postestratificado",FALSE,0.267990752658656,"10","003","Coneto de Comonfort"
329,0.388615171198267,0.276833104743625,0.517696553303392,NA,"sintetico_postestratificado",FALSE,0.240863448559767,"10","024","Rodeo"
330,0.402282952440704,0.288705699506042,0.523170911647096,NA,"sintetico_postestratificado",FALSE,0.234465212141053,"10","004","Cuencamé"
331,0.396570954494137,0.276533372266994,0.510197360743757,7,"muestra_directa",TRUE,0.233663988476764,"11","019","Jerécuaro"
332,0.449969428573118,0.367195326574317,0.531066593549955,110,"muestra_directa",FALSE,0.163871266975638,"11","020","León"
333,0.396663875030374,0.264223888544682,0.539690328083416,NA,"sintetico_postestratificado",FALSE,0.275466439538734,"11","021","Moroleón"
334,0.406930580328421,0.294182470921174,0.517668847214858,12,"muestra_directa",FALSE,0.223486376293684,"11","023","Pénjamo"
335,0.394824007076201,0.273277173949144,0.53517376560474,NA,"sintetico_postestratificado",FALSE,0.261896591655596,"11","038","Tarandacuao"
336,0.420896725465353,0.307015778475732,0.529638435344444,9,"muestra_directa",TRUE,0.222622656868712,"11","039","Tarimoro"
337,0.400485490416186,0.264246709152425,0.528744705992526,NA,"sintetico_postestratificado",FALSE,0.2644979968401,"11","040","Tierra Blanca"
338,0.395748586702111,0.269393755505409,0.522111491210841,6,"muestra_directa",TRUE,0.252717735705432,"11","041","Uriangato"
339,0.418121459751164,0.302653298626741,0.539876157098111,8,"muestra_directa",TRUE,0.237222858471369,"11","002","Acámbaro"
340,0.413378681368042,0.296285041886639,0.539805325886981,2,"muestra_directa",TRUE,0.243520284000341,"11","012","Cuerámaro"
341,0.40976208345631,0.291933443010357,0.528890873762978,6,"muestra_directa",TRUE,0.236957430752621,"11","013","Doctor Mora"
342,0.458757670009968,0.35028846258917,0.58028255244277,14,"muestra_directa",FALSE,0.2299940898536,"11","014","Dolores Hidalgo Cuna de la Independencia Nacional"
343,0.413560017771137,0.302050187401499,0.531687266095879,9,"muestra_directa",TRUE,0.22963707869438,"11","022","Ocampo"
344,0.408714881983753,0.293043471332968,0.541282909214683,NA,"sintetico_postestratificado",FALSE,0.248239437881715,"11","024","Pueblo Nuevo"
345,0.424490274900388,0.307912855811438,0.533446999123615,11,"muestra_directa",FALSE,0.225534143312177,"11","030","San Felipe"
346,0.404817944445517,0.269023239566778,0.54691327052064,NA,"sintetico_postestratificado",FALSE,0.277890030953862,"11","036","Santiago Maravatío"
347,0.50648105663269,0.405013479606076,0.62044136892832,33,"muestra_directa",FALSE,0.215427889322244,"11","007","Celaya"
348,0.374018519564274,0.267535411424753,0.473935427447931,10,"muestra_directa",FALSE,0.206400016023177,"11","027","Salamanca"
349,0.39202586760323,0.277706228315993,0.513939142455031,2,"muestra_directa",TRUE,0.236232914139038,"11","035","Santa Cruz de Juventino Rosas"
350,0.440840872161706,0.324586243756017,0.578461066582775,2,"muestra_directa",TRUE,0.253874822826759,"11","011","Cortazar"
351,0.432731177489456,0.315431670099459,0.556454191474946,5,"muestra_directa",TRUE,0.241022521375487,"11","031","San Francisco del Rincón"
352,0.431144478647795,0.314128243839818,0.552521155677738,7,"muestra_directa",TRUE,0.238392911837919,"11","025","Purísima del Rincón"
353,0.421206204679724,0.308052676391863,0.545499073692566,2,"muestra_directa",TRUE,0.237446397300703,"11","026","Romita"
354,0.4249163065156,0.306512573091519,0.540356972713945,4,"muestra_directa",TRUE,0.233844399622426,"11","028","Salvatierra"
355,0.416966778117632,0.300422782697551,0.550223888369253,2,"muestra_directa",TRUE,0.249801105671702,"11","029","San Diego de la Unión"
356,0.374846812142058,0.259629735216125,0.481123150909445,4,"muestra_directa",TRUE,0.22149341569332,"11","032","San José Iturbide"
357,0.434988778985411,0.316887862658562,0.559089060679681,4,"muestra_directa",TRUE,0.242201198021119,"11","033","San Luis de la Paz"
358,0.414790389847424,0.28763193910394,0.558071074141976,NA,"sintetico_postestratificado",FALSE,0.270439135038036,"11","034","Santa Catarina"
359,0.433141080482133,0.320850867577541,0.55474944939008,14,"muestra_directa",FALSE,0.233898581812539,"11","037","Silao de la Victoria"
360,0.466215912784351,0.359889754204147,0.584331936015985,13,"muestra_directa",FALSE,0.224442181811838,"11","042","Valle de Santiago"
361,0.375115973942206,0.260955552356683,0.503834431975463,1,"muestra_directa",TRUE,0.24287887961878,"11","043","Victoria"
362,0.364052297223956,0.246457397362201,0.484781124214678,NA,"sintetico_postestratificado",FALSE,0.238323726852478,"11","045","Xichú"
363,0.450730051029137,0.332295547222151,0.577187949138304,7,"muestra_directa",TRUE,0.244892401916153,"11","044","Villagrán"
364,0.419646263131941,0.308898926478343,0.541471818324583,3,"muestra_directa",TRUE,0.232572891846241,"11","046","Yuriria"
365,0.407664491094158,0.290913453953652,0.521420992826845,4,"muestra_directa",TRUE,0.230507538873193,"11","001","Abasolo"
366,0.390596579307957,0.280497366754531,0.499962874605285,7,"muestra_directa",TRUE,0.219465507850754,"11","003","San Miguel de Allende"
367,0.399431180209106,0.288426864315187,0.507826344067351,10,"muestra_directa",FALSE,0.219399479752164,"11","004","Apaseo el Alto"
368,0.439304949215098,0.329866413307376,0.563676894634451,13,"muestra_directa",FALSE,0.233810481327076,"11","005","Apaseo el Grande"
369,0.372784476124551,0.249652886320254,0.503642664231995,NA,"sintetico_postestratificado",FALSE,0.253989777911742,"11","006","Atarjea"
370,0.427271885313033,0.315246130520088,0.548775403414001,1,"muestra_directa",TRUE,0.233529272893913,"11","008","Manuel Doblado"
371,0.4192715062717,0.301749962082666,0.554784825341885,6,"muestra_directa",TRUE,0.253034863259218,"11","009","Comonfort"
372,0.392753093199697,0.269269043763563,0.525540972545249,NA,"sintetico_postestratificado",FALSE,0.256271928781686,"11","010","Coroneo"
373,0.492024650572855,0.389738873065145,0.611791350647637,18,"muestra_directa",FALSE,0.222052477582492,"11","015","Guanajuato"
374,0.40503198001244,0.280141031093253,0.540634838117425,6,"muestra_directa",TRUE,0.260493807024171,"11","016","Huanímaro"
375,0.451791569229078,0.352092002582695,0.567992630703939,32,"muestra_directa",FALSE,0.215900628121244,"11","017","Irapuato"
376,0.402306004985744,0.291730406651849,0.520459135385052,8,"muestra_directa",TRUE,0.228728728733202,"11","018","Jaral del Progreso"
377,0.422412352153866,0.286145944100569,0.563294402130516,NA,"sintetico_postestratificado",FALSE,0.277148458029947,"12","033","Huamuxtitlán"
378,0.418404211560057,0.287818978276277,0.567700269339995,1,"muestra_directa",TRUE,0.279881291063718,"12","031","General Canuto A. Neri"
381,0.314661073346959,0.203451394462176,0.450522933800599,NA,"sintetico_postestratificado",FALSE,0.247071539338423,"12","073","Zirándaro"
382,0.378629481913911,0.261265500926018,0.511718736435718,NA,"sintetico_postestratificado",FALSE,0.2504532355097,"12","065","Tlalixtaquilla de Maldonado"
383,0.297073231909137,0.189410154290388,0.434895909320639,NA,"sintetico_postestratificado",FALSE,0.245485755030251,"12","047","Pedro Ascencio Alquisiras"
384,0.341503471690437,0.227630435640378,0.46919378323188,NA,"sintetico_postestratificado",FALSE,0.241563347591502,"12","054","San Miguel Totolapan"
385,0.369178246410882,0.246460871481579,0.50234201121624,1,"muestra_directa",TRUE,0.255881139734661,"12","053","San Marcos"
386,0.399899676674325,0.285371973475882,0.527205874053155,NA,"sintetico_postestratificado",FALSE,0.241833900577273,"12","066","Tlapa de Comonfort"
387,0.38245301431104,0.253742628815341,0.52460825019245,NA,"sintetico_postestratificado",FALSE,0.270865621377109,"12","048","Petatlán"
388,0.324133567787155,0.21325279893678,0.447582026989414,5,"muestra_directa",TRUE,0.234329228052634,"12","007","Arcelia"
389,0.340021830645542,0.226281900833873,0.467508750134884,4,"muestra_directa",TRUE,0.241226849301012,"12","012","Ayutla de los Libres"
390,0.414164345265595,0.287990418553368,0.546104959894706,NA,"sintetico_postestratificado",FALSE,0.258114541341338,"12","006","Apaxtla"
391,0.382484518818844,0.262810046769066,0.510370346135799,NA,"sintetico_postestratificado",FALSE,0.247560299366733,"12","010","Atlixtac"
392,0.421023445260024,0.302603862139392,0.548072928297821,2,"muestra_directa",TRUE,0.245469066158429,"12","011","Atoyac de Álvarez"
393,0.46627264279634,0.334861213165466,0.605904472945776,6,"muestra_directa",TRUE,0.27104325978031,"12","032","General Heliodoro Castillo"
394,0.429743726351582,0.306373663598352,0.557218370912656,NA,"sintetico_postestratificado",FALSE,0.250844707314304,"12","028","Chilapa de Álvarez"
395,0.383512798714553,0.271280596724007,0.50400640968131,5,"muestra_directa",TRUE,0.232725812957304,"12","029","Chilpancingo de los Bravo"
396,0.407480408666931,0.279183469904572,0.544057985600449,NA,"sintetico_postestratificado",FALSE,0.264874515695877,"12","004","Alcozauca de Guerrero"
397,0.333081350415367,0.218028155096303,0.461058742066462,NA,"sintetico_postestratificado",FALSE,0.243030586970159,"12","068","La Unión de Isidoro Montes de Oca"
398,0.323590741050463,0.220637835392486,0.455251840575338,6,"muestra_directa",TRUE,0.234614005182852,"12","039","Juan R. Escudero"
399,0.389572352306249,0.274531592704164,0.534153231029539,7,"muestra_directa",TRUE,0.259621638325375,"12","038","Zihuatanejo de Azueta"
400,0.406107411989364,0.285796389368006,0.531691784544478,NA,"sintetico_postestratificado",FALSE,0.245895395176472,"12","043","Metlatónoc"
401,0.400278869927302,0.274152584109868,0.552363679110455,NA,"sintetico_postestratificado",FALSE,0.278211095000587,"12","030","Florencio Villarreal"
402,0.350021196657121,0.227162008858456,0.473792591834202,NA,"sintetico_postestratificado",FALSE,0.246630582975746,"12","064","Tlalchapa"
403,0.368685980730235,0.242974324156743,0.501033963725508,NA,"sintetico_postestratificado",FALSE,0.258059639568764,"12","067","Tlapehuala"
404,0.362876394528419,0.253111487776262,0.486035939066626,15,"muestra_directa",FALSE,0.232924451290364,"12","001","Acapulco de Juárez"
405,0.416440455226094,0.291919983253157,0.548669068048471,NA,"sintetico_postestratificado",FALSE,0.256749084795314,"12","019","Copalillo"
406,0.437588583298776,0.31150231042854,0.573188296906818,NA,"sintetico_postestratificado",FALSE,0.261685986478278,"12","045","Olinalá"
407,0.420102210652121,0.304338005711199,0.554533143522896,NA,"sintetico_postestratificado",FALSE,0.250195137811697,"12","008","Atenango del Río"
408,0.334964399234883,0.219119469659209,0.476959157450448,NA,"sintetico_postestratificado",FALSE,0.257839687791239,"12","009","Atlamajalcingo del Monte"
409,0.340707427629364,0.226511826380328,0.481011604166049,NA,"sintetico_postestratificado",FALSE,0.254499777785721,"12","046","Ometepec"
410,0.364088334556118,0.24847583319725,0.494493002258481,NA,"sintetico_postestratificado",FALSE,0.246017169061231,"12","036","Igualapa"
411,0.387160594578127,0.272149743427343,0.522797570824703,NA,"sintetico_postestratificado",FALSE,0.250647827397361,"12","044","Mochitlán"
412,0.406372291762816,0.299037001530133,0.544354754907311,4,"muestra_directa",TRUE,0.245317753377178,"12","042","Mártir de Cuilapan"
413,0.355455044077696,0.235141818015397,0.485423536189147,NA,"sintetico_postestratificado",FALSE,0.25028171817375,"12","040","Leonardo Bravo"
414,0.350307165373206,0.235301424515439,0.480060607221066,NA,"sintetico_postestratificado",FALSE,0.244759182705628,"12","076","Acatepec"
415,0.415378153161743,0.295160903976261,0.536756477754349,4,"muestra_directa",TRUE,0.241595573778088,"12","075","Eduardo Neri"
416,0.372510121058063,0.256294316459115,0.515037693987027,NA,"sintetico_postestratificado",FALSE,0.258743377527912,"12","074","Zitlala"
417,0.355865177766781,0.236813334556399,0.49691448807678,NA,"sintetico_postestratificado",FALSE,0.260101153520381,"12","072","Zapotitlán Tablas"
418,0.360135468636634,0.235510053250493,0.506446331241937,NA,"sintetico_postestratificado",FALSE,0.270936277991444,"12","071","Xochistlahuaca"
419,0.362644424331318,0.244923663201242,0.498671216204848,NA,"sintetico_postestratificado",FALSE,0.253747553003606,"12","070","Xochihuehuetlán"
420,0.346586745385766,0.229964726901383,0.478226981603145,NA,"sintetico_postestratificado",FALSE,0.248262254701762,"12","069","Xalpatláhuac"
421,0.376494615630472,0.248466279726536,0.524952090200351,NA,"sintetico_postestratificado",FALSE,0.276485810473815,"12","052","San Luis Acatlán"
422,0.362573189805696,0.241726650658274,0.501643130942055,NA,"sintetico_postestratificado",FALSE,0.259916480283781,"12","041","Malinaltepec"
423,0.362223964174037,0.247852610219708,0.484464397445337,1,"muestra_directa",TRUE,0.236611787225628,"12","062","Tlacoachistlahuaca"
424,0.381528928731301,0.258687327317061,0.535784162924691,NA,"sintetico_postestratificado",FALSE,0.27709683560763,"12","023","Cuajinicuilapa"
425,0.383905233706411,0.26141252742653,0.518613441215153,NA,"sintetico_postestratificado",FALSE,0.257200913788623,"12","013","Azoyú"
426,0.40255581043572,0.289650805595207,0.537754134025786,NA,"sintetico_postestratificado",FALSE,0.248103328430579,"12","024","Cualác"
427,0.39360969329335,0.279987450889311,0.522874265172113,9,"muestra_directa",TRUE,0.242886814282802,"12","027","Cutzamala de Pinzón"
428,0.41019561955872,0.295527212028199,0.54737110393229,NA,"sintetico_postestratificado",FALSE,0.251843891904092,"12","037","Ixcateopan de Cuauhtémoc"
429,0.338581809638648,0.223234581114724,0.460772763208213,NA,"sintetico_postestratificado",FALSE,0.237538182093489,"12","055","Taxco de Alarcón"
430,0.341364925754299,0.218655261715697,0.478593697369887,NA,"sintetico_postestratificado",FALSE,0.25993843565419,"12","025","Cuautepec"
431,0.375979495836581,0.263788919722483,0.508920000964287,NA,"sintetico_postestratificado",FALSE,0.245131081241805,"12","026","Cuetzala del Progreso"
432,0.391062210277924,0.26963951131465,0.53641022412757,NA,"sintetico_postestratificado",FALSE,0.266770712812921,"12","059","Tepecoacuilco de Trujano"
433,0.354679728356006,0.235606501671782,0.509888690176902,NA,"sintetico_postestratificado",FALSE,0.27428218850512,"12","077","Marquelia"
434,0.390196413367004,0.25901218178906,0.546537343439825,NA,"sintetico_postestratificado",FALSE,0.287525161650765,"12","078","Cochoapa el Grande"
435,0.394025318551322,0.281800485162006,0.529127108445561,5,"muestra_directa",TRUE,0.247326623283555,"12","061","Tixtla de Guerrero"
436,0.429871895884068,0.300561640164302,0.571013866734192,NA,"sintetico_postestratificado",FALSE,0.27045222656989,"12","018","Copala"
437,0.381637085240597,0.25005986056278,0.510725483862053,1,"muestra_directa",TRUE,0.260665623299273,"12","056","Tecoanapa"
438,0.360840514831245,0.234437869809324,0.488911062922326,NA,"sintetico_postestratificado",FALSE,0.254473193113002,"12","003","Ajuchitlán del Progreso"
439,0.369582991315629,0.255152098701531,0.513401811865989,NA,"sintetico_postestratificado",FALSE,0.258249713164458,"12","002","Ahuacuotzingo"
440,0.346072080284958,0.23590706813489,0.465349477097953,7,"muestra_directa",TRUE,0.229442408963063,"12","035","Iguala de la Independencia"
441,0.369825622447616,0.248756205556808,0.499951986970642,NA,"sintetico_postestratificado",FALSE,0.251195781413834,"12","016","Coahuayutla de José María Izazaga"
442,0.42651922929361,0.297888241936493,0.559451613757592,NA,"sintetico_postestratificado",FALSE,0.261563371821099,"12","017","Cocula"
443,0.373037173581718,0.252112520366599,0.510628835216265,NA,"sintetico_postestratificado",FALSE,0.258516314849666,"12","020","Copanatoyac"
444,0.387598121622005,0.273048678815684,0.51540827825942,NA,"sintetico_postestratificado",FALSE,0.242359599443736,"12","057","Técpan de Galeana"
445,0.40217755351573,0.274122265726339,0.537503685212855,NA,"sintetico_postestratificado",FALSE,0.263381419486516,"12","021","Coyuca de Benítez"
446,0.423844650783819,0.304678816264885,0.548240002011187,NA,"sintetico_postestratificado",FALSE,0.243561185746302,"12","022","Coyuca de Catalán"
447,0.349512488897018,0.224424397744363,0.499125032919386,NA,"sintetico_postestratificado",FALSE,0.274700635175023,"12","060","Tetipac"
448,0.369198865686249,0.238740630148937,0.505472942028298,NA,"sintetico_postestratificado",FALSE,0.266732311879361,"12","063","Tlacoapa"
449,0.352689099381401,0.248927956433516,0.471026142223958,NA,"sintetico_postestratificado",FALSE,0.222098185790442,"12","058","Teloloapan"
450,0.325254070566098,0.218083134243922,0.454808453604131,3,"muestra_directa",TRUE,0.236725319360209,"12","051","Quechultenango"
451,0.361667522652351,0.241938186008122,0.487713070201456,NA,"sintetico_postestratificado",FALSE,0.245774884193334,"12","050","Pungarabato"
452,0.320669775532773,0.199609978097546,0.451751565535665,NA,"sintetico_postestratificado",FALSE,0.252141587438119,"12","081","Iliatenco"
453,0.349046231573765,0.210531531538751,0.515202402185779,NA,"sintetico_postestratificado",FALSE,0.304670870647028,"12","080","Juchitán"
454,0.346659012899614,0.230156516528154,0.477622762797403,NA,"sintetico_postestratificado",FALSE,0.247466246269248,"12","005","Alpoyeca"
455,0.35514367024971,0.233629267425569,0.498696480792903,6,"muestra_directa",TRUE,0.265067213367334,"12","014","Benito Juárez"
456,0.34962832485485,0.233722346059487,0.478674342402621,NA,"sintetico_postestratificado",FALSE,0.244951996343134,"12","015","Buenavista de Cuéllar"
457,0.325359254129424,0.210930295413184,0.459683010988645,NA,"sintetico_postestratificado",FALSE,0.248752715575461,"12","049","Pilcaya"
458,0.376689266903072,0.236774030075854,0.52529039879968,NA,"sintetico_postestratificado",FALSE,0.288516368723826,"12","079","José Joaquín de Herrera"
459,0.387328005902609,0.275925204164508,0.515235232630453,NA,"sintetico_postestratificado",FALSE,0.239310028465945,"12","034","Huitzuco de los Figueroa"
462,0.405452760072245,0.291979264776727,0.545148804880546,NA,"sintetico_postestratificado",FALSE,0.253169540103819,"13","004","Agua Blanca de Iturbide"
463,0.312125352238911,0.20652280555834,0.443736932208841,6,"muestra_directa",TRUE,0.237214126650501,"13","010","Atitalaquia"
464,0.367621871580054,0.24811861006545,0.500269047466373,NA,"sintetico_postestratificado",FALSE,0.252150437400922,"13","081","Zacualtipán de Ángeles"
465,0.321283947609144,0.215032314009023,0.450626981018302,NA,"sintetico_postestratificado",FALSE,0.235594667009279,"13","034","Lolotla"
466,0.351445179682856,0.240998218863941,0.486216906397689,2,"muestra_directa",TRUE,0.245218687533749,"13","080","Yahualica"
467,0.338550166154419,0.22546723238221,0.472360405170077,NA,"sintetico_postestratificado",FALSE,0.246893172787867,"13","079","Xochicoatlán"
468,0.362042245607141,0.251681924935903,0.479364713864139,1,"muestra_directa",TRUE,0.227682788928236,"13","041","Mixquiahuala de Juárez"
469,0.370579950859707,0.237054633093139,0.516674366082105,NA,"sintetico_postestratificado",FALSE,0.279619732988966,"13","032","Jaltocán"
470,0.351646643007228,0.238927837061749,0.471730012583487,NA,"sintetico_postestratificado",FALSE,0.232802175521738,"13","019","Chilcuautla"
471,0.437681871810296,0.312062296088776,0.570792400691297,NA,"sintetico_postestratificado",FALSE,0.258730104602521,"13","082","Zapotlán de Juárez"
472,0.357042856600858,0.235496779075952,0.485089150110238,NA,"sintetico_postestratificado",FALSE,0.249592371034286,"13","050","Progreso de Obregón"
473,0.387155423581585,0.274470402523338,0.513652596983132,NA,"sintetico_postestratificado",FALSE,0.239182194459794,"13","083","Zempoala"
474,0.398716614815041,0.276111486342982,0.524510462629421,4,"muestra_directa",TRUE,0.248398976286439,"13","018","Chapulhuacán"
475,0.388513928881167,0.272589078437374,0.513603443783256,2,"muestra_directa",TRUE,0.241014365345882,"13","035","Metepec"
476,0.36480797832179,0.237703613170236,0.503402184335998,NA,"sintetico_postestratificado",FALSE,0.265698571165762,"13","036","San Agustín Metzquititlán"
477,0.347249983600434,0.240755355608821,0.457889328813312,11,"muestra_directa",FALSE,0.217133973204491,"13","037","Metztitlán"
478,0.361716907728055,0.24153253008809,0.499167822696459,NA,"sintetico_postestratificado",FALSE,0.257635292608369,"13","020","Eloxochitlán"
479,0.395251738753522,0.26917300402142,0.524941413051296,NA,"sintetico_postestratificado",FALSE,0.255768409029876,"13","022","Epazoyucan"
480,0.392443748315736,0.258663500817103,0.537600072888634,NA,"sintetico_postestratificado",FALSE,0.27893657207153,"13","023","Francisco I. Madero"
481,0.402265151724536,0.281084411659206,0.535204230053323,NA,"sintetico_postestratificado",FALSE,0.254119818394117,"13","052","San Agustín Tlaxiaca"
482,0.395268876355332,0.276899283866469,0.524008792492908,3,"muestra_directa",TRUE,0.24710950862644,"13","024","Huasca de Ocampo"
483,0.432918179731574,0.287596847326372,0.582239595610731,NA,"sintetico_postestratificado",FALSE,0.294642748284359,"13","009","El Arenal"
484,0.434483101048737,0.311388546082137,0.571512436133425,NA,"sintetico_postestratificado",FALSE,0.260123890051288,"13","038","Mineral del Chico"
485,0.40728608815816,0.27690965496378,0.537243552821314,NA,"sintetico_postestratificado",FALSE,0.260333897857534,"13","071","Tlahuiltepa"
486,0.395619477490669,0.261972661624957,0.535255100910908,NA,"sintetico_postestratificado",FALSE,0.273282439285952,"13","064","Tepetitlán"
487,0.390828520009215,0.270508293086315,0.519957854680386,NA,"sintetico_postestratificado",FALSE,0.249449561594071,"13","053","San Bartolo Tutotepec"
488,0.369048227787797,0.260797196216377,0.475188095571284,3,"muestra_directa",TRUE,0.214390899354908,"13","008","Apan"
489,0.363643471945432,0.240138171974617,0.502179614652208,NA,"sintetico_postestratificado",FALSE,0.262041442677591,"13","007","Almoloya"
490,0.35004129974569,0.233520820777859,0.474875359937499,NA,"sintetico_postestratificado",FALSE,0.24135453915964,"13","068","Tianguistengo"
491,0.393674372237377,0.275313710665501,0.520499393004863,4,"muestra_directa",TRUE,0.245185682339363,"13","069","Tizayuca"
492,0.385428707059853,0.27236588561763,0.499360453289788,10,"muestra_directa",FALSE,0.226994567672158,"13","076","Tula de Allende"
493,0.368538608451837,0.257633528748566,0.504015418062057,NA,"sintetico_postestratificado",FALSE,0.24638188931349,"13","078","Xochiatipan"
494,0.378880789709998,0.259173955488027,0.51204031559581,NA,"sintetico_postestratificado",FALSE,0.252866360107784,"13","074","Tlaxcoapan"
495,0.371661476890996,0.256167574231643,0.500873786297082,6,"muestra_directa",TRUE,0.244706212065438,"13","051","Mineral de la Reforma"
496,0.335693315049177,0.232670207969951,0.450980512998229,NA,"sintetico_postestratificado",FALSE,0.218310305028279,"13","030","Ixmiquilpan"
497,0.344013015346902,0.230404353522866,0.466544445704445,NA,"sintetico_postestratificado",FALSE,0.236140092181579,"13","031","Jacala de Ledezma"
498,0.362977377421164,0.24362692727152,0.478315864066289,1,"muestra_directa",TRUE,0.23468893679477,"13","029","Huichapan"
499,0.375664994418962,0.251261965136135,0.511371045792533,NA,"sintetico_postestratificado",FALSE,0.260109080656398,"13","070","Tlahuelilpan"
500,0.372998651200597,0.260186720344197,0.49166840340008,NA,"sintetico_postestratificado",FALSE,0.231481683055883,"13","025","Huautla"
501,0.403400644950232,0.292451990382443,0.530490486300532,3,"muestra_directa",TRUE,0.23803849591809,"13","054","San Salvador"
502,0.37726810904436,0.261182714215591,0.505944595277034,NA,"sintetico_postestratificado",FALSE,0.244761881061442,"13","055","Santiago de Anaya"
503,0.340817253670574,0.238437704572642,0.459306469827711,5,"muestra_directa",TRUE,0.220868765255069,"13","006","Alfajayucan"
504,0.36751733573278,0.255185258091837,0.486843970423071,8,"muestra_directa",TRUE,0.231658712331235,"13","048","Pachuca de Soto"
505,0.335789608111702,0.217726811407497,0.465430814053501,NA,"sintetico_postestratificado",FALSE,0.247704002646004,"13","026","Huazalingo"
506,0.344340275875322,0.237276229526404,0.469556514235967,4,"muestra_directa",TRUE,0.232280284709563,"13","027","Huehuetla"
507,0.41780379648092,0.298396568908379,0.539865314895066,5,"muestra_directa",TRUE,0.241468745986686,"13","028","Huejutla de Reyes"
508,0.39393714478049,0.273611647966652,0.515902074859061,NA,"sintetico_postestratificado",FALSE,0.242290426892409,"13","043","Nicolás Flores"
509,0.405992727293707,0.283625648903347,0.544365549738434,NA,"sintetico_postestratificado",FALSE,0.260739900835086,"13","065","Tetepango"
510,0.450024229333299,0.325143005580059,0.574819408065942,1,"muestra_directa",TRUE,0.249676402485883,"13","063","Tepeji del Río de Ocampo"
511,0.415121992278083,0.286606033337683,0.552773797040504,NA,"sintetico_postestratificado",FALSE,0.266167763702822,"13","033","Juárez Hidalgo"
512,0.391338675061808,0.272546687192203,0.514025219557542,NA,"sintetico_postestratificado",FALSE,0.241478532365339,"13","013","Atotonilco de Tula"
513,0.346291054087496,0.234712997879441,0.473636934959736,NA,"sintetico_postestratificado",FALSE,0.238923937080295,"13","014","Calnali"
514,0.399661246100105,0.275835738026267,0.52738306576002,NA,"sintetico_postestratificado",FALSE,0.251547327733752,"13","015","Cardonal"
515,0.415270526607289,0.299539736501717,0.5373547507519,NA,"sintetico_postestratificado",FALSE,0.237815014250182,"13","016","Cuautepec de Hinojosa"
516,0.441647047861581,0.30633247071724,0.578077764743041,NA,"sintetico_postestratificado",FALSE,0.271745294025801,"13","021","Emiliano Zapata"
517,0.398880110656614,0.281144304098617,0.524826522056104,NA,"sintetico_postestratificado",FALSE,0.243682217957488,"13","005","Ajacuba"
518,0.382613845563717,0.268046153453806,0.508166975826063,NA,"sintetico_postestratificado",FALSE,0.240120822372257,"13","017","Chapantongo"
519,0.404332280356746,0.281561311253471,0.540629661084415,NA,"sintetico_postestratificado",FALSE,0.259068349830944,"13","066","Villa de Tezontepec"
520,0.37793026972896,0.26148825376461,0.503917034550421,NA,"sintetico_postestratificado",FALSE,0.242428780785811,"13","067","Tezontepec de Aldama"
521,0.347260221398639,0.236132272246929,0.472709805650329,NA,"sintetico_postestratificado",FALSE,0.2365775334034,"13","044","Nopala de Villagrán"
522,0.391875375078241,0.267994071383536,0.519203077455512,NA,"sintetico_postestratificado",FALSE,0.251209006071976,"13","045","Omitlán de Juárez"
523,0.363951920728028,0.252543263025113,0.490307033937125,9,"muestra_directa",TRUE,0.237763770912012,"13","046","San Felipe Orizatlán"
524,0.397409392530897,0.269107084709425,0.527629573383716,NA,"sintetico_postestratificado",FALSE,0.258522488674291,"13","039","Mineral del Monte"
525,0.383868453158523,0.263201110893903,0.52225429520288,NA,"sintetico_postestratificado",FALSE,0.259053184308977,"13","047","Pacula"
526,0.346662150609562,0.236387980459201,0.473694201476014,NA,"sintetico_postestratificado",FALSE,0.237306221016813,"13","049","Pisaflores"
527,0.400233861760289,0.278960692490138,0.528325529542055,1,"muestra_directa",TRUE,0.249364837051917,"13","077","Tulancingo de Bravo"
528,0.36330582777596,0.25368113496222,0.491202243254734,NA,"sintetico_postestratificado",FALSE,0.237521108292513,"13","062","Tepehuacán de Guerrero"
529,0.370859799605839,0.260742588966006,0.496095325430272,NA,"sintetico_postestratificado",FALSE,0.235352736464266,"13","003","Actopan"
530,0.389238903107045,0.268673378784897,0.517162546901528,NA,"sintetico_postestratificado",FALSE,0.248489168116631,"13","002","Acaxochitlán"
531,0.41407482133692,0.301484281302358,0.549308258892661,NA,"sintetico_postestratificado",FALSE,0.247823977590303,"13","001","Acatlán"
532,0.39066641793363,0.278466730991151,0.518907810195382,1,"muestra_directa",TRUE,0.240441079204231,"13","061","Tepeapulco"
533,0.379055281452331,0.254862094471516,0.509183799540012,NA,"sintetico_postestratificado",FALSE,0.254321705068495,"13","058","Tasquillo"
534,0.354101559027166,0.238571738851015,0.475969607626392,NA,"sintetico_postestratificado",FALSE,0.237397868775377,"13","073","Tlanchinol"
535,0.387061887670384,0.273149251065973,0.516657839093081,NA,"sintetico_postestratificado",FALSE,0.243508588027108,"13","072","Tlanalapa"
536,0.396152302474,0.279590597409172,0.531507300112521,NA,"sintetico_postestratificado",FALSE,0.251916702703349,"13","059","Tecozautla"
537,0.429662803564004,0.301545488028985,0.562358787494422,NA,"sintetico_postestratificado",FALSE,0.260813299465437,"13","060","Tenango de Doria"
538,0.408049321049757,0.292082253300791,0.535543466564467,NA,"sintetico_postestratificado",FALSE,0.243461213263676,"13","012","Atotonilco el Grande"
539,0.383115395271803,0.262962074616271,0.51944593289562,NA,"sintetico_postestratificado",FALSE,0.256483858279349,"13","011","Atlapexco"
540,0.338802800283296,0.228414226658133,0.456381207841687,NA,"sintetico_postestratificado",FALSE,0.227966981183554,"13","040","La Misión"
541,0.330720437413087,0.217111596364962,0.465723560795843,NA,"sintetico_postestratificado",FALSE,0.248611964430881,"13","042","Molango de Escamilla"
542,0.374243467513576,0.253547125207934,0.510751601507953,NA,"sintetico_postestratificado",FALSE,0.257204476300019,"13","056","Santiago Tulantepec de Lugo Guerrero"
543,0.437075218134483,0.325671565092757,0.568146882819206,7,"muestra_directa",TRUE,0.242475317726449,"13","057","Singuilucan"
544,0.421577535107403,0.301334799773769,0.55514451915929,NA,"sintetico_postestratificado",FALSE,0.253809719385521,"13","084","Zimapán"
545,0.441240700025965,0.316353779624135,0.577804799150248,NA,"sintetico_postestratificado",FALSE,0.261451019526113,"13","075","Tolcayuca"
546,0.460876720123116,0.32609815826686,0.599798874451106,NA,"sintetico_postestratificado",FALSE,0.273700716184247,"14","122","Zapotitlán de Vadillo"
547,0.44852888336023,0.318227859481945,0.582937424647099,NA,"sintetico_postestratificado",FALSE,0.264709565165154,"14","019","Bolaños"
548,0.46260456038756,0.337914620710903,0.60665139836145,NA,"sintetico_postestratificado",FALSE,0.268736777650547,"14","065","Pihuamo"
549,0.372340440605567,0.250529722988649,0.479067400038086,8,"muestra_directa",TRUE,0.228537677049437,"14","101","Tonalá"
550,0.433974504968312,0.304346179658634,0.574677334658273,NA,"sintetico_postestratificado",FALSE,0.270331154999639,"14","076","San Martín de Bolaños"
551,0.417051540398185,0.295887001228042,0.542241950032374,NA,"sintetico_postestratificado",FALSE,0.246354948804331,"14","023","Zapotlán el Grande"
552,0.434653481390921,0.301094956346049,0.569106906290694,NA,"sintetico_postestratificado",FALSE,0.268011949944645,"14","074","San Julián"
553,0.43860701264005,0.316811345592209,0.560504057347042,NA,"sintetico_postestratificado",FALSE,0.243692711754833,"14","073","San Juan de los Lagos"
554,0.474636076330839,0.337861019059658,0.611548663242578,NA,"sintetico_postestratificado",FALSE,0.27368764418292,"14","062","Mixtlán"
555,0.451049000128024,0.328415463358282,0.57809368889385,NA,"sintetico_postestratificado",FALSE,0.249678225535568,"14","113","San Gabriel"
556,0.365718400623071,0.247818754705581,0.491986647351068,NA,"sintetico_postestratificado",FALSE,0.244167892645487,"14","087","Tecalitlán"
557,0.434991375883492,0.302904454678857,0.565943150167993,NA,"sintetico_postestratificado",FALSE,0.263038695489136,"14","014","Atoyac"
558,0.435148009555835,0.312129680556797,0.558716399523286,NA,"sintetico_postestratificado",FALSE,0.246586718966489,"14","015","Autlán de Navarro"
559,0.422487447683273,0.312337966145896,0.552212310800936,5,"muestra_directa",TRUE,0.239874344655041,"14","097","Tlajomulco de Zúñiga"
560,0.402932299279778,0.283410350493348,0.53353212793915,NA,"sintetico_postestratificado",FALSE,0.250121777445802,"14","055","Magdalena"
561,0.394327265488258,0.271015099297382,0.530635858270437,NA,"sintetico_postestratificado",FALSE,0.259620758973055,"14","063","Ocotlán"
562,0.41729466921091,0.289116344386261,0.552535664736835,NA,"sintetico_postestratificado",FALSE,0.263419320350574,"14","086","Tapalpa"
563,0.415656833311242,0.286484897634524,0.545906126207644,NA,"sintetico_postestratificado",FALSE,0.25942122857312,"14","043","La Huerta"
564,0.420147407418633,0.288512745101688,0.546292486608933,NA,"sintetico_postestratificado",FALSE,0.257779741507246,"14","116","Villa Hidalgo"
565,0.415641907570515,0.278853251864782,0.558073532976653,NA,"sintetico_postestratificado",FALSE,0.279220281111871,"14","012","Atenguillo"
566,0.427686018200956,0.307569163119388,0.55458067092785,NA,"sintetico_postestratificado",FALSE,0.247011507808461,"14","117","Cañadas de Obregón"
567,0.454385063531735,0.331418769489165,0.580512721297442,NA,"sintetico_postestratificado",FALSE,0.249093951808277,"14","118","Yahualica de González Gallo"
568,0.453093171715868,0.320816577625198,0.581125644866129,NA,"sintetico_postestratificado",FALSE,0.260309067240931,"14","017","Ayutla"
569,0.436662093224616,0.321415758939834,0.559666529165241,NA,"sintetico_postestratificado",FALSE,0.238250770225407,"14","119","Zacoalco de Torres"
570,0.384877015366114,0.276617262174147,0.50143273688506,8,"muestra_directa",TRUE,0.224815474710912,"14","120","Zapopan"
571,0.397693731319656,0.273056661659773,0.531984298533926,NA,"sintetico_postestratificado",FALSE,0.258927636874154,"14","121","Zapotiltic"
572,0.400082611136967,0.279971501295254,0.527460155503967,NA,"sintetico_postestratificado",FALSE,0.247488654208712,"14","123","Zapotlán del Rey"
573,0.425102117295512,0.299179560080394,0.563550957186699,NA,"sintetico_postestratificado",FALSE,0.264371397106305,"14","069","Quitupan"
574,0.421045901951501,0.301712750306593,0.552730396315966,NA,"sintetico_postestratificado",FALSE,0.251017646009373,"14","112","Valle de Juárez"
575,0.362347461156748,0.240158199932008,0.495408196084928,NA,"sintetico_postestratificado",FALSE,0.25524999615292,"14","111","Valle de Guadalupe"
576,0.410983743476292,0.278588341758126,0.552376983008181,NA,"sintetico_postestratificado",FALSE,0.273788641250054,"14","079","Gómez Farías"
577,0.449503920646208,0.318298875103505,0.570948836836651,NA,"sintetico_postestratificado",FALSE,0.252649961733146,"14","078","San Miguel el Alto"
578,0.440131364263251,0.317989838799301,0.570601585137431,NA,"sintetico_postestratificado",FALSE,0.25261174633813,"14","077","San Martín Hidalgo"
579,0.439019936256394,0.301102664909303,0.58158493538668,NA,"sintetico_postestratificado",FALSE,0.280482270477377,"14","075","San Marcos"
580,0.347875360772928,0.230476108334583,0.458838117069814,12,"muestra_directa",FALSE,0.228362008735231,"14","098","San Pedro Tlaquepaque"
581,0.391433812457101,0.272478538466099,0.525730771083734,NA,"sintetico_postestratificado",FALSE,0.253252232617635,"14","105","Tototlán"
582,0.388784811015121,0.265373210027573,0.524895952926005,NA,"sintetico_postestratificado",FALSE,0.259522742898432,"14","104","Totatiche"
583,0.411385774687498,0.273758859475845,0.548727200342665,NA,"sintetico_postestratificado",FALSE,0.27496834086682,"14","103","Tonila"
584,0.389793465116719,0.270743581558226,0.522988448625744,NA,"sintetico_postestratificado",FALSE,0.252244867067517,"14","024","Cocula"
585,0.413265376028264,0.27762420597585,0.548006568254168,NA,"sintetico_postestratificado",FALSE,0.270382362278319,"14","102","Tonaya"
586,0.422696063141575,0.295137000760359,0.554263711302398,NA,"sintetico_postestratificado",FALSE,0.25912671054204,"14","100","Tomatlán"
587,0.39946846047039,0.275900500056719,0.544417693599683,NA,"sintetico_postestratificado",FALSE,0.268517193542964,"14","099","Tolimán"
588,0.404753655229945,0.289148088135986,0.52520339652191,1,"muestra_directa",TRUE,0.236055308385924,"14","093","Tepatitlán de Morelos"
589,0.383943608521223,0.276392614070023,0.506445814120273,NA,"sintetico_postestratificado",FALSE,0.23005320005025,"14","124","Zapotlanejo"
590,0.413165342520953,0.288463522711541,0.55248897399594,NA,"sintetico_postestratificado",FALSE,0.264025451284399,"14","115","Villa Guerrero"
591,0.400110094980624,0.271663284740732,0.535413609906428,3,"muestra_directa",TRUE,0.263750325165695,"14","021","Casimiro Castillo"
592,0.406714033864106,0.277653436165117,0.554980933622407,NA,"sintetico_postestratificado",FALSE,0.27732749745729,"14","070","El Salto"
593,0.440997544218803,0.303709926624399,0.591488499709247,NA,"sintetico_postestratificado",FALSE,0.287778573084848,"14","020","Cabo Corrientes"
594,0.402186503204002,0.277938572048402,0.536119388653074,NA,"sintetico_postestratificado",FALSE,0.258180816604673,"14","018","La Barca"
595,0.406353228873841,0.288287967619137,0.538517534923364,NA,"sintetico_postestratificado",FALSE,0.250229567304227,"14","051","Juanacatlán"
596,0.431153752511489,0.290673469703308,0.561480399309438,1,"muestra_directa",TRUE,0.27080692960613,"14","044","Ixtlahuacán de los Membrillos"
597,0.394294569327014,0.285441743327542,0.508597044013727,20,"muestra_directa",FALSE,0.223155300686184,"14","039","Guadalajara"
598,0.388218168612377,0.253893967075393,0.530068413238288,NA,"sintetico_postestratificado",FALSE,0.276174446162895,"14","022","Cihuatlán"
599,0.447315206018418,0.332654502614155,0.574833916716483,NA,"sintetico_postestratificado",FALSE,0.242179414102328,"14","016","Ayotlán"
600,0.442849792859248,0.31874292568933,0.577088770529452,NA,"sintetico_postestratificado",FALSE,0.258345844840122,"14","080","San Sebastián del Oeste"
601,0.433293881700851,0.28852439230233,0.578848659917017,NA,"sintetico_postestratificado",FALSE,0.290324267614687,"14","125","San Ignacio Cerro Gordo"
602,0.404766854500509,0.277176667497192,0.543774162303754,NA,"sintetico_postestratificado",FALSE,0.266597494806562,"14","072","San Diego de Alejandría"
603,0.355368360994497,0.242837596020756,0.48241461951343,1,"muestra_directa",TRUE,0.239577023492674,"14","066","Poncitlán"
604,0.432899760706091,0.296398221210747,0.572883136532797,NA,"sintetico_postestratificado",FALSE,0.27648491532205,"14","110","Unión de Tula"
605,0.458694489292252,0.328913748186795,0.593348679948626,NA,"sintetico_postestratificado",FALSE,0.264434931761831,"14","092","Teocuitatlán de Corona"
606,0.436737770117621,0.32041036429192,0.560655906379546,NA,"sintetico_postestratificado",FALSE,0.240245542087626,"14","091","Teocaltiche"
607,0.435960080453046,0.307400111030133,0.561502688148076,2,"muestra_directa",TRUE,0.254102577117943,"14","002","Acatlán de Juárez"
608,0.443277523772146,0.325085668383387,0.574290976707342,NA,"sintetico_postestratificado",FALSE,0.249205308323955,"14","003","Ahualulco de Mercado"
609,0.433224380459948,0.30677083125933,0.562527649052797,NA,"sintetico_postestratificado",FALSE,0.255756817793467,"14","005","Amatitán"
610,0.405560397349429,0.27899265113161,0.524058327563352,NA,"sintetico_postestratificado",FALSE,0.245065676431742,"14","109","Unión de San Antonio"
611,0.389892277880278,0.271650518788107,0.513278575642706,NA,"sintetico_postestratificado",FALSE,0.241628056854599,"14","108","Tuxpan"
612,0.420630564284275,0.300158267740104,0.537946292207577,NA,"sintetico_postestratificado",FALSE,0.237788024467473,"14","088","Tecolotlán"
613,0.398043416521335,0.280243755749255,0.531741036395652,NA,"sintetico_postestratificado",FALSE,0.251497280646397,"14","090","Tenamaxtlán"
614,0.437376865280512,0.309127057124055,0.570438804025832,NA,"sintetico_postestratificado",FALSE,0.261311746901777,"14","071","San Cristóbal de la Barranca"
615,0.435222827983379,0.313182799260493,0.57280587636676,NA,"sintetico_postestratificado",FALSE,0.259623077106268,"14","068","Villa Purificación"
616,0.394979875195398,0.26384593798367,0.520129728946826,5,"muestra_directa",TRUE,0.256283790963156,"14","067","Puerto Vallarta"
617,0.40230007072887,0.285489852811183,0.531029326259894,NA,"sintetico_postestratificado",FALSE,0.245539473448711,"14","114","Villa Corona"
618,0.406208571254643,0.280974608353355,0.52945901763383,NA,"sintetico_postestratificado",FALSE,0.248484409280474,"14","107","Tuxcueca"
619,0.399367322810795,0.274349233400578,0.539065213296909,NA,"sintetico_postestratificado",FALSE,0.264715979896331,"14","106","Tuxcacuesco"
620,0.403669541342861,0.287154397991755,0.530338922101548,NA,"sintetico_postestratificado",FALSE,0.243184524109794,"14","025","Colotlán"
621,0.397082066538225,0.269360399497123,0.520744118404191,NA,"sintetico_postestratificado",FALSE,0.251383718907068,"14","027","Cuautitlán de García Barragán"
622,0.373973765038421,0.254412093593322,0.503587737677995,NA,"sintetico_postestratificado",FALSE,0.249175644084673,"14","028","Cuautla"
623,0.445434840184667,0.303187612374192,0.580096232178689,NA,"sintetico_postestratificado",FALSE,0.276908619804497,"14","011","Atengo"
624,0.448988109419479,0.322609440969876,0.575277601766895,NA,"sintetico_postestratificado",FALSE,0.252668160797018,"14","064","Ojuelos de Jalisco"
625,0.427476209313387,0.294194328050599,0.561144643751714,NA,"sintetico_postestratificado",FALSE,0.266950315701115,"14","032","Chiquilistlán"
626,0.439626806710276,0.321837342587281,0.561691905110497,NA,"sintetico_postestratificado",FALSE,0.239854562523217,"14","030","Chapala"
627,0.402043028291955,0.283192859352959,0.540116927625504,NA,"sintetico_postestratificado",FALSE,0.256924068272545,"14","029","Cuquío"
628,0.430004602881527,0.322977895631285,0.552587836092747,NA,"sintetico_postestratificado",FALSE,0.229609940461463,"14","094","Tequila"
629,0.430536219438714,0.30699583140437,0.554879368942032,NA,"sintetico_postestratificado",FALSE,0.247883537537662,"14","095","Teuchitlán"
630,0.410501336403598,0.289526769698928,0.549279537747132,NA,"sintetico_postestratificado",FALSE,0.259752768048204,"14","096","Tizapán el Alto"
631,0.421175421988965,0.301203713614999,0.555214096017865,NA,"sintetico_postestratificado",FALSE,0.254010382402865,"14","061","Mezquitic"
632,0.426930382434613,0.306305524175487,0.561950622678061,NA,"sintetico_postestratificado",FALSE,0.255645098502574,"14","060","Mexticacán"
633,0.418699302595353,0.301115809933041,0.548525073721582,NA,"sintetico_postestratificado",FALSE,0.247409263788541,"14","059","Mazamitla"
634,0.470457643585428,0.335645352028334,0.604781812203052,1,"muestra_directa",TRUE,0.269136460174718,"14","058","Mascota"
635,0.404389228620913,0.285858813857607,0.535471467106457,NA,"sintetico_postestratificado",FALSE,0.24961265324885,"14","057","La Manzanilla de la Paz"
636,0.428378271520549,0.308263658507683,0.547594134253551,NA,"sintetico_postestratificado",FALSE,0.239330475745868,"14","056","Santa María del Oro"
637,0.462878999459869,0.311308316096624,0.609556140590296,NA,"sintetico_postestratificado",FALSE,0.298247824493672,"14","054","El Limón"
638,0.398840567891145,0.276774793169738,0.529800971963477,NA,"sintetico_postestratificado",FALSE,0.253026178793739,"14","085","Tamazula de Gordiano"
639,0.446990114536052,0.316578139200966,0.560040368091802,NA,"sintetico_postestratificado",FALSE,0.243462228890835,"14","084","Talpa de Allende"
640,0.436286427427639,0.315500080232376,0.549678898790349,3,"muestra_directa",TRUE,0.234178818557973,"14","053","Lagos de Moreno"
641,0.433150603225004,0.296747974369849,0.583632348269237,NA,"sintetico_postestratificado",FALSE,0.286884373899389,"14","052","Juchitlán"
642,0.409032145116499,0.289931895196663,0.53181522392049,NA,"sintetico_postestratificado",FALSE,0.241883328723827,"14","050","Jocotepec"
643,0.446178781757298,0.323239763257148,0.573561943289108,NA,"sintetico_postestratificado",FALSE,0.25032218003196,"14","031","Chimaltitán"
644,0.426429928899784,0.307521355325389,0.566456534714088,NA,"sintetico_postestratificado",FALSE,0.258935179388698,"14","049","Jilotlán de los Dolores"
645,0.46002066665571,0.335385379714205,0.589537717525242,NA,"sintetico_postestratificado",FALSE,0.254152337811036,"14","048","Jesús María"
646,0.45870963911915,0.322194737912159,0.595227624730654,NA,"sintetico_postestratificado",FALSE,0.273032886818495,"14","047","Jamay"
647,0.423952328722038,0.303288303029991,0.551478935778661,4,"muestra_directa",TRUE,0.24819063274867,"14","046","Jalostotitlán"
648,0.384459424457947,0.261422052431447,0.503124555661668,NA,"sintetico_postestratificado",FALSE,0.241702503230221,"14","045","Ixtlahuacán del Río"
649,0.39868986822467,0.26222727923467,0.548482125421165,NA,"sintetico_postestratificado",FALSE,0.286254846186495,"14","042","Huejuquilla el Alto"
650,0.39484220623653,0.27387167637199,0.53816588010554,NA,"sintetico_postestratificado",FALSE,0.26429420373355,"14","041","Huejúcar"
651,0.419583998054508,0.288497040793347,0.558749989573664,NA,"sintetico_postestratificado",FALSE,0.270252948780317,"14","040","Hostotipaquillo"
652,0.42833322596776,0.304932309958256,0.563632665902457,NA,"sintetico_postestratificado",FALSE,0.258700355944201,"14","038","Guachinango"
653,0.426370494565932,0.297588027675415,0.566201092308053,NA,"sintetico_postestratificado",FALSE,0.268613064632638,"14","037","El Grullo"
654,0.444005032948142,0.31179361672379,0.580185807948362,NA,"sintetico_postestratificado",FALSE,0.268392191224572,"14","036","Etzatlán"
655,0.409503728681001,0.284113677686631,0.538359707408157,NA,"sintetico_postestratificado",FALSE,0.254246029721526,"14","035","Encarnación de Díaz"
656,0.403370422229236,0.275945712184485,0.5293951761104,NA,"sintetico_postestratificado",FALSE,0.253449463925915,"14","034","Ejutla"
657,0.404921770457391,0.283464415096667,0.534608087703186,NA,"sintetico_postestratificado",FALSE,0.251143672606519,"14","033","Degollado"
658,0.421103833250891,0.298923394722346,0.554261073173912,NA,"sintetico_postestratificado",FALSE,0.255337678451567,"14","010","Atemajac de Brizuela"
659,0.380867844531902,0.267820878864721,0.502326325607486,NA,"sintetico_postestratificado",FALSE,0.234505446742765,"14","013","Atotonilco el Alto"
660,0.393367505446771,0.267196719446394,0.533014633486875,NA,"sintetico_postestratificado",FALSE,0.265817914040481,"14","089","Techaluta de Montenegro"
661,0.41550275261551,0.297674698809079,0.54939554575571,NA,"sintetico_postestratificado",FALSE,0.251720846946631,"14","026","Concepción de Buenos Aires"
662,0.397303022179818,0.268076159000488,0.516240548052575,1,"muestra_directa",TRUE,0.248164389052087,"14","083","Tala"
663,0.427485895120476,0.30574977058438,0.561212989392479,NA,"sintetico_postestratificado",FALSE,0.255463218808099,"14","082","Sayula"
664,0.4479490615159,0.315202021535801,0.588006370369046,NA,"sintetico_postestratificado",FALSE,0.272804348833245,"14","081","Santa María de los Ángeles"
665,0.470795040362802,0.335702883300021,0.60711852348711,NA,"sintetico_postestratificado",FALSE,0.271415640187089,"14","009","El Arenal"
666,0.45095144403737,0.324218017366734,0.569701555827807,4,"muestra_directa",TRUE,0.245483538461073,"14","008","Arandas"
667,0.425353101132766,0.30073563167516,0.553319927565439,NA,"sintetico_postestratificado",FALSE,0.25258429589028,"14","007","San Juanito de Escobedo"
668,0.440771180976057,0.31832138499885,0.552562024044059,NA,"sintetico_postestratificado",FALSE,0.234240639045209,"14","006","Ameca"
669,0.449445794134779,0.313201062704427,0.58182454538476,NA,"sintetico_postestratificado",FALSE,0.268623482680333,"14","004","Amacueca"
670,0.430696860255578,0.302040474238143,0.570273175442942,NA,"sintetico_postestratificado",FALSE,0.268232701204799,"14","001","Acatic"
671,0.377489811855565,0.268483272558431,0.497959915858983,5,"muestra_directa",TRUE,0.229476643300552,"15","021","Coatepec Harinas"
672,0.424449659735721,0.303211071905261,0.557462051787645,NA,"sintetico_postestratificado",FALSE,0.254250979882384,"15","011","Atenco"
673,0.418049071127359,0.285950943996513,0.554010217614924,NA,"sintetico_postestratificado",FALSE,0.268059273618411,"15","004","Almoloya de Alquisiras"
674,0.409097223595896,0.29076184705372,0.532569279052664,NA,"sintetico_postestratificado",FALSE,0.241807431998944,"15","002","Acolman"
675,0.409745514037488,0.278239790057258,0.554525150651338,NA,"sintetico_postestratificado",FALSE,0.276285360594079,"15","034","Ecatzingo"
676,0.403507048197798,0.266791965024643,0.545536418088228,NA,"sintetico_postestratificado",FALSE,0.278744453063585,"15","030","Chiconcuac"
677,0.383276019654105,0.270066035066512,0.496182120503014,3,"muestra_directa",TRUE,0.226116085436502,"15","068","Ozumba"
678,0.371971542236452,0.258336104294429,0.493208110883148,1,"muestra_directa",TRUE,0.23487200658872,"15","082","Tejupilco"
679,0.399843322570741,0.290617172184015,0.522091040845135,NA,"sintetico_postestratificado",FALSE,0.231473868661121,"15","028","Chiautla"
680,0.411685314610847,0.283396815986815,0.549022725576029,NA,"sintetico_postestratificado",FALSE,0.265625909589213,"15","019","Capulhuac"
681,0.376121447441094,0.26366160097899,0.490556083093126,7,"muestra_directa",TRUE,0.226894482114136,"15","118","Zinacantepec"
682,0.425366694987369,0.30556085918421,0.554202487835704,2,"muestra_directa",TRUE,0.248641628651493,"15","094","Tepetlixpa"
683,0.4110357056634,0.296081296459061,0.533941217299142,4,"muestra_directa",TRUE,0.237859920840082,"15","074","San Felipe del Progreso"
684,0.41040068405365,0.296640807437919,0.544142186060984,NA,"sintetico_postestratificado",FALSE,0.247501378623065,"15","036","Hueypoxtla"
685,0.360037594545986,0.228500744155933,0.503910744169569,NA,"sintetico_postestratificado",FALSE,0.275410000013636,"15","041","Ixtapan del Oro"
686,0.375075149126186,0.254959477225338,0.513901483986388,NA,"sintetico_postestratificado",FALSE,0.25894200676105,"15","085","Temascalcingo"
687,0.396152023894977,0.271055849797943,0.532738197489577,NA,"sintetico_postestratificado",FALSE,0.261682347691634,"15","096","Tequixquiac"
688,0.381599181452705,0.274739232497756,0.489290224534565,9,"muestra_directa",TRUE,0.214550992036809,"15","104","Tlalnepantla de Baz"
689,0.401191214507817,0.270630075256339,0.539079402992103,NA,"sintetico_postestratificado",FALSE,0.268449327735764,"15","076","San Mateo Atenco"
690,0.44465986052113,0.312326459221657,0.566691363181585,NA,"sintetico_postestratificado",FALSE,0.254364903959927,"15","010","Apaxco"
691,0.412957728221749,0.278761603883557,0.543893131997187,NA,"sintetico_postestratificado",FALSE,0.26513152811363,"15","023","Coyotepec"
692,0.414916906394414,0.305331491289618,0.524363871337079,8,"muestra_directa",TRUE,0.219032380047461,"15","025","Chalco"
693,0.452025043139915,0.338644142544885,0.573380517549776,NA,"sintetico_postestratificado",FALSE,0.234736375004891,"15","103","Tlalmanalco"
694,0.434538584786869,0.297488176995068,0.583556515331612,3,"muestra_directa",TRUE,0.286068338336544,"15","100","Tezoyuca"
695,0.408260036019682,0.281417757050625,0.541990488594935,1,"muestra_directa",TRUE,0.26057273154431,"15","040","Ixtapan de la Sal"
696,0.397248486144962,0.271056511833805,0.535617398120656,NA,"sintetico_postestratificado",FALSE,0.264560886286851,"15","107","Tonatico"
697,0.413429353860655,0.294777807995141,0.537044156023373,NA,"sintetico_postestratificado",FALSE,0.242266348028233,"15","052","Malinalco"
698,0.422965368925361,0.324601112118414,0.531800323131923,22,"muestra_directa",FALSE,0.20719921101351,"15","109","Tultitlán"
699,0.407990024994673,0.277397161529352,0.546299020919139,3,"muestra_directa",TRUE,0.268901859389787,"15","012","Atizapán"
700,0.382982577711549,0.267227541003642,0.507910391823673,NA,"sintetico_postestratificado",FALSE,0.24068285082003,"15","014","Atlacomulco"
701,0.345949444358972,0.225188499960666,0.475712418318959,NA,"sintetico_postestratificado",FALSE,0.250523918358294,"15","003","Aculco"
702,0.399424185031153,0.280556424040847,0.520962096780928,NA,"sintetico_postestratificado",FALSE,0.240405672740081,"15","015","Atlautla"
703,0.413323810008871,0.291184140353394,0.54062574293794,NA,"sintetico_postestratificado",FALSE,0.249441602584546,"15","016","Axapusco"
704,0.373571197521166,0.26282043040869,0.491381039415754,NA,"sintetico_postestratificado",FALSE,0.228560609007064,"15","005","Almoloya de Juárez"
705,0.353233476264696,0.245201467381015,0.483581787669058,6,"muestra_directa",TRUE,0.238380320288043,"15","024","Cuautitlán"
706,0.389141499912888,0.267689341774974,0.521271737709154,NA,"sintetico_postestratificado",FALSE,0.25358239593418,"15","008","Amatepec"
707,0.400032400992293,0.285953226291495,0.517847097465956,2,"muestra_directa",TRUE,0.231893871174461,"15","007","Amanalco"
708,0.370673494641273,0.264606100344669,0.490625379902428,4,"muestra_directa",TRUE,0.226019279557759,"15","120","Zumpango"
709,0.380084709535944,0.266943169254626,0.508461169315506,1,"muestra_directa",TRUE,0.24151800006088,"15","042","Ixtlahuaca"
710,0.397237911405916,0.283233391902408,0.529295783984625,1,"muestra_directa",TRUE,0.246062392082217,"15","084","Temascalapa"
711,0.321410793160768,0.21152645471384,0.462806495299168,NA,"sintetico_postestratificado",FALSE,0.251280040585329,"15","047","Jiquipilco"
712,0.3690848350067,0.246356412099627,0.501164925761103,NA,"sintetico_postestratificado",FALSE,0.254808513661476,"15","022","Cocotitlán"
713,0.400487941226954,0.280624655785027,0.536126437082355,NA,"sintetico_postestratificado",FALSE,0.255501781297328,"15","020","Coacalco de Berriozábal"
714,0.394781446399208,0.281100386922088,0.524323826102445,NA,"sintetico_postestratificado",FALSE,0.243223439180356,"15","062","Ocoyoacac"
715,0.439740600951277,0.314157777726504,0.566714118410068,NA,"sintetico_postestratificado",FALSE,0.252556340683564,"15","050","Juchitepec"
716,0.378115890967705,0.244745138051114,0.532078427530624,NA,"sintetico_postestratificado",FALSE,0.287333289479509,"15","061","Nopaltepec"
717,0.416005396091367,0.307408345783582,0.541002123363476,NA,"sintetico_postestratificado",FALSE,0.233593777579895,"15","101","Tianguistenco"
718,0.367193900399638,0.258913862696992,0.481037116486377,5,"muestra_directa",TRUE,0.222123253789386,"15","057","Naucalpan de Juárez"
719,0.419162002402922,0.303063248961927,0.546207970597154,9,"muestra_directa",TRUE,0.243144721635227,"15","105","Tlatlaya"
720,0.412648062516588,0.311165713593238,0.533007059123383,13,"muestra_directa",FALSE,0.221841345530145,"15","106","Toluca"
721,0.410312816016327,0.284195995861801,0.548724034884737,NA,"sintetico_postestratificado",FALSE,0.264528039022936,"15","116","Zacazonapan"
722,0.438375801933125,0.306066623119339,0.565981285968826,NA,"sintetico_postestratificado",FALSE,0.259914662849487,"15","097","Texcaltitlán"
723,0.398470306922735,0.276446004767125,0.540783503931317,NA,"sintetico_postestratificado",FALSE,0.264337499164192,"15","079","Soyaniquilpan de Juárez"
724,0.398177363613374,0.286105380414114,0.5382098681641,NA,"sintetico_postestratificado",FALSE,0.252104487749986,"15","119","Zumpahuacán"
725,0.41379631378724,0.303926690101183,0.523944946872045,4,"muestra_directa",TRUE,0.220018256770862,"15","081","Tecámac"
726,0.386106609312733,0.273673332388649,0.512788450774074,NA,"sintetico_postestratificado",FALSE,0.239115118385425,"15","035","Huehuetoca"
727,0.373172272327428,0.253422971089437,0.497578252468501,NA,"sintetico_postestratificado",FALSE,0.244155281379064,"15","064","El Oro"
728,0.414947869312981,0.291512019408419,0.539003812261399,NA,"sintetico_postestratificado",FALSE,0.24749179285298,"15","083","Temamatla"
729,0.397250422927686,0.27002046829778,0.529982776135442,NA,"sintetico_postestratificado",FALSE,0.259962307837662,"15","102","Timilpan"
730,0.374552698586634,0.264780748548415,0.496871755105731,NA,"sintetico_postestratificado",FALSE,0.232091006557316,"15","087","Temoaya"
731,0.384501032509492,0.262233590887451,0.520987646372928,NA,"sintetico_postestratificado",FALSE,0.258754055485477,"15","066","Otzoloapan"
732,0.353709138536346,0.241436510424306,0.472945265998205,NA,"sintetico_postestratificado",FALSE,0.231508755573899,"15","108","Tultepec"
733,0.382721319080123,0.259337723151451,0.5178025629035,NA,"sintetico_postestratificado",FALSE,0.258464839752049,"15","089","Tenango del Aire"
734,0.355726878042221,0.247940109959902,0.468105578629035,3,"muestra_directa",TRUE,0.220165468669133,"15","051","Lerma"
735,0.362192718618132,0.251277617930838,0.4867813901049,NA,"sintetico_postestratificado",FALSE,0.235503772174063,"15","046","Jilotzingo"
736,0.379834719695389,0.273826799519885,0.505525281190738,11,"muestra_directa",FALSE,0.231698481670852,"15","037","Huixquilucan"
737,0.381079649535721,0.256444620303838,0.514010507314266,NA,"sintetico_postestratificado",FALSE,0.257565887010429,"15","038","Isidro Fabela"
738,0.394709810954942,0.290082529929249,0.506636492345133,11,"muestra_directa",FALSE,0.216553962415883,"15","039","Ixtapaluca"
739,0.439943813545972,0.313525975837839,0.579108965598986,NA,"sintetico_postestratificado",FALSE,0.265582989761148,"15","017","Ayapango"
740,0.414806242411663,0.281498820382202,0.557268216547,NA,"sintetico_postestratificado",FALSE,0.275769396164798,"15","069","Papalotla"
741,0.429738321558911,0.307203225912117,0.56157951055691,NA,"sintetico_postestratificado",FALSE,0.254376284644793,"15","065","Otumba"
742,0.367036460946589,0.245916246847622,0.50471739902785,NA,"sintetico_postestratificado",FALSE,0.258801152180228,"15","048","Jocotitlán"
743,0.395349777598882,0.282052309550762,0.50638167381562,12,"muestra_directa",FALSE,0.224329364264859,"15","121","Cuautitlán Izcalli"
744,0.380077904245507,0.265482175895898,0.508381142234539,NA,"sintetico_postestratificado",FALSE,0.242898966338641,"15","080","Sultepec"
745,0.336495276291739,0.220363111417025,0.456951789502085,NA,"sintetico_postestratificado",FALSE,0.23658867808506,"15","071","Polotitlán"
746,0.376288747011049,0.267127260992675,0.500396925179703,NA,"sintetico_postestratificado",FALSE,0.233269664187027,"15","075","San Martín de las Pirámides"
747,0.399211482832154,0.268472734353856,0.539943019004241,NA,"sintetico_postestratificado",FALSE,0.271470284650385,"15","072","Rayón"
748,0.429086806689263,0.302224049130698,0.556496564408864,NA,"sintetico_postestratificado",FALSE,0.254272515278166,"15","056","Morelos"
749,0.385808958501572,0.271349739645034,0.504038867798405,1,"muestra_directa",TRUE,0.232689128153371,"15","067","Otzolotepec"
750,0.431894884519996,0.316072477820131,0.558565909882097,5,"muestra_directa",TRUE,0.242493432061967,"15","088","Tenancingo"
751,0.390549999567977,0.279168922800881,0.515456704035682,5,"muestra_directa",TRUE,0.236287781234801,"15","070","La Paz"
752,0.386048542382934,0.256333116790832,0.521592532851558,NA,"sintetico_postestratificado",FALSE,0.265259416060726,"15","078","Santo Tomás"
753,0.379847652778525,0.255953357983824,0.506407338635319,NA,"sintetico_postestratificado",FALSE,0.250453980651495,"15","111","Villa de Allende"
754,0.36699994728925,0.249690437086435,0.497166968505617,NA,"sintetico_postestratificado",FALSE,0.247476531419182,"15","112","Villa del Carbón"
755,0.373023885238975,0.24719142104314,0.506813921831117,NA,"sintetico_postestratificado",FALSE,0.259622500787978,"15","091","Teoloyucan"
756,0.405333961268573,0.285388574394589,0.543660607904838,NA,"sintetico_postestratificado",FALSE,0.25827203351025,"15","113","Villa Guerrero"
757,0.37859272845528,0.251951630873633,0.512306922833321,NA,"sintetico_postestratificado",FALSE,0.260355291959688,"15","006","Almoloya del Río"
758,0.40276631055019,0.282757905029256,0.537074120985921,NA,"sintetico_postestratificado",FALSE,0.254316215956665,"15","123","Luvianos"
759,0.387040150835544,0.280419458582949,0.500315527106794,3,"muestra_directa",TRUE,0.219896068523845,"15","099","Texcoco"
760,0.330616451937639,0.224162398325549,0.437427957154974,7,"muestra_directa",TRUE,0.213265558829424,"15","060","Nicolás Romero"
761,0.437540482442309,0.324976085353015,0.576233327302237,8,"muestra_directa",TRUE,0.251257241949221,"15","122","Valle de Chalco Solidaridad"
762,0.392106410155751,0.272157099535358,0.507507255145265,NA,"sintetico_postestratificado",FALSE,0.235350155609908,"15","044","Jaltenco"
763,0.385349563506892,0.267791905489272,0.503777798941277,NA,"sintetico_postestratificado",FALSE,0.235985893452005,"15","110","Valle de Bravo"
764,0.381314246055883,0.260589137454023,0.502339072604808,NA,"sintetico_postestratificado",FALSE,0.241749935150786,"15","045","Jilotepec"
765,0.381745131529896,0.274254191514898,0.504798856371412,NA,"sintetico_postestratificado",FALSE,0.230544664856515,"15","098","Texcalyacac"
766,0.363102090653493,0.243586109319277,0.485880977069936,2,"muestra_directa",TRUE,0.242294867750659,"15","115","Xonacatlán"
767,0.383402636028154,0.257232897212323,0.511070335790085,NA,"sintetico_postestratificado",FALSE,0.253837438577762,"15","117","Zacualpan"
768,0.388362149831619,0.268132877535669,0.512400122514404,NA,"sintetico_postestratificado",FALSE,0.244267244978734,"15","124","San José del Rincón"
769,0.397934566858389,0.274267437524101,0.530882638902974,NA,"sintetico_postestratificado",FALSE,0.256615201378872,"15","029","Chicoloapan"
770,0.459554496511889,0.358341823563599,0.579067754292508,23,"muestra_directa",FALSE,0.220725930728909,"15","058","Nezahualcóyotl"
771,0.413310716591303,0.305357513955474,0.538006719609798,3,"muestra_directa",TRUE,0.232649205654324,"15","092","Teotihuacán"
772,0.375998950226713,0.250769289387017,0.511316632081421,NA,"sintetico_postestratificado",FALSE,0.260547342694404,"15","077","San Simón de Guerrero"
773,0.379128410353954,0.249749625344618,0.532237579246744,NA,"sintetico_postestratificado",FALSE,0.282487953902126,"15","055","Mexicaltzingo"
774,0.379434054833199,0.262990434894774,0.493068560826819,6,"muestra_directa",TRUE,0.230078125932045,"15","054","Metepec"
775,0.404567398905842,0.288566301249404,0.529393147943318,NA,"sintetico_postestratificado",FALSE,0.240826846693914,"15","049","Joquicingo"
776,0.37782525687229,0.252515149076964,0.516780825614343,1,"muestra_directa",TRUE,0.264265676537379,"15","026","Chapa de Mota"
777,0.395083601447559,0.27838935663467,0.528036670599279,3,"muestra_directa",TRUE,0.249647313964608,"15","001","Acambay de Ruíz Castañeda"
778,0.353060581417232,0.249596613969938,0.475487574750542,3,"muestra_directa",TRUE,0.225890960780605,"15","059","Nextlalpan"
779,0.348470412582302,0.23681590122998,0.468738612508792,NA,"sintetico_postestratificado",FALSE,0.231922711278812,"15","086","Temascaltepec"
780,0.347043471314893,0.225698286899156,0.478270402300076,NA,"sintetico_postestratificado",FALSE,0.252572115400919,"15","053","Melchor Ocampo"
781,0.3700259191552,0.259785436639924,0.495615777689247,NA,"sintetico_postestratificado",FALSE,0.235830341049324,"15","090","Tenango del Valle"
782,0.365257168791197,0.236149311468149,0.490297185556018,NA,"sintetico_postestratificado",FALSE,0.254147874087869,"15","032","Donato Guerra"
783,0.35633619778941,0.240039101932375,0.481532921817246,NA,"sintetico_postestratificado",FALSE,0.241493819884871,"15","125","Tonanitla"
784,0.382980801853118,0.267499497805595,0.5117240985208,NA,"sintetico_postestratificado",FALSE,0.244224600715204,"15","114","Villa Victoria"
785,0.36839214962516,0.257768091250013,0.483504871444428,NA,"sintetico_postestratificado",FALSE,0.225736780194415,"15","093","Tepetlaoxtoc"
786,0.357590723848676,0.240678896250267,0.482819989275124,NA,"sintetico_postestratificado",FALSE,0.242141093024857,"15","063","Ocuilan"
787,0.37957875070022,0.255081551361837,0.508023973409817,NA,"sintetico_postestratificado",FALSE,0.25294242204798,"15","073","San Antonio la Isla"
788,0.356331008430514,0.26763340970495,0.455419540075657,31,"muestra_directa",FALSE,0.187786130370707,"15","033","Ecatepec de Morelos"
789,0.411610881406637,0.302145587924899,0.536433961977834,9,"muestra_directa",TRUE,0.234288374052934,"15","013","Atizapán de Zaragoza"
790,0.471660901441899,0.330011790455298,0.61296585436049,NA,"sintetico_postestratificado",FALSE,0.282954063905192,"15","027","Chapultepec"
791,0.394380123367862,0.281455356746534,0.511776392490907,NA,"sintetico_postestratificado",FALSE,0.230321035744373,"15","018","Calimaya"
792,0.415787482198876,0.294763102381103,0.541902474404739,5,"muestra_directa",TRUE,0.247139372023636,"15","009","Amecameca"
793,0.377828980320827,0.260000541908813,0.504096076851474,8,"muestra_directa",TRUE,0.244095534942661,"15","031","Chimalhuacán"
794,0.359653500540924,0.239145641423258,0.495086283386552,NA,"sintetico_postestratificado",FALSE,0.255940641963294,"15","043","Xalatlaco"
795,0.399242473065021,0.28638602845385,0.520381167219,2,"muestra_directa",TRUE,0.23399513876515,"15","095","Tepotzotlán"
796,0.397997708635106,0.278626789407292,0.521714660960997,NA,"sintetico_postestratificado",FALSE,0.243087871553705,"16","074","Cojumatlán de Régules"
797,0.389691400068809,0.266231839504317,0.523075474242651,NA,"sintetico_postestratificado",FALSE,0.256843634738334,"16","090","Tingambato"
798,0.360818353668133,0.247682562529496,0.49170584991684,NA,"sintetico_postestratificado",FALSE,0.244023287387344,"16","002","Aguililla"
799,0.382165461641021,0.266636932487903,0.5124202619997,NA,"sintetico_postestratificado",FALSE,0.245783329511797,"16","003","Álvaro Obregón"
800,0.354001727363786,0.242428409997784,0.482043535735095,NA,"sintetico_postestratificado",FALSE,0.239615125737311,"16","004","Angamacutiro"
801,0.390407673400315,0.263060304716009,0.522700374518379,NA,"sintetico_postestratificado",FALSE,0.25964006980237,"16","005","Angangueo"
802,0.382989691134764,0.270987093888205,0.511293792797645,3,"muestra_directa",TRUE,0.24030669890944,"16","006","Apatzingán"
803,0.372259440390671,0.253313253037928,0.510148763643622,NA,"sintetico_postestratificado",FALSE,0.256835510605694,"16","007","Aporo"
804,0.404433629418939,0.281075098940153,0.534934260031701,NA,"sintetico_postestratificado",FALSE,0.253859161091549,"16","008","Aquila"
805,0.390328883852893,0.273125477890053,0.525654851536278,NA,"sintetico_postestratificado",FALSE,0.252529373646225,"16","009","Ario"
806,0.392952252815925,0.27049439794147,0.521556952706965,NA,"sintetico_postestratificado",FALSE,0.251062554765495,"16","096","Tumbiscatío"
807,0.409051637214187,0.288656227977523,0.532577669427941,NA,"sintetico_postestratificado",FALSE,0.243921441450418,"16","097","Turicato"
808,0.34806583496562,0.23341543972403,0.473394559097682,NA,"sintetico_postestratificado",FALSE,0.239979119373652,"16","106","Yurécuaro"
809,0.383937548975694,0.273331625791337,0.513361876554297,7,"muestra_directa",TRUE,0.240030250762959,"16","107","Zacapu"
810,0.412765308063886,0.289792479993861,0.54107975162335,NA,"sintetico_postestratificado",FALSE,0.251287271629489,"16","108","Zamora"
811,0.386209204989289,0.265336578945812,0.516255696742125,NA,"sintetico_postestratificado",FALSE,0.250919117796314,"16","109","Zináparo"
812,0.39714088557214,0.272391707818196,0.521339877166229,NA,"sintetico_postestratificado",FALSE,0.248948169348033,"16","110","Zinapécuaro"
813,0.381107848881504,0.265228637576512,0.509933259130383,NA,"sintetico_postestratificado",FALSE,0.244704621553872,"16","010","Arteaga"
814,0.384901064858572,0.262207608545436,0.515794636623776,NA,"sintetico_postestratificado",FALSE,0.253587028078339,"16","011","Briseñas"
815,0.40264849879722,0.281728322310412,0.532973868518621,NA,"sintetico_postestratificado",FALSE,0.251245546208209,"16","098","Tuxpan"
816,0.370044268258445,0.247795226571383,0.509324129086333,NA,"sintetico_postestratificado",FALSE,0.26152890251495,"16","031","Epitacio Huerta"
817,0.343878433617869,0.22841258887344,0.473218340368392,NA,"sintetico_postestratificado",FALSE,0.244805751494952,"16","032","Erongarícuaro"
818,0.419276690247618,0.306102428188299,0.542322939479754,NA,"sintetico_postestratificado",FALSE,0.236220511291454,"16","077","San Lucas"
819,0.415456996707432,0.29854464526376,0.54977234720323,4,"muestra_directa",TRUE,0.25122770193947,"16","099","Tuzantla"
820,0.340335354413186,0.221353580186521,0.469712732744539,NA,"sintetico_postestratificado",FALSE,0.248359152558018,"16","001","Acuitzio"
821,0.347975882615873,0.217484839485285,0.472256061591407,3,"muestra_directa",TRUE,0.254771222106122,"16","043","Jacona"
822,0.366298098328081,0.247445589611728,0.496582641439053,NA,"sintetico_postestratificado",FALSE,0.249137051827325,"16","044","Jiménez"
823,0.39621694309999,0.277676509389583,0.524536037148335,NA,"sintetico_postestratificado",FALSE,0.246859527758753,"16","045","Jiquilpan"
824,0.377314378410452,0.272173473710273,0.497516670831357,6,"muestra_directa",TRUE,0.225343197121084,"16","012","Buenavista"
825,0.402318552104252,0.277252842521248,0.52705368071035,NA,"sintetico_postestratificado",FALSE,0.249800838189102,"16","013","Carácuaro"
826,0.364937136051875,0.246051857572163,0.493827786073142,NA,"sintetico_postestratificado",FALSE,0.24777592850098,"16","021","Charapan"
827,0.382439897866867,0.269612904362949,0.517568647713238,NA,"sintetico_postestratificado",FALSE,0.247955743350289,"16","020","Cuitzeo"
828,0.344927528741287,0.231533164493012,0.478435946355928,8,"muestra_directa",TRUE,0.246902781862915,"16","019","Cotija"
829,0.3471623851693,0.230126546451733,0.47045381631895,NA,"sintetico_postestratificado",FALSE,0.240327269867217,"16","018","Copándaro"
830,0.372665785797174,0.263348034550651,0.503825652306028,NA,"sintetico_postestratificado",FALSE,0.240477617755378,"16","087","Taretan"
831,0.385676386757804,0.26384128500733,0.519777608063167,NA,"sintetico_postestratificado",FALSE,0.255936323055837,"16","086","Tanhuato"
832,0.39458220234808,0.26521775898699,0.528714801418179,NA,"sintetico_postestratificado",FALSE,0.263497042431189,"16","072","Queréndaro"
833,0.401016959146559,0.278073582993477,0.531136364774072,NA,"sintetico_postestratificado",FALSE,0.253062781780595,"16","067","Penjamillo"
834,0.348877144231374,0.22883697854407,0.481905596293565,NA,"sintetico_postestratificado",FALSE,0.253068617749495,"16","022","Charo"
835,0.35122606488292,0.244363088210584,0.486714405050857,NA,"sintetico_postestratificado",FALSE,0.242351316840272,"16","079","Salvador Escalante"
836,0.373773631792956,0.253638062289227,0.495860351465884,NA,"sintetico_postestratificado",FALSE,0.242222289176657,"16","078","Santa Ana Maya"
837,0.37698570827253,0.275053918390953,0.491679864510212,2,"muestra_directa",TRUE,0.216625946119259,"16","075","Los Reyes"
838,0.386735347502916,0.256777164719586,0.519338033546898,NA,"sintetico_postestratificado",FALSE,0.262560868827312,"16","076","Sahuayo"
839,0.395761766742762,0.276757192808743,0.522264265758022,3,"muestra_directa",TRUE,0.245507072949279,"16","033","Gabriel Zamora"
840,0.377503398712148,0.27433629039858,0.499199997949531,NA,"sintetico_postestratificado",FALSE,0.224863707550952,"16","035","La Huacana"
841,0.372953088559503,0.246936496706035,0.499466122537047,NA,"sintetico_postestratificado",FALSE,0.252529625831013,"16","036","Huandacareo"
842,0.35995331809899,0.243103514539207,0.496304057722212,NA,"sintetico_postestratificado",FALSE,0.253200543183005,"16","037","Huaniqueo"
843,0.376575725253895,0.261283085005268,0.496735414409689,NA,"sintetico_postestratificado",FALSE,0.235452329404422,"16","038","Huetamo"
844,0.382066637001797,0.250054140260056,0.533871896440966,NA,"sintetico_postestratificado",FALSE,0.28381775618091,"16","039","Huiramba"
845,0.415219854518363,0.288404000381069,0.542532234988923,NA,"sintetico_postestratificado",FALSE,0.254128234607854,"16","040","Indaparapeo"
846,0.440894089315321,0.303971775354954,0.575978853675997,NA,"sintetico_postestratificado",FALSE,0.272007078321043,"16","041","Irimbo"
847,0.447551051751386,0.316472074458093,0.58743828087337,NA,"sintetico_postestratificado",FALSE,0.270966206415277,"16","042","Ixtlán"
848,0.443746106843994,0.322850337866635,0.578630950454082,NA,"sintetico_postestratificado",FALSE,0.255780612587446,"16","049","Madero"
849,0.407616394763544,0.288526055754224,0.539614779276866,NA,"sintetico_postestratificado",FALSE,0.251088723522642,"16","050","Maravatío"
850,0.36858972542589,0.257081806725684,0.501560282682836,3,"muestra_directa",TRUE,0.244478475957152,"16","051","Marcos Castellanos"
851,0.392673907772993,0.266942011572034,0.528895489450227,10,"muestra_directa",FALSE,0.261953477878194,"16","052","Lázaro Cárdenas"
852,0.36669074599683,0.260821356402522,0.470724348067819,15,"muestra_directa",FALSE,0.209902991665297,"16","053","Morelia"
853,0.417018941726361,0.298002748473659,0.551710781748854,NA,"sintetico_postestratificado",FALSE,0.253708033275195,"16","014","Coahuayana"
854,0.372011047152699,0.247823028440749,0.486221662227004,4,"muestra_directa",TRUE,0.238398633786255,"16","015","Coalcomán de Vázquez Pallares"
855,0.365157159245851,0.247777040775174,0.492125990797531,NA,"sintetico_postestratificado",FALSE,0.244348950022357,"16","016","Coeneo"
856,0.374635871492517,0.261388448808653,0.501876876970309,NA,"sintetico_postestratificado",FALSE,0.240488428161656,"16","017","Contepec"
857,0.413566544887277,0.300658512833055,0.542741467079687,NA,"sintetico_postestratificado",FALSE,0.242082954246632,"16","083","Tancítaro"
858,0.413575370136677,0.302057978726099,0.539145649557276,13,"muestra_directa",FALSE,0.237087670831177,"16","082","Tacámbaro"
859,0.402540062367307,0.283207848208502,0.527368767654961,NA,"sintetico_postestratificado",FALSE,0.244160919446459,"16","081","Susupuato"
860,0.406718746119279,0.284889282639049,0.528593756954345,NA,"sintetico_postestratificado",FALSE,0.243704474315296,"16","056","Nahuatzen"
861,0.411949242310225,0.298784364821022,0.540784865084385,NA,"sintetico_postestratificado",FALSE,0.242000500263363,"16","080","Senguio"
862,0.438357887713636,0.302206193513705,0.575397589956501,NA,"sintetico_postestratificado",FALSE,0.273191396442796,"16","057","Nocupétaro"
863,0.439552867041303,0.312654119631031,0.577509216128447,NA,"sintetico_postestratificado",FALSE,0.264855096497416,"16","034","Hidalgo"
864,0.427414309250314,0.287111452774582,0.577943360413764,NA,"sintetico_postestratificado",FALSE,0.290831907639183,"16","058","Nuevo Parangaricutiro"
865,0.428598572818058,0.304074987330507,0.569986702048843,NA,"sintetico_postestratificado",FALSE,0.265911714718336,"16","059","Nuevo Urecho"
866,0.405330962378035,0.276996601912039,0.533018906448682,NA,"sintetico_postestratificado",FALSE,0.256022304536643,"16","060","Numarán"
867,0.396017070450483,0.271172014971941,0.529279436915857,3,"muestra_directa",TRUE,0.258107421943915,"16","062","Pajacuarán"
868,0.393668761901352,0.269081119806834,0.522105840218538,NA,"sintetico_postestratificado",FALSE,0.253024720411703,"16","063","Panindícuaro"
869,0.404866470829301,0.290119152403596,0.530859909911337,NA,"sintetico_postestratificado",FALSE,0.240740757507741,"16","064","Parácuaro"
870,0.420927551149228,0.299629761651284,0.553607989324158,NA,"sintetico_postestratificado",FALSE,0.253978227672875,"16","105","Vista Hermosa"
871,0.40376547652948,0.27944564128979,0.531204159840476,NA,"sintetico_postestratificado",FALSE,0.251758518550686,"16","065","Paracho"
872,0.403203267687405,0.278673682500783,0.53071090700269,NA,"sintetico_postestratificado",FALSE,0.252037224501907,"16","089","Tepalcatepec"
873,0.390123117871448,0.269233582128076,0.524666144934477,1,"muestra_directa",TRUE,0.255432562806401,"16","061","Ocampo"
874,0.39149985595487,0.264377041325461,0.528352437543156,NA,"sintetico_postestratificado",FALSE,0.263975396217695,"16","055","Múgica"
875,0.396717088984987,0.275636603444634,0.521605861564043,NA,"sintetico_postestratificado",FALSE,0.245969258119409,"16","054","Morelos"
876,0.408195272431328,0.292774908425367,0.534053386395666,NA,"sintetico_postestratificado",FALSE,0.241278477970299,"16","030","Ecuandureo"
877,0.472223406660491,0.352010784680446,0.611193510082371,5,"muestra_directa",TRUE,0.259182725401925,"16","029","Churumuco"
878,0.409510124675338,0.286180136691868,0.545153846029081,NA,"sintetico_postestratificado",FALSE,0.258973709337212,"16","028","Churintzio"
879,0.402287573116499,0.284566801059906,0.528540702750111,NA,"sintetico_postestratificado",FALSE,0.243973901690205,"16","027","Chucándiro"
880,0.416515251024384,0.288653475683296,0.551014309291713,NA,"sintetico_postestratificado",FALSE,0.262360833608416,"16","026","Chinicuila"
881,0.422778687922189,0.296357680343354,0.5493739023349,NA,"sintetico_postestratificado",FALSE,0.253016221991546,"16","025","Chilchota"
882,0.434729748524034,0.300527928783288,0.569804060038942,NA,"sintetico_postestratificado",FALSE,0.269276131255653,"16","024","Cherán"
883,0.450427018709366,0.328324039118793,0.580150136297182,3,"muestra_directa",TRUE,0.251826097178389,"16","023","Chavinda"
884,0.448652518787678,0.318089942599711,0.579461826967032,NA,"sintetico_postestratificado",FALSE,0.261371884367321,"16","066","Pátzcuaro"
885,0.394357268190301,0.289434971515844,0.506267077318244,5,"muestra_directa",TRUE,0.2168321058024,"16","068","Peribán"
886,0.403546042602014,0.27726508589417,0.527357681102076,3,"muestra_directa",TRUE,0.250092595207906,"16","069","La Piedad"
887,0.399231996184184,0.26914025855804,0.530809058079274,NA,"sintetico_postestratificado",FALSE,0.261668799521234,"16","070","Purépero"
888,0.407165658240075,0.289030085973146,0.522109742008053,NA,"sintetico_postestratificado",FALSE,0.233079656034907,"16","071","Puruándiro"
889,0.398146779338451,0.267477435696202,0.528590517746311,2,"muestra_directa",TRUE,0.26111308205011,"16","073","Quiroga"
890,0.426445322667908,0.303248901883405,0.558685056949831,NA,"sintetico_postestratificado",FALSE,0.255436155066426,"16","091","Tingüindín"
891,0.423214340091124,0.295874444328414,0.546121514492849,NA,"sintetico_postestratificado",FALSE,0.250247070164435,"16","113","José Sixto Verduzco"
892,0.382551639309525,0.270020249177067,0.503713098946908,NA,"sintetico_postestratificado",FALSE,0.233692849769841,"16","112","Zitácuaro"
893,0.39111325987172,0.270150342482918,0.518766032196672,NA,"sintetico_postestratificado",FALSE,0.248615689713753,"16","085","Tangancícuaro"
894,0.35763503740945,0.2485356102498,0.487765812735968,4,"muestra_directa",TRUE,0.239230202486168,"16","088","Tarímbaro"
895,0.371122619580263,0.265389398670405,0.497502783849849,NA,"sintetico_postestratificado",FALSE,0.232113385179444,"16","092","Tiquicheo de Nicolás Romero"
896,0.348201544022383,0.238515835527373,0.478057805644972,NA,"sintetico_postestratificado",FALSE,0.239541970117599,"16","093","Tlalpujahua"
897,0.406469938603713,0.274156086429036,0.538956323538149,NA,"sintetico_postestratificado",FALSE,0.264800237109113,"16","111","Ziracuaretiro"
898,0.359364133506745,0.244440793918439,0.482211230564607,NA,"sintetico_postestratificado",FALSE,0.237770436646168,"16","101","Tzitzio"
899,0.388736580986034,0.254905014548596,0.522981672645871,NA,"sintetico_postestratificado",FALSE,0.268076658097274,"16","100","Tzintzuntzan"
900,0.399183593298758,0.273971239952249,0.536155824775366,NA,"sintetico_postestratificado",FALSE,0.262184584823117,"16","095","Tocumbo"
901,0.391030651644925,0.268751189720958,0.523627809765822,NA,"sintetico_postestratificado",FALSE,0.254876620044864,"16","084","Tangamandapio"
902,0.380844415901115,0.271230105216985,0.493510598852887,6,"muestra_directa",TRUE,0.222280493635902,"16","102","Uruapan"
903,0.408785075461047,0.281520145988631,0.538895418194747,NA,"sintetico_postestratificado",FALSE,0.257375272206117,"16","103","Venustiano Carranza"
904,0.412479413456253,0.291574198062073,0.543841387960941,NA,"sintetico_postestratificado",FALSE,0.252267189898868,"16","104","Villamar"
905,0.40970176197923,0.296274005647326,0.530033454344854,NA,"sintetico_postestratificado",FALSE,0.233759448697528,"16","094","Tlazazalca"
906,0.388728311204144,0.270083469567329,0.528840692254368,2,"muestra_directa",TRUE,0.258757222687039,"16","047","Jungapeo"
907,0.399137069056004,0.268949785058623,0.539763564757588,NA,"sintetico_postestratificado",FALSE,0.270813779698965,"16","046","Juárez"
908,0.41901665625912,0.283515181150946,0.567107384585129,NA,"sintetico_postestratificado",FALSE,0.283592203434183,"16","048","Lagunillas"
909,0.419687635324568,0.299288601943651,0.546425159967747,NA,"sintetico_postestratificado",FALSE,0.247136558024096,"17","002","Atlatlahucan"
910,0.386798126576968,0.267945953317369,0.51341267491178,13,"muestra_directa",FALSE,0.245466721594411,"17","006","Cuautla"
911,0.415196900729794,0.289626747536386,0.544079722008799,5,"muestra_directa",TRUE,0.254452974472413,"17","028","Xochitepec"
912,0.39737454191694,0.276512588663466,0.545078323398741,NA,"sintetico_postestratificado",FALSE,0.268565734735275,"17","022","Tetela del Volcán"
913,0.405013740353193,0.289185863580224,0.525870772750595,NA,"sintetico_postestratificado",FALSE,0.236684909170371,"17","009","Huitzilac"
914,0.412669523715035,0.270794785189006,0.559482035534634,NA,"sintetico_postestratificado",FALSE,0.288687250345628,"17","016","Ocuituco"
915,0.486590780072286,0.361420154118688,0.626880202599152,7,"muestra_directa",TRUE,0.265460048480463,"17","008","Emiliano Zapata"
916,0.413202701715671,0.29694483194034,0.529689638952981,1,"muestra_directa",TRUE,0.232744807012641,"17","003","Axochiapan"
917,0.447297830108788,0.313712307901105,0.592946903505255,1,"muestra_directa",TRUE,0.279234595604151,"17","036","Hueyapan"
918,0.427945715443313,0.292127738708495,0.572908360502275,NA,"sintetico_postestratificado",FALSE,0.28078062179378,"17","035","Xoxocotla"
919,0.456510687311201,0.336289175455929,0.582222703395302,2,"muestra_directa",TRUE,0.245933527939373,"17","025","Tlaquiltenango"
920,0.449303514878725,0.328699805992526,0.578591587080282,NA,"sintetico_postestratificado",FALSE,0.249891781087757,"17","001","Amacuzac"
921,0.420172953843737,0.302119366962672,0.536895199973479,4,"muestra_directa",TRUE,0.234775833010808,"17","020","Tepoztlán"
922,0.401804499254542,0.278452339953409,0.53146942381486,NA,"sintetico_postestratificado",FALSE,0.25301708386145,"17","034","Coatetelco"
923,0.427269044117742,0.299832653870006,0.556762717770262,NA,"sintetico_postestratificado",FALSE,0.256930063900256,"17","027","Totolapan"
924,0.416313395782918,0.299255711895145,0.541388753630731,NA,"sintetico_postestratificado",FALSE,0.242133041735586,"17","030","Yecapixtla"
925,0.394451287061551,0.278651694610615,0.522374034224034,NA,"sintetico_postestratificado",FALSE,0.243722339613418,"17","026","Tlayacapan"
926,0.436527313963776,0.314354723154244,0.566834459732164,5,"muestra_directa",TRUE,0.252479736577919,"17","031","Zacatepec"
927,0.403890521303018,0.271572839632885,0.555000436384725,NA,"sintetico_postestratificado",FALSE,0.28342759675184,"17","021","Tetecala"
928,0.400634069397037,0.28306823232946,0.525696064957855,9,"muestra_directa",TRUE,0.242627832628395,"17","019","Tepalcingo"
929,0.395756533898298,0.271500726237656,0.520208205546686,NA,"sintetico_postestratificado",FALSE,0.24870747930903,"17","023","Tlalnepantla"
930,0.404199041145246,0.282862166837501,0.532956793473937,NA,"sintetico_postestratificado",FALSE,0.250094626636436,"17","017","Puente de Ixtla"
931,0.379845957668013,0.265459765567236,0.494732979035774,2,"muestra_directa",TRUE,0.229273213468538,"17","015","Miacatlán"
932,0.394538341250615,0.268008181112759,0.531104611543204,NA,"sintetico_postestratificado",FALSE,0.263096430430445,"17","013","Jonacatepec de Leandro Valle"
933,0.474185149372695,0.355437339047701,0.598290771731706,17,"muestra_directa",FALSE,0.242853432684006,"17","011","Jiutepec"
934,0.410990989819788,0.289318187691728,0.534091937796977,1,"muestra_directa",TRUE,0.244773750105249,"17","010","Jantetelco"
935,0.410369336100671,0.294154342546021,0.540951751325034,3,"muestra_directa",TRUE,0.246797408779013,"17","018","Temixco"
936,0.412908550163141,0.29358494661971,0.531065244399571,7,"muestra_directa",TRUE,0.237480297779862,"17","029","Yautepec"
937,0.439068050740046,0.308904192247111,0.582002207759171,2,"muestra_directa",TRUE,0.273098015512059,"17","012","Jojutla"
938,0.433260380503104,0.31408617844584,0.566318984492407,4,"muestra_directa",TRUE,0.252232806046567,"17","024","Tlaltizapán de Zapata"
939,0.425049709822336,0.316324529032602,0.530841711887785,20,"muestra_directa",FALSE,0.214517182855183,"17","007","Cuernavaca"
940,0.39832281451545,0.289186615919381,0.528367360440996,1,"muestra_directa",TRUE,0.239180744521615,"17","005","Coatlán del Río"
941,0.396192019660075,0.295972151536799,0.532552919038626,8,"muestra_directa",TRUE,0.236580767501827,"17","004","Ayala"
942,0.360879272214071,0.238958375008441,0.494027023952159,NA,"sintetico_postestratificado",FALSE,0.255068648943718,"17","014","Mazatepec"
943,0.363152417554522,0.244589402462356,0.4914537346484,2,"muestra_directa",TRUE,0.246864332186044,"17","032","Zacualpan de Amilpas"
944,0.382710860645612,0.255435919433067,0.524272459044726,NA,"sintetico_postestratificado",FALSE,0.26883653961166,"17","033","Temoac"
945,0.448303571106587,0.325556615577501,0.586756603526644,NA,"sintetico_postestratificado",FALSE,0.261199987949143,"18","001","Acaponeta"
946,0.45719732252193,0.334236740386465,0.584153518958694,NA,"sintetico_postestratificado",FALSE,0.249916778572229,"18","009","Del Nayar"
947,0.46772239344722,0.3436149014144,0.611824060861937,NA,"sintetico_postestratificado",FALSE,0.268209159447537,"18","010","Rosamorada"
948,0.469292414069575,0.334233824426758,0.605624309954423,6,"muestra_directa",TRUE,0.271390485527665,"18","011","Ruíz"
949,0.445346283117756,0.342856966806323,0.559727619970749,35,"muestra_directa",FALSE,0.216870653164426,"18","017","Tepic"
950,0.413766458387117,0.28070502372331,0.562182234754311,NA,"sintetico_postestratificado",FALSE,0.281477211031,"18","018","Tuxpan"
951,0.436219177414409,0.310749341612436,0.563016909836136,NA,"sintetico_postestratificado",FALSE,0.2522675682237,"18","019","La Yesca"
952,0.49663383918135,0.364488654866145,0.629192003997159,3,"muestra_directa",TRUE,0.264703349131014,"18","004","Compostela"
953,0.369412311618302,0.246428406356154,0.513261874690591,3,"muestra_directa",TRUE,0.266833468334438,"18","013","San Pedro Lagunillas"
954,0.466706954849618,0.340762321099189,0.608700982020147,5,"muestra_directa",TRUE,0.267938660920958,"18","008","Xalisco"
955,0.431986917798993,0.301219665163481,0.564015240649185,NA,"sintetico_postestratificado",FALSE,0.262795575485704,"18","005","Huajicori"
956,0.484985245459124,0.376383542152395,0.585592572622828,14,"muestra_directa",FALSE,0.209209030470434,"18","006","Ixtlán del Río"
957,0.468932027337657,0.343982359275723,0.6032660044793,1,"muestra_directa",TRUE,0.259283645203577,"18","007","Jala"
958,0.503395544221998,0.388070579999018,0.631849404612933,8,"muestra_directa",TRUE,0.243778824613914,"18","014","Santa María del Oro"
959,0.518074544288431,0.384465641319841,0.662449029892799,6,"muestra_directa",TRUE,0.277983388572958,"18","015","Santiago Ixcuintla"
960,0.462192576958278,0.326482732216453,0.611840787715002,1,"muestra_directa",TRUE,0.28535805549855,"18","016","Tecuala"
961,0.480371257455573,0.347336626816697,0.614187128867709,NA,"sintetico_postestratificado",FALSE,0.266850502051012,"18","003","Amatlán de Cañas"
962,0.481646427619655,0.343190627118948,0.622870395717093,NA,"sintetico_postestratificado",FALSE,0.279679768598144,"18","012","San Blas"
963,0.411950010335527,0.286576428019364,0.561990263451148,7,"muestra_directa",TRUE,0.275413835431785,"18","020","Bahía de Banderas"
964,0.494097263545417,0.362656892522732,0.63418134747659,2,"muestra_directa",TRUE,0.271524454953857,"18","002","Ahuacatlán"
965,0.443967188193608,0.270239610979535,0.61288407635363,NA,"sintetico_postestratificado",FALSE,0.342644465374095,"19","029","Hualahuises"
966,0.35621357823277,0.239970525268551,0.469560422482248,10,"muestra_directa",FALSE,0.229589897213697,"19","048","Santa Catarina"
967,0.379110408936539,0.261924614525348,0.508258671881278,4,"muestra_directa",TRUE,0.24633405735593,"19","044","Sabinas Hidalgo"
968,0.420588983531124,0.294801455916281,0.54945987051197,NA,"sintetico_postestratificado",FALSE,0.25465841459569,"19","042","Los Ramones"
969,0.428889898054092,0.295583633206145,0.580029541463615,NA,"sintetico_postestratificado",FALSE,0.28444590825747,"19","023","General Treviño"
970,0.447435525237666,0.320364476800965,0.567643968920603,NA,"sintetico_postestratificado",FALSE,0.247279492119639,"19","022","General Terán"
971,0.333207258232109,0.219948827598458,0.450395368580654,2,"muestra_directa",TRUE,0.230446540982196,"19","047","Hidalgo"
972,0.383513383236342,0.272334417510755,0.49913448656169,7,"muestra_directa",TRUE,0.226800069050934,"19","049","Santiago"
973,0.452858099791955,0.346562660117423,0.572820260657583,8,"muestra_directa",TRUE,0.22625760054016,"19","009","Cadereyta Jiménez"
974,0.352045402468282,0.23983526667536,0.47618691815383,6,"muestra_directa",TRUE,0.23635165147847,"19","032","Lampazos de Naranjo"
975,0.42604395084594,0.315716545807721,0.546210017501219,15,"muestra_directa",FALSE,0.230493471693499,"19","031","Juárez"
976,0.422131108429856,0.296717433289883,0.56438991276977,NA,"sintetico_postestratificado",FALSE,0.267672479479886,"19","027","Los Herreras"
977,0.429821220165622,0.293289471237473,0.578459799918717,NA,"sintetico_postestratificado",FALSE,0.285170328681244,"19","020","General Bravo"
978,0.358784718724469,0.247001236878425,0.48507510128825,NA,"sintetico_postestratificado",FALSE,0.238073864409825,"19","041","Pesquería"
979,0.397013477287922,0.268165355543478,0.535361705451574,NA,"sintetico_postestratificado",FALSE,0.267196349908096,"19","040","Parás"
980,0.389478966724814,0.28991186276572,0.49522524337007,53,"muestra_directa",FALSE,0.20531338060435,"19","039","Monterrey"
981,0.335445425881587,0.23486446776464,0.444774805436792,22,"muestra_directa",FALSE,0.209910337672153,"19","046","San Nicolás de los Garza"
982,0.394612733270232,0.246803282495882,0.541622272250196,NA,"sintetico_postestratificado",FALSE,0.294818989754314,"19","019","San Pedro Garza García"
983,0.381923034002152,0.258373437951406,0.514897956395461,NA,"sintetico_postestratificado",FALSE,0.256524518444055,"19","037","Mina"
984,0.426844612203299,0.287459685847412,0.559593666999848,NA,"sintetico_postestratificado",FALSE,0.272133981152436,"19","010","El Carmen"
985,0.405283993380336,0.304532452830526,0.520061963240286,27,"muestra_directa",FALSE,0.215529510409759,"19","021","General Escobedo"
986,0.427261379246328,0.309310298516863,0.556104767302533,17,"muestra_directa",FALSE,0.24679446878567,"19","012","Ciénega de Flores"
987,0.385397729382635,0.267665775603801,0.51491310111812,NA,"sintetico_postestratificado",FALSE,0.247247325514319,"19","002","Agualeguas"
988,0.404684573880445,0.271243828338357,0.547932824603969,NA,"sintetico_postestratificado",FALSE,0.276688996265611,"19","005","Anáhuac"
989,0.341283297458099,0.231850966663205,0.455882094893204,NA,"sintetico_postestratificado",FALSE,0.224031128229999,"19","024","General Zaragoza"
990,0.420619202015568,0.318238586263153,0.523190535541435,46,"muestra_directa",FALSE,0.204951949278282,"19","026","Guadalupe"
991,0.381611777358198,0.2497370446977,0.512643145297774,NA,"sintetico_postestratificado",FALSE,0.262906100600075,"19","003","Los Aldamas"
992,0.408554940515644,0.283400553621218,0.552506450195809,NA,"sintetico_postestratificado",FALSE,0.269105896574591,"19","004","Allende"
993,0.408194289645611,0.278018525702731,0.552766165907024,NA,"sintetico_postestratificado",FALSE,0.274747640204293,"19","025","General Zuazua"
994,0.401570674301836,0.263195791983122,0.54175871068375,NA,"sintetico_postestratificado",FALSE,0.278562918700628,"19","015","Doctor Coss"
995,0.387153884437532,0.271638865665811,0.504659161666101,4,"muestra_directa",TRUE,0.233020296000291,"19","007","Aramberri"
996,0.439918468944312,0.325179719724395,0.560853418936015,8,"muestra_directa",TRUE,0.23567369921162,"19","018","García"
997,0.400805061898904,0.275514029153504,0.539194231500001,NA,"sintetico_postestratificado",FALSE,0.263680202346497,"19","051","Villaldama"
998,0.421082002860337,0.314887584890652,0.52725811640258,30,"muestra_directa",FALSE,0.212370531511928,"19","006","Apodaca"
999,0.375723000258944,0.255293406825893,0.504120137467042,NA,"sintetico_postestratificado",FALSE,0.248826730641149,"19","011","Cerralvo"
1000,0.371564794617021,0.231449359231738,0.51179074922685,NA,"sintetico_postestratificado",FALSE,0.280341389995112,"19","001","Abasolo"
1001,0.41681032127288,0.282955530067568,0.553247350444142,NA,"sintetico_postestratificado",FALSE,0.270291820376574,"19","017","Galeana"
1002,0.389426121871368,0.262230818244655,0.524345085816023,NA,"sintetico_postestratificado",FALSE,0.262114267571368,"19","016","Doctor González"
1003,0.416287890332767,0.294182979008403,0.544411616640275,NA,"sintetico_postestratificado",FALSE,0.250228637631872,"19","050","Vallecillo"
1004,0.428097905425627,0.294543089425097,0.57222019139799,NA,"sintetico_postestratificado",FALSE,0.277677101972893,"19","034","Marín"
1005,0.416556791054393,0.277880837394039,0.563926090821666,NA,"sintetico_postestratificado",FALSE,0.286045253427627,"19","035","Melchor Ocampo"
1006,0.401603304817555,0.268293528916187,0.546945082036842,NA,"sintetico_postestratificado",FALSE,0.278651553120655,"19","028","Higueras"
1007,0.381929157003945,0.260954332987545,0.513176574974241,NA,"sintetico_postestratificado",FALSE,0.252222241986696,"19","033","Linares"
1008,0.418012818453657,0.284384093375959,0.558295694930172,NA,"sintetico_postestratificado",FALSE,0.273911601554213,"19","036","Mier y Noriega"
1009,0.408333875852969,0.286902603953521,0.539147464441246,NA,"sintetico_postestratificado",FALSE,0.252244860487725,"19","043","Rayones"
1010,0.422970981282528,0.30810388448318,0.547014171288691,NA,"sintetico_postestratificado",FALSE,0.23891028680551,"19","014","Doctor Arroyo"
1011,0.411517435880029,0.284372936063914,0.544335362522394,NA,"sintetico_postestratificado",FALSE,0.25996242645848,"19","038","Montemorelos"
1012,0.40488225218659,0.273853846173148,0.556832174620961,NA,"sintetico_postestratificado",FALSE,0.282978328447813,"19","008","Bustamante"
1013,0.406348009948759,0.281296898490168,0.52935023672279,NA,"sintetico_postestratificado",FALSE,0.248053338232622,"19","013","China"
1014,0.424898285764372,0.29841338408246,0.559588686062071,NA,"sintetico_postestratificado",FALSE,0.261175301979611,"19","045","Salinas Victoria"
1015,0.462643371409867,0.330693607641703,0.589258233293591,NA,"sintetico_postestratificado",FALSE,0.258564625651889,"19","030","Iturbide"
1016,0.332152554323996,0.219003664564926,0.463995022066748,NA,"sintetico_postestratificado",FALSE,0.244991357501822,"20","125","San Carlos Yautepec"
1017,0.418681625350206,0.290623671903272,0.557237708368228,NA,"sintetico_postestratificado",FALSE,0.266614036464956,"20","481","Santiago Nuyoó"
1018,0.422784839027876,0.287303008722453,0.557194723716481,NA,"sintetico_postestratificado",FALSE,0.269891714994028,"20","517","Santo Domingo Tepuxtepec"
1019,0.304300913906543,0.18404508443078,0.459458587958352,NA,"sintetico_postestratificado",FALSE,0.275413503527572,"20","524","Santo Domingo Yodohino"
1020,0.37542359929947,0.252160714671321,0.530181359639983,NA,"sintetico_postestratificado",FALSE,0.278020644968662,"20","378","Santa Cruz Mixtepec"
1021,0.407833140378741,0.278770114531979,0.554754771162413,NA,"sintetico_postestratificado",FALSE,0.275984656630433,"20","054","Magdalena Zahuatlán"
1022,0.454964016454507,0.315662559093428,0.614700680072559,NA,"sintetico_postestratificado",FALSE,0.299038120979131,"20","542","Taniche"
1023,0.505438131886877,0.375703858035091,0.639711228243798,NA,"sintetico_postestratificado",FALSE,0.264007370208707,"20","237","San Marcos Arteaga"
1024,0.377418795382968,0.246628761057476,0.526728682734321,NA,"sintetico_postestratificado",FALSE,0.280099921676845,"20","489","Santiago Tetepec"
1025,0.372384509356406,0.257528467346918,0.508164171498156,NA,"sintetico_postestratificado",FALSE,0.250635704151237,"20","544","Teococuilco de Marcos Pérez"
1026,0.329929638484308,0.200083511020746,0.487025409676653,NA,"sintetico_postestratificado",FALSE,0.286941898655906,"20","490","Santiago Texcalcingo"
1027,0.360277621719035,0.235038880517939,0.493247317443393,NA,"sintetico_postestratificado",FALSE,0.258208436925454,"20","333","San Pedro Totolápam"
1028,0.337646166500608,0.213663583354362,0.473051613020654,NA,"sintetico_postestratificado",FALSE,0.259388029666292,"20","334","Villa de Tututepec"
1029,0.462748634792189,0.318630347587585,0.613103003491619,NA,"sintetico_postestratificado",FALSE,0.294472655904034,"20","562","Magdalena Yodocono de Porfirio Díaz"
1030,0.479288281136393,0.33383525886239,0.632389396066432,NA,"sintetico_postestratificado",FALSE,0.298554137204042,"20","133","San Esteban Atatlahuca"
1031,0.34262156117508,0.230025707688812,0.473814275564574,1,"muestra_directa",TRUE,0.243788567875763,"20","134","San Felipe Jalapa de Díaz"
1032,0.378695226601349,0.251969075795311,0.519448393337983,NA,"sintetico_postestratificado",FALSE,0.267479317542673,"20","138","San Francisco Cajonos"
1033,0.439836661084237,0.309617848607992,0.596284243017763,NA,"sintetico_postestratificado",FALSE,0.286666394409771,"20","149","San Francisco Sola"
1034,0.483976868415142,0.351224853978907,0.620628556432195,NA,"sintetico_postestratificado",FALSE,0.269403702453289,"20","161","San Jerónimo Sosola"
1035,0.412619614755118,0.294997199383585,0.546076931131152,NA,"sintetico_postestratificado",FALSE,0.251079731747568,"20","159","San Jerónimo Coatlán"
1036,0.332307613992513,0.21096813652568,0.475586580926132,NA,"sintetico_postestratificado",FALSE,0.264618444400452,"20","437","Santa María Tlahuitoltepec"
1037,0.36466965564498,0.229815620385734,0.534635195434715,NA,"sintetico_postestratificado",FALSE,0.304819575048981,"20","441","Santa María Xadani"
1038,0.34297318121604,0.213146076305684,0.493663555465787,NA,"sintetico_postestratificado",FALSE,0.280517479160103,"20","446","Santa María Yucuhiti"
1039,0.387039339056826,0.259780740024281,0.515731627484276,NA,"sintetico_postestratificado",FALSE,0.255950887459995,"20","447","Santa María Zacatepec"
1040,0.411837954798229,0.288702438411436,0.550731767634973,NA,"sintetico_postestratificado",FALSE,0.262029329223537,"20","469","Santiago Juxtlahuaca"
1041,0.381838659073939,0.252890590132785,0.519996368473642,NA,"sintetico_postestratificado",FALSE,0.267105778340857,"20","511","Santo Domingo Nuxaá"
1042,0.349135420302756,0.231958348934192,0.477939233569499,NA,"sintetico_postestratificado",FALSE,0.245980884635307,"20","513","Santo Domingo Petapa"
1043,0.389068073106322,0.275230601231654,0.525852753416324,NA,"sintetico_postestratificado",FALSE,0.250622152184669,"20","278","San Miguel Soyaltepec"
1044,0.373633742860903,0.253254343865652,0.502558491503932,NA,"sintetico_postestratificado",FALSE,0.24930414763828,"20","457","Santiago Camotlán"
1045,0.355493634700593,0.236091790024509,0.498957197432794,NA,"sintetico_postestratificado",FALSE,0.262865407408285,"20","163","San Jerónimo Tecóatl"
1046,0.381184068356725,0.234793295411202,0.531495725457278,NA,"sintetico_postestratificado",FALSE,0.296702430046076,"20","166","San José Chiltepec"
1047,0.369759393500683,0.246751765477054,0.503285242373368,NA,"sintetico_postestratificado",FALSE,0.256533476896314,"20","506","Santo Domingo Albarradas"
1048,0.441361926724592,0.308074080033813,0.588709150528015,NA,"sintetico_postestratificado",FALSE,0.280635070494202,"20","482","Santiago Pinotepa Nacional"
1049,0.403029524595993,0.284734974639526,0.529581361378239,NA,"sintetico_postestratificado",FALSE,0.244846386738713,"20","508","Santo Domingo Chihuitán"
1050,0.359676545252359,0.227164837534165,0.497604055390142,NA,"sintetico_postestratificado",FALSE,0.270439217855977,"20","205","San Juan Lalana"
1051,0.373972895596594,0.259096832208891,0.518254577129261,NA,"sintetico_postestratificado",FALSE,0.25915774492037,"20","271","San Miguel Mixtepec"
1052,0.429470271366999,0.291693782439405,0.570886438559855,NA,"sintetico_postestratificado",FALSE,0.27919265612045,"20","329","San Pedro Teozacoalco"
1053,0.418936849624687,0.287673581686883,0.561106585376849,NA,"sintetico_postestratificado",FALSE,0.273433003689966,"20","330","San Pedro Teutila"
1054,0.428812943116208,0.280948851451193,0.583903822350874,NA,"sintetico_postestratificado",FALSE,0.302954970899681,"20","246","San Mateo Cajonos"
1055,0.412387567998152,0.298246102349728,0.539892002955835,NA,"sintetico_postestratificado",FALSE,0.241645900606107,"20","277","Villa Sola de Vega"
1056,0.325902225392436,0.217168328709186,0.451342601789225,7,"muestra_directa",TRUE,0.23417427308004,"20","545","Teotitlán de Flores Magón"
1057,0.433097377561942,0.306002275844322,0.558112333588029,NA,"sintetico_postestratificado",FALSE,0.252110057743707,"20","546","Teotitlán del Valle"
1058,0.384519676727878,0.260075123436633,0.512726816744144,NA,"sintetico_postestratificado",FALSE,0.252651693307511,"20","547","Teotongo"
1059,0.343493982975806,0.220102239700599,0.490666530955066,NA,"sintetico_postestratificado",FALSE,0.270564291254467,"20","170","San José Lachiguiri"
1060,0.371726621820483,0.224509006983985,0.532304466011071,NA,"sintetico_postestratificado",FALSE,0.307795459027086,"20","230","San Lorenzo Victoria"
1061,0.369188412434337,0.235027724991813,0.516280346687167,NA,"sintetico_postestratificado",FALSE,0.281252621695354,"20","168","San José Estancia Grande"
1062,0.401806453332623,0.289917371699838,0.525289350284494,5,"muestra_directa",TRUE,0.235371978584656,"20","184","San Juan Bautista Tuxtepec"
1063,0.381527001699756,0.251254328948615,0.512639787934415,NA,"sintetico_postestratificado",FALSE,0.2613854589858,"20","185","San Juan Cacahuatepec"
1064,0.417794453526432,0.292769812579563,0.562916483931439,NA,"sintetico_postestratificado",FALSE,0.270146671351876,"20","404","Santa María Chachoápam"
1065,0.460748274827715,0.325203690071685,0.60240524351061,NA,"sintetico_postestratificado",FALSE,0.277201553438926,"20","407","Santa María Chimalapa"
1066,0.360580083591281,0.240782439440816,0.498621457348149,NA,"sintetico_postestratificado",FALSE,0.257839017907334,"20","186","San Juan Cieneguilla"
1067,0.327240921554071,0.208125804394116,0.464317719393833,NA,"sintetico_postestratificado",FALSE,0.256191914999717,"20","214","San Juan Quiotepec"
1068,0.351890317947673,0.227105410309854,0.491107564039577,NA,"sintetico_postestratificado",FALSE,0.264002153729723,"20","220","San Juan Tepeuxila"
1069,0.327838129803338,0.208899536001129,0.46935846157573,NA,"sintetico_postestratificado",FALSE,0.260458925574601,"20","227","San Lorenzo Cacaotepec"
1070,0.384212263674828,0.263541633477012,0.504929015793382,NA,"sintetico_postestratificado",FALSE,0.24138738231637,"20","261","San Miguel Amatitlán"
1071,0.397803349601716,0.270472639298329,0.543298205998933,NA,"sintetico_postestratificado",FALSE,0.272825566700605,"20","552","Tlacotepec Plumas"
1072,0.435379540471833,0.300787406807806,0.568009059910335,NA,"sintetico_postestratificado",FALSE,0.267221653102529,"20","262","San Miguel Amatlán"
1073,0.449621239811467,0.318445654266217,0.59116064891592,NA,"sintetico_postestratificado",FALSE,0.272714994649703,"20","266","San Miguel del Puerto"
1074,0.355518495981221,0.238381741123457,0.492868051872081,NA,"sintetico_postestratificado",FALSE,0.254486310748624,"20","550","San Jerónimo Tlacochahuaya"
1075,0.352605780455433,0.230905255958725,0.505456588682094,NA,"sintetico_postestratificado",FALSE,0.274551332723369,"20","253","San Mateo Piñas"
1076,0.384452475189823,0.251268421893974,0.5258348335969,NA,"sintetico_postestratificado",FALSE,0.274566411702927,"20","254","San Mateo Río Hondo"
1077,0.337401750093721,0.22000753875684,0.477529648994822,1,"muestra_directa",TRUE,0.257522110237982,"20","272","San Miguel Panixtlahuaca"
1078,0.335084604334992,0.218908611607021,0.460110846483594,NA,"sintetico_postestratificado",FALSE,0.241202234876573,"20","273","San Miguel Peras"
1079,0.374833251902304,0.261722922696439,0.500179046095747,NA,"sintetico_postestratificado",FALSE,0.238456123399309,"20","275","San Miguel Quetzaltepec"
1080,0.407873121633611,0.289828995462492,0.546495286791756,NA,"sintetico_postestratificado",FALSE,0.256666291329264,"20","551","Tlacolula de Matamoros"
1081,0.419283350634496,0.283780705337393,0.584461449975929,NA,"sintetico_postestratificado",FALSE,0.300680744638536,"20","357","Santa Ana Tavela"
1082,0.410272598163132,0.281388207183563,0.548380976538491,NA,"sintetico_postestratificado",FALSE,0.266992769354928,"20","502","Santiago Zacatepec"
1083,0.370780740057135,0.243249459818107,0.500877702085711,NA,"sintetico_postestratificado",FALSE,0.257628242267604,"20","553","Tlalixtac de Cabrera"
1084,0.390303963885314,0.274583202983292,0.52729734300433,NA,"sintetico_postestratificado",FALSE,0.252714140021038,"20","265","San Miguel Chimalapa"
1085,0.431817159398224,0.297265988349372,0.575273461625501,NA,"sintetico_postestratificado",FALSE,0.278007473276129,"20","493","Santiago Tillo"
1086,0.471253163952821,0.340418882114925,0.602715468454407,5,"muestra_directa",TRUE,0.262296586339482,"20","318","San Pedro Mixtepec"
1087,0.413318623512656,0.284961735145532,0.551499167895407,NA,"sintetico_postestratificado",FALSE,0.266537432749875,"20","327","San Pedro Tapanatepec"
1088,0.380579139603163,0.257744050517549,0.511571989676686,NA,"sintetico_postestratificado",FALSE,0.253827939159137,"20","554","Totontepec Villa de Morelos"
1089,0.345405198722463,0.223781852803431,0.482087520478109,NA,"sintetico_postestratificado",FALSE,0.258305667674678,"20","555","Trinidad Zaachila"
1090,0.338802193510964,0.212789842125809,0.494500139609284,NA,"sintetico_postestratificado",FALSE,0.281710297483475,"20","556","La Trinidad Vista Hermosa"
1091,0.329388933568845,0.218789806130146,0.481532945160998,NA,"sintetico_postestratificado",FALSE,0.262743139030852,"20","018","Concepción Buenavista"
1092,0.359656114350096,0.226525684274711,0.506732132146948,NA,"sintetico_postestratificado",FALSE,0.280206447872237,"20","036","Guevea de Humboldt"
1093,0.355798744248285,0.22505407277373,0.501512144686573,NA,"sintetico_postestratificado",FALSE,0.276458071912843,"20","338","Villa de Etla"
1094,0.376389333462723,0.247238413979575,0.525786275482888,NA,"sintetico_postestratificado",FALSE,0.278547861503313,"20","344","San Sebastián Coatlán"
1095,0.368239160586673,0.233783881158349,0.509944588420539,NA,"sintetico_postestratificado",FALSE,0.27616070726219,"20","366","Santa Catarina Loxicha"
1096,0.372756241430506,0.250430059973388,0.491979176214585,NA,"sintetico_postestratificado",FALSE,0.241549116241197,"20","377","Santa Cruz Itundujia"
1097,0.372776977867933,0.249528678394909,0.506441508414192,NA,"sintetico_postestratificado",FALSE,0.256912830019283,"20","451","Santiago Apoala"
1098,0.396908803094459,0.260155341090098,0.529256421204079,NA,"sintetico_postestratificado",FALSE,0.269101080113981,"20","005","Asunción Ixtaltepec"
1099,0.467526106512434,0.313041881457585,0.623442657801537,NA,"sintetico_postestratificado",FALSE,0.310400776343952,"20","558","Valerio Trujano"
1100,0.471561921545157,0.326021295064511,0.620589994315601,NA,"sintetico_postestratificado",FALSE,0.29456869925109,"20","561","Yaxe"
1101,0.41978811049244,0.287117948465799,0.555267471394505,NA,"sintetico_postestratificado",FALSE,0.268149522928706,"20","056","Mártires de Tacubaya"
1102,0.356095136321333,0.238259169882783,0.488603721158617,NA,"sintetico_postestratificado",FALSE,0.250344551275834,"20","563","Yogana"
1103,0.38965538391593,0.257788003413353,0.548043655222069,NA,"sintetico_postestratificado",FALSE,0.290255651808716,"20","497","Santiago Yaitepec"
1104,0.370605921435918,0.260869011801091,0.500367407149884,NA,"sintetico_postestratificado",FALSE,0.239498395348794,"20","549","Heroica Villa Tezoatlán de Segura y Luna, Cuna de la Independencia de Oaxaca"
1105,0.449454974061517,0.31481459202342,0.600176483939543,NA,"sintetico_postestratificado",FALSE,0.285361891916124,"20","564","Yutanduchi de Guerrero"
1106,0.442887282194504,0.314697923148714,0.580651839826182,NA,"sintetico_postestratificado",FALSE,0.265953916677467,"20","565","Villa de Zaachila"
1107,0.333511166713441,0.20904384612967,0.485820838622896,NA,"sintetico_postestratificado",FALSE,0.276776992493226,"20","099","San Andrés Tepetlapa"
1108,0.321154269429195,0.200463370582069,0.468171996129277,NA,"sintetico_postestratificado",FALSE,0.267708625547207,"20","491","Santiago Textitlán"
1109,0.340657307635516,0.221478919086393,0.46884244279694,NA,"sintetico_postestratificado",FALSE,0.247363523710546,"20","031","Tamazulápam del Espíritu Santo"
1110,0.401363770985134,0.252888996400556,0.550849040594591,NA,"sintetico_postestratificado",FALSE,0.297960044194035,"20","279","San Miguel Suchixtepec"
1111,0.349452984953782,0.226428826578327,0.478814274361628,NA,"sintetico_postestratificado",FALSE,0.252385447783301,"20","401","Santa María Colotepec"
1112,0.348561800685269,0.219637983138013,0.49700714245754,NA,"sintetico_postestratificado",FALSE,0.277369159319527,"20","367","Santa Catarina Mechoacán"
1113,0.439860787246884,0.307468035468738,0.574353650973183,2,"muestra_directa",TRUE,0.266885615504444,"20","500","Santiago Yosondúa"
1114,0.464130760595313,0.319184198450639,0.622150057830248,NA,"sintetico_postestratificado",FALSE,0.30296585937961,"20","503","Santiago Zoochila"
1115,0.456162570342958,0.310069052723434,0.609304408459304,NA,"sintetico_postestratificado",FALSE,0.299235355735871,"20","379","Santa Cruz Nundaco"
1116,0.369734558910805,0.245655856443881,0.505043182972206,NA,"sintetico_postestratificado",FALSE,0.259387326528324,"20","494","Santiago Tlazoyaltepec"
1117,0.341509810382051,0.222646253804866,0.488948151984933,NA,"sintetico_postestratificado",FALSE,0.266301898180067,"20","499","Santiago Yolomécatl"
1118,0.331223291564935,0.212204739162723,0.46525997637575,NA,"sintetico_postestratificado",FALSE,0.253055237213027,"20","058","Mazatlán Villa de Flores"
1119,0.3689605303503,0.247122571566145,0.496687404068227,NA,"sintetico_postestratificado",FALSE,0.249564832502082,"20","059","Miahuatlán de Porfirio Díaz"
1120,0.33640445067045,0.228135558778578,0.461914762437349,NA,"sintetico_postestratificado",FALSE,0.233779203658771,"20","177","San Juan Bautista Cuicatlán"
1121,0.354712842841621,0.232088904548311,0.498111556916155,NA,"sintetico_postestratificado",FALSE,0.266022652367844,"20","359","Santa Ana Yareni"
1122,0.400666678319485,0.278148136947251,0.537649488256142,NA,"sintetico_postestratificado",FALSE,0.259501351308891,"20","364","Santa Catarina Juquila"
1123,0.421643656611769,0.289669892880038,0.563540087624224,NA,"sintetico_postestratificado",FALSE,0.273870194744185,"20","569","Santa Inés de Zaragoza"
1124,0.345349988252446,0.221375019679701,0.48369060365201,NA,"sintetico_postestratificado",FALSE,0.262315583972309,"20","570","Zimatlán de Álvarez"
1125,0.371424171344388,0.251445175524288,0.499010342513035,NA,"sintetico_postestratificado",FALSE,0.247565166988747,"20","567","Zapotitlán Lagunas"
1126,0.383012745891283,0.261837799577041,0.513165246981238,4,"muestra_directa",TRUE,0.251327447404197,"20","057","Matías Romero Avendaño"
1127,0.358705621394763,0.238679591224958,0.487905688362662,NA,"sintetico_postestratificado",FALSE,0.249226097137703,"20","423","Santa María Nduayaco"
1128,0.354784028318225,0.234588010307156,0.491050308626999,NA,"sintetico_postestratificado",FALSE,0.256462298319843,"20","112","San Baltazar Chichicápam"
1129,0.336321793130797,0.2076031052912,0.484232679186046,NA,"sintetico_postestratificado",FALSE,0.276629573894845,"20","510","Santo Domingo Ixcatlán"
1130,0.349669464265548,0.222035087682505,0.510875180679091,NA,"sintetico_postestratificado",FALSE,0.288840092996585,"20","371","Santa Catarina Ticuá"
1131,0.358302329724684,0.233872769686668,0.501384760449135,NA,"sintetico_postestratificado",FALSE,0.267511990762467,"20","424","Santa María Ozolotepec"
1132,0.333353079224303,0.221102033010733,0.45412233927947,NA,"sintetico_postestratificado",FALSE,0.233020306268737,"20","406","Santa María Chilchotla"
1133,0.357797821841092,0.227708922765493,0.495362239703188,NA,"sintetico_postestratificado",FALSE,0.267653316937695,"20","410","Santa María Ecatepec"
1134,0.377301663020824,0.238683230086196,0.515506204386293,NA,"sintetico_postestratificado",FALSE,0.276822974300097,"20","435","Santa María Tepantlali"
1135,0.406986610546073,0.26323341180141,0.55406670951274,NA,"sintetico_postestratificado",FALSE,0.29083329771133,"20","417","Santa María Jacatepec"
1136,0.446873150516301,0.304535872356947,0.597457887049164,NA,"sintetico_postestratificado",FALSE,0.292922014692218,"20","422","Santa María Nativitas"
1137,0.391137908972867,0.259235162960979,0.532706430722474,NA,"sintetico_postestratificado",FALSE,0.273471267761495,"20","439","Santa María Tonameca"
1138,0.324682287199644,0.205871454778994,0.456163523516911,NA,"sintetico_postestratificado",FALSE,0.250292068737917,"20","450","Santiago Amoltepec"
1139,0.368833282092279,0.23151693017227,0.521471899058128,7,"muestra_directa",TRUE,0.289954968885858,"20","075","Reforma de Pineda"
1140,0.363116167725852,0.234468685439502,0.508497163360388,NA,"sintetico_postestratificado",FALSE,0.274028477920886,"20","501","Santiago Yucuyachi"
1141,0.360604201323055,0.240894613982915,0.50382734382853,NA,"sintetico_postestratificado",FALSE,0.262932729845615,"20","504","Nuevo Zoquiápam"
1142,0.335076847894636,0.213308984036975,0.48441340429416,NA,"sintetico_postestratificado",FALSE,0.271104420257185,"20","505","Santo Domingo Ingenio"
1143,0.362688425620782,0.237214653171453,0.499798710418001,NA,"sintetico_postestratificado",FALSE,0.262584057246548,"20","251","San Mateo Nejápam"
1144,0.370178831084282,0.256379370547926,0.502554499088487,NA,"sintetico_postestratificado",FALSE,0.246175128540561,"20","459","Villa de Santiago Chazumba"
1145,0.421528444749219,0.293964416437683,0.564200562859483,NA,"sintetico_postestratificado",FALSE,0.2702361464218,"20","477","Santiago Minas"
1146,0.352013497141416,0.232773830285924,0.495466936525973,NA,"sintetico_postestratificado",FALSE,0.262693106240049,"20","484","Santiago Tamazola"
1147,0.342900791638301,0.197111806794295,0.50845893104426,NA,"sintetico_postestratificado",FALSE,0.311347124249965,"20","485","Santiago Tapextla"
1148,0.379474599257576,0.254098955872582,0.513145657719478,NA,"sintetico_postestratificado",FALSE,0.259046701846896,"20","492","Santiago Tilantongo"
1149,0.333554886377844,0.203393310250118,0.48177213039417,NA,"sintetico_postestratificado",FALSE,0.278378820144052,"20","495","Santiago Xanica"
1150,0.394671156445238,0.265415889735736,0.542194882835422,NA,"sintetico_postestratificado",FALSE,0.276778993099687,"20","534","San Vicente Coatlán"
1151,0.350147332801951,0.241677687141108,0.467602979727409,NA,"sintetico_postestratificado",FALSE,0.225925292586301,"20","537","Silacayoápam"
1152,0.333229702453149,0.21712300308502,0.468600430309042,NA,"sintetico_postestratificado",FALSE,0.251477427224023,"20","543","Tataltepec de Valdés"
1153,0.380011499886713,0.257643273832445,0.50462346017966,NA,"sintetico_postestratificado",FALSE,0.246980186347214,"20","548","Tepelmeme Villa de Morelos"
1154,0.313221446602239,0.199583436906179,0.446436859724365,NA,"sintetico_postestratificado",FALSE,0.246853422818187,"20","463","Santiago Huauclilla"
1155,0.342889928146044,0.220661633222404,0.488516470518209,NA,"sintetico_postestratificado",FALSE,0.267854837295805,"20","467","Santiago Jamiltepec"
1156,0.363916296964413,0.232835579081206,0.500538512606616,NA,"sintetico_postestratificado",FALSE,0.26770293352541,"20","559","San Juan Bautista Valle Nacional"
1157,0.363466353752759,0.242005077235634,0.503008477952998,NA,"sintetico_postestratificado",FALSE,0.261003400717364,"20","169","San José Independencia"
1158,0.355236040730126,0.229583203821167,0.507338457906717,NA,"sintetico_postestratificado",FALSE,0.27775525408555,"20","117","San Bartolomé Loxicha"
1159,0.339721622353171,0.218371321649689,0.488573201391839,NA,"sintetico_postestratificado",FALSE,0.27020187974215,"20","512","Santo Domingo Ozolotepec"
1160,0.33324206658419,0.206262236265658,0.478341473071449,NA,"sintetico_postestratificado",FALSE,0.272079236805791,"20","514","Santo Domingo Roayaga"
1161,0.368884058430894,0.240516915161009,0.523484645271026,NA,"sintetico_postestratificado",FALSE,0.282967730110016,"20","118","San Bartolomé Quialana"
1162,0.304668397598712,0.189442226398886,0.449561422915716,NA,"sintetico_postestratificado",FALSE,0.26011919651683,"20","518","Santo Domingo Tlatayápam"
1163,0.334061294576443,0.201071107655132,0.485711037596087,NA,"sintetico_postestratificado",FALSE,0.284639929940955,"20","440","Santa María Totolapilla"
1164,0.34936374515647,0.216347078060619,0.507505756329123,NA,"sintetico_postestratificado",FALSE,0.291158678268504,"20","568","Zapotitlán Palmas"
1165,0.387011080776934,0.25628170964958,0.532410895131173,NA,"sintetico_postestratificado",FALSE,0.276129185481594,"20","521","Santo Domingo Tonaltepec"
1166,0.384684897323609,0.267511513597107,0.526166888478324,NA,"sintetico_postestratificado",FALSE,0.258655374881217,"20","001","Abejones"
1167,0.337839812077707,0.213187034119695,0.478530190993575,NA,"sintetico_postestratificado",FALSE,0.26534315687388,"20","256","San Mateo Tlapiltepec"
1168,0.363373283032393,0.241926498986446,0.495887095833331,NA,"sintetico_postestratificado",FALSE,0.253960596846885,"20","003","Asunción Cacalotepec"
1169,0.371840296465596,0.246970013216364,0.527518121379146,NA,"sintetico_postestratificado",FALSE,0.280548108162783,"20","263","San Miguel Coatlán"
1170,0.354672328223371,0.237462550367306,0.490693087893919,NA,"sintetico_postestratificado",FALSE,0.253230537526613,"20","004","Asunción Cuyotepeji"
1171,0.383106059960165,0.233395996138936,0.557772976330388,NA,"sintetico_postestratificado",FALSE,0.324376980191453,"20","007","Asunción Ocotlán"
1172,0.454844449199507,0.312426017149499,0.597427790257382,NA,"sintetico_postestratificado",FALSE,0.285001773107883,"20","267","San Miguel del Río"
1173,0.315987562891964,0.201349982563386,0.453306750139773,NA,"sintetico_postestratificado",FALSE,0.251956767576387,"20","011","Calihualá"
1174,0.331052363041144,0.207854078655073,0.474097324352469,NA,"sintetico_postestratificado",FALSE,0.266243245697395,"20","027","Chiquihuitlán de Benito Juárez"
1175,0.371864478274257,0.234093247994861,0.520850264395186,4,"muestra_directa",TRUE,0.286757016400325,"20","030","El Espinal"
1176,0.396317963919166,0.265441349988882,0.542863709629453,NA,"sintetico_postestratificado",FALSE,0.277422359640571,"20","519","Santo Domingo Tomaltepec"
1177,0.333036564022216,0.212906897706079,0.488899047844446,NA,"sintetico_postestratificado",FALSE,0.275992150138368,"20","034","Guadalupe de Ramírez"
1178,0.367664985101269,0.247356795757303,0.509067492223632,NA,"sintetico_postestratificado",FALSE,0.261710696466329,"20","013","Ciénega de Zimatlán"
1179,0.402750548900883,0.283896719840566,0.5343800583244,NA,"sintetico_postestratificado",FALSE,0.250483338483834,"20","460","Santiago Choápam"
1180,0.348936503515361,0.224900476814324,0.485747100747195,NA,"sintetico_postestratificado",FALSE,0.260846623932871,"20","044","Loma Bonita"
1181,0.447047140687327,0.316304028674767,0.582837021297512,NA,"sintetico_postestratificado",FALSE,0.266532992622744,"20","017","La Compañía"
1182,0.375792029632928,0.252202071306826,0.510626830385114,NA,"sintetico_postestratificado",FALSE,0.258424759078289,"20","507","Santo Domingo Armenta"
1183,0.339313360965759,0.203407732098952,0.499811698776616,NA,"sintetico_postestratificado",FALSE,0.296403966677664,"20","049","Magdalena Ocotlán"
1184,0.337728584282601,0.220667057692001,0.472216601281192,NA,"sintetico_postestratificado",FALSE,0.251549543589191,"20","520","Santo Domingo Tonalá"
1185,0.321145691687919,0.199161525508429,0.454477851359987,NA,"sintetico_postestratificado",FALSE,0.255316325851559,"20","019","Concepción Pápalo"
1186,0.33169455416866,0.215572127771083,0.463821622710829,NA,"sintetico_postestratificado",FALSE,0.248249494939746,"20","022","Cosoltepec"
1187,0.316792983198781,0.196780365747876,0.455635268729038,NA,"sintetico_postestratificado",FALSE,0.258854902981162,"20","024","Cuyamecalco Villa de Zaragoza"
1188,0.384786524885303,0.222917210274162,0.588937699784398,3,"muestra_directa",TRUE,0.366020489510236,"20","025","Chahuites"
1189,0.384560631331467,0.270895439269671,0.52467567710127,NA,"sintetico_postestratificado",FALSE,0.253780237831599,"20","026","Chalcatongo de Hidalgo"
1190,0.354025992456185,0.234124921226316,0.484526790178553,NA,"sintetico_postestratificado",FALSE,0.250401868952237,"20","029","Eloxochitlán de Flores Magón"
1191,0.373869880742505,0.247943249601281,0.511691397558681,NA,"sintetico_postestratificado",FALSE,0.263748147957399,"20","032","Fresnillo de Trujano"
1192,0.288658921227375,0.190232103599628,0.402260091995863,10,"muestra_directa",FALSE,0.212027988396236,"20","515","Santo Domingo Tehuantepec"
1193,0.36405085628315,0.241089071992492,0.499951493207948,4,"muestra_directa",TRUE,0.258862421215455,"20","516","Santo Domingo Teojomulco"
1194,0.353225016784639,0.226651036580897,0.49298469717848,NA,"sintetico_postestratificado",FALSE,0.266333660597583,"20","033","Guadalupe Etla"
1195,0.418038022146289,0.285735011878798,0.550265033152967,NA,"sintetico_postestratificado",FALSE,0.26453002127417,"20","050","Magdalena Peñasco"
1196,0.439810320029467,0.281432990474029,0.595282286780687,NA,"sintetico_postestratificado",FALSE,0.313849296306659,"20","035","Guelatao de Juárez"
1197,0.351859135277787,0.224832227554031,0.487955446236502,NA,"sintetico_postestratificado",FALSE,0.263123218682471,"20","051","Magdalena Teitipac"
1198,0.3407249806784,0.2102218048168,0.487025559704949,NA,"sintetico_postestratificado",FALSE,0.276803754888149,"20","536","San Vicente Nuñú"
1199,0.356965142383413,0.232888968543356,0.504905956602915,NA,"sintetico_postestratificado",FALSE,0.272016988059559,"20","047","Santa Magdalena Jicotlán"
1200,0.386392076269334,0.250470598640851,0.532508496903569,NA,"sintetico_postestratificado",FALSE,0.282037898262717,"20","037","Mesones Hidalgo"
1201,0.416152607728747,0.283368382515369,0.558476070787232,NA,"sintetico_postestratificado",FALSE,0.275107688271863,"20","040","Huautepec"
1202,0.405824168406438,0.284372538709375,0.548932620978116,NA,"sintetico_postestratificado",FALSE,0.264560082268741,"20","041","Huautla de Jiménez"
1203,0.357006358997883,0.237246261459029,0.478570030451457,NA,"sintetico_postestratificado",FALSE,0.241323768992427,"20","042","Ixtlán de Juárez"
1204,0.352090396776058,0.230373398588287,0.487898101245414,NA,"sintetico_postestratificado",FALSE,0.257524702657127,"20","045","Magdalena Apasco"
1205,0.402595937758686,0.273661591271779,0.551949913517651,NA,"sintetico_postestratificado",FALSE,0.278288322245872,"20","053","Magdalena Tlacotepec"
1206,0.444080146825939,0.321967389271551,0.579650749422438,NA,"sintetico_postestratificado",FALSE,0.257683360150886,"20","046","Magdalena Jaltepec"
1207,0.405415814978584,0.281920667450529,0.550898083709981,NA,"sintetico_postestratificado",FALSE,0.268977416259452,"20","523","Santo Domingo Yanhuitlán"
1208,0.379612979651173,0.251958418446248,0.52143184974988,NA,"sintetico_postestratificado",FALSE,0.269473431303632,"20","048","Magdalena Mixtepec"
1209,0.414736669214733,0.285291709272023,0.556102973894573,NA,"sintetico_postestratificado",FALSE,0.27081126462255,"20","522","Santo Domingo Xagacía"
1210,0.359728744496179,0.247369221724941,0.498781199143624,NA,"sintetico_postestratificado",FALSE,0.251411977418682,"20","456","Santiago Cacaloxtepec"
1211,0.329857625935432,0.20351923652349,0.474340779194636,NA,"sintetico_postestratificado",FALSE,0.270821542671145,"20","060","Mixistlán de la Reforma"
1212,0.361256997584265,0.226521016016886,0.5094971583548,NA,"sintetico_postestratificado",FALSE,0.282976142337913,"20","061","Monjas"
1213,0.378162134096218,0.235412246248227,0.549941082301129,NA,"sintetico_postestratificado",FALSE,0.314528836052902,"20","062","Natividad"
1214,0.346883912001898,0.228019668104414,0.505184996823137,NA,"sintetico_postestratificado",FALSE,0.277165328718723,"20","063","Nazareno Etla"
1215,0.364984659335167,0.251644741979033,0.50807705198539,NA,"sintetico_postestratificado",FALSE,0.256432310006358,"20","065","Ixpantepec Nieves"
1216,0.39293776312572,0.256202618587392,0.539017838029118,NA,"sintetico_postestratificado",FALSE,0.282815219441726,"20","069","La Pe"
1217,0.398337581269462,0.26433597079738,0.545758170314559,NA,"sintetico_postestratificado",FALSE,0.28142219951718,"20","070","Pinotepa de Don Luis"
1218,0.381495581395199,0.249604279512194,0.53282620624298,NA,"sintetico_postestratificado",FALSE,0.283221926730786,"20","071","Pluma Hidalgo"
1219,0.332702166414817,0.207708505118288,0.470655144445381,NA,"sintetico_postestratificado",FALSE,0.262946639327093,"20","096","San Andrés Sinaxtla"
1220,0.365110347240271,0.248447729004201,0.501851802619263,NA,"sintetico_postestratificado",FALSE,0.253404073615062,"20","072","San José del Progreso"
1221,0.389683991509273,0.26213169825336,0.530463099970927,NA,"sintetico_postestratificado",FALSE,0.268331401717567,"20","097","San Andrés Solaga"
1222,0.396754964938202,0.271406332520485,0.535653492063676,NA,"sintetico_postestratificado",FALSE,0.26424715954319,"20","098","San Andrés Teotilálpam"
1223,0.380533246409886,0.252910786661657,0.515840376638259,NA,"sintetico_postestratificado",FALSE,0.262929589976602,"20","074","Santa Catarina Quioquitani"
1224,0.349594373381041,0.236398889357878,0.482161434194189,6,"muestra_directa",TRUE,0.245762544836311,"20","076","La Reforma"
1225,0.345873991692363,0.232170591661945,0.471123518066369,NA,"sintetico_postestratificado",FALSE,0.238952926404424,"20","190","San Juan Cotzocón"
1226,0.333607631520426,0.221094580167805,0.47558073640716,NA,"sintetico_postestratificado",FALSE,0.254486156239354,"20","078","Rojas de Cuauhtémoc"
1227,0.362566904865163,0.232145465643934,0.507749300446875,NA,"sintetico_postestratificado",FALSE,0.27560383480294,"20","077","Reyes Etla"
1228,0.339928852574278,0.220678563080358,0.475305435417855,NA,"sintetico_postestratificado",FALSE,0.254626872337497,"20","081","San Agustín Atenango"
1229,0.366811591519154,0.240051812025518,0.507041077498822,NA,"sintetico_postestratificado",FALSE,0.266989265473304,"20","094","San Andrés Nuxiño"
1230,0.309689342407004,0.195930189047472,0.450280270405287,NA,"sintetico_postestratificado",FALSE,0.254350081357815,"20","080","San Agustín Amatengo"
1231,0.323504767725837,0.207700588755777,0.46295209834501,NA,"sintetico_postestratificado",FALSE,0.255251509589233,"20","084","San Agustín Etla"
1232,0.333719977448115,0.220761459381395,0.463233038520968,NA,"sintetico_postestratificado",FALSE,0.242471579139573,"20","082","San Agustín Chayuco"
1233,0.305651679731609,0.194029314960811,0.462861425591436,NA,"sintetico_postestratificado",FALSE,0.268832110630625,"20","086","San Agustín Tlacotepec"
1234,0.325396210571477,0.211390538655689,0.463247785741561,NA,"sintetico_postestratificado",FALSE,0.251857247085872,"20","083","San Agustín de las Juntas"
1235,0.362448345123989,0.242430837101024,0.506074289378557,NA,"sintetico_postestratificado",FALSE,0.263643452277533,"20","092","San Andrés Ixtlahuaca"
1236,0.40778403594706,0.276435024785522,0.55700407350957,NA,"sintetico_postestratificado",FALSE,0.280569048724047,"20","087","San Agustín Yatareni"
1237,0.33586423025676,0.216105173285593,0.477037462779188,NA,"sintetico_postestratificado",FALSE,0.260932289493595,"20","089","San Andrés Dinicuiti"
1238,0.331343089775356,0.208661087587519,0.4718026331902,NA,"sintetico_postestratificado",FALSE,0.263141545602681,"20","090","San Andrés Huaxpaltepec"
1239,0.347358084469189,0.224430248147486,0.485774872440717,NA,"sintetico_postestratificado",FALSE,0.261344624293231,"20","091","San Andrés Huayápam"
1240,0.342049711523724,0.222484809355565,0.495314499885465,NA,"sintetico_postestratificado",FALSE,0.2728296905299,"20","095","San Andrés Paxtlán"
1241,0.326331003293566,0.205014998948944,0.460676408226176,NA,"sintetico_postestratificado",FALSE,0.255661409277232,"20","100","San Andrés Yaá"
1242,0.359185347961869,0.232051380247025,0.507337128307244,NA,"sintetico_postestratificado",FALSE,0.27528574806022,"20","101","San Andrés Zabache"
1243,0.375663051870665,0.251685845675009,0.51306710986092,NA,"sintetico_postestratificado",FALSE,0.261381264185911,"20","102","San Andrés Zautla"
1244,0.317123441749381,0.200797845698817,0.459613933610843,NA,"sintetico_postestratificado",FALSE,0.258816087912026,"20","233","San Lucas Quiaviní"
1245,0.442420341044598,0.311843242990452,0.590521689998102,NA,"sintetico_postestratificado",FALSE,0.27867844700765,"20","103","San Antonino Castillo Velasco"
1246,0.485779184159042,0.355844399427713,0.62357560439686,NA,"sintetico_postestratificado",FALSE,0.267731204969147,"20","104","San Antonino el Alto"
1247,0.317665941410727,0.201828949079672,0.456465191098508,NA,"sintetico_postestratificado",FALSE,0.254636242018836,"20","105","San Antonino Monte Verde"
1248,0.35437868432227,0.235767286506229,0.480234535653696,6,"muestra_directa",TRUE,0.244467249147468,"20","107","San Antonio de la Cal"
1249,0.367384685516198,0.238498940748974,0.496649203680569,NA,"sintetico_postestratificado",FALSE,0.258150262931595,"20","108","San Antonio Huitepec"
1250,0.341015317273738,0.219080989611695,0.476635645563022,NA,"sintetico_postestratificado",FALSE,0.257554655951326,"20","109","San Antonio Nanahuatípam"
1251,0.354857501863883,0.223277749284875,0.488532732582761,NA,"sintetico_postestratificado",FALSE,0.265254983297886,"20","110","San Antonio Sinicahua"
1252,0.319676622703415,0.203599078795799,0.460188806279141,NA,"sintetico_postestratificado",FALSE,0.256589727483341,"20","111","San Antonio Tepetlapa"
1253,0.306400762413344,0.195144152603278,0.448431580916659,NA,"sintetico_postestratificado",FALSE,0.253287428313381,"20","527","Santos Reyes Pápalo"
1254,0.357177101666206,0.227420861095439,0.50702519772575,NA,"sintetico_postestratificado",FALSE,0.279604336630311,"20","116","San Bartolomé Ayautla"
1255,0.369679578296366,0.239622054284349,0.512016069634119,NA,"sintetico_postestratificado",FALSE,0.272394015349769,"20","114","San Baltazar Yatzachi el Bajo"
1256,0.370789971085146,0.250377393035367,0.510584217366664,NA,"sintetico_postestratificado",FALSE,0.260206824331297,"20","172","San Juan Achiutla"
1257,0.344024335870334,0.232215798223827,0.477774599667897,NA,"sintetico_postestratificado",FALSE,0.245558801444071,"20","115","San Bartolo Coyotepec"
1258,0.33569835235676,0.208808465897308,0.482172127047159,NA,"sintetico_postestratificado",FALSE,0.273363661149851,"20","413","Santa María Huatulco"
1259,0.414470331186121,0.294152251563425,0.548031796840473,NA,"sintetico_postestratificado",FALSE,0.253879545277048,"20","119","San Bartolomé Yucuañe"
1260,0.372885199109311,0.23611782605728,0.518494411330519,NA,"sintetico_postestratificado",FALSE,0.282376585273239,"20","120","San Bartolomé Zoogocho"
1261,0.32183493816041,0.206500434440655,0.455479404328425,NA,"sintetico_postestratificado",FALSE,0.24897896988777,"20","121","San Bartolo Soyaltepec"
1262,0.380862958266144,0.252502471374466,0.523083103051832,NA,"sintetico_postestratificado",FALSE,0.270580631677366,"20","014","Ciudad Ixtepec"
1263,0.349973028141611,0.225313333444869,0.503137123008707,NA,"sintetico_postestratificado",FALSE,0.277823789563838,"20","015","Coatecas Altas"
1264,0.332746337098823,0.207333837037067,0.47141124322977,NA,"sintetico_postestratificado",FALSE,0.264077406192703,"20","123","San Bernardo Mixtepec"
1265,0.339011994268175,0.210413758870213,0.506728244203925,NA,"sintetico_postestratificado",FALSE,0.296314485333712,"20","122","San Bartolo Yautepec"
1266,0.34471740654426,0.236604333569716,0.473654099366605,NA,"sintetico_postestratificado",FALSE,0.237049765796889,"20","528","Santos Reyes Tepejillo"
1267,0.307239945964393,0.195290940621399,0.438230497609818,NA,"sintetico_postestratificado",FALSE,0.242939556988419,"20","124","Heroica Villa de San Blas Atempa"
1268,0.310105315020857,0.186392475234851,0.451532764517357,NA,"sintetico_postestratificado",FALSE,0.265140289282506,"20","129","San Cristóbal Suchixtlahuaca"
1269,0.34661834316036,0.224259401383413,0.479845182710318,NA,"sintetico_postestratificado",FALSE,0.255585781326905,"20","206","San Juan de los Cués"
1270,0.354843293173561,0.23145280760001,0.49420190878641,NA,"sintetico_postestratificado",FALSE,0.262749101186399,"20","126","San Cristóbal Amatlán"
1271,0.330926474520014,0.20740425436445,0.467517051156222,NA,"sintetico_postestratificado",FALSE,0.260112796791772,"20","020","Constancia del Rosario"
1272,0.327516870318721,0.204350107383229,0.471879872041711,NA,"sintetico_postestratificado",FALSE,0.267529764658483,"20","127","San Cristóbal Amoltepec"
1273,0.329319775822523,0.198967736480189,0.484008202553441,NA,"sintetico_postestratificado",FALSE,0.285040466073252,"20","128","San Cristóbal Lachirioag"
1274,0.365919159073252,0.240787736601456,0.510140824738238,NA,"sintetico_postestratificado",FALSE,0.269353088136783,"20","529","Santos Reyes Yucuná"
1275,0.340410156046495,0.223309886243156,0.471343894591098,NA,"sintetico_postestratificado",FALSE,0.248034008347942,"20","131","San Dionisio Ocotepec"
1276,0.337208998358854,0.214347420968,0.479621239789313,2,"muestra_directa",TRUE,0.265273818821313,"20","130","San Dionisio del Mar"
1277,0.404616173649155,0.27931621699327,0.545374654158419,NA,"sintetico_postestratificado",FALSE,0.266058437165149,"20","152","San Francisco Tlapancingo"
1278,0.379603004855313,0.256336724608624,0.520364946255728,NA,"sintetico_postestratificado",FALSE,0.264028221647103,"20","153","San Gabriel Mixtepec"
1279,0.351784284622376,0.220628284794957,0.502350881496921,NA,"sintetico_postestratificado",FALSE,0.281722596701964,"20","132","San Dionisio Ocotlán"
1280,0.317785948003289,0.205896464038578,0.455377940222189,NA,"sintetico_postestratificado",FALSE,0.249481476183611,"20","135","San Felipe Tejalápam"
1281,0.308179554243772,0.189450345914655,0.447357998321489,NA,"sintetico_postestratificado",FALSE,0.257907652406834,"20","136","San Felipe Usila"
1282,0.323045214162198,0.209119522385331,0.460116234931223,NA,"sintetico_postestratificado",FALSE,0.250996712545892,"20","137","San Francisco Cahuacuá"
1283,0.325901069238486,0.213882646186601,0.464711903163687,NA,"sintetico_postestratificado",FALSE,0.250829256977086,"20","139","San Francisco Chapulapa"
1284,0.311770256480554,0.198408603093186,0.453244245976844,NA,"sintetico_postestratificado",FALSE,0.254835642883658,"20","142","San Francisco Huehuetlán"
1285,0.342391033518062,0.228805832658521,0.483015421126714,NA,"sintetico_postestratificado",FALSE,0.254209588468193,"20","140","San Francisco Chindúa"
1286,0.323890330726992,0.205390565784847,0.454656942372955,NA,"sintetico_postestratificado",FALSE,0.249266376588108,"20","141","San Francisco del Mar"
1287,0.366323658062873,0.234578466973738,0.524072262174202,NA,"sintetico_postestratificado",FALSE,0.289493795200463,"20","160","San Jerónimo Silacayoapilla"
1288,0.337473844582904,0.223607501735612,0.474900269794653,NA,"sintetico_postestratificado",FALSE,0.25129276805904,"20","143","San Francisco Ixhuatán"
1289,0.370338250184776,0.25042653419206,0.513527809604475,NA,"sintetico_postestratificado",FALSE,0.263101275412415,"20","144","San Francisco Jaltepetongo"
1290,0.353456924882313,0.23721075461697,0.49848656145541,NA,"sintetico_postestratificado",FALSE,0.261275806838441,"20","145","San Francisco Lachigoló"
1291,0.347652522132464,0.217472531851847,0.495248303740926,NA,"sintetico_postestratificado",FALSE,0.277775771889079,"20","531","Santo Tomás Mazaltepec"
1292,0.35568554611094,0.224533252386168,0.504875512373147,NA,"sintetico_postestratificado",FALSE,0.280342259986978,"20","146","San Francisco Logueche"
1293,0.356309495266801,0.233569594376397,0.501354586664661,NA,"sintetico_postestratificado",FALSE,0.267784992288264,"20","147","San Francisco Nuxaño"
1294,0.371288798636564,0.200442897197086,0.567395128520169,NA,"sintetico_postestratificado",FALSE,0.366952231323083,"20","148","San Francisco Ozolotepec"
1295,0.352129382169083,0.235745822729971,0.499157304046379,NA,"sintetico_postestratificado",FALSE,0.263411481316408,"20","150","San Francisco Telixtlahuaca"
1296,0.345452444854428,0.219672279841668,0.480622143828109,NA,"sintetico_postestratificado",FALSE,0.260949863986441,"20","151","San Francisco Teopan"
1297,0.384510101365119,0.247518599760293,0.542274390382671,NA,"sintetico_postestratificado",FALSE,0.294755790622378,"20","157","San Jacinto Amilpas"
1298,0.33133895720442,0.199911461118295,0.485743905584218,NA,"sintetico_postestratificado",FALSE,0.285832444465923,"20","248","San Mateo del Mar"
1299,0.479207365025399,0.320471433648645,0.652608000778167,NA,"sintetico_postestratificado",FALSE,0.332136567129522,"20","158","San Jacinto Tlacotepec"
1300,0.51593414993539,0.369017450466682,0.663485365435167,NA,"sintetico_postestratificado",FALSE,0.294467914968485,"20","162","San Jerónimo Taviche"
1301,0.440908788380181,0.309249337382012,0.582995979528006,NA,"sintetico_postestratificado",FALSE,0.273746642145994,"20","164","San Jorge Nuchita"
1302,0.466061319359849,0.341782696208125,0.593953552900173,NA,"sintetico_postestratificado",FALSE,0.252170856692048,"20","176","San Juan Bautista Coixtlahuaca"
1303,0.419151848395833,0.29059341236568,0.561396054094259,NA,"sintetico_postestratificado",FALSE,0.270802641728579,"20","165","San José Ayuquila"
1304,0.44687996905097,0.308549225176784,0.603837591451714,NA,"sintetico_postestratificado",FALSE,0.295288366274929,"20","167","San José del Peñasco"
1305,0.350351136131319,0.22817413317472,0.483315354382061,NA,"sintetico_postestratificado",FALSE,0.255141221207341,"20","530","Santo Tomás Jalieza"
1306,0.30840451910619,0.195046958527325,0.448843902243434,NA,"sintetico_postestratificado",FALSE,0.253796943716108,"20","187","San Juan Coatzóspam"
1307,0.375602904401048,0.256005907640745,0.505485741794695,NA,"sintetico_postestratificado",FALSE,0.24947983415395,"20","171","San José Tenango"
1308,0.378663260975159,0.251573392761328,0.511919772917292,NA,"sintetico_postestratificado",FALSE,0.260346380155964,"20","188","San Juan Colorado"
1309,0.315333356086403,0.19965000868279,0.44792348816147,NA,"sintetico_postestratificado",FALSE,0.24827347947868,"20","173","San Juan Atepec"
1310,0.381262536016081,0.257349200877442,0.528754927079111,NA,"sintetico_postestratificado",FALSE,0.271405726201669,"20","174","Ánimas Trujano"
1311,0.339176609945622,0.214339453456904,0.484061613225992,NA,"sintetico_postestratificado",FALSE,0.269722159769088,"20","191","San Juan Chicomezúchil"
1312,0.321024893635157,0.198165684318317,0.465249545949976,NA,"sintetico_postestratificado",FALSE,0.267083861631658,"20","196","San Juan Evangelista Analco"
1313,0.345260032580766,0.226862014018022,0.478919490710449,NA,"sintetico_postestratificado",FALSE,0.252057476692427,"20","178","San Juan Bautista Guelache"
1314,0.369771739824604,0.241453148776345,0.513356593551612,NA,"sintetico_postestratificado",FALSE,0.271903444775266,"20","197","San Juan Guelavía"
1315,0.485660605002934,0.329867964198058,0.646854105573479,NA,"sintetico_postestratificado",FALSE,0.316986141375421,"20","180","San Juan Bautista Lo de Soto"
1316,0.329760944077952,0.196010736537052,0.499031207543782,NA,"sintetico_postestratificado",FALSE,0.303020471006729,"20","204","San Juan Lajarcia"
1317,0.375858606255652,0.24151911204162,0.519722645853723,NA,"sintetico_postestratificado",FALSE,0.278203533812102,"20","181","San Juan Bautista Suchitepec"
1318,0.421698082831464,0.296531824307573,0.566181969042794,NA,"sintetico_postestratificado",FALSE,0.269650144735221,"20","480","Santiago Nundiche"
1319,0.401461580709317,0.269922839338442,0.548597074141018,NA,"sintetico_postestratificado",FALSE,0.278674234802576,"20","182","San Juan Bautista Tlacoatzintepec"
1320,0.353377890323247,0.23345833626912,0.492694741715444,NA,"sintetico_postestratificado",FALSE,0.259236405446324,"20","183","San Juan Bautista Tlachichilco"
1321,0.378417501885334,0.242285743377776,0.538055942692944,NA,"sintetico_postestratificado",FALSE,0.295770199315168,"20","189","San Juan Comaltepec"
1322,0.379848311817507,0.245121362272604,0.538136703818103,NA,"sintetico_postestratificado",FALSE,0.2930153415455,"20","192","San Juan Chilateca"
1323,0.439693080550671,0.297681588466917,0.581021352130375,NA,"sintetico_postestratificado",FALSE,0.283339763663457,"20","193","San Juan del Estado"
1324,0.318220935331409,0.202090231073663,0.461913343003853,NA,"sintetico_postestratificado",FALSE,0.25982311193019,"20","464","Santiago Ihuitlán Plumas"
1325,0.309421201274641,0.197307520986736,0.449514909708409,NA,"sintetico_postestratificado",FALSE,0.252207388721672,"20","194","San Juan del Río"
1326,0.337246109045221,0.211719998154021,0.479117798344324,NA,"sintetico_postestratificado",FALSE,0.267397800190303,"20","195","San Juan Diuxi"
1327,0.37212777927296,0.250015925659024,0.515446043324426,NA,"sintetico_postestratificado",FALSE,0.265430117665402,"20","199","San Juan Ihualtepec"
1328,0.3210350907067,0.206493973888323,0.451858166383507,NA,"sintetico_postestratificado",FALSE,0.245364192495184,"20","200","San Juan Juquila Mixes"
1329,0.352203831758325,0.238163477416925,0.496686077383165,NA,"sintetico_postestratificado",FALSE,0.258522599966241,"20","201","San Juan Juquila Vijanos"
1330,0.346391188075731,0.232666908755547,0.484106711708311,NA,"sintetico_postestratificado",FALSE,0.251439802952764,"20","202","San Juan Lachao"
1331,0.341026204418029,0.215050086249472,0.475877321470712,NA,"sintetico_postestratificado",FALSE,0.26082723522124,"20","203","San Juan Lachigalla"
1332,0.359827329440575,0.244017182941678,0.505253237668491,NA,"sintetico_postestratificado",FALSE,0.261236054726813,"20","210","San Juan Ñumí"
1333,0.399709526201494,0.283064101661741,0.534969595974331,NA,"sintetico_postestratificado",FALSE,0.25190549431259,"20","208","San Juan Mixtepec"
1334,0.402343543126181,0.2612240412703,0.552087761801606,NA,"sintetico_postestratificado",FALSE,0.290863720531306,"20","209","San Juan Mixtepec"
1335,0.31849035168316,0.21474759833999,0.446087209575311,NA,"sintetico_postestratificado",FALSE,0.23133961123532,"20","566","San Mateo Yucutindoo"
1336,0.331104254953832,0.21063888836189,0.466744867662191,NA,"sintetico_postestratificado",FALSE,0.256105979300301,"20","215","San Juan Sayultepec"
1337,0.317850791092722,0.192036342899402,0.453815541802003,NA,"sintetico_postestratificado",FALSE,0.261779198902601,"20","218","San Juan Teita"
1338,0.332423350092066,0.207070765799562,0.472120109973299,NA,"sintetico_postestratificado",FALSE,0.265049344173737,"20","284","San Miguel Tilquiápam"
1339,0.386113296436212,0.255691258761806,0.529382847359393,NA,"sintetico_postestratificado",FALSE,0.273691588597587,"20","216","San Juan Tabaá"
1340,0.450260741843301,0.315642890406953,0.586178248869714,NA,"sintetico_postestratificado",FALSE,0.270535358462761,"20","217","San Juan Tamazola"
1341,0.395939439706661,0.273070364705425,0.528574702563424,NA,"sintetico_postestratificado",FALSE,0.255504337857998,"20","219","San Juan Teitipac"
1342,0.349836053240722,0.221991691286093,0.498529373700552,NA,"sintetico_postestratificado",FALSE,0.27653768241446,"20","221","San Juan Teposcolula"
1343,0.343820372277992,0.219022613887483,0.49026613063486,NA,"sintetico_postestratificado",FALSE,0.271243516747377,"20","222","San Juan Yaeé"
1344,0.342459211260365,0.213069881978461,0.491238472816225,NA,"sintetico_postestratificado",FALSE,0.278168590837764,"20","223","San Juan Yatzona"
1345,0.412177755376428,0.280623411760405,0.550196887934623,NA,"sintetico_postestratificado",FALSE,0.269573476174218,"20","541","Tanetze de Zaragoza"
1346,0.431575827177872,0.307469738567145,0.553035955538401,2,"muestra_directa",TRUE,0.245566216971257,"20","498","Santiago Yaveo"
1347,0.326770773290354,0.210448936876968,0.465994003787921,NA,"sintetico_postestratificado",FALSE,0.255545066910953,"20","224","San Juan Yucuita"
1348,0.351415596001794,0.219849683306707,0.529367675261809,NA,"sintetico_postestratificado",FALSE,0.309517991955102,"20","225","San Lorenzo"
1349,0.346677259305455,0.22333711629314,0.492372936664104,NA,"sintetico_postestratificado",FALSE,0.269035820370964,"20","016","Coicoyán de las Flores"
1350,0.348594381454848,0.228449802893899,0.492960692016342,NA,"sintetico_postestratificado",FALSE,0.264510889122443,"20","226","San Lorenzo Albarradas"
1351,0.367436904693016,0.238580426519514,0.503130920115228,NA,"sintetico_postestratificado",FALSE,0.264550493595714,"20","228","San Lorenzo Cuaunecuiltitla"
1352,0.435285469684256,0.284240036639289,0.598738513881964,NA,"sintetico_postestratificado",FALSE,0.314498477242675,"20","229","San Lorenzo Texmelúcan"
1353,0.366800628347192,0.24858053912564,0.508835758384444,NA,"sintetico_postestratificado",FALSE,0.260255219258805,"20","231","San Lucas Camotlán"
1354,0.350930580010188,0.241151375789621,0.475218888845485,NA,"sintetico_postestratificado",FALSE,0.234067513055865,"20","232","San Lucas Ojitlán"
1355,0.348997674391545,0.227069531347987,0.491712041249879,NA,"sintetico_postestratificado",FALSE,0.264642509901892,"20","234","San Lucas Zoquiápam"
1356,0.403902558477627,0.277131216504311,0.538590126227813,1,"muestra_directa",TRUE,0.261458909723502,"20","235","San Luis Amatlán"
1357,0.462763134746744,0.315514688083554,0.621945382714779,NA,"sintetico_postestratificado",FALSE,0.306430694631225,"20","236","San Marcial Ozolotepec"
1358,0.442586653364354,0.315524783081297,0.577401029833112,NA,"sintetico_postestratificado",FALSE,0.261876246751816,"20","239","San Martín Huamelúlpam"
1359,0.379825241280856,0.253753378323805,0.513433906651306,NA,"sintetico_postestratificado",FALSE,0.259680528327501,"20","240","San Martín Itunyoso"
1360,0.356502803467351,0.230228971715445,0.50746247983118,NA,"sintetico_postestratificado",FALSE,0.277233508115735,"20","241","San Martín Lachilá"
1361,0.435187669739047,0.308503068232631,0.569576394296796,NA,"sintetico_postestratificado",FALSE,0.261073326064166,"20","242","San Martín Peras"
1362,0.359810241287559,0.245187764009629,0.491510001306172,NA,"sintetico_postestratificado",FALSE,0.246322237296543,"20","243","San Martín Tilcajete"
1363,0.350803565808979,0.226120342827797,0.493332746934955,NA,"sintetico_postestratificado",FALSE,0.267212404107158,"20","244","San Martín Toxpalan"
1364,0.312803371224156,0.20015788810812,0.444328565290622,NA,"sintetico_postestratificado",FALSE,0.244170677182502,"20","249","San Mateo Yoloxochitlán"
1365,0.334956276630841,0.224686183536011,0.46980312690876,NA,"sintetico_postestratificado",FALSE,0.245116943372749,"20","525","Santo Domingo Zanatepec"
1366,0.407121331490412,0.274150539850434,0.556832033751736,NA,"sintetico_postestratificado",FALSE,0.282681493901302,"20","526","Santos Reyes Nopala"
1367,0.51827628782926,0.370231058794943,0.673837508067906,NA,"sintetico_postestratificado",FALSE,0.303606449272964,"20","245","San Martín Zacatepec"
1368,0.354723355379576,0.229037500073485,0.496374889315393,NA,"sintetico_postestratificado",FALSE,0.267337389241907,"20","269","San Miguel el Grande"
1369,0.30320001054211,0.178459642378737,0.437738745549308,NA,"sintetico_postestratificado",FALSE,0.259279103170571,"20","247","Capulálpam de Méndez"
1370,0.309340613435662,0.192891504587867,0.440175155956165,NA,"sintetico_postestratificado",FALSE,0.247283651368298,"20","250","San Mateo Etlatongo"
1371,0.336060983409322,0.221595398331159,0.477687426335058,NA,"sintetico_postestratificado",FALSE,0.256092028003899,"20","255","San Mateo Sindihui"
1372,0.361193000994425,0.239675433291801,0.505728781916707,NA,"sintetico_postestratificado",FALSE,0.266053348624906,"20","252","San Mateo Peñasco"
1373,0.348765016219634,0.224191218699089,0.481378905304929,NA,"sintetico_postestratificado",FALSE,0.257187686605841,"20","257","San Melchor Betaza"
1374,0.369901722437478,0.253902239139334,0.501988248650216,2,"muestra_directa",TRUE,0.248086009510882,"20","258","San Miguel Achiutla"
1375,0.355368424932847,0.240033957532393,0.482588015557775,NA,"sintetico_postestratificado",FALSE,0.242554058025382,"20","259","San Miguel Ahuehuetitlán"
1376,0.351171071615012,0.227869901575433,0.4809733423867,NA,"sintetico_postestratificado",FALSE,0.253103440811266,"20","260","San Miguel Aloápam"
1377,0.389217473428528,0.238467517354313,0.549334888302894,NA,"sintetico_postestratificado",FALSE,0.310867370948581,"20","268","San Miguel Ejutla"
1378,0.388845824905718,0.261019512361097,0.536611848190503,NA,"sintetico_postestratificado",FALSE,0.275592335829406,"20","276","San Miguel Santa Flor"
1379,0.326298354621029,0.210706628161938,0.460211150493456,NA,"sintetico_postestratificado",FALSE,0.249504522331518,"20","281","San Miguel Tecomatlán"
1380,0.374580159388239,0.248828641148752,0.512704831435783,NA,"sintetico_postestratificado",FALSE,0.263876190287031,"20","274","San Miguel Piedras"
1381,0.349560896763236,0.235691924327919,0.479205280279068,NA,"sintetico_postestratificado",FALSE,0.243513355951149,"20","532","Santo Tomás Ocotepec"
1382,0.347448790447889,0.222238761323381,0.482222469973914,NA,"sintetico_postestratificado",FALSE,0.259983708650533,"20","280","Villa Talea de Castro"
1383,0.382804450893723,0.250087759137231,0.529999063049203,NA,"sintetico_postestratificado",FALSE,0.279911303911972,"20","533","Santo Tomás Tamazulapan"
1384,0.321332212627393,0.206205674638486,0.444770248925508,NA,"sintetico_postestratificado",FALSE,0.238564574287022,"20","368","Santa Catarina Minas"
1385,0.330216655526304,0.192037367991567,0.479340778374372,NA,"sintetico_postestratificado",FALSE,0.287303410382805,"20","282","San Miguel Tenango"
1386,0.342392334508875,0.230428581888673,0.473687204610292,NA,"sintetico_postestratificado",FALSE,0.243258622721618,"20","052","Magdalena Tequisistlán"
1387,0.398471833368848,0.270003858310698,0.539480222009755,NA,"sintetico_postestratificado",FALSE,0.269476363699057,"20","283","San Miguel Tequixtepec"
1388,0.422911763056793,0.289495123180397,0.568360502878192,NA,"sintetico_postestratificado",FALSE,0.278865379697795,"20","535","San Vicente Lachixío"
1389,0.373970631428659,0.246668461729821,0.521753258304768,NA,"sintetico_postestratificado",FALSE,0.275084796574947,"20","286","San Miguel Tlacotepec"
1390,0.344032525973135,0.212317454115847,0.499223787323113,NA,"sintetico_postestratificado",FALSE,0.286906333207266,"20","285","San Miguel Tlacamama"
1391,0.338529036469191,0.217483327895133,0.475016787695319,NA,"sintetico_postestratificado",FALSE,0.257533459800186,"20","288","San Miguel Yotao"
1392,0.324985368491199,0.20083025053415,0.469186091502347,NA,"sintetico_postestratificado",FALSE,0.268355840968198,"20","289","San Nicolás"
1393,0.315544153238131,0.198315114248935,0.470128512833454,NA,"sintetico_postestratificado",FALSE,0.27181339858452,"20","290","San Nicolás Hidalgo"
1394,0.421357619337255,0.294217439795717,0.556680450951692,NA,"sintetico_postestratificado",FALSE,0.262463011155975,"20","292","San Pablo Cuatro Venados"
1395,0.41592454345199,0.294919358262685,0.550072966317831,NA,"sintetico_postestratificado",FALSE,0.255153608055145,"20","380","Santa Cruz Papalutla"
1396,0.340455209826012,0.220372522941529,0.46060547765556,NA,"sintetico_postestratificado",FALSE,0.240232954714031,"20","294","San Pablo Huitzo"
1397,0.376908009119268,0.259462808287204,0.508822254273032,NA,"sintetico_postestratificado",FALSE,0.249359445985828,"20","043","Heroica Ciudad de Juchitán de Zaragoza"
1398,0.339860728001026,0.218315694206437,0.474910374477229,NA,"sintetico_postestratificado",FALSE,0.256594680270792,"20","295","San Pablo Huixtepec"
1399,0.323323397496058,0.184285436940682,0.473489811618944,NA,"sintetico_postestratificado",FALSE,0.289204374678263,"20","538","Sitio de Xitlapehua"
1400,0.32319868368353,0.212111216360764,0.470599760963218,NA,"sintetico_postestratificado",FALSE,0.258488544602454,"20","296","San Pablo Macuiltianguis"
1401,0.387353388920667,0.260741519168951,0.527771155344249,NA,"sintetico_postestratificado",FALSE,0.267029636175297,"20","297","San Pablo Tijaltepec"
1402,0.388124508832751,0.254238042399729,0.547119727776896,NA,"sintetico_postestratificado",FALSE,0.292881685377167,"20","304","San Pedro Coxcaltepec Cántaros"
1403,0.430273190936926,0.291559705651837,0.580811543207824,NA,"sintetico_postestratificado",FALSE,0.289251837555987,"20","299","San Pablo Yaganiza"
1404,0.34323637244073,0.221928717061926,0.49010222497994,NA,"sintetico_postestratificado",FALSE,0.268173507918014,"20","300","San Pedro Amuzgos"
1405,0.398506224878214,0.264079105437939,0.555370803181094,NA,"sintetico_postestratificado",FALSE,0.291291697743155,"20","308","San Pedro Huilotepec"
1406,0.325830493348508,0.206477494396314,0.471368478851047,NA,"sintetico_postestratificado",FALSE,0.264890984454733,"20","301","San Pedro Apóstol"
1407,0.358633987087019,0.229118452280391,0.507986799101491,NA,"sintetico_postestratificado",FALSE,0.2788683468211,"20","311","San Pedro Jaltepetongo"
1408,0.406265468813743,0.281484991746206,0.555269716361748,NA,"sintetico_postestratificado",FALSE,0.273784724615542,"20","302","San Pedro Atoyac"
1409,0.287240316135997,0.162829167038856,0.448194397526497,NA,"sintetico_postestratificado",FALSE,0.28536523048764,"20","303","San Pedro Cajonos"
1410,0.33710703049289,0.21489350026794,0.473203360225672,NA,"sintetico_postestratificado",FALSE,0.258309859957732,"20","305","San Pedro Comitancillo"
1411,0.344102151343453,0.225467895790778,0.491062317790518,NA,"sintetico_postestratificado",FALSE,0.26559442199974,"20","321","San Pedro Nopala"
1412,0.366143976221428,0.235371188263272,0.510192728403272,NA,"sintetico_postestratificado",FALSE,0.274821540139999,"20","332","San Pedro Topiltepec"
1413,0.303304495372374,0.18926880136633,0.43530768564021,NA,"sintetico_postestratificado",FALSE,0.24603888427388,"20","307","San Pedro Huamelula"
1414,0.356559004398427,0.231061931653284,0.497977989014874,NA,"sintetico_postestratificado",FALSE,0.26691605736159,"20","312","San Pedro Jicayán"
1415,0.420495388342211,0.289461908916162,0.553522000888403,NA,"sintetico_postestratificado",FALSE,0.264060091972241,"20","313","San Pedro Jocotipac"
1416,0.337285138620581,0.208648173505052,0.482973209422241,NA,"sintetico_postestratificado",FALSE,0.274325035917189,"20","314","San Pedro Juchatengo"
1417,0.415251902470939,0.277578070309028,0.56984978379782,NA,"sintetico_postestratificado",FALSE,0.292271713488792,"20","079","Salina Cruz"
1418,0.420931395820015,0.293673071925212,0.562954901723458,NA,"sintetico_postestratificado",FALSE,0.269281829798246,"20","331","San Pedro Tidaá"
1419,0.387315065229193,0.263129049005981,0.542741332725955,NA,"sintetico_postestratificado",FALSE,0.279612283719974,"20","315","San Pedro Mártir"
1420,0.44559865968617,0.300226060783455,0.595720867052449,NA,"sintetico_postestratificado",FALSE,0.295494806268993,"20","316","San Pedro Mártir Quiechapa"
1421,0.460996139916134,0.328418738232897,0.591073802007556,NA,"sintetico_postestratificado",FALSE,0.262655063774659,"20","207","San Juan Mazatlán"
1422,0.374903152976393,0.249118078530207,0.509046136368142,NA,"sintetico_postestratificado",FALSE,0.259928057837935,"20","317","San Pedro Mártir Yucuxaco"
1423,0.420713121023337,0.273647948512064,0.561689715959148,NA,"sintetico_postestratificado",FALSE,0.288041767447084,"20","356","Santa Ana del Valle"
1424,0.435393202377146,0.308866117431667,0.576396176939947,NA,"sintetico_postestratificado",FALSE,0.26753005950828,"20","319","San Pedro Mixtepec"
1425,0.409168156982632,0.278831194807487,0.548244108910139,NA,"sintetico_postestratificado",FALSE,0.269412914102652,"20","320","San Pedro Molinos"
1426,0.394800532657734,0.260445559505501,0.540155632639582,NA,"sintetico_postestratificado",FALSE,0.279710073134082,"20","322","San Pedro Ocopetatillo"
1427,0.304224190625921,0.179790787064636,0.44833452549811,NA,"sintetico_postestratificado",FALSE,0.268543738433474,"20","323","San Pedro Ocotepec"
1428,0.329779995197357,0.217769834214681,0.45361104865928,NA,"sintetico_postestratificado",FALSE,0.235841214444598,"20","325","San Pedro Quiatoni"
1429,0.355272929701381,0.23981822744638,0.488897632641713,NA,"sintetico_postestratificado",FALSE,0.249079405195333,"20","326","San Pedro Sochiápam"
1430,0.413872348574866,0.283051354523604,0.548190382964758,NA,"sintetico_postestratificado",FALSE,0.265139028441154,"20","328","San Pedro Taviche"
1431,0.464767157258744,0.294344078343916,0.658519548226787,NA,"sintetico_postestratificado",FALSE,0.364175469882871,"20","335","San Pedro Yaneri"
1432,0.409836643443797,0.282960181392848,0.548600224789592,NA,"sintetico_postestratificado",FALSE,0.265640043396744,"20","336","San Pedro Yólox"
1433,0.39010641096948,0.279004222649043,0.516432913956252,4,"muestra_directa",TRUE,0.237428691307209,"20","339","San Pedro y San Pablo Teposcolula"
1434,0.37727361091389,0.263615436416777,0.500524358604837,NA,"sintetico_postestratificado",FALSE,0.23690892218806,"20","340","San Pedro y San Pablo Tequixtepec"
1435,0.379274756473995,0.249010725096936,0.532272568095639,NA,"sintetico_postestratificado",FALSE,0.283261842998703,"20","341","San Pedro Yucunama"
1436,0.433102314553427,0.299448001833043,0.60479325669539,NA,"sintetico_postestratificado",FALSE,0.305345254862347,"20","342","San Raymundo Jalpan"
1437,0.480999116747579,0.341991872763699,0.620885796221332,NA,"sintetico_postestratificado",FALSE,0.278893923457633,"20","343","San Sebastián Abasolo"
1438,0.387158586035902,0.259069752937073,0.523566558733991,NA,"sintetico_postestratificado",FALSE,0.264496805796918,"20","345","San Sebastián Ixcapa"
1439,0.412682294823631,0.282267343178646,0.56289225836567,NA,"sintetico_postestratificado",FALSE,0.280624915187024,"20","346","San Sebastián Nicananduta"
1440,0.351594318316014,0.237501220435742,0.475536728328891,NA,"sintetico_postestratificado",FALSE,0.23803550789315,"20","347","San Sebastián Río Hondo"
1441,0.349083416093869,0.22400752992474,0.495518027123643,NA,"sintetico_postestratificado",FALSE,0.271510497198903,"20","539","Soledad Etla"
1442,0.43087748615503,0.300129851091405,0.573306160484834,NA,"sintetico_postestratificado",FALSE,0.273176309393429,"20","211","San Juan Ozolotepec"
1443,0.457903865780735,0.327695037444895,0.607401244004839,NA,"sintetico_postestratificado",FALSE,0.279706206559944,"20","212","San Juan Petlapa"
1444,0.387920045842929,0.248088119261715,0.542573413777404,NA,"sintetico_postestratificado",FALSE,0.294485294515689,"20","213","San Juan Quiahije"
1445,0.367175845327177,0.239170977484526,0.509573876285729,NA,"sintetico_postestratificado",FALSE,0.270402898801203,"20","348","San Sebastián Tecomaxtlahuaca"
1446,0.449615481406786,0.308117049252519,0.593278422826633,NA,"sintetico_postestratificado",FALSE,0.285161373574114,"20","349","San Sebastián Teitipac"
1447,0.327819888632937,0.216527564657909,0.465504449676819,NA,"sintetico_postestratificado",FALSE,0.24897688501891,"20","540","Villa de Tamazulápam del Progreso"
1448,0.321401809749073,0.195770596144363,0.467048425037665,NA,"sintetico_postestratificado",FALSE,0.271277828893302,"20","350","San Sebastián Tutla"
1449,0.316972480295122,0.196349177353402,0.478672707844965,NA,"sintetico_postestratificado",FALSE,0.282323530491563,"20","352","San Simón Zahuatlán"
1450,0.368526004277305,0.244021335628878,0.526799708341925,NA,"sintetico_postestratificado",FALSE,0.282778372713047,"20","353","Santa Ana"
1451,0.408330124773211,0.2627335744019,0.563809860031926,NA,"sintetico_postestratificado",FALSE,0.301076285630026,"20","354","Santa Ana Ateixtlahuaca"
1452,0.436902104929633,0.31002601258402,0.578308271856143,NA,"sintetico_postestratificado",FALSE,0.268282259272123,"20","355","Santa Ana Cuauhtémoc"
1453,0.311277583743965,0.198211220818328,0.444228437747913,NA,"sintetico_postestratificado",FALSE,0.246017216929585,"20","358","Santa Ana Tlapacoyan"
1454,0.353762318715974,0.226938440720366,0.490679770500851,NA,"sintetico_postestratificado",FALSE,0.263741329780484,"20","360","Santa Ana Zegache"
1455,0.405517554367679,0.272303969107491,0.557693401498608,NA,"sintetico_postestratificado",FALSE,0.285389432391117,"20","361","Santa Catalina Quierí"
1456,0.377829873522625,0.243034914791518,0.529544326884919,NA,"sintetico_postestratificado",FALSE,0.286509412093401,"20","362","Santa Catarina Cuixtla"
1457,0.335317791880391,0.226702227969661,0.47741709464719,NA,"sintetico_postestratificado",FALSE,0.250714866677528,"20","363","Santa Catarina Ixtepeji"
1458,0.325719574572249,0.199139126078378,0.472579132255385,NA,"sintetico_postestratificado",FALSE,0.273440006177006,"20","369","Santa Catarina Quiané"
1459,0.345199990237238,0.22349292202694,0.482604700816672,NA,"sintetico_postestratificado",FALSE,0.259111778789732,"20","370","Santa Catarina Tayata"
1460,0.301827585632602,0.183458978003829,0.439219467357491,NA,"sintetico_postestratificado",FALSE,0.255760489353661,"20","381","Santa Cruz Tacache de Mina"
1461,0.331841797979037,0.213022449422692,0.471892825657505,NA,"sintetico_postestratificado",FALSE,0.258870376234813,"20","372","Santa Catarina Yosonotú"
1462,0.368578384539716,0.243665062665562,0.508226550059018,NA,"sintetico_postestratificado",FALSE,0.264561487393457,"20","373","Santa Catarina Zapoquila"
1463,0.306240961324509,0.189084783222573,0.433585182107919,NA,"sintetico_postestratificado",FALSE,0.244500398885347,"20","374","Santa Cruz Acatepec"
1464,0.407357970987709,0.281924419124952,0.537599878915036,NA,"sintetico_postestratificado",FALSE,0.255675459790084,"20","293","San Pablo Etla"
1465,0.366125428635638,0.230803810951269,0.530976065657472,NA,"sintetico_postestratificado",FALSE,0.300172254706202,"20","375","Santa Cruz Amilpas"
1466,0.320335880667115,0.200034159039366,0.461966779361083,NA,"sintetico_postestratificado",FALSE,0.261932620321717,"20","376","Santa Cruz de Bravo"
1467,0.341544897409079,0.22755472979413,0.482886203009426,NA,"sintetico_postestratificado",FALSE,0.255331473215296,"20","382","Santa Cruz Tacahua"
1468,0.379249844738826,0.250212737372272,0.521175450107838,NA,"sintetico_postestratificado",FALSE,0.270962712735566,"20","383","Santa Cruz Tayata"
1469,0.348648590162467,0.211480153692574,0.500441264691517,NA,"sintetico_postestratificado",FALSE,0.288961110998944,"20","384","Santa Cruz Xitla"
1470,0.345811073557785,0.226225149837947,0.48019652195272,NA,"sintetico_postestratificado",FALSE,0.253971372114772,"20","386","Santa Cruz Zenzontepec"
1471,0.336631468429047,0.21182158045372,0.478182329599755,NA,"sintetico_postestratificado",FALSE,0.266360749146035,"20","387","Santa Gertrudis"
1472,0.331692556868045,0.215527983719759,0.479898619628536,NA,"sintetico_postestratificado",FALSE,0.264370635908777,"20","179","San Juan Bautista Jayacatlán"
1473,0.318094396918841,0.200931073720074,0.455008734847758,NA,"sintetico_postestratificado",FALSE,0.254077661127684,"20","388","Santa Inés del Monte"
1474,0.355292839077045,0.231856883852895,0.491526639856121,1,"muestra_directa",TRUE,0.259669756003226,"20","390","Santa Lucía del Camino"
1475,0.311293468481233,0.203368324078111,0.435096939211599,3,"muestra_directa",TRUE,0.231728615133487,"20","408","Santa María del Rosario"
1476,0.333345797417367,0.208700103975552,0.474840193996302,NA,"sintetico_postestratificado",FALSE,0.26614009002075,"20","391","Santa Lucía Miahuatlán"
1477,0.354999902007897,0.237932984379885,0.495338814307915,NA,"sintetico_postestratificado",FALSE,0.257405829928029,"20","418","Santa María Jalapa del Marqués"
1478,0.426759503061261,0.308502283292229,0.561806481668031,NA,"sintetico_postestratificado",FALSE,0.253304198375802,"20","392","Santa Lucía Monteverde"
1479,0.292322061288734,0.172007181099542,0.436172485723862,NA,"sintetico_postestratificado",FALSE,0.26416530462432,"20","393","Santa Lucía Ocotlán"
1480,0.344407828720848,0.227360078381115,0.481576973244193,NA,"sintetico_postestratificado",FALSE,0.254216894863077,"20","394","Santa María Alotepec"
1481,0.325487239600721,0.215120358782084,0.453168830553015,NA,"sintetico_postestratificado",FALSE,0.238048471770931,"20","395","Santa María Apazco"
1482,0.317509043472068,0.18102429489126,0.475288439684628,NA,"sintetico_postestratificado",FALSE,0.294264144793368,"20","396","Santa María la Asunción"
1483,0.357784378248024,0.252614634478841,0.482952592577225,3,"muestra_directa",TRUE,0.230337958098383,"20","397","Heroica Ciudad de Tlaxiaco"
1484,0.381159680486511,0.261777397859949,0.513324334576977,NA,"sintetico_postestratificado",FALSE,0.251546936717029,"20","398","Ayoquezco de Aldama"
1485,0.329361676938924,0.207898187697923,0.472627326612702,NA,"sintetico_postestratificado",FALSE,0.264729138914779,"20","399","Santa María Atzompa"
1486,0.328742387700198,0.20554546381181,0.475328938988389,NA,"sintetico_postestratificado",FALSE,0.269783475176579,"20","400","Santa María Camotlán"
1487,0.363442929801843,0.231065346836066,0.50288457050046,NA,"sintetico_postestratificado",FALSE,0.271819223664394,"20","402","Santa María Cortijo"
1488,0.382203924430117,0.2477000136001,0.522345463558602,NA,"sintetico_postestratificado",FALSE,0.274645449958503,"20","154","San Ildefonso Amatlán"
1489,0.402363552159396,0.275811194747463,0.547952882430918,NA,"sintetico_postestratificado",FALSE,0.272141687683454,"20","155","San Ildefonso Sola"
1490,0.345244680030543,0.222081420780764,0.483441148348909,NA,"sintetico_postestratificado",FALSE,0.261359727568146,"20","156","San Ildefonso Villa Alta"
1491,0.385179225258439,0.248926579897237,0.549201436399928,NA,"sintetico_postestratificado",FALSE,0.300274856502691,"20","403","Santa María Coyotepec"
1492,0.307736003322295,0.198731075137563,0.438712991034886,NA,"sintetico_postestratificado",FALSE,0.239981915897323,"20","419","Santa María Jaltianguis"
1493,0.349903549079683,0.226218372731329,0.498389769582094,NA,"sintetico_postestratificado",FALSE,0.272171396850765,"20","405","Villa de Chilapa de Díaz"
1494,0.450274261940681,0.319698820944707,0.597479711790895,NA,"sintetico_postestratificado",FALSE,0.277780890846188,"20","409","Santa María del Tule"
1495,0.347526758966148,0.23170458197531,0.483995732517135,NA,"sintetico_postestratificado",FALSE,0.252291150541825,"20","264","San Miguel Chicahua"
1496,0.403741765494558,0.26704697633694,0.569831639507759,NA,"sintetico_postestratificado",FALSE,0.302784663170819,"20","411","Santa María Guelacé"
1497,0.343208861046845,0.227144070106083,0.480629620699296,NA,"sintetico_postestratificado",FALSE,0.253485550593213,"20","106","San Antonio Acutla"
1498,0.336023251117634,0.217812791615602,0.488999508788962,NA,"sintetico_postestratificado",FALSE,0.27118671717336,"20","198","San Juan Guichicovi"
1499,0.311310140537843,0.197336364721999,0.454674876974605,NA,"sintetico_postestratificado",FALSE,0.257338512252606,"20","365","Santa Catarina Lachatao"
1500,0.304629346151777,0.189075471768904,0.436783943130293,4,"muestra_directa",TRUE,0.24770847136139,"20","002","Acatlán de Pérez Figueroa"
1501,0.397278958935628,0.280367214942073,0.520364936073763,NA,"sintetico_postestratificado",FALSE,0.239997721131691,"20","006","Asunción Nochixtlán"
1502,0.397170802849103,0.265900409832911,0.544757714049227,NA,"sintetico_postestratificado",FALSE,0.278857304216316,"20","008","Asunción Tlacolulita"
1503,0.342557078132835,0.224547591601695,0.477697514302866,NA,"sintetico_postestratificado",FALSE,0.253149922701171,"20","009","Ayotzintepec"
1504,0.331954459843669,0.216908334628231,0.476337166947814,NA,"sintetico_postestratificado",FALSE,0.259428832319583,"20","010","El Barrio de la Soledad"
1505,0.357408974444468,0.250471163943425,0.486613140077852,NA,"sintetico_postestratificado",FALSE,0.236141976134427,"20","055","Mariscala de Juárez"
1506,0.334403073094252,0.221859662959878,0.460768071262285,NA,"sintetico_postestratificado",FALSE,0.238908408302407,"20","412","Santa María Guienagati"
1507,0.330595551338695,0.208515864967063,0.475161876088522,NA,"sintetico_postestratificado",FALSE,0.266646011121458,"20","414","Santa María Huazolotitlán"
1508,0.339822663514186,0.217460934622443,0.485616030702237,NA,"sintetico_postestratificado",FALSE,0.268155096079794,"20","415","Santa María Ipalapa"
1509,0.325420308970387,0.213874823677876,0.46640163047945,NA,"sintetico_postestratificado",FALSE,0.252526806801575,"20","287","San Miguel Tulancingo"
1510,0.344927772327377,0.220701726874509,0.480901927917909,NA,"sintetico_postestratificado",FALSE,0.2602002010434,"20","291","San Pablo Coatlán"
1511,0.332711777221743,0.218866771913532,0.472201797816374,NA,"sintetico_postestratificado",FALSE,0.253335025902842,"20","298","San Pablo Villa de Mitla"
1512,0.360367628823593,0.240785910589561,0.496554268295104,2,"muestra_directa",TRUE,0.255768357705543,"20","385","Santa Cruz Xoxocotlán"
1513,0.335891106077663,0.222765091625103,0.464987144665597,NA,"sintetico_postestratificado",FALSE,0.242222053040494,"20","416","Santa María Ixcatlán"
1514,0.365613295873419,0.241693954104561,0.512538866810279,NA,"sintetico_postestratificado",FALSE,0.270844912705717,"20","420","Santa María Lachixío"
1515,0.361302098282801,0.242606998079978,0.503951670912657,2,"muestra_directa",TRUE,0.261344672832678,"20","023","Cuilápam de Guerrero"
1516,0.35541111540817,0.228761322732217,0.498285730738441,NA,"sintetico_postestratificado",FALSE,0.269524408006223,"20","306","San Pedro el Alto"
1517,0.366474492535455,0.234214713755022,0.505750928355968,3,"muestra_directa",TRUE,0.271536214600946,"20","310","San Pedro Ixtlahuaca"
1518,0.405342606085794,0.273732563981695,0.565328915720881,NA,"sintetico_postestratificado",FALSE,0.291596351739185,"20","421","Santa María Mixtequilla"
1519,0.321683747629605,0.201920194232636,0.461513936322143,NA,"sintetico_postestratificado",FALSE,0.259593742089507,"20","309","San Pedro Ixcatlán"
1520,0.38197058332136,0.252711553888333,0.521784150663661,2,"muestra_directa",TRUE,0.269072596775329,"20","324","San Pedro Pochutla"
1521,0.325268293760696,0.215965060385436,0.466730167888826,NA,"sintetico_postestratificado",FALSE,0.25076510750339,"20","337","San Pedro y San Pablo Ayutla"
1522,0.339023532793118,0.222920051556682,0.481889580989326,NA,"sintetico_postestratificado",FALSE,0.258969529432643,"20","351","San Simón Almolongas"
1523,0.326478425929945,0.197607356468505,0.469907016264628,NA,"sintetico_postestratificado",FALSE,0.272299659796124,"20","425","Santa María Pápalo"
1524,0.354437546539909,0.235351227961493,0.488455666389064,NA,"sintetico_postestratificado",FALSE,0.253104438427571,"20","426","Santa María Peñoles"
1525,0.35508176533653,0.22378114498544,0.500933258885283,NA,"sintetico_postestratificado",FALSE,0.277152113899842,"20","427","Santa María Petapa"
1526,0.397477652743012,0.247064601107336,0.562531021210066,NA,"sintetico_postestratificado",FALSE,0.31546642010273,"20","428","Santa María Quiegolani"
1527,0.392732714837703,0.260810248870283,0.543322403859688,NA,"sintetico_postestratificado",FALSE,0.282512154989405,"20","432","Santa María Temaxcalapa"
1528,0.365057477957892,0.231099532746733,0.510437227998436,NA,"sintetico_postestratificado",FALSE,0.279337695251703,"20","429","Santa María Sola"
1529,0.345861333183944,0.225618620681373,0.490379361523684,NA,"sintetico_postestratificado",FALSE,0.264760740842311,"20","430","Santa María Tataltepec"
1530,0.370136790172595,0.247028880166307,0.502878962866539,NA,"sintetico_postestratificado",FALSE,0.255850082700232,"20","431","Santa María Tecomavaca"
1531,0.371932863309458,0.252534848611758,0.503896306261574,1,"muestra_directa",TRUE,0.251361457649816,"20","021","Cosolapa"
1532,0.403349299387103,0.278986879863364,0.534054409457201,NA,"sintetico_postestratificado",FALSE,0.255067529593836,"20","175","San Juan Bautista Atatlahuca"
1533,0.29526429942469,0.186232027480952,0.421447116932276,NA,"sintetico_postestratificado",FALSE,0.235215089451324,"20","270","San Miguel Huautla"
1534,0.384078554346012,0.245077155188617,0.557008787486297,NA,"sintetico_postestratificado",FALSE,0.31193163229768,"20","433","Santa María Temaxcaltepec"
1535,0.390014207494903,0.260937397012087,0.53738368220929,NA,"sintetico_postestratificado",FALSE,0.276446285197204,"20","436","Santa María Texcatitlán"
1536,0.362367820670146,0.243818663691303,0.493876425002436,NA,"sintetico_postestratificado",FALSE,0.250057761311132,"20","452","Santiago Apóstol"
1537,0.43969109265667,0.307595011364096,0.580936709062942,NA,"sintetico_postestratificado",FALSE,0.273341697698847,"20","442","Santa María Yalina"
1538,0.349332676016522,0.232390250613863,0.487272779792,NA,"sintetico_postestratificado",FALSE,0.254882529178137,"20","438","Santa María Tlalixtac"
1539,0.350128593849869,0.23209652395514,0.480965478992716,NA,"sintetico_postestratificado",FALSE,0.248868955037576,"20","434","Santa María Teopoxco"
1540,0.349268186362838,0.222857990661089,0.500616465131881,NA,"sintetico_postestratificado",FALSE,0.277758474470792,"20","444","Santa María Yolotepec"
1541,0.336288795737923,0.212010277857879,0.473231538973406,NA,"sintetico_postestratificado",FALSE,0.261221261115527,"20","443","Santa María Yavesía"
1542,0.335853719695922,0.206232191130865,0.490760540833478,NA,"sintetico_postestratificado",FALSE,0.284528349702612,"20","445","Santa María Yosoyúa"
1543,0.332967314797383,0.215070626189395,0.474755535753133,NA,"sintetico_postestratificado",FALSE,0.259684909563738,"20","448","Santa María Zaniza"
1544,0.361167655629775,0.241281931099253,0.493488276595871,NA,"sintetico_postestratificado",FALSE,0.252206345496618,"20","449","Santa María Zoquitlán"
1545,0.321202872857646,0.210713355489667,0.453064607660722,NA,"sintetico_postestratificado",FALSE,0.242351252171055,"20","462","Santiago Huajolotitlán"
1546,0.342122693221201,0.206970694057082,0.50239890208918,NA,"sintetico_postestratificado",FALSE,0.295428208032098,"20","453","Santiago Astata"
1547,0.360680813672906,0.241552412452041,0.501484990060903,NA,"sintetico_postestratificado",FALSE,0.259932577608862,"20","454","Santiago Atitlán"
1548,0.371973676041403,0.242241409704083,0.5112318777759,NA,"sintetico_postestratificado",FALSE,0.268990468071817,"20","455","Santiago Ayuquililla"
1549,0.337166065465772,0.218259613842821,0.480332934397969,NA,"sintetico_postestratificado",FALSE,0.262073320555149,"20","458","Santiago Comaltepec"
1550,0.386152327721538,0.251509353963544,0.533493201306967,NA,"sintetico_postestratificado",FALSE,0.281983847343423,"20","461","Santiago del Río"
1551,0.359782160915839,0.246274206834356,0.486979463579066,NA,"sintetico_postestratificado",FALSE,0.240705256744709,"20","465","Santiago Ixcuintepec"
1552,0.358251712653851,0.233156964857522,0.493266991343015,NA,"sintetico_postestratificado",FALSE,0.260110026485493,"20","466","Santiago Ixtayutla"
1553,0.371618944881487,0.259070351700363,0.498422566085431,NA,"sintetico_postestratificado",FALSE,0.239352214385068,"20","468","Santiago Jocotepec"
1554,0.418564805843423,0.291709270177219,0.56079398691354,NA,"sintetico_postestratificado",FALSE,0.269084716736321,"20","470","Santiago Lachiguiri"
1555,0.443884163732534,0.309288371648984,0.591716204265221,NA,"sintetico_postestratificado",FALSE,0.282427832616237,"20","471","Santiago Lalopa"
1556,0.388370434703911,0.269551426412349,0.540394090614885,NA,"sintetico_postestratificado",FALSE,0.270842664202536,"20","472","Santiago Laollaga"
1557,0.385314478961304,0.262914475130819,0.521584938807839,NA,"sintetico_postestratificado",FALSE,0.25867046367702,"20","473","Santiago Laxopa"
1558,0.365619916576523,0.246223572811954,0.498833371747711,NA,"sintetico_postestratificado",FALSE,0.252609798935757,"20","474","Santiago Llano Grande"
1559,0.32826138523259,0.213064336206615,0.458514942091941,NA,"sintetico_postestratificado",FALSE,0.245450605885326,"20","475","Santiago Matatlán"
1560,0.32851294311524,0.21531658180291,0.463568440481717,NA,"sintetico_postestratificado",FALSE,0.248251858678807,"20","476","Santiago Miltepec"
1561,0.385533111745724,0.248142479374588,0.548066302486425,NA,"sintetico_postestratificado",FALSE,0.299923823111836,"20","389","Santa Inés Yatzeche"
1562,0.435767939833789,0.301942703404657,0.582736420814657,NA,"sintetico_postestratificado",FALSE,0.28079371741,"20","478","Santiago Nacaltepec"
1563,0.478598027228204,0.344835202203427,0.625868201190024,NA,"sintetico_postestratificado",FALSE,0.281032998986597,"20","479","Santiago Nejapilla"
1564,0.372275145450424,0.242475191824077,0.527933093104581,NA,"sintetico_postestratificado",FALSE,0.285457901280504,"20","012","Candelaria Loxicha"
1565,0.392950253253165,0.272440146337965,0.518812680788279,2,"muestra_directa",TRUE,0.246372534450314,"20","028","Heroica Ciudad de Ejutla de Crespo"
1566,0.363636354408538,0.244283655179757,0.493971181769123,1,"muestra_directa",TRUE,0.249687526589367,"20","039","Heroica Ciudad de Huajuapan de León"
1567,0.380064227806755,0.257317025507118,0.52453392696654,NA,"sintetico_postestratificado",FALSE,0.267216901459422,"20","064","Nejapa de Madero"
1568,0.405204339304308,0.281367687990548,0.546786069288108,NA,"sintetico_postestratificado",FALSE,0.26541838129756,"20","066","Santiago Niltepec"
1569,0.432106283706388,0.301153999942115,0.564437099123473,4,"muestra_directa",TRUE,0.263283099181358,"20","067","Oaxaca de Juárez"
1570,0.361968964162514,0.250215352779323,0.48935706313323,NA,"sintetico_postestratificado",FALSE,0.239141710353907,"20","068","Ocotlán de Morelos"
1571,0.395574456703863,0.285929357123401,0.513843380459469,NA,"sintetico_postestratificado",FALSE,0.227914023336067,"20","073","Putla Villa de Guerrero"
1572,0.459792945982551,0.32486062533909,0.604070595931064,NA,"sintetico_postestratificado",FALSE,0.279209970591974,"20","085","San Agustín Loxicha"
1573,0.375414068569655,0.262003996291397,0.525911805927163,NA,"sintetico_postestratificado",FALSE,0.263907809635765,"20","088","San Andrés Cabecera Nueva"
1574,0.348229947968513,0.223122910105208,0.485989011372251,NA,"sintetico_postestratificado",FALSE,0.262866101267043,"20","483","Santiago Suchilquitongo"
1575,0.361578829203119,0.244750936653757,0.500541332330019,NA,"sintetico_postestratificado",FALSE,0.255790395676262,"20","486","Villa Tejúpam de la Unión"
1576,0.37566570728557,0.250678700692975,0.519398796830975,NA,"sintetico_postestratificado",FALSE,0.268720096138001,"20","093","San Andrés Lagunas"
1577,0.34459085126642,0.21866363972433,0.499187793077446,NA,"sintetico_postestratificado",FALSE,0.280524153353116,"20","113","San Baltazar Loxicha"
1578,0.346938699465141,0.220422107704574,0.483923876668761,NA,"sintetico_postestratificado",FALSE,0.263501768964187,"20","487","Santiago Tenango"
1579,0.374210560947796,0.253491555897242,0.531666162469562,NA,"sintetico_postestratificado",FALSE,0.27817460657232,"20","488","Santiago Tepetlapa"
1580,0.408615109469719,0.277197334852553,0.555266573383034,NA,"sintetico_postestratificado",FALSE,0.278069238530481,"20","496","Santiago Xiacuí"
1581,0.378789827477744,0.245790807603351,0.533661748789077,NA,"sintetico_postestratificado",FALSE,0.287870941185726,"20","509","Santo Domingo de Morelos"
1582,0.33408305096251,0.208362454820131,0.481206669428317,NA,"sintetico_postestratificado",FALSE,0.272844214608186,"20","557","Unión Hidalgo"
1583,0.34886085242295,0.233816906316686,0.484832246964205,NA,"sintetico_postestratificado",FALSE,0.251015340647519,"20","560","Villa Díaz Ordaz"
1584,0.386080869961736,0.258534367855274,0.538436307527407,NA,"sintetico_postestratificado",FALSE,0.279901939672133,"20","038","Villa Hidalgo Yalálag"
1585,0.433868613731752,0.292028019167786,0.591447048428721,NA,"sintetico_postestratificado",FALSE,0.299419029260935,"20","238","Heroico San Martín de los Cansecos"
1586,0.367538588933047,0.257884102712086,0.480733541330265,NA,"sintetico_postestratificado",FALSE,0.22284943861818,"21","180","Tlahuapan"
1587,0.368678542849461,0.245155590952296,0.510556122309649,NA,"sintetico_postestratificado",FALSE,0.265400531357353,"21","080","Atlequizayan"
1588,0.398841401177602,0.28204777717873,0.524783255090154,NA,"sintetico_postestratificado",FALSE,0.242735477911423,"21","087","Jolalpan"
1589,0.397607414258018,0.283316459868147,0.529443587048964,NA,"sintetico_postestratificado",FALSE,0.246127127180817,"21","088","Jonotla"
1590,0.35635777765518,0.232599168362856,0.49876791289472,NA,"sintetico_postestratificado",FALSE,0.266168744531864,"21","081","Ixcamilpa de Guerrero"
1591,0.378619402980078,0.258523926935708,0.504425620098529,NA,"sintetico_postestratificado",FALSE,0.245901693162821,"21","083","Ixtacamaxtitlán"
1592,0.316093115674741,0.209121049057053,0.432025418107588,12,"muestra_directa",FALSE,0.222904369050534,"21","197","Xicotepec"
1593,0.386580324746311,0.275809406815275,0.518892312253346,NA,"sintetico_postestratificado",FALSE,0.24308290543807,"21","193","Tzicatlacoyan"
1594,0.326207680987133,0.20490043971255,0.462360700945082,NA,"sintetico_postestratificado",FALSE,0.257460261232532,"21","192","Tuzamapan de Galeana"
1595,0.389320133079698,0.263980323078412,0.522805232364834,NA,"sintetico_postestratificado",FALSE,0.258824909286422,"21","215","Zongozotla"
1596,0.359942810143025,0.242257048225991,0.488933314241187,NA,"sintetico_postestratificado",FALSE,0.246676266015196,"21","191","Tulcingo"
1597,0.361180719962907,0.241193037247334,0.491127584555605,NA,"sintetico_postestratificado",FALSE,0.249934547308272,"21","216","Zoquiapan"
1598,0.351661394920215,0.23489685781391,0.479470560750594,6,"muestra_directa",TRUE,0.244573702936685,"21","199","Xiutetelco"
1599,0.394542034158245,0.266482938713612,0.533231276638139,NA,"sintetico_postestratificado",FALSE,0.266748337924527,"21","198","Xicotlán"
1600,0.313172602999085,0.205842950223009,0.438585266306493,NA,"sintetico_postestratificado",FALSE,0.232742316083484,"21","178","Tlacuilotepec"
1601,0.385065595562769,0.247776506125852,0.532493892199254,NA,"sintetico_postestratificado",FALSE,0.284717386073402,"21","105","Ocotepec"
1602,0.404801064102912,0.280681954664341,0.545605146719201,2,"muestra_directa",TRUE,0.264923192054859,"21","132","San Martín Texmelucan"
1603,0.380894618607275,0.256658208035512,0.508482249753882,NA,"sintetico_postestratificado",FALSE,0.25182404171837,"21","143","San Salvador el Verde"
1604,0.365397217701742,0.236716212535371,0.507091306561923,NA,"sintetico_postestratificado",FALSE,0.270375094026552,"21","176","Tilapa"
1605,0.392215320454205,0.267305077340814,0.529512681756787,NA,"sintetico_postestratificado",FALSE,0.262207604415972,"21","174","Teziutlán"
1606,0.360481604131049,0.22521310388905,0.53497096447263,NA,"sintetico_postestratificado",FALSE,0.30975786058358,"21","171","Tepeyahualco de Cuauhtémoc"
1607,0.37784359568328,0.263299772944933,0.510247452040425,NA,"sintetico_postestratificado",FALSE,0.246947679095491,"21","103","Nicolás Bravo"
1608,0.413097471890539,0.283043273131516,0.558710776392389,2,"muestra_directa",TRUE,0.275667503260873,"21","102","Nealtican"
1609,0.370183954128499,0.238831152006722,0.504489213212281,NA,"sintetico_postestratificado",FALSE,0.265658061205558,"21","142","San Salvador el Seco"
1610,0.39952675222614,0.269558479978068,0.536679906111695,NA,"sintetico_postestratificado",FALSE,0.267121426133627,"21","101","Nauzontla"
1611,0.346821994664945,0.2307668147431,0.484075620784243,NA,"sintetico_postestratificado",FALSE,0.253308806041142,"21","100","Naupan"
1612,0.382456878448649,0.267464490484916,0.507880299287154,NA,"sintetico_postestratificado",FALSE,0.240415808802239,"21","099","Cañada Morelos"
1613,0.372966501931035,0.253056513637259,0.50940973668824,NA,"sintetico_postestratificado",FALSE,0.256353223050982,"21","098","Molcaxac"
1614,0.327305999256369,0.216320713059771,0.455919295651493,NA,"sintetico_postestratificado",FALSE,0.239598582591722,"21","001","Acajete"
1615,0.397715536623757,0.25332415349014,0.532279940453403,NA,"sintetico_postestratificado",FALSE,0.278955786963263,"21","182","Tlanepantla"
1616,0.394326279164746,0.261909195366694,0.525910189007516,NA,"sintetico_postestratificado",FALSE,0.264000993640822,"21","201","Xochiltepec"
1617,0.363751085518973,0.241690444722838,0.501442626338445,NA,"sintetico_postestratificado",FALSE,0.259752181615607,"21","110","Palmar de Bravo"
1618,0.321827095034547,0.201676269874654,0.453293122398109,NA,"sintetico_postestratificado",FALSE,0.251616852523455,"21","109","Pahuatlán"
1619,0.341778683719442,0.225434088118312,0.469046990044973,NA,"sintetico_postestratificado",FALSE,0.243612901926661,"21","067","Guadalupe Victoria"
1620,0.339560836541518,0.224501475226002,0.465157797523428,2,"muestra_directa",TRUE,0.240656322297426,"21","147","Santa Inés Ahuatempan"
1621,0.348820535749854,0.210847292395123,0.490818534633631,NA,"sintetico_postestratificado",FALSE,0.279971242238508,"21","204","Yaonáhuac"
1622,0.339379389416591,0.224619967660038,0.467478108012947,NA,"sintetico_postestratificado",FALSE,0.242858140352909,"21","108","Oriental"
1623,0.344701656828125,0.22668567168298,0.462821873663451,1,"muestra_directa",TRUE,0.236136201980471,"21","066","Guadalupe"
1624,0.370462261503779,0.253011968025695,0.499123973958434,NA,"sintetico_postestratificado",FALSE,0.246112005932739,"21","167","Tepetzintla"
1625,0.41274098839053,0.29330589751734,0.539392268586981,NA,"sintetico_postestratificado",FALSE,0.246086371069641,"21","166","Tepeojuma"
1626,0.32047803100093,0.211972056192858,0.431190286275381,6,"muestra_directa",TRUE,0.219218230082523,"21","065","General Felipe Ángeles"
1627,0.379899265330958,0.254601745125113,0.510939779754619,NA,"sintetico_postestratificado",FALSE,0.256338034629507,"21","181","Tlaltenango"
1628,0.3548651721609,0.246780529012784,0.482892288119625,NA,"sintetico_postestratificado",FALSE,0.236111759106841,"21","064","Francisco Z. Mena"
1629,0.394119020189352,0.279742953304944,0.526814886578768,3,"muestra_directa",TRUE,0.247071933273824,"21","148","Santa Isabel Cholula"
1630,0.386385704792072,0.264502315418961,0.511935034553397,NA,"sintetico_postestratificado",FALSE,0.247432719134436,"21","063","Esperanza"
1631,0.378304090121074,0.259848943334207,0.515547757838223,NA,"sintetico_postestratificado",FALSE,0.255698814504016,"21","217","Zoquitlán"
1632,0.376759434750506,0.261400846524897,0.518386183369446,6,"muestra_directa",TRUE,0.256985336844549,"21","207","Zacapoaxtla"
1633,0.324675840433819,0.199202113991061,0.464679519500838,NA,"sintetico_postestratificado",FALSE,0.265477405509777,"21","214","Zinacatepec"
1634,0.335275082095159,0.213419400009592,0.471921317008717,NA,"sintetico_postestratificado",FALSE,0.258501916999125,"21","059","Chinantla"
1635,0.369014653946389,0.241083704750696,0.50417410259452,NA,"sintetico_postestratificado",FALSE,0.263090397843825,"21","058","Chilchotla"
1636,0.334140019425195,0.210658946375062,0.467897201216532,NA,"sintetico_postestratificado",FALSE,0.25723825484147,"21","057","Honey"
1637,0.35005130423166,0.234929501654376,0.475586859882021,NA,"sintetico_postestratificado",FALSE,0.240657358227645,"21","056","Chila de la Sal"
1638,0.375448658378124,0.255893153401668,0.511911874582812,NA,"sintetico_postestratificado",FALSE,0.256018721181144,"21","107","Olintla"
1639,0.382917677567883,0.261038835252684,0.5108177732634,NA,"sintetico_postestratificado",FALSE,0.249778938010716,"21","106","Ocoyucan"
1640,0.381629686194609,0.262999626644708,0.52404604708857,2,"muestra_directa",TRUE,0.261046420443862,"21","055","Chila"
1641,0.377350330671146,0.24774902781477,0.516478450364657,NA,"sintetico_postestratificado",FALSE,0.268729422549886,"21","200","Xochiapulco"
1642,0.346465662253188,0.223831585114792,0.485717951810831,NA,"sintetico_postestratificado",FALSE,0.261886366696039,"21","051","Chietla"
1643,0.329468172468695,0.206286584997508,0.458385043267197,NA,"sintetico_postestratificado",FALSE,0.252098458269689,"21","050","Chichiquila"
1644,0.344954221127016,0.236511738205392,0.479674950390502,NA,"sintetico_postestratificado",FALSE,0.243163212185111,"21","096","Mazapiltepec de Juárez"
1645,0.349775957047101,0.218100840161817,0.497980194642865,NA,"sintetico_postestratificado",FALSE,0.279879354481048,"21","095","La Magdalena Tlatlauquitepec"
1646,0.343289249980154,0.231494614127244,0.466198314990362,NA,"sintetico_postestratificado",FALSE,0.234703700863118,"21","094","Libres"
1647,0.326910594555824,0.208651429667028,0.449187512179521,NA,"sintetico_postestratificado",FALSE,0.240536082512492,"21","093","Lafragua"
1648,0.351456281500296,0.240204149699444,0.476166954518268,NA,"sintetico_postestratificado",FALSE,0.235962804818824,"21","092","Juan N. Méndez"
1649,0.337095422868481,0.211739263535997,0.48296513898447,NA,"sintetico_postestratificado",FALSE,0.271225875448473,"21","091","Juan Galindo"
1650,0.335030212641933,0.228327483274956,0.465875999004694,NA,"sintetico_postestratificado",FALSE,0.237548515729737,"21","208","Zacatlán"
1651,0.347314064305475,0.231173340557091,0.488784340095054,NA,"sintetico_postestratificado",FALSE,0.257610999537963,"21","090","Juan C. Bonilla"
1652,0.35931343395002,0.233530277033638,0.484829262728365,NA,"sintetico_postestratificado",FALSE,0.251298985694727,"21","037","Coyotepec"
1653,0.34077864863667,0.230427366854674,0.468270438953322,NA,"sintetico_postestratificado",FALSE,0.237843072098648,"21","035","Coxcatlán"
1654,0.350304317969236,0.237063823176322,0.463202753469737,2,"muestra_directa",TRUE,0.226138930293415,"21","034","Coronango"
1655,0.36337962704926,0.238446596443047,0.499616282419123,NA,"sintetico_postestratificado",FALSE,0.261169685976077,"21","033","Cohuecan"
1656,0.402361786390329,0.281058899395553,0.531328677380428,NA,"sintetico_postestratificado",FALSE,0.250269777984874,"21","032","Cohetzala"
1657,0.391097782077143,0.275939349179739,0.530636988699118,NA,"sintetico_postestratificado",FALSE,0.25469763951938,"21","031","Coatzingo"
1658,0.321871541734481,0.20649216502385,0.467414153778792,NA,"sintetico_postestratificado",FALSE,0.260921988754942,"21","030","Coatepec"
1659,0.341435820222664,0.2161238548826,0.473035137766559,NA,"sintetico_postestratificado",FALSE,0.256911282883959,"21","029","Caxhuacan"
1660,0.35184519451377,0.232262854429325,0.487134478125959,NA,"sintetico_postestratificado",FALSE,0.254871623696635,"21","028","Camocuautla"
1661,0.337876707268493,0.220318895296012,0.47003044923735,NA,"sintetico_postestratificado",FALSE,0.249711553941338,"21","020","Atoyatempan"
1662,0.317848536353063,0.202206899820549,0.448749546082539,NA,"sintetico_postestratificado",FALSE,0.24654264626199,"21","077","Hueytlalpan"
1663,0.360193721988335,0.248745811776015,0.474421816200069,NA,"sintetico_postestratificado",FALSE,0.225676004424054,"21","074","Huejotzingo"
1664,0.317799808698739,0.206075969270849,0.441577208846028,NA,"sintetico_postestratificado",FALSE,0.235501239575179,"21","022","Atzitzihuacán"
1665,0.335146621500158,0.220786931144991,0.464882073682997,NA,"sintetico_postestratificado",FALSE,0.244095142538006,"21","025","Ayotoxco de Guerrero"
1666,0.35050127832735,0.235503739706518,0.480435819688072,2,"muestra_directa",TRUE,0.244932079981554,"21","177","Tlacotepec de Benito Juárez"
1667,0.366523954520542,0.254677130286973,0.496915930876899,NA,"sintetico_postestratificado",FALSE,0.242238800589926,"21","075","Hueyapan"
1668,0.370422296054443,0.248031028556803,0.514361717730451,NA,"sintetico_postestratificado",FALSE,0.266330689173648,"21","078","Huitzilan de Serdán"
1669,0.351511474190296,0.229052910337087,0.489388969050521,NA,"sintetico_postestratificado",FALSE,0.260336058713434,"21","079","Huitziltepec"
1670,0.332169424009054,0.218936957785734,0.473641380706813,NA,"sintetico_postestratificado",FALSE,0.25470442292108,"21","187","Tlaxco"
1671,0.385857250595937,0.269817280285026,0.51696676991756,NA,"sintetico_postestratificado",FALSE,0.247149489632534,"21","188","Tochimilco"
1672,0.362539147606901,0.248681998871174,0.491364731847337,NA,"sintetico_postestratificado",FALSE,0.242682732976163,"21","189","Tochtepec"
1673,0.323030024752871,0.214611349003483,0.452858580294497,NA,"sintetico_postestratificado",FALSE,0.238247231291014,"21","190","Totoltepec de Guerrero"
1674,0.321317958491949,0.20738758260313,0.450594495785943,NA,"sintetico_postestratificado",FALSE,0.243206913182813,"21","194","Venustiano Carranza"
1675,0.356301888141641,0.224779495778428,0.498900200777862,NA,"sintetico_postestratificado",FALSE,0.274120704999434,"21","184","Tlapacoya"
1676,0.392620283382618,0.267138776436758,0.550528506141043,NA,"sintetico_postestratificado",FALSE,0.283389729704285,"21","185","Tlapanalá"
1677,0.367388453406634,0.243000126394499,0.507954316024552,NA,"sintetico_postestratificado",FALSE,0.264954189630053,"21","082","Ixcaquixtla"
1678,0.343910636828468,0.229424742324205,0.462492983706219,2,"muestra_directa",TRUE,0.233068241382015,"21","085","Izúcar de Matamoros"
1679,0.372125610512628,0.266737063399601,0.496115931682384,NA,"sintetico_postestratificado",FALSE,0.229378868282783,"21","104","Nopalucan"
1680,0.379330370221915,0.249133381080143,0.516561563084224,NA,"sintetico_postestratificado",FALSE,0.26742818200408,"21","122","San Felipe Teotlalcingo"
1681,0.323492154317031,0.216365900829819,0.454528677420459,NA,"sintetico_postestratificado",FALSE,0.23816277659064,"21","123","San Felipe Tepatlán"
1682,0.339948509772708,0.221172737901063,0.477095384669526,NA,"sintetico_postestratificado",FALSE,0.255922646768463,"21","012","Aljojuca"
1683,0.356191744915589,0.22806248381371,0.482585620527334,NA,"sintetico_postestratificado",FALSE,0.254523136713624,"21","013","Altepexi"
1684,0.371884466383831,0.250998183285267,0.512666926486489,NA,"sintetico_postestratificado",FALSE,0.261668743201222,"21","007","Ahuatlán"
1685,0.33822145862914,0.219779144123982,0.479301449362921,NA,"sintetico_postestratificado",FALSE,0.259522305238938,"21","011","Albino Zertuche"
1686,0.334074430778935,0.222589612256127,0.455809582495894,NA,"sintetico_postestratificado",FALSE,0.233219970239767,"21","018","Atexcal"
1687,0.346954251878952,0.236206638601502,0.476306672175989,NA,"sintetico_postestratificado",FALSE,0.240100033574487,"21","054","Chignautla"
1688,0.372642602904105,0.240253616539399,0.511842560193342,NA,"sintetico_postestratificado",FALSE,0.271588943653943,"21","127","San Jerónimo Xayacatlán"
1689,0.361043738343687,0.238918448206407,0.486326879184195,NA,"sintetico_postestratificado",FALSE,0.247408430977788,"21","129","San José Miahuatlán"
1690,0.376675637610286,0.249612658208773,0.51269816838086,NA,"sintetico_postestratificado",FALSE,0.263085510172088,"21","130","San Juan Atenco"
1691,0.327568295293264,0.217679217872663,0.456345100131515,NA,"sintetico_postestratificado",FALSE,0.238665882258851,"21","213","Zihuateutla"
1692,0.390007833520795,0.253671901081381,0.533466154461315,NA,"sintetico_postestratificado",FALSE,0.279794253379934,"21","124","San Gabriel Chilac"
1693,0.385856428626281,0.26321119266708,0.512451504613623,NA,"sintetico_postestratificado",FALSE,0.249240311946543,"21","169","Tepexi de Rodríguez"
1694,0.344612526952153,0.236419324540973,0.46743409088534,NA,"sintetico_postestratificado",FALSE,0.231014766344367,"21","159","Teopantlán"
1695,0.351428162868463,0.242989776171936,0.456616794040279,4,"muestra_directa",TRUE,0.213627017868343,"21","156","Tehuacán"
1696,0.36061730851713,0.23991829340128,0.49761681999538,NA,"sintetico_postestratificado",FALSE,0.2576985265941,"21","155","Tecomatlán"
1697,0.432829460162856,0.303961272295825,0.579353346374202,NA,"sintetico_postestratificado",FALSE,0.275392074078377,"21","154","Tecamachalco"
1698,0.412380212689614,0.292299697349852,0.538373252604251,NA,"sintetico_postestratificado",FALSE,0.246073555254399,"21","172","Tetela de Ocampo"
1699,0.35228880097558,0.240915962778352,0.485692594294115,NA,"sintetico_postestratificado",FALSE,0.244776631515763,"21","179","Tlachichuca"
1700,0.397747108009656,0.282674266128218,0.532187089909215,NA,"sintetico_postestratificado",FALSE,0.249512823780997,"21","153","Tecali de Herrera"
1701,0.380977332122999,0.250787173961796,0.520667097392014,NA,"sintetico_postestratificado",FALSE,0.269879923430218,"21","151","Santo Tomás Hueyotlipan"
1702,0.428527731713915,0.302839867007655,0.560778450568989,NA,"sintetico_postestratificado",FALSE,0.257938583561334,"21","121","San Diego la Mesa Tochimiltzingo"
1703,0.369704012881361,0.251159677633532,0.498297307308547,NA,"sintetico_postestratificado",FALSE,0.247137629675015,"21","202","Xochitlán de Vicente Suárez"
1704,0.350652359892302,0.24147545228285,0.47823946978096,NA,"sintetico_postestratificado",FALSE,0.236764017498111,"21","203","Xochitlán Todos Santos"
1705,0.403550239235162,0.277242789909971,0.54748384167311,NA,"sintetico_postestratificado",FALSE,0.270241051763139,"21","073","Huehuetlán el Chico"
1706,0.370095760851254,0.239786689643444,0.530673219359626,NA,"sintetico_postestratificado",FALSE,0.290886529716181,"21","097","Mixtla"
1707,0.347782516721487,0.224961650867563,0.488585118048503,NA,"sintetico_postestratificado",FALSE,0.26362346718094,"21","036","Coyomeapan"
1708,0.37913151653544,0.260240107109789,0.50271849545924,NA,"sintetico_postestratificado",FALSE,0.242478388349451,"21","044","Cuyoaco"
1709,0.364832266297795,0.227728709733763,0.514597572526485,NA,"sintetico_postestratificado",FALSE,0.286868862792723,"21","060","Domingo Arenas"
1710,0.367205751627602,0.255039369216824,0.496838921713279,NA,"sintetico_postestratificado",FALSE,0.241799552496454,"21","061","Eloxochitlán"
1711,0.367973134022584,0.250195616477386,0.497991328327465,NA,"sintetico_postestratificado",FALSE,0.24779571185008,"21","062","Epatlán"
1712,0.338080947637308,0.217650341451308,0.47736152781304,NA,"sintetico_postestratificado",FALSE,0.259711186361732,"21","068","Hermenegildo Galeana"
1713,0.357903358630459,0.245394252204988,0.500212228138683,NA,"sintetico_postestratificado",FALSE,0.254817975933694,"21","072","Huehuetla"
1714,0.334226627257292,0.221392208606408,0.458056378366512,NA,"sintetico_postestratificado",FALSE,0.236664169760104,"21","160","Teotlalco"
1715,0.357067576324539,0.227739330811089,0.490997770251391,NA,"sintetico_postestratificado",FALSE,0.263258439440302,"21","161","Tepanco de López"
1716,0.346150042333611,0.238204947388321,0.472447353029376,NA,"sintetico_postestratificado",FALSE,0.234242405641055,"21","024","Axutla"
1717,0.372535785486975,0.257279703403083,0.49415592938751,NA,"sintetico_postestratificado",FALSE,0.236876225984427,"21","186","Tlatlauquitepec"
1718,0.379175683704575,0.264881775361985,0.494998733301636,NA,"sintetico_postestratificado",FALSE,0.230116957939651,"21","170","Tepeyahualco"
1719,0.38122496950825,0.265379787342562,0.517277307521497,NA,"sintetico_postestratificado",FALSE,0.251897520178935,"21","196","Xayacatlán de Bravo"
1720,0.412805955087681,0.266455515681302,0.581534312754253,NA,"sintetico_postestratificado",FALSE,0.31507879707295,"21","117","Rafael Lara Grajales"
1721,0.369483988312734,0.247682825592757,0.532959080572781,NA,"sintetico_postestratificado",FALSE,0.285276254980024,"21","017","Atempan"
1722,0.3648016077812,0.25060916291511,0.488323573224064,NA,"sintetico_postestratificado",FALSE,0.237714410308953,"21","019","Atlixco"
1723,0.377550613864394,0.24965037134974,0.516533992844113,NA,"sintetico_postestratificado",FALSE,0.266883621494374,"21","173","Teteles de Ávila Castillo"
1724,0.446022617608097,0.321687186206552,0.57347090753758,NA,"sintetico_postestratificado",FALSE,0.251783721331028,"21","175","Tianguismanalco"
1725,0.451674604835936,0.30849204435316,0.605419252398501,NA,"sintetico_postestratificado",FALSE,0.296927208045341,"21","052","Chigmecatitlán"
1726,0.393884199023108,0.274134454366308,0.518714861734039,NA,"sintetico_postestratificado",FALSE,0.244580407367731,"21","069","Huaquechula"
1727,0.388759963165678,0.266995683217349,0.521650862093101,NA,"sintetico_postestratificado",FALSE,0.254655178875752,"21","168","Tepexco"
1728,0.377656321836755,0.258673151389425,0.50506528810291,NA,"sintetico_postestratificado",FALSE,0.246392136713485,"21","157","Tehuitzingo"
1729,0.325008867242227,0.207225166643043,0.464522223470273,NA,"sintetico_postestratificado",FALSE,0.25729705682723,"21","162","Tepango de Rodríguez"
1730,0.359504238577261,0.252029992886042,0.496250630103607,NA,"sintetico_postestratificado",FALSE,0.244220637217565,"21","209","Zapotitlán"
1731,0.374266948752088,0.255272822524927,0.523534922191263,NA,"sintetico_postestratificado",FALSE,0.268262099666336,"21","118","Los Reyes de Juárez"
1732,0.385757684875502,0.261874972110442,0.519164418868726,NA,"sintetico_postestratificado",FALSE,0.257289446758284,"21","119","San Andrés Cholula"
1733,0.385457659567994,0.265123450768342,0.535616948646993,NA,"sintetico_postestratificado",FALSE,0.270493497878651,"21","120","San Antonio Cañada"
1734,0.376699377367555,0.24800844975535,0.522518131911419,NA,"sintetico_postestratificado",FALSE,0.274509682156069,"21","125","San Gregorio Atzompa"
1735,0.378277751370373,0.271028566883499,0.511007744941285,2,"muestra_directa",TRUE,0.239979178057786,"21","126","San Jerónimo Tecuanipan"
1736,0.357110617284532,0.246726270159596,0.475582367086178,NA,"sintetico_postestratificado",FALSE,0.228856096926582,"21","128","San José Chiapa"
1737,0.344694324604732,0.227035829864463,0.471779498986706,NA,"sintetico_postestratificado",FALSE,0.244743669122242,"21","158","Tenampulco"
1738,0.350786615044493,0.241315368342444,0.463990522830661,NA,"sintetico_postestratificado",FALSE,0.222675154488217,"21","053","Chignahuapan"
1739,0.369125664197057,0.251584945237789,0.491817340342503,NA,"sintetico_postestratificado",FALSE,0.240232395104714,"21","002","Acateno"
1740,0.38492071124434,0.268591297834771,0.515300311215343,NA,"sintetico_postestratificado",FALSE,0.246709013380571,"21","003","Acatlán"
1741,0.379713634311742,0.257412730898739,0.510187291808562,NA,"sintetico_postestratificado",FALSE,0.252774560909823,"21","004","Acatzingo"
1742,0.374681531751064,0.25483212273737,0.503962836521419,NA,"sintetico_postestratificado",FALSE,0.249130713784049,"21","005","Acteopan"
1743,0.304771590753512,0.197342755948323,0.43564928154512,NA,"sintetico_postestratificado",FALSE,0.238306525596797,"21","006","Ahuacatlán"
1744,0.331211234968788,0.217333402653489,0.455821149228243,NA,"sintetico_postestratificado",FALSE,0.238487746574754,"21","008","Ahuazotepec"
1745,0.402520131371917,0.264247041689881,0.560931507484653,NA,"sintetico_postestratificado",FALSE,0.296684465794772,"21","133","San Martín Totoltepec"
1746,0.33285065339211,0.214008102349025,0.474985259709042,NA,"sintetico_postestratificado",FALSE,0.260977157360017,"21","134","San Matías Tlalancaleca"
1747,0.369410932052819,0.244730422561691,0.522273623326323,NA,"sintetico_postestratificado",FALSE,0.277543200764632,"21","135","San Miguel Ixitlán"
1748,0.370820793177668,0.244872719676772,0.498790766155403,NA,"sintetico_postestratificado",FALSE,0.253918046478631,"21","137","San Nicolás Buenos Aires"
1749,0.36123805491748,0.246444813432445,0.483881910583224,NA,"sintetico_postestratificado",FALSE,0.237437097150779,"21","138","San Nicolás de los Ranchos"
1750,0.381766663967875,0.252989304158637,0.516400013095833,NA,"sintetico_postestratificado",FALSE,0.263410708937196,"21","139","San Pablo Anicano"
1751,0.356369628208873,0.236150344683233,0.481044935264662,3,"muestra_directa",TRUE,0.244894590581429,"21","140","San Pedro Cholula"
1752,0.365175977662329,0.244593435202051,0.502883910115302,NA,"sintetico_postestratificado",FALSE,0.258290474913251,"21","141","San Pedro Yeloixtlahuaca"
1753,0.358988632808392,0.246740261422696,0.494629080198588,NA,"sintetico_postestratificado",FALSE,0.247888818775893,"21","205","Yehualtepec"
1754,0.343912356867308,0.22257816289318,0.472932943088727,NA,"sintetico_postestratificado",FALSE,0.250354780195547,"21","023","Atzitzintla"
1755,0.356413000475877,0.23826351242566,0.483418292765108,NA,"sintetico_postestratificado",FALSE,0.245154780339448,"21","116","Quimixtlán"
1756,0.370489369043625,0.260717306127,0.506721964554351,3,"muestra_directa",TRUE,0.246004658427352,"21","115","Quecholac"
1757,0.448713152175222,0.339077448276666,0.561787271406922,16,"muestra_directa",FALSE,0.222709823130255,"21","114","Puebla"
1758,0.410433474340266,0.286024106713045,0.546824764168781,6,"muestra_directa",TRUE,0.260800657455736,"21","144","San Salvador Huixcolotla"
1759,0.330095482308816,0.219344147977314,0.463572634749815,NA,"sintetico_postestratificado",FALSE,0.244228486772502,"21","145","San Sebastián Tlacotepec"
1760,0.383218178898538,0.263587760086411,0.535217676835979,NA,"sintetico_postestratificado",FALSE,0.271629916749568,"21","146","Santa Catarina Tlaltempan"
1761,0.405693507894729,0.27889581937192,0.54495349100391,NA,"sintetico_postestratificado",FALSE,0.26605767163199,"21","149","Santiago Miahuatlán"
1762,0.365690686548432,0.236185226700532,0.512963538496783,NA,"sintetico_postestratificado",FALSE,0.276778311796251,"21","150","Huehuetlán el Grande"
1763,0.368070992117095,0.254051310887762,0.489731065083882,2,"muestra_directa",TRUE,0.235679754196119,"21","010","Ajalpan"
1764,0.340083974999398,0.221336800534824,0.486524206364231,NA,"sintetico_postestratificado",FALSE,0.265187405829407,"21","014","Amixtlán"
1765,0.366282478840713,0.241727490968962,0.502763711724699,NA,"sintetico_postestratificado",FALSE,0.261036220755737,"21","015","Amozoc"
1766,0.382400403117244,0.256107025885864,0.521954930452048,NA,"sintetico_postestratificado",FALSE,0.265847904566184,"21","016","Aquixtla"
1767,0.378181527763245,0.233277586359576,0.526234289151456,NA,"sintetico_postestratificado",FALSE,0.29295670279188,"21","021","Atzala"
1768,0.355143768425799,0.231639494309361,0.493204647922357,NA,"sintetico_postestratificado",FALSE,0.261565153612996,"21","026","Calpan"
1769,0.299344283278498,0.192588437408518,0.424281799437625,NA,"sintetico_postestratificado",FALSE,0.231693362029107,"21","027","Caltepec"
1770,0.327770370184535,0.209614598957255,0.47170513102606,NA,"sintetico_postestratificado",FALSE,0.262090532068805,"21","165","Tepemaxalco"
1771,0.35071802470014,0.233021497892224,0.484102074564561,NA,"sintetico_postestratificado",FALSE,0.251080576672337,"21","152","Soltepec"
1772,0.376571949223643,0.258767157899727,0.507879650810239,NA,"sintetico_postestratificado",FALSE,0.249112492910513,"21","206","Zacapala"
1773,0.368734136118934,0.241191589683282,0.516851543778165,NA,"sintetico_postestratificado",FALSE,0.275659954094884,"21","211","Zaragoza"
1774,0.372717325350848,0.259168007147933,0.499176188195835,8,"muestra_directa",TRUE,0.240008181047902,"21","212","Zautla"
1775,0.352418470179935,0.238575829174131,0.479246024166768,NA,"sintetico_postestratificado",FALSE,0.240670194992637,"21","163","Tepatlaxco de Hidalgo"
1776,0.332788026436786,0.22166087033731,0.470518371708344,NA,"sintetico_postestratificado",FALSE,0.248857501371035,"21","049","Chiconcuautla"
1777,0.380255176772308,0.259872005760072,0.525414874602888,NA,"sintetico_postestratificado",FALSE,0.265542868842816,"21","048","Chiautzingo"
1778,0.370501488166184,0.260003489391345,0.501559194640319,NA,"sintetico_postestratificado",FALSE,0.241555705248974,"21","047","Chiautla"
1779,0.356194909366404,0.255579579973767,0.491274461404188,NA,"sintetico_postestratificado",FALSE,0.235694881430422,"21","195","Vicente Guerrero"
1780,0.367923836862155,0.261382765369778,0.496881499385482,5,"muestra_directa",TRUE,0.235498734015704,"21","164","Tepeaca"
1781,0.376724943383746,0.252308045305685,0.511090250377638,NA,"sintetico_postestratificado",FALSE,0.258782205071953,"21","046","Chapulco"
1782,0.365894561877287,0.247238796895451,0.490579235522918,NA,"sintetico_postestratificado",FALSE,0.243340438627466,"21","210","Zapotitlán de Méndez"
1783,0.339709832279341,0.220829873401088,0.475240494341036,NA,"sintetico_postestratificado",FALSE,0.254410620939948,"21","136","San Miguel Xoxtla"
1784,0.354671695208298,0.240985124066882,0.479882755693383,NA,"sintetico_postestratificado",FALSE,0.2388976316265,"21","045","Chalchicomula de Sesma"
1785,0.341036257860896,0.23212484160373,0.466726307062336,3,"muestra_directa",TRUE,0.234601465458606,"21","043","Cuetzalan del Progreso"
1786,0.319236445010058,0.209045222608135,0.451394984574747,NA,"sintetico_postestratificado",FALSE,0.242349761966612,"21","084","Ixtepec"
1787,0.328640631309773,0.21600095045802,0.465359792654466,NA,"sintetico_postestratificado",FALSE,0.249358842196446,"21","086","Jalpan"
1788,0.385271720228325,0.258908123541002,0.51834865600347,NA,"sintetico_postestratificado",FALSE,0.259440532462468,"21","042","Cuayuca de Andrade"
1789,0.406583738372232,0.288781257960259,0.529976778408415,NA,"sintetico_postestratificado",FALSE,0.241195520448156,"21","113","Piaxtla"
1790,0.396785460824589,0.272378672980935,0.546763397690284,NA,"sintetico_postestratificado",FALSE,0.274384724709349,"21","131","San Juan Atzompa"
1791,0.328030399011118,0.21703031180791,0.454984100902656,NA,"sintetico_postestratificado",FALSE,0.237953789094746,"21","089","Jopala"
1792,0.396866304795714,0.273079884261393,0.52707752699081,2,"muestra_directa",TRUE,0.253997642729417,"21","041","Cuautlancingo"
1793,0.372988446385356,0.262068271970213,0.498792682497564,NA,"sintetico_postestratificado",FALSE,0.236724410527351,"21","040","Cuautinchán"
1794,0.345178792299217,0.227519122908913,0.475237183871339,NA,"sintetico_postestratificado",FALSE,0.247718060962426,"21","039","Cuautempan"
1795,0.36536983050386,0.251371529289791,0.49062750473906,NA,"sintetico_postestratificado",FALSE,0.239255975449269,"21","038","Cuapiaxtla de Madero"
1796,0.352160683342726,0.239527778956672,0.485615857015104,NA,"sintetico_postestratificado",FALSE,0.246088078058432,"21","112","Petlalcingo"
1797,0.396367699054849,0.279583740804706,0.530043176948711,NA,"sintetico_postestratificado",FALSE,0.250459436144006,"21","009","Ahuehuetitla"
1798,0.323301551111851,0.216184799641328,0.447467875506985,1,"muestra_directa",TRUE,0.231283075865657,"21","076","Hueytamalco"
1799,0.324156651312422,0.215570358107766,0.448017023014038,NA,"sintetico_postestratificado",FALSE,0.232446664906272,"21","183","Tlaola"
1800,0.325738117143937,0.214421692079353,0.444427245066552,3,"muestra_directa",TRUE,0.230005552987199,"21","071","Huauchinango"
1801,0.349913786181423,0.236422729715879,0.481054152827229,NA,"sintetico_postestratificado",FALSE,0.244631423111349,"21","070","Huatlatlauca"
1802,0.293202976242849,0.19150833279724,0.420802915832961,NA,"sintetico_postestratificado",FALSE,0.22929458303572,"21","111","Pantepec"
1803,0.364403265557425,0.2496025466654,0.488511534460343,2,"muestra_directa",TRUE,0.238908987794943,"22","002","Pinal de Amoles"
1804,0.382436793356719,0.261054917043523,0.506507449851155,NA,"sintetico_postestratificado",FALSE,0.245452532807632,"22","010","Landa de Matamoros"
1805,0.422968089529072,0.303531192839552,0.550150671129103,7,"muestra_directa",TRUE,0.246619478289551,"22","006","Corregidora"
1806,0.381417115185022,0.267383455772676,0.501304159505263,NA,"sintetico_postestratificado",FALSE,0.233920703732587,"22","003","Arroyo Seco"
1807,0.396556505653646,0.283162259545229,0.504045982588118,8,"muestra_directa",TRUE,0.220883723042889,"22","011","El Marqués"
1808,0.453952311012812,0.324302331827156,0.588550824877267,2,"muestra_directa",TRUE,0.264248493050111,"22","012","Pedro Escobedo"
1809,0.45396045917762,0.316366158516278,0.585183358645614,NA,"sintetico_postestratificado",FALSE,0.268817200129337,"22","015","San Joaquín"
1810,0.366043326430634,0.262109924473476,0.467943686120556,19,"muestra_directa",FALSE,0.20583376164708,"22","016","San Juan del Río"
1811,0.381352131150915,0.258370265972835,0.502400680065251,NA,"sintetico_postestratificado",FALSE,0.244030414092416,"22","017","Tequisquiapan"
1812,0.367230277494685,0.23074015373947,0.490458570197356,2,"muestra_directa",TRUE,0.259718416457887,"22","018","Tolimán"
1813,0.414576106883318,0.285801071508575,0.544270840879655,NA,"sintetico_postestratificado",FALSE,0.25846976937108,"22","007","Ezequiel Montes"
1814,0.407262663273307,0.297519757439039,0.527031304056564,7,"muestra_directa",TRUE,0.229511546617525,"22","001","Amealco de Bonfil"
1815,0.41873786355919,0.32479681831163,0.511285278375066,59,"muestra_directa",FALSE,0.186488460063436,"22","014","Querétaro"
1816,0.407071832436121,0.279054893891104,0.534193739355212,NA,"sintetico_postestratificado",FALSE,0.255138845464108,"22","005","Colón"
1817,0.40100858317689,0.284200683088528,0.51990851655103,3,"muestra_directa",TRUE,0.235707833462502,"22","004","Cadereyta de Montes"
1818,0.420773573743021,0.296821718106712,0.554819908810425,NA,"sintetico_postestratificado",FALSE,0.257998190703714,"22","013","Peñamiller"
1819,0.366539732537619,0.262053238500372,0.46522586927096,10,"muestra_directa",FALSE,0.203172630770588,"22","008","Huimilpan"
1820,0.363639917249237,0.250373630391846,0.492012369573212,NA,"sintetico_postestratificado",FALSE,0.241638739181366,"22","009","Jalpan de Serra"
1821,0.437947817006681,0.281937431873401,0.605710639450786,3,"muestra_directa",TRUE,0.323773207577385,"23","001","Cozumel"
1822,0.333667419755359,0.200848223166866,0.50541926858286,NA,"sintetico_postestratificado",FALSE,0.304571045415994,"23","003","Isla Mujeres"
1823,0.380646051520561,0.2739379447516,0.502531314288037,14,"muestra_directa",FALSE,0.228593369536436,"23","002","Felipe Carrillo Puerto"
1824,0.427958525162597,0.30311654478559,0.551800209114048,25,"muestra_directa",FALSE,0.248683664328458,"23","005","Benito Juárez"
1825,0.39750775538906,0.285802605065112,0.519157692529681,16,"muestra_directa",FALSE,0.233355087464569,"23","004","Othón P. Blanco"
1826,0.334276587671534,0.210234979454562,0.487084687437973,NA,"sintetico_postestratificado",FALSE,0.27684970798341,"23","011","Puerto Morelos"
1827,0.38241894948961,0.258780515920246,0.527206404339958,7,"muestra_directa",TRUE,0.268425888419712,"23","008","Solidaridad"
1828,0.383935308024057,0.26426748594154,0.517533266420575,NA,"sintetico_postestratificado",FALSE,0.253265780479035,"23","010","Bacalar"
1829,0.330625760377267,0.211938622001841,0.468952848288278,2,"muestra_directa",TRUE,0.257014226286437,"23","007","Lázaro Cárdenas"
1830,0.305575466686509,0.199735451851532,0.433135503042107,2,"muestra_directa",TRUE,0.233400051190574,"23","006","José María Morelos"
1831,0.411965262196231,0.272404278271953,0.555335671266746,3,"muestra_directa",TRUE,0.282931392994793,"23","009","Tulum"
1832,0.351421212510153,0.238467011993888,0.46622483956751,5,"muestra_directa",TRUE,0.227757827573622,"24","050","Villa de Reyes"
1833,0.329011920300868,0.214824492785244,0.46140689605969,3,"muestra_directa",TRUE,0.246582403274446,"24","052","Villa Juárez"
1834,0.362436385498196,0.245312206812418,0.507166682166429,6,"muestra_directa",TRUE,0.261854475354011,"24","053","Axtla de Terrazas"
1835,0.373919173601677,0.25874053056571,0.497980793902698,NA,"sintetico_postestratificado",FALSE,0.239240263336987,"24","054","Xilitla"
1836,0.369818054618675,0.252698846511117,0.496120290673912,NA,"sintetico_postestratificado",FALSE,0.243421444162795,"24","055","Zaragoza"
1837,0.379554242385721,0.247746264145538,0.516959735724664,NA,"sintetico_postestratificado",FALSE,0.269213471579127,"24","048","Villa de la Paz"
1838,0.428605043229391,0.301034600966867,0.556436975649981,NA,"sintetico_postestratificado",FALSE,0.255402374683114,"24","015","Charcas"
1839,0.326787635899944,0.225351899280216,0.428343698528256,16,"muestra_directa",FALSE,0.20299179924804,"24","013","Ciudad Valles"
1840,0.368536535742925,0.230225090084753,0.499872339087144,NA,"sintetico_postestratificado",FALSE,0.269647249002391,"24","009","Cerro de San Pedro"
1841,0.354595468572738,0.23168621449536,0.498546685864024,NA,"sintetico_postestratificado",FALSE,0.266860471368664,"24","043","Tierra Nueva"
1842,0.370224380616907,0.252715336039434,0.490910158844852,NA,"sintetico_postestratificado",FALSE,0.238194822805418,"24","042","Tanquián de Escobedo"
1843,0.39244251736144,0.269872262854352,0.520489533663875,NA,"sintetico_postestratificado",FALSE,0.250617270809523,"24","012","Tancanhuitz"
1844,0.404780424594684,0.279015530229138,0.533712807837541,NA,"sintetico_postestratificado",FALSE,0.254697277608403,"24","011","Ciudad Fernández"
1845,0.363339597618686,0.257828138214306,0.480328871297191,NA,"sintetico_postestratificado",FALSE,0.222500733082885,"24","010","Ciudad del Maíz"
1846,0.323426688896002,0.208379784270396,0.441274681591434,1,"muestra_directa",TRUE,0.232894897321038,"24","008","Cerritos"
1847,0.373170241176125,0.250967177227175,0.504903995655784,NA,"sintetico_postestratificado",FALSE,0.253936818428609,"24","007","Cedral"
1848,0.39570159728014,0.284877149464625,0.51634792984363,11,"muestra_directa",FALSE,0.231470780379005,"24","035","Soledad de Graciano Sánchez"
1849,0.335695908067155,0.231313448774664,0.456048684351918,NA,"sintetico_postestratificado",FALSE,0.224735235577253,"24","041","Tanlajás"
1850,0.349411813321323,0.232066226515305,0.473483631744594,NA,"sintetico_postestratificado",FALSE,0.241417405229289,"24","040","Tamuín"
1851,0.362551842087695,0.241789689799744,0.478976684509822,NA,"sintetico_postestratificado",FALSE,0.237186994710078,"24","039","Tampamolón Corona"
1852,0.385999931986844,0.261510585309808,0.526530303374845,NA,"sintetico_postestratificado",FALSE,0.265019718065036,"24","038","Tampacán"
1853,0.349037983638487,0.250246423572211,0.452474298632131,9,"muestra_directa",TRUE,0.202227875059921,"24","037","Tamazunchale"
1854,0.310058373155295,0.207337156338922,0.4383979023638,NA,"sintetico_postestratificado",FALSE,0.231060746024879,"24","036","Tamasopo"
1855,0.380834348365149,0.267425037003024,0.505968299450534,NA,"sintetico_postestratificado",FALSE,0.23854326244751,"24","006","Catorce"
1856,0.489034088006028,0.397137269189026,0.590224917833924,36,"muestra_directa",FALSE,0.193087648644899,"24","028","San Luis Potosí"
1857,0.314087864292909,0.201447461812128,0.442692101300145,NA,"sintetico_postestratificado",FALSE,0.241244639488017,"24","031","Santa Catarina"
1858,0.33983836739052,0.218690302120162,0.471279001484136,NA,"sintetico_postestratificado",FALSE,0.252588699363974,"24","030","San Nicolás Tolentino"
1859,0.360451713664729,0.250978475454809,0.480346444881884,NA,"sintetico_postestratificado",FALSE,0.229367969427076,"24","029","San Martín Chalchicuautla"
1860,0.37253621888465,0.238655779569177,0.509802252752337,NA,"sintetico_postestratificado",FALSE,0.27114647318316,"24","026","San Antonio"
1861,0.360440585537183,0.224465718132651,0.50162636825309,NA,"sintetico_postestratificado",FALSE,0.27716065012044,"24","005","Cárdenas"
1862,0.345827357314274,0.239245441239285,0.472907634521162,NA,"sintetico_postestratificado",FALSE,0.233662193281878,"24","024","Rioverde"
1863,0.446016399606327,0.31554676451545,0.581177959625191,NA,"sintetico_postestratificado",FALSE,0.26563119510974,"24","023","Rayón"
1864,0.430168073771141,0.304565848279114,0.550148735659928,NA,"sintetico_postestratificado",FALSE,0.245582887380814,"24","022","Moctezuma"
1865,0.359066607439218,0.235184417229943,0.479630108785343,7,"muestra_directa",TRUE,0.2444456915554,"24","021","Mexquitic de Carmona"
1866,0.328266229523666,0.222678816334144,0.448646299182648,NA,"sintetico_postestratificado",FALSE,0.225967482848505,"24","017","Guadalcázar"
1867,0.314710626880929,0.191384608368108,0.472829709905315,NA,"sintetico_postestratificado",FALSE,0.281445101537207,"24","016","Ebano"
1868,0.343019380359052,0.2185821948279,0.485826020339118,NA,"sintetico_postestratificado",FALSE,0.267243825511218,"24","014","Coxcatlán"
1869,0.340264844296371,0.239912277878293,0.457980863516221,3,"muestra_directa",TRUE,0.218068585637928,"24","033","Santo Domingo"
1870,0.356720168418566,0.239020412511146,0.485304090770869,NA,"sintetico_postestratificado",FALSE,0.246283678259723,"24","001","Ahualulco del Sonido 13"
1871,0.324291365475746,0.207108874465348,0.455988763465935,NA,"sintetico_postestratificado",FALSE,0.248879889000587,"24","057","Matlapa"
1872,0.338252068200529,0.229932683138699,0.462658998186417,NA,"sintetico_postestratificado",FALSE,0.232726315047718,"24","051","Villa Hidalgo"
1873,0.357595375024724,0.243974650739901,0.479267926070096,NA,"sintetico_postestratificado",FALSE,0.235293275330195,"24","058","El Naranjo"
1874,0.388191620555106,0.274715047716311,0.50100743759636,NA,"sintetico_postestratificado",FALSE,0.226292389880049,"24","032","Santa María del Río"
1875,0.356187033980677,0.242235996462624,0.484438190313256,NA,"sintetico_postestratificado",FALSE,0.242202193850631,"24","027","San Ciro de Acosta"
1876,0.430764157399383,0.322473399154162,0.541329778875613,8,"muestra_directa",TRUE,0.218856379721451,"24","025","Salinas"
1877,0.336950709613369,0.217419808596764,0.46993313777452,NA,"sintetico_postestratificado",FALSE,0.252513329177756,"24","056","Villa de Arista"
1878,0.384781993754941,0.270646334240951,0.502410084221621,NA,"sintetico_postestratificado",FALSE,0.23176374998067,"24","047","Villa de Guadalupe"
1880,0.395206859716744,0.276976274912915,0.516651439844635,NA,"sintetico_postestratificado",FALSE,0.23967516493172,"24","034","San Vicente Tancuayalab"
1881,0.414816896322109,0.280282642933438,0.547109534269726,NA,"sintetico_postestratificado",FALSE,0.266826891336288,"24","002","Alaquines"
1882,0.339075885367511,0.231898908353144,0.451846835359237,9,"muestra_directa",TRUE,0.219947927006094,"24","003","Aquismón"
1883,0.330340912832069,0.206332356189577,0.468075500543766,NA,"sintetico_postestratificado",FALSE,0.261743144354188,"24","004","Armadillo de los Infante"
1884,0.351536218173009,0.223212260894242,0.469224613578867,NA,"sintetico_postestratificado",FALSE,0.246012352684625,"24","046","Villa de Arriaga"
1885,0.346633310400308,0.21845606810778,0.481304590307781,NA,"sintetico_postestratificado",FALSE,0.262848522200001,"24","018","Huehuetlán"
1886,0.411161180551691,0.28572356514096,0.547242359253045,NA,"sintetico_postestratificado",FALSE,0.261518794112085,"24","019","Lagunillas"
1887,0.34547106999558,0.214748276833469,0.481214450699038,1,"muestra_directa",TRUE,0.266466173865569,"24","020","Matehuala"
1888,0.357039920811733,0.240332736134844,0.484402063864641,NA,"sintetico_postestratificado",FALSE,0.244069327729797,"24","044","Vanegas"
1889,0.320899329953312,0.209170791405003,0.447242670970488,NA,"sintetico_postestratificado",FALSE,0.238071879565485,"24","045","Venado"
1890,0.38999554160067,0.281322063118129,0.520646551183956,1,"muestra_directa",TRUE,0.239324488065828,"24","049","Villa de Ramos"
1891,0.391674397671403,0.275125660285363,0.505669603402809,11,"muestra_directa",FALSE,0.230543943117446,"25","010","El Fuerte"
1892,0.402558012503231,0.274893691226007,0.537325143787592,4,"muestra_directa",TRUE,0.262431452561586,"25","008","Elota"
1893,0.408332956248478,0.286650458503725,0.541408195385309,NA,"sintetico_postestratificado",FALSE,0.254757736881584,"25","016","San Ignacio"
1894,0.422417544220546,0.298367577450759,0.561993115435053,12,"muestra_directa",FALSE,0.263625537984295,"25","018","Navolato"
1895,0.404550101953599,0.283911903150712,0.538700080080356,NA,"sintetico_postestratificado",FALSE,0.254788176929644,"25","003","Badiraguato"
1896,0.437375676810498,0.297211896927648,0.579745525460131,NA,"sintetico_postestratificado",FALSE,0.282533628532483,"25","014","Rosario"
1897,0.330063451954866,0.233391596967488,0.438581249950865,31,"muestra_directa",FALSE,0.205189652983378,"25","001","Ahome"
1898,0.329725822715708,0.215534806580605,0.456858830656922,9,"muestra_directa",TRUE,0.241324024076317,"25","002","Angostura"
1901,0.443118762502755,0.31893342953089,0.58322106654678,6,"muestra_directa",TRUE,0.26428763701589,"25","009","Escuinapa"
1902,0.407640312812453,0.281904158207375,0.539109834086473,3,"muestra_directa",TRUE,0.257205675879098,"25","004","Concordia"
1903,0.388190479282583,0.271386820679685,0.528143521468918,6,"muestra_directa",TRUE,0.256756700789233,"25","005","Cosalá"
1904,0.505963731595384,0.386702849717019,0.624925819681811,27,"muestra_directa",FALSE,0.238222969964792,"25","012","Mazatlán"
1905,0.389424928609326,0.283607379552102,0.517590749704981,3,"muestra_directa",TRUE,0.233983370152879,"25","007","Choix"
1906,0.381951312147971,0.260960806078367,0.519991543545572,NA,"sintetico_postestratificado",FALSE,0.259030737467205,"25","013","Mocorito"
1907,0.375705632716453,0.272750160891854,0.494798740484361,15,"muestra_directa",FALSE,0.222048579592507,"25","015","Salvador Alvarado"
1908,0.387925118595978,0.288164471730765,0.491139995314741,38,"muestra_directa",FALSE,0.202975523583976,"25","006","Culiacán"
1909,0.364226180111717,0.259265646185231,0.494879928492639,5,"muestra_directa",TRUE,0.235614282307408,"25","017","Sinaloa"
1910,0.355783903493902,0.258058198121121,0.465107080441782,31,"muestra_directa",FALSE,0.207048882320661,"25","011","Guasave"
1911,0.375630990250775,0.244297586133074,0.509388441344451,NA,"sintetico_postestratificado",FALSE,0.265090855211377,"26","066","Ures"
1912,0.30528523177984,0.201693955298343,0.431270957823806,NA,"sintetico_postestratificado",FALSE,0.229577002525463,"26","038","Moctezuma"
1913,0.314677645745076,0.205941646598807,0.452998311678306,4,"muestra_directa",TRUE,0.247056665079499,"26","033","Huatabampo"
1914,0.329808372726341,0.209434000608643,0.4596467693733,NA,"sintetico_postestratificado",FALSE,0.250212768764657,"26","056","San Miguel de Horcasitas"
1915,0.356467399931208,0.239238418305176,0.491628096907305,NA,"sintetico_postestratificado",FALSE,0.252389678602129,"26","031","Huachinera"
1916,0.365526349627091,0.245886091206339,0.505609019934286,NA,"sintetico_postestratificado",FALSE,0.259722928727947,"26","032","Huásabas"
1917,0.335763807671334,0.19281566494071,0.505776367073845,NA,"sintetico_postestratificado",FALSE,0.312960702133135,"26","070","General Plutarco Elías Calles"
1918,0.311562818464388,0.19190808182916,0.458222390453185,NA,"sintetico_postestratificado",FALSE,0.266314308624025,"26","064","Trincheras"
1919,0.343141209536558,0.228048181184323,0.481785105068277,NA,"sintetico_postestratificado",FALSE,0.253736923883953,"26","062","Suaqui Grande"
1920,0.36845354357818,0.257677511716336,0.49345241404188,NA,"sintetico_postestratificado",FALSE,0.235774902325544,"26","052","Sahuaripa"
1921,0.38862554539002,0.262009537101083,0.529858815603485,NA,"sintetico_postestratificado",FALSE,0.267849278502402,"26","051","Rosario"
1922,0.304240548052151,0.192868947021429,0.43982461705185,NA,"sintetico_postestratificado",FALSE,0.246955670030421,"26","037","Mazatán"
1923,0.369463620731521,0.25152408941427,0.507479230896286,NA,"sintetico_postestratificado",FALSE,0.255955141482016,"26","021","La Colorada"
1924,0.347154494621174,0.231834531364614,0.482133250781611,4,"muestra_directa",TRUE,0.250298719416997,"26","041","Nacozari de García"
1925,0.367537261138462,0.253724478490767,0.499163768596207,19,"muestra_directa",FALSE,0.24543929010544,"26","043","Nogales"
1926,0.364221418608591,0.243513921792163,0.499380335570068,NA,"sintetico_postestratificado",FALSE,0.255866413777905,"26","034","Huépac"
1927,0.347561894752613,0.224001763045828,0.492975271539708,NA,"sintetico_postestratificado",FALSE,0.268973508493881,"26","016","Benjamín Hill"
1928,0.346970157087918,0.23211966504814,0.481989353637274,5,"muestra_directa",TRUE,0.249869688589135,"26","014","Baviácora"
1929,0.358872710165945,0.230855817898232,0.499050720247723,NA,"sintetico_postestratificado",FALSE,0.268194902349491,"26","015","Bavispe"
1930,0.329547744555465,0.213814246637152,0.463802926093763,NA,"sintetico_postestratificado",FALSE,0.249988679456611,"26","069","Yécora"
1931,0.354455659571815,0.237970285951903,0.488804173485271,NA,"sintetico_postestratificado",FALSE,0.250833887533368,"26","009","Bacanora"
1932,0.382841118946486,0.265598422897395,0.510806500141131,9,"muestra_directa",TRUE,0.245208077243736,"26","029","Guaymas"
1933,0.311489063838106,0.201332534499991,0.431076162122439,6,"muestra_directa",TRUE,0.229743627622448,"26","002","Agua Prieta"
1934,0.35363888961287,0.240102444193802,0.485921407828961,NA,"sintetico_postestratificado",FALSE,0.245818963635158,"26","057","San Pedro de la Cueva"
1935,0.345034294231983,0.215657282056188,0.491891416260373,13,"muestra_directa",FALSE,0.276234134204185,"26","055","San Luis Río Colorado"
1936,0.385068740142828,0.259729801399457,0.538071045910131,NA,"sintetico_postestratificado",FALSE,0.278341244510674,"26","024","Divisaderos"
1937,0.339785279735031,0.219661472409763,0.474761785011034,NA,"sintetico_postestratificado",FALSE,0.255100312601271,"26","023","Cumpas"
1938,0.381922371971338,0.252993849489244,0.515903368241642,NA,"sintetico_postestratificado",FALSE,0.262909518752399,"26","001","Aconchi"
1939,0.395364351382806,0.284823678075285,0.525107673622443,NA,"sintetico_postestratificado",FALSE,0.240283995547158,"26","003","Álamos"
1940,0.283863358468546,0.19397648670894,0.378548302089844,44,"muestra_directa",FALSE,0.184571815380904,"26","030","Hermosillo"
1941,0.372758247981962,0.242751413141849,0.515879642325758,NA,"sintetico_postestratificado",FALSE,0.273128229183909,"26","022","Cucurpe"
1942,0.36418936545198,0.198274904074118,0.533840716246939,1,"muestra_directa",TRUE,0.335565812172821,"26","025","Empalme"
1943,0.337143091291689,0.21518039493792,0.481983417080324,NA,"sintetico_postestratificado",FALSE,0.266803022142404,"26","027","Fronteras"
1944,0.386474498070225,0.246475406298479,0.546056800223893,NA,"sintetico_postestratificado",FALSE,0.299581393925413,"26","005","Arivechi"
1945,0.360672787572472,0.235961928830402,0.500295776657929,NA,"sintetico_postestratificado",FALSE,0.264333847827527,"26","006","Arizpe"
1946,0.382071141974459,0.262206702389657,0.524696606385104,3,"muestra_directa",TRUE,0.262489903995447,"26","035","Imuris"
1947,0.363713456162822,0.243390827163735,0.497510888259011,NA,"sintetico_postestratificado",FALSE,0.254120061095276,"26","068","Villa Pesqueira"
1948,0.374559111318911,0.22631386522336,0.522737730357729,NA,"sintetico_postestratificado",FALSE,0.296423865134368,"26","046","Oquitoa"
1949,0.345104366468051,0.222467436563573,0.486782866176891,NA,"sintetico_postestratificado",FALSE,0.264315429613318,"26","026","Etchojoa"
1950,0.371896950400403,0.256039179479365,0.508126886145969,NA,"sintetico_postestratificado",FALSE,0.252087706666603,"26","049","Quiriego"
1951,0.372677843031101,0.24025238845088,0.517563195107902,NA,"sintetico_postestratificado",FALSE,0.277310806657022,"26","071","Benito Juárez"
1952,0.356744102771821,0.230139461377788,0.498267332890723,NA,"sintetico_postestratificado",FALSE,0.268127871512935,"26","004","Altar"
1953,0.36705494467719,0.24592587896338,0.508737938103702,NA,"sintetico_postestratificado",FALSE,0.262812059140322,"26","063","Tepache"
1954,0.34765629917792,0.230574057029017,0.485625491791967,NA,"sintetico_postestratificado",FALSE,0.255051434762949,"26","028","Granados"
1955,0.324568158836051,0.194409030109751,0.462509924126069,4,"muestra_directa",TRUE,0.268100894016317,"26","048","Puerto Peñasco"
1956,0.339929114151631,0.210026511441771,0.498525581922648,NA,"sintetico_postestratificado",FALSE,0.288499070480877,"26","017","Caborca"
1957,0.370209975602721,0.23542767875442,0.519368365961082,NA,"sintetico_postestratificado",FALSE,0.283940687206662,"26","012","Bácum"
1958,0.347358440220859,0.226811986264641,0.485073403434234,NA,"sintetico_postestratificado",FALSE,0.258261417169593,"26","044","Ónavas"
1959,0.32237753235838,0.194349917917121,0.461663350868993,NA,"sintetico_postestratificado",FALSE,0.267313432951871,"26","036","Magdalena"
1960,0.327596609771337,0.21482543502397,0.465724751860875,NA,"sintetico_postestratificado",FALSE,0.250899316836904,"26","013","Banámichi"
1961,0.36097987312721,0.236398118789596,0.494566624986394,NA,"sintetico_postestratificado",FALSE,0.258168506196798,"26","010","Bacerac"
1962,0.360879999469642,0.237122098770788,0.502511354123575,NA,"sintetico_postestratificado",FALSE,0.265389255352787,"26","050","Rayón"
1963,0.397020583027769,0.242968251620591,0.55851672531774,NA,"sintetico_postestratificado",FALSE,0.315548473697149,"26","072","San Ignacio Río Muerto"
1964,0.37097476038081,0.255675471640529,0.507633966387482,NA,"sintetico_postestratificado",FALSE,0.251958494746953,"26","061","Soyopa"
1965,0.310645264200264,0.193050424675,0.442770266570023,NA,"sintetico_postestratificado",FALSE,0.249719841895023,"26","011","Bacoachi"
1966,0.376954700355508,0.268875238674222,0.516463536587435,16,"muestra_directa",FALSE,0.247588297913213,"26","018","Cajeme"
1967,0.30496362702937,0.199320089187669,0.414159007979231,15,"muestra_directa",FALSE,0.214838918791562,"26","047","Pitiquito"
1968,0.359820881641899,0.228219936621043,0.493062353928652,1,"muestra_directa",TRUE,0.26484241730761,"26","019","Cananea"
1969,0.322143631650556,0.207361752501059,0.468036952907803,NA,"sintetico_postestratificado",FALSE,0.260675200406745,"26","020","Carbó"
1970,0.347406890713482,0.215883527138645,0.512187735798862,NA,"sintetico_postestratificado",FALSE,0.296304208660217,"26","053","San Felipe de Jesús"
1971,0.376051216255494,0.259359463820682,0.519792115402217,1,"muestra_directa",TRUE,0.260432651581536,"26","042","Navojoa"
1972,0.319396863040754,0.205053057369069,0.452288108267397,NA,"sintetico_postestratificado",FALSE,0.247235050898328,"26","008","Bacadéhuachi"
1973,0.329632941827325,0.199238633852959,0.489808521312896,NA,"sintetico_postestratificado",FALSE,0.290569887459937,"26","060","Sáric"
1974,0.386408546920481,0.248442050774001,0.527616134516072,NA,"sintetico_postestratificado",FALSE,0.279174083742072,"26","039","Naco"
1975,0.379546183633679,0.240651272572639,0.518341883403471,NA,"sintetico_postestratificado",FALSE,0.277690610830832,"26","059","Santa Cruz"
1976,0.343059297027244,0.221321280441151,0.488439729520207,NA,"sintetico_postestratificado",FALSE,0.267118449079056,"26","040","Nácori Chico"
1977,0.310233032959845,0.191102620339396,0.448423739433843,NA,"sintetico_postestratificado",FALSE,0.257321119094447,"26","067","Villa Hidalgo"
1978,0.33950667326888,0.226119994295778,0.482522293350465,NA,"sintetico_postestratificado",FALSE,0.256402299054687,"26","065","Tubutama"
1979,0.326800412302755,0.176686680660727,0.492819306749361,NA,"sintetico_postestratificado",FALSE,0.316132626088634,"26","007","Atil"
1980,0.295435903908442,0.188296348193334,0.435251265191849,NA,"sintetico_postestratificado",FALSE,0.246954916998515,"26","045","Opodepe"
1981,0.354506907318928,0.226782290610265,0.491816727151378,NA,"sintetico_postestratificado",FALSE,0.265034436541114,"26","054","San Javier"
1982,0.330052593941029,0.207074684642928,0.466960341971173,NA,"sintetico_postestratificado",FALSE,0.259885657328245,"26","058","Santa Ana"
1983,0.373276772338539,0.27281567767447,0.492162609278794,13,"muestra_directa",FALSE,0.219346931604324,"27","006","Cunduacán"
1984,0.348852030790969,0.236553354668359,0.477467584974006,3,"muestra_directa",TRUE,0.240914230305647,"27","001","Balancán"
1985,0.345089741568998,0.232996930489022,0.485501986855578,3,"muestra_directa",TRUE,0.252505056366557,"27","016","Teapa"
1986,0.42040842276951,0.292738142398486,0.561490950981992,NA,"sintetico_postestratificado",FALSE,0.268752808583506,"27","015","Tacotalpa"
1987,0.397755426407681,0.265793584284688,0.531045963958144,NA,"sintetico_postestratificado",FALSE,0.265252379673456,"27","014","Paraíso"
1988,0.379997394168665,0.270325683830797,0.497724373236144,7,"muestra_directa",TRUE,0.227398689405348,"27","012","Macuspana"
1989,0.367320082746812,0.262833610787931,0.47600775387004,18,"muestra_directa",FALSE,0.213174143082109,"27","002","Cárdenas"
1990,0.384102819455981,0.264390800215778,0.512752570295685,NA,"sintetico_postestratificado",FALSE,0.248361770079908,"27","003","Centla"
1991,0.424154932790534,0.32378750202073,0.535257180034449,31,"muestra_directa",FALSE,0.21146967801372,"27","004","Centro"
1992,0.377362354645069,0.266107413104997,0.49187096883637,16,"muestra_directa",FALSE,0.225763555731373,"27","005","Comalcalco"
1993,0.364276577272811,0.252382516456889,0.478955379068535,9,"muestra_directa",TRUE,0.226572862611646,"27","007","Emiliano Zapata"
1994,0.393894877102571,0.289306817583467,0.509031546056898,20,"muestra_directa",FALSE,0.219724728473431,"27","008","Huimanguillo"
1995,0.392156967540552,0.275327849111592,0.526821850384402,1,"muestra_directa",TRUE,0.25149400127281,"27","009","Jalapa"
1996,0.398139552354159,0.278095860678174,0.534652749335086,3,"muestra_directa",TRUE,0.256556888656912,"27","010","Jalpa de Méndez"
1997,0.327612186067432,0.216519779275178,0.436127942392867,6,"muestra_directa",TRUE,0.219608163117689,"27","011","Jonuta"
1998,0.382334117582748,0.265069091142978,0.497669427355997,13,"muestra_directa",FALSE,0.232600336213019,"27","013","Nacajuca"
1999,0.375313140041743,0.244407933805444,0.512639551867831,NA,"sintetico_postestratificado",FALSE,0.268231618062387,"27","017","Tenosique"
2000,0.357445496407426,0.255689729021285,0.469681472775772,17,"muestra_directa",FALSE,0.213991743754488,"28","003","Altamira"
2001,0.372473178497048,0.254177514160137,0.498449762766038,8,"muestra_directa",TRUE,0.244272248605901,"28","041","Victoria"
2002,0.397084795601053,0.278935134917919,0.537908761688086,NA,"sintetico_postestratificado",FALSE,0.258973626770167,"28","010","Cruillas"
2003,0.367699527416237,0.245977291554518,0.482678052624229,NA,"sintetico_postestratificado",FALSE,0.236700761069711,"28","024","Mier"
2004,0.355865701765217,0.212522112178827,0.501463494534416,NA,"sintetico_postestratificado",FALSE,0.288941382355589,"28","015","Gustavo Díaz Ordaz"
2005,0.328282885524519,0.207264229860997,0.478403794386781,NA,"sintetico_postestratificado",FALSE,0.271139564525784,"28","025","Miguel Alemán"
2006,0.353046685799438,0.214189111031142,0.509927951416967,NA,"sintetico_postestratificado",FALSE,0.295738840385825,"28","040","Valle Hermoso"
2007,0.357781938995839,0.24046230609506,0.481540016233703,NA,"sintetico_postestratificado",FALSE,0.241077710138644,"28","023","Méndez"
2008,0.376158359050437,0.260615380897659,0.508446101619926,NA,"sintetico_postestratificado",FALSE,0.247830720722267,"28","031","Palmillas"
2009,0.344020510097993,0.230093386123663,0.471026562289574,NA,"sintetico_postestratificado",FALSE,0.240933176165911,"28","039","Tula"
2010,0.37023657782933,0.256217660580773,0.494346821986549,13,"muestra_directa",FALSE,0.238129161405775,"28","038","Tampico"
2011,0.353629401349394,0.239945661812802,0.488166226894224,NA,"sintetico_postestratificado",FALSE,0.248220565081422,"28","037","Soto la Marina"
2012,0.363766817102709,0.234282484088704,0.502752008902709,5,"muestra_directa",TRUE,0.268469524814006,"28","007","Camargo"
2013,0.338418995245473,0.228335718182599,0.457059526772789,NA,"sintetico_postestratificado",FALSE,0.22872380859019,"28","005","Burgos"
2014,0.323619802869323,0.209979209499836,0.450424931074738,10,"muestra_directa",FALSE,0.240445721574903,"28","032","Reynosa"
2015,0.347036291887816,0.232515810451609,0.474309574192152,1,"muestra_directa",TRUE,0.241793763740543,"28","033","Río Bravo"
2016,0.388826542549369,0.27671388456746,0.517292316280084,5,"muestra_directa",TRUE,0.240578431712624,"28","029","Ocampo"
2017,0.357785777786417,0.234059467298604,0.493385481791524,NA,"sintetico_postestratificado",FALSE,0.25932601449292,"28","030","Padilla"
2018,0.397284453301514,0.28126683341785,0.525713187062966,NA,"sintetico_postestratificado",FALSE,0.244446353645116,"28","034","San Carlos"
2019,0.399397234367449,0.28494055324645,0.53230308182931,NA,"sintetico_postestratificado",FALSE,0.24736252858286,"28","035","San Fernando"
2020,0.365439248505234,0.248980898307306,0.490633305423763,17,"muestra_directa",FALSE,0.241652407116457,"28","022","Matamoros"
2021,0.423781905191226,0.295385590022816,0.561794423514119,NA,"sintetico_postestratificado",FALSE,0.266408833491304,"28","036","San Nicolás"
2022,0.383751629871915,0.254871065205276,0.515671896555884,NA,"sintetico_postestratificado",FALSE,0.260800831350608,"28","028","Nuevo Morelos"
2023,0.377845591460542,0.260991847221544,0.501438069238934,1,"muestra_directa",TRUE,0.24044622201739,"28","021","El Mante"
2024,0.437223727241662,0.308338809753473,0.577297371044531,NA,"sintetico_postestratificado",FALSE,0.268958561291058,"28","011","Gómez Farías"
2025,0.368781692779838,0.251968545597331,0.496296655612102,NA,"sintetico_postestratificado",FALSE,0.244328110014772,"28","012","González"
2026,0.354827855907481,0.214740314551982,0.496315132515037,8,"muestra_directa",TRUE,0.281574817963055,"28","027","Nuevo Laredo"
2027,0.345951632706117,0.225633162687475,0.473035719492644,NA,"sintetico_postestratificado",FALSE,0.247402556805169,"28","013","Güémez"
2028,0.381700763050948,0.266531394977663,0.508380089569855,NA,"sintetico_postestratificado",FALSE,0.241848694592192,"28","004","Antiguo Morelos"
2029,0.412360288121714,0.289600590240179,0.538856024785244,NA,"sintetico_postestratificado",FALSE,0.249255434545065,"28","006","Bustamante"
2030,0.391052945104299,0.272614898681659,0.512890935201823,1,"muestra_directa",TRUE,0.240276036520164,"28","016","Hidalgo"
2031,0.403391643684789,0.274028809166598,0.538849663790448,NA,"sintetico_postestratificado",FALSE,0.26482085462385,"28","019","Llera"
2032,0.323087608087019,0.218484080300774,0.438007049427375,4,"muestra_directa",TRUE,0.219522969126601,"28","017","Jaumave"
2033,0.361598759119643,0.225946437167923,0.506732718640952,NA,"sintetico_postestratificado",FALSE,0.280786281473029,"28","020","Mainero"
2034,0.291715555302577,0.189279465752885,0.423734430456469,NA,"sintetico_postestratificado",FALSE,0.234454964703583,"28","008","Casas"
2035,0.377701880173072,0.252377212806219,0.512926155301285,NA,"sintetico_postestratificado",FALSE,0.260548942495066,"28","043","Xicoténcatl"
2036,0.376829323891836,0.248943639156046,0.504497704038795,NA,"sintetico_postestratificado",FALSE,0.25555406488275,"28","042","Villagrán"
2037,0.335801543597722,0.217118348909959,0.477639792726555,NA,"sintetico_postestratificado",FALSE,0.260521443816595,"28","014","Guerrero"
2038,0.346896771589601,0.228405006299683,0.479566514594942,7,"muestra_directa",TRUE,0.251161508295259,"28","009","Ciudad Madero"
2039,0.374956221985897,0.257386006298903,0.497971366692027,NA,"sintetico_postestratificado",FALSE,0.240585360393124,"28","026","Miquihuana"
2040,0.388894143673372,0.27111433386083,0.521553790566145,NA,"sintetico_postestratificado",FALSE,0.250439456705315,"28","001","Abasolo"
2041,0.374768054432454,0.247802703291117,0.509053874530433,NA,"sintetico_postestratificado",FALSE,0.261251171239316,"28","002","Aldama"
2042,0.424053855744029,0.301444668204517,0.548065936018065,6,"muestra_directa",TRUE,0.246621267813547,"28","018","Jiménez"
2043,0.438501492829174,0.308601891228901,0.567738908366959,4,"muestra_directa",TRUE,0.259137017138058,"29","019","Tepetitla de Lardizábal"
2044,0.426850577077387,0.306900309638899,0.561730915034865,NA,"sintetico_postestratificado",FALSE,0.254830605395966,"29","045","Benito Juárez"
2045,0.379499325935617,0.269196379622904,0.515140391106452,NA,"sintetico_postestratificado",FALSE,0.245944011483548,"29","047","Lázaro Cárdenas"
2046,0.361489323313882,0.257611838414488,0.471753018068163,9,"muestra_directa",TRUE,0.214141179653675,"29","033","Tlaxcala"
2047,0.455548936087153,0.332581897513989,0.595562374197165,NA,"sintetico_postestratificado",FALSE,0.262980476683175,"29","059","Santa Cruz Quilehtla"
2048,0.420686956531534,0.301578888754703,0.551341197110698,3,"muestra_directa",TRUE,0.249762308355995,"29","004","Atltzayanca"
2049,0.379915475912175,0.254744018856433,0.524930668332571,NA,"sintetico_postestratificado",FALSE,0.270186649476138,"29","054","San Lorenzo Axocomanitla"
2050,0.359241241233247,0.245517766726878,0.493982829556892,NA,"sintetico_postestratificado",FALSE,0.248465062830014,"29","042","Xicohtzinco"
2051,0.373870857227773,0.261510417350429,0.49151173962768,3,"muestra_directa",TRUE,0.230001322277251,"29","044","Zacatelco"
2052,0.393348522488099,0.264841656559863,0.527679553854427,NA,"sintetico_postestratificado",FALSE,0.262837897294564,"29","053","San Juan Huactzinco"
2053,0.415827802848356,0.289661542536869,0.560154363976436,NA,"sintetico_postestratificado",FALSE,0.270492821439568,"29","008","Cuapiaxtla"
2054,0.406516620725003,0.291688512426582,0.548199662389062,NA,"sintetico_postestratificado",FALSE,0.25651114996248,"29","029","Tepeyanco"
2055,0.392189907582143,0.262455581129075,0.532722105579146,NA,"sintetico_postestratificado",FALSE,0.270266524450071,"29","046","Emiliano Zapata"
2056,0.415367962364495,0.301132489684715,0.553680938397453,5,"muestra_directa",TRUE,0.252548448712739,"29","025","San Pablo del Monte"
2057,0.471718959153336,0.344144451991945,0.62653944748498,4,"muestra_directa",TRUE,0.282394995493035,"29","058","Santa Catarina Ayometla"
2058,0.381701693242178,0.272692478308069,0.500876876479816,7,"muestra_directa",TRUE,0.228184398171747,"29","014","Hueyotlipan"
2059,0.434375950414506,0.321227811773671,0.559509969471808,4,"muestra_directa",TRUE,0.238282157698137,"29","028","Teolocholco"
2060,0.383177868129141,0.267702242243917,0.513060087407301,NA,"sintetico_postestratificado",FALSE,0.245357845163384,"29","040","Xaltocan"
2061,0.391020268522298,0.266666471146923,0.543428099512369,NA,"sintetico_postestratificado",FALSE,0.276761628365446,"29","060","Santa Isabel Xiloxoxtla"
2062,0.408047007076924,0.290988128458144,0.525655509822585,4,"muestra_directa",TRUE,0.23466738136444,"29","015","Ixtacuixtla de Mariano Matamoros"
2063,0.375947911498678,0.254239511233737,0.527639243135741,NA,"sintetico_postestratificado",FALSE,0.273399731902004,"29","057","Santa Apolonia Teacalco"
2064,0.359210581255498,0.245315397248872,0.497842748102779,NA,"sintetico_postestratificado",FALSE,0.252527350853907,"29","056","Santa Ana Nopalucan"
2065,0.39758707185076,0.271275981995202,0.537460434750487,NA,"sintetico_postestratificado",FALSE,0.266184452755285,"29","051","San Jerónimo Zacualpan"
2066,0.409131331766627,0.285681290842365,0.541845077472213,1,"muestra_directa",TRUE,0.256163786629848,"29","041","Papalotla de Xicohténcatl"
2067,0.419621198524216,0.298689893310917,0.551527062165506,2,"muestra_directa",TRUE,0.252837168854589,"29","038","Tzompantepec"
2068,0.43292949635924,0.308814537064391,0.564917338281753,2,"muestra_directa",TRUE,0.256102801217362,"29","023","Natívitas"
2069,0.390180873402351,0.278521201220184,0.517133515088502,NA,"sintetico_postestratificado",FALSE,0.238612313868318,"29","020","Sanctórum de Lázaro Cárdenas"
2070,0.395609872214096,0.255896310215687,0.535855768366008,NA,"sintetico_postestratificado",FALSE,0.279959458150321,"29","017","Mazatecochco de José María Morelos"
2071,0.42576343454823,0.29707713766398,0.563720576748607,NA,"sintetico_postestratificado",FALSE,0.266643439084627,"29","022","Acuamanala de Miguel Hidalgo"
2072,0.423139451486167,0.304956254016967,0.545050943606412,1,"muestra_directa",TRUE,0.240094689589445,"29","001","Amaxac de Guerrero"
2073,0.37317862370469,0.253608300025701,0.486707655810035,2,"muestra_directa",TRUE,0.233099355784334,"29","006","Calpulalpan"
2074,0.426920583103253,0.302530313614851,0.571613155918372,NA,"sintetico_postestratificado",FALSE,0.269082842303521,"29","016","Ixtenco"
2075,0.436898512542923,0.313138390655243,0.56251647371923,NA,"sintetico_postestratificado",FALSE,0.249378083063987,"29","049","San Damián Texóloc"
2076,0.392538096499204,0.273595333684202,0.523697800838036,6,"muestra_directa",TRUE,0.250102467153834,"29","043","Yauhquemehcan"
2077,0.427395718405476,0.318967935090502,0.549245889313872,9,"muestra_directa",TRUE,0.23027795422337,"29","013","Huamantla"
2078,0.428501397098844,0.30530283629563,0.552473856145898,2,"muestra_directa",TRUE,0.247171019850267,"29","002","Apetatitlán de Antonio Carvajal"
2079,0.4604922818737,0.33011255014032,0.592579955511297,NA,"sintetico_postestratificado",FALSE,0.262467405370977,"29","005","Apizaco"
2080,0.386064856344828,0.263846906111479,0.5300672313975,1,"muestra_directa",TRUE,0.266220325286021,"29","018","Contla de Juan Cuamatzi"
2081,0.389564091298402,0.266917339505385,0.526563403481126,1,"muestra_directa",TRUE,0.25964606397574,"29","003","Atlangatepec"
2082,0.415206214207198,0.297512235934959,0.53700534206082,NA,"sintetico_postestratificado",FALSE,0.23949310612586,"29","011","Muñoz de Domingo Arenas"
2083,0.429076347961058,0.299802957929235,0.578121856482191,NA,"sintetico_postestratificado",FALSE,0.278318898552956,"29","009","Cuaxomulco"
2084,0.422091799684463,0.307994138431577,0.560630068522192,1,"muestra_directa",TRUE,0.252635930090615,"29","010","Chiautempan"
2085,0.414669610407752,0.294379766370766,0.543495947543758,4,"muestra_directa",TRUE,0.249116181172992,"29","007","El Carmen Tequexquitla"
2086,0.406221759956567,0.282967530829246,0.534582704963871,NA,"sintetico_postestratificado",FALSE,0.251615174134625,"29","021","Nanacamilpa de Mariano Arista"
2087,0.425783013251419,0.305690129508992,0.560077275830657,NA,"sintetico_postestratificado",FALSE,0.254387146321665,"29","012","Españita"
2088,0.430131292296243,0.318131349351166,0.550046892597941,10,"muestra_directa",FALSE,0.231915543246776,"29","031","Tetla de la Solidaridad"
2089,0.453416371413824,0.338606712718254,0.586852861326355,3,"muestra_directa",TRUE,0.248246148608101,"29","032","Tetlatlahuca"
2090,0.391513192354202,0.284830841179403,0.516306990225158,NA,"sintetico_postestratificado",FALSE,0.231476149045756,"29","034","Tlaxco"
2091,0.382133705828626,0.261928250543398,0.515135952366025,1,"muestra_directa",TRUE,0.253207701822627,"29","035","Tocatlán"
2092,0.383955713782063,0.257817354704805,0.523453411441043,NA,"sintetico_postestratificado",FALSE,0.265636056736238,"29","030","Terrenate"
2093,0.405600946522227,0.279701336649093,0.544374334966159,NA,"sintetico_postestratificado",FALSE,0.264672998317065,"29","026","Santa Cruz Tlaxcala"
2094,0.397222619916277,0.274104441348475,0.528895191687343,NA,"sintetico_postestratificado",FALSE,0.254790750338867,"29","050","San Francisco Tetlanohcan"
2095,0.397323229028866,0.270133524610036,0.530084516934507,NA,"sintetico_postestratificado",FALSE,0.259950992324471,"29","052","San José Teacalco"
2096,0.402932388590196,0.272719123926044,0.536589172382213,NA,"sintetico_postestratificado",FALSE,0.263870048456169,"29","027","Tenancingo"
2097,0.40264649691981,0.270344283816098,0.536031644702839,NA,"sintetico_postestratificado",FALSE,0.265687360886741,"29","055","San Lucas Tecopilco"
2098,0.385314803033769,0.265555664742482,0.514177016441693,NA,"sintetico_postestratificado",FALSE,0.248621351699211,"29","024","Panotla"
2099,0.433494289001378,0.296973230088554,0.569785642893508,NA,"sintetico_postestratificado",FALSE,0.272812412804954,"29","037","Ziltlaltépec de Trinidad Sánchez Santos"
2101,0.38119857382704,0.26194209489478,0.527612694347209,NA,"sintetico_postestratificado",FALSE,0.265670599452428,"29","039","Xaloztoc"
2102,0.429837891748845,0.290095032590044,0.585615983144395,NA,"sintetico_postestratificado",FALSE,0.295520950554351,"29","036","Totolac"
2103,0.36038733018171,0.228687705058675,0.508938375252346,NA,"sintetico_postestratificado",FALSE,0.280250670193671,"30","162","Tenampa"
2104,0.348784397654723,0.237317057967287,0.473823487315624,NA,"sintetico_postestratificado",FALSE,0.236506429348337,"30","169","José Azueta"
2105,0.387070088830562,0.257457741540859,0.53231923854881,NA,"sintetico_postestratificado",FALSE,0.274861497007951,"30","185","Tlilapan"
2106,0.399179336133395,0.276387281777617,0.537871651604121,NA,"sintetico_postestratificado",FALSE,0.261484369826504,"30","187","Tonayán"
2107,0.404898867549052,0.285187381524965,0.535699656912896,NA,"sintetico_postestratificado",FALSE,0.250512275387931,"30","188","Totutla"
2108,0.313737795410469,0.198032631442842,0.44565250306608,NA,"sintetico_postestratificado",FALSE,0.247619871623237,"30","189","Tuxpan"
2109,0.371524623485797,0.246423435763602,0.516913710810176,NA,"sintetico_postestratificado",FALSE,0.270490275046573,"30","190","Tuxtilla"
2110,0.313263999058463,0.197811730774572,0.450341232501233,NA,"sintetico_postestratificado",FALSE,0.252529501726661,"30","078","Ixcatepec"
2111,0.369534330453069,0.233385295385066,0.518643828873105,NA,"sintetico_postestratificado",FALSE,0.285258533488038,"30","191","Ursulo Galván"
2112,0.341862188977617,0.231503106353236,0.459467419603828,4,"muestra_directa",TRUE,0.227964313250592,"30","079","Ixhuacán de los Reyes"
2113,0.454187541656966,0.308865680388732,0.609277401612225,5,"muestra_directa",TRUE,0.300411721223493,"30","192","Vega de Alatorre"
2114,0.411990056120186,0.280029244642262,0.559337841713415,NA,"sintetico_postestratificado",FALSE,0.279308597071152,"30","194","Villa Aldama"
2115,0.433076539957853,0.297508485362714,0.584844815329191,NA,"sintetico_postestratificado",FALSE,0.287336329966476,"30","031","Carrillo Puerto"
2116,0.4155441267197,0.284420188002443,0.554861641628474,NA,"sintetico_postestratificado",FALSE,0.270441453626031,"30","195","Xoxocotla"
2117,0.4002554948742,0.263092237867975,0.550576572510034,NA,"sintetico_postestratificado",FALSE,0.28748433464206,"30","199","Zaragoza"
2118,0.423768754048026,0.27779016355343,0.572192566309613,2,"muestra_directa",TRUE,0.294402402756183,"30","206","Nanchital de Lázaro Cárdenas del Río"
2119,0.39027143043499,0.259478067325478,0.535014956693029,NA,"sintetico_postestratificado",FALSE,0.275536889367551,"30","210","Uxpanapa"
2120,0.31415542090959,0.200722620494426,0.454225427519702,NA,"sintetico_postestratificado",FALSE,0.253502807025276,"30","211","San Rafael"
2121,0.383507692529974,0.252370495794114,0.531527083589226,NA,"sintetico_postestratificado",FALSE,0.279156587795112,"30","212","Santiago Sochiapan"
2122,0.321887278419251,0.211721121404503,0.450584670841985,NA,"sintetico_postestratificado",FALSE,0.238863549437482,"30","103","Mecatlán"
2123,0.342314440891568,0.220127290538836,0.47809521833826,3,"muestra_directa",TRUE,0.257967927799424,"30","141","San Andrés Tuxtla"
2124,0.3380810696555,0.218612188829015,0.477662366563627,NA,"sintetico_postestratificado",FALSE,0.259050177734612,"30","140","San Andrés Tenejapan"
2125,0.333285468878974,0.210981901552608,0.486070704330883,NA,"sintetico_postestratificado",FALSE,0.275088802778275,"30","138","Río Blanco"
2126,0.330147434248868,0.20766425256854,0.474452023643171,NA,"sintetico_postestratificado",FALSE,0.266787771074631,"30","136","Rafael Lucio"
2127,0.364964237410866,0.245013322698832,0.517235647503353,1,"muestra_directa",TRUE,0.272222324804521,"30","131","Poza Rica de Hidalgo"
2128,0.423317880569092,0.289124085590234,0.567588215645113,NA,"sintetico_postestratificado",FALSE,0.278464130054879,"30","116","Oluta"
2129,0.360114244003208,0.247803653838379,0.494767226306549,NA,"sintetico_postestratificado",FALSE,0.24696357246817,"30","109","Misantla"
2130,0.404256699377451,0.261460771407456,0.555778902794966,NA,"sintetico_postestratificado",FALSE,0.29431813138751,"30","107","Las Minas"
2131,0.364648621222498,0.23822970399369,0.499058370409124,NA,"sintetico_postestratificado",FALSE,0.260828666415434,"30","203","Zozocolco de Hidalgo"
2132,0.328487163423698,0.208776860672855,0.467068098249734,NA,"sintetico_postestratificado",FALSE,0.258291237576879,"30","205","El Higo"
2133,0.38116057213851,0.269295474559914,0.515187535271186,NA,"sintetico_postestratificado",FALSE,0.245892060711272,"30","071","Huatusco"
2134,0.376863929630464,0.246872082983547,0.532001069262587,2,"muestra_directa",TRUE,0.28512898627904,"30","069","Gutiérrez Zamora"
2135,0.363490837897381,0.234571585906598,0.511129386386947,NA,"sintetico_postestratificado",FALSE,0.276557800480349,"30","098","Magdalena"
2136,0.355480694538245,0.227145653213276,0.501290493397389,NA,"sintetico_postestratificado",FALSE,0.274144840184114,"30","075","Ignacio de la Llave"
2137,0.34364293050077,0.213125345588922,0.473750364226874,NA,"sintetico_postestratificado",FALSE,0.260625018637952,"30","074","Huiloapan de Cuauhtémoc"
2138,0.386321704440739,0.25444670492553,0.509280990432504,NA,"sintetico_postestratificado",FALSE,0.254834285506974,"30","073","Hueyapan de Ocampo"
2139,0.401608567083099,0.284766899624408,0.534478923569959,NA,"sintetico_postestratificado",FALSE,0.249712023945551,"30","072","Huayacocotla"
2140,0.412604079060676,0.274376426290028,0.558992462513948,NA,"sintetico_postestratificado",FALSE,0.28461603622392,"30","149","Soteapan"
2141,0.381078228284089,0.259508493882719,0.512912619186147,NA,"sintetico_postestratificado",FALSE,0.253404125303428,"30","150","Tamalín"
2142,0.366054162530278,0.248574855354988,0.498169037096379,NA,"sintetico_postestratificado",FALSE,0.249594181741391,"30","148","Soledad de Doblado"
2143,0.364323495341427,0.24912565859933,0.495689124483566,NA,"sintetico_postestratificado",FALSE,0.246563465884237,"30","147","Soledad Atzompa"
2144,0.402518701699111,0.273332414282724,0.550476670784745,NA,"sintetico_postestratificado",FALSE,0.277144256502021,"30","146","Sochiapa"
2145,0.394002332047258,0.26859804130534,0.532409304418411,NA,"sintetico_postestratificado",FALSE,0.263811263113071,"30","145","Soconusco"
2146,0.390195474271914,0.273936844097325,0.52455308062378,NA,"sintetico_postestratificado",FALSE,0.250616236526455,"30","004","Actopan"
2147,0.314954804571901,0.205666110775942,0.44423728765246,NA,"sintetico_postestratificado",FALSE,0.238571176876518,"30","070","Hidalgotitlán"
2148,0.357181116600871,0.233897751532189,0.487130165182747,NA,"sintetico_postestratificado",FALSE,0.253232413650558,"30","068","Fortín"
2149,0.396322601143331,0.27211539292115,0.531984036653791,NA,"sintetico_postestratificado",FALSE,0.259868643732641,"30","067","Filomeno Mata"
2150,0.348152095490391,0.234232317663717,0.470000761182893,NA,"sintetico_postestratificado",FALSE,0.235768443519176,"30","066","Espinal"
2151,0.337497092564438,0.226195868496422,0.458476893387634,NA,"sintetico_postestratificado",FALSE,0.232281024891212,"30","065","Emiliano Zapata"
2152,0.344335797420592,0.220181901219687,0.482813452628678,NA,"sintetico_postestratificado",FALSE,0.262631551408991,"30","064","Chumatlán"
2153,0.372246537623591,0.251765751329714,0.500722971800226,NA,"sintetico_postestratificado",FALSE,0.248957220470512,"30","173","Tezonapa"
2154,0.386153866970615,0.256016055310057,0.533929833018486,NA,"sintetico_postestratificado",FALSE,0.277913777708429,"30","209","Tatahuicapan de Juárez"
2155,0.349095672054972,0.228790013783707,0.480382569589602,8,"muestra_directa",TRUE,0.251592555805894,"30","032","Catemaco"
2156,0.352778010885797,0.240659560750929,0.478597931737249,NA,"sintetico_postestratificado",FALSE,0.23793837098632,"30","040","Coatzintla"
2157,0.311079429565032,0.195835050600697,0.444077381080702,1,"muestra_directa",TRUE,0.248242330480005,"30","039","Coatzacoalcos"
2158,0.365081463181488,0.251270352408791,0.483003576978063,NA,"sintetico_postestratificado",FALSE,0.231733224569273,"30","038","Coatepec"
2159,0.364633527523148,0.238712512751208,0.506481526430572,NA,"sintetico_postestratificado",FALSE,0.267769013679364,"30","037","Coahuitlán"
2160,0.378898101674207,0.251184204958988,0.530158077604358,NA,"sintetico_postestratificado",FALSE,0.278973872645369,"30","036","Coacoatzintla"
2161,0.32349209653494,0.204610710368726,0.464436325447772,NA,"sintetico_postestratificado",FALSE,0.259825615079046,"30","035","Citlaltépetl"
2162,0.319662651805971,0.203481899012881,0.441779686926242,NA,"sintetico_postestratificado",FALSE,0.238297787913361,"30","034","Cerro Azul"
2163,0.333088748700998,0.206639198815054,0.463122373864773,2,"muestra_directa",TRUE,0.256483175049718,"30","033","Cazones de Herrera"
2164,0.459053521370909,0.323030483762372,0.602277225126408,NA,"sintetico_postestratificado",FALSE,0.279246741364035,"30","030","Camerino Z. Mendoza"
2165,0.334172141350566,0.226981769084931,0.458592235470187,NA,"sintetico_postestratificado",FALSE,0.231610466385256,"30","029","Calcahualco"
2166,0.381744648906565,0.249890122268379,0.536018268028904,5,"muestra_directa",TRUE,0.286128145760525,"30","028","Boca del Río"
2167,0.364609967050155,0.237723152923365,0.510170891527042,NA,"sintetico_postestratificado",FALSE,0.272447738603677,"30","027","Benito Juárez"
2168,0.415986698213618,0.28939128322685,0.561768922005063,1,"muestra_directa",TRUE,0.272377638778213,"30","026","Banderilla"
2169,0.363497954011765,0.242994862684072,0.481950938656547,2,"muestra_directa",TRUE,0.238956075972475,"30","025","Ayahualulco"
2170,0.352872814315462,0.242589913099039,0.475123821189168,NA,"sintetico_postestratificado",FALSE,0.232533908090129,"30","024","Tlaltetela"
2171,0.368833789999333,0.253561885732573,0.497793984380641,NA,"sintetico_postestratificado",FALSE,0.244232098648067,"30","023","Atzalan"
2172,0.341712335846362,0.229875194559069,0.463398728419247,NA,"sintetico_postestratificado",FALSE,0.233523533860178,"30","022","Atzacan"
2173,0.366949799133069,0.253332137679563,0.485789529923306,NA,"sintetico_postestratificado",FALSE,0.232457392243743,"30","168","Tequila"
2174,0.403379179032602,0.26775983188501,0.542392182762435,NA,"sintetico_postestratificado",FALSE,0.274632350877425,"30","166","Tepetlán"
2175,0.356213231312071,0.235696220688395,0.480985215266074,NA,"sintetico_postestratificado",FALSE,0.245288994577679,"30","165","Tepatlaxco"
2176,0.335883983612969,0.224624710693377,0.472597832639877,NA,"sintetico_postestratificado",FALSE,0.247973121946499,"30","164","Teocelo"
2177,0.355631722523027,0.242488841671344,0.490908290121137,NA,"sintetico_postestratificado",FALSE,0.248419448449794,"30","126","Paso de Ovejas"
2178,0.331814741491199,0.221392398909139,0.456862395222768,NA,"sintetico_postestratificado",FALSE,0.235469996313629,"30","050","Coxquihui"
2179,0.319682546020553,0.20140513773909,0.455774054868639,NA,"sintetico_postestratificado",FALSE,0.254368917129549,"30","046","Cosautlán de Carvajal"
2180,0.33526237618384,0.21868969155075,0.474113251676157,NA,"sintetico_postestratificado",FALSE,0.255423560125408,"30","021","Atoyac"
2181,0.382787497107595,0.266400460314652,0.507935615213761,NA,"sintetico_postestratificado",FALSE,0.241535154899109,"30","128","Perote"
2182,0.358754471840684,0.237881012472078,0.501347012726647,NA,"sintetico_postestratificado",FALSE,0.263466000254569,"30","020","Atlahuilco"
2183,0.350486699121807,0.23766334833969,0.467417612934593,NA,"sintetico_postestratificado",FALSE,0.229754264594902,"30","101","Mariano Escobedo"
2184,0.336541949033675,0.221022910199053,0.478780208532979,NA,"sintetico_postestratificado",FALSE,0.257757298333926,"30","018","Aquila"
2185,0.407020832783584,0.271119845910588,0.54909840411496,NA,"sintetico_postestratificado",FALSE,0.277978558204372,"30","009","Alto Lucero de Gutiérrez Barrios"
2186,0.40504444695454,0.280213054261697,0.532139653931403,NA,"sintetico_postestratificado",FALSE,0.251926599669706,"30","112","Naolinco"
2187,0.352944467693415,0.222435983452009,0.503444708524199,2,"muestra_directa",TRUE,0.28100872507219,"30","008","Alpatláhuac"
2188,0.413508229403283,0.278057102380816,0.562649791162188,NA,"sintetico_postestratificado",FALSE,0.284592688781372,"30","007","Camarón de Tejeda"
2189,0.461715396824242,0.32778340335044,0.59378657102699,NA,"sintetico_postestratificado",FALSE,0.26600316767655,"30","006","Acultzingo"
2190,0.37217809423486,0.246617278261002,0.501469376986893,NA,"sintetico_postestratificado",FALSE,0.254852098725891,"30","111","Moloacán"
2191,0.39805649749101,0.264378484111326,0.545669202008862,NA,"sintetico_postestratificado",FALSE,0.281290717897536,"30","110","Mixtla de Altamirano"
2192,0.405011154138658,0.274761072406889,0.552324633183655,NA,"sintetico_postestratificado",FALSE,0.277563560776766,"30","005","Acula"
2193,0.385888871003681,0.279952122600386,0.506008184944652,NA,"sintetico_postestratificado",FALSE,0.226056062344266,"30","051","Coyutla"
2194,0.372059766520881,0.25574407965814,0.494984832341068,NA,"sintetico_postestratificado",FALSE,0.239240752682928,"30","045","Cosamaloapan de Carpio"
2195,0.329068377101145,0.20174508097187,0.45534479847239,NA,"sintetico_postestratificado",FALSE,0.253599717500519,"30","013","Naranjos Amatlán"
2196,0.395224658295697,0.276305355005071,0.51994465826708,NA,"sintetico_postestratificado",FALSE,0.24363930326201,"30","014","Amatlán de los Reyes"
2197,0.412289221768616,0.290042130585692,0.543798865908921,NA,"sintetico_postestratificado",FALSE,0.253756735323229,"30","002","Acatlán"
2198,0.374020356084308,0.243061248127086,0.517562668382771,NA,"sintetico_postestratificado",FALSE,0.274501420255685,"30","001","Acajete"
2199,0.354803728605198,0.238500364473701,0.484449246213269,NA,"sintetico_postestratificado",FALSE,0.245948881739568,"30","003","Acayucan"
2200,0.387141468926009,0.250639848552834,0.536264140604786,NA,"sintetico_postestratificado",FALSE,0.285624292051952,"30","120","Oteapan"
2201,0.430091874743313,0.302006200570324,0.562858743509261,NA,"sintetico_postestratificado",FALSE,0.260852542938937,"30","127","La Perla"
2202,0.338133962867293,0.226298748892338,0.4696769219766,3,"muestra_directa",TRUE,0.243378173084262,"30","048","Cosoleacaque"
2203,0.372045205040655,0.246956630549981,0.50437747060843,NA,"sintetico_postestratificado",FALSE,0.257420840058448,"30","059","Chinameca"
2204,0.347902616495274,0.227249023988918,0.484952613643424,NA,"sintetico_postestratificado",FALSE,0.257703589654506,"30","100","Manlio Fabio Altamirano"
2205,0.340070451448666,0.226902791965564,0.480106771069348,4,"muestra_directa",TRUE,0.253203979103784,"30","087","Xalapa"
2206,0.335233276962539,0.213910566535924,0.480031728880033,NA,"sintetico_postestratificado",FALSE,0.266121162344109,"30","097","Lerdo de Tejada"
2207,0.388647165920011,0.266503109944411,0.516426897937457,NA,"sintetico_postestratificado",FALSE,0.249923787993046,"30","010","Altotonga"
2208,0.34123491711368,0.227627167142513,0.471463347739242,NA,"sintetico_postestratificado",FALSE,0.24383618059673,"30","108","Minatitlán"
2209,0.409633717999641,0.281931001849668,0.549320954933638,NA,"sintetico_postestratificado",FALSE,0.26738995308397,"30","011","Alvarado"
2210,0.440217046833761,0.307491218015398,0.583749171932376,NA,"sintetico_postestratificado",FALSE,0.276257953916978,"30","012","Amatitlán"
2211,0.398640286022938,0.262669215708503,0.55629302180758,NA,"sintetico_postestratificado",FALSE,0.293623806099076,"30","015","Angel R. Cabada"
2212,0.356966635195316,0.244276884907622,0.495548789780122,NA,"sintetico_postestratificado",FALSE,0.2512719048725,"30","016","La Antigua"
2213,0.387744762631059,0.258697119890056,0.524490369259576,NA,"sintetico_postestratificado",FALSE,0.265793249369519,"30","017","Apazapan"
2214,0.380368649778881,0.275716390527918,0.498050309742486,4,"muestra_directa",TRUE,0.222333919214568,"30","117","Omealca"
2215,0.369914072123082,0.249799527860802,0.501528258757025,NA,"sintetico_postestratificado",FALSE,0.251728730896223,"30","113","Naranjal"
2216,0.39998728542392,0.272051416990651,0.540123957476651,NA,"sintetico_postestratificado",FALSE,0.268072540486,"30","114","Nautla"
2217,0.376860130503552,0.264446708869883,0.506040562854387,NA,"sintetico_postestratificado",FALSE,0.241593853984505,"30","115","Nogales"
2218,0.381776970705457,0.25566127905565,0.515628282423474,NA,"sintetico_postestratificado",FALSE,0.259967003367824,"30","163","Tenochtitlán"
2219,0.387820078705835,0.258343114222594,0.536637827228181,NA,"sintetico_postestratificado",FALSE,0.278294713005587,"30","019","Astacinga"
2220,0.390026968315316,0.255492571612542,0.532727011661356,NA,"sintetico_postestratificado",FALSE,0.277234440048815,"30","042","Colipa"
2221,0.411067525672441,0.288772515032023,0.535283404138675,NA,"sintetico_postestratificado",FALSE,0.246510889106652,"30","043","Comapa"
2222,0.378816529328216,0.249261528902982,0.507465776784592,2,"muestra_directa",TRUE,0.258204247881611,"30","044","Córdoba"
2223,0.405730021285841,0.28276157119658,0.534410156805414,NA,"sintetico_postestratificado",FALSE,0.251648585608834,"30","047","Coscomatepec"
2224,0.446358119572976,0.311734794463076,0.583862762192831,NA,"sintetico_postestratificado",FALSE,0.272127967729756,"30","049","Cotaxtla"
2225,0.373289006990454,0.247773025112846,0.515434342185032,NA,"sintetico_postestratificado",FALSE,0.267661317072187,"30","052","Cuichapa"
2226,0.418630696897323,0.290605047205436,0.56122394416227,NA,"sintetico_postestratificado",FALSE,0.270618896956834,"30","099","Maltrata"
2227,0.42143646781622,0.311277726008176,0.549738769495887,6,"muestra_directa",TRUE,0.238461043487711,"30","105","Medellín de Bravo"
2228,0.374727732946991,0.252046703573004,0.516900821643038,NA,"sintetico_postestratificado",FALSE,0.264854118070033,"30","184","Tlaquilpa"
2229,0.37074142225436,0.259324665737365,0.487729169577946,1,"muestra_directa",TRUE,0.228404503840581,"30","175","Tihuatlán"
2230,0.373619685061224,0.255841719363905,0.499132394100486,NA,"sintetico_postestratificado",FALSE,0.243290674736581,"30","178","Tlacotalpan"
2231,0.298307028009367,0.19145354461159,0.431681998954788,NA,"sintetico_postestratificado",FALSE,0.240228454343197,"30","180","Tlachichilco"
2232,0.359998505026669,0.228110694063826,0.491485533771694,NA,"sintetico_postestratificado",FALSE,0.263374839707868,"30","137","Los Reyes"
2233,0.380981652207557,0.256598842242818,0.518923235725965,3,"muestra_directa",TRUE,0.262324393483147,"30","196","Yanga"
2234,0.373574130014172,0.241217543102589,0.520572353833063,NA,"sintetico_postestratificado",FALSE,0.279354810730474,"30","197","Yecuatla"
2235,0.328572648844851,0.21616911750846,0.458216145532742,NA,"sintetico_postestratificado",FALSE,0.242047028024281,"30","198","Zacualpan"
2236,0.396112121799851,0.259419642975367,0.531776001430389,NA,"sintetico_postestratificado",FALSE,0.272356358455022,"30","139","Saltabarranca"
2237,0.390605734318819,0.272636127978746,0.527899600046576,NA,"sintetico_postestratificado",FALSE,0.25526347206783,"30","186","Tomatlán"
2238,0.337172415712426,0.219571474070274,0.461475062476036,NA,"sintetico_postestratificado",FALSE,0.241903588405763,"30","200","Zentla"
2239,0.316112767591789,0.205799106897596,0.43602297426672,NA,"sintetico_postestratificado",FALSE,0.230223867369124,"30","202","Zontecomatlán de López y Fuentes"
2240,0.389249315137307,0.261706787810595,0.514907817469561,NA,"sintetico_postestratificado",FALSE,0.253201029658965,"30","204","Agua Dulce"
2241,0.400378436698371,0.266796829054975,0.544904517166176,NA,"sintetico_postestratificado",FALSE,0.278107688111201,"30","207","Tres Valles"
2242,0.376408469317253,0.247902931046624,0.504859739533472,NA,"sintetico_postestratificado",FALSE,0.256956808486848,"30","208","Carlos A. Carrillo"
2243,0.380744916984833,0.268355709723856,0.504363480001326,3,"muestra_directa",TRUE,0.23600777027747,"30","201","Zongolica"
2244,0.411314402526801,0.288489128499786,0.552253543641529,NA,"sintetico_postestratificado",FALSE,0.263764415141743,"30","181","Tlalixcoyan"
2245,0.401957721257444,0.27700577416922,0.539922979808587,NA,"sintetico_postestratificado",FALSE,0.262917205639367,"30","182","Tlalnelhuayocan"
2246,0.346351939851232,0.229493516680307,0.481125810003913,NA,"sintetico_postestratificado",FALSE,0.251632293323606,"30","183","Tlapacoyan"
2247,0.333374050731114,0.215754369052722,0.457469095389246,NA,"sintetico_postestratificado",FALSE,0.241714726336524,"30","076","Ilamatlán"
2248,0.362416527467156,0.244475023164745,0.484975434556774,NA,"sintetico_postestratificado",FALSE,0.24050041139203,"30","077","Isla"
2249,0.362742402389147,0.239718351583086,0.486678748677208,NA,"sintetico_postestratificado",FALSE,0.246960397094121,"30","080","Ixhuatlán del Café"
2250,0.355558290942235,0.236986872634884,0.495563861443593,1,"muestra_directa",TRUE,0.258576988808708,"30","081","Ixhuatlancillo"
2251,0.345369565659863,0.22284516103926,0.477584232269824,NA,"sintetico_postestratificado",FALSE,0.254739071230563,"30","082","Ixhuatlán del Sureste"
2252,0.288073191111138,0.182998564511183,0.404031005445723,NA,"sintetico_postestratificado",FALSE,0.221032440934539,"30","083","Ixhuatlán de Madero"
2253,0.35328588373826,0.238312601099556,0.487657771541787,NA,"sintetico_postestratificado",FALSE,0.249345170442231,"30","084","Ixmatlahuacan"
2254,0.339168535501107,0.222011627145786,0.482863796268824,NA,"sintetico_postestratificado",FALSE,0.260852169123038,"30","085","Ixtaczoquitlán"
2255,0.334679893609793,0.218471946495611,0.47440933739138,NA,"sintetico_postestratificado",FALSE,0.255937390895769,"30","086","Jalacingo"
2256,0.355052582118875,0.232433083475343,0.499856124480414,NA,"sintetico_postestratificado",FALSE,0.267423041005071,"30","088","Jalcomulco"
2257,0.370113295041424,0.244093841407728,0.508224285673593,NA,"sintetico_postestratificado",FALSE,0.264130444265865,"30","089","Jáltipan"
2258,0.387965235002952,0.248295773416199,0.536906228952081,NA,"sintetico_postestratificado",FALSE,0.288610455535882,"30","090","Jamapa"
2259,0.32644041136725,0.210453907686036,0.452026369150626,NA,"sintetico_postestratificado",FALSE,0.24157246146459,"30","091","Jesús Carranza"
2260,0.330427990678977,0.212048832067543,0.461727608618666,NA,"sintetico_postestratificado",FALSE,0.249678776551123,"30","092","Xico"
2261,0.341227266823988,0.229811975000979,0.471499299499699,NA,"sintetico_postestratificado",FALSE,0.24168732449872,"30","041","Coetzala"
2262,0.364909013811825,0.249417128988564,0.490767479792489,NA,"sintetico_postestratificado",FALSE,0.241350350803925,"30","053","Cuitláhuac"
2263,0.350353207578109,0.238339572693823,0.496650306407856,NA,"sintetico_postestratificado",FALSE,0.258310733714033,"30","054","Chacaltianguis"
2264,0.296895214677742,0.188833720740344,0.421605109740662,NA,"sintetico_postestratificado",FALSE,0.232771389000318,"30","055","Chalma"
2265,0.348690685960016,0.225049098651745,0.484431469710251,NA,"sintetico_postestratificado",FALSE,0.259382371058506,"30","056","Chiconamel"
2266,0.354665869557468,0.23621035413272,0.496475352444328,NA,"sintetico_postestratificado",FALSE,0.260264998311608,"30","057","Chiconquiaco"
2267,0.300985865916967,0.191748715539362,0.423232856606464,NA,"sintetico_postestratificado",FALSE,0.231484141067102,"30","058","Chicontepec"
2268,0.31941514583675,0.197990052031069,0.455608784731448,NA,"sintetico_postestratificado",FALSE,0.257618732700379,"30","060","Chinampa de Gorostiza"
2269,0.330464499104608,0.221976646262423,0.448629804439203,NA,"sintetico_postestratificado",FALSE,0.22665315817678,"30","061","Las Choapas"
2270,0.345129867899833,0.233340687287179,0.464170123457063,NA,"sintetico_postestratificado",FALSE,0.230829436169884,"30","062","Chocamán"
2271,0.275599783862153,0.167120155148658,0.401501260298423,NA,"sintetico_postestratificado",FALSE,0.234381105149766,"30","063","Chontla"
2272,0.369400660268267,0.254444086144212,0.498437592825054,NA,"sintetico_postestratificado",FALSE,0.243993506680842,"30","093","Jilotepec"
2273,0.345251062473795,0.226179927497459,0.472041835371515,NA,"sintetico_postestratificado",FALSE,0.245861907874057,"30","094","Juan Rodríguez Clara"
2274,0.333503379756552,0.212999730446588,0.46805523104782,NA,"sintetico_postestratificado",FALSE,0.255055500601232,"30","095","Juchique de Ferrer"
2275,0.352936798740276,0.230205380161304,0.509798796308595,NA,"sintetico_postestratificado",FALSE,0.279593416147291,"30","096","Landero y Coss"
2276,0.324525791255287,0.202401248907777,0.465680142431519,NA,"sintetico_postestratificado",FALSE,0.263278893523742,"30","104","Mecayapan"
2277,0.398622222379828,0.271575285770926,0.534637694283077,2,"muestra_directa",TRUE,0.263062408512151,"30","118","Orizaba"
2278,0.380145307677963,0.244282350279381,0.539195588343139,NA,"sintetico_postestratificado",FALSE,0.294913238063758,"30","119","Otatitlán"
2279,0.326051095224855,0.222542428833572,0.444072901601111,NA,"sintetico_postestratificado",FALSE,0.221530472767539,"30","121","Ozuluama de Mascareñas"
2280,0.351801311700504,0.256096729002132,0.46375948550714,15,"muestra_directa",FALSE,0.207662756505008,"30","123","Pánuco"
2281,0.390637578349319,0.286383141855517,0.517815218480809,3,"muestra_directa",TRUE,0.231432076625292,"30","124","Papantla"
2282,0.355833530968683,0.235634213673827,0.504292882129337,NA,"sintetico_postestratificado",FALSE,0.268658668455509,"30","125","Paso del Macho"
2283,0.361315080681471,0.238339056857526,0.486764337853674,NA,"sintetico_postestratificado",FALSE,0.248425280996148,"30","129","Platón Sánchez"
2284,0.367213668202893,0.25763599938545,0.491822197545162,NA,"sintetico_postestratificado",FALSE,0.234186198159712,"30","130","Playa Vicente"
2285,0.361489255312313,0.233478276643844,0.499393975324407,NA,"sintetico_postestratificado",FALSE,0.265915698680563,"30","122","Pajapan"
2286,0.332003101645327,0.215159261124602,0.468428037746992,NA,"sintetico_postestratificado",FALSE,0.25326877662239,"30","132","Las Vigas de Ramírez"
2287,0.334914025684347,0.210267557051201,0.466717834609114,NA,"sintetico_postestratificado",FALSE,0.256450277557912,"30","133","Pueblo Viejo"
2288,0.343380584333826,0.235095922605519,0.474252931234644,2,"muestra_directa",TRUE,0.239157008629126,"30","134","Puente Nacional"
2289,0.360426830760508,0.248580683630466,0.498676376039709,NA,"sintetico_postestratificado",FALSE,0.250095692409243,"30","135","Rafael Delgado"
2290,0.456474553741534,0.320495491573387,0.607104592542851,NA,"sintetico_postestratificado",FALSE,0.286609100969464,"30","106","Miahuatlán"
2291,0.441601794470443,0.320307842679291,0.576616573694445,4,"muestra_directa",TRUE,0.256308731015155,"30","102","Martínez de la Torre"
2292,0.435758754503995,0.301227795632624,0.584867780764067,NA,"sintetico_postestratificado",FALSE,0.283639985131443,"30","170","Texcatepec"
2293,0.391302677164305,0.270993676294377,0.531229031748228,NA,"sintetico_postestratificado",FALSE,0.260235355453851,"30","171","Texhuacán"
2294,0.41283870407544,0.276353098199182,0.553374876696432,NA,"sintetico_postestratificado",FALSE,0.27702177849725,"30","172","Texistepec"
2295,0.450043404328561,0.332016270916015,0.57966680457878,NA,"sintetico_postestratificado",FALSE,0.247650533662765,"30","174","Tierra Blanca"
2296,0.357687389691556,0.230895532710345,0.512573910916459,NA,"sintetico_postestratificado",FALSE,0.281678378206114,"30","176","Tlacojalpan"
2297,0.314213343998377,0.196238007194024,0.459339205038792,NA,"sintetico_postestratificado",FALSE,0.263101197844768,"30","179","Tlacotepec de Mejía"
2298,0.384360223095287,0.267498645235863,0.521368855870678,4,"muestra_directa",TRUE,0.253870210634815,"30","177","Tlacolulan"
2299,0.392542915925039,0.26975173866973,0.523483359425787,5,"muestra_directa",TRUE,0.253731620756058,"30","193","Veracruz"
2300,0.328882050982557,0.209541661804267,0.464447541860283,NA,"sintetico_postestratificado",FALSE,0.254905880056016,"30","143","Santiago Tuxtla"
2301,0.369905246900374,0.249954753578724,0.508485032546765,NA,"sintetico_postestratificado",FALSE,0.258530278968042,"30","144","Sayula de Alemán"
2302,0.347468757246071,0.229452426988561,0.474300198424334,NA,"sintetico_postestratificado",FALSE,0.244847771435772,"30","142","San Juan Evangelista"
2303,0.277477663178651,0.167666756961701,0.391427415963857,7,"muestra_directa",TRUE,0.223760659002155,"30","151","Tamiahua"
2304,0.339006699615064,0.215472989546057,0.476035880121272,NA,"sintetico_postestratificado",FALSE,0.260562890575215,"30","152","Tampico Alto"
2305,0.395258931341441,0.265429078322335,0.526660941676102,NA,"sintetico_postestratificado",FALSE,0.261231863353767,"30","153","Tancoco"
2306,0.376306739853379,0.257938513346684,0.518320738568011,NA,"sintetico_postestratificado",FALSE,0.260382225221326,"30","154","Tantima"
2307,0.411896511406135,0.291216142511128,0.544601573279108,3,"muestra_directa",TRUE,0.25338543076798,"30","155","Tantoyuca"
2308,0.466526256324118,0.327184717612277,0.605988924380403,NA,"sintetico_postestratificado",FALSE,0.278804206768126,"30","156","Tatatila"
2309,0.380168555975281,0.245987865868256,0.518407694244618,NA,"sintetico_postestratificado",FALSE,0.272419828376362,"30","157","Castillo de Teayo"
2310,0.440235019481287,0.308625084313231,0.584059902114913,NA,"sintetico_postestratificado",FALSE,0.275434817801681,"30","158","Tecolutla"
2311,0.338748817091103,0.228435454694808,0.469561836758068,1,"muestra_directa",TRUE,0.24112638206326,"30","159","Tehuipango"
2312,0.316911689385146,0.208496688707977,0.453191997859486,NA,"sintetico_postestratificado",FALSE,0.244695309151509,"30","160","Álamo Temapache"
2313,0.363334503158729,0.256880993095976,0.479869571554695,NA,"sintetico_postestratificado",FALSE,0.22298857845872,"30","161","Tempoal"
2314,0.291100221986418,0.182821000379716,0.40049686852207,10,"muestra_directa",FALSE,0.217675868142354,"30","167","Tepetzintla"
2315,0.332232462746967,0.208635134861889,0.468269550482323,NA,"sintetico_postestratificado",FALSE,0.259634415620435,"31","009","Cansahcab"
2316,0.348728728648045,0.222501228459725,0.484217072489291,NA,"sintetico_postestratificado",FALSE,0.261715844029567,"31","007","Cacalchén"
2317,0.321422980447194,0.202509081054566,0.46117300827978,NA,"sintetico_postestratificado",FALSE,0.258663927225214,"31","019","Chemax"
2318,0.380950520975202,0.263741924274226,0.51702136639976,6,"muestra_directa",TRUE,0.253279442125535,"31","101","Umán"
2319,0.375636195028826,0.243239470685032,0.526603178262122,NA,"sintetico_postestratificado",FALSE,0.283363707577091,"31","106","Yobaín"
2320,0.294197702383954,0.182391084183802,0.427069887677034,NA,"sintetico_postestratificado",FALSE,0.244678803493232,"31","105","Yaxkukul"
2321,0.330775543072602,0.198094344208342,0.477365328227023,NA,"sintetico_postestratificado",FALSE,0.279270984018681,"31","103","Xocchel"
2322,0.295012452068423,0.180726632053845,0.427460839111358,NA,"sintetico_postestratificado",FALSE,0.246734207057513,"31","097","Tunkás"
2323,0.322205289554766,0.207154142848583,0.45138543802006,NA,"sintetico_postestratificado",FALSE,0.244231295171478,"31","095","Tixpéhual"
2324,0.313977760282318,0.195285423740024,0.447324203882095,NA,"sintetico_postestratificado",FALSE,0.252038780142072,"31","081","Tekom"
2325,0.28484614465421,0.182971291302382,0.420059157399294,NA,"sintetico_postestratificado",FALSE,0.237087866096912,"31","090","Timucuy"
2326,0.313998513707262,0.186506297306664,0.465475006574992,NA,"sintetico_postestratificado",FALSE,0.278968709268329,"31","088","Teya"
2327,0.375024938102836,0.240744363492294,0.529008062893023,NA,"sintetico_postestratificado",FALSE,0.28826369940073,"31","087","Tetiz"
2328,0.313474943588075,0.201810174769091,0.436672195704632,NA,"sintetico_postestratificado",FALSE,0.234862020935541,"31","066","Santa Elena"
2329,0.318501219751573,0.191209649251915,0.456434422675963,NA,"sintetico_postestratificado",FALSE,0.265224773424048,"31","086","Tepakán"
2330,0.297709369504749,0.173114636481205,0.453090550688852,NA,"sintetico_postestratificado",FALSE,0.279975914207648,"31","083","Telchac Puerto"
2331,0.273081690895519,0.150919555086538,0.412726223350735,NA,"sintetico_postestratificado",FALSE,0.261806668264198,"31","082","Telchac Pueblo"
2332,0.289246769999594,0.172419774313036,0.423453704825045,NA,"sintetico_postestratificado",FALSE,0.251033930512009,"31","080","Tekit"
2333,0.293744443256992,0.190484276376112,0.418252390776319,5,"muestra_directa",TRUE,0.227768114400207,"31","102","Valladolid"
2334,0.294885636521677,0.177916646433326,0.44487964187386,NA,"sintetico_postestratificado",FALSE,0.266962995440534,"31","071","Sudzal"
2335,0.30449582009359,0.197355574043629,0.418758908982248,2,"muestra_directa",TRUE,0.221403334938619,"31","069","Sotuta"
2336,0.266454072020098,0.152765386009821,0.407101259638542,NA,"sintetico_postestratificado",FALSE,0.254335873628721,"31","078","Tekantó"
2337,0.288392961413161,0.176197547725256,0.425114497983418,NA,"sintetico_postestratificado",FALSE,0.248916950258163,"31","037","Huhí"
2338,0.292846396060372,0.167715091814168,0.446023184526134,NA,"sintetico_postestratificado",FALSE,0.278308092711966,"31","027","Dzidzantún"
2339,0.359032781267569,0.237431373344095,0.497391291059477,NA,"sintetico_postestratificado",FALSE,0.259959917715382,"31","058","Peto"
2340,0.360841459058183,0.236684960499789,0.490893061139075,NA,"sintetico_postestratificado",FALSE,0.254208100639286,"31","055","Opichén"
2341,0.312184200572464,0.200590919348177,0.437333080921547,NA,"sintetico_postestratificado",FALSE,0.23674216157337,"31","036","Homún"
2342,0.306674086559441,0.193484794640025,0.436107709741086,NA,"sintetico_postestratificado",FALSE,0.242622915101061,"31","032","Espita"
2343,0.306334248081407,0.189235833243461,0.447533799540973,NA,"sintetico_postestratificado",FALSE,0.258297966297512,"31","077","Tekal de Venegas"
2344,0.274050044641221,0.162515640835221,0.406825991329514,NA,"sintetico_postestratificado",FALSE,0.244310350494292,"31","074","Tahmek"
2345,0.301984014987491,0.175688804035523,0.449857938582104,NA,"sintetico_postestratificado",FALSE,0.274169134546581,"31","026","Dzemul"
2346,0.33261232377037,0.207288730579751,0.465141591344177,NA,"sintetico_postestratificado",FALSE,0.257852860764427,"31","025","Dzan"
2347,0.339489447712155,0.225367140754102,0.4693662168408,NA,"sintetico_postestratificado",FALSE,0.243999076086698,"31","001","Abalá"
2348,0.291348346518079,0.199867276644822,0.386964695064194,36,"muestra_directa",FALSE,0.187097418419372,"31","050","Mérida"
2349,0.329013526995435,0.217069279722038,0.447233928331636,4,"muestra_directa",TRUE,0.230164648609597,"31","023","Chocholá"
2350,0.296834855629283,0.182827247853935,0.427425141117533,NA,"sintetico_postestratificado",FALSE,0.244597893263598,"31","035","Hoctún"
2351,0.323954702571072,0.201722548594547,0.460443622060793,NA,"sintetico_postestratificado",FALSE,0.258721073466246,"31","034","Hocabá"
2352,0.348770446973494,0.226341302697036,0.484937431775253,NA,"sintetico_postestratificado",FALSE,0.258596129078217,"31","016","Chacsinkín"
2353,0.35624231900467,0.222229138033982,0.490621339440553,NA,"sintetico_postestratificado",FALSE,0.268392201406572,"31","015","Cuzamá"
2354,0.340045517581905,0.21524256041346,0.481498534430213,NA,"sintetico_postestratificado",FALSE,0.266255974016752,"31","013","Conkal"
2355,0.313775698001499,0.203920030517676,0.448938609386112,NA,"sintetico_postestratificado",FALSE,0.245018578868436,"31","049","Mayapán"
2356,0.310695437425789,0.179021989025347,0.465012728761232,NA,"sintetico_postestratificado",FALSE,0.285990739735885,"31","065","San Felipe"
2357,0.272255157588947,0.15550218953301,0.411587529002397,NA,"sintetico_postestratificado",FALSE,0.256085339469387,"31","064","Sanahcat"
2358,0.300851173031382,0.186084459386102,0.439928280988952,NA,"sintetico_postestratificado",FALSE,0.253843821602849,"31","073","Tahdziú"
2359,0.324351593249979,0.201549073753715,0.473516882959558,NA,"sintetico_postestratificado",FALSE,0.271967809205843,"31","072","Suma"
2360,0.289321087349288,0.177001839512934,0.426401389125964,NA,"sintetico_postestratificado",FALSE,0.249399549613029,"31","093","Tixkokob"
2361,0.313018879139557,0.191425035618156,0.466950050962956,NA,"sintetico_postestratificado",FALSE,0.2755250153448,"31","061","Río Lagartos"
2362,0.332980508309557,0.212819097690636,0.465184241251778,NA,"sintetico_postestratificado",FALSE,0.252365143561142,"31","014","Cuncunul"
2363,0.343885382482595,0.219398700853597,0.482395966846547,3,"muestra_directa",TRUE,0.26299726599295,"31","089","Ticul"
2364,0.307668402555291,0.190944779669158,0.438715116247511,NA,"sintetico_postestratificado",FALSE,0.247770336578354,"31","070","Sucilá"
2365,0.371069506450078,0.232167328801175,0.524977841520067,6,"muestra_directa",TRUE,0.292810512718892,"31","068","Sinanché"
2366,0.399805108746201,0.266075772199409,0.554131946126708,NA,"sintetico_postestratificado",FALSE,0.288056173927299,"31","012","Cenotillo"
2367,0.341209857373482,0.218359049107766,0.478112288841098,NA,"sintetico_postestratificado",FALSE,0.259753239733333,"31","010","Cantamayec"
2368,0.321036693534345,0.206860352638579,0.469306191223534,NA,"sintetico_postestratificado",FALSE,0.262445838584955,"31","002","Acanceh"
2369,0.332670252369702,0.204609946062746,0.474786946638304,NA,"sintetico_postestratificado",FALSE,0.270177000575558,"31","063","Samahil"
2370,0.349890043690188,0.215003420260123,0.499599243729478,NA,"sintetico_postestratificado",FALSE,0.284595823469354,"31","060","Quintana Roo"
2371,0.319129855121266,0.196406775609873,0.459657947068702,NA,"sintetico_postestratificado",FALSE,0.263251171458829,"31","054","Muxupip"
2372,0.320900257983559,0.196200946267322,0.465073154043681,NA,"sintetico_postestratificado",FALSE,0.268872207776359,"31","053","Muna"
2373,0.317429408519102,0.203150867182797,0.461432657305537,NA,"sintetico_postestratificado",FALSE,0.25828179012274,"31","076","Tecoh"
2374,0.293842454005884,0.180301623573754,0.434149082675144,3,"muestra_directa",TRUE,0.25384745910139,"31","098","Tzucacab"
2375,0.376853820572246,0.249005350549518,0.51426153074123,NA,"sintetico_postestratificado",FALSE,0.265256180191713,"31","042","Kantunil"
2376,0.335118768674049,0.218822151141846,0.455248459036113,5,"muestra_directa",TRUE,0.236426307894267,"31","052","Motul"
2377,0.341401591228823,0.205226187387466,0.476989555966369,NA,"sintetico_postestratificado",FALSE,0.271763368578903,"31","006","Buctzotz"
2378,0.367094889578325,0.247874091415527,0.495729971376656,4,"muestra_directa",TRUE,0.247855879961129,"31","056","Oxkutzcab"
2379,0.368364460174848,0.236866427818995,0.507351978269996,NA,"sintetico_postestratificado",FALSE,0.270485550451,"31","057","Panabá"
2380,0.272205448854796,0.153231808102418,0.408205967186694,NA,"sintetico_postestratificado",FALSE,0.254974159084275,"31","028","Dzilam de Bravo"
2381,0.300568981172873,0.1878835817802,0.449867279453304,NA,"sintetico_postestratificado",FALSE,0.261983697673105,"31","062","Sacalum"
2382,0.313244345512662,0.19340571475614,0.456603207163207,NA,"sintetico_postestratificado",FALSE,0.263197492407067,"31","051","Mocochá"
2383,0.297430127032562,0.18951151649276,0.428175741426209,1,"muestra_directa",TRUE,0.238664224933449,"31","040","Izamal"
2384,0.315621327665377,0.194196124962813,0.460792922394593,NA,"sintetico_postestratificado",FALSE,0.26659679743178,"31","085","Temozón"
2385,0.341667317614741,0.227824322210036,0.473329456700918,1,"muestra_directa",TRUE,0.245505134490882,"31","104","Yaxcabá"
2386,0.310622177818545,0.196945362212906,0.439951772285556,NA,"sintetico_postestratificado",FALSE,0.24300641007265,"31","091","Tinum"
2387,0.345522317013536,0.225604187133294,0.477081930923013,1,"muestra_directa",TRUE,0.251477743789719,"31","048","Maxcanú"
2388,0.310723694735393,0.197268254077454,0.440125450956801,NA,"sintetico_postestratificado",FALSE,0.242857196879347,"31","096","Tizimín"
2389,0.339491503995555,0.220436143443172,0.47959648257121,NA,"sintetico_postestratificado",FALSE,0.259160339128038,"31","099","Uayma"
2390,0.296477929483531,0.182703460374368,0.440441114759402,NA,"sintetico_postestratificado",FALSE,0.257737654385034,"31","005","Bokobá"
2391,0.306628578208649,0.192735277669196,0.429973710842844,NA,"sintetico_postestratificado",FALSE,0.237238433173648,"31","047","Maní"
2392,0.298368282495205,0.185299827370623,0.430486504887925,NA,"sintetico_postestratificado",FALSE,0.245186677517302,"31","046","Mama"
2393,0.296801043535257,0.169441494827408,0.430506600096952,NA,"sintetico_postestratificado",FALSE,0.261065105269544,"31","045","Kopomá"
2394,0.287514443750626,0.166708731653596,0.428556294487098,NA,"sintetico_postestratificado",FALSE,0.261847562833501,"31","044","Kinchil"
2395,0.352948692169608,0.227452130093105,0.488487028987915,NA,"sintetico_postestratificado",FALSE,0.26103489889481,"31","100","Ucú"
2396,0.298899928847312,0.185333277130514,0.439267122610581,NA,"sintetico_postestratificado",FALSE,0.253933845480067,"31","043","Kaua"
2397,0.307635386906005,0.190991500553825,0.442963400713058,NA,"sintetico_postestratificado",FALSE,0.251971900159234,"31","020","Chicxulub Pueblo"
2398,0.297544264887195,0.193874031888125,0.430987759875303,NA,"sintetico_postestratificado",FALSE,0.237113727987178,"31","067","Seyé"
2399,0.334592030306784,0.219701172011228,0.478874817859523,NA,"sintetico_postestratificado",FALSE,0.259173645848295,"31","075","Teabo"
2400,0.299502755567557,0.192248780303527,0.424667017773039,NA,"sintetico_postestratificado",FALSE,0.232418237469512,"31","004","Baca"
2401,0.329825687830682,0.199385262374593,0.490783192029517,NA,"sintetico_postestratificado",FALSE,0.291397929654924,"31","003","Akil"
2402,0.314258621559994,0.198017679468314,0.444835468800348,NA,"sintetico_postestratificado",FALSE,0.246817789332034,"31","022","Chikindzonot"
2403,0.281104074867291,0.158196661794134,0.433691892582219,NA,"sintetico_postestratificado",FALSE,0.275495230788086,"31","033","Halachó"
2404,0.280163377922618,0.181960082846484,0.393211729905602,5,"muestra_directa",TRUE,0.211251647059118,"31","079","Tekax"
2405,0.392345302511792,0.255514022453657,0.539181757856,NA,"sintetico_postestratificado",FALSE,0.283667735402343,"31","059","Progreso"
2406,0.271065401024613,0.160567864407223,0.405703321223895,NA,"sintetico_postestratificado",FALSE,0.245135456816672,"31","094","Tixméhuac"
2407,0.373774522804513,0.244852017105634,0.511899078475999,NA,"sintetico_postestratificado",FALSE,0.267047061370365,"31","084","Temax"
2408,0.297995354874944,0.183850093679279,0.419783285449056,4,"muestra_directa",TRUE,0.235933191769777,"31","029","Dzilam González"
2409,0.293578600994709,0.181208551836308,0.43495043818592,5,"muestra_directa",TRUE,0.253741886349612,"31","041","Kanasín"
2410,0.29444022374113,0.185423237350149,0.426774782104423,5,"muestra_directa",TRUE,0.241351544754274,"31","038","Hunucmá"
2411,0.284774316581116,0.17796052456213,0.410092719336587,NA,"sintetico_postestratificado",FALSE,0.232132194774457,"31","030","Dzitás"
2412,0.358489096339341,0.23018165979249,0.499702466577288,NA,"sintetico_postestratificado",FALSE,0.269520806784798,"31","021","Chichimilá"
2413,0.367308662729457,0.239396730591241,0.50403918391696,NA,"sintetico_postestratificado",FALSE,0.264642453325719,"31","039","Ixil"
2414,0.366523748861017,0.247804658665465,0.507409507487281,4,"muestra_directa",TRUE,0.259604848821816,"31","092","Tixcacalcupul"
2415,0.308150390616077,0.193270653179017,0.443097702943565,NA,"sintetico_postestratificado",FALSE,0.249827049764548,"31","018","Chapab"
2416,0.321666091473748,0.208709208640507,0.459452197568974,NA,"sintetico_postestratificado",FALSE,0.250742988928467,"31","017","Chankom"
2417,0.278625052857723,0.170389201310251,0.419225745342552,NA,"sintetico_postestratificado",FALSE,0.248836544032301,"31","024","Chumayel"
2418,0.265586290946458,0.144038302036903,0.428633651956339,NA,"sintetico_postestratificado",FALSE,0.284595349919435,"31","031","Dzoncauich"
2419,0.332174331747538,0.207507641653559,0.472181611956802,NA,"sintetico_postestratificado",FALSE,0.264673970303242,"31","011","Celestún"
2420,0.372664044831604,0.244845663176006,0.523074927167676,NA,"sintetico_postestratificado",FALSE,0.27822926399167,"31","008","Calotmul"
2421,0.366748635175393,0.245515783402074,0.487840337761131,NA,"sintetico_postestratificado",FALSE,0.242324554359057,"32","027","Melchor Ocampo"
2422,0.407415588999162,0.282826566908705,0.528729642931661,1,"muestra_directa",TRUE,0.245903076022956,"32","019","Jalpa"
2423,0.407526675648281,0.279601223217676,0.544478776100688,NA,"sintetico_postestratificado",FALSE,0.264877552883011,"32","003","Atolinga"
2424,0.374987885368212,0.247476900224009,0.509318861007848,NA,"sintetico_postestratificado",FALSE,0.261841960783839,"32","058","Santa María de la Paz"
2425,0.373905334819445,0.263295746198192,0.486589077146674,5,"muestra_directa",TRUE,0.223293330948482,"32","036","Ojocaliente"
2426,0.400213201569315,0.279568496117502,0.523108849099319,2,"muestra_directa",TRUE,0.243540352981817,"32","035","Noria de Ángeles"
2427,0.379793298882223,0.265718572684196,0.507667061325408,NA,"sintetico_postestratificado",FALSE,0.241948488641212,"32","037","Pánuco"
2428,0.337326566598897,0.225360509715727,0.461521861894701,5,"muestra_directa",TRUE,0.236161352178974,"32","040","Sain Alto"
2429,0.358428653135943,0.23918428849215,0.489458580683474,NA,"sintetico_postestratificado",FALSE,0.250274292191325,"32","033","Moyahua de Estrada"
2430,0.366794687878527,0.256066989992168,0.473035209097156,8,"muestra_directa",TRUE,0.216968219104988,"32","020","Jerez"
2431,0.37485593830435,0.27975660378224,0.475948100245599,13,"muestra_directa",FALSE,0.196191496463358,"32","010","Fresnillo"
2432,0.393216054526315,0.277869794176143,0.518371900327936,NA,"sintetico_postestratificado",FALSE,0.240502106151793,"32","034","Nochistlán de Mejía"
2433,0.374368662044007,0.262340956864168,0.492962159861631,3,"muestra_directa",TRUE,0.230621202997463,"32","005","Calera"
2434,0.386094366775791,0.262635328660291,0.520769482940875,NA,"sintetico_postestratificado",FALSE,0.258134154280584,"32","045","Tepechitlán"
2435,0.376969043631868,0.262095100772228,0.49900305115804,NA,"sintetico_postestratificado",FALSE,0.236907950385812,"32","038","Pinos"
2436,0.375389426112214,0.260174864164599,0.487151887767912,2,"muestra_directa",TRUE,0.226977023603313,"32","051","Villa de Cos"
2437,0.460104214347839,0.324769171270721,0.595796970519544,NA,"sintetico_postestratificado",FALSE,0.271027799248823,"32","050","Vetagrande"
2438,0.412541583637457,0.29658247411563,0.519165711875034,NA,"sintetico_postestratificado",FALSE,0.222583237759404,"32","049","Valparaíso"
2439,0.4144536701581,0.310021450833379,0.524347202396288,9,"muestra_directa",TRUE,0.214325751562909,"32","048","Tlaltenango de Sánchez Román"
2440,0.407696750271996,0.279834706592186,0.544312993493178,NA,"sintetico_postestratificado",FALSE,0.264478286900992,"32","046","Tepetongo"
2441,0.369724496083846,0.261730418119917,0.487168396845911,2,"muestra_directa",TRUE,0.225437978725994,"32","025","Luis Moya"
2442,0.388414654945175,0.259691082175348,0.511729138263221,NA,"sintetico_postestratificado",FALSE,0.252038056087873,"32","044","Tabasco"
2443,0.404822075199428,0.284335006089959,0.534288342842591,NA,"sintetico_postestratificado",FALSE,0.249953336752632,"32","043","Susticacán"
2444,0.377849801059866,0.252102521517427,0.510816702581074,NA,"sintetico_postestratificado",FALSE,0.258714181063647,"32","054","Villa Hidalgo"
2445,0.367130385761692,0.255137765235271,0.484199034707101,NA,"sintetico_postestratificado",FALSE,0.229061269471831,"32","042","Sombrerete"
2446,0.348508073908499,0.229371696258511,0.477339046537595,NA,"sintetico_postestratificado",FALSE,0.247967350279084,"32","041","El Salvador"
2447,0.339823182973325,0.228701620199622,0.468414595225033,NA,"sintetico_postestratificado",FALSE,0.239712975025411,"32","016","General Pánfilo Natera"
2448,0.342024044679598,0.236771521281237,0.464669672501142,NA,"sintetico_postestratificado",FALSE,0.227898151219905,"32","014","General Francisco R. Murguía"
2449,0.385107688952459,0.250052190219446,0.532998406418038,NA,"sintetico_postestratificado",FALSE,0.282946216198593,"32","013","General Enrique Estrada"
2450,0.410725827287293,0.276699827570394,0.558829448458619,NA,"sintetico_postestratificado",FALSE,0.282129620888225,"32","009","Chalchihuites"
2451,0.423243781839204,0.31873130940696,0.534882004212521,18,"muestra_directa",FALSE,0.21615069480556,"32","017","Guadalupe"
2452,0.394203680635639,0.265003734559544,0.524181976411739,NA,"sintetico_postestratificado",FALSE,0.259178241852195,"32","057","Trancoso"
2453,0.376688932611105,0.25430612088806,0.516048639995465,NA,"sintetico_postestratificado",FALSE,0.261742519107406,"32","030","Momax"
2454,0.359234208294955,0.243758791850867,0.487199905324894,NA,"sintetico_postestratificado",FALSE,0.243441113474028,"32","032","Morelos"
2455,0.390521687569315,0.276698139773212,0.523917678259192,10,"muestra_directa",FALSE,0.24721953848598,"32","056","Zacatecas"
2456,0.340343838379401,0.232558562513471,0.460170201142711,NA,"sintetico_postestratificado",FALSE,0.22761163862924,"32","018","Huanusco"
2457,0.358641934928013,0.240806041444375,0.48927712966535,NA,"sintetico_postestratificado",FALSE,0.248471088220974,"32","022","Juan Aldama"
2458,0.396402020613819,0.277047199180846,0.532874417350053,NA,"sintetico_postestratificado",FALSE,0.255827218169207,"32","002","Apulco"
2459,0.372646128014185,0.243360683322176,0.520082456966771,NA,"sintetico_postestratificado",FALSE,0.276721773644594,"32","001","Apozol"
2460,0.368582685455005,0.255915939402049,0.501695821310302,NA,"sintetico_postestratificado",FALSE,0.245779881908253,"32","015","El Plateado de Joaquín Amaro"
2461,0.416027950658404,0.292371100972929,0.55263664641175,NA,"sintetico_postestratificado",FALSE,0.260265545438822,"32","028","Mezquital del Oro"
2462,0.411060841954106,0.296288364021931,0.540787191135854,NA,"sintetico_postestratificado",FALSE,0.244498827113923,"32","026","Mazapil"
2463,0.332038670725125,0.228738435418112,0.445751474268898,11,"muestra_directa",FALSE,0.217013038850787,"32","052","Villa García"
2464,0.381291448390546,0.271634046027018,0.500571862225134,6,"muestra_directa",TRUE,0.228937816198116,"32","024","Loreto"
2465,0.388350315554108,0.264865428813844,0.520770575712269,NA,"sintetico_postestratificado",FALSE,0.255905146898425,"32","004","Benito Juárez"
2466,0.405345579333312,0.302196648382169,0.531246244988745,6,"muestra_directa",TRUE,0.229049596606576,"32","029","Miguel Auza"
2467,0.409911854212227,0.297304154815167,0.536392996479399,8,"muestra_directa",TRUE,0.239088841664232,"32","053","Villa González Ortega"
2468,0.411599452602342,0.305868225264907,0.526623632445692,6,"muestra_directa",TRUE,0.220755407180785,"32","023","Juchipila"
2469,0.377744758138075,0.272203810115032,0.503920300474157,5,"muestra_directa",TRUE,0.231716490359125,"32","039","Río Grande"
2470,0.358653173590751,0.252363944268099,0.480768834341926,NA,"sintetico_postestratificado",FALSE,0.228404890073827,"32","055","Villanueva"
2471,0.435079573519926,0.321397127108413,0.552699729901467,6,"muestra_directa",TRUE,0.231302602793054,"32","031","Monte Escobedo"
2472,0.347673079603173,0.229108515635581,0.487466662311993,NA,"sintetico_postestratificado",FALSE,0.258358146676412,"32","021","Jiménez del Teul"
2473,0.362917199482626,0.24604902947517,0.494676017616293,5,"muestra_directa",TRUE,0.248626988141123,"32","008","Cuauhtémoc"
2474,0.339400631369047,0.215169554916033,0.466417224877736,NA,"sintetico_postestratificado",FALSE,0.251247669961703,"32","007","Concepción del Oro"
2475,0.441896392643918,0.317051857979902,0.56475040224574,NA,"sintetico_postestratificado",FALSE,0.247698544265838,"32","047","Teúl de González Ortega"
2476,0.479265667652629,0.355887992729635,0.602988170340225,NA,"sintetico_postestratificado",FALSE,0.24710017761059,"32","012","Genaro Codina"
2477,0.381442532452204,0.256251683901446,0.51517786681203,NA,"sintetico_postestratificado",FALSE,0.258926182910585,"32","006","Cañitas de Felipe Pescador"
2478,0.40101138367781,0.275553969884071,0.525992079385861,NA,"sintetico_postestratificado",FALSE,0.25043810950179,"32","011","Trinidad García de la Cadena"
