"muni_idx","prev","prev_q025","prev_q975","n_directo","fuente","suprimir_privacidad","ancho_ic95","cve_ent","cve_mun","nomgeo"
1,0.723010307176633,0.546720594723408,0.86798396542037,1,"muestra_directa",TRUE,0.321263370696962,"01","005","Jesús María"
2,0.682327878898833,0.503252464602258,0.826638839626111,NA,"sintetico_postestratificado",FALSE,0.323386375023853,"01","008","San José de Gracia"
3,0.678035836371355,0.582565084158042,0.764564249728953,88,"muestra_directa",FALSE,0.181999165570911,"01","001","Aguascalientes"
4,0.664154377744272,0.4655463202586,0.826663864133157,1,"muestra_directa",TRUE,0.361117543874557,"01","004","Cosío"
5,0.667462813005675,0.46135130518062,0.826465027697497,NA,"sintetico_postestratificado",FALSE,0.365113722516877,"01","011","San Francisco de los Romo"
6,0.64198402403092,0.460244932383003,0.788838797982082,6,"muestra_directa",TRUE,0.328593865599079,"01","006","Pabellón de Arteaga"
7,0.650729601476694,0.46250801268383,0.810346580303564,NA,"sintetico_postestratificado",FALSE,0.347838567619734,"01","003","Calvillo"
8,0.661382408073663,0.457870202371187,0.830462726142579,NA,"sintetico_postestratificado",FALSE,0.372592523771392,"01","010","El Llano"
9,0.727059827450842,0.576863645177744,0.854448255754845,7,"muestra_directa",TRUE,0.277584610577101,"01","002","Asientos"
10,0.630646282042956,0.475130904884386,0.759697148641714,17,"muestra_directa",FALSE,0.284566243757328,"01","009","Tepezalá"
11,0.692654751613906,0.502530069322825,0.837320508601708,NA,"sintetico_postestratificado",FALSE,0.334790439278884,"01","007","Rincón de Romos"
12,0.622047698346802,0.446093518659979,0.777451248889086,7,"muestra_directa",TRUE,0.331357730229107,"02","003","Tecate"
13,0.689998395494282,0.545310067823902,0.801045465013691,32,"muestra_directa",FALSE,0.255735397189789,"02","004","Tijuana"
14,0.600716946666669,0.415822375204519,0.752609626962796,10,"muestra_directa",FALSE,0.336787251758277,"02","001","Ensenada"
15,0.595912709895051,0.369772114106246,0.769455243651719,2,"muestra_directa",TRUE,0.399683129545473,"02","006","San Quintín"
17,0.628802185665752,0.494502576143111,0.75595020800355,27,"muestra_directa",FALSE,0.261447631860439,"02","002","Mexicali"
18,0.638860639742909,0.423752279456185,0.814231009556632,4,"muestra_directa",TRUE,0.390478730100447,"02","005","Playas de Rosarito"
19,0.566350443393662,0.357941211847254,0.74938717478199,6,"muestra_directa",TRUE,0.391445962934736,"03","002","Mulegé"
20,0.632699103438497,0.384417392918441,0.814924222243637,NA,"sintetico_postestratificado",FALSE,0.430506829325195,"03","009","Loreto"
21,0.713566897524129,0.542892414839777,0.84097313166538,26,"muestra_directa",FALSE,0.298080716825603,"03","008","Los Cabos"
22,0.752848743098578,0.646055180678008,0.838324881698823,57,"muestra_directa",FALSE,0.192269701020814,"03","003","La Paz"
23,0.573635646947022,0.438350861139977,0.700334397118356,36,"muestra_directa",FALSE,0.261983535978379,"03","001","Comondú"
24,0.566860550620296,0.428321626131562,0.694123981121948,31,"muestra_directa",FALSE,0.265802354990386,"04","003","Carmen"
25,0.640058153157175,0.452526536313047,0.798708951631658,3,"muestra_directa",TRUE,0.346182415318612,"04","007","Palizada"
27,0.585890495903713,0.373129057151256,0.771634099753331,NA,"sintetico_postestratificado",FALSE,0.398505042602074,"04","005","Hecelchakán"
28,0.629374391435488,0.470268754911522,0.790417010225489,8,"muestra_directa",TRUE,0.320148255313967,"04","004","Champotón"
29,0.627601399086408,0.458611528799968,0.786504312073597,6,"muestra_directa",TRUE,0.327892783273629,"04","011","Candelaria"
31,0.518312831161071,0.391909016619114,0.645147954988104,50,"muestra_directa",FALSE,0.25323893836899,"04","002","Campeche"
32,0.548474716425074,0.3523605842459,0.739118386895876,NA,"sintetico_postestratificado",FALSE,0.386757802649976,"04","006","Hopelchén"
33,0.552701132656988,0.359334861312479,0.729792749134449,5,"muestra_directa",TRUE,0.370457887821969,"04","001","Calkiní"
34,0.577012405833183,0.385970856633391,0.766225728159566,NA,"sintetico_postestratificado",FALSE,0.380254871526175,"04","010","Calakmul"
35,0.544955336686082,0.363681990551636,0.707887901911039,8,"muestra_directa",TRUE,0.344205911359403,"04","009","Escárcega"
36,0.529427357443643,0.308071266813631,0.731151114164253,2,"muestra_directa",TRUE,0.423079847350622,"04","008","Tenabo"
37,0.683297361206353,0.486327285261914,0.842385970385659,NA,"sintetico_postestratificado",FALSE,0.356058685123745,"05","005","Candela"
38,0.700633803471691,0.55350441322083,0.815160121091892,17,"muestra_directa",FALSE,0.261655707871061,"05","017","Matamoros"
39,0.667840574323916,0.4791266891685,0.824003827821426,6,"muestra_directa",TRUE,0.344877138652927,"05","018","Monclova"
40,0.660533116250343,0.454060747378597,0.831886129423792,NA,"sintetico_postestratificado",FALSE,0.377825382045195,"05","014","Jiménez"
41,0.686168647287438,0.545751976884209,0.802139979762189,23,"muestra_directa",FALSE,0.25638800287798,"05","035","Torreón"
42,0.630612518766446,0.427200276923967,0.806925331976301,NA,"sintetico_postestratificado",FALSE,0.379725055052334,"05","013","Hidalgo"
43,0.651600546198299,0.444712045517071,0.816071866716982,NA,"sintetico_postestratificado",FALSE,0.371359821199912,"05","015","Juárez"
44,0.633153011411263,0.424999887177037,0.811117489636187,NA,"sintetico_postestratificado",FALSE,0.38611760245915,"05","020","Múzquiz"
45,0.647713195278405,0.481099835131953,0.798814247386324,7,"muestra_directa",TRUE,0.317714412254371,"05","024","Parras"
46,0.654127624950773,0.461108440230021,0.817205977516387,1,"muestra_directa",TRUE,0.356097537286366,"05","026","Progreso"
47,0.611378534952744,0.429129027006881,0.765162971717721,5,"muestra_directa",TRUE,0.33603394471084,"05","027","Ramos Arizpe"
48,0.601257642254341,0.392090272432855,0.785407293656642,3,"muestra_directa",TRUE,0.393317021223787,"05","025","Piedras Negras"
49,0.635215795034957,0.436860937560259,0.802486107904052,NA,"sintetico_postestratificado",FALSE,0.365625170343793,"05","028","Sabinas"
50,0.695596189467772,0.551001806823014,0.818205415057608,18,"muestra_directa",FALSE,0.267203608234594,"05","030","Saltillo"
51,0.642018738556554,0.443376247910598,0.810445189729618,NA,"sintetico_postestratificado",FALSE,0.367068941819021,"05","031","San Buenaventura"
52,0.629486096656311,0.424573477901899,0.812313505217475,NA,"sintetico_postestratificado",FALSE,0.387740027315576,"05","016","Lamadrid"
53,0.660695283951946,0.4696183619432,0.812631856241327,NA,"sintetico_postestratificado",FALSE,0.343013494298127,"05","004","Arteaga"
54,0.673954631488281,0.492449372631234,0.832483468819891,4,"muestra_directa",TRUE,0.340034096188657,"05","002","Acuña"
55,0.679741233405545,0.469972313556697,0.857998348229264,NA,"sintetico_postestratificado",FALSE,0.388026034672567,"05","032","San Juan de Sabinas"
56,0.673596345190028,0.486628865843687,0.817609706126726,3,"muestra_directa",TRUE,0.330980840283039,"05","033","San Pedro"
57,0.654235339640508,0.463212069109557,0.826583903236883,NA,"sintetico_postestratificado",FALSE,0.363371834127326,"05","009","Francisco I. Madero"
58,0.658040564687294,0.432494336464072,0.830707932206906,NA,"sintetico_postestratificado",FALSE,0.398213595742833,"05","012","Guerrero"
59,0.667830321416865,0.473584658193715,0.821942988002021,NA,"sintetico_postestratificado",FALSE,0.348358329808306,"05","006","Castaños"
60,0.66930944247416,0.463822867974612,0.832486150139901,NA,"sintetico_postestratificado",FALSE,0.368663282165289,"05","003","Allende"
61,0.677269848422864,0.490563444627868,0.831158541715907,NA,"sintetico_postestratificado",FALSE,0.340595097088039,"05","023","Ocampo"
62,0.674680597936824,0.484831578639044,0.832057026260519,NA,"sintetico_postestratificado",FALSE,0.347225447621475,"05","008","Escobedo"
63,0.671550925242373,0.466474103538794,0.829423718253561,NA,"sintetico_postestratificado",FALSE,0.362949614714767,"05","022","Nava"
64,0.644314599079037,0.44412433255633,0.81747433898772,NA,"sintetico_postestratificado",FALSE,0.37335000643139,"05","019","Morelos"
65,0.642692783877761,0.453263041529127,0.810957550573929,NA,"sintetico_postestratificado",FALSE,0.357694509044801,"05","007","Cuatro Ciénegas"
66,0.639980332736774,0.462009798412196,0.804823114988287,NA,"sintetico_postestratificado",FALSE,0.342813316576091,"05","034","Sierra Mojada"
67,0.647582192700785,0.434075254350808,0.821116186375983,NA,"sintetico_postestratificado",FALSE,0.387040932025175,"05","037","Villa Unión"
68,0.650892083934059,0.456831950831322,0.814428474604612,NA,"sintetico_postestratificado",FALSE,0.357596523773289,"05","029","Sacramento"
69,0.641688951675357,0.449127470252474,0.813374610015678,NA,"sintetico_postestratificado",FALSE,0.364247139763204,"05","001","Abasolo"
70,0.618232966001473,0.426554113328667,0.798721741901867,2,"muestra_directa",TRUE,0.3721676285732,"05","038","Zaragoza"
71,0.632132855187398,0.42683286399965,0.800449732951134,NA,"sintetico_postestratificado",FALSE,0.373616868951484,"05","021","Nadadores"
72,0.609134325452227,0.42366156639483,0.788522291199013,NA,"sintetico_postestratificado",FALSE,0.364860724804184,"05","010","Frontera"
73,0.666684743143531,0.487887946568419,0.829395401604543,NA,"sintetico_postestratificado",FALSE,0.341507455036124,"05","011","General Cepeda"
74,0.670109971889254,0.485783652144139,0.834744277042163,NA,"sintetico_postestratificado",FALSE,0.348960624898024,"05","036","Viesca"
75,0.697754283779409,0.506280531329816,0.846605247310804,NA,"sintetico_postestratificado",FALSE,0.340324715980988,"06","006","Ixtlahuacán"
76,0.779981931105349,0.647998764504776,0.892056063231257,9,"muestra_directa",TRUE,0.244057298726481,"06","002","Colima"
77,0.701762359323897,0.530603292052306,0.841821993056342,2,"muestra_directa",TRUE,0.311218701004036,"06","005","Cuauhtémoc"
78,0.691053989965338,0.498972678471009,0.842926237283854,1,"muestra_directa",TRUE,0.343953558812845,"06","008","Minatitlán"
79,0.720587694917591,0.547631723644,0.874245755615357,2,"muestra_directa",TRUE,0.326614031971357,"06","001","Armería"
80,0.698730796590333,0.513260245259568,0.846146912194822,1,"muestra_directa",TRUE,0.332886666935254,"06","004","Coquimatlán"
81,0.721746975242893,0.574298876068402,0.847693840744835,12,"muestra_directa",FALSE,0.273394964676432,"06","010","Villa de Álvarez"
82,0.681484745481307,0.522162088256379,0.811975655092341,11,"muestra_directa",FALSE,0.289813566835963,"06","003","Comala"
83,0.724821159908378,0.585515454073221,0.834867248727519,23,"muestra_directa",FALSE,0.249351794654298,"06","007","Manzanillo"
84,0.756868757353237,0.624347773008263,0.866786491361287,15,"muestra_directa",FALSE,0.242438718353024,"06","009","Tecomán"
85,0.508855718212253,0.315101003349428,0.691099301816103,4,"muestra_directa",TRUE,0.375998298466675,"07","019","Comitán de Domínguez"
86,0.581664231477037,0.378421521114139,0.779681710359477,NA,"sintetico_postestratificado",FALSE,0.401260189245338,"07","090","Tapalapa"
87,0.584609565195364,0.377095571364273,0.760786365634124,1,"muestra_directa",TRUE,0.383690794269851,"07","020","La Concordia"
88,0.561350314682513,0.3638743833005,0.751911384598021,NA,"sintetico_postestratificado",FALSE,0.388037001297522,"07","021","Copainalá"
89,0.554229985438198,0.352303747985561,0.749504558516006,NA,"sintetico_postestratificado",FALSE,0.397200810530445,"07","079","San Fernando"
90,0.563444443504966,0.346321844888216,0.758633161146089,NA,"sintetico_postestratificado",FALSE,0.412311316257873,"07","109","Yajalón"
91,0.552504150552224,0.342394498090876,0.744631530733331,1,"muestra_directa",TRUE,0.402237032642455,"07","108","Villaflores"
92,0.600297696226178,0.40370478172889,0.76978588139241,2,"muestra_directa",TRUE,0.36608109966352,"07","107","Villa Corzo"
93,0.642325824429114,0.440846262169117,0.812426446977206,NA,"sintetico_postestratificado",FALSE,0.371580184808089,"07","106","Venustiano Carranza"
94,0.597650615329175,0.375300294494228,0.795135168987864,NA,"sintetico_postestratificado",FALSE,0.419834874493635,"07","104","Tzimol"
95,0.683311344956469,0.479153787078895,0.846778627234094,3,"muestra_directa",TRUE,0.367624840155199,"07","103","Tuzantán"
96,0.626190221138457,0.388864117544211,0.832711196846353,NA,"sintetico_postestratificado",FALSE,0.443847079302143,"07","102","Tuxtla Chico"
97,0.535332008551547,0.364355643912155,0.699405376041114,9,"muestra_directa",TRUE,0.335049732128958,"07","101","Tuxtla Gutiérrez"
98,0.620015762293971,0.415286151594395,0.795118945098862,NA,"sintetico_postestratificado",FALSE,0.379832793504467,"07","120","Capitán Luis Ángel Vidal"
99,0.610602243713308,0.396760688584711,0.788558482023809,NA,"sintetico_postestratificado",FALSE,0.391797793439097,"07","074","Reforma"
100,0.615083179796822,0.397806908806026,0.786572045799398,NA,"sintetico_postestratificado",FALSE,0.388765136993372,"07","075","Las Rosas"
101,0.597693815251078,0.3747624411674,0.802208123565774,1,"muestra_directa",TRUE,0.427445682398374,"07","057","Motozintla"
102,0.614534640172397,0.418228550366588,0.789604729217659,NA,"sintetico_postestratificado",FALSE,0.371376178851071,"07","007","Amatenango del Valle"
103,0.590874186375148,0.402267183540265,0.772341227217946,NA,"sintetico_postestratificado",FALSE,0.370074043677682,"07","111","Zinacantán"
104,0.60518251593675,0.377209809400615,0.807675087449406,NA,"sintetico_postestratificado",FALSE,0.430465278048791,"07","054","Mazatán"
105,0.549886165296691,0.338719215109206,0.751890767423332,1,"muestra_directa",TRUE,0.413171552314126,"07","076","Sabanilla"
106,0.555794959700667,0.3371174357863,0.743788096500624,NA,"sintetico_postestratificado",FALSE,0.406670660714325,"07","081","Simojovel"
107,0.56441702504935,0.352783585844098,0.747428897080317,NA,"sintetico_postestratificado",FALSE,0.394645311236219,"07","063","Osumacinta"
108,0.591933038592935,0.380884735152186,0.769447425880022,NA,"sintetico_postestratificado",FALSE,0.388562690727837,"07","110","San Lucas"
109,0.593459133550827,0.382149506635509,0.777189766366418,NA,"sintetico_postestratificado",FALSE,0.395040259730909,"07","051","Mapastepec"
110,0.597839473225205,0.377981511008778,0.798144808868346,NA,"sintetico_postestratificado",FALSE,0.420163297859569,"07","070","El Porvenir"
111,0.640547926900405,0.438301813671283,0.812557475979864,NA,"sintetico_postestratificado",FALSE,0.374255662308582,"07","112","San Juan Cancuc"
112,0.583044764220541,0.363493164041758,0.790064406591006,NA,"sintetico_postestratificado",FALSE,0.426571242549248,"07","050","La Libertad"
113,0.619888852922311,0.422907772437623,0.796576074593006,NA,"sintetico_postestratificado",FALSE,0.373668302155382,"07","022","Chalchihuitán"
114,0.615266034706075,0.400185841327571,0.803000452778394,NA,"sintetico_postestratificado",FALSE,0.402814611450823,"07","053","Mazapa de Madero"
115,0.62372891925459,0.392234074372041,0.793711457244722,NA,"sintetico_postestratificado",FALSE,0.40147738287268,"07","080","Siltepec"
116,0.62024292393446,0.422879215362111,0.795640179884401,NA,"sintetico_postestratificado",FALSE,0.37276096452229,"07","049","Larráinzar"
117,0.594423557877921,0.39644106139841,0.76364445711089,NA,"sintetico_postestratificado",FALSE,0.36720339571248,"07","065","Palenque"
118,0.5865799626016,0.366838864552421,0.76836866656166,NA,"sintetico_postestratificado",FALSE,0.401529802009239,"07","086","Suchiapa"
119,0.611469826436129,0.418917517577444,0.800098969426569,NA,"sintetico_postestratificado",FALSE,0.381181451849125,"07","062","Ostuacán"
120,0.61133727601998,0.40985635878135,0.779152711156865,NA,"sintetico_postestratificado",FALSE,0.369296352375515,"07","077","Salto de Agua"
121,0.572328608427501,0.347087431248349,0.775392194600682,NA,"sintetico_postestratificado",FALSE,0.428304763352333,"07","082","Sitalá"
122,0.608504324022715,0.407798208630137,0.790754846713288,NA,"sintetico_postestratificado",FALSE,0.382956638083151,"07","024","Chanal"
123,0.56114157392777,0.349022202635793,0.750689265701401,NA,"sintetico_postestratificado",FALSE,0.401667063065609,"07","121","Rincón Chamula San Pedro"
124,0.583444773791122,0.374575992261545,0.767877117440537,NA,"sintetico_postestratificado",FALSE,0.393301125178992,"07","042","Ixhuatán"
125,0.612824206463746,0.41657965559533,0.787581773117895,NA,"sintetico_postestratificado",FALSE,0.371002117522565,"07","025","Chapultenango"
126,0.55677745843674,0.349824911590505,0.752229745257791,NA,"sintetico_postestratificado",FALSE,0.402404833667285,"07","018","Coapilla"
127,0.540438855349189,0.342334710016791,0.717752017217947,3,"muestra_directa",TRUE,0.375417307201157,"07","052","Las Margaritas"
128,0.605234004179492,0.414583853887084,0.778879627156679,NA,"sintetico_postestratificado",FALSE,0.364295773269595,"07","026","Chenalhó"
129,0.573921570925178,0.361529480976844,0.76656351756697,NA,"sintetico_postestratificado",FALSE,0.405034036590126,"07","083","Socoltenango"
130,0.585415214831518,0.382464731643006,0.773919715234423,NA,"sintetico_postestratificado",FALSE,0.391454983591417,"07","084","Solosuchiapa"
131,0.622930426323696,0.405123726823531,0.808587500463369,2,"muestra_directa",TRUE,0.403463773639838,"07","089","Tapachula"
132,0.594898989886714,0.393470763909018,0.78847515105086,NA,"sintetico_postestratificado",FALSE,0.395004387141842,"07","068","Pichucalco"
133,0.587585465865707,0.401743043815213,0.763258978881243,3,"muestra_directa",TRUE,0.36151593506603,"07","027","Chiapa de Corzo"
134,0.597102086279397,0.415542234954246,0.773014704057599,NA,"sintetico_postestratificado",FALSE,0.357472469103352,"07","048","Juárez"
135,0.573057854164256,0.361873776949639,0.758743639569131,1,"muestra_directa",TRUE,0.396869862619493,"07","046","Jiquipilas"
136,0.594139613496995,0.32718783081273,0.827032110583064,NA,"sintetico_postestratificado",FALSE,0.499844279770334,"07","105","Unión Juárez"
137,0.59501796731661,0.395213527719643,0.76521220429174,NA,"sintetico_postestratificado",FALSE,0.369998676572097,"07","100","Tumbalá"
138,0.613617936221658,0.4104068636176,0.786054396304315,NA,"sintetico_postestratificado",FALSE,0.375647532686715,"07","045","Ixtapangajoya"
139,0.591814747628269,0.374100746488828,0.78838500335522,NA,"sintetico_postestratificado",FALSE,0.414284256866392,"07","114","Benemérito de las Américas"
140,0.582025228534656,0.364169907544877,0.777403927906058,NA,"sintetico_postestratificado",FALSE,0.413234020361181,"07","028","Chiapilla"
141,0.562120038759212,0.366345915567554,0.757786903484632,NA,"sintetico_postestratificado",FALSE,0.391440987917078,"07","029","Chicoasén"
142,0.55537432891357,0.32715334663515,0.768681995435664,NA,"sintetico_postestratificado",FALSE,0.441528648800514,"07","091","Tapilula"
143,0.558843241686547,0.348751768006466,0.775094378641559,NA,"sintetico_postestratificado",FALSE,0.426342610635092,"07","073","Rayón"
144,0.597878377792487,0.39551279167677,0.781850811985569,NA,"sintetico_postestratificado",FALSE,0.386338020308799,"07","030","Chicomuselo"
145,0.612354457196849,0.4181163884166,0.783486311366863,NA,"sintetico_postestratificado",FALSE,0.365369922950263,"07","044","Ixtapa"
146,0.578626704258436,0.375063189157553,0.76395607221844,NA,"sintetico_postestratificado",FALSE,0.388892883060887,"07","008","Ángel Albino Corzo"
147,0.593644282354156,0.392983250945468,0.771040550554951,NA,"sintetico_postestratificado",FALSE,0.378057299609483,"07","009","Arriaga"
148,0.595507324047779,0.426106663065822,0.759169425907642,6,"muestra_directa",TRUE,0.33306276284182,"07","031","Chilón"
149,0.575423299016004,0.342893075741587,0.769172998138865,NA,"sintetico_postestratificado",FALSE,0.426279922397278,"07","043","Ixtacomitán"
150,0.61414051418418,0.415787671318598,0.7840797559544,NA,"sintetico_postestratificado",FALSE,0.368292084635802,"07","017","Cintalapa de Figueroa"
151,0.600093468675884,0.374820965793824,0.803011540353658,NA,"sintetico_postestratificado",FALSE,0.428190574559834,"07","119","Santiago el Pinar"
152,0.595767834530736,0.36157665285376,0.794003895729606,NA,"sintetico_postestratificado",FALSE,0.432427242875846,"07","116","Marqués de Comillas"
153,0.644468562217762,0.438457835297578,0.817667983984615,NA,"sintetico_postestratificado",FALSE,0.379210148687037,"07","060","Ocotepec"
154,0.598651447778981,0.373967445413156,0.789213625996691,NA,"sintetico_postestratificado",FALSE,0.415246180583535,"07","058","Nicolás Ruíz"
155,0.601779883793568,0.372658907053494,0.792139439231497,NA,"sintetico_postestratificado",FALSE,0.419480532178002,"07","041","La Independencia"
156,0.635671567644478,0.441283390001983,0.808087940228346,3,"muestra_directa",TRUE,0.366804550226363,"07","040","Huixtla"
157,0.646255848454505,0.417644036323988,0.818575748272162,NA,"sintetico_postestratificado",FALSE,0.400931711948173,"07","056","Mitontic"
158,0.637511446227807,0.454587419958118,0.799251144286804,4,"muestra_directa",TRUE,0.344663724328687,"07","039","Huitiupán"
159,0.588686742937888,0.388787297440329,0.762246736395755,3,"muestra_directa",TRUE,0.373459438955426,"07","099","La Trinitaria"
160,0.582128075702297,0.388272515482242,0.768151715922517,NA,"sintetico_postestratificado",FALSE,0.379879200440275,"07","097","Tonalá"
161,0.610848901587128,0.412883300871545,0.779150721743062,NA,"sintetico_postestratificado",FALSE,0.366267420871516,"07","096","Tila"
162,0.602276538200434,0.395652980202594,0.776118932241031,NA,"sintetico_postestratificado",FALSE,0.380465952038437,"07","118","San Andrés Duraznal"
163,0.566958551729567,0.364790665754447,0.754793506380768,NA,"sintetico_postestratificado",FALSE,0.390002840626321,"07","122","El Parral"
164,0.555809491391217,0.35008215200076,0.757748567769028,NA,"sintetico_postestratificado",FALSE,0.407666415768269,"07","038","Huixtán"
165,0.558683434717698,0.339972564113539,0.756459896551855,NA,"sintetico_postestratificado",FALSE,0.416487332438315,"07","001","Acacoyagua"
166,0.596819792954007,0.372259680378589,0.799817149135482,NA,"sintetico_postestratificado",FALSE,0.427557468756893,"07","036","La Grandeza"
167,0.592253495019487,0.383952417178311,0.769702869775328,NA,"sintetico_postestratificado",FALSE,0.385750452597017,"07","002","Acala"
168,0.587498534399468,0.379114492616776,0.781761153702575,NA,"sintetico_postestratificado",FALSE,0.4026466610858,"07","003","Acapetahua"
169,0.638634708162335,0.43468540517469,0.815888086995083,NA,"sintetico_postestratificado",FALSE,0.381202681820392,"07","011","Bella Vista"
170,0.628543563640622,0.43584375830675,0.812437061085951,NA,"sintetico_postestratificado",FALSE,0.376593302779201,"07","012","Berriozábal"
171,0.635641296303095,0.428728404743543,0.816019168214747,NA,"sintetico_postestratificado",FALSE,0.387290763471203,"07","072","Pueblo Nuevo Solistahuacán"
172,0.654675254794646,0.435573662589391,0.842002753372448,NA,"sintetico_postestratificado",FALSE,0.406429090783057,"07","037","Huehuetán"
173,0.636912814108475,0.443250871653622,0.805557168989858,NA,"sintetico_postestratificado",FALSE,0.362306297336236,"07","023","Chamula"
174,0.575671052561295,0.354777985082964,0.773529420331257,NA,"sintetico_postestratificado",FALSE,0.418751435248293,"07","010","Bejucal de Ocampo"
175,0.567429293796527,0.347619794919968,0.763891355021529,NA,"sintetico_postestratificado",FALSE,0.416271560101561,"07","004","Altamirano"
176,0.560141475003207,0.345393699696996,0.745763249736257,NA,"sintetico_postestratificado",FALSE,0.400369550039261,"07","005","Amatán"
177,0.585374326831576,0.336813592200228,0.81005522097758,NA,"sintetico_postestratificado",FALSE,0.473241628777352,"07","035","Frontera Hidalgo"
178,0.601319788266141,0.381359305840466,0.78659696897618,NA,"sintetico_postestratificado",FALSE,0.405237663135714,"07","032","Escuintla"
179,0.614768074971721,0.401452245336566,0.795484202644392,1,"muestra_directa",TRUE,0.394031957307825,"07","013","Bochil"
180,0.583040933585583,0.389462545465048,0.754016083999542,NA,"sintetico_postestratificado",FALSE,0.364553538534494,"07","014","El Bosque"
181,0.598138741999245,0.386719695477905,0.796650012178259,NA,"sintetico_postestratificado",FALSE,0.409930316700354,"07","069","Pijijiapan"
182,0.632016165824972,0.44022790549182,0.801163980785504,5,"muestra_directa",TRUE,0.360936075293684,"07","094","Teopisca"
183,0.59390440482465,0.392042248068802,0.779254319053905,NA,"sintetico_postestratificado",FALSE,0.387212070985103,"07","092","Tecpatán"
184,0.683528005660125,0.472196348832829,0.865427867169022,NA,"sintetico_postestratificado",FALSE,0.393231518336192,"07","015","Cacahoatán"
185,0.612964129320873,0.39589881399285,0.80054071629367,NA,"sintetico_postestratificado",FALSE,0.40464190230082,"07","016","Catazajá"
186,0.611974297920752,0.414717684946916,0.785435117207571,NA,"sintetico_postestratificado",FALSE,0.370717432260655,"07","047","Jitotol"
187,0.59002564866962,0.367183093615368,0.785239956958477,NA,"sintetico_postestratificado",FALSE,0.418056863343109,"07","006","Amatenango de la Frontera"
188,0.640499651494531,0.448005823897268,0.803570039212958,2,"muestra_directa",TRUE,0.355564215315691,"07","078","San Cristóbal de las Casas"
189,0.563663200029993,0.356844989508432,0.76354127182886,NA,"sintetico_postestratificado",FALSE,0.406696282320428,"07","033","Francisco León"
190,0.566934044015968,0.346143886093199,0.778352290973519,NA,"sintetico_postestratificado",FALSE,0.43220840488032,"07","117","Montecristo de Guerrero"
191,0.556273801812848,0.342450687189198,0.748020421183988,NA,"sintetico_postestratificado",FALSE,0.40556973399479,"07","115","Maravilla Tenejapa"
192,0.62551507457571,0.412590037817131,0.811906186461072,NA,"sintetico_postestratificado",FALSE,0.399316148643941,"07","071","Villa Comaltitlán"
193,0.597551146550401,0.391599538707414,0.772880123944656,NA,"sintetico_postestratificado",FALSE,0.381280585237242,"07","066","Pantelhó"
194,0.585102474302685,0.356812907176706,0.764736221097038,NA,"sintetico_postestratificado",FALSE,0.407923313920332,"07","113","Aldama"
195,0.572985858761592,0.364644720522876,0.76590987509298,NA,"sintetico_postestratificado",FALSE,0.401265154570105,"07","098","Totolapa"
196,0.579139240969502,0.360778091965624,0.758646511101436,NA,"sintetico_postestratificado",FALSE,0.397868419135812,"07","093","Tenejapa"
197,0.574599951426706,0.349292840665521,0.769478165075596,NA,"sintetico_postestratificado",FALSE,0.420185324410075,"07","064","Oxchuc"
198,0.573119291411148,0.363748811077216,0.761566606748046,NA,"sintetico_postestratificado",FALSE,0.39781779567083,"07","059","Ocosingo"
199,0.552063929284027,0.3447686024136,0.728213295418305,1,"muestra_directa",TRUE,0.383444693004706,"07","061","Ocozocoautla de Espinosa"
200,0.616355714777941,0.403896533663865,0.805219176437246,NA,"sintetico_postestratificado",FALSE,0.401322642773381,"07","088","Sunuapa"
201,0.634902249891199,0.413528850363851,0.831549583472754,2,"muestra_directa",TRUE,0.418020733108903,"07","087","Suchiate"
202,0.545298877530013,0.343166358857322,0.737717745367594,NA,"sintetico_postestratificado",FALSE,0.394551386510272,"07","085","Soyaló"
203,0.582525474249767,0.374231056948693,0.768933353999833,NA,"sintetico_postestratificado",FALSE,0.39470229705114,"07","124","Mezcalapa"
204,0.560425359427133,0.344019028444231,0.749762380302799,NA,"sintetico_postestratificado",FALSE,0.405743351858568,"07","067","Pantepec"
206,0.629900519404116,0.378850352034577,0.842387430035646,NA,"sintetico_postestratificado",FALSE,0.463537078001069,"07","055","Metapa"
207,0.610707011299712,0.41343660363903,0.791329387724232,NA,"sintetico_postestratificado",FALSE,0.377892784085202,"07","123","Emiliano Zapata"
208,0.592348696916416,0.387512928869303,0.778663675836237,NA,"sintetico_postestratificado",FALSE,0.391150746966934,"07","034","Frontera Comalapa"
209,0.631052221774277,0.434662014540589,0.798117956047544,NA,"sintetico_postestratificado",FALSE,0.363455941506955,"08","067","Valle de Zaragoza"
210,0.644565831608604,0.456528356011564,0.812342492444877,NA,"sintetico_postestratificado",FALSE,0.355814136433312,"08","043","Matachí"
211,0.663159560703205,0.48447070597075,0.817056991018085,NA,"sintetico_postestratificado",FALSE,0.332586285047335,"08","058","San Francisco de Conchos"
212,0.642473757140002,0.462622278550112,0.809989913764835,NA,"sintetico_postestratificado",FALSE,0.347367635214723,"08","056","Rosario"
213,0.63311030869658,0.430118116209265,0.806622184411641,NA,"sintetico_postestratificado",FALSE,0.376504068202376,"08","054","Riva Palacio"
214,0.641522271050475,0.452338361512277,0.809435321097474,NA,"sintetico_postestratificado",FALSE,0.357096959585197,"08","018","Cusihuiriachi"
215,0.645280448655311,0.44719285176982,0.813062529366995,NA,"sintetico_postestratificado",FALSE,0.365869677597175,"08","007","Balleza"
216,0.613402829457063,0.417288396317027,0.784258549352654,NA,"sintetico_postestratificado",FALSE,0.366970153035628,"08","001","Ahumada"
217,0.611561424764807,0.400270170126942,0.784520646763369,NA,"sintetico_postestratificado",FALSE,0.384250476636427,"08","041","Maguarichi"
218,0.626040101965255,0.419626685444061,0.808465529499213,NA,"sintetico_postestratificado",FALSE,0.388838844055152,"08","057","San Francisco de Borja"
219,0.551263581710624,0.291060215326379,0.770808309839068,NA,"sintetico_postestratificado",FALSE,0.479748094512689,"08","053","Praxedis G. Guerrero"
220,0.536485849923799,0.313374883637979,0.734213611335279,NA,"sintetico_postestratificado",FALSE,0.4208387276973,"08","051","Ocampo"
221,0.597967537415402,0.424647084676244,0.750955340125553,11,"muestra_directa",FALSE,0.32630825544931,"08","050","Nuevo Casas Grandes"
222,0.622135370629742,0.437225019281078,0.791543165373958,1,"muestra_directa",TRUE,0.354318146092879,"08","031","Guerrero"
223,0.640301089785307,0.4528705793268,0.816413199142099,NA,"sintetico_postestratificado",FALSE,0.3635426198153,"08","055","Rosales"
224,0.626112130452346,0.421422617682565,0.811200495855531,2,"muestra_directa",TRUE,0.389777878172966,"08","025","Gómez Farías"
225,0.626489292035235,0.43248043165276,0.797024827779201,1,"muestra_directa",TRUE,0.364544396126441,"08","023","Galeana"
226,0.634549036390774,0.449370721172862,0.799106726700303,NA,"sintetico_postestratificado",FALSE,0.349736005527441,"08","022","Dr. Belisario Domínguez"
227,0.667865839330074,0.461276582163255,0.822649307708292,NA,"sintetico_postestratificado",FALSE,0.361372725545038,"08","014","Coronado"
228,0.653001663259653,0.460734472993599,0.810567280256242,NA,"sintetico_postestratificado",FALSE,0.349832807262643,"08","003","Allende"
229,0.599813883775949,0.432677250263743,0.75355517069712,14,"muestra_directa",FALSE,0.320877920433376,"08","021","Delicias"
230,0.651758759075665,0.462163627667793,0.815396528029011,NA,"sintetico_postestratificado",FALSE,0.353232900361218,"08","020","Chínipas"
231,0.652983967002738,0.452952845521555,0.8139916994659,3,"muestra_directa",TRUE,0.361038853944345,"08","017","Cuauhtémoc"
232,0.652365216157946,0.451206350192085,0.822803108272708,NA,"sintetico_postestratificado",FALSE,0.371596758080623,"08","016","La Cruz"
233,0.579602662042249,0.375113207747474,0.768011513735143,NA,"sintetico_postestratificado",FALSE,0.39289830598767,"08","015","Coyame del Sotol"
234,0.588237444227307,0.383439939216587,0.759667638272239,2,"muestra_directa",TRUE,0.376227699055652,"08","052","Ojinaga"
235,0.625737122821687,0.42245595580714,0.799490100697934,1,"muestra_directa",TRUE,0.377034144890793,"08","013","Casas Grandes"
236,0.614550315229797,0.414391327493122,0.78683595120568,NA,"sintetico_postestratificado",FALSE,0.372444623712558,"08","012","Carichí"
237,0.584235125778593,0.420890848493317,0.741453293860055,9,"muestra_directa",TRUE,0.320562445366737,"08","011","Camargo"
238,0.611067352556001,0.420834752463948,0.777784793497212,NA,"sintetico_postestratificado",FALSE,0.356950041033264,"08","010","Buenaventura"
239,0.567049532583165,0.353011879450163,0.768391959676023,NA,"sintetico_postestratificado",FALSE,0.41538008022586,"08","009","Bocoyna"
240,0.550895065390239,0.337586794576897,0.751455203755801,NA,"sintetico_postestratificado",FALSE,0.413868409178904,"08","008","Batopilas de Manuel Gómez Morín"
241,0.568788893343737,0.377990683232233,0.752173397155952,1,"muestra_directa",TRUE,0.37418271392372,"08","006","Bachíniva"
242,0.592449600173496,0.391447082381459,0.775698618097427,NA,"sintetico_postestratificado",FALSE,0.384251535715969,"08","004","Aquiles Serdán"
243,0.615241006945372,0.413963050635623,0.792278108987396,NA,"sintetico_postestratificado",FALSE,0.378315058351773,"08","005","Ascensión"
244,0.652275428435613,0.481965559302496,0.797917069409629,9,"muestra_directa",TRUE,0.315951510107134,"08","032","Hidalgo del Parral"
245,0.614816266059609,0.416751009602354,0.788575440563812,NA,"sintetico_postestratificado",FALSE,0.371824430961458,"08","042","Manuel Benavides"
246,0.612443000083945,0.410639902955782,0.800848726968037,NA,"sintetico_postestratificado",FALSE,0.390208824012255,"08","040","Madera"
247,0.609645246007393,0.394973852173249,0.789961647926743,NA,"sintetico_postestratificado",FALSE,0.394987795753494,"08","039","López"
248,0.603099306728593,0.397377984107056,0.784625485061389,NA,"sintetico_postestratificado",FALSE,0.387247500954332,"08","038","Julimes"
249,0.585433478415226,0.364418833063549,0.769613103214897,NA,"sintetico_postestratificado",FALSE,0.405194270151348,"08","035","Janos"
250,0.618001035495455,0.418109176915382,0.797850961150777,NA,"sintetico_postestratificado",FALSE,0.379741784235395,"08","034","Ignacio Zaragoza"
251,0.659454694111381,0.459250521312555,0.820261008243577,NA,"sintetico_postestratificado",FALSE,0.361010486931021,"08","033","Huejotitán"
252,0.642266587404007,0.458542597993765,0.818234887245052,NA,"sintetico_postestratificado",FALSE,0.359692289251287,"08","063","Temósachic"
253,0.645594325446499,0.453535540409071,0.80950525266966,NA,"sintetico_postestratificado",FALSE,0.355969712260589,"08","061","Satevó"
254,0.614385884449979,0.415612382994595,0.785347379576617,NA,"sintetico_postestratificado",FALSE,0.369734996582022,"08","062","Saucillo"
255,0.641059752138648,0.45344135177524,0.826714829724191,NA,"sintetico_postestratificado",FALSE,0.373273477948951,"08","030","Guazapares"
256,0.601185641135044,0.383038051601756,0.77855247960776,NA,"sintetico_postestratificado",FALSE,0.395514428006004,"08","028","Guadalupe"
257,0.616336941029336,0.405663448377661,0.785285749692798,NA,"sintetico_postestratificado",FALSE,0.379622301315137,"08","027","Guachochi"
258,0.540747573956946,0.334800841322515,0.742567706050502,NA,"sintetico_postestratificado",FALSE,0.407766864727987,"08","026","Gran Morelos"
259,0.685244868404067,0.569921015219786,0.795070797846831,34,"muestra_directa",FALSE,0.225149782627045,"08","019","Chihuahua"
260,0.607099473061529,0.417696917847053,0.777325742409099,3,"muestra_directa",TRUE,0.359628824562046,"08","064","El Tule"
261,0.606233858907762,0.41032425072759,0.795571046192126,NA,"sintetico_postestratificado",FALSE,0.385246795464536,"08","024","Santa Isabel"
262,0.572853060798177,0.44991917731834,0.697628485429833,48,"muestra_directa",FALSE,0.247709308111493,"08","037","Juárez"
263,0.630655842347896,0.423705905379661,0.803998747739973,NA,"sintetico_postestratificado",FALSE,0.380292842360313,"08","059","San Francisco del Oro"
264,0.662199413782672,0.467821750341901,0.81944168647929,NA,"sintetico_postestratificado",FALSE,0.35161993613739,"08","066","Uruachi"
265,0.674502037710477,0.470625140225268,0.838561428797172,NA,"sintetico_postestratificado",FALSE,0.367936288571905,"08","065","Urique"
266,0.645770419425625,0.43872557095819,0.809299588446934,NA,"sintetico_postestratificado",FALSE,0.370574017488744,"08","060","Santa Bárbara"
267,0.647047851909744,0.451665216904891,0.818151988515694,NA,"sintetico_postestratificado",FALSE,0.366486771610803,"08","044","Matamoros"
268,0.648702459726744,0.441197825100741,0.828121978876136,NA,"sintetico_postestratificado",FALSE,0.386924153775395,"08","045","Meoqui"
269,0.631284439930479,0.412314205071365,0.800344211740657,NA,"sintetico_postestratificado",FALSE,0.388030006669291,"08","046","Morelos"
270,0.617336126310635,0.422794648167683,0.797460680774197,NA,"sintetico_postestratificado",FALSE,0.374666032606514,"08","047","Moris"
271,0.61771000421379,0.423955288874329,0.783507891428353,NA,"sintetico_postestratificado",FALSE,0.359552602554023,"08","048","Namiquipa"
272,0.640916253561029,0.446179438562532,0.811217428202738,NA,"sintetico_postestratificado",FALSE,0.365037989640206,"08","029","Guadalupe y Calvo"
273,0.631710896599727,0.455262348659218,0.770863355147142,9,"muestra_directa",TRUE,0.315601006487925,"08","036","Jiménez"
274,0.594815526606293,0.374131159647586,0.773805285141505,NA,"sintetico_postestratificado",FALSE,0.399674125493919,"08","049","Nonoava"
275,0.583137999362666,0.40554567996658,0.737970534409054,8,"muestra_directa",TRUE,0.332424854442475,"08","002","Aldama"
276,0.691652249453919,0.55330834714967,0.805864240602884,19,"muestra_directa",FALSE,0.252555893453214,"09","012","Tlalpan"
277,0.76484215232417,0.607845890988736,0.875029300159424,10,"muestra_directa",FALSE,0.267183409170688,"09","009","Milpa Alta"
278,0.727615848865651,0.580126842958507,0.847434537757705,11,"muestra_directa",FALSE,0.267307694799198,"09","015","Cuauhtémoc"
279,0.716259586613466,0.633762281634586,0.79325720805397,90,"muestra_directa",FALSE,0.159494926419384,"09","007","Iztapalapa"
280,0.729156977227753,0.58149234108699,0.84180625972548,17,"muestra_directa",FALSE,0.26031391863849,"09","008","La Magdalena Contreras"
281,0.648041514190795,0.522157845686966,0.757418919949913,28,"muestra_directa",FALSE,0.235261074262947,"09","010","Álvaro Obregón"
282,0.701012552821792,0.540843719791192,0.835406122396963,9,"muestra_directa",TRUE,0.294562402605771,"09","003","Coyoacán"
283,0.687657285422095,0.524879039550221,0.826566207661066,8,"muestra_directa",TRUE,0.301687168110845,"09","016","Miguel Hidalgo"
284,0.690917734260171,0.518310877838371,0.83650893940329,3,"muestra_directa",TRUE,0.31819806156492,"09","004","Cuajimalpa de Morelos"
285,0.717808900391852,0.582554402645051,0.832337768527354,19,"muestra_directa",FALSE,0.249783365882303,"09","006","Iztacalco"
286,0.781773199921207,0.644896057213886,0.885899945331786,12,"muestra_directa",FALSE,0.241003888117901,"09","011","Tláhuac"
287,0.686665527743257,0.534304627029254,0.813367727578022,11,"muestra_directa",FALSE,0.279063100548768,"09","013","Xochimilco"
288,0.797804551689935,0.7044017189516,0.874090184637605,46,"muestra_directa",FALSE,0.169688465686006,"09","005","Gustavo A. Madero"
289,0.729696033250314,0.587590966254777,0.846893929815406,12,"muestra_directa",FALSE,0.259302963560629,"09","002","Azcapotzalco"
290,0.686765730702024,0.537780593173182,0.798623036031127,21,"muestra_directa",FALSE,0.260842442857945,"09","017","Venustiano Carranza"
291,0.722144800169203,0.571980348335547,0.85113091032581,4,"muestra_directa",TRUE,0.279150561990263,"09","014","Benito Juárez"
292,0.55285271899759,0.373360279022388,0.709304757181835,11,"muestra_directa",FALSE,0.335944478159447,"10","006","General Simón Bolívar"
293,0.621046530269177,0.454135749874318,0.770012700200966,11,"muestra_directa",FALSE,0.315876950326648,"10","008","Guadalupe Victoria"
294,0.628825624724812,0.420508781102106,0.80398976526925,NA,"sintetico_postestratificado",FALSE,0.383480984167144,"10","009","Guanaceví"
295,0.669074226747828,0.470638386023307,0.82846398540046,NA,"sintetico_postestratificado",FALSE,0.357825599377153,"10","010","Hidalgo"
296,0.673283807691187,0.472723589587727,0.836553055748258,NA,"sintetico_postestratificado",FALSE,0.363829466160532,"10","029","San Luis del Cordero"
297,0.668353570075326,0.476263316320455,0.826083381740514,NA,"sintetico_postestratificado",FALSE,0.349820065420059,"10","031","Santa Clara"
298,0.613799491241031,0.430338566701705,0.793656473333088,NA,"sintetico_postestratificado",FALSE,0.363317906631383,"10","011","Indé"
299,0.681969242871736,0.501627545096018,0.828881572958993,4,"muestra_directa",TRUE,0.327254027862976,"10","038","Vicente Guerrero"
300,0.632694025017823,0.436350462015298,0.78937030542676,NA,"sintetico_postestratificado",FALSE,0.353019843411462,"10","030","San Pedro del Gallo"
301,0.638037239331177,0.444598776739539,0.805877011332509,NA,"sintetico_postestratificado",FALSE,0.361278234592969,"10","023","Pueblo Nuevo"
302,0.610814881012777,0.392446118317831,0.794211169749659,NA,"sintetico_postestratificado",FALSE,0.401765051431828,"10","025","San Bernardo"
303,0.606001918497607,0.405735816667322,0.774481697518422,1,"muestra_directa",TRUE,0.3687458808511,"10","032","Santiago Papasquiaro"
304,0.620683793720141,0.425995118743948,0.787800167263133,NA,"sintetico_postestratificado",FALSE,0.361805048519185,"10","027","San Juan de Guadalupe"
305,0.644742360462716,0.502981661962975,0.773950552006856,24,"muestra_directa",FALSE,0.270968890043881,"10","007","Gómez Palacio"
306,0.605388055692867,0.418643554870523,0.779355798964826,NA,"sintetico_postestratificado",FALSE,0.360712244094303,"10","015","Nazas"
307,0.60238681953688,0.409538653028265,0.779874254176541,NA,"sintetico_postestratificado",FALSE,0.370335601148276,"10","035","Tepehuanes"
308,0.646205181456439,0.464656540335429,0.797426406370005,3,"muestra_directa",TRUE,0.332769866034576,"10","022","Poanas"
309,0.568366127953804,0.397307287136493,0.721575683889905,7,"muestra_directa",TRUE,0.324268396753412,"10","028","San Juan del Río"
310,0.613823314712744,0.421331796229956,0.778147256802322,NA,"sintetico_postestratificado",FALSE,0.356815460572366,"10","017","Ocampo"
311,0.585696950653426,0.377981087312159,0.769609818499748,NA,"sintetico_postestratificado",FALSE,0.391628731187589,"10","001","Canatlán"
312,0.733245951024197,0.625079012194693,0.825823298374993,51,"muestra_directa",FALSE,0.200744286180299,"10","005","Durango"
313,0.610807369409513,0.388642810187965,0.799568267929852,NA,"sintetico_postestratificado",FALSE,0.410925457741887,"10","037","Topia"
314,0.643850163034204,0.479349089890753,0.789727349778628,6,"muestra_directa",TRUE,0.310378259887874,"10","033","Súchil"
315,0.629370131121221,0.446008822109263,0.790332294750254,NA,"sintetico_postestratificado",FALSE,0.344323472640991,"10","036","Tlahualilo"
316,0.618723070281848,0.474498045493306,0.751502079839487,26,"muestra_directa",FALSE,0.277004034346181,"10","012","Lerdo"
317,0.64429829184865,0.433927857259631,0.808699583890015,NA,"sintetico_postestratificado",FALSE,0.374771726630383,"10","014","Mezquital"
318,0.631530774555254,0.45480286701047,0.799101041374738,NA,"sintetico_postestratificado",FALSE,0.344298174364268,"10","026","San Dimas"
319,0.649082750196218,0.461452492446378,0.812541612966854,NA,"sintetico_postestratificado",FALSE,0.351089120520476,"10","019","Otáez"
320,0.631957949275365,0.437201676711851,0.803451988015596,NA,"sintetico_postestratificado",FALSE,0.366250311303745,"10","034","Tamazula"
321,0.643435370587407,0.474468646400012,0.794875629784916,3,"muestra_directa",TRUE,0.320406983384904,"10","013","Mapimí"
322,0.654393403624877,0.482568421033438,0.79850981836674,8,"muestra_directa",TRUE,0.315941397333302,"10","016","Nombre de Dios"
323,0.609701750149382,0.421327565192806,0.786402890762805,NA,"sintetico_postestratificado",FALSE,0.365075325569999,"10","018","El Oro"
324,0.618932284464493,0.408915549590368,0.794388951793628,NA,"sintetico_postestratificado",FALSE,0.385473402203261,"10","020","Pánuco de Coronado"
325,0.633413062946692,0.421980942962652,0.811445563206615,NA,"sintetico_postestratificado",FALSE,0.389464620243963,"10","002","Canelas"
326,0.687204055864703,0.509307012604679,0.835598079360403,3,"muestra_directa",TRUE,0.326291066755724,"10","039","Nuevo Ideal"
327,0.628311338964702,0.433880094720515,0.7935949131679,1,"muestra_directa",TRUE,0.359714818447385,"10","021","Peñón Blanco"
328,0.628375634476617,0.433438642439782,0.80288773084984,NA,"sintetico_postestratificado",FALSE,0.369449088410058,"10","003","Coneto de Comonfort"
329,0.654869947776,0.456483914458527,0.820166266996493,NA,"sintetico_postestratificado",FALSE,0.363682352537967,"10","024","Rodeo"
330,0.66001771350832,0.467488807495921,0.822241588868806,NA,"sintetico_postestratificado",FALSE,0.354752781372884,"10","004","Cuencamé"
331,0.660436734877078,0.493611114606769,0.79594450675327,7,"muestra_directa",TRUE,0.302333392146501,"11","019","Jerécuaro"
332,0.71414023072738,0.629999382841802,0.791783644666664,110,"muestra_directa",FALSE,0.161784261824862,"11","020","León"
333,0.649123561584831,0.448685893389939,0.812276205861691,NA,"sintetico_postestratificado",FALSE,0.363590312471752,"11","021","Moroleón"
334,0.537418184443362,0.363710850098648,0.689424134664513,12,"muestra_directa",FALSE,0.325713284565865,"11","023","Pénjamo"
335,0.642022918206289,0.437417083849957,0.811396674541024,NA,"sintetico_postestratificado",FALSE,0.373979590691067,"11","038","Tarandacuao"
336,0.645499385142509,0.492568473304048,0.779147432232529,9,"muestra_directa",TRUE,0.286578958928481,"11","039","Tarimoro"
337,0.663884142152695,0.471959165451223,0.815254263295567,NA,"sintetico_postestratificado",FALSE,0.343295097844344,"11","040","Tierra Blanca"
338,0.675115367206379,0.503361048847856,0.818164628323934,6,"muestra_directa",TRUE,0.314803579476078,"11","041","Uriangato"
339,0.656002779756161,0.49464042047852,0.794531616986226,8,"muestra_directa",TRUE,0.299891196507706,"11","002","Acámbaro"
340,0.677810583598492,0.494027831509046,0.831713579330794,2,"muestra_directa",TRUE,0.337685747821748,"11","012","Cuerámaro"
341,0.661705777120925,0.487690191131369,0.814171932822894,6,"muestra_directa",TRUE,0.326481741691525,"11","013","Doctor Mora"
342,0.725751661462001,0.5994276947858,0.840592600083705,14,"muestra_directa",FALSE,0.241164905297904,"11","014","Dolores Hidalgo Cuna de la Independencia Nacional"
343,0.741189515893063,0.60103531105023,0.87029913250618,9,"muestra_directa",TRUE,0.26926382145595,"11","022","Ocampo"
344,0.649326649046954,0.472501725060203,0.808111034182033,NA,"sintetico_postestratificado",FALSE,0.335609309121829,"11","024","Pueblo Nuevo"
345,0.70417947319522,0.559119526279883,0.831268057853629,11,"muestra_directa",FALSE,0.272148531573746,"11","030","San Felipe"
346,0.644540575112791,0.445466731092465,0.807681346092871,NA,"sintetico_postestratificado",FALSE,0.362214615000406,"11","036","Santiago Maravatío"
347,0.733314446324448,0.615162104813098,0.823309797766725,33,"muestra_directa",FALSE,0.208147692953626,"11","007","Celaya"
348,0.592602478627925,0.421289356032379,0.748555170208933,10,"muestra_directa",FALSE,0.327265814176554,"11","027","Salamanca"
349,0.650850194466007,0.455206488035826,0.815325595012461,2,"muestra_directa",TRUE,0.360119106976635,"11","035","Santa Cruz de Juventino Rosas"
350,0.685332760859665,0.50339787001251,0.835387676798423,2,"muestra_directa",TRUE,0.331989806785913,"11","011","Cortazar"
351,0.667231393119943,0.484660952921916,0.813796706766773,5,"muestra_directa",TRUE,0.329135753844857,"11","031","San Francisco del Rincón"
352,0.691642212331393,0.541772438567553,0.826939320833805,7,"muestra_directa",TRUE,0.285166882266251,"11","025","Purísima del Rincón"
353,0.665559911747249,0.48136574535106,0.816617797348716,2,"muestra_directa",TRUE,0.335252051997656,"11","026","Romita"
354,0.697609216965792,0.534860267124892,0.830144400563866,4,"muestra_directa",TRUE,0.295284133438974,"11","028","Salvatierra"
355,0.689955024335404,0.515086889240515,0.835488051987297,2,"muestra_directa",TRUE,0.320401162746781,"11","029","San Diego de la Unión"
356,0.625997242933565,0.457805884972989,0.774657804807386,4,"muestra_directa",TRUE,0.316851919834396,"11","032","San José Iturbide"
357,0.690934434860591,0.517478949769207,0.823984958458086,4,"muestra_directa",TRUE,0.306506008688879,"11","033","San Luis de la Paz"
358,0.667747722149011,0.480333976801168,0.830986174269592,NA,"sintetico_postestratificado",FALSE,0.350652197468425,"11","034","Santa Catarina"
359,0.610772985657546,0.448655973534628,0.748300669613231,14,"muestra_directa",FALSE,0.299644696078603,"11","037","Silao de la Victoria"
360,0.704516092272429,0.555323387352701,0.82940404408097,13,"muestra_directa",FALSE,0.274080656728269,"11","042","Valle de Santiago"
361,0.626949042324125,0.423535059491468,0.785129072757412,1,"muestra_directa",TRUE,0.361594013265944,"11","043","Victoria"
362,0.634474174694704,0.429307164701257,0.802958746647863,NA,"sintetico_postestratificado",FALSE,0.373651581946606,"11","045","Xichú"
363,0.677291591143834,0.506724315014085,0.81179121075456,7,"muestra_directa",TRUE,0.305066895740474,"11","044","Villagrán"
364,0.626069201662703,0.427328189676652,0.782623847084234,3,"muestra_directa",TRUE,0.355295657407582,"11","046","Yuriria"
365,0.603081793955556,0.424888413955641,0.763247428333652,4,"muestra_directa",TRUE,0.338359014378011,"11","001","Abasolo"
366,0.57904364680363,0.39194235684472,0.738723996230839,7,"muestra_directa",TRUE,0.346781639386118,"11","003","San Miguel de Allende"
367,0.667437162545192,0.515314095871131,0.798571872874871,10,"muestra_directa",FALSE,0.283257777003741,"11","004","Apaseo el Alto"
368,0.665254079872105,0.502370222033209,0.792838462584061,13,"muestra_directa",FALSE,0.290468240550852,"11","005","Apaseo el Grande"
369,0.651976473548274,0.451627371809969,0.821936036857026,NA,"sintetico_postestratificado",FALSE,0.370308665047057,"11","006","Atarjea"
370,0.68182678191365,0.498013027284064,0.821887316442868,1,"muestra_directa",TRUE,0.323874289158805,"11","008","Manuel Doblado"
371,0.705311839553735,0.544737186789477,0.844421613653776,6,"muestra_directa",TRUE,0.299684426864299,"11","009","Comonfort"
372,0.662243824940987,0.465591483121544,0.816143547925508,NA,"sintetico_postestratificado",FALSE,0.350552064803964,"11","010","Coroneo"
373,0.732725002845763,0.600812381328097,0.833968023777367,18,"muestra_directa",FALSE,0.23315564244927,"11","015","Guanajuato"
374,0.688873398622915,0.504190911707968,0.827934812534166,6,"muestra_directa",TRUE,0.323743900826198,"11","016","Huanímaro"
375,0.666212159538227,0.538810656221236,0.778700731963048,32,"muestra_directa",FALSE,0.239890075741812,"11","017","Irapuato"
376,0.594017475570884,0.412580823310631,0.741593259027455,8,"muestra_directa",TRUE,0.329012435716824,"11","018","Jaral del Progreso"
377,0.660531428520428,0.468095036112467,0.820716357512533,NA,"sintetico_postestratificado",FALSE,0.352621321400066,"12","033","Huamuxtitlán"
378,0.636176190326652,0.443042121311024,0.811191520284944,1,"muestra_directa",TRUE,0.368149398973919,"12","031","General Canuto A. Neri"
381,0.584589507054428,0.363025778627383,0.771149943107099,NA,"sintetico_postestratificado",FALSE,0.408124164479716,"12","073","Zirándaro"
382,0.624091490807092,0.437432309184019,0.782505696882679,NA,"sintetico_postestratificado",FALSE,0.34507338769866,"12","065","Tlalixtaquilla de Maldonado"
383,0.565494455977153,0.349102227884073,0.763945505898484,NA,"sintetico_postestratificado",FALSE,0.414843278014411,"12","047","Pedro Ascencio Alquisiras"
384,0.582697103361287,0.378088476430275,0.757791202559186,NA,"sintetico_postestratificado",FALSE,0.37970272612891,"12","054","San Miguel Totolapan"
385,0.632070990210288,0.445877567878095,0.8045760851362,1,"muestra_directa",TRUE,0.358698517258105,"12","053","San Marcos"
386,0.642203941452707,0.446384989045838,0.807995152449024,NA,"sintetico_postestratificado",FALSE,0.361610163403186,"12","066","Tlapa de Comonfort"
387,0.63919310254142,0.42971839772971,0.807136981209292,NA,"sintetico_postestratificado",FALSE,0.377418583479582,"12","048","Petatlán"
388,0.558918778943448,0.37567755730122,0.727013066866252,5,"muestra_directa",TRUE,0.351335509565032,"12","007","Arcelia"
389,0.637885409805019,0.439946927804871,0.797440868596151,4,"muestra_directa",TRUE,0.357493940791279,"12","012","Ayutla de los Libres"
390,0.657756491853251,0.465586454520672,0.807450006856525,NA,"sintetico_postestratificado",FALSE,0.341863552335853,"12","006","Apaxtla"
391,0.638622556468376,0.447621285853197,0.803692399756038,NA,"sintetico_postestratificado",FALSE,0.356071113902841,"12","010","Atlixtac"
392,0.677204950985316,0.490213210131046,0.833722763346659,2,"muestra_directa",TRUE,0.343509553215612,"12","011","Atoyac de Álvarez"
393,0.70516142048916,0.536785358826394,0.840581879948064,6,"muestra_directa",TRUE,0.30379652112167,"12","032","General Heliodoro Castillo"
394,0.667804766415293,0.479565324215827,0.832025128113318,NA,"sintetico_postestratificado",FALSE,0.352459803897491,"12","028","Chilapa de Álvarez"
395,0.564347206386164,0.377342417704425,0.726985923488333,5,"muestra_directa",TRUE,0.349643505783907,"12","029","Chilpancingo de los Bravo"
396,0.656129556052175,0.467625651619891,0.815634941639273,NA,"sintetico_postestratificado",FALSE,0.348009290019382,"12","004","Alcozauca de Guerrero"
397,0.61773244029252,0.393605077252173,0.806919467050074,NA,"sintetico_postestratificado",FALSE,0.413314389797901,"12","068","La Unión de Isidoro Montes de Oca"
398,0.552957469596153,0.362715038737936,0.731445985915645,6,"muestra_directa",TRUE,0.368730947177709,"12","039","Juan R. Escudero"
399,0.668738344866903,0.494591435760906,0.814522981425451,7,"muestra_directa",TRUE,0.319931545664546,"12","038","Zihuatanejo de Azueta"
400,0.647884556068116,0.458255292685715,0.813326359329419,NA,"sintetico_postestratificado",FALSE,0.355071066643704,"12","043","Metlatónoc"
401,0.643349340501772,0.419302378978339,0.827402913546218,NA,"sintetico_postestratificado",FALSE,0.40810053456788,"12","030","Florencio Villarreal"
402,0.624501396770302,0.426375928256614,0.793441494677053,NA,"sintetico_postestratificado",FALSE,0.367065566420439,"12","064","Tlalchapa"
403,0.630583482253623,0.431425138882546,0.808871664330553,NA,"sintetico_postestratificado",FALSE,0.377446525448007,"12","067","Tlapehuala"
404,0.572582323009794,0.409733711323931,0.724590489406473,15,"muestra_directa",FALSE,0.314856778082541,"12","001","Acapulco de Juárez"
405,0.657980150855212,0.476698171962383,0.81976489620951,NA,"sintetico_postestratificado",FALSE,0.343066724247127,"12","019","Copalillo"
406,0.676056528973485,0.47281390058584,0.828168696607304,NA,"sintetico_postestratificado",FALSE,0.355354796021465,"12","045","Olinalá"
407,0.658342762590621,0.469548521724069,0.81185830641391,NA,"sintetico_postestratificado",FALSE,0.342309784689841,"12","008","Atenango del Río"
408,0.589881864223009,0.370570113956748,0.783286096808967,NA,"sintetico_postestratificado",FALSE,0.412715982852219,"12","009","Atlamajalcingo del Monte"
409,0.584063416765855,0.358843864840972,0.76350922636815,NA,"sintetico_postestratificado",FALSE,0.404665361527178,"12","046","Ometepec"
410,0.613893612716434,0.41437108962152,0.794579942538288,NA,"sintetico_postestratificado",FALSE,0.380208852916768,"12","036","Igualapa"
411,0.627133683251497,0.450318300684418,0.795392804015583,NA,"sintetico_postestratificado",FALSE,0.345074503331166,"12","044","Mochitlán"
412,0.661326287352173,0.487084048237618,0.818836950874043,4,"muestra_directa",TRUE,0.331752902636425,"12","042","Mártir de Cuilapan"
413,0.610837393668422,0.420293381322514,0.793266490430044,NA,"sintetico_postestratificado",FALSE,0.37297310910753,"12","040","Leonardo Bravo"
414,0.592792825579185,0.388149736193803,0.770534852515264,NA,"sintetico_postestratificado",FALSE,0.382385116321461,"12","076","Acatepec"
415,0.647333238345994,0.486063928934309,0.811407873644211,4,"muestra_directa",TRUE,0.325343944709901,"12","075","Eduardo Neri"
416,0.616277985199663,0.424989111659111,0.783620871119573,NA,"sintetico_postestratificado",FALSE,0.358631759460462,"12","074","Zitlala"
417,0.598351787046866,0.388093267413004,0.782461264330542,NA,"sintetico_postestratificado",FALSE,0.394367996917537,"12","072","Zapotitlán Tablas"
418,0.607481977656604,0.397926330724989,0.78459443448604,NA,"sintetico_postestratificado",FALSE,0.386668103761052,"12","071","Xochistlahuaca"
419,0.620154414151947,0.430914535904287,0.791215878466597,NA,"sintetico_postestratificado",FALSE,0.36030134256231,"12","070","Xochihuehuetlán"
420,0.611373294360204,0.40038638988107,0.789083052463817,NA,"sintetico_postestratificado",FALSE,0.388696662582747,"12","069","Xalpatláhuac"
421,0.620574192365471,0.426799416629983,0.792702356394187,NA,"sintetico_postestratificado",FALSE,0.365902939764204,"12","052","San Luis Acatlán"
422,0.606014718863832,0.408879266896335,0.790842320460522,NA,"sintetico_postestratificado",FALSE,0.381963053564187,"12","041","Malinaltepec"
423,0.603227595417713,0.415282232435385,0.780331049241979,1,"muestra_directa",TRUE,0.365048816806593,"12","062","Tlacoachistlahuaca"
424,0.624774014104625,0.426383199478622,0.79759163849749,NA,"sintetico_postestratificado",FALSE,0.371208439018868,"12","023","Cuajinicuilapa"
425,0.631529243691978,0.421927573927507,0.802611138284221,NA,"sintetico_postestratificado",FALSE,0.380683564356714,"12","013","Azoyú"
426,0.648291646013822,0.455678750575421,0.815733129905205,NA,"sintetico_postestratificado",FALSE,0.360054379329784,"12","024","Cualác"
427,0.636351602276041,0.473901871205484,0.776340527926269,9,"muestra_directa",TRUE,0.302438656720784,"12","027","Cutzamala de Pinzón"
428,0.657661353513144,0.468002031538469,0.822720655801716,NA,"sintetico_postestratificado",FALSE,0.354718624263247,"12","037","Ixcateopan de Cuauhtémoc"
429,0.59587695500354,0.396155730563531,0.773162890099851,NA,"sintetico_postestratificado",FALSE,0.37700715953632,"12","055","Taxco de Alarcón"
430,0.58977886372285,0.374326854276946,0.777728721133625,NA,"sintetico_postestratificado",FALSE,0.403401866856679,"12","025","Cuautepec"
431,0.626419295752625,0.437007112600989,0.799262295439221,NA,"sintetico_postestratificado",FALSE,0.362255182838232,"12","026","Cuetzala del Progreso"
432,0.636172137126115,0.434960629971809,0.796732257403058,NA,"sintetico_postestratificado",FALSE,0.361771627431249,"12","059","Tepecoacuilco de Trujano"
433,0.599549642945213,0.389360606589389,0.784470841105144,NA,"sintetico_postestratificado",FALSE,0.395110234515755,"12","077","Marquelia"
434,0.632291044960342,0.424574113370212,0.813416292520985,NA,"sintetico_postestratificado",FALSE,0.388842179150773,"12","078","Cochoapa el Grande"
435,0.697889335352675,0.528760275639939,0.836429194720283,5,"muestra_directa",TRUE,0.307668919080344,"12","061","Tixtla de Guerrero"
436,0.659724960186845,0.461911445601251,0.825715968000338,NA,"sintetico_postestratificado",FALSE,0.363804522399088,"12","018","Copala"
437,0.606408322315051,0.404275636648983,0.774954496792071,1,"muestra_directa",TRUE,0.370678860143088,"12","056","Tecoanapa"
438,0.616067602160937,0.417055185795036,0.785368368975237,NA,"sintetico_postestratificado",FALSE,0.368313183180202,"12","003","Ajuchitlán del Progreso"
439,0.621979439656468,0.437578287370023,0.785730534760515,NA,"sintetico_postestratificado",FALSE,0.348152247390493,"12","002","Ahuacuotzingo"
440,0.613796098805643,0.429929582729319,0.779469005117009,7,"muestra_directa",TRUE,0.34953942238769,"12","035","Iguala de la Independencia"
441,0.639552253127273,0.439843103231273,0.810402871430893,NA,"sintetico_postestratificado",FALSE,0.37055976819962,"12","016","Coahuayutla de José María Izazaga"
442,0.67639496571165,0.481649140535606,0.837236251259423,NA,"sintetico_postestratificado",FALSE,0.355587110723817,"12","017","Cocula"
443,0.622013790417152,0.413901618684035,0.79108664367787,NA,"sintetico_postestratificado",FALSE,0.377185024993835,"12","020","Copanatoyac"
444,0.64506740017265,0.447099878799112,0.816143074992147,NA,"sintetico_postestratificado",FALSE,0.369043196193035,"12","057","Técpan de Galeana"
445,0.642072369565129,0.44470503313316,0.814216595302066,NA,"sintetico_postestratificado",FALSE,0.369511562168906,"12","021","Coyuca de Benítez"
446,0.667798470194175,0.468939893657385,0.817881801450237,NA,"sintetico_postestratificado",FALSE,0.348941907792852,"12","022","Coyuca de Catalán"
447,0.618379483407604,0.410551034827548,0.800740334951096,NA,"sintetico_postestratificado",FALSE,0.390189300123548,"12","060","Tetipac"
448,0.623376064053244,0.424976148526615,0.798942706905665,NA,"sintetico_postestratificado",FALSE,0.373966558379051,"12","063","Tlacoapa"
449,0.612464842387901,0.410718589370975,0.780846373955155,NA,"sintetico_postestratificado",FALSE,0.370127784584181,"12","058","Teloloapan"
450,0.536020174696078,0.336289068405171,0.721525121482801,3,"muestra_directa",TRUE,0.38523605307763,"12","051","Quechultenango"
451,0.611340219699349,0.39519170477462,0.77599220057723,NA,"sintetico_postestratificado",FALSE,0.38080049580261,"12","050","Pungarabato"
452,0.575912060835483,0.364390320881191,0.760739319485279,NA,"sintetico_postestratificado",FALSE,0.396348998604087,"12","081","Iliatenco"
453,0.592339102830252,0.390992802787625,0.771154499900449,NA,"sintetico_postestratificado",FALSE,0.380161697112824,"12","080","Juchitán"
454,0.589524400490445,0.394715915720095,0.766597067153935,NA,"sintetico_postestratificado",FALSE,0.37188115143384,"12","005","Alpoyeca"
455,0.587921255635993,0.380011657060791,0.767742681869887,6,"muestra_directa",TRUE,0.387731024809096,"12","014","Benito Juárez"
456,0.601877669562974,0.397444782881289,0.766462999977608,NA,"sintetico_postestratificado",FALSE,0.36901821709632,"12","015","Buenavista de Cuéllar"
457,0.586434182994793,0.366469603886041,0.768298205718152,NA,"sintetico_postestratificado",FALSE,0.401828601832111,"12","049","Pilcaya"
458,0.630554261167793,0.413640211928543,0.81003854610239,NA,"sintetico_postestratificado",FALSE,0.396398334173847,"12","079","José Joaquín de Herrera"
459,0.627648124001114,0.436710228270774,0.793483303977907,NA,"sintetico_postestratificado",FALSE,0.356773075707133,"12","034","Huitzuco de los Figueroa"
462,0.661936694655578,0.476551049489796,0.818688837623112,NA,"sintetico_postestratificado",FALSE,0.342137788133316,"13","004","Agua Blanca de Iturbide"
463,0.550961041928802,0.357363028016936,0.715133658667228,6,"muestra_directa",TRUE,0.357770630650293,"13","010","Atitalaquia"
464,0.622276673391029,0.420906368064422,0.789007689695437,NA,"sintetico_postestratificado",FALSE,0.368101321631015,"13","081","Zacualtipán de Ángeles"
465,0.596655356975092,0.392086590694404,0.778458112512247,NA,"sintetico_postestratificado",FALSE,0.386371521817843,"13","034","Lolotla"
466,0.601698854567685,0.412301560426717,0.781515658153405,2,"muestra_directa",TRUE,0.369214097726688,"13","080","Yahualica"
467,0.609696201731851,0.42160829376639,0.781484146153402,NA,"sintetico_postestratificado",FALSE,0.359875852387012,"13","079","Xochicoatlán"
468,0.600864080192396,0.421528127927259,0.769620731146145,1,"muestra_directa",TRUE,0.348092603218886,"13","041","Mixquiahuala de Juárez"
469,0.630222255068981,0.401530958789071,0.812881367396615,NA,"sintetico_postestratificado",FALSE,0.411350408607544,"13","032","Jaltocán"
470,0.61681867032763,0.423973359423615,0.784866096084964,NA,"sintetico_postestratificado",FALSE,0.360892736661349,"13","019","Chilcuautla"
471,0.672047008414801,0.485092838388425,0.829513954995344,NA,"sintetico_postestratificado",FALSE,0.344421116606919,"13","082","Zapotlán de Juárez"
472,0.616283475562925,0.395833647693354,0.790954071241068,NA,"sintetico_postestratificado",FALSE,0.395120423547714,"13","050","Progreso de Obregón"
473,0.640894118298669,0.442524216072846,0.798069449031525,NA,"sintetico_postestratificado",FALSE,0.355545232958679,"13","083","Zempoala"
474,0.631559291765684,0.438438388006629,0.795948539389,4,"muestra_directa",TRUE,0.35751015138237,"13","018","Chapulhuacán"
475,0.634227371628616,0.458836112409652,0.795555727068175,2,"muestra_directa",TRUE,0.336719614658523,"13","035","Metepec"
476,0.635089986568071,0.448527065706795,0.810548396465479,NA,"sintetico_postestratificado",FALSE,0.362021330758685,"13","036","San Agustín Metzquititlán"
477,0.585293905922653,0.422158204476537,0.733639414117829,11,"muestra_directa",FALSE,0.311481209641292,"13","037","Metztitlán"
478,0.633516015520931,0.433901136475066,0.80378141990318,NA,"sintetico_postestratificado",FALSE,0.369880283428114,"13","020","Eloxochitlán"
479,0.653311968688988,0.458255697652587,0.818771253286068,NA,"sintetico_postestratificado",FALSE,0.360515555633481,"13","022","Epazoyucan"
480,0.648074596336619,0.428428869668525,0.817063664043287,NA,"sintetico_postestratificado",FALSE,0.388634794374762,"13","023","Francisco I. Madero"
481,0.653783066295277,0.47409152980836,0.814203276418012,NA,"sintetico_postestratificado",FALSE,0.340111746609651,"13","052","San Agustín Tlaxiaca"
482,0.678961033867554,0.48500332677231,0.831914845051546,3,"muestra_directa",TRUE,0.346911518279236,"13","024","Huasca de Ocampo"
483,0.672750535905852,0.458331781194096,0.836782969751356,NA,"sintetico_postestratificado",FALSE,0.37845118855726,"13","009","El Arenal"
484,0.673472219072423,0.485526076455501,0.828260746554755,NA,"sintetico_postestratificado",FALSE,0.342734670099254,"13","038","Mineral del Chico"
485,0.66620969595519,0.484777808188456,0.825050254712476,NA,"sintetico_postestratificado",FALSE,0.34027244652402,"13","071","Tlahuiltepa"
486,0.649388711961022,0.444123709878049,0.812407601883275,NA,"sintetico_postestratificado",FALSE,0.368283892005226,"13","064","Tepetitlán"
487,0.650706261366099,0.461072606838379,0.814552108870686,NA,"sintetico_postestratificado",FALSE,0.353479502032308,"13","053","San Bartolo Tutotepec"
488,0.60153607375081,0.411434149881399,0.76715348270448,3,"muestra_directa",TRUE,0.355719332823081,"13","008","Apan"
489,0.629646449388404,0.421719519058107,0.797653189485205,NA,"sintetico_postestratificado",FALSE,0.375933670427098,"13","007","Almoloya"
490,0.612936494675899,0.403623636749481,0.787101820164448,NA,"sintetico_postestratificado",FALSE,0.383478183414967,"13","068","Tianguistengo"
491,0.633583618559891,0.442142664330328,0.783130592915921,4,"muestra_directa",TRUE,0.340987928585594,"13","069","Tizayuca"
492,0.594785615709722,0.420452174723549,0.744575548994545,10,"muestra_directa",FALSE,0.324123374270996,"13","076","Tula de Allende"
493,0.636804896372347,0.458362312916797,0.809258597115238,NA,"sintetico_postestratificado",FALSE,0.350896284198441,"13","078","Xochiatipan"
494,0.631286881208148,0.432056626596477,0.803463186642563,NA,"sintetico_postestratificado",FALSE,0.371406560046086,"13","074","Tlaxcoapan"
495,0.625897616155159,0.440671856128893,0.791653005876461,6,"muestra_directa",TRUE,0.350981149747568,"13","051","Mineral de la Reforma"
496,0.608451209360596,0.423826024902878,0.788264745241231,NA,"sintetico_postestratificado",FALSE,0.364438720338353,"13","030","Ixmiquilpan"
497,0.618137727091373,0.425949764740679,0.78912980973958,NA,"sintetico_postestratificado",FALSE,0.3631800449989,"13","031","Jacala de Ledezma"
498,0.613788328335636,0.428261131193654,0.782453023263665,1,"muestra_directa",TRUE,0.35419189207001,"13","029","Huichapan"
499,0.631299257059808,0.426179253000521,0.800491105456078,NA,"sintetico_postestratificado",FALSE,0.374311852455557,"13","070","Tlahuelilpan"
500,0.636570984986358,0.436290024003474,0.803514728730141,NA,"sintetico_postestratificado",FALSE,0.367224704726667,"13","025","Huautla"
501,0.692295179048256,0.518302064890508,0.82744819375094,3,"muestra_directa",TRUE,0.309146128860433,"13","054","San Salvador"
502,0.636163779364574,0.450288115479854,0.792958732125748,NA,"sintetico_postestratificado",FALSE,0.342670616645894,"13","055","Santiago de Anaya"
503,0.595796753865694,0.421030663632169,0.759084049911256,5,"muestra_directa",TRUE,0.338053386279087,"13","006","Alfajayucan"
504,0.603884528356258,0.41074786272335,0.757646303460715,8,"muestra_directa",TRUE,0.346898440737365,"13","048","Pachuca de Soto"
505,0.606951192848745,0.385746851115432,0.791312832421956,NA,"sintetico_postestratificado",FALSE,0.405565981306524,"13","026","Huazalingo"
506,0.610531895810727,0.438852050254075,0.770547426371831,4,"muestra_directa",TRUE,0.331695376117756,"13","027","Huehuetla"
507,0.641248117538126,0.472666127991332,0.789190418246468,5,"muestra_directa",TRUE,0.316524290255136,"13","028","Huejutla de Reyes"
508,0.664058544186605,0.467141608367148,0.832432862935668,NA,"sintetico_postestratificado",FALSE,0.36529125456852,"13","043","Nicolás Flores"
509,0.65167686789155,0.447545588704546,0.812915266955386,NA,"sintetico_postestratificado",FALSE,0.36536967825084,"13","065","Tetepango"
510,0.667418902059499,0.477430499640814,0.820685122534466,1,"muestra_directa",TRUE,0.343254622893652,"13","063","Tepeji del Río de Ocampo"
511,0.659727608400187,0.481839963177427,0.822200577845957,NA,"sintetico_postestratificado",FALSE,0.34036061466853,"13","033","Juárez Hidalgo"
512,0.642087530103793,0.456921530201446,0.808143625490008,NA,"sintetico_postestratificado",FALSE,0.351222095288562,"13","013","Atotonilco de Tula"
513,0.612322579938684,0.414908839077504,0.793917665892321,NA,"sintetico_postestratificado",FALSE,0.379008826814817,"13","014","Calnali"
514,0.653500055476022,0.466188923671381,0.809025370725905,NA,"sintetico_postestratificado",FALSE,0.342836447054524,"13","015","Cardonal"
515,0.665777602646558,0.463847231900484,0.826037104321532,NA,"sintetico_postestratificado",FALSE,0.362189872421048,"13","016","Cuautepec de Hinojosa"
516,0.677372563782999,0.493008507200929,0.831458109893259,NA,"sintetico_postestratificado",FALSE,0.33844960269233,"13","021","Emiliano Zapata"
517,0.657074990400345,0.473050119218322,0.807398372915753,NA,"sintetico_postestratificado",FALSE,0.334348253697431,"13","005","Ajacuba"
518,0.63528999966185,0.432907332097028,0.804913384564023,NA,"sintetico_postestratificado",FALSE,0.372006052466995,"13","017","Chapantongo"
519,0.651785629244587,0.455211604874189,0.809414190669972,NA,"sintetico_postestratificado",FALSE,0.354202585795783,"13","066","Villa de Tezontepec"
520,0.626544454426982,0.434851985163438,0.798646941498173,NA,"sintetico_postestratificado",FALSE,0.363794956334735,"13","067","Tezontepec de Aldama"
521,0.611228938939599,0.414905929805619,0.787849359262865,NA,"sintetico_postestratificado",FALSE,0.372943429457247,"13","044","Nopala de Villagrán"
522,0.643771136124141,0.454001937949478,0.810040063254469,NA,"sintetico_postestratificado",FALSE,0.356038125304991,"13","045","Omitlán de Juárez"
523,0.62200348169001,0.450409116399098,0.764467257263809,9,"muestra_directa",TRUE,0.314058140864711,"13","046","San Felipe Orizatlán"
524,0.645490478690878,0.457602250144382,0.819903469907704,NA,"sintetico_postestratificado",FALSE,0.362301219763322,"13","039","Mineral del Monte"
525,0.634468924946956,0.419618254638761,0.803969791078948,NA,"sintetico_postestratificado",FALSE,0.384351536440187,"13","047","Pacula"
526,0.61197073426779,0.396000473160415,0.790417124655511,NA,"sintetico_postestratificado",FALSE,0.394416651495096,"13","049","Pisaflores"
527,0.661392692196671,0.469072329515654,0.817573500235443,1,"muestra_directa",TRUE,0.348501170719789,"13","077","Tulancingo de Bravo"
528,0.62880762567444,0.437454279452069,0.810387318962436,NA,"sintetico_postestratificado",FALSE,0.372933039510367,"13","062","Tepehuacán de Guerrero"
529,0.630577071849126,0.430010557646393,0.791296969856851,NA,"sintetico_postestratificado",FALSE,0.361286412210459,"13","003","Actopan"
530,0.653982035372483,0.459179737195173,0.816647988850959,NA,"sintetico_postestratificado",FALSE,0.357468251655785,"13","002","Acaxochitlán"
531,0.669010489266879,0.472775430371463,0.837723273273509,NA,"sintetico_postestratificado",FALSE,0.364947842902047,"13","001","Acatlán"
532,0.652489516441056,0.472317016172605,0.805925560179239,1,"muestra_directa",TRUE,0.333608544006634,"13","061","Tepeapulco"
533,0.648524626491646,0.444685160686511,0.817426405116208,NA,"sintetico_postestratificado",FALSE,0.372741244429697,"13","058","Tasquillo"
534,0.627472085527276,0.435440797599315,0.790274319772379,NA,"sintetico_postestratificado",FALSE,0.354833522173064,"13","073","Tlanchinol"
535,0.636614124032033,0.441995376415396,0.804008696209502,NA,"sintetico_postestratificado",FALSE,0.362013319794106,"13","072","Tlanalapa"
536,0.660013010101986,0.478930694494119,0.818201868139929,NA,"sintetico_postestratificado",FALSE,0.33927117364581,"13","059","Tecozautla"
537,0.677621704526052,0.480413118402728,0.827390420264198,NA,"sintetico_postestratificado",FALSE,0.34697730186147,"13","060","Tenango de Doria"
538,0.654696205851033,0.468064630749236,0.815789953042853,NA,"sintetico_postestratificado",FALSE,0.347725322293617,"13","012","Atotonilco el Grande"
539,0.642825706987197,0.460866677897205,0.7962986068532,NA,"sintetico_postestratificado",FALSE,0.335431928955995,"13","011","Atlapexco"
540,0.620652993501337,0.426177238701232,0.792723472365593,NA,"sintetico_postestratificado",FALSE,0.366546233664361,"13","040","La Misión"
541,0.597345285198354,0.401728693342587,0.779761554851083,NA,"sintetico_postestratificado",FALSE,0.378032861508496,"13","042","Molango de Escamilla"
542,0.628196527424203,0.41361768167421,0.807918276445953,NA,"sintetico_postestratificado",FALSE,0.394300594771743,"13","056","Santiago Tulantepec de Lugo Guerrero"
543,0.703714825817367,0.550477813515291,0.837636984270917,7,"muestra_directa",TRUE,0.287159170755626,"13","057","Singuilucan"
544,0.681319537778582,0.493538119831204,0.830858711082611,NA,"sintetico_postestratificado",FALSE,0.337320591251407,"13","084","Zimapán"
545,0.676159115938204,0.490355861031623,0.833831798694864,NA,"sintetico_postestratificado",FALSE,0.343475937663241,"13","075","Tolcayuca"
546,0.69926066935126,0.509476557368389,0.845333528798805,NA,"sintetico_postestratificado",FALSE,0.335856971430416,"14","122","Zapotitlán de Vadillo"
547,0.70077647056128,0.512105801813907,0.847394458983114,NA,"sintetico_postestratificado",FALSE,0.335288657169208,"14","019","Bolaños"
548,0.706982647647548,0.520328218863041,0.85890242903198,NA,"sintetico_postestratificado",FALSE,0.338574210168939,"14","065","Pihuamo"
549,0.641033766752322,0.465029327672769,0.785697545348459,8,"muestra_directa",TRUE,0.32066821767569,"14","101","Tonalá"
550,0.69050314145334,0.503491167802577,0.83731490547861,NA,"sintetico_postestratificado",FALSE,0.333823737676033,"14","076","San Martín de Bolaños"
551,0.668050851449875,0.476999139956793,0.837723445084307,NA,"sintetico_postestratificado",FALSE,0.360724305127514,"14","023","Zapotlán el Grande"
552,0.688257976266933,0.500656371819497,0.829278799484715,NA,"sintetico_postestratificado",FALSE,0.328622427665219,"14","074","San Julián"
553,0.694508512138255,0.502950195695087,0.84181941526282,NA,"sintetico_postestratificado",FALSE,0.338869219567734,"14","073","San Juan de los Lagos"
554,0.713369006203459,0.542728732536993,0.863666149063238,NA,"sintetico_postestratificado",FALSE,0.320937416526245,"14","062","Mixtlán"
555,0.702820876208122,0.531080966068044,0.843562146565146,NA,"sintetico_postestratificado",FALSE,0.312481180497102,"14","113","San Gabriel"
556,0.632608130512133,0.437233704179283,0.804749891220398,NA,"sintetico_postestratificado",FALSE,0.367516187041114,"14","087","Tecalitlán"
557,0.685763219978151,0.488761828179879,0.839250894729857,NA,"sintetico_postestratificado",FALSE,0.350489066549978,"14","014","Atoyac"
558,0.68298389835994,0.470220977665335,0.844696612340055,NA,"sintetico_postestratificado",FALSE,0.37447563467472,"14","015","Autlán de Navarro"
559,0.680446654125667,0.512156663033866,0.821674930946743,5,"muestra_directa",TRUE,0.309518267912877,"14","097","Tlajomulco de Zúñiga"
560,0.653635726430594,0.467725061192517,0.825638676847051,NA,"sintetico_postestratificado",FALSE,0.357913615654534,"14","055","Magdalena"
561,0.650116777887553,0.459769191395959,0.818269920979759,NA,"sintetico_postestratificado",FALSE,0.3585007295838,"14","063","Ocotlán"
562,0.662681773988976,0.46999879654096,0.830575997808167,NA,"sintetico_postestratificado",FALSE,0.360577201267207,"14","086","Tapalpa"
563,0.666773549935433,0.464242506334038,0.825945886796167,NA,"sintetico_postestratificado",FALSE,0.361703380462129,"14","043","La Huerta"
564,0.665109541051689,0.464163474700773,0.823601740053859,NA,"sintetico_postestratificado",FALSE,0.359438265353086,"14","116","Villa Hidalgo"
565,0.665889059323108,0.473547886548986,0.833955666910371,NA,"sintetico_postestratificado",FALSE,0.360407780361386,"14","012","Atenguillo"
566,0.681898480000038,0.480408479173623,0.830227078811318,NA,"sintetico_postestratificado",FALSE,0.349818599637695,"14","117","Cañadas de Obregón"
567,0.697393443306103,0.515043251873164,0.843561374623938,NA,"sintetico_postestratificado",FALSE,0.328518122750774,"14","118","Yahualica de González Gallo"
568,0.700400190968858,0.533953404088297,0.846465464822509,NA,"sintetico_postestratificado",FALSE,0.312512060734211,"14","017","Ayutla"
569,0.689255242389405,0.503595456068768,0.844599856240239,NA,"sintetico_postestratificado",FALSE,0.341004400171471,"14","119","Zacoalco de Torres"
570,0.664942447485457,0.515618389196399,0.817056129881881,8,"muestra_directa",TRUE,0.301437740685481,"14","120","Zapopan"
571,0.646085583425971,0.441551861222346,0.822616827906718,NA,"sintetico_postestratificado",FALSE,0.381064966684372,"14","121","Zapotiltic"
572,0.65511041328887,0.468196370905345,0.811865255948755,NA,"sintetico_postestratificado",FALSE,0.34366888504341,"14","123","Zapotlán del Rey"
573,0.667773961312643,0.471344001350292,0.817617387382736,NA,"sintetico_postestratificado",FALSE,0.346273386032445,"14","069","Quitupan"
574,0.661434451728402,0.458939905306385,0.816732535579738,NA,"sintetico_postestratificado",FALSE,0.357792630273353,"14","112","Valle de Juárez"
575,0.633673818855979,0.436224696200895,0.795386425881017,NA,"sintetico_postestratificado",FALSE,0.359161729680121,"14","111","Valle de Guadalupe"
576,0.67378335656174,0.479185814543861,0.832765612336695,NA,"sintetico_postestratificado",FALSE,0.353579797792834,"14","079","Gómez Farías"
577,0.695546491525994,0.516021085763998,0.838013498905659,NA,"sintetico_postestratificado",FALSE,0.32199241314166,"14","078","San Miguel el Alto"
578,0.689165714860151,0.479602207232354,0.833561116986069,NA,"sintetico_postestratificado",FALSE,0.353958909753716,"14","077","San Martín Hidalgo"
579,0.673341855580968,0.479105020371639,0.836557296602321,NA,"sintetico_postestratificado",FALSE,0.357452276230682,"14","075","San Marcos"
580,0.578616625168704,0.413890760330413,0.733870669976275,12,"muestra_directa",FALSE,0.319979909645862,"14","098","San Pedro Tlaquepaque"
581,0.650416515761154,0.453809537114725,0.809484932469796,NA,"sintetico_postestratificado",FALSE,0.355675395355072,"14","105","Tototlán"
582,0.643302752867028,0.453243009948446,0.800908159393639,NA,"sintetico_postestratificado",FALSE,0.347665149445194,"14","104","Totatiche"
583,0.662012453841759,0.461271670634566,0.829682057284021,NA,"sintetico_postestratificado",FALSE,0.368410386649455,"14","103","Tonila"
584,0.644959285519133,0.447749128848451,0.809012140641119,NA,"sintetico_postestratificado",FALSE,0.361263011792668,"14","024","Cocula"
585,0.666263774705426,0.467661878784021,0.831824007902397,NA,"sintetico_postestratificado",FALSE,0.364162129118376,"14","102","Tonaya"
586,0.662390998487539,0.464687607277346,0.827271150565487,NA,"sintetico_postestratificado",FALSE,0.362583543288141,"14","100","Tomatlán"
587,0.661641176777413,0.457254759626539,0.819890476881821,NA,"sintetico_postestratificado",FALSE,0.362635717255282,"14","099","Tolimán"
588,0.632048230842864,0.434214036179641,0.796461458013453,1,"muestra_directa",TRUE,0.362247421833812,"14","093","Tepatitlán de Morelos"
589,0.643921959114575,0.452740256390901,0.808366557404322,NA,"sintetico_postestratificado",FALSE,0.355626301013421,"14","124","Zapotlanejo"
590,0.666373873995275,0.46234855663243,0.822345969864323,NA,"sintetico_postestratificado",FALSE,0.359997413231893,"14","115","Villa Guerrero"
591,0.701642774326705,0.518600639941413,0.857510258092035,3,"muestra_directa",TRUE,0.338909618150622,"14","021","Casimiro Castillo"
592,0.668232696359666,0.474711111543457,0.835158036857327,NA,"sintetico_postestratificado",FALSE,0.36044692531387,"14","070","El Salto"
593,0.678246729459161,0.485315985647418,0.839620737567978,NA,"sintetico_postestratificado",FALSE,0.35430475192056,"14","020","Cabo Corrientes"
594,0.653420546522206,0.466062914142381,0.814133367367317,NA,"sintetico_postestratificado",FALSE,0.348070453224936,"14","018","La Barca"
595,0.654192801537088,0.48126986277559,0.815800839003421,NA,"sintetico_postestratificado",FALSE,0.334530976227832,"14","051","Juanacatlán"
596,0.646106457181075,0.434878460414921,0.809775834898382,1,"muestra_directa",TRUE,0.374897374483461,"14","044","Ixtlahuacán de los Membrillos"
597,0.718375764397559,0.573963265304615,0.831012064300845,20,"muestra_directa",FALSE,0.25704879899623,"14","039","Guadalajara"
598,0.655932189884725,0.45714849429302,0.832518916866469,NA,"sintetico_postestratificado",FALSE,0.375370422573449,"14","022","Cihuatlán"
599,0.67933618370044,0.494440595368999,0.832115608168174,NA,"sintetico_postestratificado",FALSE,0.337675012799174,"14","016","Ayotlán"
600,0.693590295382921,0.509681049308542,0.848065211829609,NA,"sintetico_postestratificado",FALSE,0.338384162521067,"14","080","San Sebastián del Oeste"
601,0.685974820172895,0.492896561972753,0.846366719923069,NA,"sintetico_postestratificado",FALSE,0.353470157950316,"14","125","San Ignacio Cerro Gordo"
602,0.657976580889046,0.467635142184923,0.826932825904968,NA,"sintetico_postestratificado",FALSE,0.359297683720046,"14","072","San Diego de Alejandría"
603,0.635443317737327,0.42485624687098,0.805427495192666,1,"muestra_directa",TRUE,0.380571248321685,"14","066","Poncitlán"
604,0.686987468356315,0.483864067806728,0.839151682972588,NA,"sintetico_postestratificado",FALSE,0.35528761516586,"14","110","Unión de Tula"
605,0.710059211562451,0.50732065600115,0.866177231402017,NA,"sintetico_postestratificado",FALSE,0.358856575400868,"14","092","Teocuitatlán de Corona"
606,0.680798423562977,0.498306057534749,0.832102167400402,NA,"sintetico_postestratificado",FALSE,0.333796109865653,"14","091","Teocaltiche"
607,0.661498661272932,0.463463242003153,0.816294070882122,2,"muestra_directa",TRUE,0.352830828878969,"14","002","Acatlán de Juárez"
608,0.685514808124414,0.495197969199964,0.836762882437799,NA,"sintetico_postestratificado",FALSE,0.341564913237835,"14","003","Ahualulco de Mercado"
609,0.682823337894619,0.498586556104125,0.837396333186198,NA,"sintetico_postestratificado",FALSE,0.338809777082073,"14","005","Amatitán"
610,0.653906197700034,0.464949048151793,0.814777360118558,NA,"sintetico_postestratificado",FALSE,0.349828311966765,"14","109","Unión de San Antonio"
611,0.658474180281251,0.467227477589821,0.820147720886108,NA,"sintetico_postestratificado",FALSE,0.352920243296286,"14","108","Tuxpan"
612,0.667578834955527,0.488320685493888,0.82889368606944,NA,"sintetico_postestratificado",FALSE,0.340573000575552,"14","088","Tecolotlán"
613,0.663191576292334,0.456028694182437,0.8298942575922,NA,"sintetico_postestratificado",FALSE,0.373865563409763,"14","090","Tenamaxtlán"
614,0.684964608184379,0.5090753503862,0.836683798103829,NA,"sintetico_postestratificado",FALSE,0.327608447717629,"14","071","San Cristóbal de la Barranca"
615,0.685427934592577,0.484855456301177,0.841564542646085,NA,"sintetico_postestratificado",FALSE,0.356709086344908,"14","068","Villa Purificación"
616,0.573433642102276,0.378626595714969,0.748225119807288,5,"muestra_directa",TRUE,0.369598524092319,"14","067","Puerto Vallarta"
617,0.656521137561027,0.456011838548808,0.823233475959617,NA,"sintetico_postestratificado",FALSE,0.367221637410809,"14","114","Villa Corona"
618,0.652301261838719,0.468390339518688,0.81528045495357,NA,"sintetico_postestratificado",FALSE,0.346890115434882,"14","107","Tuxcueca"
619,0.660110578974637,0.453394879156897,0.832368122154469,NA,"sintetico_postestratificado",FALSE,0.378973242997571,"14","106","Tuxcacuesco"
620,0.657759377939004,0.457902008829799,0.809448883351075,NA,"sintetico_postestratificado",FALSE,0.351546874521275,"14","025","Colotlán"
621,0.652129003016161,0.446926718119228,0.818366277033508,NA,"sintetico_postestratificado",FALSE,0.37143955891428,"14","027","Cuautitlán de García Barragán"
622,0.638341246426728,0.439134433159064,0.817431321699858,NA,"sintetico_postestratificado",FALSE,0.378296888540794,"14","028","Cuautla"
623,0.688061613255755,0.491078149971137,0.841156463044728,NA,"sintetico_postestratificado",FALSE,0.350078313073592,"14","011","Atengo"
624,0.700804945719253,0.527929205239822,0.838806052692592,NA,"sintetico_postestratificado",FALSE,0.31087684745277,"14","064","Ojuelos de Jalisco"
625,0.674949903926811,0.48611077797738,0.831729413462695,NA,"sintetico_postestratificado",FALSE,0.345618635485314,"14","032","Chiquilistlán"
626,0.684393559205441,0.50699619744275,0.826932181261173,NA,"sintetico_postestratificado",FALSE,0.319935983818423,"14","030","Chapala"
627,0.659484535664029,0.483228275811607,0.816148567767597,NA,"sintetico_postestratificado",FALSE,0.33292029195599,"14","029","Cuquío"
628,0.679445921449141,0.497119970863805,0.835628678440152,NA,"sintetico_postestratificado",FALSE,0.338508707576347,"14","094","Tequila"
629,0.677804093595653,0.482090767623315,0.833753342991155,NA,"sintetico_postestratificado",FALSE,0.35166257536784,"14","095","Teuchitlán"
630,0.655157933641887,0.459632073006551,0.825117199093709,NA,"sintetico_postestratificado",FALSE,0.365485126087158,"14","096","Tizapán el Alto"
631,0.678426536338516,0.495423477499207,0.828284744535894,NA,"sintetico_postestratificado",FALSE,0.332861267036687,"14","061","Mezquitic"
632,0.678366639467743,0.480743231453007,0.833646382621837,NA,"sintetico_postestratificado",FALSE,0.35290315116883,"14","060","Mexticacán"
633,0.657991476486953,0.469362306695076,0.828663549758206,NA,"sintetico_postestratificado",FALSE,0.35930124306313,"14","059","Mazamitla"
634,0.704994436051116,0.538809736655074,0.849893675837999,1,"muestra_directa",TRUE,0.311083939182925,"14","058","Mascota"
635,0.654895974156679,0.455702095680684,0.824590248513839,NA,"sintetico_postestratificado",FALSE,0.368888152833155,"14","057","La Manzanilla de la Paz"
636,0.658480676640625,0.477454325263618,0.818423867426982,NA,"sintetico_postestratificado",FALSE,0.340969542163363,"14","056","Santa María del Oro"
637,0.694222207316054,0.490644638993444,0.85695860185273,NA,"sintetico_postestratificado",FALSE,0.366313962859286,"14","054","El Limón"
638,0.65823384534995,0.479521689800984,0.820119413827281,NA,"sintetico_postestratificado",FALSE,0.340597724026297,"14","085","Tamazula de Gordiano"
639,0.681183240718241,0.488824959044626,0.838458706300024,NA,"sintetico_postestratificado",FALSE,0.349633747255398,"14","084","Talpa de Allende"
640,0.676805726058015,0.504157234028893,0.818368100668462,3,"muestra_directa",TRUE,0.314210866639569,"14","053","Lagos de Moreno"
641,0.68594448240289,0.48696616216167,0.851965584467179,NA,"sintetico_postestratificado",FALSE,0.36499942230551,"14","052","Juchitlán"
642,0.678046164503689,0.49249389876004,0.831596298931925,NA,"sintetico_postestratificado",FALSE,0.339102400171885,"14","050","Jocotepec"
643,0.689750722316243,0.492926829439748,0.838628391340021,NA,"sintetico_postestratificado",FALSE,0.345701561900272,"14","031","Chimaltitán"
644,0.681013045915902,0.486093472996601,0.837551043935189,NA,"sintetico_postestratificado",FALSE,0.351457570938588,"14","049","Jilotlán de los Dolores"
645,0.696438123030156,0.499662282650629,0.841397247954303,NA,"sintetico_postestratificado",FALSE,0.341734965303674,"14","048","Jesús María"
646,0.70134015255987,0.510217707028558,0.84882857099949,NA,"sintetico_postestratificado",FALSE,0.338610863970932,"14","047","Jamay"
647,0.663961954842584,0.483420882675282,0.818280464633558,4,"muestra_directa",TRUE,0.334859581958276,"14","046","Jalostotitlán"
648,0.650378053193118,0.453384801791565,0.814033163792923,NA,"sintetico_postestratificado",FALSE,0.360648362001357,"14","045","Ixtlahuacán del Río"
649,0.654957310834604,0.465942176719996,0.812929677807994,NA,"sintetico_postestratificado",FALSE,0.346987501087998,"14","042","Huejuquilla el Alto"
650,0.64648302078177,0.449908924828419,0.816886632195945,NA,"sintetico_postestratificado",FALSE,0.366977707367526,"14","041","Huejúcar"
651,0.664368931467154,0.446574485151044,0.817062474859842,NA,"sintetico_postestratificado",FALSE,0.370487989708798,"14","040","Hostotipaquillo"
652,0.674322510239256,0.472225734673183,0.829764600282536,NA,"sintetico_postestratificado",FALSE,0.357538865609353,"14","038","Guachinango"
653,0.672975902139727,0.46464069440025,0.844919757327516,NA,"sintetico_postestratificado",FALSE,0.380279062927266,"14","037","El Grullo"
654,0.682067480956242,0.506361261401978,0.832777613682217,NA,"sintetico_postestratificado",FALSE,0.326416352280238,"14","036","Etzatlán"
655,0.653664750825868,0.451012519683594,0.816105239517868,NA,"sintetico_postestratificado",FALSE,0.365092719834274,"14","035","Encarnación de Díaz"
656,0.657516790802505,0.469517107418356,0.818614792384555,NA,"sintetico_postestratificado",FALSE,0.3490976849662,"14","034","Ejutla"
657,0.640716568610208,0.429647079830938,0.806471840002118,NA,"sintetico_postestratificado",FALSE,0.37682476017118,"14","033","Degollado"
658,0.672749478396392,0.485149408936947,0.825872449569129,NA,"sintetico_postestratificado",FALSE,0.340723040632182,"14","010","Atemajac de Brizuela"
659,0.640625158030175,0.442018601022729,0.803342090218003,NA,"sintetico_postestratificado",FALSE,0.361323489195274,"14","013","Atotonilco el Alto"
660,0.649878368711947,0.449599968959509,0.811776062170617,NA,"sintetico_postestratificado",FALSE,0.362176093211108,"14","089","Techaluta de Montenegro"
661,0.652279539243272,0.45528113618352,0.814878400236109,NA,"sintetico_postestratificado",FALSE,0.35959726405259,"14","026","Concepción de Buenos Aires"
662,0.658214511110481,0.459810338660428,0.8160742428052,1,"muestra_directa",TRUE,0.356263904144772,"14","083","Tala"
663,0.674535940869377,0.496988718899586,0.825262886806152,NA,"sintetico_postestratificado",FALSE,0.328274167906566,"14","082","Sayula"
664,0.708821790766954,0.519640085969349,0.855168221021656,NA,"sintetico_postestratificado",FALSE,0.335528135052307,"14","081","Santa María de los Ángeles"
665,0.709293285368218,0.525962766364208,0.852409805632828,NA,"sintetico_postestratificado",FALSE,0.32644703926862,"14","009","El Arenal"
666,0.675024521324072,0.499336584501843,0.818769112163592,4,"muestra_directa",TRUE,0.319432527661749,"14","008","Arandas"
667,0.680121491859902,0.484695636513719,0.835898167874231,NA,"sintetico_postestratificado",FALSE,0.351202531360512,"14","007","San Juanito de Escobedo"
668,0.691858326347124,0.501953758267409,0.843284102147497,NA,"sintetico_postestratificado",FALSE,0.341330343880088,"14","006","Ameca"
669,0.699277697444239,0.521405402542535,0.845081814371327,NA,"sintetico_postestratificado",FALSE,0.323676411828792,"14","004","Amacueca"
670,0.683936324599947,0.490302293895771,0.838127696170609,NA,"sintetico_postestratificado",FALSE,0.347825402274838,"14","001","Acatic"
671,0.694757784308563,0.524347233013331,0.83025916365219,5,"muestra_directa",TRUE,0.305911930638859,"15","021","Coatepec Harinas"
672,0.667050128230234,0.4718694207712,0.818305720595652,NA,"sintetico_postestratificado",FALSE,0.346436299824452,"15","011","Atenco"
673,0.674429185287551,0.478747265334044,0.832347170011818,NA,"sintetico_postestratificado",FALSE,0.353599904677775,"15","004","Almoloya de Alquisiras"
674,0.651974126069188,0.451047597096324,0.81755699718343,NA,"sintetico_postestratificado",FALSE,0.366509400087105,"15","002","Acolman"
675,0.646850532035391,0.454126310349527,0.805881222824049,NA,"sintetico_postestratificado",FALSE,0.351754912474522,"15","034","Ecatzingo"
676,0.646833843875937,0.45299472027725,0.820684530123751,NA,"sintetico_postestratificado",FALSE,0.367689809846502,"15","030","Chiconcuac"
677,0.662179904413611,0.470800163473725,0.815683968758509,3,"muestra_directa",TRUE,0.344883805284783,"15","068","Ozumba"
678,0.650912924070681,0.468451655828773,0.803521618713616,1,"muestra_directa",TRUE,0.335069962884843,"15","082","Tejupilco"
679,0.646731980085387,0.45741165946015,0.809443085590377,NA,"sintetico_postestratificado",FALSE,0.352031426130227,"15","028","Chiautla"
680,0.661449492439724,0.468237215072669,0.817801812277745,NA,"sintetico_postestratificado",FALSE,0.349564597205076,"15","019","Capulhuac"
681,0.554457975801868,0.368633307169631,0.716546759838375,7,"muestra_directa",TRUE,0.347913452668744,"15","118","Zinacantepec"
682,0.674812087820147,0.499555923190904,0.810967340183563,2,"muestra_directa",TRUE,0.311411416992659,"15","094","Tepetlixpa"
683,0.604563714591093,0.41662497389027,0.760254223942401,4,"muestra_directa",TRUE,0.343629250052132,"15","074","San Felipe del Progreso"
684,0.649026587059447,0.451945807538888,0.804997191066302,NA,"sintetico_postestratificado",FALSE,0.353051383527414,"15","036","Hueypoxtla"
685,0.623721823544374,0.424980556809579,0.785847970088359,NA,"sintetico_postestratificado",FALSE,0.36086741327878,"15","041","Ixtapan del Oro"
686,0.633894741112725,0.425935438224096,0.803487931691084,NA,"sintetico_postestratificado",FALSE,0.377552493466988,"15","085","Temascalcingo"
687,0.654049219809566,0.44578945813171,0.817241539901476,NA,"sintetico_postestratificado",FALSE,0.371452081769767,"15","096","Tequixquiac"
688,0.660656552878199,0.504218242878153,0.800888077948023,9,"muestra_directa",TRUE,0.296669835069869,"15","104","Tlalnepantla de Baz"
689,0.650575976485219,0.436122096452854,0.82216190145458,NA,"sintetico_postestratificado",FALSE,0.386039805001726,"15","076","San Mateo Atenco"
690,0.68522364637525,0.481428047963953,0.834347490890226,NA,"sintetico_postestratificado",FALSE,0.352919442926274,"15","010","Apaxco"
691,0.655542599742644,0.464141306361301,0.815071327012934,NA,"sintetico_postestratificado",FALSE,0.350930020651633,"15","023","Coyotepec"
692,0.675811747731444,0.513081477219611,0.808828844616025,8,"muestra_directa",TRUE,0.295747367396414,"15","025","Chalco"
693,0.697621039885569,0.510305097108773,0.844641082098681,NA,"sintetico_postestratificado",FALSE,0.334335984989908,"15","103","Tlalmanalco"
694,0.622473309813511,0.414027016164526,0.793699963032701,3,"muestra_directa",TRUE,0.379672946868175,"15","100","Tezoyuca"
695,0.641265200307303,0.447041439702037,0.803721139709454,1,"muestra_directa",TRUE,0.356679700007417,"15","040","Ixtapan de la Sal"
696,0.647665859823734,0.454385603113924,0.810956679246192,NA,"sintetico_postestratificado",FALSE,0.356571076132268,"15","107","Tonatico"
697,0.651835106138095,0.45323131707448,0.814828800310383,NA,"sintetico_postestratificado",FALSE,0.361597483235903,"15","052","Malinalco"
698,0.72434710671435,0.592746424867846,0.841843880510343,22,"muestra_directa",FALSE,0.249097455642497,"15","109","Tultitlán"
699,0.670122759896889,0.482885265817268,0.832636069625721,3,"muestra_directa",TRUE,0.349750803808453,"15","012","Atizapán"
700,0.633768442425502,0.441337840430921,0.810624729892098,NA,"sintetico_postestratificado",FALSE,0.369286889461177,"15","014","Atlacomulco"
701,0.629231304295641,0.438301846530614,0.802415416512864,NA,"sintetico_postestratificado",FALSE,0.36411356998225,"15","003","Aculco"
702,0.646102908674105,0.449401178071457,0.820579074303034,NA,"sintetico_postestratificado",FALSE,0.371177896231577,"15","015","Atlautla"
703,0.673424436071141,0.501391141799485,0.825874117683732,NA,"sintetico_postestratificado",FALSE,0.324482975884247,"15","016","Axapusco"
704,0.632445205774579,0.438364655801086,0.794860530038943,NA,"sintetico_postestratificado",FALSE,0.356495874237857,"15","005","Almoloya de Juárez"
705,0.622089389781235,0.439534494715671,0.779626688210485,6,"muestra_directa",TRUE,0.340092193494814,"15","024","Cuautitlán"
706,0.634938240005537,0.430783530173962,0.796713434832238,NA,"sintetico_postestratificado",FALSE,0.365929904658276,"15","008","Amatepec"
707,0.631999323411995,0.442538167575812,0.790500345071042,2,"muestra_directa",TRUE,0.34796217749523,"15","007","Amanalco"
708,0.616264960291186,0.427289957142832,0.770272949498829,4,"muestra_directa",TRUE,0.342982992355997,"15","120","Zumpango"
709,0.646720262806725,0.457634478498286,0.809429344969729,1,"muestra_directa",TRUE,0.351794866471443,"15","042","Ixtlahuaca"
710,0.645353161150699,0.455814339686644,0.809165031773928,1,"muestra_directa",TRUE,0.353350692087284,"15","084","Temascalapa"
711,0.592648178752219,0.401822488307617,0.784488686800725,NA,"sintetico_postestratificado",FALSE,0.382666198493109,"15","047","Jiquipilco"
712,0.626577174784028,0.409193537223656,0.801890126855013,NA,"sintetico_postestratificado",FALSE,0.392696589631358,"15","022","Cocotitlán"
713,0.638101753009616,0.444512361835702,0.802431618190347,NA,"sintetico_postestratificado",FALSE,0.357919256354645,"15","020","Coacalco de Berriozábal"
714,0.650642399382762,0.465033610767279,0.807866336541029,NA,"sintetico_postestratificado",FALSE,0.34283272577375,"15","062","Ocoyoacac"
715,0.685956137315745,0.491764851210744,0.831394203285481,NA,"sintetico_postestratificado",FALSE,0.339629352074737,"15","050","Juchitepec"
716,0.637328835388426,0.434966623926362,0.80293840803866,NA,"sintetico_postestratificado",FALSE,0.367971784112298,"15","061","Nopaltepec"
717,0.67407558681331,0.487497658407981,0.830207040363584,NA,"sintetico_postestratificado",FALSE,0.342709381955603,"15","101","Tianguistenco"
718,0.664225635532844,0.488642753823901,0.8127543065149,5,"muestra_directa",TRUE,0.324111552690999,"15","057","Naucalpan de Juárez"
719,0.71063702688968,0.556480223774851,0.841794973992323,9,"muestra_directa",TRUE,0.285314750217472,"15","105","Tlatlaya"
720,0.630464060482656,0.475516398268155,0.761903658554439,13,"muestra_directa",FALSE,0.286387260286284,"15","106","Toluca"
721,0.657950420398158,0.473427526128852,0.819110733394518,NA,"sintetico_postestratificado",FALSE,0.345683207265666,"15","116","Zacazonapan"
722,0.68529666526338,0.48928425679979,0.831335909125509,NA,"sintetico_postestratificado",FALSE,0.342051652325719,"15","097","Texcaltitlán"
723,0.655398119771755,0.455143740699054,0.816316552286841,NA,"sintetico_postestratificado",FALSE,0.361172811587787,"15","079","Soyaniquilpan de Juárez"
724,0.656271339006888,0.457449019979091,0.811156004943468,NA,"sintetico_postestratificado",FALSE,0.353706984964377,"15","119","Zumpahuacán"
725,0.60798316704251,0.434944258215946,0.75458517752664,4,"muestra_directa",TRUE,0.319640919310694,"15","081","Tecámac"
726,0.637268400959484,0.430333023407569,0.80100373010073,NA,"sintetico_postestratificado",FALSE,0.370670706693161,"15","035","Huehuetoca"
727,0.630389436623528,0.436405718641486,0.803568656446183,NA,"sintetico_postestratificado",FALSE,0.367162937804697,"15","064","El Oro"
728,0.657126616901053,0.453835018699682,0.815942503646525,NA,"sintetico_postestratificado",FALSE,0.362107484946843,"15","083","Temamatla"
729,0.651299697767277,0.463541516361145,0.825687967112424,NA,"sintetico_postestratificado",FALSE,0.362146450751279,"15","102","Timilpan"
730,0.622442154297759,0.42407753959939,0.78737327611639,NA,"sintetico_postestratificado",FALSE,0.363295736517,"15","087","Temoaya"
731,0.639301193743854,0.448439960593675,0.799268449142494,NA,"sintetico_postestratificado",FALSE,0.350828488548819,"15","066","Otzoloapan"
732,0.611073095794954,0.416598967768191,0.786034045949707,NA,"sintetico_postestratificado",FALSE,0.369435078181516,"15","108","Tultepec"
733,0.637347655291828,0.458823295812245,0.800832182049225,NA,"sintetico_postestratificado",FALSE,0.34200888623698,"15","089","Tenango del Aire"
734,0.653846059869679,0.473428382481336,0.812723453908109,3,"muestra_directa",TRUE,0.339295071426773,"15","051","Lerma"
735,0.625177772726817,0.439180811943571,0.794302190583254,NA,"sintetico_postestratificado",FALSE,0.355121378639683,"15","046","Jilotzingo"
736,0.578328495174347,0.409728799911802,0.729475896238219,11,"muestra_directa",FALSE,0.319747096326417,"15","037","Huixquilucan"
737,0.622142440847633,0.414855821313887,0.790503686806438,NA,"sintetico_postestratificado",FALSE,0.375647865492551,"15","038","Isidro Fabela"
738,0.600480133064456,0.435648301031431,0.743331829553538,11,"muestra_directa",FALSE,0.307683528522107,"15","039","Ixtapaluca"
739,0.684235608751097,0.504983064823449,0.840729796573245,NA,"sintetico_postestratificado",FALSE,0.335746731749796,"15","017","Ayapango"
740,0.669734950139569,0.482073475781407,0.827952717072648,NA,"sintetico_postestratificado",FALSE,0.345879241291241,"15","069","Papalotla"
741,0.675909035230162,0.491943194329748,0.82649465284176,NA,"sintetico_postestratificado",FALSE,0.334551458512012,"15","065","Otumba"
742,0.623156490031139,0.422577912770744,0.794368577884377,NA,"sintetico_postestratificado",FALSE,0.371790665113633,"15","048","Jocotitlán"
743,0.650085676436762,0.492415040124525,0.786178520292072,12,"muestra_directa",FALSE,0.293763480167547,"15","121","Cuautitlán Izcalli"
744,0.624084194304745,0.427869453020904,0.799658791559615,NA,"sintetico_postestratificado",FALSE,0.371789338538711,"15","080","Sultepec"
745,0.60960375414247,0.404769455910186,0.785662452983261,NA,"sintetico_postestratificado",FALSE,0.380892997073076,"15","071","Polotitlán"
746,0.626781548315365,0.41379140598001,0.796126587990235,NA,"sintetico_postestratificado",FALSE,0.382335182010225,"15","075","San Martín de las Pirámides"
747,0.659938028022522,0.451373143602438,0.831844932710047,NA,"sintetico_postestratificado",FALSE,0.380471789107609,"15","072","Rayón"
748,0.674570592380099,0.489340328531016,0.831119999314268,NA,"sintetico_postestratificado",FALSE,0.341779670783251,"15","056","Morelos"
749,0.62900330854222,0.432311295830987,0.800348396915855,1,"muestra_directa",TRUE,0.368037101084868,"15","067","Otzolotepec"
750,0.689334477111478,0.510987886764248,0.828887226704573,5,"muestra_directa",TRUE,0.317899339940325,"15","088","Tenancingo"
751,0.638750891585082,0.463193622843528,0.798714980901998,5,"muestra_directa",TRUE,0.33552135805847,"15","070","La Paz"
752,0.639164455443246,0.426592068955011,0.811377059781748,NA,"sintetico_postestratificado",FALSE,0.384784990826738,"15","078","Santo Tomás"
753,0.634218589670177,0.422781182395884,0.801267896041598,NA,"sintetico_postestratificado",FALSE,0.378486713645714,"15","111","Villa de Allende"
754,0.627545836857491,0.430253517035424,0.800105635359157,NA,"sintetico_postestratificado",FALSE,0.369852118323733,"15","112","Villa del Carbón"
755,0.633740860842346,0.442248563659631,0.805798441154884,NA,"sintetico_postestratificado",FALSE,0.363549877495252,"15","091","Teoloyucan"
756,0.658960643494994,0.451334230739728,0.814670642318871,NA,"sintetico_postestratificado",FALSE,0.363336411579144,"15","113","Villa Guerrero"
757,0.645948586764401,0.446543803465197,0.802855995536266,NA,"sintetico_postestratificado",FALSE,0.35631219207107,"15","006","Almoloya del Río"
758,0.658383379054186,0.463863034705488,0.820235767341978,NA,"sintetico_postestratificado",FALSE,0.35637273263649,"15","123","Luvianos"
759,0.630096847599975,0.444666947913321,0.782237344454621,3,"muestra_directa",TRUE,0.3375703965413,"15","099","Texcoco"
760,0.493108523356132,0.294010353102532,0.65949323517484,7,"muestra_directa",TRUE,0.365482882072308,"15","060","Nicolás Romero"
761,0.765246430893901,0.630913565595587,0.873387134041526,8,"muestra_directa",TRUE,0.242473568445939,"15","122","Valle de Chalco Solidaridad"
762,0.641436562598677,0.440580929511616,0.808537593325096,NA,"sintetico_postestratificado",FALSE,0.36795666381348,"15","044","Jaltenco"
763,0.636840710528755,0.444548544072064,0.806061362622938,NA,"sintetico_postestratificado",FALSE,0.361512818550874,"15","110","Valle de Bravo"
764,0.635137941242482,0.426491364736955,0.798491753966822,NA,"sintetico_postestratificado",FALSE,0.372000389229866,"15","045","Jilotepec"
765,0.638668111392144,0.436363579714808,0.804178553009073,NA,"sintetico_postestratificado",FALSE,0.367814973294265,"15","098","Texcalyacac"
766,0.616391411290298,0.420663940886499,0.784674841552732,2,"muestra_directa",TRUE,0.364010900666233,"15","115","Xonacatlán"
767,0.629608747245656,0.432799525492626,0.794736936410106,NA,"sintetico_postestratificado",FALSE,0.36193741091748,"15","117","Zacualpan"
768,0.64330390447321,0.451082459877744,0.805162222399657,NA,"sintetico_postestratificado",FALSE,0.354079762521914,"15","124","San José del Rincón"
769,0.642603466562385,0.444119116458603,0.816456986758827,NA,"sintetico_postestratificado",FALSE,0.372337870300225,"15","029","Chicoloapan"
770,0.659428310349291,0.510053926174409,0.781322864861866,23,"muestra_directa",FALSE,0.271268938687457,"15","058","Nezahualcóyotl"
771,0.689215705162028,0.510290008549198,0.839540605174331,3,"muestra_directa",TRUE,0.329250596625133,"15","092","Teotihuacán"
772,0.627317936067188,0.414826346413464,0.802334395295312,NA,"sintetico_postestratificado",FALSE,0.387508048881847,"15","077","San Simón de Guerrero"
773,0.641304571598118,0.433427498443972,0.812220218664131,NA,"sintetico_postestratificado",FALSE,0.378792720220159,"15","055","Mexicaltzingo"
774,0.700350464490313,0.542345756358972,0.836011991270679,6,"muestra_directa",TRUE,0.293666234911708,"15","054","Metepec"
775,0.646842195215857,0.443793483021378,0.806163468382029,NA,"sintetico_postestratificado",FALSE,0.36236998536065,"15","049","Joquicingo"
776,0.610779606570311,0.418021019878897,0.775935218559576,1,"muestra_directa",TRUE,0.357914198680679,"15","026","Chapa de Mota"
777,0.654913801286913,0.488006416583583,0.806340581616641,3,"muestra_directa",TRUE,0.318334165033058,"15","001","Acambay de Ruíz Castañeda"
778,0.547388917012936,0.35089488719499,0.711786307054475,3,"muestra_directa",TRUE,0.360891419859486,"15","059","Nextlalpan"
779,0.604824125876788,0.403580569319288,0.780893335407993,NA,"sintetico_postestratificado",FALSE,0.377312766088705,"15","086","Temascaltepec"
780,0.59206977876924,0.382159014971327,0.773088007434533,NA,"sintetico_postestratificado",FALSE,0.390928992463206,"15","053","Melchor Ocampo"
781,0.613271261777158,0.43295672960831,0.786452595121872,NA,"sintetico_postestratificado",FALSE,0.353495865513562,"15","090","Tenango del Valle"
782,0.603430755297638,0.398675283876735,0.780750240908943,NA,"sintetico_postestratificado",FALSE,0.382074957032207,"15","032","Donato Guerra"
783,0.615449192055412,0.414737546659971,0.788875424842649,NA,"sintetico_postestratificado",FALSE,0.374137878182678,"15","125","Tonanitla"
784,0.642655041031833,0.429602678681518,0.816417860729628,NA,"sintetico_postestratificado",FALSE,0.386815182048111,"15","114","Villa Victoria"
785,0.628143416770598,0.420069643530186,0.799893683601365,NA,"sintetico_postestratificado",FALSE,0.379824040071179,"15","093","Tepetlaoxtoc"
786,0.618013697587648,0.409425313252834,0.785625759890102,NA,"sintetico_postestratificado",FALSE,0.376200446637268,"15","063","Ocuilan"
787,0.633618372009313,0.443247740861668,0.795749468255608,NA,"sintetico_postestratificado",FALSE,0.35250172739394,"15","073","San Antonio la Isla"
788,0.644234756570081,0.509461859551923,0.766467075025899,31,"muestra_directa",FALSE,0.257005215473976,"15","033","Ecatepec de Morelos"
789,0.699031422821689,0.539165933134984,0.833203090359294,9,"muestra_directa",TRUE,0.29403715722431,"15","013","Atizapán de Zaragoza"
790,0.702123849933604,0.505441617229912,0.852042928582475,NA,"sintetico_postestratificado",FALSE,0.346601311352563,"15","027","Chapultepec"
791,0.659938776784149,0.467944272864272,0.818706083088182,NA,"sintetico_postestratificado",FALSE,0.35076181022391,"15","018","Calimaya"
792,0.642963190757833,0.455644143452239,0.792951742064425,5,"muestra_directa",TRUE,0.337307598612187,"15","009","Amecameca"
793,0.578652562930897,0.389788783355713,0.744152934400446,8,"muestra_directa",TRUE,0.354364151044732,"15","031","Chimalhuacán"
794,0.622656592330185,0.424247776226987,0.791094843421175,NA,"sintetico_postestratificado",FALSE,0.366847067194189,"15","043","Xalatlaco"
795,0.650743212963196,0.469308248379852,0.81186736680402,2,"muestra_directa",TRUE,0.342559118424168,"15","095","Tepotzotlán"
796,0.646653132822901,0.450623862302517,0.813833554277918,NA,"sintetico_postestratificado",FALSE,0.363209691975401,"16","074","Cojumatlán de Régules"
797,0.627729506555427,0.425108934366531,0.807182824947686,NA,"sintetico_postestratificado",FALSE,0.382073890581155,"16","090","Tingambato"
798,0.616142547433604,0.409272183579069,0.790425609262067,NA,"sintetico_postestratificado",FALSE,0.381153425682998,"16","002","Aguililla"
799,0.626696117114076,0.432347495201487,0.808124554623883,NA,"sintetico_postestratificado",FALSE,0.375777059422396,"16","003","Álvaro Obregón"
800,0.610032865879385,0.413854198995783,0.788066101520355,NA,"sintetico_postestratificado",FALSE,0.374211902524572,"16","004","Angamacutiro"
801,0.634421692341404,0.413667678904517,0.815600932036606,NA,"sintetico_postestratificado",FALSE,0.401933253132089,"16","005","Angangueo"
802,0.635057040113828,0.440941759884249,0.801343678945124,3,"muestra_directa",TRUE,0.360401919060875,"16","006","Apatzingán"
803,0.628066140673417,0.431913046531034,0.786127206889863,NA,"sintetico_postestratificado",FALSE,0.354214160358829,"16","007","Aporo"
804,0.655972294419401,0.444323627920707,0.815887574455319,NA,"sintetico_postestratificado",FALSE,0.371563946534612,"16","008","Aquila"
805,0.629313471030928,0.431780983464198,0.79400880943999,NA,"sintetico_postestratificado",FALSE,0.362227825975793,"16","009","Ario"
806,0.647179684136455,0.462590920593797,0.805858872053965,NA,"sintetico_postestratificado",FALSE,0.343267951460167,"16","096","Tumbiscatío"
807,0.649523106673319,0.452031002375006,0.802935042387325,NA,"sintetico_postestratificado",FALSE,0.350904040012319,"16","097","Turicato"
808,0.61159162986465,0.422881431064086,0.784006149897784,NA,"sintetico_postestratificado",FALSE,0.361124718833698,"16","106","Yurécuaro"
809,0.596467719561792,0.415270068033785,0.743062429711449,7,"muestra_directa",TRUE,0.327792361677664,"16","107","Zacapu"
810,0.648282237466332,0.459830176448967,0.811434302798101,NA,"sintetico_postestratificado",FALSE,0.351604126349134,"16","108","Zamora"
811,0.642543367385711,0.442168682191728,0.809255775978322,NA,"sintetico_postestratificado",FALSE,0.367087093786594,"16","109","Zináparo"
812,0.638084474326506,0.423312710020755,0.810508883937485,NA,"sintetico_postestratificado",FALSE,0.38719617391673,"16","110","Zinapécuaro"
813,0.642488783132398,0.458369507236906,0.807183382389983,NA,"sintetico_postestratificado",FALSE,0.348813875153077,"16","010","Arteaga"
814,0.642568101842064,0.45333689707711,0.812715390831829,NA,"sintetico_postestratificado",FALSE,0.359378493754719,"16","011","Briseñas"
815,0.639497772057245,0.446321780022757,0.807530006828521,NA,"sintetico_postestratificado",FALSE,0.361208226805764,"16","098","Tuxpan"
816,0.612780421012591,0.40054737639685,0.785047264744296,NA,"sintetico_postestratificado",FALSE,0.384499888347446,"16","031","Epitacio Huerta"
817,0.603638780193669,0.388327893198795,0.787020874366583,NA,"sintetico_postestratificado",FALSE,0.398692981167788,"16","032","Erongarícuaro"
818,0.663660913740279,0.481012997513161,0.816384446162047,NA,"sintetico_postestratificado",FALSE,0.335371448648886,"16","077","San Lucas"
819,0.664378647662481,0.503072678713484,0.813976770486585,4,"muestra_directa",TRUE,0.310904091773101,"16","099","Tuzantla"
820,0.600925133795907,0.400312460331636,0.784756141410002,NA,"sintetico_postestratificado",FALSE,0.384443681078365,"16","001","Acuitzio"
821,0.601424957271002,0.413084431836255,0.764249877129833,3,"muestra_directa",TRUE,0.351165445293578,"16","043","Jacona"
822,0.62277176556542,0.422744769368829,0.794223616068706,NA,"sintetico_postestratificado",FALSE,0.371478846699877,"16","044","Jiménez"
823,0.650370379470536,0.450920435339053,0.801922355899522,NA,"sintetico_postestratificado",FALSE,0.351001920560468,"16","045","Jiquilpan"
824,0.544814668505141,0.36410505020737,0.708692537306905,6,"muestra_directa",TRUE,0.344587487099536,"16","012","Buenavista"
825,0.640628080137622,0.447272094962314,0.814227884508413,NA,"sintetico_postestratificado",FALSE,0.366955789546099,"16","013","Carácuaro"
826,0.617680927215222,0.403073910481035,0.787731651765375,NA,"sintetico_postestratificado",FALSE,0.38465774128434,"16","021","Charapan"
827,0.634373294239496,0.445207921733092,0.799148767612844,NA,"sintetico_postestratificado",FALSE,0.353940845879753,"16","020","Cuitzeo"
828,0.625064263617576,0.440666486611353,0.775798008800752,8,"muestra_directa",TRUE,0.335131522189399,"16","019","Cotija"
829,0.597264171742544,0.395901869138763,0.779367194676803,NA,"sintetico_postestratificado",FALSE,0.38346532553804,"16","018","Copándaro"
830,0.621124949274426,0.423470447869911,0.797556192923391,NA,"sintetico_postestratificado",FALSE,0.374085745053481,"16","087","Taretan"
831,0.632357177113622,0.435520881762247,0.804813713507574,NA,"sintetico_postestratificado",FALSE,0.369292831745327,"16","086","Tanhuato"
832,0.643878297693347,0.439050760636711,0.804382693291597,NA,"sintetico_postestratificado",FALSE,0.365331932654886,"16","072","Queréndaro"
833,0.633968404287143,0.436438982968471,0.80895709829644,NA,"sintetico_postestratificado",FALSE,0.372518115327969,"16","067","Penjamillo"
834,0.593668889095823,0.392518098776417,0.77082948621911,NA,"sintetico_postestratificado",FALSE,0.378311387442694,"16","022","Charo"
835,0.600621344561013,0.414948758046097,0.786055625966462,NA,"sintetico_postestratificado",FALSE,0.371106867920365,"16","079","Salvador Escalante"
836,0.627090232412861,0.431954493450389,0.788105635698916,NA,"sintetico_postestratificado",FALSE,0.356151142248526,"16","078","Santa Ana Maya"
837,0.657351948457187,0.470130490759982,0.820477830300215,2,"muestra_directa",TRUE,0.350347339540233,"16","075","Los Reyes"
838,0.643721468711442,0.453974104568812,0.810360225074497,NA,"sintetico_postestratificado",FALSE,0.356386120505686,"16","076","Sahuayo"
839,0.660213955260342,0.477345841207511,0.818948405099639,3,"muestra_directa",TRUE,0.341602563892129,"16","033","Gabriel Zamora"
840,0.626881954989909,0.442478735508868,0.791527064736966,NA,"sintetico_postestratificado",FALSE,0.349048329228098,"16","035","La Huacana"
841,0.618516101825457,0.430374502517985,0.788295075827558,NA,"sintetico_postestratificado",FALSE,0.357920573309573,"16","036","Huandacareo"
842,0.602464853947243,0.401869413831476,0.779095059788148,NA,"sintetico_postestratificado",FALSE,0.377225645956672,"16","037","Huaniqueo"
843,0.625681910136169,0.435832470265203,0.789721387291905,NA,"sintetico_postestratificado",FALSE,0.353888917026702,"16","038","Huetamo"
844,0.630289237694421,0.421687231570044,0.79488397507191,NA,"sintetico_postestratificado",FALSE,0.373196743501866,"16","039","Huiramba"
845,0.649270719644535,0.460519125771738,0.816091168760703,NA,"sintetico_postestratificado",FALSE,0.355572042988965,"16","040","Indaparapeo"
846,0.680507872729228,0.479691565039957,0.837217418174337,NA,"sintetico_postestratificado",FALSE,0.35752585313438,"16","041","Irimbo"
847,0.684690068315108,0.508507040786668,0.826695575315027,NA,"sintetico_postestratificado",FALSE,0.318188534528359,"16","042","Ixtlán"
848,0.67008222551554,0.480012815216677,0.826431168557486,NA,"sintetico_postestratificado",FALSE,0.346418353340808,"16","049","Madero"
849,0.652015252052924,0.44511536869818,0.806806650646004,NA,"sintetico_postestratificado",FALSE,0.361691281947824,"16","050","Maravatío"
850,0.594781296314518,0.405001603836025,0.759631300189773,3,"muestra_directa",TRUE,0.354629696353748,"16","051","Marcos Castellanos"
851,0.734137626820879,0.578782936489871,0.8569768960465,10,"muestra_directa",FALSE,0.278193959556629,"16","052","Lázaro Cárdenas"
852,0.573624659037041,0.415879122452317,0.715487015030647,15,"muestra_directa",FALSE,0.29960789257833,"16","053","Morelia"
853,0.69484956922894,0.50401458862747,0.845325245548052,NA,"sintetico_postestratificado",FALSE,0.341310656920582,"16","014","Coahuayana"
854,0.653894940260348,0.476951009345622,0.804964904440738,4,"muestra_directa",TRUE,0.328013895095116,"16","015","Coalcomán de Vázquez Pallares"
855,0.618640963029808,0.408356236015779,0.787628566805956,NA,"sintetico_postestratificado",FALSE,0.379272330790177,"16","016","Coeneo"
856,0.646089006719213,0.466108014357642,0.812800989875888,NA,"sintetico_postestratificado",FALSE,0.346692975518245,"16","017","Contepec"
857,0.666231826160064,0.468153140815791,0.828002007911562,NA,"sintetico_postestratificado",FALSE,0.359848867095771,"16","083","Tancítaro"
858,0.685925177261823,0.529460121495464,0.815445005122703,13,"muestra_directa",FALSE,0.285984883627239,"16","082","Tacámbaro"
859,0.662001450119021,0.473537432955359,0.824011684966645,NA,"sintetico_postestratificado",FALSE,0.350474252011286,"16","081","Susupuato"
860,0.651030347812011,0.45347365400032,0.809595527233888,NA,"sintetico_postestratificado",FALSE,0.356121873233568,"16","056","Nahuatzen"
861,0.660182802978549,0.475289026146445,0.818957595656731,NA,"sintetico_postestratificado",FALSE,0.343668569510287,"16","080","Senguio"
862,0.675638750486993,0.491094537202534,0.823032067806172,NA,"sintetico_postestratificado",FALSE,0.331937530603638,"16","057","Nocupétaro"
863,0.679181118141322,0.4833601549384,0.822543085397266,NA,"sintetico_postestratificado",FALSE,0.339182930458866,"16","034","Hidalgo"
864,0.668227231058889,0.479730600669949,0.831218148711192,NA,"sintetico_postestratificado",FALSE,0.351487548041243,"16","058","Nuevo Parangaricutiro"
865,0.672268674949122,0.476576008761753,0.82903438811854,NA,"sintetico_postestratificado",FALSE,0.352458379356788,"16","059","Nuevo Urecho"
866,0.656342392566009,0.442735833316786,0.817582210138457,NA,"sintetico_postestratificado",FALSE,0.374846376821671,"16","060","Numarán"
867,0.678492288357744,0.509325458656682,0.83259317201314,3,"muestra_directa",TRUE,0.323267713356458,"16","062","Pajacuarán"
868,0.645812750043983,0.437335250432397,0.811004438538632,NA,"sintetico_postestratificado",FALSE,0.373669188106234,"16","063","Panindícuaro"
869,0.660063533126491,0.4675160458899,0.806911850543594,NA,"sintetico_postestratificado",FALSE,0.339395804653694,"16","064","Parácuaro"
870,0.673365550510555,0.49981339060125,0.834201319777427,NA,"sintetico_postestratificado",FALSE,0.334387929176177,"16","105","Vista Hermosa"
871,0.656207725761621,0.460664611670952,0.81707429786413,NA,"sintetico_postestratificado",FALSE,0.356409686193179,"16","065","Paracho"
872,0.662789063924831,0.456777269915088,0.82370551232287,NA,"sintetico_postestratificado",FALSE,0.366928242407782,"16","089","Tepalcatepec"
873,0.63788240332686,0.435494834916203,0.790888492802981,1,"muestra_directa",TRUE,0.355393657886777,"16","061","Ocampo"
874,0.652723607001597,0.451299030986944,0.822077970800375,NA,"sintetico_postestratificado",FALSE,0.370778939813431,"16","055","Múgica"
875,0.660909131067728,0.456382790292203,0.81794925489446,NA,"sintetico_postestratificado",FALSE,0.361566464602257,"16","054","Morelos"
876,0.669439126629783,0.474859414888165,0.823495053833786,NA,"sintetico_postestratificado",FALSE,0.348635638945621,"16","030","Ecuandureo"
877,0.717690724452788,0.554593604520157,0.857139554212382,5,"muestra_directa",TRUE,0.302545949692225,"16","029","Churumuco"
878,0.653440687367128,0.466173231461867,0.810512209736085,NA,"sintetico_postestratificado",FALSE,0.344338978274218,"16","028","Churintzio"
879,0.653968955360118,0.44829574130057,0.816177210514242,NA,"sintetico_postestratificado",FALSE,0.367881469213672,"16","027","Chucándiro"
880,0.672196962018881,0.478741111107116,0.832891795207961,NA,"sintetico_postestratificado",FALSE,0.354150684100846,"16","026","Chinicuila"
881,0.659489875125707,0.467804335406845,0.816245744989975,NA,"sintetico_postestratificado",FALSE,0.348441409583129,"16","025","Chilchota"
882,0.681074844228846,0.475470753179122,0.837767729280158,NA,"sintetico_postestratificado",FALSE,0.362296976101036,"16","024","Cherán"
883,0.667237599503765,0.486738783843301,0.814870406353734,3,"muestra_directa",TRUE,0.328131622510433,"16","023","Chavinda"
884,0.684671139627655,0.482341047511004,0.835768470837901,NA,"sintetico_postestratificado",FALSE,0.353427423326897,"16","066","Pátzcuaro"
885,0.590760272749488,0.404655447521934,0.75677914021363,5,"muestra_directa",TRUE,0.352123692691696,"16","068","Peribán"
886,0.665973503805784,0.488846271747991,0.814805450555102,3,"muestra_directa",TRUE,0.325959178807111,"16","069","La Piedad"
887,0.657503390727729,0.460621317836269,0.814370564979896,NA,"sintetico_postestratificado",FALSE,0.353749247143628,"16","070","Purépero"
888,0.65699852966411,0.468468024854573,0.818794315857156,NA,"sintetico_postestratificado",FALSE,0.350326291002583,"16","071","Puruándiro"
889,0.611136222241955,0.411892698505638,0.778069234597954,2,"muestra_directa",TRUE,0.366176536092316,"16","073","Quiroga"
890,0.666855854247414,0.474359509324713,0.829680252828649,NA,"sintetico_postestratificado",FALSE,0.355320743503936,"16","091","Tingüindín"
891,0.659333280681949,0.45940830069193,0.813244249693857,NA,"sintetico_postestratificado",FALSE,0.353835949001927,"16","113","José Sixto Verduzco"
892,0.624011127189564,0.433264727987685,0.797169377211034,NA,"sintetico_postestratificado",FALSE,0.363904649223349,"16","112","Zitácuaro"
893,0.63735395217948,0.449406215380289,0.806292547922068,NA,"sintetico_postestratificado",FALSE,0.356886332541779,"16","085","Tangancícuaro"
894,0.606281378445064,0.405461084820789,0.767764265317964,4,"muestra_directa",TRUE,0.362303180497175,"16","088","Tarímbaro"
895,0.620031031736356,0.422980107757069,0.786529403853551,NA,"sintetico_postestratificado",FALSE,0.363549296096482,"16","092","Tiquicheo de Nicolás Romero"
896,0.610180621747509,0.39265846462519,0.780493305848775,NA,"sintetico_postestratificado",FALSE,0.387834841223586,"16","093","Tlalpujahua"
897,0.642061210054365,0.442133538469437,0.817099471371584,NA,"sintetico_postestratificado",FALSE,0.374965932902147,"16","111","Ziracuaretiro"
898,0.609864915898921,0.40038402597273,0.780361853572252,NA,"sintetico_postestratificado",FALSE,0.379977827599522,"16","101","Tzitzio"
899,0.627249683390703,0.436195363587464,0.800415441531321,NA,"sintetico_postestratificado",FALSE,0.364220077943857,"16","100","Tzintzuntzan"
900,0.64426959339124,0.44424446320066,0.808557233096947,NA,"sintetico_postestratificado",FALSE,0.364312769896287,"16","095","Tocumbo"
901,0.64197530036679,0.447597393449832,0.807599222592253,NA,"sintetico_postestratificado",FALSE,0.360001829142421,"16","084","Tangamandapio"
902,0.611915075561549,0.445897782355414,0.762012951328458,6,"muestra_directa",TRUE,0.316115168973043,"16","102","Uruapan"
903,0.649741218460304,0.454035967123833,0.812601495945423,NA,"sintetico_postestratificado",FALSE,0.35856552882159,"16","103","Venustiano Carranza"
904,0.658590638479591,0.463869029500839,0.820172537250623,NA,"sintetico_postestratificado",FALSE,0.356303507749784,"16","104","Villamar"
905,0.652557374814732,0.469440247680732,0.805923528145383,NA,"sintetico_postestratificado",FALSE,0.33648328046465,"16","094","Tlazazalca"
906,0.616928394261462,0.413546787049097,0.777222701139578,2,"muestra_directa",TRUE,0.363675914090481,"16","047","Jungapeo"
907,0.652714355636939,0.456605044607095,0.814717929224122,NA,"sintetico_postestratificado",FALSE,0.358112884617027,"16","046","Juárez"
908,0.659346318411525,0.455299718153439,0.823010616565628,NA,"sintetico_postestratificado",FALSE,0.367710898412189,"16","048","Lagunillas"
909,0.665956236771107,0.472093686146869,0.82044457516486,NA,"sintetico_postestratificado",FALSE,0.348350889017991,"17","002","Atlatlahucan"
910,0.586536364002983,0.411152795914095,0.741130070406978,13,"muestra_directa",FALSE,0.329977274492883,"17","006","Cuautla"
911,0.654944009174552,0.481355860662372,0.80724332970111,5,"muestra_directa",TRUE,0.325887469038738,"17","028","Xochitepec"
912,0.653000194405975,0.466919017287252,0.811363994936663,NA,"sintetico_postestratificado",FALSE,0.344444977649411,"17","022","Tetela del Volcán"
913,0.654096133655858,0.461735621431352,0.80758851660588,NA,"sintetico_postestratificado",FALSE,0.345852895174528,"17","009","Huitzilac"
914,0.649884001199706,0.447111845535334,0.820907900272033,NA,"sintetico_postestratificado",FALSE,0.373796054736699,"17","016","Ocuituco"
915,0.741734706381746,0.595103086703548,0.864441588532294,7,"muestra_directa",TRUE,0.269338501828747,"17","008","Emiliano Zapata"
916,0.652538940593379,0.452693255716142,0.822250574106978,1,"muestra_directa",TRUE,0.369557318390836,"17","003","Axochiapan"
917,0.695829831227454,0.518755360958398,0.845858919116769,1,"muestra_directa",TRUE,0.327103558158371,"17","036","Hueyapan"
918,0.656559593307129,0.462770181742476,0.81765597788843,NA,"sintetico_postestratificado",FALSE,0.354885796145955,"17","035","Xoxocotla"
919,0.681989513482942,0.514933078769752,0.825879960827253,2,"muestra_directa",TRUE,0.310946882057501,"17","025","Tlaquiltenango"
920,0.685849373176312,0.494588448770852,0.838625759578794,NA,"sintetico_postestratificado",FALSE,0.344037310807942,"17","001","Amacuzac"
921,0.626023775549298,0.431122697989661,0.780390796012198,4,"muestra_directa",TRUE,0.349268098022537,"17","020","Tepoztlán"
922,0.637224903243068,0.45056370475072,0.803361096658038,NA,"sintetico_postestratificado",FALSE,0.352797391907318,"17","034","Coatetelco"
923,0.663211652481317,0.471042664030743,0.819167605356303,NA,"sintetico_postestratificado",FALSE,0.34812494132556,"17","027","Totolapan"
924,0.652703125167915,0.470924105330684,0.8157322504311,NA,"sintetico_postestratificado",FALSE,0.344808145100416,"17","030","Yecapixtla"
925,0.643393465689124,0.435784843114833,0.815606740925773,NA,"sintetico_postestratificado",FALSE,0.379821897810939,"17","026","Tlayacapan"
926,0.691092441126432,0.497346387229531,0.837541673089085,5,"muestra_directa",TRUE,0.340195285859554,"17","031","Zacatepec"
927,0.646227075262023,0.443149791803837,0.815006163916908,NA,"sintetico_postestratificado",FALSE,0.371856372113072,"17","021","Tetecala"
928,0.612605387912248,0.458185996083266,0.761423190939302,9,"muestra_directa",TRUE,0.303237194856035,"17","019","Tepalcingo"
929,0.64312477409821,0.440832140195136,0.810124738728389,NA,"sintetico_postestratificado",FALSE,0.369292598533253,"17","023","Tlalnepantla"
930,0.643905805380866,0.44737033882473,0.81053765472902,NA,"sintetico_postestratificado",FALSE,0.36316731590429,"17","017","Puente de Ixtla"
931,0.63013270648707,0.438425574567682,0.794341268395487,2,"muestra_directa",TRUE,0.355915693827804,"17","015","Miacatlán"
932,0.630408249584551,0.432806587141839,0.790770987968065,NA,"sintetico_postestratificado",FALSE,0.357964400826226,"17","013","Jonacatepec de Leandro Valle"
933,0.738701711194712,0.602402438225515,0.849447754566118,17,"muestra_directa",FALSE,0.247045316340602,"17","011","Jiutepec"
934,0.631679535455506,0.428636918275344,0.793281359515925,1,"muestra_directa",TRUE,0.36464444124058,"17","010","Jantetelco"
935,0.664659941783325,0.48048639743865,0.812581506756517,3,"muestra_directa",TRUE,0.332095109317867,"17","018","Temixco"
936,0.621429426736214,0.456778563421545,0.7751753706548,7,"muestra_directa",TRUE,0.318396807233256,"17","029","Yautepec"
937,0.66863783335517,0.48230061201733,0.829733513587759,2,"muestra_directa",TRUE,0.347432901570429,"17","012","Jojutla"
938,0.647460990899773,0.474508455031366,0.800452623889093,4,"muestra_directa",TRUE,0.325944168857727,"17","024","Tlaltizapán de Zapata"
939,0.6442787323813,0.498091736922087,0.764620816143584,20,"muestra_directa",FALSE,0.266529079221497,"17","007","Cuernavaca"
940,0.627866777873983,0.444520680847953,0.793350351106941,1,"muestra_directa",TRUE,0.348829670258989,"17","005","Coatlán del Río"
941,0.657710348040152,0.497455840417281,0.79657385208678,8,"muestra_directa",TRUE,0.299118011669499,"17","004","Ayala"
942,0.613029391343335,0.415697341585109,0.783698132035116,NA,"sintetico_postestratificado",FALSE,0.368000790450007,"17","014","Mazatepec"
943,0.596628813437268,0.403204097290944,0.774216664753089,2,"muestra_directa",TRUE,0.371012567462145,"17","032","Zacualpan de Amilpas"
944,0.629058772375368,0.429036338554921,0.802315554016617,NA,"sintetico_postestratificado",FALSE,0.373279215461696,"17","033","Temoac"
945,0.69190740948672,0.506149981727219,0.84390569939246,NA,"sintetico_postestratificado",FALSE,0.337755717665241,"18","001","Acaponeta"
946,0.70287503011407,0.530500826100595,0.848841914835801,NA,"sintetico_postestratificado",FALSE,0.318341088735206,"18","009","Del Nayar"
947,0.711874271687442,0.519005155035231,0.863110906132263,NA,"sintetico_postestratificado",FALSE,0.344105751097032,"18","010","Rosamorada"
948,0.736126015987521,0.561462030712544,0.866289667909017,6,"muestra_directa",TRUE,0.304827637196473,"18","011","Ruíz"
949,0.685738521101835,0.54916014106609,0.791193784398654,35,"muestra_directa",FALSE,0.242033643332564,"18","017","Tepic"
950,0.676449242362094,0.464684490245366,0.837925903988185,NA,"sintetico_postestratificado",FALSE,0.373241413742819,"18","018","Tuxpan"
951,0.682247538254869,0.496803636173602,0.831976585032588,NA,"sintetico_postestratificado",FALSE,0.335172948858986,"18","019","La Yesca"
952,0.723115044424325,0.562464258361617,0.862222779120204,3,"muestra_directa",TRUE,0.299758520758588,"18","004","Compostela"
953,0.60421680848509,0.392728709912717,0.779368793473991,3,"muestra_directa",TRUE,0.386640083561274,"18","013","San Pedro Lagunillas"
954,0.702729902174444,0.516734710197579,0.840803960117133,5,"muestra_directa",TRUE,0.324069249919555,"18","008","Xalisco"
955,0.682097151717104,0.482810501115117,0.836807515453093,NA,"sintetico_postestratificado",FALSE,0.353997014337976,"18","005","Huajicori"
956,0.723894826291875,0.570445406084678,0.845928649401406,14,"muestra_directa",FALSE,0.275483243316727,"18","006","Ixtlán del Río"
957,0.679295915340359,0.460555921697037,0.827467420046057,1,"muestra_directa",TRUE,0.36691149834902,"18","007","Jala"
958,0.751475195650922,0.604907053198932,0.874577380150648,8,"muestra_directa",TRUE,0.269670326951716,"18","014","Santa María del Oro"
959,0.755205958908507,0.607836472362333,0.881040304461619,6,"muestra_directa",TRUE,0.273203832099286,"18","015","Santiago Ixcuintla"
960,0.725737065334065,0.534720386564087,0.864260038370601,1,"muestra_directa",TRUE,0.329539651806514,"18","016","Tecuala"
961,0.719961314279998,0.542155599580248,0.858400551944874,NA,"sintetico_postestratificado",FALSE,0.316244952364626,"18","003","Amatlán de Cañas"
962,0.707717906951551,0.522329028961145,0.86005708159822,NA,"sintetico_postestratificado",FALSE,0.337728052637075,"18","012","San Blas"
963,0.699719540488915,0.523831168919087,0.849923083974708,7,"muestra_directa",TRUE,0.326091915055621,"18","020","Bahía de Banderas"
964,0.727458399604274,0.539317189206852,0.86108975276741,2,"muestra_directa",TRUE,0.321772563560558,"18","002","Ahuacatlán"
965,0.690260727976515,0.454601372330163,0.864745627293245,NA,"sintetico_postestratificado",FALSE,0.410144254963082,"19","029","Hualahuises"
966,0.583416709864894,0.399137578441059,0.744421090472486,10,"muestra_directa",FALSE,0.345283512031426,"19","048","Santa Catarina"
967,0.611015091692135,0.425940789900626,0.775489106022693,4,"muestra_directa",TRUE,0.349548316122067,"19","044","Sabinas Hidalgo"
968,0.674567444820571,0.486427064350906,0.828152931476622,NA,"sintetico_postestratificado",FALSE,0.341725867125716,"19","042","Los Ramones"
969,0.690148285644916,0.486417904924251,0.844007652941053,NA,"sintetico_postestratificado",FALSE,0.357589748016802,"19","023","General Treviño"
970,0.694433404220454,0.513389775689811,0.84022385807833,NA,"sintetico_postestratificado",FALSE,0.32683408238852,"19","022","General Terán"
971,0.575293505979281,0.380541344014287,0.75985017481275,2,"muestra_directa",TRUE,0.379308830798462,"19","047","Hidalgo"
972,0.606383274537196,0.428174735994488,0.75982892894358,7,"muestra_directa",TRUE,0.331654192949092,"19","049","Santiago"
973,0.73559398419908,0.579264442672195,0.858095041474953,8,"muestra_directa",TRUE,0.278830598802758,"19","009","Cadereyta Jiménez"
974,0.603707750082645,0.424545769104229,0.761166547838103,6,"muestra_directa",TRUE,0.336620778733874,"19","032","Lampazos de Naranjo"
975,0.639331337452788,0.479902781864046,0.774011764644982,15,"muestra_directa",FALSE,0.294108982780936,"19","031","Juárez"
976,0.671392223378962,0.489370368715927,0.828287909307923,NA,"sintetico_postestratificado",FALSE,0.338917540591997,"19","027","Los Herreras"
977,0.675772936906727,0.469461369704277,0.840190978540523,NA,"sintetico_postestratificado",FALSE,0.370729608836246,"19","020","General Bravo"
978,0.634666111626398,0.433092016165356,0.804688488263856,NA,"sintetico_postestratificado",FALSE,0.3715964720985,"19","041","Pesquería"
979,0.654635539445162,0.462796288654571,0.82498255995563,NA,"sintetico_postestratificado",FALSE,0.362186271301059,"19","040","Parás"
980,0.661734908958488,0.53303272132763,0.768841011751579,53,"muestra_directa",FALSE,0.235808290423949,"19","039","Monterrey"
981,0.677147367113981,0.524210577257188,0.80140156498151,22,"muestra_directa",FALSE,0.277190987724322,"19","046","San Nicolás de los Garza"
982,0.644803979143477,0.442245635198179,0.825199758206505,NA,"sintetico_postestratificado",FALSE,0.382954123008326,"19","019","San Pedro Garza García"
983,0.637847536442794,0.439165071030337,0.802498890330748,NA,"sintetico_postestratificado",FALSE,0.36333381930041,"19","037","Mina"
984,0.679578879705442,0.47905986470404,0.843211236985062,NA,"sintetico_postestratificado",FALSE,0.364151372281021,"19","010","El Carmen"
985,0.567600120973469,0.431304178027997,0.697474179056669,27,"muestra_directa",FALSE,0.266170001028672,"19","021","General Escobedo"
986,0.737496520368129,0.592835513898492,0.854987198366363,17,"muestra_directa",FALSE,0.262151684467871,"19","012","Ciénega de Flores"
987,0.648060049273953,0.44144829394641,0.822322693624157,NA,"sintetico_postestratificado",FALSE,0.380874399677747,"19","002","Agualeguas"
988,0.649139370722238,0.43600972035566,0.819675589413125,NA,"sintetico_postestratificado",FALSE,0.383665869057466,"19","005","Anáhuac"
989,0.614747094729376,0.426813329681727,0.796049860785655,NA,"sintetico_postestratificado",FALSE,0.369236531103928,"19","024","General Zaragoza"
990,0.651580486415433,0.523444410783678,0.764753466053982,46,"muestra_directa",FALSE,0.241309055270304,"19","026","Guadalupe"
991,0.642260870764919,0.452056004539962,0.813577977568166,NA,"sintetico_postestratificado",FALSE,0.361521973028204,"19","003","Los Aldamas"
992,0.656871186793763,0.460535010104383,0.818921643123577,NA,"sintetico_postestratificado",FALSE,0.358386633019193,"19","004","Allende"
993,0.666480125197821,0.473200034761286,0.832737647068241,NA,"sintetico_postestratificado",FALSE,0.359537612306955,"19","025","General Zuazua"
994,0.649817286327562,0.446421119230257,0.825339452211219,NA,"sintetico_postestratificado",FALSE,0.378918332980963,"19","015","Doctor Coss"
995,0.671213764166309,0.495583431325536,0.820714072035152,4,"muestra_directa",TRUE,0.325130640709616,"19","007","Aramberri"
996,0.663863747891986,0.492798831249225,0.806220267626105,8,"muestra_directa",TRUE,0.31342143637688,"19","018","García"
997,0.649896822461924,0.45915559692455,0.818685670685967,NA,"sintetico_postestratificado",FALSE,0.359530073761417,"19","051","Villaldama"
998,0.702734473596058,0.572704350472162,0.815761128053183,30,"muestra_directa",FALSE,0.243056777581021,"19","006","Apodaca"
999,0.634812697745575,0.444742073152375,0.795911128314901,NA,"sintetico_postestratificado",FALSE,0.351169055162526,"19","011","Cerralvo"
1000,0.636492628833736,0.429679052369375,0.799082239488084,NA,"sintetico_postestratificado",FALSE,0.369403187118709,"19","001","Abasolo"
1001,0.664941994455097,0.478334655212763,0.834524379276498,NA,"sintetico_postestratificado",FALSE,0.356189724063735,"19","017","Galeana"
1002,0.641768152460246,0.44290218911068,0.816571001004914,NA,"sintetico_postestratificado",FALSE,0.373668811894234,"19","016","Doctor González"
1003,0.666733338560285,0.459976786221214,0.820844969939252,NA,"sintetico_postestratificado",FALSE,0.360868183718039,"19","050","Vallecillo"
1004,0.684318987586432,0.498751966851648,0.840173343005448,NA,"sintetico_postestratificado",FALSE,0.3414213761538,"19","034","Marín"
1005,0.672049926893607,0.490087652775248,0.83897804533595,NA,"sintetico_postestratificado",FALSE,0.348890392560701,"19","035","Melchor Ocampo"
1006,0.651986449639154,0.455804951833167,0.814662665418024,NA,"sintetico_postestratificado",FALSE,0.358857713584857,"19","028","Higueras"
1007,0.648109425896898,0.469534235734697,0.821379963272423,NA,"sintetico_postestratificado",FALSE,0.351845727537726,"19","033","Linares"
1008,0.675615857268128,0.471270007365269,0.832623614129341,NA,"sintetico_postestratificado",FALSE,0.361353606764072,"19","036","Mier y Noriega"
1009,0.657190295243751,0.449822710421359,0.819726978338596,NA,"sintetico_postestratificado",FALSE,0.369904267917237,"19","043","Rayones"
1010,0.676037051780122,0.48618835844955,0.829798182570911,NA,"sintetico_postestratificado",FALSE,0.343609824121361,"19","014","Doctor Arroyo"
1011,0.662753251621354,0.485214991279986,0.831510598545192,NA,"sintetico_postestratificado",FALSE,0.346295607265206,"19","038","Montemorelos"
1012,0.653321210205268,0.458020199053061,0.821032425711171,NA,"sintetico_postestratificado",FALSE,0.36301222665811,"19","008","Bustamante"
1013,0.653959961871273,0.462664684470951,0.807665883978478,NA,"sintetico_postestratificado",FALSE,0.345001199507527,"19","013","China"
1014,0.676864900859909,0.481163716194969,0.838231113472083,NA,"sintetico_postestratificado",FALSE,0.357067397277114,"19","045","Salinas Victoria"
1015,0.698073178358336,0.509670277692629,0.850285620146869,NA,"sintetico_postestratificado",FALSE,0.34061534245424,"19","030","Iturbide"
1016,0.596304235518629,0.388791809506361,0.781011816909517,NA,"sintetico_postestratificado",FALSE,0.392220007403156,"20","125","San Carlos Yautepec"
1017,0.655449155403297,0.459149289143787,0.82525410824462,NA,"sintetico_postestratificado",FALSE,0.366104819100833,"20","481","Santiago Nuyoó"
1018,0.645544131726833,0.447158812199047,0.808583657143733,NA,"sintetico_postestratificado",FALSE,0.361424844944686,"20","517","Santo Domingo Tepuxtepec"
1019,0.566453994113728,0.350221345617364,0.76244108014151,NA,"sintetico_postestratificado",FALSE,0.412219734524147,"20","524","Santo Domingo Yodohino"
1020,0.631735825409296,0.436058598848441,0.801900179123322,NA,"sintetico_postestratificado",FALSE,0.365841580274881,"20","378","Santa Cruz Mixtepec"
1021,0.641556527130741,0.438302450820308,0.819008783798001,NA,"sintetico_postestratificado",FALSE,0.380706332977693,"20","054","Magdalena Zahuatlán"
1022,0.677765488071455,0.47678360480028,0.843272570408256,NA,"sintetico_postestratificado",FALSE,0.366488965607976,"20","542","Taniche"
1023,0.710493857245926,0.523491634622876,0.849890246235335,NA,"sintetico_postestratificado",FALSE,0.326398611612459,"20","237","San Marcos Arteaga"
1024,0.631144019131136,0.418145781539823,0.804228353380318,NA,"sintetico_postestratificado",FALSE,0.386082571840495,"20","489","Santiago Tetepec"
1025,0.595261247037681,0.383121473807655,0.784363671805993,NA,"sintetico_postestratificado",FALSE,0.401242197998338,"20","544","Teococuilco de Marcos Pérez"
1026,0.576600735398136,0.363788359929583,0.76974456685732,NA,"sintetico_postestratificado",FALSE,0.405956206927737,"20","490","Santiago Texcalcingo"
1027,0.606176061872873,0.397687610335386,0.789817576717186,NA,"sintetico_postestratificado",FALSE,0.3921299663818,"20","333","San Pedro Totolápam"
1028,0.587874400705895,0.374431407592828,0.775981293395784,NA,"sintetico_postestratificado",FALSE,0.401549885802956,"20","334","Villa de Tututepec"
1029,0.682110363510369,0.474148269350182,0.841729483834976,NA,"sintetico_postestratificado",FALSE,0.367581214484794,"20","562","Magdalena Yodocono de Porfirio Díaz"
1030,0.675628902660953,0.466501781066505,0.832051528339448,NA,"sintetico_postestratificado",FALSE,0.365549747272943,"20","133","San Esteban Atatlahuca"
1031,0.58538585056222,0.378305790179509,0.767485952769182,1,"muestra_directa",TRUE,0.389180162589673,"20","134","San Felipe Jalapa de Díaz"
1032,0.610112777966602,0.392120288165564,0.794802548677263,NA,"sintetico_postestratificado",FALSE,0.402682260511699,"20","138","San Francisco Cajonos"
1033,0.667580104733289,0.463532481561562,0.829096228505693,NA,"sintetico_postestratificado",FALSE,0.365563746944131,"20","149","San Francisco Sola"
1034,0.704681301248228,0.506908880720534,0.848921048464811,NA,"sintetico_postestratificado",FALSE,0.342012167744277,"20","161","San Jerónimo Sosola"
1035,0.640396628154877,0.44732837646286,0.807232210689504,NA,"sintetico_postestratificado",FALSE,0.359903834226644,"20","159","San Jerónimo Coatlán"
1036,0.587010008088828,0.387425317849404,0.766886149888484,NA,"sintetico_postestratificado",FALSE,0.37946083203908,"20","437","Santa María Tlahuitoltepec"
1037,0.613279947265054,0.396395639058484,0.797566495416166,NA,"sintetico_postestratificado",FALSE,0.401170856357681,"20","441","Santa María Xadani"
1038,0.604163172951285,0.382111174447503,0.790384513685404,NA,"sintetico_postestratificado",FALSE,0.408273339237901,"20","446","Santa María Yucuhiti"
1039,0.641295660740245,0.44962811811214,0.811365410528301,NA,"sintetico_postestratificado",FALSE,0.361737292416161,"20","447","Santa María Zacatepec"
1040,0.643129111977854,0.44331996847796,0.81049782424425,NA,"sintetico_postestratificado",FALSE,0.36717785576629,"20","469","Santiago Juxtlahuaca"
1041,0.624932886724167,0.419942695436447,0.803715680407686,NA,"sintetico_postestratificado",FALSE,0.383772984971239,"20","511","Santo Domingo Nuxaá"
1042,0.597103523909408,0.405766157423014,0.776107908760071,NA,"sintetico_postestratificado",FALSE,0.370341751337057,"20","513","Santo Domingo Petapa"
1043,0.633688262704699,0.445384728919066,0.793872418851588,NA,"sintetico_postestratificado",FALSE,0.348487689932522,"20","278","San Miguel Soyaltepec"
1044,0.628010500348309,0.424258107185699,0.806775223081758,NA,"sintetico_postestratificado",FALSE,0.382517115896058,"20","457","Santiago Camotlán"
1045,0.609626349810441,0.40759650661882,0.780334220170921,NA,"sintetico_postestratificado",FALSE,0.372737713552102,"20","163","San Jerónimo Tecóatl"
1046,0.624413994378764,0.430698021808987,0.806044647208232,NA,"sintetico_postestratificado",FALSE,0.375346625399245,"20","166","San José Chiltepec"
1047,0.608476887459749,0.418770243712237,0.784025892084228,NA,"sintetico_postestratificado",FALSE,0.365255648371991,"20","506","Santo Domingo Albarradas"
1048,0.669389787755292,0.486935384488926,0.839040497378641,NA,"sintetico_postestratificado",FALSE,0.352105112889715,"20","482","Santiago Pinotepa Nacional"
1049,0.637329722575717,0.442327793029507,0.799755482929523,NA,"sintetico_postestratificado",FALSE,0.357427689900016,"20","508","Santo Domingo Chihuitán"
1050,0.616834097144935,0.411318729740378,0.79372385855832,NA,"sintetico_postestratificado",FALSE,0.382405128817942,"20","205","San Juan Lalana"
1051,0.623851521601127,0.436670936345914,0.790205437961239,NA,"sintetico_postestratificado",FALSE,0.353534501615325,"20","271","San Miguel Mixtepec"
1052,0.673232094342637,0.480326046171865,0.843238727389636,NA,"sintetico_postestratificado",FALSE,0.362912681217771,"20","329","San Pedro Teozacoalco"
1053,0.661032471544387,0.462730215654916,0.818545418195552,NA,"sintetico_postestratificado",FALSE,0.355815202540636,"20","330","San Pedro Teutila"
1054,0.653145193396888,0.463079207045268,0.839811091992094,NA,"sintetico_postestratificado",FALSE,0.376731884946826,"20","246","San Mateo Cajonos"
1055,0.645597681609885,0.4414510036346,0.803697301898897,NA,"sintetico_postestratificado",FALSE,0.362246298264297,"20","277","Villa Sola de Vega"
1056,0.606055984702045,0.434207912768338,0.761561305365369,7,"muestra_directa",TRUE,0.327353392597032,"20","545","Teotitlán de Flores Magón"
1057,0.663903796924354,0.46497502664686,0.826015522681731,NA,"sintetico_postestratificado",FALSE,0.36104049603487,"20","546","Teotitlán del Valle"
1058,0.626767176030771,0.421782122946203,0.794244204699373,NA,"sintetico_postestratificado",FALSE,0.37246208175317,"20","547","Teotongo"
1059,0.605938336438061,0.389565918142162,0.788136384545271,NA,"sintetico_postestratificado",FALSE,0.398570466403109,"20","170","San José Lachiguiri"
1060,0.610795294983244,0.400602637820217,0.794828333092635,NA,"sintetico_postestratificado",FALSE,0.394225695272418,"20","230","San Lorenzo Victoria"
1061,0.602651310923907,0.38478261978326,0.78321341280833,NA,"sintetico_postestratificado",FALSE,0.39843079302507,"20","168","San José Estancia Grande"
1062,0.674656285544496,0.493973654839548,0.824349715347115,5,"muestra_directa",TRUE,0.330376060507567,"20","184","San Juan Bautista Tuxtepec"
1063,0.623117108137333,0.424614751072643,0.784540181379644,NA,"sintetico_postestratificado",FALSE,0.359925430307002,"20","185","San Juan Cacahuatepec"
1064,0.639859720026515,0.439661942850504,0.812323857188567,NA,"sintetico_postestratificado",FALSE,0.372661914338064,"20","404","Santa María Chachoápam"
1065,0.686025976357884,0.487512545753427,0.83700538881886,NA,"sintetico_postestratificado",FALSE,0.349492843065433,"20","407","Santa María Chimalapa"
1066,0.625249407538303,0.424394434835086,0.794423217818441,NA,"sintetico_postestratificado",FALSE,0.370028782983355,"20","186","San Juan Cieneguilla"
1067,0.58175578350676,0.377183445339626,0.768766311046479,NA,"sintetico_postestratificado",FALSE,0.391582865706853,"20","214","San Juan Quiotepec"
1068,0.610671763246668,0.404749230206353,0.795139226434176,NA,"sintetico_postestratificado",FALSE,0.390389996227823,"20","220","San Juan Tepeuxila"
1069,0.57173153177057,0.357820390610671,0.763047949049353,NA,"sintetico_postestratificado",FALSE,0.405227558438681,"20","227","San Lorenzo Cacaotepec"
1070,0.636556535724914,0.433009814035881,0.805408473845458,NA,"sintetico_postestratificado",FALSE,0.372398659809577,"20","261","San Miguel Amatitlán"
1071,0.648052494540958,0.445297961274552,0.819531301645419,NA,"sintetico_postestratificado",FALSE,0.374233340370867,"20","552","Tlacotepec Plumas"
1072,0.662732225476235,0.477194676410335,0.818876533655509,NA,"sintetico_postestratificado",FALSE,0.341681857245173,"20","262","San Miguel Amatlán"
1073,0.67543590661378,0.469729585878642,0.831663981795596,NA,"sintetico_postestratificado",FALSE,0.361934395916954,"20","266","San Miguel del Puerto"
1074,0.599417377301873,0.394682073473732,0.776210225850666,NA,"sintetico_postestratificado",FALSE,0.381528152376934,"20","550","San Jerónimo Tlacochahuaya"
1075,0.603931139458308,0.402699501708946,0.788385491777582,NA,"sintetico_postestratificado",FALSE,0.385685990068636,"20","253","San Mateo Piñas"
1076,0.627424134155966,0.428078928597303,0.802577913226932,NA,"sintetico_postestratificado",FALSE,0.374498984629629,"20","254","San Mateo Río Hondo"
1077,0.590620943824883,0.388968566908168,0.769802060804569,1,"muestra_directa",TRUE,0.3808334938964,"20","272","San Miguel Panixtlahuaca"
1078,0.584051738557374,0.38402911080019,0.766541897685648,NA,"sintetico_postestratificado",FALSE,0.382512786885458,"20","273","San Miguel Peras"
1079,0.613401852982431,0.408620420921973,0.779078743640649,NA,"sintetico_postestratificado",FALSE,0.370458322718676,"20","275","San Miguel Quetzaltepec"
1080,0.646708557267277,0.446438397071238,0.813307970463192,NA,"sintetico_postestratificado",FALSE,0.366869573391954,"20","551","Tlacolula de Matamoros"
1081,0.643342167895278,0.446356688953001,0.806718588628107,NA,"sintetico_postestratificado",FALSE,0.360361899675105,"20","357","Santa Ana Tavela"
1082,0.639032048364846,0.444543084172122,0.798446461187172,NA,"sintetico_postestratificado",FALSE,0.35390337701505,"20","502","Santiago Zacatepec"
1083,0.619024452986292,0.422905908470673,0.777940877358,NA,"sintetico_postestratificado",FALSE,0.355034968887327,"20","553","Tlalixtac de Cabrera"
1084,0.632776895147712,0.438613850330702,0.801177877520125,NA,"sintetico_postestratificado",FALSE,0.362564027189423,"20","265","San Miguel Chimalapa"
1085,0.658917215506542,0.448634309255195,0.815929583790985,NA,"sintetico_postestratificado",FALSE,0.367295274535791,"20","493","Santiago Tillo"
1086,0.71592350540847,0.531209919929905,0.850742343342282,5,"muestra_directa",TRUE,0.319532423412377,"20","318","San Pedro Mixtepec"
1087,0.64899140609578,0.452269404141315,0.810101444724877,NA,"sintetico_postestratificado",FALSE,0.357832040583561,"20","327","San Pedro Tapanatepec"
1088,0.615272239654195,0.422723591323019,0.782475577901391,NA,"sintetico_postestratificado",FALSE,0.359751986578372,"20","554","Totontepec Villa de Morelos"
1089,0.595899667642277,0.377860056319172,0.789454963850418,NA,"sintetico_postestratificado",FALSE,0.411594907531246,"20","555","Trinidad Zaachila"
1090,0.604346855164403,0.416658933660023,0.780794530379351,NA,"sintetico_postestratificado",FALSE,0.364135596719328,"20","556","La Trinidad Vista Hermosa"
1091,0.569671002493519,0.371853632320576,0.76031591048665,NA,"sintetico_postestratificado",FALSE,0.388462278166074,"20","018","Concepción Buenavista"
1092,0.607156234344725,0.394168083627758,0.775960784823583,NA,"sintetico_postestratificado",FALSE,0.381792701195825,"20","036","Guevea de Humboldt"
1093,0.594059535956951,0.390372748274162,0.766348531613383,NA,"sintetico_postestratificado",FALSE,0.375975783339221,"20","338","Villa de Etla"
1094,0.623547885288327,0.416800723056853,0.80940224519209,NA,"sintetico_postestratificado",FALSE,0.392601522135237,"20","344","San Sebastián Coatlán"
1095,0.603879841086671,0.410228560411904,0.782927808771234,NA,"sintetico_postestratificado",FALSE,0.37269924835933,"20","366","Santa Catarina Loxicha"
1096,0.616147200662172,0.405689754668066,0.792858117003552,NA,"sintetico_postestratificado",FALSE,0.387168362335486,"20","377","Santa Cruz Itundujia"
1097,0.615784613126271,0.409081722600167,0.786833729968133,NA,"sintetico_postestratificado",FALSE,0.377752007367966,"20","451","Santiago Apoala"
1098,0.638669267056656,0.436486709210435,0.804734690494533,NA,"sintetico_postestratificado",FALSE,0.368247981284098,"20","005","Asunción Ixtaltepec"
1099,0.701554012921035,0.513324027208293,0.848775253356677,NA,"sintetico_postestratificado",FALSE,0.335451226148384,"20","558","Valerio Trujano"
1100,0.684046699966495,0.491789246580554,0.838722272322851,NA,"sintetico_postestratificado",FALSE,0.346933025742297,"20","561","Yaxe"
1101,0.649339501099959,0.446032209553465,0.811912653111703,NA,"sintetico_postestratificado",FALSE,0.365880443558239,"20","056","Mártires de Tacubaya"
1102,0.597226138387337,0.398100851724169,0.771938670094651,NA,"sintetico_postestratificado",FALSE,0.373837818370482,"20","563","Yogana"
1103,0.642497827146503,0.443300881555722,0.806801301856102,NA,"sintetico_postestratificado",FALSE,0.363500420300379,"20","497","Santiago Yaitepec"
1104,0.631993921943252,0.436771120674309,0.802720919284056,NA,"sintetico_postestratificado",FALSE,0.365949798609746,"20","549","Heroica Villa Tezoatlán de Segura y Luna, Cuna de la Independencia de Oaxaca"
1105,0.67656387243271,0.485546298044208,0.836782750306895,NA,"sintetico_postestratificado",FALSE,0.351236452262687,"20","564","Yutanduchi de Guerrero"
1106,0.654322500093778,0.468875236626757,0.810800127342357,NA,"sintetico_postestratificado",FALSE,0.341924890715599,"20","565","Villa de Zaachila"
1107,0.599404704487705,0.377709751625556,0.798823489326791,NA,"sintetico_postestratificado",FALSE,0.421113737701234,"20","099","San Andrés Tepetlapa"
1108,0.555549891655889,0.327305190455317,0.744482519102385,NA,"sintetico_postestratificado",FALSE,0.417177328647067,"20","491","Santiago Textitlán"
1109,0.582685447450738,0.384992235821271,0.767350830858293,NA,"sintetico_postestratificado",FALSE,0.382358595037022,"20","031","Tamazulápam del Espíritu Santo"
1110,0.632521919462465,0.420983230133285,0.797422706719371,NA,"sintetico_postestratificado",FALSE,0.376439476586086,"20","279","San Miguel Suchixtepec"
1111,0.601960353153777,0.391808414709478,0.793435082297671,NA,"sintetico_postestratificado",FALSE,0.401626667588193,"20","401","Santa María Colotepec"
1112,0.597599252336587,0.403454026585516,0.78867290187588,NA,"sintetico_postestratificado",FALSE,0.385218875290364,"20","367","Santa Catarina Mechoacán"
1113,0.679921920788635,0.501854010147144,0.834749128662881,2,"muestra_directa",TRUE,0.332895118515736,"20","500","Santiago Yosondúa"
1114,0.678870743354156,0.462308846552497,0.840719753787109,NA,"sintetico_postestratificado",FALSE,0.378410907234612,"20","503","Santiago Zoochila"
1115,0.660210825937008,0.457319977290725,0.826180531506064,NA,"sintetico_postestratificado",FALSE,0.368860554215339,"20","379","Santa Cruz Nundaco"
1116,0.615361774900443,0.421094942552883,0.801240834275702,NA,"sintetico_postestratificado",FALSE,0.380145891722819,"20","494","Santiago Tlazoyaltepec"
1117,0.607237882245511,0.400207394809524,0.788162704002146,NA,"sintetico_postestratificado",FALSE,0.387955309192621,"20","499","Santiago Yolomécatl"
1118,0.599134539332607,0.390461570945426,0.780630185918763,NA,"sintetico_postestratificado",FALSE,0.390168614973337,"20","058","Mazatlán Villa de Flores"
1119,0.619360549970388,0.411586455961668,0.795237093148119,NA,"sintetico_postestratificado",FALSE,0.383650637186451,"20","059","Miahuatlán de Porfirio Díaz"
1120,0.603190602011444,0.411015427546652,0.78613088431525,NA,"sintetico_postestratificado",FALSE,0.375115456768598,"20","177","San Juan Bautista Cuicatlán"
1121,0.611974149929247,0.412864644446482,0.789509340975942,NA,"sintetico_postestratificado",FALSE,0.37664469652946,"20","359","Santa Ana Yareni"
1122,0.645926856851878,0.45484851216743,0.806515469076713,NA,"sintetico_postestratificado",FALSE,0.351666956909283,"20","364","Santa Catarina Juquila"
1123,0.662368632658634,0.440763686337495,0.817467502653336,NA,"sintetico_postestratificado",FALSE,0.376703816315841,"20","569","Santa Inés de Zaragoza"
1124,0.601378562538548,0.379033055026986,0.785252822256604,NA,"sintetico_postestratificado",FALSE,0.406219767229618,"20","570","Zimatlán de Álvarez"
1125,0.624776999601482,0.42870192518822,0.791936184767998,NA,"sintetico_postestratificado",FALSE,0.363234259579778,"20","567","Zapotitlán Lagunas"
1126,0.634453330626004,0.45722759173614,0.792020871433112,4,"muestra_directa",TRUE,0.334793279696972,"20","057","Matías Romero Avendaño"
1127,0.603123676209041,0.404646239497263,0.779719487853987,NA,"sintetico_postestratificado",FALSE,0.375073248356724,"20","423","Santa María Nduayaco"
1128,0.603897546315088,0.396147728069114,0.76875300628068,NA,"sintetico_postestratificado",FALSE,0.372605278211566,"20","112","San Baltazar Chichicápam"
1129,0.59993259915658,0.38963273901993,0.786178577885929,NA,"sintetico_postestratificado",FALSE,0.396545838865999,"20","510","Santo Domingo Ixcatlán"
1130,0.594598730296312,0.386279176944013,0.773066796239554,NA,"sintetico_postestratificado",FALSE,0.386787619295541,"20","371","Santa Catarina Ticuá"
1131,0.59858654411528,0.387314476194721,0.782686740381239,NA,"sintetico_postestratificado",FALSE,0.395372264186518,"20","424","Santa María Ozolotepec"
1132,0.569905911452818,0.367610187207799,0.74377027732079,NA,"sintetico_postestratificado",FALSE,0.376160090112991,"20","406","Santa María Chilchotla"
1133,0.605840354060409,0.401422633191734,0.785938364371558,NA,"sintetico_postestratificado",FALSE,0.384515731179824,"20","410","Santa María Ecatepec"
1134,0.627093475621425,0.426784533668069,0.799217561971108,NA,"sintetico_postestratificado",FALSE,0.372433028303039,"20","435","Santa María Tepantlali"
1135,0.654750266481582,0.459860313957239,0.821447463106315,NA,"sintetico_postestratificado",FALSE,0.361587149149077,"20","417","Santa María Jacatepec"
1136,0.670054975213701,0.465419422066945,0.829836597151089,NA,"sintetico_postestratificado",FALSE,0.364417175084143,"20","422","Santa María Nativitas"
1137,0.633770583991099,0.440027412779107,0.805625184137562,NA,"sintetico_postestratificado",FALSE,0.365597771358455,"20","439","Santa María Tonameca"
1138,0.580404282562946,0.369848852543225,0.760638155521653,NA,"sintetico_postestratificado",FALSE,0.390789302978428,"20","450","Santiago Amoltepec"
1139,0.612207127105593,0.427410226590667,0.77284565330782,7,"muestra_directa",TRUE,0.345435426717153,"20","075","Reforma de Pineda"
1140,0.623051502762204,0.422865362524558,0.801264338079196,NA,"sintetico_postestratificado",FALSE,0.378398975554638,"20","501","Santiago Yucuyachi"
1141,0.609138104260498,0.40101718026525,0.78433341891571,NA,"sintetico_postestratificado",FALSE,0.38331623865046,"20","504","Nuevo Zoquiápam"
1142,0.58795688707631,0.385978649561632,0.775807251037257,NA,"sintetico_postestratificado",FALSE,0.389828601475624,"20","505","Santo Domingo Ingenio"
1143,0.613575631763265,0.398559801299728,0.798576038054079,NA,"sintetico_postestratificado",FALSE,0.400016236754351,"20","251","San Mateo Nejápam"
1144,0.626317300997755,0.430060765419653,0.796825770259621,NA,"sintetico_postestratificado",FALSE,0.366765004839969,"20","459","Villa de Santiago Chazumba"
1145,0.640569695954927,0.436371168493429,0.805510281385108,NA,"sintetico_postestratificado",FALSE,0.36913911289168,"20","477","Santiago Minas"
1146,0.614442126396112,0.416970615827886,0.780400546254933,NA,"sintetico_postestratificado",FALSE,0.363429930427047,"20","484","Santiago Tamazola"
1147,0.598332188844404,0.366197648775819,0.792418082520042,NA,"sintetico_postestratificado",FALSE,0.426220433744223,"20","485","Santiago Tapextla"
1148,0.624380759293372,0.420898128733987,0.804924373213858,NA,"sintetico_postestratificado",FALSE,0.384026244479871,"20","492","Santiago Tilantongo"
1149,0.600950166448516,0.372394790868724,0.79038414088352,NA,"sintetico_postestratificado",FALSE,0.417989350014796,"20","495","Santiago Xanica"
1150,0.639816695853891,0.437679881258066,0.796583519346089,NA,"sintetico_postestratificado",FALSE,0.358903638088023,"20","534","San Vicente Coatlán"
1151,0.598664536470005,0.396903121043484,0.781659070498334,NA,"sintetico_postestratificado",FALSE,0.38475594945485,"20","537","Silacayoápam"
1152,0.582048391270205,0.374416917532121,0.764151084082022,NA,"sintetico_postestratificado",FALSE,0.389734166549901,"20","543","Tataltepec de Valdés"
1153,0.624064346880458,0.429106835126462,0.797278371859781,NA,"sintetico_postestratificado",FALSE,0.368171536733319,"20","548","Tepelmeme Villa de Morelos"
1154,0.561284508725545,0.348726426241596,0.764422572878957,NA,"sintetico_postestratificado",FALSE,0.415696146637361,"20","463","Santiago Huauclilla"
1155,0.5998766147813,0.39300844347591,0.787275318341158,NA,"sintetico_postestratificado",FALSE,0.394266874865248,"20","467","Santiago Jamiltepec"
1156,0.607469836762796,0.403220313658869,0.789576337635014,NA,"sintetico_postestratificado",FALSE,0.386356023976145,"20","559","San Juan Bautista Valle Nacional"
1157,0.607412935790119,0.396960879753568,0.787216537777178,NA,"sintetico_postestratificado",FALSE,0.39025565802361,"20","169","San José Independencia"
1158,0.60998033518584,0.382612591194079,0.792612416240973,NA,"sintetico_postestratificado",FALSE,0.409999825046894,"20","117","San Bartolomé Loxicha"
1159,0.579784808208079,0.369174661059759,0.774490511379553,NA,"sintetico_postestratificado",FALSE,0.405315850319794,"20","512","Santo Domingo Ozolotepec"
1160,0.590353023797751,0.371087832006098,0.763148208599878,NA,"sintetico_postestratificado",FALSE,0.39206037659378,"20","514","Santo Domingo Roayaga"
1161,0.625096893893918,0.405963840476786,0.805216546549026,NA,"sintetico_postestratificado",FALSE,0.399252706072239,"20","118","San Bartolomé Quialana"
1162,0.582647789604421,0.36796284002395,0.775735554625457,NA,"sintetico_postestratificado",FALSE,0.407772714601507,"20","518","Santo Domingo Tlatayápam"
1163,0.59890617847708,0.388051656844947,0.7839482731098,NA,"sintetico_postestratificado",FALSE,0.395896616264853,"20","440","Santa María Totolapilla"
1164,0.610082169097686,0.38958385295433,0.794274035304389,NA,"sintetico_postestratificado",FALSE,0.404690182350059,"20","568","Zapotitlán Palmas"
1165,0.618279380000977,0.403616817954946,0.791140122736434,NA,"sintetico_postestratificado",FALSE,0.387523304781488,"20","521","Santo Domingo Tonaltepec"
1166,0.617362279817228,0.40852539285378,0.79334388625298,NA,"sintetico_postestratificado",FALSE,0.384818493399201,"20","001","Abejones"
1167,0.600572509847675,0.385591099254776,0.797313413263834,NA,"sintetico_postestratificado",FALSE,0.411722314009059,"20","256","San Mateo Tlapiltepec"
1168,0.611077373258834,0.40845303247409,0.785313961308757,NA,"sintetico_postestratificado",FALSE,0.376860928834666,"20","003","Asunción Cacalotepec"
1169,0.595310430088604,0.392685324241659,0.775576215759588,NA,"sintetico_postestratificado",FALSE,0.382890891517929,"20","263","San Miguel Coatlán"
1170,0.603584569947751,0.402338530846533,0.781499846817035,NA,"sintetico_postestratificado",FALSE,0.379161315970501,"20","004","Asunción Cuyotepeji"
1171,0.622938935600434,0.397290572752102,0.808975632109213,NA,"sintetico_postestratificado",FALSE,0.41168505935711,"20","007","Asunción Ocotlán"
1172,0.661720340181926,0.460351272776067,0.828058672238049,NA,"sintetico_postestratificado",FALSE,0.367707399461981,"20","267","San Miguel del Río"
1173,0.572321300177356,0.364389840014232,0.763368944378522,NA,"sintetico_postestratificado",FALSE,0.39897910436429,"20","011","Calihualá"
1174,0.593477934419251,0.388550344636876,0.769759689521974,NA,"sintetico_postestratificado",FALSE,0.381209344885098,"20","027","Chiquihuitlán de Benito Juárez"
1175,0.661168155330682,0.464325592920712,0.820306942727645,4,"muestra_directa",TRUE,0.355981349806933,"20","030","El Espinal"
1176,0.619270698194322,0.40507761798596,0.80571457891658,NA,"sintetico_postestratificado",FALSE,0.40063696093062,"20","519","Santo Domingo Tomaltepec"
1177,0.603315570755886,0.397080344550365,0.794529806985231,NA,"sintetico_postestratificado",FALSE,0.397449462434865,"20","034","Guadalupe de Ramírez"
1178,0.626833110546823,0.431693275136568,0.799232010536503,NA,"sintetico_postestratificado",FALSE,0.367538735399935,"20","013","Ciénega de Zimatlán"
1179,0.63638480504764,0.430094124999935,0.812428426234785,NA,"sintetico_postestratificado",FALSE,0.38233430123485,"20","460","Santiago Choápam"
1180,0.611716106900169,0.395689732785675,0.791765703807115,NA,"sintetico_postestratificado",FALSE,0.39607597102144,"20","044","Loma Bonita"
1181,0.665481782914458,0.467698042933113,0.824667426148561,NA,"sintetico_postestratificado",FALSE,0.356969383215448,"20","017","La Compañía"
1182,0.616637270017442,0.409145861668747,0.809622099333916,NA,"sintetico_postestratificado",FALSE,0.400476237665169,"20","507","Santo Domingo Armenta"
1183,0.591649976052663,0.371784606242281,0.785966364382592,NA,"sintetico_postestratificado",FALSE,0.41418175814031,"20","049","Magdalena Ocotlán"
1184,0.59650067182637,0.373409305599718,0.776042639551695,NA,"sintetico_postestratificado",FALSE,0.402633333951977,"20","520","Santo Domingo Tonalá"
1185,0.577322516549403,0.378078325228921,0.768400300793298,NA,"sintetico_postestratificado",FALSE,0.390321975564377,"20","019","Concepción Pápalo"
1186,0.59233416311389,0.39838203609464,0.774253882003273,NA,"sintetico_postestratificado",FALSE,0.375871845908633,"20","022","Cosoltepec"
1187,0.570748202466779,0.365000990327001,0.760808999693727,NA,"sintetico_postestratificado",FALSE,0.395808009366726,"20","024","Cuyamecalco Villa de Zaragoza"
1188,0.648773791702691,0.430764315591072,0.841253129193221,3,"muestra_directa",TRUE,0.410488813602149,"20","025","Chahuites"
1189,0.612530946546656,0.423461413704676,0.787710186036758,NA,"sintetico_postestratificado",FALSE,0.364248772332082,"20","026","Chalcatongo de Hidalgo"
1190,0.608699662556688,0.403109409505833,0.785692832228931,NA,"sintetico_postestratificado",FALSE,0.382583422723099,"20","029","Eloxochitlán de Flores Magón"
1191,0.628247501202134,0.416210149372027,0.797175243298815,NA,"sintetico_postestratificado",FALSE,0.380965093926789,"20","032","Fresnillo de Trujano"
1192,0.45841009695521,0.279445583672555,0.637089690558317,10,"muestra_directa",FALSE,0.357644106885763,"20","515","Santo Domingo Tehuantepec"
1193,0.596997461216627,0.392078336930945,0.768266023164639,4,"muestra_directa",TRUE,0.376187686233694,"20","516","Santo Domingo Teojomulco"
1194,0.596541419407167,0.404081950543335,0.780879843695971,NA,"sintetico_postestratificado",FALSE,0.376797893152636,"20","033","Guadalupe Etla"
1195,0.654331142367755,0.441278450992652,0.816175995480886,NA,"sintetico_postestratificado",FALSE,0.374897544488235,"20","050","Magdalena Peñasco"
1196,0.640103583702008,0.432001845107848,0.811871502613434,NA,"sintetico_postestratificado",FALSE,0.379869657505586,"20","035","Guelatao de Juárez"
1197,0.611335232632026,0.392836774913992,0.792037917450034,NA,"sintetico_postestratificado",FALSE,0.399201142536042,"20","051","Magdalena Teitipac"
1198,0.599008296847921,0.401846496327507,0.787440227083788,NA,"sintetico_postestratificado",FALSE,0.385593730756282,"20","536","San Vicente Nuñú"
1199,0.606332090693635,0.407406135789891,0.768678861738465,NA,"sintetico_postestratificado",FALSE,0.361272725948574,"20","047","Santa Magdalena Jicotlán"
1200,0.630058425806619,0.416654377035371,0.808990968922089,NA,"sintetico_postestratificado",FALSE,0.392336591886718,"20","037","Mesones Hidalgo"
1201,0.650565916232919,0.444121882062053,0.81811608354304,NA,"sintetico_postestratificado",FALSE,0.373994201480987,"20","040","Huautepec"
1202,0.650237838679825,0.472901756162284,0.818389082291147,NA,"sintetico_postestratificado",FALSE,0.345487326128863,"20","041","Huautla de Jiménez"
1203,0.604149008614889,0.409194463266448,0.784045838109738,NA,"sintetico_postestratificado",FALSE,0.37485137484329,"20","042","Ixtlán de Juárez"
1204,0.601099824787462,0.400745498904442,0.768696188164922,NA,"sintetico_postestratificado",FALSE,0.36795068926048,"20","045","Magdalena Apasco"
1205,0.639592471087103,0.450811734862032,0.804014985911226,NA,"sintetico_postestratificado",FALSE,0.353203251049194,"20","053","Magdalena Tlacotepec"
1206,0.677396420095987,0.476469187024737,0.831106940233712,NA,"sintetico_postestratificado",FALSE,0.354637753208975,"20","046","Magdalena Jaltepec"
1207,0.655151022430441,0.45864290842039,0.813193642711902,NA,"sintetico_postestratificado",FALSE,0.354550734291512,"20","523","Santo Domingo Yanhuitlán"
1208,0.618418834737104,0.423548575922621,0.78845357884407,NA,"sintetico_postestratificado",FALSE,0.364905002921449,"20","048","Magdalena Mixtepec"
1209,0.643253117039918,0.444959667362569,0.807147311122307,NA,"sintetico_postestratificado",FALSE,0.362187643759738,"20","522","Santo Domingo Xagacía"
1210,0.623261116964819,0.428849101327776,0.792533280078818,NA,"sintetico_postestratificado",FALSE,0.363684178751042,"20","456","Santiago Cacaloxtepec"
1211,0.590166562164201,0.38691591678235,0.77403424784816,NA,"sintetico_postestratificado",FALSE,0.38711833106581,"20","060","Mixistlán de la Reforma"
1212,0.616887763783413,0.390308387828793,0.804375988200475,NA,"sintetico_postestratificado",FALSE,0.414067600371682,"20","061","Monjas"
1213,0.620661151864994,0.397410750925789,0.800063463760459,NA,"sintetico_postestratificado",FALSE,0.40265271283467,"20","062","Natividad"
1214,0.597778374219002,0.396411684930218,0.788936230952619,NA,"sintetico_postestratificado",FALSE,0.392524546022401,"20","063","Nazareno Etla"
1215,0.614058392406072,0.390594635346844,0.798401294549988,NA,"sintetico_postestratificado",FALSE,0.407806659203144,"20","065","Ixpantepec Nieves"
1216,0.626045003493562,0.412439506618347,0.805165722267714,NA,"sintetico_postestratificado",FALSE,0.392726215649367,"20","069","La Pe"
1217,0.636976779873852,0.430282970056464,0.807486826445471,NA,"sintetico_postestratificado",FALSE,0.377203856389007,"20","070","Pinotepa de Don Luis"
1218,0.627930913368296,0.420871335882746,0.810638171100344,NA,"sintetico_postestratificado",FALSE,0.389766835217597,"20","071","Pluma Hidalgo"
1219,0.591838198834788,0.392468377093893,0.782106198563812,NA,"sintetico_postestratificado",FALSE,0.38963782146992,"20","096","San Andrés Sinaxtla"
1220,0.607751636124069,0.404730734914332,0.790264260488855,NA,"sintetico_postestratificado",FALSE,0.385533525574523,"20","072","San José del Progreso"
1221,0.63636974311161,0.435299149884839,0.797431602427344,NA,"sintetico_postestratificado",FALSE,0.362132452542505,"20","097","San Andrés Solaga"
1222,0.634916600760408,0.417416173801048,0.792412083505683,NA,"sintetico_postestratificado",FALSE,0.374995909704635,"20","098","San Andrés Teotilálpam"
1223,0.61069409663249,0.411895332767671,0.792067611718638,NA,"sintetico_postestratificado",FALSE,0.380172278950966,"20","074","Santa Catarina Quioquitani"
1224,0.625556188391632,0.442625605513843,0.788603404430798,6,"muestra_directa",TRUE,0.345977798916956,"20","076","La Reforma"
1225,0.606198184489962,0.415791064008628,0.777967733475877,NA,"sintetico_postestratificado",FALSE,0.36217666946725,"20","190","San Juan Cotzocón"
1226,0.592392364400744,0.365447145131803,0.769380013809966,NA,"sintetico_postestratificado",FALSE,0.403932868678163,"20","078","Rojas de Cuauhtémoc"
1227,0.605269711612744,0.380860073329687,0.777846673053645,NA,"sintetico_postestratificado",FALSE,0.396986599723957,"20","077","Reyes Etla"
1228,0.592752210153827,0.37734788090218,0.783086616924737,NA,"sintetico_postestratificado",FALSE,0.405738736022557,"20","081","San Agustín Atenango"
1229,0.610820339628199,0.415813179832041,0.787547222037598,NA,"sintetico_postestratificado",FALSE,0.371734042205557,"20","094","San Andrés Nuxiño"
1230,0.562454605989674,0.346183763116363,0.76132901177496,NA,"sintetico_postestratificado",FALSE,0.415145248658596,"20","080","San Agustín Amatengo"
1231,0.575379325939321,0.362680041659365,0.755029254684871,NA,"sintetico_postestratificado",FALSE,0.392349213025506,"20","084","San Agustín Etla"
1232,0.585871581772495,0.38763392398044,0.786441615258389,NA,"sintetico_postestratificado",FALSE,0.39880769127795,"20","082","San Agustín Chayuco"
1233,0.565711644195312,0.355462930136062,0.758846399217847,NA,"sintetico_postestratificado",FALSE,0.403383469081785,"20","086","San Agustín Tlacotepec"
1234,0.585775843142836,0.369329573120433,0.762872379767766,NA,"sintetico_postestratificado",FALSE,0.393542806647333,"20","083","San Agustín de las Juntas"
1235,0.621793294351218,0.415953788030396,0.801623270196201,NA,"sintetico_postestratificado",FALSE,0.385669482165806,"20","092","San Andrés Ixtlahuaca"
1236,0.648208356403574,0.455599781243528,0.815182414403278,NA,"sintetico_postestratificado",FALSE,0.35958263315975,"20","087","San Agustín Yatareni"
1237,0.590836830774232,0.373857280894086,0.777025772904472,NA,"sintetico_postestratificado",FALSE,0.403168492010386,"20","089","San Andrés Dinicuiti"
1238,0.587851167549976,0.368969507664828,0.778020433535042,NA,"sintetico_postestratificado",FALSE,0.409050925870214,"20","090","San Andrés Huaxpaltepec"
1239,0.592104801441151,0.389611130643614,0.780088735357917,NA,"sintetico_postestratificado",FALSE,0.390477604714303,"20","091","San Andrés Huayápam"
1240,0.585638494972777,0.366116061114188,0.77625926827076,NA,"sintetico_postestratificado",FALSE,0.410143207156572,"20","095","San Andrés Paxtlán"
1241,0.577709417714344,0.357064728676632,0.762852269424574,NA,"sintetico_postestratificado",FALSE,0.405787540747942,"20","100","San Andrés Yaá"
1242,0.608373071131975,0.404837253741678,0.800309035262631,NA,"sintetico_postestratificado",FALSE,0.395471781520953,"20","101","San Andrés Zabache"
1243,0.625094014387093,0.427349864377728,0.795803152909075,NA,"sintetico_postestratificado",FALSE,0.368453288531348,"20","102","San Andrés Zautla"
1244,0.571371419018683,0.346428220125591,0.772746549893873,NA,"sintetico_postestratificado",FALSE,0.426318329768282,"20","233","San Lucas Quiaviní"
1245,0.672469007748861,0.485143056620328,0.834253344048994,NA,"sintetico_postestratificado",FALSE,0.349110287428666,"20","103","San Antonino Castillo Velasco"
1246,0.69577273347183,0.510637518401811,0.847761431445443,NA,"sintetico_postestratificado",FALSE,0.337123913043632,"20","104","San Antonino el Alto"
1247,0.58730792426429,0.368999057389326,0.78265409558935,NA,"sintetico_postestratificado",FALSE,0.413655038200024,"20","105","San Antonino Monte Verde"
1248,0.632667799617548,0.455906136727109,0.793027493804256,6,"muestra_directa",TRUE,0.337121357077147,"20","107","San Antonio de la Cal"
1249,0.614836657185208,0.39682847727428,0.795025250837355,NA,"sintetico_postestratificado",FALSE,0.398196773563076,"20","108","San Antonio Huitepec"
1250,0.607714868454942,0.408528887225906,0.796406199326942,NA,"sintetico_postestratificado",FALSE,0.387877312101037,"20","109","San Antonio Nanahuatípam"
1251,0.594565335283113,0.391131260015053,0.782404270796376,NA,"sintetico_postestratificado",FALSE,0.391273010781323,"20","110","San Antonio Sinicahua"
1252,0.568651777494206,0.368971541464905,0.762538680080036,NA,"sintetico_postestratificado",FALSE,0.393567138615131,"20","111","San Antonio Tepetlapa"
1253,0.560090389583284,0.332426042208536,0.750208698496344,NA,"sintetico_postestratificado",FALSE,0.417782656287808,"20","527","Santos Reyes Pápalo"
1254,0.616419276829811,0.424427252563166,0.788209154821282,NA,"sintetico_postestratificado",FALSE,0.363781902258116,"20","116","San Bartolomé Ayautla"
1255,0.616040736172315,0.405990219548248,0.797833841552414,NA,"sintetico_postestratificado",FALSE,0.391843622004166,"20","114","San Baltazar Yatzachi el Bajo"
1256,0.627590994917895,0.4144169326415,0.804265739995774,NA,"sintetico_postestratificado",FALSE,0.389848807354274,"20","172","San Juan Achiutla"
1257,0.593931669686007,0.394958992470214,0.774316395253909,NA,"sintetico_postestratificado",FALSE,0.379357402783696,"20","115","San Bartolo Coyotepec"
1258,0.587652034882116,0.375129890103749,0.7635303334884,NA,"sintetico_postestratificado",FALSE,0.388400443384651,"20","413","Santa María Huatulco"
1259,0.652842625653057,0.466604370083298,0.830360662376386,NA,"sintetico_postestratificado",FALSE,0.363756292293088,"20","119","San Bartolomé Yucuañe"
1260,0.615162758567596,0.411203407275366,0.802783322812297,NA,"sintetico_postestratificado",FALSE,0.391579915536931,"20","120","San Bartolomé Zoogocho"
1261,0.585735186623306,0.382628734711965,0.773769907018942,NA,"sintetico_postestratificado",FALSE,0.391141172306977,"20","121","San Bartolo Soyaltepec"
1262,0.617261552643999,0.416949634324176,0.795987601205419,NA,"sintetico_postestratificado",FALSE,0.379037966881243,"20","014","Ciudad Ixtepec"
1263,0.589756104945951,0.375064501388376,0.773959456439216,NA,"sintetico_postestratificado",FALSE,0.39889495505084,"20","015","Coatecas Altas"
1264,0.587989119461995,0.364116859151144,0.763019532085404,NA,"sintetico_postestratificado",FALSE,0.39890267293426,"20","123","San Bernardo Mixtepec"
1265,0.57834285504255,0.35833402618545,0.789263511249581,NA,"sintetico_postestratificado",FALSE,0.430929485064132,"20","122","San Bartolo Yautepec"
1266,0.588410469327389,0.371350872103896,0.774861551672505,NA,"sintetico_postestratificado",FALSE,0.403510679568609,"20","528","Santos Reyes Tepejillo"
1267,0.565178977688637,0.351131626065486,0.765688170415,NA,"sintetico_postestratificado",FALSE,0.414556544349514,"20","124","Heroica Villa de San Blas Atempa"
1268,0.570873343095486,0.35029079894155,0.750867612865415,NA,"sintetico_postestratificado",FALSE,0.400576813923865,"20","129","San Cristóbal Suchixtlahuaca"
1269,0.614042518159184,0.414447628191515,0.802850349826983,NA,"sintetico_postestratificado",FALSE,0.388402721635468,"20","206","San Juan de los Cués"
1270,0.617645572342568,0.403235037377642,0.795418739256669,NA,"sintetico_postestratificado",FALSE,0.392183701879027,"20","126","San Cristóbal Amatlán"
1271,0.595622952672716,0.376881980901707,0.782075987604251,NA,"sintetico_postestratificado",FALSE,0.405194006702543,"20","020","Constancia del Rosario"
1272,0.574549636702323,0.365509215678802,0.765057214380882,NA,"sintetico_postestratificado",FALSE,0.39954799870208,"20","127","San Cristóbal Amoltepec"
1273,0.587147329947253,0.380690115190875,0.778042491221918,NA,"sintetico_postestratificado",FALSE,0.397352376031043,"20","128","San Cristóbal Lachirioag"
1274,0.630017606358095,0.421651112041291,0.810257393310509,NA,"sintetico_postestratificado",FALSE,0.388606281269218,"20","529","Santos Reyes Yucuná"
1275,0.587229912871862,0.378180041187447,0.763287988673056,NA,"sintetico_postestratificado",FALSE,0.385107947485609,"20","131","San Dionisio Ocotepec"
1276,0.619579774260673,0.42575197112435,0.790422814765425,2,"muestra_directa",TRUE,0.364670843641075,"20","130","San Dionisio del Mar"
1277,0.652686043105936,0.437846941649062,0.813750779975608,NA,"sintetico_postestratificado",FALSE,0.375903838326546,"20","152","San Francisco Tlapancingo"
1278,0.631881304493047,0.418159766573239,0.803598334807135,NA,"sintetico_postestratificado",FALSE,0.385438568233896,"20","153","San Gabriel Mixtepec"
1279,0.592002569097248,0.379312609536581,0.788103295399326,NA,"sintetico_postestratificado",FALSE,0.408790685862744,"20","132","San Dionisio Ocotlán"
1280,0.566816767883394,0.352086051831985,0.764529303713953,NA,"sintetico_postestratificado",FALSE,0.412443251881968,"20","135","San Felipe Tejalápam"
1281,0.56119030914192,0.360767232174005,0.738228953362767,NA,"sintetico_postestratificado",FALSE,0.377461721188762,"20","136","San Felipe Usila"
1282,0.58230460105425,0.370051738685704,0.76812715309367,NA,"sintetico_postestratificado",FALSE,0.398075414407966,"20","137","San Francisco Cahuacuá"
1283,0.584378563394958,0.357459227666655,0.77066178643282,NA,"sintetico_postestratificado",FALSE,0.413202558766165,"20","139","San Francisco Chapulapa"
1284,0.560098419479337,0.362421354894849,0.747761087063143,NA,"sintetico_postestratificado",FALSE,0.385339732168294,"20","142","San Francisco Huehuetlán"
1285,0.592640222244367,0.387215481502898,0.777669913910145,NA,"sintetico_postestratificado",FALSE,0.390454432407247,"20","140","San Francisco Chindúa"
1286,0.57537100504251,0.343939020052182,0.759767745521008,NA,"sintetico_postestratificado",FALSE,0.415828725468826,"20","141","San Francisco del Mar"
1287,0.606564617906002,0.397950780437185,0.786988218719679,NA,"sintetico_postestratificado",FALSE,0.389037438282493,"20","160","San Jerónimo Silacayoapilla"
1288,0.587113421020423,0.366102370662811,0.78621013982924,NA,"sintetico_postestratificado",FALSE,0.420107769166429,"20","143","San Francisco Ixhuatán"
1289,0.627979626959042,0.408772083806314,0.797987677063638,NA,"sintetico_postestratificado",FALSE,0.389215593257324,"20","144","San Francisco Jaltepetongo"
1290,0.601557152093221,0.397115108627104,0.789578377802434,NA,"sintetico_postestratificado",FALSE,0.392463269175329,"20","145","San Francisco Lachigoló"
1291,0.604039086602183,0.395712611935554,0.791224803780364,NA,"sintetico_postestratificado",FALSE,0.39551219184481,"20","531","Santo Tomás Mazaltepec"
1292,0.601858151623506,0.357787221646443,0.787892456938489,NA,"sintetico_postestratificado",FALSE,0.430105235292046,"20","146","San Francisco Logueche"
1293,0.599565505804795,0.386388428604273,0.771323727786021,NA,"sintetico_postestratificado",FALSE,0.384935299181748,"20","147","San Francisco Nuxaño"
1294,0.625857911727423,0.408328190815932,0.828073298447118,NA,"sintetico_postestratificado",FALSE,0.419745107631186,"20","148","San Francisco Ozolotepec"
1295,0.611977097708731,0.420491731722134,0.781904219206445,NA,"sintetico_postestratificado",FALSE,0.361412487484311,"20","150","San Francisco Telixtlahuaca"
1296,0.617195791093205,0.419486462019168,0.791071138686508,NA,"sintetico_postestratificado",FALSE,0.37158467666734,"20","151","San Francisco Teopan"
1297,0.626061447457336,0.424576432933722,0.808018176209507,NA,"sintetico_postestratificado",FALSE,0.383441743275785,"20","157","San Jacinto Amilpas"
1298,0.597606210511091,0.378487019165385,0.783406334018423,NA,"sintetico_postestratificado",FALSE,0.404919314853038,"20","248","San Mateo del Mar"
1299,0.684932487017724,0.477957305173999,0.857161207962884,NA,"sintetico_postestratificado",FALSE,0.379203902788885,"20","158","San Jacinto Tlacotepec"
1300,0.712514251306581,0.525308656422337,0.85158266431068,NA,"sintetico_postestratificado",FALSE,0.326274007888343,"20","162","San Jerónimo Taviche"
1301,0.691006711487811,0.497101219998468,0.8363960601776,NA,"sintetico_postestratificado",FALSE,0.339294840179131,"20","164","San Jorge Nuchita"
1302,0.687379461018762,0.494212187940899,0.840687954169817,NA,"sintetico_postestratificado",FALSE,0.346475766228917,"20","176","San Juan Bautista Coixtlahuaca"
1303,0.668709426651082,0.459061064057571,0.836191519283896,NA,"sintetico_postestratificado",FALSE,0.377130455226325,"20","165","San José Ayuquila"
1304,0.670945425830809,0.471454820772198,0.836803896703309,NA,"sintetico_postestratificado",FALSE,0.36534907593111,"20","167","San José del Peñasco"
1305,0.604255694472256,0.402153352688074,0.785791869230599,NA,"sintetico_postestratificado",FALSE,0.383638516542525,"20","530","Santo Tomás Jalieza"
1306,0.562981546769698,0.370107504696297,0.739242319251487,NA,"sintetico_postestratificado",FALSE,0.36913481455519,"20","187","San Juan Coatzóspam"
1307,0.628374454151876,0.425637310829027,0.791835006585259,NA,"sintetico_postestratificado",FALSE,0.366197695756231,"20","171","San José Tenango"
1308,0.626987575462948,0.429684070968007,0.799269407924859,NA,"sintetico_postestratificado",FALSE,0.369585336956852,"20","188","San Juan Colorado"
1309,0.570413203625679,0.364150836773166,0.76549802869603,NA,"sintetico_postestratificado",FALSE,0.401347191922864,"20","173","San Juan Atepec"
1310,0.621077989233856,0.399332420233442,0.798601749404684,NA,"sintetico_postestratificado",FALSE,0.399269329171243,"20","174","Ánimas Trujano"
1311,0.59682882002709,0.385418350805077,0.788971817716897,NA,"sintetico_postestratificado",FALSE,0.40355346691182,"20","191","San Juan Chicomezúchil"
1312,0.55908357399246,0.343502318673775,0.7446464496264,NA,"sintetico_postestratificado",FALSE,0.401144130952626,"20","196","San Juan Evangelista Analco"
1313,0.582395696323356,0.377150790883173,0.764318253535355,NA,"sintetico_postestratificado",FALSE,0.387167462652182,"20","178","San Juan Bautista Guelache"
1314,0.614235868586221,0.418570995698996,0.797636212583729,NA,"sintetico_postestratificado",FALSE,0.379065216884732,"20","197","San Juan Guelavía"
1315,0.689612036519275,0.494197405891348,0.842162820663737,NA,"sintetico_postestratificado",FALSE,0.347965414772388,"20","180","San Juan Bautista Lo de Soto"
1316,0.590450540092826,0.357012027548225,0.771826363279652,NA,"sintetico_postestratificado",FALSE,0.414814335731427,"20","204","San Juan Lajarcia"
1317,0.630535159245141,0.432091588636992,0.804892394747876,NA,"sintetico_postestratificado",FALSE,0.372800806110884,"20","181","San Juan Bautista Suchitepec"
1318,0.66238349761595,0.469893935753137,0.832422460320581,NA,"sintetico_postestratificado",FALSE,0.362528524567444,"20","480","Santiago Nundiche"
1319,0.627402135867018,0.417798104182302,0.79784239297761,NA,"sintetico_postestratificado",FALSE,0.380044288795309,"20","182","San Juan Bautista Tlacoatzintepec"
1320,0.616853315707424,0.412732491779617,0.79364789545278,NA,"sintetico_postestratificado",FALSE,0.380915403673163,"20","183","San Juan Bautista Tlachichilco"
1321,0.617268132025644,0.419601606742964,0.793560133363859,NA,"sintetico_postestratificado",FALSE,0.373958526620894,"20","189","San Juan Comaltepec"
1322,0.631349478987718,0.425119795730107,0.800063269658408,NA,"sintetico_postestratificado",FALSE,0.374943473928301,"20","192","San Juan Chilateca"
1323,0.655730793233874,0.453680424594318,0.821908949507688,NA,"sintetico_postestratificado",FALSE,0.368228524913369,"20","193","San Juan del Estado"
1324,0.577510996640594,0.37595285823462,0.762874983936183,NA,"sintetico_postestratificado",FALSE,0.386922125701563,"20","464","Santiago Ihuitlán Plumas"
1325,0.558021481764223,0.333412317313735,0.750583305936742,NA,"sintetico_postestratificado",FALSE,0.417170988623007,"20","194","San Juan del Río"
1326,0.591156977400433,0.382457270739522,0.777474755128967,NA,"sintetico_postestratificado",FALSE,0.395017484389445,"20","195","San Juan Diuxi"
1327,0.605578963780765,0.405941971405014,0.784187885702509,NA,"sintetico_postestratificado",FALSE,0.378245914297495,"20","199","San Juan Ihualtepec"
1328,0.570705547356072,0.36189887463125,0.754697271595114,NA,"sintetico_postestratificado",FALSE,0.392798396963864,"20","200","San Juan Juquila Mixes"
1329,0.590239134875014,0.396501568183304,0.76373368832026,NA,"sintetico_postestratificado",FALSE,0.367232120136957,"20","201","San Juan Juquila Vijanos"
1330,0.58847258126881,0.368684221224234,0.780907436476761,NA,"sintetico_postestratificado",FALSE,0.412223215252527,"20","202","San Juan Lachao"
1331,0.586917952705083,0.380301291563496,0.772297708066793,NA,"sintetico_postestratificado",FALSE,0.391996416503297,"20","203","San Juan Lachigalla"
1332,0.609135808102224,0.400088966516985,0.790280272700767,NA,"sintetico_postestratificado",FALSE,0.390191306183783,"20","210","San Juan Ñumí"
1333,0.634740801392668,0.440519495155965,0.794555161699772,NA,"sintetico_postestratificado",FALSE,0.354035666543808,"20","208","San Juan Mixtepec"
1334,0.6227014076924,0.411524648843641,0.799635564815062,NA,"sintetico_postestratificado",FALSE,0.388110915971422,"20","209","San Juan Mixtepec"
1335,0.572245732517964,0.369075909634831,0.759253052436023,NA,"sintetico_postestratificado",FALSE,0.390177142801193,"20","566","San Mateo Yucutindoo"
1336,0.579706648732757,0.370144439164358,0.774434486796615,NA,"sintetico_postestratificado",FALSE,0.404290047632257,"20","215","San Juan Sayultepec"
1337,0.575700461218553,0.351649357739382,0.770258646209303,NA,"sintetico_postestratificado",FALSE,0.418609288469922,"20","218","San Juan Teita"
1338,0.600595622098059,0.373156520818557,0.782404968496891,NA,"sintetico_postestratificado",FALSE,0.409248447678335,"20","284","San Miguel Tilquiápam"
1339,0.639335034364809,0.418605903374481,0.808066934026581,NA,"sintetico_postestratificado",FALSE,0.389461030652099,"20","216","San Juan Tabaá"
1340,0.678236221878254,0.493862308428192,0.833766628956176,NA,"sintetico_postestratificado",FALSE,0.339904320527984,"20","217","San Juan Tamazola"
1341,0.627817704455482,0.438896330558266,0.784754769275795,NA,"sintetico_postestratificado",FALSE,0.345858438717529,"20","219","San Juan Teitipac"
1342,0.615970034735407,0.406340029267937,0.794173531111836,NA,"sintetico_postestratificado",FALSE,0.387833501843899,"20","221","San Juan Teposcolula"
1343,0.589067369231042,0.356228799452701,0.779812151106875,NA,"sintetico_postestratificado",FALSE,0.423583351654174,"20","222","San Juan Yaeé"
1344,0.60465706229132,0.38458986217637,0.789835145160884,NA,"sintetico_postestratificado",FALSE,0.405245282984514,"20","223","San Juan Yatzona"
1345,0.651426243210298,0.448328125895765,0.82456130973612,NA,"sintetico_postestratificado",FALSE,0.376233183840355,"20","541","Tanetze de Zaragoza"
1346,0.651298348432107,0.47700013868861,0.806132905207673,2,"muestra_directa",TRUE,0.329132766519063,"20","498","Santiago Yaveo"
1347,0.581572851403303,0.373972208355115,0.76936759806657,NA,"sintetico_postestratificado",FALSE,0.395395389711455,"20","224","San Juan Yucuita"
1348,0.618089115716665,0.417898108915447,0.801736513341182,NA,"sintetico_postestratificado",FALSE,0.383838404425735,"20","225","San Lorenzo"
1349,0.607420113379319,0.406817945681255,0.797613906166626,NA,"sintetico_postestratificado",FALSE,0.39079596048537,"20","016","Coicoyán de las Flores"
1350,0.611221959199159,0.395601806951956,0.792133787921575,NA,"sintetico_postestratificado",FALSE,0.396531980969619,"20","226","San Lorenzo Albarradas"
1351,0.63255829434226,0.424739440813674,0.820707375084097,NA,"sintetico_postestratificado",FALSE,0.395967934270423,"20","228","San Lorenzo Cuaunecuiltitla"
1352,0.663006513857307,0.461773361601154,0.82404074087809,NA,"sintetico_postestratificado",FALSE,0.362267379276936,"20","229","San Lorenzo Texmelúcan"
1353,0.607041833871681,0.412858333395405,0.779839946272169,NA,"sintetico_postestratificado",FALSE,0.366981612876764,"20","231","San Lucas Camotlán"
1354,0.590993279590531,0.393672285880242,0.772324349475154,NA,"sintetico_postestratificado",FALSE,0.378652063594911,"20","232","San Lucas Ojitlán"
1355,0.612798140555564,0.40234131556534,0.799253207758626,NA,"sintetico_postestratificado",FALSE,0.396911892193287,"20","234","San Lucas Zoquiápam"
1356,0.667642798873066,0.466877753719083,0.826035501921941,1,"muestra_directa",TRUE,0.359157748202858,"20","235","San Luis Amatlán"
1357,0.68149462781798,0.481964989955102,0.852555882711137,NA,"sintetico_postestratificado",FALSE,0.370590892756036,"20","236","San Marcial Ozolotepec"
1358,0.6668397195767,0.47511551610292,0.830611781317512,NA,"sintetico_postestratificado",FALSE,0.355496265214592,"20","239","San Martín Huamelúlpam"
1359,0.624576585807017,0.425037174309619,0.776106704686282,NA,"sintetico_postestratificado",FALSE,0.351069530376662,"20","240","San Martín Itunyoso"
1360,0.594230136806039,0.37326493657971,0.776157740667035,NA,"sintetico_postestratificado",FALSE,0.402892804087325,"20","241","San Martín Lachilá"
1361,0.670211134171664,0.476338638196432,0.827072510609224,NA,"sintetico_postestratificado",FALSE,0.350733872412793,"20","242","San Martín Peras"
1362,0.601148274581758,0.389687374354861,0.772018926895653,NA,"sintetico_postestratificado",FALSE,0.382331552540792,"20","243","San Martín Tilcajete"
1363,0.604239071886428,0.397889511412442,0.786002456615267,NA,"sintetico_postestratificado",FALSE,0.388112945202825,"20","244","San Martín Toxpalan"
1364,0.5682945839678,0.356874333409832,0.767856684821187,NA,"sintetico_postestratificado",FALSE,0.410982351411356,"20","249","San Mateo Yoloxochitlán"
1365,0.581672489831068,0.377692860568957,0.765421105106277,NA,"sintetico_postestratificado",FALSE,0.38772824453732,"20","525","Santo Domingo Zanatepec"
1366,0.639620207918754,0.444022594063419,0.801075051643619,NA,"sintetico_postestratificado",FALSE,0.3570524575802,"20","526","Santos Reyes Nopala"
1367,0.707039963002213,0.504609616076041,0.851134509590424,NA,"sintetico_postestratificado",FALSE,0.346524893514383,"20","245","San Martín Zacatepec"
1368,0.612041114583745,0.410932827954562,0.787784547691403,NA,"sintetico_postestratificado",FALSE,0.37685171973684,"20","269","San Miguel el Grande"
1369,0.56630141600208,0.365578932353584,0.77130317908599,NA,"sintetico_postestratificado",FALSE,0.405724246732406,"20","247","Capulálpam de Méndez"
1370,0.56120917335852,0.346715761256852,0.743808650332835,NA,"sintetico_postestratificado",FALSE,0.397092889075983,"20","250","San Mateo Etlatongo"
1371,0.597751504859238,0.383626743368919,0.790981351874754,NA,"sintetico_postestratificado",FALSE,0.407354608505835,"20","255","San Mateo Sindihui"
1372,0.617220323284104,0.409740688918247,0.804040425087053,NA,"sintetico_postestratificado",FALSE,0.394299736168806,"20","252","San Mateo Peñasco"
1373,0.604902200087956,0.399317482428406,0.787797095363419,NA,"sintetico_postestratificado",FALSE,0.388479612935012,"20","257","San Melchor Betaza"
1374,0.625627295856051,0.424173837912804,0.7999010399953,2,"muestra_directa",TRUE,0.375727202082496,"20","258","San Miguel Achiutla"
1375,0.598147189468991,0.384057774680455,0.789567413356529,NA,"sintetico_postestratificado",FALSE,0.405509638676074,"20","259","San Miguel Ahuehuetitlán"
1376,0.611323577087367,0.42151409928123,0.791235303612984,NA,"sintetico_postestratificado",FALSE,0.369721204331754,"20","260","San Miguel Aloápam"
1377,0.623944343385576,0.394327743037887,0.81158692350765,NA,"sintetico_postestratificado",FALSE,0.417259180469763,"20","268","San Miguel Ejutla"
1378,0.616906877050436,0.411993930816332,0.80262285503187,NA,"sintetico_postestratificado",FALSE,0.390628924215538,"20","276","San Miguel Santa Flor"
1379,0.583126711374377,0.379964732578224,0.771036694257239,NA,"sintetico_postestratificado",FALSE,0.391071961679015,"20","281","San Miguel Tecomatlán"
1380,0.615316162644986,0.409323577592373,0.799600883713257,NA,"sintetico_postestratificado",FALSE,0.390277306120885,"20","274","San Miguel Piedras"
1381,0.597269571982245,0.399845606505875,0.788216277048055,NA,"sintetico_postestratificado",FALSE,0.38837067054218,"20","532","Santo Tomás Ocotepec"
1382,0.598217890924703,0.398404806451192,0.776242785736759,NA,"sintetico_postestratificado",FALSE,0.377837979285567,"20","280","Villa Talea de Castro"
1383,0.609593125037871,0.389319163884761,0.787680289992653,NA,"sintetico_postestratificado",FALSE,0.398361126107892,"20","533","Santo Tomás Tamazulapan"
1384,0.563087151350856,0.361408505003426,0.753798143658284,NA,"sintetico_postestratificado",FALSE,0.392389638654858,"20","368","Santa Catarina Minas"
1385,0.569575585753492,0.342331047143412,0.764730266684884,NA,"sintetico_postestratificado",FALSE,0.422399219541472,"20","282","San Miguel Tenango"
1386,0.582917225235275,0.383717576016085,0.755805546072922,NA,"sintetico_postestratificado",FALSE,0.372087970056837,"20","052","Magdalena Tequisistlán"
1387,0.649414743572556,0.471841098439043,0.811432733732376,NA,"sintetico_postestratificado",FALSE,0.339591635293333,"20","283","San Miguel Tequixtepec"
1388,0.655958515353564,0.4574810252394,0.825563119921304,NA,"sintetico_postestratificado",FALSE,0.368082094681904,"20","535","San Vicente Lachixío"
1389,0.628631551191842,0.439565522910581,0.78988341133388,NA,"sintetico_postestratificado",FALSE,0.350317888423299,"20","286","San Miguel Tlacotepec"
1390,0.601607551675221,0.382013309590342,0.784057955239256,NA,"sintetico_postestratificado",FALSE,0.402044645648914,"20","285","San Miguel Tlacamama"
1391,0.593963165124922,0.387601109943531,0.770616983654099,NA,"sintetico_postestratificado",FALSE,0.383015873710568,"20","288","San Miguel Yotao"
1392,0.581180075076951,0.337152914867555,0.765669522647875,NA,"sintetico_postestratificado",FALSE,0.42851660778032,"20","289","San Nicolás"
1393,0.576532360402232,0.368891335386692,0.769964796798612,NA,"sintetico_postestratificado",FALSE,0.401073461411919,"20","290","San Nicolás Hidalgo"
1394,0.636890795391381,0.426917536439109,0.808525169039552,NA,"sintetico_postestratificado",FALSE,0.381607632600443,"20","292","San Pablo Cuatro Venados"
1395,0.641743247576484,0.446313262233529,0.811423170912314,NA,"sintetico_postestratificado",FALSE,0.365109908678786,"20","380","Santa Cruz Papalutla"
1396,0.59644272302928,0.397985862832853,0.771919918840719,NA,"sintetico_postestratificado",FALSE,0.373934056007866,"20","294","San Pablo Huitzo"
1397,0.620896293588489,0.424811598553398,0.791756577369941,NA,"sintetico_postestratificado",FALSE,0.366944978816543,"20","043","Heroica Ciudad de Juchitán de Zaragoza"
1398,0.591623907456772,0.384217334798937,0.778190270136911,NA,"sintetico_postestratificado",FALSE,0.393972935337974,"20","295","San Pablo Huixtepec"
1399,0.574719777852059,0.350238635634962,0.766053287357704,NA,"sintetico_postestratificado",FALSE,0.415814651722742,"20","538","Sitio de Xitlapehua"
1400,0.573420368356518,0.362716479814814,0.762243384285567,NA,"sintetico_postestratificado",FALSE,0.399526904470753,"20","296","San Pablo Macuiltianguis"
1401,0.629387227480805,0.436472398716843,0.797780468706216,NA,"sintetico_postestratificado",FALSE,0.361308069989372,"20","297","San Pablo Tijaltepec"
1402,0.629777760897596,0.423703856751601,0.808010054155152,NA,"sintetico_postestratificado",FALSE,0.384306197403551,"20","304","San Pedro Coxcaltepec Cántaros"
1403,0.657842419794894,0.464841925028321,0.819147000227559,NA,"sintetico_postestratificado",FALSE,0.354305075199238,"20","299","San Pablo Yaganiza"
1404,0.595178522647257,0.377090637529367,0.801644512178778,NA,"sintetico_postestratificado",FALSE,0.424553874649411,"20","300","San Pedro Amuzgos"
1405,0.634424639642172,0.426307954845489,0.805803233869324,NA,"sintetico_postestratificado",FALSE,0.379495279023834,"20","308","San Pedro Huilotepec"
1406,0.580038125770046,0.36773735130212,0.77180867282885,NA,"sintetico_postestratificado",FALSE,0.40407132152673,"20","301","San Pedro Apóstol"
1407,0.602852303050086,0.405126102691772,0.794263496276975,NA,"sintetico_postestratificado",FALSE,0.389137393585203,"20","311","San Pedro Jaltepetongo"
1408,0.637760798291678,0.433085141351373,0.807698618377061,NA,"sintetico_postestratificado",FALSE,0.374613477025688,"20","302","San Pedro Atoyac"
1409,0.53714461017498,0.324487388464229,0.737018083505013,NA,"sintetico_postestratificado",FALSE,0.412530695040784,"20","303","San Pedro Cajonos"
1410,0.577056319307277,0.348047516198954,0.765696656578602,NA,"sintetico_postestratificado",FALSE,0.417649140379648,"20","305","San Pedro Comitancillo"
1411,0.591112802353895,0.375089667599823,0.774230554380898,NA,"sintetico_postestratificado",FALSE,0.399140886781075,"20","321","San Pedro Nopala"
1412,0.622974733127549,0.419808763437367,0.799766433575426,NA,"sintetico_postestratificado",FALSE,0.379957670138059,"20","332","San Pedro Topiltepec"
1413,0.563296899335049,0.342487764689041,0.750490189070942,NA,"sintetico_postestratificado",FALSE,0.408002424381901,"20","307","San Pedro Huamelula"
1414,0.605222624005508,0.399581302670731,0.793111388730002,NA,"sintetico_postestratificado",FALSE,0.393530086059272,"20","312","San Pedro Jicayán"
1415,0.64416565512713,0.437001814604732,0.810557016518506,NA,"sintetico_postestratificado",FALSE,0.373555201913774,"20","313","San Pedro Jocotipac"
1416,0.589341646113497,0.38511949782884,0.757801716777282,NA,"sintetico_postestratificado",FALSE,0.372682218948442,"20","314","San Pedro Juchatengo"
1417,0.644187105008305,0.427496599061663,0.811183240680115,NA,"sintetico_postestratificado",FALSE,0.383686641618452,"20","079","Salina Cruz"
1418,0.643669518191895,0.434499345775464,0.811408405847774,NA,"sintetico_postestratificado",FALSE,0.376909060072311,"20","331","San Pedro Tidaá"
1419,0.625828781224941,0.428254707800583,0.800855422983285,NA,"sintetico_postestratificado",FALSE,0.372600715182702,"20","315","San Pedro Mártir"
1420,0.679145320124235,0.480428718177404,0.842689296542303,NA,"sintetico_postestratificado",FALSE,0.362260578364899,"20","316","San Pedro Mártir Quiechapa"
1421,0.67195603501526,0.482916105500068,0.824035133294072,NA,"sintetico_postestratificado",FALSE,0.341119027794004,"20","207","San Juan Mazatlán"
1422,0.62072556744441,0.414764613576572,0.803265971497474,NA,"sintetico_postestratificado",FALSE,0.388501357920903,"20","317","San Pedro Mártir Yucuxaco"
1423,0.664702413899788,0.466093546929374,0.819374811694478,NA,"sintetico_postestratificado",FALSE,0.353281264765104,"20","356","Santa Ana del Valle"
1424,0.655564242826776,0.466293886883139,0.826456988528257,NA,"sintetico_postestratificado",FALSE,0.360163101645119,"20","319","San Pedro Mixtepec"
1425,0.653301480066436,0.438257574589469,0.826045767919878,NA,"sintetico_postestratificado",FALSE,0.387788193330409,"20","320","San Pedro Molinos"
1426,0.647409006001176,0.43851236064131,0.808299207639494,NA,"sintetico_postestratificado",FALSE,0.369786846998184,"20","322","San Pedro Ocopetatillo"
1427,0.562406624765098,0.343191018898511,0.774141455798752,NA,"sintetico_postestratificado",FALSE,0.430950436900241,"20","323","San Pedro Ocotepec"
1428,0.570931738837985,0.354646673509407,0.767992104219241,NA,"sintetico_postestratificado",FALSE,0.413345430709834,"20","325","San Pedro Quiatoni"
1429,0.592148815077382,0.396740726861627,0.7757765013133,NA,"sintetico_postestratificado",FALSE,0.379035774451673,"20","326","San Pedro Sochiápam"
1430,0.640312232865171,0.447736757837559,0.817706106605698,NA,"sintetico_postestratificado",FALSE,0.36996934876814,"20","328","San Pedro Taviche"
1431,0.67751901893756,0.461074930423515,0.850749492141395,NA,"sintetico_postestratificado",FALSE,0.38967456171788,"20","335","San Pedro Yaneri"
1432,0.642426826567635,0.448256154145908,0.805421412646449,NA,"sintetico_postestratificado",FALSE,0.357165258500541,"20","336","San Pedro Yólox"
1433,0.653946040633541,0.46580943827065,0.807849409173086,4,"muestra_directa",TRUE,0.342039970902436,"20","339","San Pedro y San Pablo Teposcolula"
1434,0.649652755329306,0.464334475413575,0.803717465934277,NA,"sintetico_postestratificado",FALSE,0.339382990520702,"20","340","San Pedro y San Pablo Tequixtepec"
1435,0.627497112555128,0.446360676305973,0.811042406632903,NA,"sintetico_postestratificado",FALSE,0.36468173032693,"20","341","San Pedro Yucunama"
1436,0.661906223007636,0.436219527985368,0.826556485755566,NA,"sintetico_postestratificado",FALSE,0.390336957770199,"20","342","San Raymundo Jalpan"
1437,0.695858692488585,0.505905789581024,0.847700938235516,NA,"sintetico_postestratificado",FALSE,0.341795148654492,"20","343","San Sebastián Abasolo"
1438,0.638220279536492,0.446926962776544,0.804132056077235,NA,"sintetico_postestratificado",FALSE,0.357205093300692,"20","345","San Sebastián Ixcapa"
1439,0.650247473397975,0.45258679285166,0.806685681506873,NA,"sintetico_postestratificado",FALSE,0.354098888655213,"20","346","San Sebastián Nicananduta"
1440,0.59897784839472,0.398219669799894,0.783877271752662,NA,"sintetico_postestratificado",FALSE,0.385657601952768,"20","347","San Sebastián Río Hondo"
1441,0.593367054120837,0.406005920306996,0.772174608666524,NA,"sintetico_postestratificado",FALSE,0.366168688359528,"20","539","Soledad Etla"
1442,0.664529068907078,0.46541897258306,0.828149850858964,NA,"sintetico_postestratificado",FALSE,0.362730878275904,"20","211","San Juan Ozolotepec"
1443,0.677252197673561,0.483860413892553,0.842577112341891,NA,"sintetico_postestratificado",FALSE,0.358716698449338,"20","212","San Juan Petlapa"
1444,0.635048828891309,0.43563695189079,0.8110614622376,NA,"sintetico_postestratificado",FALSE,0.37542451034681,"20","213","San Juan Quiahije"
1445,0.623955455180643,0.415280149006899,0.788728559715398,NA,"sintetico_postestratificado",FALSE,0.373448410708499,"20","348","San Sebastián Tecomaxtlahuaca"
1446,0.666513668400974,0.469385779598837,0.829049755956847,NA,"sintetico_postestratificado",FALSE,0.35966397635801,"20","349","San Sebastián Teitipac"
1447,0.590451832733197,0.377467320481795,0.765328481906827,NA,"sintetico_postestratificado",FALSE,0.387861161425032,"20","540","Villa de Tamazulápam del Progreso"
1448,0.573254144312923,0.355970970124088,0.764419231226273,NA,"sintetico_postestratificado",FALSE,0.408448261102186,"20","350","San Sebastián Tutla"
1449,0.588938862057875,0.37948070420557,0.775852899783792,NA,"sintetico_postestratificado",FALSE,0.396372195578222,"20","352","San Simón Zahuatlán"
1450,0.621520517808797,0.408698852473051,0.802243952230261,NA,"sintetico_postestratificado",FALSE,0.39354509975721,"20","353","Santa Ana"
1451,0.653509571181649,0.456190248184964,0.824499609751071,NA,"sintetico_postestratificado",FALSE,0.368309361566107,"20","354","Santa Ana Ateixtlahuaca"
1452,0.670110489012384,0.472395419245844,0.831117382020416,NA,"sintetico_postestratificado",FALSE,0.358721962774572,"20","355","Santa Ana Cuauhtémoc"
1453,0.565037776035223,0.352559228388158,0.755149884320913,NA,"sintetico_postestratificado",FALSE,0.402590655932755,"20","358","Santa Ana Tlapacoyan"
1454,0.602744948520521,0.388085980604937,0.789522846429012,NA,"sintetico_postestratificado",FALSE,0.401436865824075,"20","360","Santa Ana Zegache"
1455,0.651133984705253,0.444875515100871,0.823707500848013,NA,"sintetico_postestratificado",FALSE,0.378831985747142,"20","361","Santa Catalina Quierí"
1456,0.611424708999813,0.404818197754873,0.790017059842197,NA,"sintetico_postestratificado",FALSE,0.385198862087324,"20","362","Santa Catarina Cuixtla"
1457,0.587676790367808,0.381050000244975,0.775409615580935,NA,"sintetico_postestratificado",FALSE,0.39435961533596,"20","363","Santa Catarina Ixtepeji"
1458,0.595785591674674,0.379135300073909,0.785043304809324,NA,"sintetico_postestratificado",FALSE,0.405908004735415,"20","369","Santa Catarina Quiané"
1459,0.60416502677955,0.396377744504438,0.796072446995487,NA,"sintetico_postestratificado",FALSE,0.399694702491049,"20","370","Santa Catarina Tayata"
1460,0.568013125910057,0.359505228241666,0.756436577764747,NA,"sintetico_postestratificado",FALSE,0.396931349523081,"20","381","Santa Cruz Tacache de Mina"
1461,0.59195814534333,0.377852787304991,0.780153721639654,NA,"sintetico_postestratificado",FALSE,0.402300934334663,"20","372","Santa Catarina Yosonotú"
1462,0.610030119541568,0.390363831686364,0.793845604363855,NA,"sintetico_postestratificado",FALSE,0.403481772677491,"20","373","Santa Catarina Zapoquila"
1463,0.564987491074554,0.357770167263977,0.762001958371612,NA,"sintetico_postestratificado",FALSE,0.404231791107635,"20","374","Santa Cruz Acatepec"
1464,0.628412697745908,0.433591824948902,0.814938610094267,NA,"sintetico_postestratificado",FALSE,0.381346785145365,"20","293","San Pablo Etla"
1465,0.61123546247439,0.391977254823717,0.791712240658356,NA,"sintetico_postestratificado",FALSE,0.399734985834639,"20","375","Santa Cruz Amilpas"
1466,0.582517133925457,0.366228062688205,0.787881679053965,NA,"sintetico_postestratificado",FALSE,0.42165361636576,"20","376","Santa Cruz de Bravo"
1467,0.582403211302,0.387204153930554,0.771366073220035,NA,"sintetico_postestratificado",FALSE,0.384161919289482,"20","382","Santa Cruz Tacahua"
1468,0.622747344337575,0.425868047628681,0.803173562970202,NA,"sintetico_postestratificado",FALSE,0.377305515341521,"20","383","Santa Cruz Tayata"
1469,0.611874073492041,0.404374771870014,0.78986679230044,NA,"sintetico_postestratificado",FALSE,0.385492020430426,"20","384","Santa Cruz Xitla"
1470,0.603445914414827,0.400573285195273,0.781489564781899,NA,"sintetico_postestratificado",FALSE,0.380916279586626,"20","386","Santa Cruz Zenzontepec"
1471,0.596235600507934,0.386341573719718,0.784823414882614,NA,"sintetico_postestratificado",FALSE,0.398481841162896,"20","387","Santa Gertrudis"
1472,0.575581866944256,0.358373791171534,0.764884539126887,NA,"sintetico_postestratificado",FALSE,0.406510747955354,"20","179","San Juan Bautista Jayacatlán"
1473,0.570122557601764,0.350548299485651,0.754066374316886,NA,"sintetico_postestratificado",FALSE,0.403518074831236,"20","388","Santa Inés del Monte"
1474,0.609074338430327,0.406785641613622,0.795031935511206,1,"muestra_directa",TRUE,0.388246293897585,"20","390","Santa Lucía del Camino"
1475,0.580099883480002,0.381456916725142,0.767232455755336,3,"muestra_directa",TRUE,0.385775539030194,"20","408","Santa María del Rosario"
1476,0.600176765750501,0.388657135001962,0.783483050540458,NA,"sintetico_postestratificado",FALSE,0.394825915538496,"20","391","Santa Lucía Miahuatlán"
1477,0.600629476287831,0.405444652136605,0.785200246404049,NA,"sintetico_postestratificado",FALSE,0.379755594267444,"20","418","Santa María Jalapa del Marqués"
1478,0.665903839161819,0.455658164002514,0.826666353737266,NA,"sintetico_postestratificado",FALSE,0.371008189734751,"20","392","Santa Lucía Monteverde"
1479,0.550587719358785,0.331615451442523,0.75399279834274,NA,"sintetico_postestratificado",FALSE,0.422377346900217,"20","393","Santa Lucía Ocotlán"
1480,0.596998071901139,0.389123152134185,0.781627769863178,NA,"sintetico_postestratificado",FALSE,0.392504617728993,"20","394","Santa María Alotepec"
1481,0.577602252084198,0.370916015820574,0.757740800682385,NA,"sintetico_postestratificado",FALSE,0.386824784861811,"20","395","Santa María Apazco"
1482,0.577760112276524,0.363770897874474,0.779123607035799,NA,"sintetico_postestratificado",FALSE,0.415352709161325,"20","396","Santa María la Asunción"
1483,0.603943857271081,0.426534691999733,0.762656814143646,3,"muestra_directa",TRUE,0.336122122143912,"20","397","Heroica Ciudad de Tlaxiaco"
1484,0.626539009266443,0.413404404200584,0.791899264089386,NA,"sintetico_postestratificado",FALSE,0.378494859888801,"20","398","Ayoquezco de Aldama"
1485,0.582729017177159,0.377185723065071,0.774067998822321,NA,"sintetico_postestratificado",FALSE,0.39688227575725,"20","399","Santa María Atzompa"
1486,0.594753068314872,0.37781513188342,0.786955765465253,NA,"sintetico_postestratificado",FALSE,0.409140633581833,"20","400","Santa María Camotlán"
1487,0.61817999432579,0.404990546182654,0.802057676226835,NA,"sintetico_postestratificado",FALSE,0.397067130044181,"20","402","Santa María Cortijo"
1488,0.620834853868503,0.407657994766343,0.801930659905299,NA,"sintetico_postestratificado",FALSE,0.394272665138955,"20","154","San Ildefonso Amatlán"
1489,0.632589311128778,0.408744161500983,0.820831273964453,NA,"sintetico_postestratificado",FALSE,0.412087112463471,"20","155","San Ildefonso Sola"
1490,0.613118993647059,0.416992687371785,0.783403232067495,NA,"sintetico_postestratificado",FALSE,0.36641054469571,"20","156","San Ildefonso Villa Alta"
1491,0.619682523499288,0.407942843392563,0.804996124301113,NA,"sintetico_postestratificado",FALSE,0.39705328090855,"20","403","Santa María Coyotepec"
1492,0.550347830273451,0.358638899667015,0.737479915749534,NA,"sintetico_postestratificado",FALSE,0.378841016082519,"20","419","Santa María Jaltianguis"
1493,0.612689537975601,0.410195290525217,0.785373879174482,NA,"sintetico_postestratificado",FALSE,0.375178588649265,"20","405","Villa de Chilapa de Díaz"
1494,0.669865631770057,0.480571526480399,0.82932228029174,NA,"sintetico_postestratificado",FALSE,0.348750753811341,"20","409","Santa María del Tule"
1495,0.612908187551172,0.403637404778121,0.801835013633241,NA,"sintetico_postestratificado",FALSE,0.39819760885512,"20","264","San Miguel Chicahua"
1496,0.644304642714416,0.444051306920545,0.818986365015987,NA,"sintetico_postestratificado",FALSE,0.374935058095442,"20","411","Santa María Guelacé"
1497,0.604964638706009,0.384297275507745,0.790305267064123,NA,"sintetico_postestratificado",FALSE,0.406007991556378,"20","106","San Antonio Acutla"
1498,0.574109942464251,0.377652404219296,0.764572257103855,NA,"sintetico_postestratificado",FALSE,0.386919852884559,"20","198","San Juan Guichicovi"
1499,0.563206738421434,0.356377980336164,0.749368459266189,NA,"sintetico_postestratificado",FALSE,0.392990478930025,"20","365","Santa Catarina Lachatao"
1500,0.495425679341738,0.284130362549165,0.684982659425008,4,"muestra_directa",TRUE,0.400852296875843,"20","002","Acatlán de Pérez Figueroa"
1501,0.650740560437584,0.464876467112195,0.81325871628172,NA,"sintetico_postestratificado",FALSE,0.348382249169525,"20","006","Asunción Nochixtlán"
1502,0.619264047969313,0.399763730895319,0.793594042358773,NA,"sintetico_postestratificado",FALSE,0.393830311463455,"20","008","Asunción Tlacolulita"
1503,0.579303129265816,0.382904787931431,0.76949216701599,NA,"sintetico_postestratificado",FALSE,0.386587379084559,"20","009","Ayotzintepec"
1504,0.581156764707402,0.38905296813437,0.761747682635884,NA,"sintetico_postestratificado",FALSE,0.372694714501514,"20","010","El Barrio de la Soledad"
1505,0.608318291020672,0.412723897535953,0.779151443459045,NA,"sintetico_postestratificado",FALSE,0.366427545923092,"20","055","Mariscala de Juárez"
1506,0.58600361837135,0.387191421678439,0.785563376141573,NA,"sintetico_postestratificado",FALSE,0.398371954463134,"20","412","Santa María Guienagati"
1507,0.587637795623983,0.387584135208134,0.779672474330409,NA,"sintetico_postestratificado",FALSE,0.392088339122275,"20","414","Santa María Huazolotitlán"
1508,0.602157016668816,0.399953267740978,0.786071272991664,NA,"sintetico_postestratificado",FALSE,0.386118005250686,"20","415","Santa María Ipalapa"
1509,0.583742587085993,0.380151274748846,0.765709778073361,NA,"sintetico_postestratificado",FALSE,0.385558503324515,"20","287","San Miguel Tulancingo"
1510,0.603317107585792,0.393021085960338,0.78143693090379,NA,"sintetico_postestratificado",FALSE,0.388415844943452,"20","291","San Pablo Coatlán"
1511,0.582999796844596,0.394487439915455,0.761532970673984,NA,"sintetico_postestratificado",FALSE,0.367045530758529,"20","298","San Pablo Villa de Mitla"
1512,0.614824074595427,0.416928453341617,0.780602642455279,2,"muestra_directa",TRUE,0.363674189113663,"20","385","Santa Cruz Xoxocotlán"
1513,0.591136449815799,0.400376642343284,0.772090493127578,NA,"sintetico_postestratificado",FALSE,0.371713850784294,"20","416","Santa María Ixcatlán"
1514,0.609983328439222,0.399428364272013,0.788956995441044,NA,"sintetico_postestratificado",FALSE,0.38952863116903,"20","420","Santa María Lachixío"
1515,0.576026513362563,0.385053515542331,0.756301492417338,2,"muestra_directa",TRUE,0.371247976875007,"20","023","Cuilápam de Guerrero"
1516,0.606506236833995,0.389772052796266,0.797309847293272,NA,"sintetico_postestratificado",FALSE,0.407537794497007,"20","306","San Pedro el Alto"
1517,0.653020140805159,0.473160293042429,0.818470693009787,3,"muestra_directa",TRUE,0.345310399967359,"20","310","San Pedro Ixtlahuaca"
1518,0.633038044238518,0.430187849834857,0.810097206163546,NA,"sintetico_postestratificado",FALSE,0.379909356328688,"20","421","Santa María Mixtequilla"
1519,0.576821271450858,0.361283661842298,0.770121570179963,NA,"sintetico_postestratificado",FALSE,0.408837908337666,"20","309","San Pedro Ixcatlán"
1520,0.636349839675354,0.436909791712861,0.805802091922605,2,"muestra_directa",TRUE,0.368892300209744,"20","324","San Pedro Pochutla"
1521,0.583263739076184,0.382960595205949,0.764701276459431,NA,"sintetico_postestratificado",FALSE,0.381740681253483,"20","337","San Pedro y San Pablo Ayutla"
1522,0.590357624013815,0.385446754990541,0.774898040784339,NA,"sintetico_postestratificado",FALSE,0.389451285793798,"20","351","San Simón Almolongas"
1523,0.586561942433136,0.371040687379837,0.768325940494397,NA,"sintetico_postestratificado",FALSE,0.39728525311456,"20","425","Santa María Pápalo"
1524,0.618131168157252,0.413159360429931,0.790982675623464,NA,"sintetico_postestratificado",FALSE,0.377823315193533,"20","426","Santa María Peñoles"
1525,0.605135578617993,0.398501206880112,0.780456842024098,NA,"sintetico_postestratificado",FALSE,0.381955635143987,"20","427","Santa María Petapa"
1526,0.64156077505451,0.423656916888116,0.813662122446003,NA,"sintetico_postestratificado",FALSE,0.390005205557886,"20","428","Santa María Quiegolani"
1527,0.622138583685716,0.410219446826732,0.802291498457462,NA,"sintetico_postestratificado",FALSE,0.39207205163073,"20","432","Santa María Temaxcalapa"
1528,0.604443232282168,0.384736174209136,0.802340098042044,NA,"sintetico_postestratificado",FALSE,0.417603923832908,"20","429","Santa María Sola"
1529,0.604968207279228,0.404254288050128,0.793255406022566,NA,"sintetico_postestratificado",FALSE,0.389001117972438,"20","430","Santa María Tataltepec"
1530,0.638295149784065,0.440916912277535,0.811513595302249,NA,"sintetico_postestratificado",FALSE,0.370596683024715,"20","431","Santa María Tecomavaca"
1531,0.618117490792805,0.424423833812622,0.782909096971211,1,"muestra_directa",TRUE,0.35848526315859,"20","021","Cosolapa"
1532,0.64132356638384,0.432004563194112,0.808044223610368,NA,"sintetico_postestratificado",FALSE,0.376039660416256,"20","175","San Juan Bautista Atatlahuca"
1533,0.555945101113528,0.360714364740576,0.75367218541105,NA,"sintetico_postestratificado",FALSE,0.392957820670474,"20","270","San Miguel Huautla"
1534,0.637933829066576,0.423098494946874,0.829449565051763,NA,"sintetico_postestratificado",FALSE,0.406351070104889,"20","433","Santa María Temaxcaltepec"
1535,0.621516989906797,0.429519817032524,0.789789794806509,NA,"sintetico_postestratificado",FALSE,0.360269977773986,"20","436","Santa María Texcatitlán"
1536,0.608081258744466,0.408129359206391,0.78732776153182,NA,"sintetico_postestratificado",FALSE,0.379198402325428,"20","452","Santiago Apóstol"
1537,0.653972667201974,0.446030120899573,0.809899072772255,NA,"sintetico_postestratificado",FALSE,0.363868951872683,"20","442","Santa María Yalina"
1538,0.600727214545358,0.387525264575017,0.788148650187597,NA,"sintetico_postestratificado",FALSE,0.40062338561258,"20","438","Santa María Tlalixtac"
1539,0.587122392313479,0.38270391931807,0.764915354095569,NA,"sintetico_postestratificado",FALSE,0.382211434777499,"20","434","Santa María Teopoxco"
1540,0.597463820300495,0.393042772067165,0.783887523725421,NA,"sintetico_postestratificado",FALSE,0.390844751658256,"20","444","Santa María Yolotepec"
1541,0.6027406331013,0.376107058532252,0.789292449838177,NA,"sintetico_postestratificado",FALSE,0.413185391305925,"20","443","Santa María Yavesía"
1542,0.602403676786757,0.382456613306786,0.792014316978951,NA,"sintetico_postestratificado",FALSE,0.409557703672165,"20","445","Santa María Yosoyúa"
1543,0.579961183662687,0.363213739713224,0.765175445815637,NA,"sintetico_postestratificado",FALSE,0.401961706102412,"20","448","Santa María Zaniza"
1544,0.593565981533021,0.362147180895251,0.778948386432644,NA,"sintetico_postestratificado",FALSE,0.416801205537393,"20","449","Santa María Zoquitlán"
1545,0.565650660740787,0.35507968734523,0.765080861886597,NA,"sintetico_postestratificado",FALSE,0.410001174541367,"20","462","Santiago Huajolotitlán"
1546,0.588723662389598,0.372802322838333,0.783819352604477,NA,"sintetico_postestratificado",FALSE,0.411017029766144,"20","453","Santiago Astata"
1547,0.610756674479327,0.392835083881618,0.79065749001803,NA,"sintetico_postestratificado",FALSE,0.397822406136413,"20","454","Santiago Atitlán"
1548,0.623527595333583,0.425804910923803,0.797716380114453,NA,"sintetico_postestratificado",FALSE,0.37191146919065,"20","455","Santiago Ayuquililla"
1549,0.594976423994213,0.378003936262826,0.784214670126189,NA,"sintetico_postestratificado",FALSE,0.406210733863363,"20","458","Santiago Comaltepec"
1550,0.642107720099918,0.443192580225843,0.807919876648113,NA,"sintetico_postestratificado",FALSE,0.36472729642227,"20","461","Santiago del Río"
1551,0.616812424521461,0.426567355225566,0.799619986051934,NA,"sintetico_postestratificado",FALSE,0.373052630826368,"20","465","Santiago Ixcuintepec"
1552,0.594117014962224,0.385877882401789,0.774887003898398,NA,"sintetico_postestratificado",FALSE,0.38900912149661,"20","466","Santiago Ixtayutla"
1553,0.612931676950486,0.417528877733784,0.797245687828601,NA,"sintetico_postestratificado",FALSE,0.379716810094817,"20","468","Santiago Jocotepec"
1554,0.667443327215397,0.474192601379995,0.824942510420581,NA,"sintetico_postestratificado",FALSE,0.350749909040586,"20","470","Santiago Lachiguiri"
1555,0.661954533512342,0.448878506581058,0.828218491768342,NA,"sintetico_postestratificado",FALSE,0.379339985187284,"20","471","Santiago Lalopa"
1556,0.616426438564757,0.421093768262439,0.793969058275848,NA,"sintetico_postestratificado",FALSE,0.372875290013409,"20","472","Santiago Laollaga"
1557,0.626278914145478,0.435051760179177,0.803681159543338,NA,"sintetico_postestratificado",FALSE,0.368629399364161,"20","473","Santiago Laxopa"
1558,0.625364849049824,0.413259723787465,0.795801337111345,NA,"sintetico_postestratificado",FALSE,0.382541613323879,"20","474","Santiago Llano Grande"
1559,0.570849184490855,0.367289002531235,0.753521162433888,NA,"sintetico_postestratificado",FALSE,0.386232159902653,"20","475","Santiago Matatlán"
1560,0.578520653760425,0.379304736018668,0.761249329573699,NA,"sintetico_postestratificado",FALSE,0.381944593555032,"20","476","Santiago Miltepec"
1561,0.642951742053064,0.427779014131242,0.811110846873186,NA,"sintetico_postestratificado",FALSE,0.383331832741944,"20","389","Santa Inés Yatzeche"
1562,0.673750348115532,0.495053718794521,0.829992439244841,NA,"sintetico_postestratificado",FALSE,0.33493872045032,"20","478","Santiago Nacaltepec"
1563,0.697081029311962,0.500551074681989,0.846906826294037,NA,"sintetico_postestratificado",FALSE,0.346355751612048,"20","479","Santiago Nejapilla"
1564,0.625494012564469,0.415687922564427,0.81103910109311,NA,"sintetico_postestratificado",FALSE,0.395351178528683,"20","012","Candelaria Loxicha"
1565,0.588707204033846,0.402572282775949,0.759229971781034,2,"muestra_directa",TRUE,0.356657689005085,"20","028","Heroica Ciudad de Ejutla de Crespo"
1566,0.620250540368805,0.441020925068774,0.79156264139757,1,"muestra_directa",TRUE,0.350541716328796,"20","039","Heroica Ciudad de Huajuapan de León"
1567,0.616871141806161,0.412497427438505,0.787638758756397,NA,"sintetico_postestratificado",FALSE,0.375141331317892,"20","064","Nejapa de Madero"
1568,0.644246747752804,0.432557885286754,0.809559586972913,NA,"sintetico_postestratificado",FALSE,0.377001701686159,"20","066","Santiago Niltepec"
1569,0.594753695129346,0.393138826650604,0.765731698086007,4,"muestra_directa",TRUE,0.372592871435403,"20","067","Oaxaca de Juárez"
1570,0.606900805093051,0.397111092424136,0.777688894332761,NA,"sintetico_postestratificado",FALSE,0.380577801908625,"20","068","Ocotlán de Morelos"
1571,0.643198096226532,0.445810274594036,0.801351920502705,NA,"sintetico_postestratificado",FALSE,0.355541645908669,"20","073","Putla Villa de Guerrero"
1572,0.680624544638008,0.489683807866541,0.833705362333861,NA,"sintetico_postestratificado",FALSE,0.34402155446732,"20","085","San Agustín Loxicha"
1573,0.624811950105745,0.432019923611298,0.801570154209766,NA,"sintetico_postestratificado",FALSE,0.369550230598468,"20","088","San Andrés Cabecera Nueva"
1574,0.59260346854714,0.387331540554146,0.780414211676512,NA,"sintetico_postestratificado",FALSE,0.393082671122366,"20","483","Santiago Suchilquitongo"
1575,0.594464041713646,0.3945532376648,0.777911721929881,NA,"sintetico_postestratificado",FALSE,0.383358484265081,"20","486","Villa Tejúpam de la Unión"
1576,0.6111579119972,0.405706820882327,0.79050784442813,NA,"sintetico_postestratificado",FALSE,0.384801023545803,"20","093","San Andrés Lagunas"
1577,0.59735906547194,0.372187849851223,0.783846252063083,NA,"sintetico_postestratificado",FALSE,0.41165840221186,"20","113","San Baltazar Loxicha"
1578,0.61700620785784,0.419437217037145,0.791850454284146,NA,"sintetico_postestratificado",FALSE,0.372413237247001,"20","487","Santiago Tenango"
1579,0.618758808532441,0.408900762976148,0.788948247177062,NA,"sintetico_postestratificado",FALSE,0.380047484200915,"20","488","Santiago Tepetlapa"
1580,0.638633093578549,0.448572726697595,0.809067475061311,NA,"sintetico_postestratificado",FALSE,0.360494748363717,"20","496","Santiago Xiacuí"
1581,0.605050360411589,0.383058178851858,0.788141578403531,NA,"sintetico_postestratificado",FALSE,0.405083399551672,"20","509","Santo Domingo de Morelos"
1582,0.586832046392479,0.379142246023208,0.771183509864476,NA,"sintetico_postestratificado",FALSE,0.392041263841269,"20","557","Unión Hidalgo"
1583,0.601813280998401,0.409954419996973,0.782562853901602,NA,"sintetico_postestratificado",FALSE,0.372608433904629,"20","560","Villa Díaz Ordaz"
1584,0.632326578306702,0.425213630111125,0.803859342300449,NA,"sintetico_postestratificado",FALSE,0.378645712189324,"20","038","Villa Hidalgo Yalálag"
1585,0.661217360894755,0.450539796970838,0.825770887069016,NA,"sintetico_postestratificado",FALSE,0.375231090098178,"20","238","Heroico San Martín de los Cansecos"
1586,0.622044566363337,0.439112493336872,0.774128421960712,NA,"sintetico_postestratificado",FALSE,0.33501592862384,"21","180","Tlahuapan"
1587,0.637167468574384,0.437222319842131,0.811603266444029,NA,"sintetico_postestratificado",FALSE,0.374380946601899,"21","080","Atlequizayan"
1588,0.646567710566701,0.446541672007648,0.804058307487938,NA,"sintetico_postestratificado",FALSE,0.35751663548029,"21","087","Jolalpan"
1589,0.649278708268499,0.421274808543708,0.805997276106289,NA,"sintetico_postestratificado",FALSE,0.384722467562581,"21","088","Jonotla"
1590,0.619782116060036,0.431860108072572,0.798420275668375,NA,"sintetico_postestratificado",FALSE,0.366560167595803,"21","081","Ixcamilpa de Guerrero"
1591,0.628064561228635,0.429212424759952,0.792277807522686,NA,"sintetico_postestratificado",FALSE,0.363065382762734,"21","083","Ixtacamaxtitlán"
1592,0.586305605985775,0.419028922706932,0.744112181214211,12,"muestra_directa",FALSE,0.325083258507279,"21","197","Xicotepec"
1593,0.63374585280346,0.44692091275505,0.794764384087229,NA,"sintetico_postestratificado",FALSE,0.347843471332179,"21","193","Tzicatlacoyan"
1594,0.592813329012326,0.396729103619737,0.774210854020111,NA,"sintetico_postestratificado",FALSE,0.377481750400373,"21","192","Tuzamapan de Galeana"
1595,0.634074240450117,0.435420007973854,0.805209825651859,NA,"sintetico_postestratificado",FALSE,0.369789817678005,"21","215","Zongozotla"
1596,0.607064583719403,0.401389960013231,0.793602494672259,NA,"sintetico_postestratificado",FALSE,0.392212534659028,"21","191","Tulcingo"
1597,0.605030657098748,0.3946424016734,0.787092410476818,NA,"sintetico_postestratificado",FALSE,0.392450008803418,"21","216","Zoquiapan"
1598,0.634226876465806,0.4613616356562,0.790511339076819,6,"muestra_directa",TRUE,0.329149703420618,"21","199","Xiutetelco"
1599,0.632048775815094,0.443350851234618,0.799255614303855,NA,"sintetico_postestratificado",FALSE,0.355904763069237,"21","198","Xicotlán"
1600,0.587122129429879,0.392941786588914,0.763596080036333,NA,"sintetico_postestratificado",FALSE,0.370654293447419,"21","178","Tlacuilotepec"
1601,0.638584987150199,0.441664119836503,0.804295649131391,NA,"sintetico_postestratificado",FALSE,0.362631529294888,"21","105","Ocotepec"
1602,0.657745277326655,0.472636942914925,0.813444923146205,2,"muestra_directa",TRUE,0.34080798023128,"21","132","San Martín Texmelucan"
1603,0.649474710017495,0.45642085783593,0.817347415342325,NA,"sintetico_postestratificado",FALSE,0.360926557506394,"21","143","San Salvador el Verde"
1604,0.613677116656153,0.380792460223313,0.798247867300426,NA,"sintetico_postestratificado",FALSE,0.417455407077112,"21","176","Tilapa"
1605,0.650611522110674,0.457335027846636,0.826186565791707,NA,"sintetico_postestratificado",FALSE,0.368851537945071,"21","174","Teziutlán"
1606,0.614170021054766,0.401660486727445,0.797047642780461,NA,"sintetico_postestratificado",FALSE,0.395387156053015,"21","171","Tepeyahualco de Cuauhtémoc"
1607,0.622792888959875,0.434621277822264,0.799012942105194,NA,"sintetico_postestratificado",FALSE,0.364391664282929,"21","103","Nicolás Bravo"
1608,0.666450900300473,0.477060996143541,0.833002717317575,2,"muestra_directa",TRUE,0.355941721174034,"21","102","Nealtican"
1609,0.618045550089643,0.416344380323565,0.794953034628482,NA,"sintetico_postestratificado",FALSE,0.378608654304917,"21","142","San Salvador el Seco"
1610,0.655020877513661,0.460272914723356,0.825145365947574,NA,"sintetico_postestratificado",FALSE,0.364872451224217,"21","101","Nauzontla"
1611,0.63310285888618,0.429350477554185,0.808938128678178,NA,"sintetico_postestratificado",FALSE,0.379587651123993,"21","100","Naupan"
1612,0.628935874841594,0.425145639322287,0.79978045083908,NA,"sintetico_postestratificado",FALSE,0.374634811516793,"21","099","Cañada Morelos"
1613,0.612666269110044,0.399082079957416,0.776591443839863,NA,"sintetico_postestratificado",FALSE,0.377509363882447,"21","098","Molcaxac"
1614,0.594994965245914,0.384241623139219,0.783833888539222,NA,"sintetico_postestratificado",FALSE,0.399592265400004,"21","001","Acajete"
1615,0.631718123398849,0.428951562482585,0.808775411394478,NA,"sintetico_postestratificado",FALSE,0.379823848911892,"21","182","Tlanepantla"
1616,0.649076816933768,0.446312606208123,0.812377367944864,NA,"sintetico_postestratificado",FALSE,0.366064761736741,"21","201","Xochiltepec"
1617,0.615027988590094,0.40349727893656,0.785698073744307,NA,"sintetico_postestratificado",FALSE,0.382200794807746,"21","110","Palmar de Bravo"
1618,0.58738394714507,0.370410184497246,0.763718201145008,NA,"sintetico_postestratificado",FALSE,0.393308016647762,"21","109","Pahuatlán"
1619,0.587349894050572,0.37230963983071,0.769657440647963,NA,"sintetico_postestratificado",FALSE,0.397347800817253,"21","067","Guadalupe Victoria"
1620,0.590462095332322,0.401036184099722,0.76852468279711,2,"muestra_directa",TRUE,0.367488498697388,"21","147","Santa Inés Ahuatempan"
1621,0.606906625641054,0.40081131012999,0.791053069858983,NA,"sintetico_postestratificado",FALSE,0.390241759728993,"21","204","Yaonáhuac"
1622,0.597719964824412,0.405835166183483,0.770003729391152,NA,"sintetico_postestratificado",FALSE,0.364168563207669,"21","108","Oriental"
1623,0.576282899413869,0.377507967319421,0.748730677542199,1,"muestra_directa",TRUE,0.371222710222778,"21","066","Guadalupe"
1624,0.614634414861408,0.406503381656146,0.794184832764705,NA,"sintetico_postestratificado",FALSE,0.38768145110856,"21","167","Tepetzintla"
1625,0.642756543913731,0.445620968029507,0.810523941862537,NA,"sintetico_postestratificado",FALSE,0.36490297383303,"21","166","Tepeojuma"
1626,0.576580421663579,0.401916088757152,0.737663706080166,6,"muestra_directa",TRUE,0.335747617323015,"21","065","General Felipe Ángeles"
1627,0.640584942580693,0.449775047820528,0.798471862893349,NA,"sintetico_postestratificado",FALSE,0.348696815072821,"21","181","Tlaltenango"
1628,0.622183184809347,0.430690584385252,0.794219338714219,NA,"sintetico_postestratificado",FALSE,0.363528754328967,"21","064","Francisco Z. Mena"
1629,0.637151185952298,0.446147757392641,0.798555300227308,3,"muestra_directa",TRUE,0.352407542834667,"21","148","Santa Isabel Cholula"
1630,0.642977231502246,0.448932056117334,0.813005343150856,NA,"sintetico_postestratificado",FALSE,0.364073287033522,"21","063","Esperanza"
1631,0.617624997746471,0.407789459584852,0.792994589674173,NA,"sintetico_postestratificado",FALSE,0.385205130089321,"21","217","Zoquitlán"
1632,0.657567789285202,0.481648644948041,0.810250159724827,6,"muestra_directa",TRUE,0.328601514776785,"21","207","Zacapoaxtla"
1633,0.578146692577737,0.380905935206643,0.76864182475067,NA,"sintetico_postestratificado",FALSE,0.387735889544028,"21","214","Zinacatepec"
1634,0.583953781017895,0.370975511327384,0.782412701072695,NA,"sintetico_postestratificado",FALSE,0.411437189745311,"21","059","Chinantla"
1635,0.605334420456312,0.388963749596615,0.788186971831407,NA,"sintetico_postestratificado",FALSE,0.399223222234792,"21","058","Chilchotla"
1636,0.591691372616245,0.380231879879222,0.783230968412595,NA,"sintetico_postestratificado",FALSE,0.402999088533373,"21","057","Honey"
1637,0.612587291375022,0.416891880313062,0.786317474822423,NA,"sintetico_postestratificado",FALSE,0.369425594509361,"21","056","Chila de la Sal"
1638,0.632626723842595,0.436698910898765,0.805900423508259,NA,"sintetico_postestratificado",FALSE,0.369201512609493,"21","107","Olintla"
1639,0.631491740571908,0.432175598622311,0.804726023250199,NA,"sintetico_postestratificado",FALSE,0.372550424627888,"21","106","Ocoyucan"
1640,0.655062947666597,0.468498895894923,0.81641474160041,2,"muestra_directa",TRUE,0.347915845705487,"21","055","Chila"
1641,0.643755483691352,0.450486170321486,0.811606657722067,NA,"sintetico_postestratificado",FALSE,0.361120487400581,"21","200","Xochiapulco"
1642,0.602428189546331,0.400530715042644,0.785224832126143,NA,"sintetico_postestratificado",FALSE,0.384694117083499,"21","051","Chietla"
1643,0.579918357448556,0.384306973849537,0.756130175471622,NA,"sintetico_postestratificado",FALSE,0.371823201622085,"21","050","Chichiquila"
1644,0.603591931508524,0.395305988252184,0.780792089446716,NA,"sintetico_postestratificado",FALSE,0.385486101194531,"21","096","Mazapiltepec de Juárez"
1645,0.595914769444112,0.378096573993005,0.78226103393988,NA,"sintetico_postestratificado",FALSE,0.404164459946875,"21","095","La Magdalena Tlatlauquitepec"
1646,0.60976334765528,0.403325929775747,0.782102158486945,NA,"sintetico_postestratificado",FALSE,0.378776228711198,"21","094","Libres"
1647,0.577292273507785,0.361364263510362,0.761742243835566,NA,"sintetico_postestratificado",FALSE,0.400377980325204,"21","093","Lafragua"
1648,0.590469790745923,0.394625374012284,0.761633752840768,NA,"sintetico_postestratificado",FALSE,0.367008378828484,"21","092","Juan N. Méndez"
1649,0.590393873585211,0.363881154234492,0.786210604308858,NA,"sintetico_postestratificado",FALSE,0.422329450074367,"21","091","Juan Galindo"
1650,0.595616684955984,0.40131832158252,0.778612767832593,NA,"sintetico_postestratificado",FALSE,0.377294446250073,"21","208","Zacatlán"
1651,0.604357218249189,0.400644227283301,0.799324973154673,NA,"sintetico_postestratificado",FALSE,0.398680745871372,"21","090","Juan C. Bonilla"
1652,0.599683758738292,0.395218522664668,0.780238643098698,NA,"sintetico_postestratificado",FALSE,0.385020120434031,"21","037","Coyotepec"
1653,0.59832361985813,0.395844326336927,0.780952742033129,NA,"sintetico_postestratificado",FALSE,0.385108415696202,"21","035","Coxcatlán"
1654,0.617687338596814,0.430750450066422,0.781592472888453,2,"muestra_directa",TRUE,0.350842022822031,"21","034","Coronango"
1655,0.621901643612301,0.415035499297652,0.78620187132168,NA,"sintetico_postestratificado",FALSE,0.371166372024028,"21","033","Cohuecan"
1656,0.649706886783984,0.465784549267187,0.807994266476698,NA,"sintetico_postestratificado",FALSE,0.342209717209512,"21","032","Cohetzala"
1657,0.639558747167512,0.437382972048886,0.800151539650209,NA,"sintetico_postestratificado",FALSE,0.362768567601323,"21","031","Coatzingo"
1658,0.5933563836962,0.403041545281015,0.780879046087851,NA,"sintetico_postestratificado",FALSE,0.377837500806835,"21","030","Coatepec"
1659,0.602303460473938,0.409242921266329,0.780765346390686,NA,"sintetico_postestratificado",FALSE,0.371522425124357,"21","029","Caxhuacan"
1660,0.614934318414152,0.412857570687126,0.792650557673812,NA,"sintetico_postestratificado",FALSE,0.379792986986686,"21","028","Camocuautla"
1661,0.581484021224089,0.374368622025143,0.756355532558519,NA,"sintetico_postestratificado",FALSE,0.381986910533376,"21","020","Atoyatempan"
1662,0.571584746119928,0.349357126265289,0.756634401301564,NA,"sintetico_postestratificado",FALSE,0.407277275036275,"21","077","Hueytlalpan"
1663,0.615169038692344,0.421895727486579,0.778533471972094,NA,"sintetico_postestratificado",FALSE,0.356637744485515,"21","074","Huejotzingo"
1664,0.583660279312347,0.377769562472396,0.760444973951388,NA,"sintetico_postestratificado",FALSE,0.382675411478992,"21","022","Atzitzihuacán"
1665,0.589304896987106,0.384858764356268,0.766078332762886,NA,"sintetico_postestratificado",FALSE,0.381219568406618,"21","025","Ayotoxco de Guerrero"
1666,0.612685186185225,0.414493112345079,0.783577974652145,2,"muestra_directa",TRUE,0.369084862307066,"21","177","Tlacotepec de Benito Juárez"
1667,0.617029071664935,0.4091451653786,0.793746129505382,NA,"sintetico_postestratificado",FALSE,0.384600964126782,"21","075","Hueyapan"
1668,0.617468129322458,0.402935323574526,0.799206187598186,NA,"sintetico_postestratificado",FALSE,0.39627086402366,"21","078","Huitzilan de Serdán"
1669,0.595152598861353,0.400844551912786,0.774903645193349,NA,"sintetico_postestratificado",FALSE,0.374059093280563,"21","079","Huitziltepec"
1670,0.601908714220476,0.386910995133783,0.78410532078533,NA,"sintetico_postestratificado",FALSE,0.397194325651547,"21","187","Tlaxco"
1671,0.624038241668157,0.427461832581053,0.787089166165227,NA,"sintetico_postestratificado",FALSE,0.359627333584174,"21","188","Tochimilco"
1672,0.605777669106986,0.409113082304643,0.777657658690802,NA,"sintetico_postestratificado",FALSE,0.368544576386158,"21","189","Tochtepec"
1673,0.579289765758386,0.365845905755096,0.764424486217001,NA,"sintetico_postestratificado",FALSE,0.398578580461905,"21","190","Totoltepec de Guerrero"
1674,0.585730528992175,0.382043307680896,0.774003047955847,NA,"sintetico_postestratificado",FALSE,0.39195974027495,"21","194","Venustiano Carranza"
1675,0.613688444222769,0.415729965228757,0.794693479747723,NA,"sintetico_postestratificado",FALSE,0.378963514518965,"21","184","Tlapacoya"
1676,0.627451439887558,0.429065815016477,0.80212543186122,NA,"sintetico_postestratificado",FALSE,0.373059616844743,"21","185","Tlapanalá"
1677,0.610815615568197,0.407485825219933,0.790727469839342,NA,"sintetico_postestratificado",FALSE,0.383241644619409,"21","082","Ixcaquixtla"
1678,0.56011832943574,0.357907501434445,0.742487876731612,2,"muestra_directa",TRUE,0.384580375297166,"21","085","Izúcar de Matamoros"
1679,0.614609570074693,0.412658207619937,0.783566390223479,NA,"sintetico_postestratificado",FALSE,0.370908182603542,"21","104","Nopalucan"
1680,0.630418353855419,0.413993042604528,0.809419201313489,NA,"sintetico_postestratificado",FALSE,0.395426158708961,"21","122","San Felipe Teotlalcingo"
1681,0.588189965476356,0.383469575070949,0.779481860373797,NA,"sintetico_postestratificado",FALSE,0.396012285302848,"21","123","San Felipe Tepatlán"
1682,0.589767016607728,0.387736376608915,0.765883816053424,NA,"sintetico_postestratificado",FALSE,0.378147439444509,"21","012","Aljojuca"
1683,0.612845003492195,0.396653850103768,0.801999923037414,NA,"sintetico_postestratificado",FALSE,0.405346072933647,"21","013","Altepexi"
1684,0.629210879551362,0.42585925312684,0.798003646809066,NA,"sintetico_postestratificado",FALSE,0.372144393682226,"21","007","Ahuatlán"
1685,0.580953684927334,0.370263439188493,0.770660420500624,NA,"sintetico_postestratificado",FALSE,0.400396981312131,"21","011","Albino Zertuche"
1686,0.586192164036981,0.381118127725978,0.777077739851308,NA,"sintetico_postestratificado",FALSE,0.39595961212533,"21","018","Atexcal"
1687,0.597795419184078,0.38948519434012,0.787856553619056,NA,"sintetico_postestratificado",FALSE,0.398371359278936,"21","054","Chignautla"
1688,0.603144311198335,0.405102053239387,0.781283635900154,NA,"sintetico_postestratificado",FALSE,0.376181582660767,"21","127","San Jerónimo Xayacatlán"
1689,0.605820647248787,0.423828298303363,0.787559791363528,NA,"sintetico_postestratificado",FALSE,0.363731493060165,"21","129","San José Miahuatlán"
1690,0.615871284680335,0.414458773016595,0.785657351113519,NA,"sintetico_postestratificado",FALSE,0.371198578096924,"21","130","San Juan Atenco"
1691,0.586756506761199,0.375786244026074,0.761166101116669,NA,"sintetico_postestratificado",FALSE,0.385379857090595,"21","213","Zihuateutla"
1692,0.630096835010663,0.42410825145272,0.795966844809207,NA,"sintetico_postestratificado",FALSE,0.371858593356487,"21","124","San Gabriel Chilac"
1693,0.634394225865174,0.440813803918692,0.800714835456269,NA,"sintetico_postestratificado",FALSE,0.359901031537577,"21","169","Tepexi de Rodríguez"
1694,0.592958839884752,0.384934119921783,0.769471639885639,NA,"sintetico_postestratificado",FALSE,0.384537519963856,"21","159","Teopantlán"
1695,0.597246299379197,0.392465639313364,0.762944768488881,4,"muestra_directa",TRUE,0.370479129175517,"21","156","Tehuacán"
1696,0.617425572507756,0.418063176392312,0.778975917109609,NA,"sintetico_postestratificado",FALSE,0.360912740717297,"21","155","Tecomatlán"
1697,0.658571670026989,0.468152584830471,0.813656566526109,NA,"sintetico_postestratificado",FALSE,0.345503981695638,"21","154","Tecamachalco"
1698,0.651918376951283,0.445747340795148,0.807196912907001,NA,"sintetico_postestratificado",FALSE,0.361449572111853,"21","172","Tetela de Ocampo"
1699,0.598864241616751,0.371856031915922,0.779840943642928,NA,"sintetico_postestratificado",FALSE,0.407984911727006,"21","179","Tlachichuca"
1700,0.643727504445881,0.449392662181891,0.810467524167387,NA,"sintetico_postestratificado",FALSE,0.361074861985496,"21","153","Tecali de Herrera"
1701,0.614723092106427,0.39659524943102,0.792618042900594,NA,"sintetico_postestratificado",FALSE,0.396022793469574,"21","151","Santo Tomás Hueyotlipan"
1702,0.668432515016468,0.48072381712271,0.821500116536817,NA,"sintetico_postestratificado",FALSE,0.340776299414108,"21","121","San Diego la Mesa Tochimiltzingo"
1703,0.622926914132713,0.432945726469934,0.78821326399577,NA,"sintetico_postestratificado",FALSE,0.355267537525836,"21","202","Xochitlán de Vicente Suárez"
1704,0.606402835650253,0.400568866209038,0.768574974011217,NA,"sintetico_postestratificado",FALSE,0.368006107802179,"21","203","Xochitlán Todos Santos"
1705,0.640357702601339,0.42193988335942,0.812505590854674,NA,"sintetico_postestratificado",FALSE,0.390565707495255,"21","073","Huehuetlán el Chico"
1706,0.628463896520526,0.418221107397008,0.809991487248129,NA,"sintetico_postestratificado",FALSE,0.39177037985112,"21","097","Mixtla"
1707,0.620384400733389,0.405514884349383,0.78991901157149,NA,"sintetico_postestratificado",FALSE,0.384404127222107,"21","036","Coyomeapan"
1708,0.624857881882732,0.429019819840463,0.787272408834182,NA,"sintetico_postestratificado",FALSE,0.358252588993719,"21","044","Cuyoaco"
1709,0.620148355555546,0.404426779138984,0.807641562891856,NA,"sintetico_postestratificado",FALSE,0.403214783752872,"21","060","Domingo Arenas"
1710,0.597521948614201,0.388552111365615,0.785626980626906,NA,"sintetico_postestratificado",FALSE,0.397074869261292,"21","061","Eloxochitlán"
1711,0.618107427865849,0.418686461912472,0.791892420986517,NA,"sintetico_postestratificado",FALSE,0.373205959074045,"21","062","Epatlán"
1712,0.601193036264517,0.388343307797555,0.77360031369859,NA,"sintetico_postestratificado",FALSE,0.385257005901034,"21","068","Hermenegildo Galeana"
1713,0.610514156363435,0.392237796192187,0.781239018392203,NA,"sintetico_postestratificado",FALSE,0.389001222200016,"21","072","Huehuetla"
1714,0.582436000133809,0.372277797953979,0.775024039694323,NA,"sintetico_postestratificado",FALSE,0.402746241740343,"21","160","Teotlalco"
1715,0.604348873794531,0.400937561636231,0.79536033775085,NA,"sintetico_postestratificado",FALSE,0.394422776114619,"21","161","Tepanco de López"
1716,0.608020908864585,0.409929682930822,0.781471739699357,NA,"sintetico_postestratificado",FALSE,0.371542056768535,"21","024","Axutla"
1717,0.627116877940164,0.436962736874903,0.798978906669839,NA,"sintetico_postestratificado",FALSE,0.362016169794936,"21","186","Tlatlauquitepec"
1718,0.639633612112116,0.433580660375331,0.800264615087693,NA,"sintetico_postestratificado",FALSE,0.366683954712363,"21","170","Tepeyahualco"
1719,0.625788016070745,0.415451780087788,0.815175909959186,NA,"sintetico_postestratificado",FALSE,0.399724129871399,"21","196","Xayacatlán de Bravo"
1720,0.653445993893716,0.442058262975085,0.832989726542137,NA,"sintetico_postestratificado",FALSE,0.390931463567052,"21","117","Rafael Lara Grajales"
1721,0.628779796038575,0.40964442071871,0.806084175562843,NA,"sintetico_postestratificado",FALSE,0.396439754844133,"21","017","Atempan"
1722,0.616631386799316,0.424983285739439,0.782115381110562,NA,"sintetico_postestratificado",FALSE,0.357132095371123,"21","019","Atlixco"
1723,0.632582011824374,0.429658697368623,0.805861097652814,NA,"sintetico_postestratificado",FALSE,0.376202400284191,"21","173","Teteles de Ávila Castillo"
1724,0.677702178017451,0.474956306082433,0.837717618327165,NA,"sintetico_postestratificado",FALSE,0.362761312244732,"21","175","Tianguismanalco"
1725,0.682943638473381,0.484333320398116,0.845455408692572,NA,"sintetico_postestratificado",FALSE,0.361122088294456,"21","052","Chigmecatitlán"
1726,0.647607643747007,0.45060651156325,0.809795815644889,NA,"sintetico_postestratificado",FALSE,0.359189304081639,"21","069","Huaquechula"
1727,0.64073349577875,0.459085933298703,0.808466162007461,NA,"sintetico_postestratificado",FALSE,0.349380228708758,"21","168","Tepexco"
1728,0.622552257108091,0.435653316822552,0.788573324177282,NA,"sintetico_postestratificado",FALSE,0.352920007354731,"21","157","Tehuitzingo"
1729,0.60131756402583,0.388693232587505,0.781950036422492,NA,"sintetico_postestratificado",FALSE,0.393256803834986,"21","162","Tepango de Rodríguez"
1730,0.620636588987683,0.419340385544614,0.787482154687102,NA,"sintetico_postestratificado",FALSE,0.368141769142488,"21","209","Zapotitlán"
1731,0.630438506574094,0.42541659625605,0.805816734533242,NA,"sintetico_postestratificado",FALSE,0.380400138277192,"21","118","Los Reyes de Juárez"
1732,0.636502825952986,0.443510404910343,0.815369535281328,NA,"sintetico_postestratificado",FALSE,0.371859130370985,"21","119","San Andrés Cholula"
1733,0.627799924444617,0.415948771153772,0.799482645441327,NA,"sintetico_postestratificado",FALSE,0.383533874287556,"21","120","San Antonio Cañada"
1734,0.620576466528403,0.419137695591383,0.803648659591677,NA,"sintetico_postestratificado",FALSE,0.384510964000293,"21","125","San Gregorio Atzompa"
1735,0.637585745220597,0.450031904964534,0.788142473658939,2,"muestra_directa",TRUE,0.338110568694405,"21","126","San Jerónimo Tecuanipan"
1736,0.601713621360636,0.386861420911698,0.76460250963713,NA,"sintetico_postestratificado",FALSE,0.377741088725432,"21","128","San José Chiapa"
1737,0.603288382880891,0.395692160435205,0.795375109014522,NA,"sintetico_postestratificado",FALSE,0.399682948579317,"21","158","Tenampulco"
1738,0.607324291112117,0.431091623202343,0.781564676843334,NA,"sintetico_postestratificado",FALSE,0.350473053640991,"21","053","Chignahuapan"
1739,0.607903326206567,0.422098758689481,0.792866782906334,NA,"sintetico_postestratificado",FALSE,0.370768024216852,"21","002","Acateno"
1740,0.620413399001477,0.422049689536516,0.788995704384567,NA,"sintetico_postestratificado",FALSE,0.366946014848051,"21","003","Acatlán"
1741,0.616206322720733,0.414664090994448,0.785989112915144,NA,"sintetico_postestratificado",FALSE,0.371325021920696,"21","004","Acatzingo"
1742,0.621076519378053,0.419798012712829,0.78681327481168,NA,"sintetico_postestratificado",FALSE,0.367015262098851,"21","005","Acteopan"
1743,0.584501406210155,0.369857635180662,0.793317913577807,NA,"sintetico_postestratificado",FALSE,0.423460278397144,"21","006","Ahuacatlán"
1744,0.598050448293815,0.388879747407981,0.77425581016894,NA,"sintetico_postestratificado",FALSE,0.385376062760958,"21","008","Ahuazotepec"
1745,0.62752469014109,0.411230864429062,0.807482237176988,NA,"sintetico_postestratificado",FALSE,0.396251372747927,"21","133","San Martín Totoltepec"
1746,0.596272143688652,0.38999233616668,0.777379976042915,NA,"sintetico_postestratificado",FALSE,0.387387639876235,"21","134","San Matías Tlalancaleca"
1747,0.631000060323981,0.414511709674695,0.821872789743581,NA,"sintetico_postestratificado",FALSE,0.407361080068886,"21","135","San Miguel Ixitlán"
1748,0.616068278683712,0.421130704566981,0.792256989131596,NA,"sintetico_postestratificado",FALSE,0.371126284564616,"21","137","San Nicolás Buenos Aires"
1749,0.618963586467878,0.422774694740779,0.787246484918865,NA,"sintetico_postestratificado",FALSE,0.364471790178086,"21","138","San Nicolás de los Ranchos"
1750,0.629754887804166,0.432109463995905,0.792324553607933,NA,"sintetico_postestratificado",FALSE,0.360215089612028,"21","139","San Pablo Anicano"
1751,0.646198051539863,0.465359822040436,0.811519308796762,3,"muestra_directa",TRUE,0.346159486756326,"21","140","San Pedro Cholula"
1752,0.610566503086714,0.400262634942887,0.78936270473204,NA,"sintetico_postestratificado",FALSE,0.389100069789153,"21","141","San Pedro Yeloixtlahuaca"
1753,0.610642949614213,0.395100537345033,0.783626050718569,NA,"sintetico_postestratificado",FALSE,0.388525513373535,"21","205","Yehualtepec"
1754,0.593066743025193,0.386469733763335,0.776519647445272,NA,"sintetico_postestratificado",FALSE,0.390049913681937,"21","023","Atzitzintla"
1755,0.594438547582331,0.39245088835466,0.778291354729978,NA,"sintetico_postestratificado",FALSE,0.385840466375319,"21","116","Quimixtlán"
1756,0.633149078906446,0.44156059227631,0.794967003411217,3,"muestra_directa",TRUE,0.353406411134907,"21","115","Quecholac"
1757,0.6673329147934,0.513785436083282,0.78649523838638,16,"muestra_directa",FALSE,0.272709802303099,"21","114","Puebla"
1758,0.615463165165182,0.431773311833724,0.768094425982958,6,"muestra_directa",TRUE,0.336321114149234,"21","144","San Salvador Huixcolotla"
1759,0.579744354395342,0.372995957505452,0.762200518133361,NA,"sintetico_postestratificado",FALSE,0.389204560627909,"21","145","San Sebastián Tlacotepec"
1760,0.625096475381498,0.408471556521775,0.798847470634875,NA,"sintetico_postestratificado",FALSE,0.3903759141131,"21","146","Santa Catarina Tlaltempan"
1761,0.646836545317751,0.445643485342101,0.807750586763079,NA,"sintetico_postestratificado",FALSE,0.362107101420979,"21","149","Santiago Miahuatlán"
1762,0.623527316592114,0.430056901023641,0.795296982062278,NA,"sintetico_postestratificado",FALSE,0.365240081038637,"21","150","Huehuetlán el Grande"
1763,0.606573244904796,0.414104937783366,0.771191708964779,2,"muestra_directa",TRUE,0.357086771181412,"21","010","Ajalpan"
1764,0.615686162037387,0.41358584128576,0.797388100806504,NA,"sintetico_postestratificado",FALSE,0.383802259520744,"21","014","Amixtlán"
1765,0.616817544723711,0.392358579987289,0.809234298214462,NA,"sintetico_postestratificado",FALSE,0.416875718227173,"21","015","Amozoc"
1766,0.626228366692178,0.431434843228334,0.798609288891491,NA,"sintetico_postestratificado",FALSE,0.367174445663157,"21","016","Aquixtla"
1767,0.625754451583467,0.412237818687049,0.814441003752882,NA,"sintetico_postestratificado",FALSE,0.402203185065833,"21","021","Atzala"
1768,0.606353800143743,0.406853873971421,0.790738959639653,NA,"sintetico_postestratificado",FALSE,0.383885085668232,"21","026","Calpan"
1769,0.557651659456175,0.349342853492929,0.733250933318352,NA,"sintetico_postestratificado",FALSE,0.383908079825423,"21","027","Caltepec"
1770,0.568238629929044,0.358536524157215,0.767399798272408,NA,"sintetico_postestratificado",FALSE,0.408863274115193,"21","165","Tepemaxalco"
1771,0.609439555526648,0.388684536810045,0.794821334466724,NA,"sintetico_postestratificado",FALSE,0.406136797656679,"21","152","Soltepec"
1772,0.610176079011372,0.409510281021197,0.774125083952917,NA,"sintetico_postestratificado",FALSE,0.36461480293172,"21","206","Zacapala"
1773,0.608631611201474,0.394249905197561,0.784890291830241,NA,"sintetico_postestratificado",FALSE,0.39064038663268,"21","211","Zaragoza"
1774,0.648057787343652,0.486870447128415,0.795727021278469,8,"muestra_directa",TRUE,0.308856574150054,"21","212","Zautla"
1775,0.599607005195184,0.412221348630587,0.781247603830642,NA,"sintetico_postestratificado",FALSE,0.369026255200055,"21","163","Tepatlaxco de Hidalgo"
1776,0.585543294166159,0.385567399150097,0.772373440966934,NA,"sintetico_postestratificado",FALSE,0.386806041816837,"21","049","Chiconcuautla"
1777,0.6330663031933,0.437083342179746,0.812036570067321,NA,"sintetico_postestratificado",FALSE,0.374953227887575,"21","048","Chiautzingo"
1778,0.61709667385152,0.42188562972836,0.786857016401006,NA,"sintetico_postestratificado",FALSE,0.364971386672646,"21","047","Chiautla"
1779,0.614619258319606,0.422922088946181,0.784003789659928,NA,"sintetico_postestratificado",FALSE,0.361081700713747,"21","195","Vicente Guerrero"
1780,0.637225426022632,0.461177525580688,0.792886313565595,5,"muestra_directa",TRUE,0.331708787984907,"21","164","Tepeaca"
1781,0.627183940967787,0.431396734464439,0.800392090003159,NA,"sintetico_postestratificado",FALSE,0.36899535553872,"21","046","Chapulco"
1782,0.626543366567471,0.413560446192981,0.806906990910044,NA,"sintetico_postestratificado",FALSE,0.393346544717064,"21","210","Zapotitlán de Méndez"
1783,0.601163969142261,0.39136023007525,0.777319479594922,NA,"sintetico_postestratificado",FALSE,0.385959249519672,"21","136","San Miguel Xoxtla"
1784,0.605004852743798,0.396130854828616,0.776204973978405,NA,"sintetico_postestratificado",FALSE,0.380074119149789,"21","045","Chalchicomula de Sesma"
1785,0.587914287879663,0.389199798182816,0.759333984942196,3,"muestra_directa",TRUE,0.37013418675938,"21","043","Cuetzalan del Progreso"
1786,0.585064783536011,0.378000782875655,0.772843821858977,NA,"sintetico_postestratificado",FALSE,0.394843038983322,"21","084","Ixtepec"
1787,0.603823699382699,0.390946906302744,0.784587917668084,NA,"sintetico_postestratificado",FALSE,0.39364101136534,"21","086","Jalpan"
1788,0.635127548963084,0.439783747959761,0.799026903279311,NA,"sintetico_postestratificado",FALSE,0.35924315531955,"21","042","Cuayuca de Andrade"
1789,0.641440615770885,0.452584231796576,0.796073274978448,NA,"sintetico_postestratificado",FALSE,0.343489043181872,"21","113","Piaxtla"
1790,0.631845867601902,0.436134996614787,0.797650927092726,NA,"sintetico_postestratificado",FALSE,0.36151593047794,"21","131","San Juan Atzompa"
1791,0.595764300482745,0.401530659958697,0.773326096624938,NA,"sintetico_postestratificado",FALSE,0.371795436666241,"21","089","Jopala"
1792,0.636689231236414,0.446306000620512,0.79769547717417,2,"muestra_directa",TRUE,0.351389476553658,"21","041","Cuautlancingo"
1793,0.612507337445501,0.424963933331178,0.777034407262679,NA,"sintetico_postestratificado",FALSE,0.3520704739315,"21","040","Cuautinchán"
1794,0.604488734037366,0.406632167476281,0.782919559329403,NA,"sintetico_postestratificado",FALSE,0.376287391853123,"21","039","Cuautempan"
1795,0.604285823313341,0.413471712094158,0.780503557779139,NA,"sintetico_postestratificado",FALSE,0.367031845684982,"21","038","Cuapiaxtla de Madero"
1796,0.608038850074152,0.418387424787979,0.788489755614344,NA,"sintetico_postestratificado",FALSE,0.370102330826366,"21","112","Petlalcingo"
1797,0.619001573830519,0.426135811349175,0.786256075632447,NA,"sintetico_postestratificado",FALSE,0.360120264283273,"21","009","Ahuehuetitla"
1798,0.561198058015441,0.356506869067978,0.740727905227751,1,"muestra_directa",TRUE,0.384221036159773,"21","076","Hueytamalco"
1799,0.594873518288377,0.389989801960246,0.775940355246588,NA,"sintetico_postestratificado",FALSE,0.385950553286342,"21","183","Tlaola"
1800,0.581820510514643,0.39261844281195,0.757635062301651,3,"muestra_directa",TRUE,0.365016619489701,"21","071","Huauchinango"
1801,0.60041908329821,0.386696753039635,0.771262462756774,NA,"sintetico_postestratificado",FALSE,0.384565709717139,"21","070","Huatlatlauca"
1802,0.567529578734445,0.365041632586726,0.753861634406661,NA,"sintetico_postestratificado",FALSE,0.388820001819934,"21","111","Pantepec"
1803,0.629645098922851,0.448210542195961,0.789722175244827,2,"muestra_directa",TRUE,0.341511633048865,"22","002","Pinal de Amoles"
1804,0.638813947700855,0.444694081242154,0.806595523781446,NA,"sintetico_postestratificado",FALSE,0.361901442539293,"22","010","Landa de Matamoros"
1805,0.659809671721259,0.486166878686151,0.806008886280928,7,"muestra_directa",TRUE,0.319842007594777,"22","006","Corregidora"
1806,0.666406186113686,0.468403545933767,0.812402805920748,NA,"sintetico_postestratificado",FALSE,0.343999259986981,"22","003","Arroyo Seco"
1807,0.692538220920923,0.53201203501464,0.828540806936939,8,"muestra_directa",TRUE,0.2965287719223,"22","011","El Marqués"
1808,0.676590812994384,0.490443108270036,0.829002093128133,2,"muestra_directa",TRUE,0.338558984858096,"22","012","Pedro Escobedo"
1809,0.701173318422054,0.517577295118326,0.856068854630689,NA,"sintetico_postestratificado",FALSE,0.338491559512363,"22","015","San Joaquín"
1810,0.650402191611686,0.509905772024471,0.775618710199229,19,"muestra_directa",FALSE,0.265712938174758,"22","016","San Juan del Río"
1811,0.649681287489176,0.458546189210007,0.811460397411367,NA,"sintetico_postestratificado",FALSE,0.35291420820136,"22","017","Tequisquiapan"
1812,0.667983579134471,0.477275813501524,0.824132895592655,2,"muestra_directa",TRUE,0.346857082091131,"22","018","Tolimán"
1813,0.667870336911832,0.482353745991868,0.822993885248304,NA,"sintetico_postestratificado",FALSE,0.340640139256436,"22","007","Ezequiel Montes"
1814,0.640801175873905,0.468376390291788,0.790344817755875,7,"muestra_directa",TRUE,0.321968427464087,"22","001","Amealco de Bonfil"
1815,0.746949654488053,0.650920063003201,0.836296039500605,59,"muestra_directa",FALSE,0.185375976497403,"22","014","Querétaro"
1816,0.671132567925548,0.498256506977145,0.823124603255974,NA,"sintetico_postestratificado",FALSE,0.324868096278829,"22","005","Colón"
1817,0.682226356858257,0.509587293176549,0.824939240647636,3,"muestra_directa",TRUE,0.315351947471087,"22","004","Cadereyta de Montes"
1818,0.673496072303639,0.48990263046385,0.823147332726293,NA,"sintetico_postestratificado",FALSE,0.333244702262443,"22","013","Peñamiller"
1819,0.707250840686922,0.551843704951047,0.831119585315851,10,"muestra_directa",FALSE,0.279275880364804,"22","008","Huimilpan"
1820,0.638447168485064,0.441568741015791,0.802541649550205,NA,"sintetico_postestratificado",FALSE,0.360972908534414,"22","009","Jalpan de Serra"
1821,0.672117594298304,0.474878739793535,0.848830994461171,3,"muestra_directa",TRUE,0.373952254667635,"23","001","Cozumel"
1822,0.526113264675664,0.295848531131192,0.757551861779651,NA,"sintetico_postestratificado",FALSE,0.461703330648459,"23","003","Isla Mujeres"
1823,0.715925834829644,0.565034400201553,0.847594587640165,14,"muestra_directa",FALSE,0.282560187438612,"23","002","Felipe Carrillo Puerto"
1824,0.564549365212515,0.420141160362334,0.713367142546828,25,"muestra_directa",FALSE,0.293225982184494,"23","005","Benito Juárez"
1825,0.612349988594616,0.454323636719513,0.753550703492324,16,"muestra_directa",FALSE,0.299227066772811,"23","004","Othón P. Blanco"
1826,0.53413170424615,0.304375738376091,0.736193849306063,NA,"sintetico_postestratificado",FALSE,0.431818110929972,"23","011","Puerto Morelos"
1827,0.639901179911729,0.458811365610863,0.808526007988853,7,"muestra_directa",TRUE,0.34971464237799,"23","008","Solidaridad"
1828,0.602255786210085,0.411969278868244,0.785688456146829,NA,"sintetico_postestratificado",FALSE,0.373719177278585,"23","010","Bacalar"
1829,0.536835448915309,0.317981636846951,0.734112566012455,2,"muestra_directa",TRUE,0.416130929165504,"23","007","Lázaro Cárdenas"
1830,0.540302735950191,0.352146491359503,0.732799421097555,2,"muestra_directa",TRUE,0.380652929738052,"23","006","José María Morelos"
1831,0.599287743698459,0.386282305031786,0.792398035869826,3,"muestra_directa",TRUE,0.40611573083804,"23","009","Tulum"
1832,0.670922648395453,0.506048601858623,0.821087974348065,5,"muestra_directa",TRUE,0.315039372489441,"24","050","Villa de Reyes"
1833,0.605157159479092,0.400969032853083,0.779117209653367,3,"muestra_directa",TRUE,0.378148176800284,"24","052","Villa Juárez"
1834,0.628527226453604,0.437766689822281,0.781725028069932,6,"muestra_directa",TRUE,0.343958338247651,"24","053","Axtla de Terrazas"
1835,0.649052815328069,0.469739375783486,0.811036756932669,NA,"sintetico_postestratificado",FALSE,0.341297381149183,"24","054","Xilitla"
1836,0.657997053018603,0.461518460416395,0.82123878966473,NA,"sintetico_postestratificado",FALSE,0.359720329248335,"24","055","Zaragoza"
1837,0.651088671003573,0.456019083808467,0.814945670309011,NA,"sintetico_postestratificado",FALSE,0.358926586500544,"24","048","Villa de la Paz"
1838,0.69349757343497,0.49520392154903,0.853748464884325,NA,"sintetico_postestratificado",FALSE,0.358544543335295,"24","015","Charcas"
1839,0.66002092032806,0.508088419299031,0.787934675673755,16,"muestra_directa",FALSE,0.279846256374724,"24","013","Ciudad Valles"
1840,0.654820235879759,0.461297186142858,0.815149171201767,NA,"sintetico_postestratificado",FALSE,0.353851985058908,"24","009","Cerro de San Pedro"
1841,0.625192407177176,0.423566283466838,0.796492648287667,NA,"sintetico_postestratificado",FALSE,0.37292636482083,"24","043","Tierra Nueva"
1842,0.639234943695011,0.42852305901988,0.798431486297333,NA,"sintetico_postestratificado",FALSE,0.369908427277453,"24","042","Tanquián de Escobedo"
1843,0.65712245225631,0.468525823665998,0.823226817603483,NA,"sintetico_postestratificado",FALSE,0.354700993937485,"24","012","Tancanhuitz"
1844,0.664552703297954,0.494722979038968,0.815282970332652,NA,"sintetico_postestratificado",FALSE,0.320559991293683,"24","011","Ciudad Fernández"
1845,0.642508553932423,0.458002813365456,0.813618071018029,NA,"sintetico_postestratificado",FALSE,0.355615257652573,"24","010","Ciudad del Maíz"
1846,0.624323030872408,0.416223683383857,0.796609443144736,1,"muestra_directa",TRUE,0.38038575976088,"24","008","Cerritos"
1847,0.645870563932482,0.438804697585405,0.813291171818749,NA,"sintetico_postestratificado",FALSE,0.374486474233344,"24","007","Cedral"
1848,0.687243942142692,0.527244136814292,0.806937284337176,11,"muestra_directa",FALSE,0.279693147522884,"24","035","Soledad de Graciano Sánchez"
1849,0.62188644525212,0.429142010512793,0.792979712398526,NA,"sintetico_postestratificado",FALSE,0.363837701885734,"24","041","Tanlajás"
1850,0.62355328565169,0.425941854549091,0.79711036207789,NA,"sintetico_postestratificado",FALSE,0.371168507528799,"24","040","Tamuín"
1851,0.627408732121634,0.440641703499865,0.794560907548631,NA,"sintetico_postestratificado",FALSE,0.353919204048767,"24","039","Tampamolón Corona"
1852,0.635877599989273,0.428137142448612,0.806063549590947,NA,"sintetico_postestratificado",FALSE,0.377926407142335,"24","038","Tampacán"
1853,0.59401025248532,0.426684520392399,0.738642994476715,9,"muestra_directa",TRUE,0.311958474084315,"24","037","Tamazunchale"
1854,0.600341748817327,0.399302776192001,0.773050908685717,NA,"sintetico_postestratificado",FALSE,0.373748132493717,"24","036","Tamasopo"
1855,0.653904485440201,0.467132550767408,0.809486496035728,NA,"sintetico_postestratificado",FALSE,0.34235394526832,"24","006","Catorce"
1856,0.787220879317609,0.682031165176308,0.877292277009017,36,"muestra_directa",FALSE,0.195261111832709,"24","028","San Luis Potosí"
1857,0.604840830346689,0.393901919026916,0.780179066935677,NA,"sintetico_postestratificado",FALSE,0.386277147908761,"24","031","Santa Catarina"
1858,0.614485122993864,0.420305076869042,0.796316747188305,NA,"sintetico_postestratificado",FALSE,0.376011670319263,"24","030","San Nicolás Tolentino"
1859,0.637764929614086,0.4298935125566,0.807838838812517,NA,"sintetico_postestratificado",FALSE,0.377945326255917,"24","029","San Martín Chalchicuautla"
1860,0.65644343371996,0.46387285457144,0.821196727083881,NA,"sintetico_postestratificado",FALSE,0.357323872512441,"24","026","San Antonio"
1861,0.634096661708009,0.431023686454552,0.803254287742171,NA,"sintetico_postestratificado",FALSE,0.372230601287619,"24","005","Cárdenas"
1862,0.619792085369023,0.403657686524064,0.781481578377867,NA,"sintetico_postestratificado",FALSE,0.377823891853802,"24","024","Rioverde"
1863,0.708525830825986,0.518878986610577,0.859949873088588,NA,"sintetico_postestratificado",FALSE,0.341070886478011,"24","023","Rayón"
1864,0.695892088421983,0.512476098055558,0.846633593430007,NA,"sintetico_postestratificado",FALSE,0.334157495374449,"24","022","Moctezuma"
1865,0.606974142641483,0.422263824078896,0.764587655906617,7,"muestra_directa",TRUE,0.342323831827721,"24","021","Mexquitic de Carmona"
1866,0.595915937276719,0.393558575768785,0.769824749315164,NA,"sintetico_postestratificado",FALSE,0.376266173546378,"24","017","Guadalcázar"
1867,0.590707310571857,0.380931622949929,0.785475161437838,NA,"sintetico_postestratificado",FALSE,0.404543538487909,"24","016","Ebano"
1868,0.603749055285328,0.396968849287581,0.796245007529827,NA,"sintetico_postestratificado",FALSE,0.399276158242246,"24","014","Coxcatlán"
1869,0.662740128612539,0.480258689785453,0.820154862142601,3,"muestra_directa",TRUE,0.339896172357147,"24","033","Santo Domingo"
1870,0.632753342389016,0.429173091066632,0.80150874456642,NA,"sintetico_postestratificado",FALSE,0.372335653499789,"24","001","Ahualulco del Sonido 13"
1871,0.597820614636561,0.385613455375815,0.77894420385558,NA,"sintetico_postestratificado",FALSE,0.393330748479765,"24","057","Matlapa"
1872,0.623407168720455,0.423374820169952,0.781277470238719,NA,"sintetico_postestratificado",FALSE,0.357902650068767,"24","051","Villa Hidalgo"
1873,0.643742673511277,0.440588529789703,0.802736048691188,NA,"sintetico_postestratificado",FALSE,0.362147518901484,"24","058","El Naranjo"
1874,0.660661841714133,0.471885846045925,0.818380222485031,NA,"sintetico_postestratificado",FALSE,0.346494376439105,"24","032","Santa María del Río"
1875,0.633937685801185,0.436853931576676,0.798489877636769,NA,"sintetico_postestratificado",FALSE,0.361635946060093,"24","027","San Ciro de Acosta"
1876,0.698267882962235,0.534214292330485,0.835079864631183,8,"muestra_directa",TRUE,0.300865572300698,"24","025","Salinas"
1877,0.626814312824336,0.424783174131412,0.802645220824169,NA,"sintetico_postestratificado",FALSE,0.377862046692756,"24","056","Villa de Arista"
1878,0.66830255827559,0.469752559007552,0.831916843408015,NA,"sintetico_postestratificado",FALSE,0.362164284400463,"24","047","Villa de Guadalupe"
1880,0.66610249576125,0.481669285219419,0.830012745089102,NA,"sintetico_postestratificado",FALSE,0.348343459869683,"24","034","San Vicente Tancuayalab"
1881,0.678850619044523,0.495646351790858,0.827668501447018,NA,"sintetico_postestratificado",FALSE,0.33202214965616,"24","002","Alaquines"
1882,0.623108958089984,0.469540418205298,0.775982019089013,9,"muestra_directa",TRUE,0.306441600883716,"24","003","Aquismón"
1883,0.628297083771568,0.421605561643977,0.808090746289496,NA,"sintetico_postestratificado",FALSE,0.386485184645519,"24","004","Armadillo de los Infante"
1884,0.63452738844486,0.427766334618018,0.801693290817565,NA,"sintetico_postestratificado",FALSE,0.373926956199547,"24","046","Villa de Arriaga"
1885,0.611711810801028,0.401178778027716,0.794554365465001,NA,"sintetico_postestratificado",FALSE,0.393375587437285,"24","018","Huehuetlán"
1886,0.68468832810615,0.499587099704473,0.83465077649881,NA,"sintetico_postestratificado",FALSE,0.335063676794337,"24","019","Lagunillas"
1887,0.649672979945674,0.455571232385656,0.812179592016415,1,"muestra_directa",TRUE,0.356608359630759,"24","020","Matehuala"
1888,0.631101937072599,0.42672362254765,0.801669841296288,NA,"sintetico_postestratificado",FALSE,0.374946218748638,"24","044","Vanegas"
1889,0.606868435832716,0.395750352936175,0.791212247492243,NA,"sintetico_postestratificado",FALSE,0.395461894556067,"24","045","Venado"
1890,0.673691368420709,0.499547817179426,0.819457257770658,1,"muestra_directa",TRUE,0.319909440591232,"24","049","Villa de Ramos"
1891,0.687790839722483,0.531349230422571,0.819570362483922,11,"muestra_directa",FALSE,0.288221132061351,"25","010","El Fuerte"
1892,0.626148661089727,0.418280227691355,0.800354629788396,4,"muestra_directa",TRUE,0.382074402097041,"25","008","Elota"
1893,0.662438513729918,0.465488853682021,0.826058084269188,NA,"sintetico_postestratificado",FALSE,0.360569230587167,"25","016","San Ignacio"
1894,0.706572049956147,0.54853707002141,0.83523358807239,12,"muestra_directa",FALSE,0.28669651805098,"25","018","Navolato"
1895,0.657249035437951,0.485679305669824,0.817118373292191,NA,"sintetico_postestratificado",FALSE,0.331439067622367,"25","003","Badiraguato"
1896,0.681116363246569,0.502020436090115,0.84074190246409,NA,"sintetico_postestratificado",FALSE,0.338721466373975,"25","014","Rosario"
1897,0.653784223139167,0.517321963536869,0.771122881989401,31,"muestra_directa",FALSE,0.253800918452533,"25","001","Ahome"
1898,0.610455017929109,0.436691823634686,0.758737479667098,9,"muestra_directa",TRUE,0.322045656032411,"25","002","Angostura"
1901,0.742590759147169,0.58708717471339,0.864990217842111,6,"muestra_directa",TRUE,0.277903043128722,"25","009","Escuinapa"
1902,0.635708660974382,0.449115523284228,0.7973019411659,3,"muestra_directa",TRUE,0.348186417881672,"25","004","Concordia"
1903,0.657056626599676,0.478096034505812,0.806294877706343,6,"muestra_directa",TRUE,0.32819884320053,"25","005","Cosalá"
1904,0.69022456221252,0.560380147110872,0.800499979146519,27,"muestra_directa",FALSE,0.240119832035647,"25","012","Mazatlán"
1905,0.650334304518659,0.48015388457982,0.802124215688359,3,"muestra_directa",TRUE,0.321970331108539,"25","007","Choix"
1906,0.642675791395643,0.444881734663924,0.815027043680181,NA,"sintetico_postestratificado",FALSE,0.370145309016258,"25","013","Mocorito"
1907,0.548891025168183,0.387413626118919,0.69871079996264,15,"muestra_directa",FALSE,0.311297173843721,"25","015","Salvador Alvarado"
1908,0.69429498877697,0.568454552392355,0.79733791778509,38,"muestra_directa",FALSE,0.228883365392736,"25","006","Culiacán"
1909,0.644130566942773,0.467543957237349,0.804711329544587,5,"muestra_directa",TRUE,0.337167372307238,"25","017","Sinaloa"
1910,0.631473991405904,0.504721070830584,0.741797095568319,31,"muestra_directa",FALSE,0.237076024737735,"25","011","Guasave"
1911,0.640967293505343,0.442778557059213,0.798654232376773,NA,"sintetico_postestratificado",FALSE,0.35587567531756,"26","066","Ures"
1912,0.571096189811063,0.365455013923564,0.751620992693152,NA,"sintetico_postestratificado",FALSE,0.386165978769588,"26","038","Moctezuma"
1913,0.606623630233139,0.41190617920218,0.767101228283132,4,"muestra_directa",TRUE,0.355195049080951,"26","033","Huatabampo"
1914,0.577754366649918,0.372330309763329,0.761837000208766,NA,"sintetico_postestratificado",FALSE,0.389506690445437,"26","056","San Miguel de Horcasitas"
1915,0.6124672581746,0.406386510970388,0.795880313661766,NA,"sintetico_postestratificado",FALSE,0.389493802691378,"26","031","Huachinera"
1916,0.626513675591775,0.416668146539545,0.799846266858698,NA,"sintetico_postestratificado",FALSE,0.383178120319153,"26","032","Huásabas"
1917,0.605503184157931,0.385622514287422,0.809969136343996,NA,"sintetico_postestratificado",FALSE,0.424346622056574,"26","070","General Plutarco Elías Calles"
1918,0.562920386313724,0.34770514623706,0.761071787679095,NA,"sintetico_postestratificado",FALSE,0.413366641442035,"26","064","Trincheras"
1919,0.607972974173679,0.391203667727559,0.79447828701447,NA,"sintetico_postestratificado",FALSE,0.40327461928691,"26","062","Suaqui Grande"
1920,0.628008695583433,0.435576712311078,0.793712828548396,NA,"sintetico_postestratificado",FALSE,0.358136116237317,"26","052","Sahuaripa"
1921,0.642979376271818,0.424644972509329,0.814645281061072,NA,"sintetico_postestratificado",FALSE,0.390000308551743,"26","051","Rosario"
1922,0.566907046737475,0.354831549621582,0.752507005302931,NA,"sintetico_postestratificado",FALSE,0.397675455681349,"26","037","Mazatán"
1923,0.631277318384903,0.430495910154125,0.801390800478054,NA,"sintetico_postestratificado",FALSE,0.370894890323929,"26","021","La Colorada"
1924,0.554016715904029,0.372763632283961,0.732513061237747,4,"muestra_directa",TRUE,0.359749428953786,"26","041","Nacozari de García"
1925,0.530474178035663,0.374270094610533,0.677086248734976,19,"muestra_directa",FALSE,0.302816154124442,"26","043","Nogales"
1926,0.612788450807844,0.409999666285697,0.791388052792702,NA,"sintetico_postestratificado",FALSE,0.381388386507004,"26","034","Huépac"
1927,0.597839321940301,0.375148566941192,0.786887595974643,NA,"sintetico_postestratificado",FALSE,0.411739029033451,"26","016","Benjamín Hill"
1928,0.577443859795142,0.388532222628204,0.748080989894977,5,"muestra_directa",TRUE,0.359548767266773,"26","014","Baviácora"
1929,0.609711583365883,0.386323148110425,0.789819672334794,NA,"sintetico_postestratificado",FALSE,0.403496524224369,"26","015","Bavispe"
1930,0.58368790142096,0.391764932283709,0.763385973518194,NA,"sintetico_postestratificado",FALSE,0.371621041234485,"26","069","Yécora"
1931,0.602574051374932,0.391433624054452,0.78211978209727,NA,"sintetico_postestratificado",FALSE,0.390686158042819,"26","009","Bacanora"
1932,0.606034620448505,0.430892015790527,0.762190728498844,9,"muestra_directa",TRUE,0.331298712708317,"26","029","Guaymas"
1933,0.534282407004465,0.346975490272298,0.705572662034167,6,"muestra_directa",TRUE,0.358597171761869,"26","002","Agua Prieta"
1934,0.597296433588948,0.393154762049905,0.783017168379538,NA,"sintetico_postestratificado",FALSE,0.389862406329633,"26","057","San Pedro de la Cueva"
1935,0.606935985431377,0.432476947388039,0.769057491654787,13,"muestra_directa",FALSE,0.336580544266748,"26","055","San Luis Río Colorado"
1936,0.615577986177149,0.411932672767938,0.797389376268562,NA,"sintetico_postestratificado",FALSE,0.385456703500624,"26","024","Divisaderos"
1937,0.598607724222195,0.385377803676128,0.782800678015773,NA,"sintetico_postestratificado",FALSE,0.397422874339645,"26","023","Cumpas"
1938,0.634583665892081,0.441667188446579,0.803623139079493,NA,"sintetico_postestratificado",FALSE,0.361955950632914,"26","001","Aconchi"
1939,0.66298981896499,0.456020990063756,0.82554443245645,NA,"sintetico_postestratificado",FALSE,0.369523442392694,"26","003","Álamos"
1940,0.596992940497365,0.462897059435132,0.717610827412773,44,"muestra_directa",FALSE,0.254713767977641,"26","030","Hermosillo"
1941,0.626771589616277,0.416775405151215,0.801111177257006,NA,"sintetico_postestratificado",FALSE,0.384335772105791,"26","022","Cucurpe"
1942,0.622495947345359,0.388082939520203,0.818706832357716,1,"muestra_directa",TRUE,0.430623892837512,"26","025","Empalme"
1943,0.585403867811904,0.372011298809029,0.784186609339921,NA,"sintetico_postestratificado",FALSE,0.412175310530892,"26","027","Fronteras"
1944,0.627642848422437,0.423244033801631,0.809823227652459,NA,"sintetico_postestratificado",FALSE,0.386579193850828,"26","005","Arivechi"
1945,0.620840876653301,0.406779175005261,0.800981607256021,NA,"sintetico_postestratificado",FALSE,0.39420243225076,"26","006","Arizpe"
1946,0.631210321342759,0.437840219774423,0.805080324484153,3,"muestra_directa",TRUE,0.36724010470973,"26","035","Imuris"
1947,0.612028703597796,0.390323009991836,0.793478643789284,NA,"sintetico_postestratificado",FALSE,0.403155633797448,"26","068","Villa Pesqueira"
1948,0.612453917226325,0.396270480382098,0.806531117773463,NA,"sintetico_postestratificado",FALSE,0.410260637391365,"26","046","Oquitoa"
1949,0.615520568775411,0.403622959842469,0.790513789065543,NA,"sintetico_postestratificado",FALSE,0.386890829223074,"26","026","Etchojoa"
1950,0.649401813787031,0.462826187925344,0.812108573457356,NA,"sintetico_postestratificado",FALSE,0.349282385532012,"26","049","Quiriego"
1951,0.62749386603514,0.427445866259776,0.801507033332676,NA,"sintetico_postestratificado",FALSE,0.3740611670729,"26","071","Benito Juárez"
1952,0.61074654650408,0.396031486994288,0.805411299159784,NA,"sintetico_postestratificado",FALSE,0.409379812165496,"26","004","Altar"
1953,0.636076956064441,0.431950293727122,0.819076358684448,NA,"sintetico_postestratificado",FALSE,0.387126064957325,"26","063","Tepache"
1954,0.602266714731734,0.39516085729303,0.80152810356368,NA,"sintetico_postestratificado",FALSE,0.40636724627065,"26","028","Granados"
1955,0.620422984384978,0.416844596748882,0.802005088942745,4,"muestra_directa",TRUE,0.385160492193863,"26","048","Puerto Peñasco"
1956,0.60047309000929,0.39429996664259,0.781297485525181,NA,"sintetico_postestratificado",FALSE,0.386997518882591,"26","017","Caborca"
1957,0.623218986260053,0.415321578185185,0.798520594081147,NA,"sintetico_postestratificado",FALSE,0.383199015895962,"26","012","Bácum"
1958,0.588209921005756,0.385862649661583,0.763272527775324,NA,"sintetico_postestratificado",FALSE,0.377409878113741,"26","044","Ónavas"
1959,0.577904301777154,0.367884427754412,0.754422441437224,NA,"sintetico_postestratificado",FALSE,0.386538013682812,"26","036","Magdalena"
1960,0.592497997990895,0.377268449688231,0.778473202327297,NA,"sintetico_postestratificado",FALSE,0.401204752639066,"26","013","Banámichi"
1961,0.622193025793006,0.414935085649048,0.797615890644255,NA,"sintetico_postestratificado",FALSE,0.382680804995208,"26","010","Bacerac"
1962,0.627560376448087,0.417204655783263,0.796219931967893,NA,"sintetico_postestratificado",FALSE,0.37901527618463,"26","050","Rayón"
1963,0.641763500276367,0.420100743295402,0.821430485619552,NA,"sintetico_postestratificado",FALSE,0.40132974232415,"26","072","San Ignacio Río Muerto"
1964,0.623189669286076,0.429255046314028,0.794925856679533,NA,"sintetico_postestratificado",FALSE,0.365670810365505,"26","061","Soyopa"
1965,0.567397195163015,0.353799744587072,0.764172932843429,NA,"sintetico_postestratificado",FALSE,0.410373188256357,"26","011","Bacoachi"
1966,0.677322500287531,0.531499930314819,0.810580067747822,16,"muestra_directa",FALSE,0.279080137433003,"26","018","Cajeme"
1967,0.493668194277432,0.330202410325979,0.653862428167094,15,"muestra_directa",FALSE,0.323660017841115,"26","047","Pitiquito"
1968,0.574996053757134,0.370569836919655,0.760053454682232,1,"muestra_directa",TRUE,0.389483617762577,"26","019","Cananea"
1969,0.592987332793438,0.374184846271686,0.78656871719171,NA,"sintetico_postestratificado",FALSE,0.412383870920024,"26","020","Carbó"
1970,0.617279182798394,0.384565576583318,0.808403356400419,NA,"sintetico_postestratificado",FALSE,0.423837779817102,"26","053","San Felipe de Jesús"
1971,0.631282141616326,0.434214519152025,0.799053246492667,1,"muestra_directa",TRUE,0.364838727340642,"26","042","Navojoa"
1972,0.574168652203729,0.37026608356953,0.763557944435051,NA,"sintetico_postestratificado",FALSE,0.39329186086552,"26","008","Bacadéhuachi"
1973,0.576841207165303,0.341394650296809,0.772121628347186,NA,"sintetico_postestratificado",FALSE,0.430726978050377,"26","060","Sáric"
1974,0.6275744221464,0.419785651634933,0.80543214033459,NA,"sintetico_postestratificado",FALSE,0.385646488699656,"26","039","Naco"
1975,0.635809789796116,0.415765433508789,0.824435468364928,NA,"sintetico_postestratificado",FALSE,0.408670034856139,"26","059","Santa Cruz"
1976,0.609149470007065,0.410791065118743,0.779175791432697,NA,"sintetico_postestratificado",FALSE,0.368384726313955,"26","040","Nácori Chico"
1977,0.593329725342445,0.375553928338946,0.779580123200513,NA,"sintetico_postestratificado",FALSE,0.404026194861566,"26","067","Villa Hidalgo"
1978,0.591283257928552,0.389368499405834,0.781959249249385,NA,"sintetico_postestratificado",FALSE,0.392590749843551,"26","065","Tubutama"
1979,0.563540125008421,0.32475904272069,0.763017578166092,NA,"sintetico_postestratificado",FALSE,0.438258535445401,"26","007","Atil"
1980,0.554660309800675,0.348980685033174,0.759502417381646,NA,"sintetico_postestratificado",FALSE,0.410521732348472,"26","045","Opodepe"
1981,0.608566143250764,0.397649702085399,0.797465748243121,NA,"sintetico_postestratificado",FALSE,0.399816046157722,"26","054","San Javier"
1982,0.585903747946816,0.369298159088869,0.78578729409323,NA,"sintetico_postestratificado",FALSE,0.416489135004361,"26","058","Santa Ana"
1983,0.601007992021815,0.439376285995441,0.743584482961876,13,"muestra_directa",FALSE,0.304208196966435,"27","006","Cunduacán"
1984,0.595382870991768,0.402213296685569,0.761541654043041,3,"muestra_directa",TRUE,0.359328357357472,"27","001","Balancán"
1985,0.54832768703827,0.354412723218225,0.720184812115769,3,"muestra_directa",TRUE,0.365772088897544,"27","016","Teapa"
1986,0.664727466300917,0.488315311879917,0.830777465145593,NA,"sintetico_postestratificado",FALSE,0.342462153265676,"27","015","Tacotalpa"
1987,0.660605722701976,0.446721711919973,0.828474152193373,NA,"sintetico_postestratificado",FALSE,0.3817524402734,"27","014","Paraíso"
1988,0.623924146134657,0.448140679486676,0.766811747178332,7,"muestra_directa",TRUE,0.318671067691656,"27","012","Macuspana"
1989,0.685131376041461,0.54109278205495,0.810111849842172,18,"muestra_directa",FALSE,0.269019067787222,"27","002","Cárdenas"
1990,0.634236162137865,0.43436187181159,0.812829287377193,NA,"sintetico_postestratificado",FALSE,0.378467415565604,"27","003","Centla"
1991,0.629292958520992,0.494005467796227,0.75372645380732,31,"muestra_directa",FALSE,0.259720986011093,"27","004","Centro"
1992,0.71008126640771,0.572093050756267,0.832607220004579,16,"muestra_directa",FALSE,0.260514169248312,"27","005","Comalcalco"
1993,0.691821948008416,0.541983110504316,0.827178448369964,9,"muestra_directa",TRUE,0.285195337865649,"27","007","Emiliano Zapata"
1994,0.676864401479335,0.520717334532584,0.803259299706527,20,"muestra_directa",FALSE,0.282541965173943,"27","008","Huimanguillo"
1995,0.655411091352075,0.458787639374003,0.823626970748785,1,"muestra_directa",TRUE,0.364839331374782,"27","009","Jalapa"
1996,0.670700118246861,0.495073922574314,0.824023984073807,3,"muestra_directa",TRUE,0.328950061499493,"27","010","Jalpa de Méndez"
1997,0.596810084270752,0.412907345023451,0.760590905510212,6,"muestra_directa",TRUE,0.347683560486761,"27","011","Jonuta"
1998,0.626044714709603,0.459024191181592,0.770573091956079,13,"muestra_directa",FALSE,0.311548900774487,"27","013","Nacajuca"
1999,0.627725049740916,0.426820301921814,0.799503929522858,NA,"sintetico_postestratificado",FALSE,0.372683627601044,"27","017","Tenosique"
2000,0.528756787803952,0.380173072328802,0.68515300343808,17,"muestra_directa",FALSE,0.304979931109278,"28","003","Altamira"
2001,0.590259092094078,0.40270409217811,0.756100848896829,8,"muestra_directa",TRUE,0.353396756718719,"28","041","Victoria"
2002,0.652528677322029,0.470683191278934,0.813445680785028,NA,"sintetico_postestratificado",FALSE,0.342762489506094,"28","010","Cruillas"
2003,0.638062473663017,0.445102556235989,0.805071665760718,NA,"sintetico_postestratificado",FALSE,0.359969109524729,"28","024","Mier"
2004,0.622282118998065,0.406276170050765,0.800859315980681,NA,"sintetico_postestratificado",FALSE,0.394583145929915,"28","015","Gustavo Díaz Ordaz"
2005,0.596982005623465,0.392642723494206,0.783332118116208,NA,"sintetico_postestratificado",FALSE,0.390689394622003,"28","025","Miguel Alemán"
2006,0.627758085902905,0.405109632199196,0.821741870244658,NA,"sintetico_postestratificado",FALSE,0.416632238045462,"28","040","Valle Hermoso"
2007,0.63108939536511,0.428969180675268,0.799286702391358,NA,"sintetico_postestratificado",FALSE,0.37031752171609,"28","023","Méndez"
2008,0.635715239481664,0.442793770246958,0.812922667123866,NA,"sintetico_postestratificado",FALSE,0.370128896876908,"28","031","Palmillas"
2009,0.623917600249285,0.430067167868669,0.800859682824679,NA,"sintetico_postestratificado",FALSE,0.37079251495601,"28","039","Tula"
2010,0.595257801347633,0.418787193383743,0.741125707244046,13,"muestra_directa",FALSE,0.322338513860303,"28","038","Tampico"
2011,0.617087907647918,0.413115358511132,0.796162425332128,NA,"sintetico_postestratificado",FALSE,0.383047066820997,"28","037","Soto la Marina"
2012,0.60566309296881,0.408524392539907,0.779341151533381,5,"muestra_directa",TRUE,0.370816758993474,"28","007","Camargo"
2013,0.607483907937523,0.419608911660801,0.787553013141829,NA,"sintetico_postestratificado",FALSE,0.367944101481028,"28","005","Burgos"
2014,0.593145162355057,0.406440268719458,0.75058182213847,10,"muestra_directa",FALSE,0.344141553419012,"28","032","Reynosa"
2015,0.633873790866613,0.431314515658389,0.802851911255561,1,"muestra_directa",TRUE,0.371537395597172,"28","033","Río Bravo"
2016,0.685370153447724,0.510534131500795,0.830775847002382,5,"muestra_directa",TRUE,0.320241715501588,"28","029","Ocampo"
2017,0.639144647183462,0.43208844410601,0.806877152341369,NA,"sintetico_postestratificado",FALSE,0.374788708235359,"28","030","Padilla"
2018,0.657717110353946,0.48683314904969,0.814100328731018,NA,"sintetico_postestratificado",FALSE,0.327267179681327,"28","034","San Carlos"
2019,0.668759489078414,0.461667325009156,0.827439349817965,NA,"sintetico_postestratificado",FALSE,0.365772024808808,"28","035","San Fernando"
2020,0.684066210299062,0.530609428076848,0.813423064161285,17,"muestra_directa",FALSE,0.282813636084437,"28","022","Matamoros"
2021,0.672798723859451,0.472877398941972,0.827608715210688,NA,"sintetico_postestratificado",FALSE,0.354731316268716,"28","036","San Nicolás"
2022,0.644345140528542,0.450967900082351,0.81754156564957,NA,"sintetico_postestratificado",FALSE,0.366573665567219,"28","028","Nuevo Morelos"
2023,0.655886431691948,0.472722056361967,0.810353726380943,1,"muestra_directa",TRUE,0.337631670018976,"28","021","El Mante"
2024,0.683451398646502,0.493528509959325,0.842219094574808,NA,"sintetico_postestratificado",FALSE,0.348690584615483,"28","011","Gómez Farías"
2025,0.644452786909629,0.454710011628138,0.809210968921844,NA,"sintetico_postestratificado",FALSE,0.354500957293707,"28","012","González"
2026,0.629271343521741,0.428689874109502,0.783988017675473,8,"muestra_directa",TRUE,0.355298143565971,"28","027","Nuevo Laredo"
2027,0.632152301814897,0.442454165075579,0.802574845199283,NA,"sintetico_postestratificado",FALSE,0.360120680123704,"28","013","Güémez"
2028,0.647896622464497,0.450240067278728,0.809126075156832,NA,"sintetico_postestratificado",FALSE,0.358886007878104,"28","004","Antiguo Morelos"
2029,0.689386367576125,0.506972082722304,0.850905581920315,NA,"sintetico_postestratificado",FALSE,0.343933499198011,"28","006","Bustamante"
2030,0.681518078039377,0.490917171145039,0.836909419233652,1,"muestra_directa",TRUE,0.345992248088614,"28","016","Hidalgo"
2031,0.660969781087928,0.464049739899633,0.818552065302063,NA,"sintetico_postestratificado",FALSE,0.35450232540243,"28","019","Llera"
2032,0.633192373172885,0.458687776218526,0.791321875904165,4,"muestra_directa",TRUE,0.332634099685639,"28","017","Jaumave"
2033,0.617461268849081,0.433555962500887,0.785647504185667,NA,"sintetico_postestratificado",FALSE,0.352091541684779,"28","020","Mainero"
2034,0.573294985512512,0.365832820605357,0.757665217494159,NA,"sintetico_postestratificado",FALSE,0.391832396888802,"28","008","Casas"
2035,0.649957396531116,0.460355276330678,0.817233125452351,NA,"sintetico_postestratificado",FALSE,0.356877849121674,"28","043","Xicoténcatl"
2036,0.646409743097275,0.439815914602697,0.821601262622268,NA,"sintetico_postestratificado",FALSE,0.381785348019571,"28","042","Villagrán"
2037,0.622216700992937,0.408017028613595,0.807240535844366,NA,"sintetico_postestratificado",FALSE,0.399223507230771,"28","014","Guerrero"
2038,0.610311917646839,0.430650810785503,0.770256260588532,7,"muestra_directa",TRUE,0.339605449803029,"28","009","Ciudad Madero"
2039,0.658320147652844,0.468342989758172,0.822793332773695,NA,"sintetico_postestratificado",FALSE,0.354450343015523,"28","026","Miquihuana"
2040,0.649582262991903,0.448916826480075,0.812869682512586,NA,"sintetico_postestratificado",FALSE,0.363952856032511,"28","001","Abasolo"
2041,0.643682072079562,0.440723637339695,0.811130509851903,NA,"sintetico_postestratificado",FALSE,0.370406872512208,"28","002","Aldama"
2042,0.642104585335913,0.450593823933038,0.78860341344143,6,"muestra_directa",TRUE,0.338009589508392,"28","018","Jiménez"
2043,0.657566967892801,0.473792207100189,0.810462196193431,4,"muestra_directa",TRUE,0.336669989093241,"29","019","Tepetitla de Lardizábal"
2044,0.668387504844774,0.469051303213609,0.833250219843229,NA,"sintetico_postestratificado",FALSE,0.36419891662962,"29","045","Benito Juárez"
2045,0.635923000575183,0.44051360064653,0.798887137550294,NA,"sintetico_postestratificado",FALSE,0.358373536903764,"29","047","Lázaro Cárdenas"
2046,0.608352078967784,0.422152491668069,0.757385010616965,9,"muestra_directa",TRUE,0.335232518948897,"29","033","Tlaxcala"
2047,0.691846256874839,0.504085553699455,0.845694626578651,NA,"sintetico_postestratificado",FALSE,0.341609072879196,"29","059","Santa Cruz Quilehtla"
2048,0.689990940004533,0.518852616438794,0.837416024598909,3,"muestra_directa",TRUE,0.318563408160116,"29","004","Atltzayanca"
2049,0.629292658317544,0.438843757055714,0.807049646957736,NA,"sintetico_postestratificado",FALSE,0.368205889902022,"29","054","San Lorenzo Axocomanitla"
2050,0.60246341191896,0.410680332544308,0.771786589120645,NA,"sintetico_postestratificado",FALSE,0.361106256576338,"29","042","Xicohtzinco"
2051,0.61228495840047,0.404173452672199,0.774953280039988,3,"muestra_directa",TRUE,0.370779827367789,"29","044","Zacatelco"
2052,0.625030489660781,0.432138159948542,0.789654226080861,NA,"sintetico_postestratificado",FALSE,0.357516066132319,"29","053","San Juan Huactzinco"
2053,0.647416585234824,0.46008805633088,0.813883127837753,NA,"sintetico_postestratificado",FALSE,0.353795071506872,"29","008","Cuapiaxtla"
2054,0.641484091189348,0.44462285666783,0.802702572628946,NA,"sintetico_postestratificado",FALSE,0.358079715961116,"29","029","Tepeyanco"
2055,0.647604960913795,0.447557009929439,0.820047828497252,NA,"sintetico_postestratificado",FALSE,0.372490818567813,"29","046","Emiliano Zapata"
2056,0.691084617674951,0.53809366057206,0.838025348093386,5,"muestra_directa",TRUE,0.299931687521326,"29","025","San Pablo del Monte"
2057,0.70986643925032,0.535196369245382,0.841671928125587,4,"muestra_directa",TRUE,0.306475558880205,"29","058","Santa Catarina Ayometla"
2058,0.640590527141817,0.470718814020278,0.777396319090052,7,"muestra_directa",TRUE,0.306677505069774,"29","014","Hueyotlipan"
2059,0.693827659942621,0.524013376635526,0.839132029762195,4,"muestra_directa",TRUE,0.315118653126669,"29","028","Teolocholco"
2060,0.629312129975594,0.440361006078793,0.800488203987725,NA,"sintetico_postestratificado",FALSE,0.360127197908932,"29","040","Xaltocan"
2061,0.650529522324923,0.438042307266339,0.814070728859318,NA,"sintetico_postestratificado",FALSE,0.376028421592979,"29","060","Santa Isabel Xiloxoxtla"
2062,0.668804826319123,0.492694134304216,0.812572029076261,4,"muestra_directa",TRUE,0.319877894772044,"29","015","Ixtacuixtla de Mariano Matamoros"
2063,0.617771009384597,0.420756027781144,0.798423170737253,NA,"sintetico_postestratificado",FALSE,0.377667142956109,"29","057","Santa Apolonia Teacalco"
2064,0.606503635110067,0.414828906254083,0.776411938517201,NA,"sintetico_postestratificado",FALSE,0.361583032263117,"29","056","Santa Ana Nopalucan"
2065,0.63513704524525,0.432933336556274,0.796638680410772,NA,"sintetico_postestratificado",FALSE,0.363705343854498,"29","051","San Jerónimo Zacualpan"
2066,0.667001343682177,0.476977317881294,0.819256022433404,1,"muestra_directa",TRUE,0.342278704552111,"29","041","Papalotla de Xicohténcatl"
2067,0.641120229572203,0.448597476594903,0.797891176398868,2,"muestra_directa",TRUE,0.349293699803965,"29","038","Tzompantepec"
2068,0.683319489382799,0.507060782611179,0.828330048683933,2,"muestra_directa",TRUE,0.321269266072754,"29","023","Natívitas"
2069,0.632803646093028,0.448559921885397,0.78905950966298,NA,"sintetico_postestratificado",FALSE,0.340499587777583,"29","020","Sanctórum de Lázaro Cárdenas"
2070,0.649113117354356,0.442878074688853,0.819760074539136,NA,"sintetico_postestratificado",FALSE,0.376881999850282,"29","017","Mazatecochco de José María Morelos"
2071,0.660525869620459,0.468344253353813,0.829141807743202,NA,"sintetico_postestratificado",FALSE,0.36079755438939,"29","022","Acuamanala de Miguel Hidalgo"
2072,0.687807844551705,0.499098527218137,0.843608243143479,1,"muestra_directa",TRUE,0.344509715925342,"29","001","Amaxac de Guerrero"
2073,0.664487236884362,0.481389793130629,0.815361728804042,2,"muestra_directa",TRUE,0.333971935673413,"29","006","Calpulalpan"
2074,0.661143541409079,0.461653521310935,0.816864308094422,NA,"sintetico_postestratificado",FALSE,0.355210786783487,"29","016","Ixtenco"
2075,0.668152514940391,0.465495576875756,0.832849431476644,NA,"sintetico_postestratificado",FALSE,0.367353854600888,"29","049","San Damián Texóloc"
2076,0.670999849946191,0.497631357661257,0.815443207445196,6,"muestra_directa",TRUE,0.317811849783939,"29","043","Yauhquemehcan"
2077,0.619190050638089,0.445770126105651,0.75817105879916,9,"muestra_directa",TRUE,0.312400932693508,"29","013","Huamantla"
2078,0.687700875046188,0.504957216903453,0.840099025933962,2,"muestra_directa",TRUE,0.335141809030509,"29","002","Apetatitlán de Antonio Carvajal"
2079,0.690783952696854,0.494333612577595,0.851031159379143,NA,"sintetico_postestratificado",FALSE,0.356697546801548,"29","005","Apizaco"
2080,0.612893242291856,0.412911202236275,0.785535505421496,1,"muestra_directa",TRUE,0.37262430318522,"29","018","Contla de Juan Cuamatzi"
2081,0.624028007959219,0.409001681337355,0.795841963463961,1,"muestra_directa",TRUE,0.386840282126606,"29","003","Atlangatepec"
2082,0.667184059470424,0.473730631050156,0.821258794627808,NA,"sintetico_postestratificado",FALSE,0.347528163577651,"29","011","Muñoz de Domingo Arenas"
2083,0.662686441075917,0.461646568827736,0.826246618711853,NA,"sintetico_postestratificado",FALSE,0.364600049884118,"29","009","Cuaxomulco"
2084,0.675383863559358,0.473049563798359,0.836200360049703,1,"muestra_directa",TRUE,0.363150796251343,"29","010","Chiautempan"
2085,0.676895107608224,0.513412512656052,0.816583334984267,4,"muestra_directa",TRUE,0.303170822328216,"29","007","El Carmen Tequexquitla"
2086,0.662148529375275,0.461245391022266,0.83200648828127,NA,"sintetico_postestratificado",FALSE,0.370761097259004,"29","021","Nanacamilpa de Mariano Arista"
2087,0.679008017533007,0.488199972544133,0.836427488713981,NA,"sintetico_postestratificado",FALSE,0.348227516169848,"29","012","Españita"
2088,0.724933910588135,0.580667396889952,0.84884150957775,10,"muestra_directa",FALSE,0.268174112687798,"29","031","Tetla de la Solidaridad"
2089,0.652456266593761,0.477642230930774,0.806550542363829,3,"muestra_directa",TRUE,0.328908311433056,"29","032","Tetlatlahuca"
2090,0.642484544985634,0.446218734178312,0.805127451119937,NA,"sintetico_postestratificado",FALSE,0.358908716941624,"29","034","Tlaxco"
2091,0.641041126784898,0.446099069109627,0.80925428322772,1,"muestra_directa",TRUE,0.363155214118092,"29","035","Tocatlán"
2092,0.652953183408966,0.464094440093683,0.815544742480348,NA,"sintetico_postestratificado",FALSE,0.351450302386665,"29","030","Terrenate"
2093,0.646211360348922,0.445189502393432,0.809513284125424,NA,"sintetico_postestratificado",FALSE,0.364323781731991,"29","026","Santa Cruz Tlaxcala"
2094,0.633857817607024,0.421303618767284,0.806226034590132,NA,"sintetico_postestratificado",FALSE,0.384922415822847,"29","050","San Francisco Tetlanohcan"
2095,0.64903529277472,0.440953141248911,0.813922651807238,NA,"sintetico_postestratificado",FALSE,0.372969510558327,"29","052","San José Teacalco"
2096,0.637153799545141,0.429515338892261,0.810785876341044,NA,"sintetico_postestratificado",FALSE,0.381270537448783,"29","027","Tenancingo"
2097,0.640031432581526,0.431871776149004,0.803401064737697,NA,"sintetico_postestratificado",FALSE,0.371529288588693,"29","055","San Lucas Tecopilco"
2098,0.636044558482162,0.435837465016228,0.79351019725745,NA,"sintetico_postestratificado",FALSE,0.357672732241221,"29","024","Panotla"
2099,0.665713014122276,0.475207265608079,0.830082781828697,NA,"sintetico_postestratificado",FALSE,0.354875516220618,"29","037","Ziltlaltépec de Trinidad Sánchez Santos"
2101,0.644605765231293,0.443853484174921,0.802288354810241,NA,"sintetico_postestratificado",FALSE,0.35843487063532,"29","039","Xaloztoc"
2102,0.6639443790546,0.433808110366812,0.822297296516089,NA,"sintetico_postestratificado",FALSE,0.388489186149278,"29","036","Totolac"
2103,0.611893029576679,0.394730138388814,0.798366666535889,NA,"sintetico_postestratificado",FALSE,0.403636528147074,"30","162","Tenampa"
2104,0.591710423545964,0.395233744421425,0.780015019843651,NA,"sintetico_postestratificado",FALSE,0.384781275422226,"30","169","José Azueta"
2105,0.623998219775652,0.395893243157843,0.800429284641541,NA,"sintetico_postestratificado",FALSE,0.404536041483698,"30","185","Tlilapan"
2106,0.625244721558016,0.427585926579113,0.793394619249835,NA,"sintetico_postestratificado",FALSE,0.365808692670722,"30","187","Tonayán"
2107,0.631882306959625,0.420634799791839,0.794274915265346,NA,"sintetico_postestratificado",FALSE,0.373640115473507,"30","188","Totutla"
2108,0.592087673930778,0.396765413932705,0.772013527508535,NA,"sintetico_postestratificado",FALSE,0.375248113575829,"30","189","Tuxpan"
2109,0.60579511300247,0.395549728010263,0.789580578271151,NA,"sintetico_postestratificado",FALSE,0.394030850260888,"30","190","Tuxtilla"
2110,0.590737814774673,0.388471261834151,0.770556332501767,NA,"sintetico_postestratificado",FALSE,0.382085070667616,"30","078","Ixcatepec"
2111,0.607257179504954,0.389874014404676,0.793332035646749,NA,"sintetico_postestratificado",FALSE,0.403458021242073,"30","191","Ursulo Galván"
2112,0.553956831206058,0.365491325582652,0.73302033130188,4,"muestra_directa",TRUE,0.367529005719228,"30","079","Ixhuacán de los Reyes"
2113,0.612499570158906,0.414035705088907,0.786858172414448,5,"muestra_directa",TRUE,0.37282246732554,"30","192","Vega de Alatorre"
2114,0.640997211736688,0.433131974978217,0.817690060190734,NA,"sintetico_postestratificado",FALSE,0.384558085212517,"30","194","Villa Aldama"
2115,0.651279990546509,0.455866051863229,0.820444824447775,NA,"sintetico_postestratificado",FALSE,0.364578772584546,"30","031","Carrillo Puerto"
2116,0.650177856541741,0.438749202840664,0.817787219189511,NA,"sintetico_postestratificado",FALSE,0.379038016348847,"30","195","Xoxocotla"
2117,0.641533992621724,0.429593241496164,0.823160605007459,NA,"sintetico_postestratificado",FALSE,0.393567363511295,"30","199","Zaragoza"
2118,0.667056889818294,0.466762842229739,0.817037063413654,2,"muestra_directa",TRUE,0.350274221183915,"30","206","Nanchital de Lázaro Cárdenas del Río"
2119,0.642312914701027,0.440424476144454,0.808400081957332,NA,"sintetico_postestratificado",FALSE,0.367975605812878,"30","210","Uxpanapa"
2120,0.578756150625954,0.361827221033335,0.775920163383902,NA,"sintetico_postestratificado",FALSE,0.414092942350568,"30","211","San Rafael"
2121,0.61876306307041,0.412563786205723,0.799132331361071,NA,"sintetico_postestratificado",FALSE,0.386568545155348,"30","212","Santiago Sochiapan"
2122,0.585349720952842,0.379712859362543,0.77930845692934,NA,"sintetico_postestratificado",FALSE,0.399595597566798,"30","103","Mecatlán"
2123,0.571696700683172,0.364164316658726,0.763509364822453,3,"muestra_directa",TRUE,0.399345048163727,"30","141","San Andrés Tuxtla"
2124,0.589020198978584,0.369368403963549,0.774180338821136,NA,"sintetico_postestratificado",FALSE,0.404811934857587,"30","140","San Andrés Tenejapan"
2125,0.581284323799669,0.358993308688429,0.762018268671497,NA,"sintetico_postestratificado",FALSE,0.403024959983068,"30","138","Río Blanco"
2126,0.575210366693451,0.369431216647241,0.760728904057237,NA,"sintetico_postestratificado",FALSE,0.391297687409996,"30","136","Rafael Lucio"
2127,0.639508596440742,0.43202013773198,0.810286851503461,1,"muestra_directa",TRUE,0.37826671377148,"30","131","Poza Rica de Hidalgo"
2128,0.647446129939453,0.442271298524375,0.803284693057182,NA,"sintetico_postestratificado",FALSE,0.361013394532806,"30","116","Oluta"
2129,0.598950060306519,0.411370910684131,0.777462944970575,NA,"sintetico_postestratificado",FALSE,0.366092034286444,"30","109","Misantla"
2130,0.639321623161072,0.420269181334095,0.801392774131214,NA,"sintetico_postestratificado",FALSE,0.381123592797119,"30","107","Las Minas"
2131,0.62671135658499,0.416066591564443,0.812189291153221,NA,"sintetico_postestratificado",FALSE,0.396122699588778,"30","203","Zozocolco de Hidalgo"
2132,0.60386150589302,0.389611208596345,0.782819313339249,NA,"sintetico_postestratificado",FALSE,0.393208104742903,"30","205","El Higo"
2133,0.62732741925792,0.430327920319018,0.805506631424096,NA,"sintetico_postestratificado",FALSE,0.375178711105078,"30","071","Huatusco"
2134,0.620164105494726,0.425780221882966,0.791685163781447,2,"muestra_directa",TRUE,0.365904941898482,"30","069","Gutiérrez Zamora"
2135,0.617703086682413,0.400292698288762,0.800506140347491,NA,"sintetico_postestratificado",FALSE,0.400213442058728,"30","098","Magdalena"
2136,0.603872650486139,0.408946749824613,0.780569072175188,NA,"sintetico_postestratificado",FALSE,0.371622322350576,"30","075","Ignacio de la Llave"
2137,0.6018594244752,0.394738249895646,0.782842382004639,NA,"sintetico_postestratificado",FALSE,0.388104132108994,"30","074","Huiloapan de Cuauhtémoc"
2138,0.628879484209974,0.431003504966149,0.793465564094427,NA,"sintetico_postestratificado",FALSE,0.362462059128278,"30","073","Hueyapan de Ocampo"
2139,0.661074180845557,0.471564557175943,0.820799875537958,NA,"sintetico_postestratificado",FALSE,0.349235318362015,"30","072","Huayacocotla"
2140,0.638348399679149,0.454593286014702,0.810111630089774,NA,"sintetico_postestratificado",FALSE,0.355518344075073,"30","149","Soteapan"
2141,0.652268584490937,0.469877330708227,0.818488474848638,NA,"sintetico_postestratificado",FALSE,0.348611144140412,"30","150","Tamalín"
2142,0.629437464579836,0.441522065573686,0.808875233873771,NA,"sintetico_postestratificado",FALSE,0.367353168300085,"30","148","Soledad de Doblado"
2143,0.624284921331228,0.404472463267906,0.802620773075083,NA,"sintetico_postestratificado",FALSE,0.398148309807176,"30","147","Soledad Atzompa"
2144,0.633273556414437,0.427517463745652,0.804932080917651,NA,"sintetico_postestratificado",FALSE,0.377414617171998,"30","146","Sochiapa"
2145,0.636546329841067,0.439235657986938,0.813043018098672,NA,"sintetico_postestratificado",FALSE,0.373807360111734,"30","145","Soconusco"
2146,0.625706377131065,0.432179409077067,0.798136061462081,NA,"sintetico_postestratificado",FALSE,0.365956652385014,"30","004","Actopan"
2147,0.568168118780228,0.364602914816558,0.755124772830537,NA,"sintetico_postestratificado",FALSE,0.390521858013979,"30","070","Hidalgotitlán"
2148,0.612211746355121,0.40458592663453,0.788053174547802,NA,"sintetico_postestratificado",FALSE,0.383467247913272,"30","068","Fortín"
2149,0.638313552462348,0.427440256874227,0.811390764408171,NA,"sintetico_postestratificado",FALSE,0.383950507533944,"30","067","Filomeno Mata"
2150,0.60779935443247,0.412736243912725,0.775703585478987,NA,"sintetico_postestratificado",FALSE,0.362967341566262,"30","066","Espinal"
2151,0.57752499069701,0.373324881316878,0.752905127379241,NA,"sintetico_postestratificado",FALSE,0.379580246062363,"30","065","Emiliano Zapata"
2152,0.600554751396799,0.382127017858869,0.781387484590333,NA,"sintetico_postestratificado",FALSE,0.399260466731464,"30","064","Chumatlán"
2153,0.618073511751679,0.415706537695238,0.792438008408585,NA,"sintetico_postestratificado",FALSE,0.376731470713348,"30","173","Tezonapa"
2154,0.617337666384905,0.418106220452976,0.803892851702658,NA,"sintetico_postestratificado",FALSE,0.385786631249683,"30","209","Tatahuicapan de Juárez"
2155,0.490991367009024,0.294064880187419,0.674662774482139,8,"muestra_directa",TRUE,0.380597894294721,"30","032","Catemaco"
2156,0.603343558914811,0.392573550631523,0.77805102402023,NA,"sintetico_postestratificado",FALSE,0.385477473388706,"30","040","Coatzintla"
2157,0.590259890515743,0.3749216303132,0.770705600920375,1,"muestra_directa",TRUE,0.395783970607174,"30","039","Coatzacoalcos"
2158,0.604436384495568,0.414258727934823,0.776084087257208,NA,"sintetico_postestratificado",FALSE,0.361825359322384,"30","038","Coatepec"
2159,0.617282260600006,0.418404538277461,0.790107334350272,NA,"sintetico_postestratificado",FALSE,0.371702796072811,"30","037","Coahuitlán"
2160,0.604935406540582,0.399222480055151,0.787719163721688,NA,"sintetico_postestratificado",FALSE,0.388496683666537,"30","036","Coacoatzintla"
2161,0.601007977178961,0.378662489516694,0.787002519122807,NA,"sintetico_postestratificado",FALSE,0.408340029606113,"30","035","Citlaltépetl"
2162,0.591371475725642,0.374723224224657,0.781944542506643,NA,"sintetico_postestratificado",FALSE,0.407221318281986,"30","034","Cerro Azul"
2163,0.602889179866248,0.397477983282633,0.778257261418444,2,"muestra_directa",TRUE,0.380779278135811,"30","033","Cazones de Herrera"
2164,0.678841984028323,0.489938322586014,0.845918162211465,NA,"sintetico_postestratificado",FALSE,0.35597983962545,"30","030","Camerino Z. Mendoza"
2165,0.584110306844163,0.376083592786688,0.766926826596777,NA,"sintetico_postestratificado",FALSE,0.390843233810089,"30","029","Calcahualco"
2166,0.63825820556751,0.428160289512025,0.806186863200937,5,"muestra_directa",TRUE,0.378026573688912,"30","028","Boca del Río"
2167,0.635017731312754,0.430483449974873,0.809302277737103,NA,"sintetico_postestratificado",FALSE,0.37881882776223,"30","027","Benito Juárez"
2168,0.654810027139216,0.458593506594987,0.826598649136189,1,"muestra_directa",TRUE,0.368005142541201,"30","026","Banderilla"
2169,0.563364720092057,0.371951119245178,0.731868042945783,2,"muestra_directa",TRUE,0.359916923700605,"30","025","Ayahualulco"
2170,0.593896900776049,0.400674479597573,0.774436737121506,NA,"sintetico_postestratificado",FALSE,0.373762257523934,"30","024","Tlaltetela"
2171,0.601462646453637,0.40630917556392,0.788672346945874,NA,"sintetico_postestratificado",FALSE,0.382363171381955,"30","023","Atzalan"
2172,0.588634566466481,0.373473479396345,0.768635436391182,NA,"sintetico_postestratificado",FALSE,0.395161956994837,"30","022","Atzacan"
2173,0.611954130466798,0.40697315254821,0.799158974104185,NA,"sintetico_postestratificado",FALSE,0.392185821555976,"30","168","Tequila"
2174,0.627068422383053,0.403378166720918,0.814920976363815,NA,"sintetico_postestratificado",FALSE,0.411542809642897,"30","166","Tepetlán"
2175,0.599780290278584,0.380816522355288,0.780145551034948,NA,"sintetico_postestratificado",FALSE,0.39932902867966,"30","165","Tepatlaxco"
2176,0.577500064592863,0.361824492877799,0.755003656201359,NA,"sintetico_postestratificado",FALSE,0.39317916332356,"30","164","Teocelo"
2177,0.603135092260969,0.403783314243863,0.775471363716324,NA,"sintetico_postestratificado",FALSE,0.371688049472461,"30","126","Paso de Ovejas"
2178,0.596935312179648,0.399099005124208,0.784587782745253,NA,"sintetico_postestratificado",FALSE,0.385488777621045,"30","050","Coxquihui"
2179,0.56782770142069,0.360896089755059,0.757055315427032,NA,"sintetico_postestratificado",FALSE,0.396159225671973,"30","046","Cosautlán de Carvajal"
2180,0.580360716266847,0.382026338609347,0.764598694093093,NA,"sintetico_postestratificado",FALSE,0.382572355483746,"30","021","Atoyac"
2181,0.617959952281428,0.429365928886786,0.794217032794104,NA,"sintetico_postestratificado",FALSE,0.364851103907318,"30","128","Perote"
2182,0.602833519826927,0.398703153950792,0.774092017399112,NA,"sintetico_postestratificado",FALSE,0.37538886344832,"30","020","Atlahuilco"
2183,0.598492599090712,0.400801130242953,0.780720289242687,NA,"sintetico_postestratificado",FALSE,0.379919158999734,"30","101","Mariano Escobedo"
2184,0.598047540084903,0.386239562001807,0.785217596508718,NA,"sintetico_postestratificado",FALSE,0.398978034506911,"30","018","Aquila"
2185,0.64595943582285,0.442080045504219,0.813291329666541,NA,"sintetico_postestratificado",FALSE,0.371211284162321,"30","009","Alto Lucero de Gutiérrez Barrios"
2186,0.638235746976622,0.422347630935892,0.795019484429985,NA,"sintetico_postestratificado",FALSE,0.372671853494093,"30","112","Naolinco"
2187,0.584506497513165,0.373218189259466,0.762301337387628,2,"muestra_directa",TRUE,0.389083148128162,"30","008","Alpatláhuac"
2188,0.659960195371954,0.452960856666052,0.830167559546633,NA,"sintetico_postestratificado",FALSE,0.377206702880581,"30","007","Camarón de Tejeda"
2189,0.695945987911927,0.51317285144499,0.850512614742543,NA,"sintetico_postestratificado",FALSE,0.337339763297553,"30","006","Acultzingo"
2190,0.621077522068812,0.419027727438695,0.794578961389355,NA,"sintetico_postestratificado",FALSE,0.375551233950661,"30","111","Moloacán"
2191,0.642634262729844,0.425914547460309,0.819496230744969,NA,"sintetico_postestratificado",FALSE,0.39358168328466,"30","110","Mixtla de Altamirano"
2192,0.648836418929158,0.440415941184655,0.818772882014271,NA,"sintetico_postestratificado",FALSE,0.378356940829617,"30","005","Acula"
2193,0.64402769684337,0.444872998229073,0.806858522519711,NA,"sintetico_postestratificado",FALSE,0.361985524290637,"30","051","Coyutla"
2194,0.621486666545725,0.424201572293335,0.791388170005303,NA,"sintetico_postestratificado",FALSE,0.367186597711968,"30","045","Cosamaloapan de Carpio"
2195,0.613849016559025,0.401225096210622,0.789914355671776,NA,"sintetico_postestratificado",FALSE,0.388689259461154,"30","013","Naranjos Amatlán"
2196,0.648543325835654,0.457124779203581,0.808054664768073,NA,"sintetico_postestratificado",FALSE,0.350929885564491,"30","014","Amatlán de los Reyes"
2197,0.643929180893764,0.459586322714767,0.817744796816912,NA,"sintetico_postestratificado",FALSE,0.358158474102145,"30","002","Acatlán"
2198,0.633049126868331,0.431540796259633,0.811513252691485,NA,"sintetico_postestratificado",FALSE,0.379972456431852,"30","001","Acajete"
2199,0.604359648993096,0.39939086997641,0.782417995927055,NA,"sintetico_postestratificado",FALSE,0.383027125950644,"30","003","Acayucan"
2200,0.637442841819643,0.43267295633773,0.799843256748597,NA,"sintetico_postestratificado",FALSE,0.367170300410867,"30","120","Oteapan"
2201,0.658028173132071,0.465069552222579,0.816422242834178,NA,"sintetico_postestratificado",FALSE,0.351352690611599,"30","127","La Perla"
2202,0.619276127336598,0.430011676884131,0.79353711665249,3,"muestra_directa",TRUE,0.36352543976836,"30","048","Cosoleacaque"
2203,0.611893001174191,0.404705249434059,0.787661659019227,NA,"sintetico_postestratificado",FALSE,0.382956409585168,"30","059","Chinameca"
2204,0.591244765528702,0.378316154167391,0.778240881711266,NA,"sintetico_postestratificado",FALSE,0.399924727543876,"30","100","Manlio Fabio Altamirano"
2205,0.587322880841143,0.398012930606877,0.75610333840017,4,"muestra_directa",TRUE,0.358090407793293,"30","087","Xalapa"
2206,0.585035996649221,0.37617692656443,0.772885826450596,NA,"sintetico_postestratificado",FALSE,0.396708899886166,"30","097","Lerdo de Tejada"
2207,0.625067572136775,0.422016597021394,0.794256170645947,NA,"sintetico_postestratificado",FALSE,0.372239573624553,"30","010","Altotonga"
2208,0.598704418468161,0.400615119568459,0.771507291606248,NA,"sintetico_postestratificado",FALSE,0.37089217203779,"30","108","Minatitlán"
2209,0.637591524177255,0.426208494333592,0.804416311034681,NA,"sintetico_postestratificado",FALSE,0.378207816701089,"30","011","Alvarado"
2210,0.663405430520164,0.468203349882972,0.821826914648069,NA,"sintetico_postestratificado",FALSE,0.353623564765098,"30","012","Amatitlán"
2211,0.639118251323885,0.442612440215956,0.814812454599634,NA,"sintetico_postestratificado",FALSE,0.372200014383678,"30","015","Angel R. Cabada"
2212,0.602042679179517,0.400822100064878,0.78408033325559,NA,"sintetico_postestratificado",FALSE,0.383258233190712,"30","016","La Antigua"
2213,0.619385681418355,0.423337431212661,0.798214414100647,NA,"sintetico_postestratificado",FALSE,0.374876982887986,"30","017","Apazapan"
2214,0.656481567600115,0.490751150611615,0.801669834836418,4,"muestra_directa",TRUE,0.310918684224803,"30","117","Omealca"
2215,0.618887950398499,0.420218905816828,0.78370129938754,NA,"sintetico_postestratificado",FALSE,0.363482393570712,"30","113","Naranjal"
2216,0.627481689636577,0.425478506146927,0.798956928433297,NA,"sintetico_postestratificado",FALSE,0.37347842228637,"30","114","Nautla"
2217,0.616948051292272,0.423886667982501,0.784975989526728,NA,"sintetico_postestratificado",FALSE,0.361089321544228,"30","115","Nogales"
2218,0.618101384163959,0.410218977293717,0.80756813690158,NA,"sintetico_postestratificado",FALSE,0.397349159607863,"30","163","Tenochtitlán"
2219,0.637698005658936,0.431849224427052,0.808729265748098,NA,"sintetico_postestratificado",FALSE,0.376880041321047,"30","019","Astacinga"
2220,0.629832973776495,0.406162002518925,0.816003016906186,NA,"sintetico_postestratificado",FALSE,0.409841014387261,"30","042","Colipa"
2221,0.659917474095775,0.465910085519329,0.814261831994398,NA,"sintetico_postestratificado",FALSE,0.348351746475069,"30","043","Comapa"
2222,0.657908295631989,0.4715976461597,0.828704518229925,2,"muestra_directa",TRUE,0.357106872070225,"30","044","Córdoba"
2223,0.652213091939525,0.441743382240778,0.811756920798845,NA,"sintetico_postestratificado",FALSE,0.370013538558067,"30","047","Coscomatepec"
2224,0.684609133260594,0.485352560734845,0.833965534986398,NA,"sintetico_postestratificado",FALSE,0.348612974251553,"30","049","Cotaxtla"
2225,0.622562807834142,0.408080264745967,0.793990744707812,NA,"sintetico_postestratificado",FALSE,0.385910479961845,"30","052","Cuichapa"
2226,0.653682935632221,0.446471503861415,0.818927599059406,NA,"sintetico_postestratificado",FALSE,0.372456095197992,"30","099","Maltrata"
2227,0.68810294382828,0.51900743458008,0.836006597570807,6,"muestra_directa",TRUE,0.316999162990726,"30","105","Medellín de Bravo"
2228,0.607408610477606,0.403356251562174,0.79730259459714,NA,"sintetico_postestratificado",FALSE,0.393946343034966,"30","184","Tlaquilpa"
2229,0.643988531601471,0.447078423958888,0.801143634919561,1,"muestra_directa",TRUE,0.354065210960672,"30","175","Tihuatlán"
2230,0.617001918931619,0.416687767400162,0.778542521483699,NA,"sintetico_postestratificado",FALSE,0.361854754083537,"30","178","Tlacotalpan"
2231,0.574279648602377,0.379815287907532,0.754090628937744,NA,"sintetico_postestratificado",FALSE,0.374275341030212,"30","180","Tlachichilco"
2232,0.603201067032163,0.399844209001911,0.775112838125114,NA,"sintetico_postestratificado",FALSE,0.375268629123203,"30","137","Los Reyes"
2233,0.647928307513576,0.453571360404469,0.810589887927086,3,"muestra_directa",TRUE,0.357018527522616,"30","196","Yanga"
2234,0.607902318173477,0.38693824600613,0.787280059482505,NA,"sintetico_postestratificado",FALSE,0.400341813476375,"30","197","Yecuatla"
2235,0.59291705260103,0.388591990386356,0.77745741875052,NA,"sintetico_postestratificado",FALSE,0.388865428364164,"30","198","Zacualpan"
2236,0.635993142148184,0.418328190853673,0.804615692045642,NA,"sintetico_postestratificado",FALSE,0.386287501191968,"30","139","Saltabarranca"
2237,0.637837908485338,0.423488012665014,0.807989526012997,NA,"sintetico_postestratificado",FALSE,0.384501513347982,"30","186","Tomatlán"
2238,0.586437487150414,0.379529662902723,0.77234920204527,NA,"sintetico_postestratificado",FALSE,0.392819539142548,"30","200","Zentla"
2239,0.590678091724114,0.386694302329671,0.770457273534254,NA,"sintetico_postestratificado",FALSE,0.383762971204583,"30","202","Zontecomatlán de López y Fuentes"
2240,0.637864107201387,0.424221065784618,0.803953874270257,NA,"sintetico_postestratificado",FALSE,0.379732808485639,"30","204","Agua Dulce"
2241,0.634617369026306,0.423684709866832,0.804349377762573,NA,"sintetico_postestratificado",FALSE,0.380664667895742,"30","207","Tres Valles"
2242,0.618874238103239,0.409366895666886,0.79089577479602,NA,"sintetico_postestratificado",FALSE,0.381528879129133,"30","208","Carlos A. Carrillo"
2243,0.597816692993355,0.405344568975181,0.769775747035625,3,"muestra_directa",TRUE,0.364431178060444,"30","201","Zongolica"
2244,0.651484740760133,0.470192110550177,0.8043648731623,NA,"sintetico_postestratificado",FALSE,0.334172762612123,"30","181","Tlalixcoyan"
2245,0.629861110090201,0.413956138549749,0.794500704343783,NA,"sintetico_postestratificado",FALSE,0.380544565794034,"30","182","Tlalnelhuayocan"
2246,0.591016811127762,0.385225549696877,0.77948714857087,NA,"sintetico_postestratificado",FALSE,0.394261598873993,"30","183","Tlapacoyan"
2247,0.603068981343114,0.406461098369327,0.775620030677387,NA,"sintetico_postestratificado",FALSE,0.36915893230806,"30","076","Ilamatlán"
2248,0.609056616772056,0.388326223287167,0.786165584175132,NA,"sintetico_postestratificado",FALSE,0.397839360887966,"30","077","Isla"
2249,0.613397587148635,0.415681136584736,0.785528424192106,NA,"sintetico_postestratificado",FALSE,0.369847287607371,"30","080","Ixhuatlán del Café"
2250,0.592054850241989,0.381030602803539,0.769173321986193,1,"muestra_directa",TRUE,0.388142719182655,"30","081","Ixhuatlancillo"
2251,0.604281724749815,0.371267002413981,0.795483757151194,NA,"sintetico_postestratificado",FALSE,0.424216754737213,"30","082","Ixhuatlán del Sureste"
2252,0.571760855571629,0.365983174193958,0.757977923296503,NA,"sintetico_postestratificado",FALSE,0.391994749102546,"30","083","Ixhuatlán de Madero"
2253,0.598437610816968,0.403905971496563,0.775144906757502,NA,"sintetico_postestratificado",FALSE,0.371238935260939,"30","084","Ixmatlahuacan"
2254,0.601012702874827,0.392623120648774,0.783975212933313,NA,"sintetico_postestratificado",FALSE,0.391352092284539,"30","085","Ixtaczoquitlán"
2255,0.585265177155855,0.37763768356567,0.773984518278417,NA,"sintetico_postestratificado",FALSE,0.396346834712747,"30","086","Jalacingo"
2256,0.588615705560729,0.387175859183639,0.773642846761009,NA,"sintetico_postestratificado",FALSE,0.38646698757737,"30","088","Jalcomulco"
2257,0.619499902355373,0.434103364805886,0.792858505417347,NA,"sintetico_postestratificado",FALSE,0.358755140611462,"30","089","Jáltipan"
2258,0.620860854436013,0.412119174629703,0.798304760685043,NA,"sintetico_postestratificado",FALSE,0.386185586055339,"30","090","Jamapa"
2259,0.582821654144114,0.376426593656462,0.771996821722147,NA,"sintetico_postestratificado",FALSE,0.395570228065685,"30","091","Jesús Carranza"
2260,0.583913285399402,0.378966875343959,0.759127611214523,NA,"sintetico_postestratificado",FALSE,0.380160735870564,"30","092","Xico"
2261,0.597128581869736,0.395393136270196,0.775699440775138,NA,"sintetico_postestratificado",FALSE,0.380306304504941,"30","041","Coetzala"
2262,0.609652037967818,0.414864303373852,0.786137580646384,NA,"sintetico_postestratificado",FALSE,0.371273277272532,"30","053","Cuitláhuac"
2263,0.587147256134082,0.386724690167527,0.772549775806293,NA,"sintetico_postestratificado",FALSE,0.385825085638766,"30","054","Chacaltianguis"
2264,0.56858184122594,0.361034091179897,0.763467001017455,NA,"sintetico_postestratificado",FALSE,0.402432909837558,"30","055","Chalma"
2265,0.615654450251258,0.406124063657294,0.801642493423325,NA,"sintetico_postestratificado",FALSE,0.395518429766031,"30","056","Chiconamel"
2266,0.593600245955517,0.366688857999441,0.786105410052047,NA,"sintetico_postestratificado",FALSE,0.419416552052605,"30","057","Chiconquiaco"
2267,0.585014986346234,0.377504133189868,0.755082139084289,NA,"sintetico_postestratificado",FALSE,0.377578005894421,"30","058","Chicontepec"
2268,0.595981917840116,0.379263470992136,0.789796519774711,NA,"sintetico_postestratificado",FALSE,0.410533048782575,"30","060","Chinampa de Gorostiza"
2269,0.597779526959364,0.385168545731565,0.795823009214065,NA,"sintetico_postestratificado",FALSE,0.4106544634825,"30","061","Las Choapas"
2270,0.605325297463691,0.407627919037492,0.780823801388826,NA,"sintetico_postestratificado",FALSE,0.373195882351334,"30","062","Chocamán"
2271,0.565559248065562,0.345566377679594,0.752812328148069,NA,"sintetico_postestratificado",FALSE,0.407245950468475,"30","063","Chontla"
2272,0.608683626227795,0.39547896224659,0.779869229730217,NA,"sintetico_postestratificado",FALSE,0.384390267483626,"30","093","Jilotepec"
2273,0.592477233430286,0.39454359998444,0.767092970719502,NA,"sintetico_postestratificado",FALSE,0.372549370735062,"30","094","Juan Rodríguez Clara"
2274,0.583834173619789,0.369747816142461,0.76031731585213,NA,"sintetico_postestratificado",FALSE,0.390569499709669,"30","095","Juchique de Ferrer"
2275,0.585275472782742,0.379329174016302,0.770677455265918,NA,"sintetico_postestratificado",FALSE,0.391348281249616,"30","096","Landero y Coss"
2276,0.568373603164752,0.367690823367011,0.762715196577473,NA,"sintetico_postestratificado",FALSE,0.395024373210463,"30","104","Mecayapan"
2277,0.641619902969115,0.460370057107974,0.799108602163981,2,"muestra_directa",TRUE,0.338738545056007,"30","118","Orizaba"
2278,0.615552245643755,0.418365360669276,0.791471629662805,NA,"sintetico_postestratificado",FALSE,0.373106268993529,"30","119","Otatitlán"
2279,0.600878845150735,0.40797102706648,0.778450309830227,NA,"sintetico_postestratificado",FALSE,0.370479282763747,"30","121","Ozuluama de Mascareñas"
2280,0.692568330785473,0.544582446891916,0.828354319458751,15,"muestra_directa",FALSE,0.283771872566835,"30","123","Pánuco"
2281,0.666504225538016,0.500958056679394,0.819172696068338,3,"muestra_directa",TRUE,0.318214639388943,"30","124","Papantla"
2282,0.597414157605302,0.398946646898238,0.781264097578029,NA,"sintetico_postestratificado",FALSE,0.382317450679791,"30","125","Paso del Macho"
2283,0.621874398830532,0.430928801573183,0.80421716628628,NA,"sintetico_postestratificado",FALSE,0.373288364713098,"30","129","Platón Sánchez"
2284,0.610228451941957,0.4177159640765,0.790893604013714,NA,"sintetico_postestratificado",FALSE,0.373177639937215,"30","130","Playa Vicente"
2285,0.611998231719484,0.397377235431524,0.78762605801635,NA,"sintetico_postestratificado",FALSE,0.390248822584826,"30","122","Pajapan"
2286,0.584315556182375,0.372448871594239,0.774978384010479,NA,"sintetico_postestratificado",FALSE,0.402529512416241,"30","132","Las Vigas de Ramírez"
2287,0.601943983318033,0.388228825489261,0.790001603283138,NA,"sintetico_postestratificado",FALSE,0.401772777793877,"30","133","Pueblo Viejo"
2288,0.625912633781648,0.441041691543567,0.794846945804749,2,"muestra_directa",TRUE,0.353805254261182,"30","134","Puente Nacional"
2289,0.600333079776741,0.39377421245236,0.782778308069751,NA,"sintetico_postestratificado",FALSE,0.389004095617392,"30","135","Rafael Delgado"
2290,0.664245619863295,0.484319495195422,0.839485312772585,NA,"sintetico_postestratificado",FALSE,0.355165817577164,"30","106","Miahuatlán"
2291,0.688703900815022,0.51005629001122,0.835616381222158,4,"muestra_directa",TRUE,0.325560091210937,"30","102","Martínez de la Torre"
2292,0.690906464588437,0.498848839967376,0.83420891758711,NA,"sintetico_postestratificado",FALSE,0.335360077619734,"30","170","Texcatepec"
2293,0.642928531558106,0.441247496581092,0.811754567945993,NA,"sintetico_postestratificado",FALSE,0.370507071364901,"30","171","Texhuacán"
2294,0.656408871242256,0.456112199856933,0.828964748746078,NA,"sintetico_postestratificado",FALSE,0.372852548889145,"30","172","Texistepec"
2295,0.678734461422564,0.492677059102982,0.835813864383453,NA,"sintetico_postestratificado",FALSE,0.343136805280471,"30","174","Tierra Blanca"
2296,0.596129069318208,0.407297578339905,0.781726119187994,NA,"sintetico_postestratificado",FALSE,0.374428540848089,"30","176","Tlacojalpan"
2297,0.566384171809591,0.366843726620315,0.765919242727904,NA,"sintetico_postestratificado",FALSE,0.39907551610759,"30","179","Tlacotepec de Mejía"
2298,0.599047857308086,0.415888482021386,0.767782776984287,4,"muestra_directa",TRUE,0.3518942949629,"30","177","Tlacolulan"
2299,0.583393713916889,0.388589809523749,0.751447353584667,5,"muestra_directa",TRUE,0.362857544060918,"30","193","Veracruz"
2300,0.584611186036383,0.370719404546134,0.774624122113364,NA,"sintetico_postestratificado",FALSE,0.40390471756723,"30","143","Santiago Tuxtla"
2301,0.618503502894927,0.406560521866467,0.794622935378395,NA,"sintetico_postestratificado",FALSE,0.388062413511928,"30","144","Sayula de Alemán"
2302,0.604530998078763,0.381817460043033,0.778601377502144,NA,"sintetico_postestratificado",FALSE,0.396783917459112,"30","142","San Juan Evangelista"
2303,0.600381512750465,0.42112354332401,0.773071013205101,7,"muestra_directa",TRUE,0.351947469881091,"30","151","Tamiahua"
2304,0.609473613425549,0.410693439208222,0.796460026127261,NA,"sintetico_postestratificado",FALSE,0.385766586919039,"30","152","Tampico Alto"
2305,0.659414782961345,0.460972296610199,0.824371802726976,NA,"sintetico_postestratificado",FALSE,0.363399506116777,"30","153","Tancoco"
2306,0.650554709848084,0.441435990503889,0.813501484413004,NA,"sintetico_postestratificado",FALSE,0.372065493909114,"30","154","Tantima"
2307,0.673582436895031,0.500765666896207,0.815902354182582,3,"muestra_directa",TRUE,0.315136687286374,"30","155","Tantoyuca"
2308,0.682949564426352,0.498940793441306,0.840733456354918,NA,"sintetico_postestratificado",FALSE,0.341792662913612,"30","156","Tatatila"
2309,0.65248285275338,0.460271859222917,0.824191257893033,NA,"sintetico_postestratificado",FALSE,0.363919398670116,"30","157","Castillo de Teayo"
2310,0.682768373254895,0.494314943039494,0.842634016759027,NA,"sintetico_postestratificado",FALSE,0.348319073719533,"30","158","Tecolutla"
2311,0.605845966354795,0.406530767493444,0.793134040369723,1,"muestra_directa",TRUE,0.386603272876279,"30","159","Tehuipango"
2312,0.596579058143444,0.392975626999764,0.773884600684322,NA,"sintetico_postestratificado",FALSE,0.380908973684559,"30","160","Álamo Temapache"
2313,0.626141746546035,0.446693605596973,0.794875473661009,NA,"sintetico_postestratificado",FALSE,0.348181868064036,"30","161","Tempoal"
2314,0.582645128301628,0.406424414243378,0.743803037897604,10,"muestra_directa",FALSE,0.337378623654226,"30","167","Tepetzintla"
2315,0.54996952920226,0.334768687667461,0.753790482308213,NA,"sintetico_postestratificado",FALSE,0.419021794640753,"31","009","Cansahcab"
2316,0.557131830276683,0.357512269290876,0.75061849113047,NA,"sintetico_postestratificado",FALSE,0.393106221839594,"31","007","Cacalchén"
2317,0.543087730483086,0.336943579601352,0.744819203975559,NA,"sintetico_postestratificado",FALSE,0.407875624374207,"31","019","Chemax"
2318,0.554827754506816,0.361900690449591,0.731812816050168,6,"muestra_directa",TRUE,0.369912125600577,"31","101","Umán"
2319,0.585533940331078,0.382556343509478,0.785440021933628,NA,"sintetico_postestratificado",FALSE,0.40288367842415,"31","106","Yobaín"
2320,0.511644829278859,0.313600635227971,0.736725875152043,NA,"sintetico_postestratificado",FALSE,0.423125239924072,"31","105","Yaxkukul"
2321,0.54171492764397,0.331598413843457,0.737972782704503,NA,"sintetico_postestratificado",FALSE,0.406374368861046,"31","103","Xocchel"
2322,0.513691247075291,0.30656667476415,0.71471054873191,NA,"sintetico_postestratificado",FALSE,0.408143873967761,"31","097","Tunkás"
2323,0.5346460805639,0.334222466434223,0.734425642204073,NA,"sintetico_postestratificado",FALSE,0.40020317576985,"31","095","Tixpéhual"
2324,0.539666727129841,0.341765515498131,0.743195443568762,NA,"sintetico_postestratificado",FALSE,0.401429928070631,"31","081","Tekom"
2325,0.485925183663968,0.273308671551015,0.693656648123069,NA,"sintetico_postestratificado",FALSE,0.420347976572053,"31","090","Timucuy"
2326,0.525440772521852,0.304969569938952,0.740557664442754,NA,"sintetico_postestratificado",FALSE,0.435588094503802,"31","088","Teya"
2327,0.562987951574607,0.34825836289967,0.751294578624589,NA,"sintetico_postestratificado",FALSE,0.403036215724919,"31","087","Tetiz"
2328,0.535882251753747,0.324059778753656,0.732020277962716,NA,"sintetico_postestratificado",FALSE,0.40796049920906,"31","066","Santa Elena"
2329,0.532285536608001,0.330861017260451,0.736001794476131,NA,"sintetico_postestratificado",FALSE,0.40514077721568,"31","086","Tepakán"
2330,0.502724636948766,0.273877663313926,0.726754609689134,NA,"sintetico_postestratificado",FALSE,0.452876946375208,"31","083","Telchac Puerto"
2331,0.483789529713999,0.262346960596193,0.706455811773363,NA,"sintetico_postestratificado",FALSE,0.44410885117717,"31","082","Telchac Pueblo"
2332,0.515809876948136,0.298237501433426,0.736322127940179,NA,"sintetico_postestratificado",FALSE,0.438084626506753,"31","080","Tekit"
2333,0.501616895837881,0.314137961944267,0.687393258046407,5,"muestra_directa",TRUE,0.37325529610214,"31","102","Valladolid"
2334,0.500598203432598,0.296541694038228,0.711818413304818,NA,"sintetico_postestratificado",FALSE,0.41527671926659,"31","071","Sudzal"
2335,0.494717520108272,0.310788779835018,0.692218681334882,2,"muestra_directa",TRUE,0.381429901499864,"31","069","Sotuta"
2336,0.495226622513715,0.279476326571662,0.717363227366867,NA,"sintetico_postestratificado",FALSE,0.437886900795204,"31","078","Tekantó"
2337,0.498092761401539,0.271909265845642,0.705668006020536,NA,"sintetico_postestratificado",FALSE,0.433758740174894,"31","037","Huhí"
2338,0.507038737630505,0.29653756288749,0.703511913149284,NA,"sintetico_postestratificado",FALSE,0.406974350261794,"31","027","Dzidzantún"
2339,0.574210924910263,0.364912927173701,0.752981927784951,NA,"sintetico_postestratificado",FALSE,0.38806900061125,"31","058","Peto"
2340,0.564716940661837,0.366595143521173,0.761497762260126,NA,"sintetico_postestratificado",FALSE,0.394902618738954,"31","055","Opichén"
2341,0.522644651218433,0.321904365597937,0.729121261326123,NA,"sintetico_postestratificado",FALSE,0.407216895728186,"31","036","Homún"
2342,0.535142636306563,0.336976662815216,0.722060976607628,NA,"sintetico_postestratificado",FALSE,0.385084313792412,"31","032","Espita"
2343,0.520986956733326,0.332398090157385,0.730776868921458,NA,"sintetico_postestratificado",FALSE,0.398378778764073,"31","077","Tekal de Venegas"
2344,0.491929251553842,0.286835937714009,0.717787334438575,NA,"sintetico_postestratificado",FALSE,0.430951396724566,"31","074","Tahmek"
2345,0.51330867133672,0.284555502312717,0.717505214565592,NA,"sintetico_postestratificado",FALSE,0.432949712252875,"31","026","Dzemul"
2346,0.54252356956929,0.340018298001402,0.74120429829099,NA,"sintetico_postestratificado",FALSE,0.401186000289588,"31","025","Dzan"
2347,0.548736791979001,0.336128788911825,0.740199952612097,NA,"sintetico_postestratificado",FALSE,0.404071163700272,"31","001","Abalá"
2348,0.434640500979825,0.304490973736389,0.573613288738188,36,"muestra_directa",FALSE,0.269122315001799,"31","050","Mérida"
2349,0.531844858580747,0.340688059078323,0.712667018762442,4,"muestra_directa",TRUE,0.371978959684119,"31","023","Chocholá"
2350,0.514178613881371,0.29872961483825,0.721213959292857,NA,"sintetico_postestratificado",FALSE,0.422484344454607,"31","035","Hoctún"
2351,0.527602102778442,0.311721135486126,0.732036066328888,NA,"sintetico_postestratificado",FALSE,0.420314930842761,"31","034","Hocabá"
2352,0.561232941392636,0.34226238559422,0.758971977860189,NA,"sintetico_postestratificado",FALSE,0.416709592265968,"31","016","Chacsinkín"
2353,0.561444685199858,0.350258204138903,0.757189077315474,NA,"sintetico_postestratificado",FALSE,0.40693087317657,"31","015","Cuzamá"
2354,0.548803705213051,0.322544433684409,0.762284258138912,NA,"sintetico_postestratificado",FALSE,0.439739824454503,"31","013","Conkal"
2355,0.535855647142571,0.316254369030615,0.745303925243384,NA,"sintetico_postestratificado",FALSE,0.429049556212769,"31","049","Mayapán"
2356,0.538889771437457,0.301951101059663,0.745415386378406,NA,"sintetico_postestratificado",FALSE,0.443464285318742,"31","065","San Felipe"
2357,0.479536727733453,0.270245563574152,0.685313753878898,NA,"sintetico_postestratificado",FALSE,0.415068190304746,"31","064","Sanahcat"
2358,0.513188824754796,0.310579427606375,0.715698958819685,NA,"sintetico_postestratificado",FALSE,0.40511953121331,"31","073","Tahdziú"
2359,0.527654480907468,0.324501174751846,0.730647723395827,NA,"sintetico_postestratificado",FALSE,0.406146548643981,"31","072","Suma"
2360,0.496689131338352,0.287122681301665,0.703986305850039,NA,"sintetico_postestratificado",FALSE,0.416863624548374,"31","093","Tixkokob"
2361,0.532585199821503,0.300433262693098,0.738833105344917,NA,"sintetico_postestratificado",FALSE,0.438399842651819,"31","061","Río Lagartos"
2362,0.55024461215542,0.340820608713209,0.749537222226649,NA,"sintetico_postestratificado",FALSE,0.40871661351344,"31","014","Cuncunul"
2363,0.544261175637328,0.346746480627223,0.73822936390693,3,"muestra_directa",TRUE,0.391482883279707,"31","089","Ticul"
2364,0.519960947525067,0.306071928014082,0.731281985755577,NA,"sintetico_postestratificado",FALSE,0.425210057741495,"31","070","Sucilá"
2365,0.535332607499551,0.344291477407405,0.724515748859839,6,"muestra_directa",TRUE,0.380224271452435,"31","068","Sinanché"
2366,0.614521167218363,0.397858923666749,0.801607081769243,NA,"sintetico_postestratificado",FALSE,0.403748158102493,"31","012","Cenotillo"
2367,0.568154952591241,0.34510948401277,0.753157238845581,NA,"sintetico_postestratificado",FALSE,0.408047754832811,"31","010","Cantamayec"
2368,0.533232641778787,0.326759566923579,0.726797563548361,NA,"sintetico_postestratificado",FALSE,0.400037996624783,"31","002","Acanceh"
2369,0.542790661181194,0.318173467737005,0.746146956102355,NA,"sintetico_postestratificado",FALSE,0.42797348836535,"31","063","Samahil"
2370,0.549201107034012,0.328416091818846,0.74824434081288,NA,"sintetico_postestratificado",FALSE,0.419828248994034,"31","060","Quintana Roo"
2371,0.523758251224343,0.311420943233943,0.73630233447547,NA,"sintetico_postestratificado",FALSE,0.424881391241528,"31","054","Muxupip"
2372,0.517373440523949,0.31069098276469,0.72446598362159,NA,"sintetico_postestratificado",FALSE,0.4137750008569,"31","053","Muna"
2373,0.526575000380209,0.322687995582324,0.727769350336197,NA,"sintetico_postestratificado",FALSE,0.405081354753873,"31","076","Tecoh"
2374,0.494375807001728,0.291789770241908,0.692467824918551,3,"muestra_directa",TRUE,0.400678054676642,"31","098","Tzucacab"
2375,0.58010134067443,0.378079853057959,0.760687354956068,NA,"sintetico_postestratificado",FALSE,0.382607501898109,"31","042","Kantunil"
2376,0.528901123348314,0.343226888239613,0.696625013862405,5,"muestra_directa",TRUE,0.353398125622792,"31","052","Motul"
2377,0.557390087813653,0.356491747122042,0.77457573758791,NA,"sintetico_postestratificado",FALSE,0.418083990465868,"31","006","Buctzotz"
2378,0.537900092411759,0.343220503658256,0.714699260660753,4,"muestra_directa",TRUE,0.371478757002496,"31","056","Oxkutzcab"
2379,0.599458826950447,0.378615737498452,0.78707422756018,NA,"sintetico_postestratificado",FALSE,0.408458490061728,"31","057","Panabá"
2380,0.498243711468547,0.288138951393287,0.704360966425282,NA,"sintetico_postestratificado",FALSE,0.416222015031994,"31","028","Dzilam de Bravo"
2381,0.503909883644816,0.308963932832373,0.714133361948843,NA,"sintetico_postestratificado",FALSE,0.40516942911647,"31","062","Sacalum"
2382,0.501972956060399,0.306253846859198,0.69692816733488,NA,"sintetico_postestratificado",FALSE,0.390674320475682,"31","051","Mocochá"
2383,0.523455640363137,0.32693184344853,0.715597145627093,1,"muestra_directa",TRUE,0.388665302178562,"31","040","Izamal"
2384,0.528573781049034,0.31831569875195,0.732838453363044,NA,"sintetico_postestratificado",FALSE,0.414522754611094,"31","085","Temozón"
2385,0.569133448933348,0.368504604220732,0.754887052695077,1,"muestra_directa",TRUE,0.386382448474345,"31","104","Yaxcabá"
2386,0.533009950044093,0.322619537152579,0.728300580306766,NA,"sintetico_postestratificado",FALSE,0.405681043154188,"31","091","Tinum"
2387,0.555049453603806,0.352656562000932,0.757801609706481,1,"muestra_directa",TRUE,0.405145047705549,"31","048","Maxcanú"
2388,0.530271114383689,0.310722280294323,0.729601644483487,NA,"sintetico_postestratificado",FALSE,0.418879364189164,"31","096","Tizimín"
2389,0.549160704249153,0.362225250407706,0.760723873969688,NA,"sintetico_postestratificado",FALSE,0.398498623561982,"31","099","Uayma"
2390,0.51702932722008,0.308871346183082,0.710586415468037,NA,"sintetico_postestratificado",FALSE,0.401715069284955,"31","005","Bokobá"
2391,0.514057181046732,0.32511539428706,0.724359343585524,NA,"sintetico_postestratificado",FALSE,0.399243949298464,"31","047","Maní"
2392,0.505912492652618,0.302239297214285,0.703923510116319,NA,"sintetico_postestratificado",FALSE,0.401684212902034,"31","046","Mama"
2393,0.489875587461548,0.276952296884999,0.707342074567928,NA,"sintetico_postestratificado",FALSE,0.430389777682928,"31","045","Kopomá"
2394,0.50536702021485,0.287385341903126,0.736078725896286,NA,"sintetico_postestratificado",FALSE,0.44869338399316,"31","044","Kinchil"
2395,0.543516228091497,0.326590694336772,0.731896192901366,NA,"sintetico_postestratificado",FALSE,0.405305498564594,"31","100","Ucú"
2396,0.518162851499851,0.313278795280523,0.728193267760081,NA,"sintetico_postestratificado",FALSE,0.414914472479558,"31","043","Kaua"
2397,0.518618578907301,0.302001331149362,0.724581390480501,NA,"sintetico_postestratificado",FALSE,0.422580059331139,"31","020","Chicxulub Pueblo"
2398,0.500108690601683,0.299233338949733,0.696671133338665,NA,"sintetico_postestratificado",FALSE,0.397437794388932,"31","067","Seyé"
2399,0.559698590593777,0.348488483358674,0.754911572128482,NA,"sintetico_postestratificado",FALSE,0.406423088769809,"31","075","Teabo"
2400,0.507249749588163,0.305945370236527,0.727313785075257,NA,"sintetico_postestratificado",FALSE,0.42136841483873,"31","004","Baca"
2401,0.524001753386996,0.305579454077682,0.723854723851367,NA,"sintetico_postestratificado",FALSE,0.418275269773686,"31","003","Akil"
2402,0.53064643483978,0.332174521932944,0.731321992867763,NA,"sintetico_postestratificado",FALSE,0.399147470934819,"31","022","Chikindzonot"
2403,0.492241608743081,0.278306819630895,0.70947986146592,NA,"sintetico_postestratificado",FALSE,0.431173041835025,"31","033","Halachó"
2404,0.438075451037847,0.257490015948224,0.622000676185246,5,"muestra_directa",TRUE,0.364510660237022,"31","079","Tekax"
2405,0.580862554580769,0.37087317546731,0.777376520855307,NA,"sintetico_postestratificado",FALSE,0.406503345387997,"31","059","Progreso"
2406,0.4865693678364,0.27343417984763,0.704185335926747,NA,"sintetico_postestratificado",FALSE,0.430751156079118,"31","094","Tixméhuac"
2407,0.576548731108531,0.374566095315226,0.767610962942607,NA,"sintetico_postestratificado",FALSE,0.39304486762738,"31","084","Temax"
2408,0.574272113479724,0.383329615029205,0.770089110527079,4,"muestra_directa",TRUE,0.386759495497874,"31","029","Dzilam González"
2409,0.481447543033269,0.290131010634176,0.682548458350316,5,"muestra_directa",TRUE,0.39241744771614,"31","041","Kanasín"
2410,0.531241065126678,0.335221508367298,0.722922381319802,5,"muestra_directa",TRUE,0.387700872952504,"31","038","Hunucmá"
2411,0.514021139192573,0.298851708299444,0.720418781226598,NA,"sintetico_postestratificado",FALSE,0.421567072927154,"31","030","Dzitás"
2412,0.585985923872168,0.388196172128877,0.779514779866375,NA,"sintetico_postestratificado",FALSE,0.391318607737497,"31","021","Chichimilá"
2413,0.566523826723729,0.347372801793061,0.77076748789861,NA,"sintetico_postestratificado",FALSE,0.423394686105549,"31","039","Ixil"
2414,0.590276850998991,0.402705087050986,0.767002985251828,4,"muestra_directa",TRUE,0.364297898200843,"31","092","Tixcacalcupul"
2415,0.510222911661822,0.294885163824223,0.709832085723993,NA,"sintetico_postestratificado",FALSE,0.414946921899769,"31","018","Chapab"
2416,0.525822452266902,0.325063581700178,0.716446218457242,NA,"sintetico_postestratificado",FALSE,0.391382636757065,"31","017","Chankom"
2417,0.482960823943469,0.26883404938608,0.700190404199702,NA,"sintetico_postestratificado",FALSE,0.431356354813622,"31","024","Chumayel"
2418,0.476735166631769,0.241766283107958,0.712742040839297,NA,"sintetico_postestratificado",FALSE,0.470975757731339,"31","031","Dzoncauich"
2419,0.540217973425651,0.324052103478662,0.736965989602755,NA,"sintetico_postestratificado",FALSE,0.412913886124093,"31","011","Celestún"
2420,0.584402802371057,0.371891188961311,0.779813343475198,NA,"sintetico_postestratificado",FALSE,0.407922154513887,"31","008","Calotmul"
2421,0.646262049105303,0.450670098387557,0.817556889564038,NA,"sintetico_postestratificado",FALSE,0.366886791176481,"32","027","Melchor Ocampo"
2422,0.682740584985141,0.495407672485094,0.836533211483709,1,"muestra_directa",TRUE,0.341125538998615,"32","019","Jalpa"
2423,0.685489748382373,0.494446940048093,0.83146088808569,NA,"sintetico_postestratificado",FALSE,0.337013948037597,"32","003","Atolinga"
2424,0.659629610867745,0.445119891602107,0.821209258539107,NA,"sintetico_postestratificado",FALSE,0.376089366937,"32","058","Santa María de la Paz"
2425,0.588349735479942,0.393987309136585,0.753730596018722,5,"muestra_directa",TRUE,0.359743286882137,"32","036","Ojocaliente"
2426,0.677763179820328,0.497996199669133,0.822713750967692,2,"muestra_directa",TRUE,0.32471755129856,"32","035","Noria de Ángeles"
2427,0.645672508863867,0.454831030451151,0.806092956775375,NA,"sintetico_postestratificado",FALSE,0.351261926324224,"32","037","Pánuco"
2428,0.647758244137061,0.462793571686872,0.802704591338498,5,"muestra_directa",TRUE,0.339911019651626,"32","040","Sain Alto"
2429,0.625956093545179,0.412442811333637,0.805437571275682,NA,"sintetico_postestratificado",FALSE,0.392994759942045,"32","033","Moyahua de Estrada"
2430,0.671132714028135,0.509868619200067,0.815703198131754,8,"muestra_directa",TRUE,0.305834578931687,"32","020","Jerez"
2431,0.581126979912119,0.422710964948093,0.726011553535244,13,"muestra_directa",FALSE,0.303300588587151,"32","010","Fresnillo"
2432,0.655410966174745,0.461766391575147,0.818969124837975,NA,"sintetico_postestratificado",FALSE,0.357202733262829,"32","034","Nochistlán de Mejía"
2433,0.60379205514616,0.392492360975097,0.760907134517008,3,"muestra_directa",TRUE,0.368414773541911,"32","005","Calera"
2434,0.652610596205292,0.468227068928086,0.81640125947615,NA,"sintetico_postestratificado",FALSE,0.348174190548064,"32","045","Tepechitlán"
2435,0.645687761139605,0.450464783185218,0.797894663655762,NA,"sintetico_postestratificado",FALSE,0.347429880470544,"32","038","Pinos"
2436,0.680800741547553,0.513000697227311,0.819732778026819,2,"muestra_directa",TRUE,0.306732080799508,"32","051","Villa de Cos"
2437,0.700534860034899,0.501964394721943,0.853957775095715,NA,"sintetico_postestratificado",FALSE,0.351993380373772,"32","050","Vetagrande"
2438,0.671502236592862,0.47144277975453,0.820808663839082,NA,"sintetico_postestratificado",FALSE,0.349365884084552,"32","049","Valparaíso"
2439,0.694534069820524,0.531369083189109,0.823860794824935,9,"muestra_directa",TRUE,0.292491711635826,"32","048","Tlaltenango de Sánchez Román"
2440,0.66362150978454,0.470237702076698,0.81638633803327,NA,"sintetico_postestratificado",FALSE,0.346148635956571,"32","046","Tepetongo"
2441,0.641963984768735,0.447289945543542,0.8084529195062,2,"muestra_directa",TRUE,0.361162973962658,"32","025","Luis Moya"
2442,0.654179458327061,0.462508595898767,0.824800292329054,NA,"sintetico_postestratificado",FALSE,0.362291696430287,"32","044","Tabasco"
2443,0.657828372468391,0.466579399724254,0.813919961270118,NA,"sintetico_postestratificado",FALSE,0.347340561545864,"32","043","Susticacán"
2444,0.639571666779037,0.435336293459952,0.812472619740798,NA,"sintetico_postestratificado",FALSE,0.377136326280846,"32","054","Villa Hidalgo"
2445,0.635868148394849,0.442642284619545,0.810196449987109,NA,"sintetico_postestratificado",FALSE,0.367554165367565,"32","042","Sombrerete"
2446,0.609150835508043,0.412779891417105,0.792769506265694,NA,"sintetico_postestratificado",FALSE,0.379989614848589,"32","041","El Salvador"
2447,0.619716666997551,0.414086902893046,0.791517639757414,NA,"sintetico_postestratificado",FALSE,0.377430736864368,"32","016","General Pánfilo Natera"
2448,0.616294393476596,0.40859130446663,0.793381490278708,NA,"sintetico_postestratificado",FALSE,0.384790185812077,"32","014","General Francisco R. Murguía"
2449,0.65392836050698,0.457099993697184,0.826307546493466,NA,"sintetico_postestratificado",FALSE,0.369207552796282,"32","013","General Enrique Estrada"
2450,0.669471754742763,0.473337708029777,0.835113540254187,NA,"sintetico_postestratificado",FALSE,0.36177583222441,"32","009","Chalchihuites"
2451,0.673609714101309,0.519796185533398,0.798883477433668,18,"muestra_directa",FALSE,0.279087291900269,"32","017","Guadalupe"
2452,0.652666094510043,0.464815833526467,0.817795225786676,NA,"sintetico_postestratificado",FALSE,0.352979392260209,"32","057","Trancoso"
2453,0.641989216174394,0.437797977963886,0.817475931843881,NA,"sintetico_postestratificado",FALSE,0.379677953879996,"32","030","Momax"
2454,0.627368373601886,0.438705710424696,0.805567661642599,NA,"sintetico_postestratificado",FALSE,0.366861951217903,"32","032","Morelos"
2455,0.691677128168343,0.538018494863795,0.829119458816434,10,"muestra_directa",FALSE,0.291100963952639,"32","056","Zacatecas"
2456,0.609840298348185,0.406795621435003,0.783637011791771,NA,"sintetico_postestratificado",FALSE,0.376841390356768,"32","018","Huanusco"
2457,0.623036510487104,0.414982736272602,0.804936544300003,NA,"sintetico_postestratificado",FALSE,0.389953808027401,"32","022","Juan Aldama"
2458,0.643212352664188,0.455941982962768,0.816464153672187,NA,"sintetico_postestratificado",FALSE,0.360522170709419,"32","002","Apulco"
2459,0.633207275425044,0.426472039342999,0.805642478557235,NA,"sintetico_postestratificado",FALSE,0.379170439214236,"32","001","Apozol"
2460,0.639900001574321,0.448514517184487,0.802052105694176,NA,"sintetico_postestratificado",FALSE,0.353537588509689,"32","015","El Plateado de Joaquín Amaro"
2461,0.679876499804618,0.484293138659956,0.834074125172433,NA,"sintetico_postestratificado",FALSE,0.349780986512477,"32","028","Mezquital del Oro"
2462,0.664208110908068,0.481505333582537,0.814636625737672,NA,"sintetico_postestratificado",FALSE,0.333131292155135,"32","026","Mazapil"
2463,0.612543406219494,0.447624027929909,0.76987829015126,11,"muestra_directa",FALSE,0.322254262221351,"32","052","Villa García"
2464,0.62754378897305,0.454137457831896,0.791026012893105,6,"muestra_directa",TRUE,0.336888555061208,"32","024","Loreto"
2465,0.645348424873321,0.446520246951867,0.812374951487287,NA,"sintetico_postestratificado",FALSE,0.365854704535421,"32","004","Benito Juárez"
2466,0.66894204072934,0.49844983052703,0.81595626376677,6,"muestra_directa",TRUE,0.31750643323974,"32","029","Miguel Auza"
2467,0.69212681155384,0.527849725707599,0.824342778132477,8,"muestra_directa",TRUE,0.296493052424877,"32","053","Villa González Ortega"
2468,0.69242724219271,0.536235871969147,0.831297030464997,6,"muestra_directa",TRUE,0.29506115849585,"32","023","Juchipila"
2469,0.671205128883874,0.504123117841201,0.824546692576417,5,"muestra_directa",TRUE,0.320423574735216,"32","039","Río Grande"
2470,0.626204912664055,0.433206252742615,0.792821764767846,NA,"sintetico_postestratificado",FALSE,0.359615512025231,"32","055","Villanueva"
2471,0.686684554193075,0.529163356285162,0.833095961376974,6,"muestra_directa",TRUE,0.303932605091812,"32","031","Monte Escobedo"
2472,0.623695154717346,0.420893595365648,0.802971570197246,NA,"sintetico_postestratificado",FALSE,0.382077974831598,"32","021","Jiménez del Teul"
2473,0.648137374454893,0.46982279781483,0.800042896825507,5,"muestra_directa",TRUE,0.330220099010677,"32","008","Cuauhtémoc"
2474,0.608569080486615,0.419146055378429,0.777147268304075,NA,"sintetico_postestratificado",FALSE,0.358001212925646,"32","007","Concepción del Oro"
2475,0.693227233070268,0.496239126558767,0.848303730189948,NA,"sintetico_postestratificado",FALSE,0.352064603631181,"32","047","Teúl de González Ortega"
2476,0.714770454481516,0.540606394599428,0.859217423722053,NA,"sintetico_postestratificado",FALSE,0.318611029122625,"32","012","Genaro Codina"
2477,0.660428151225738,0.45924955617361,0.82359133365922,NA,"sintetico_postestratificado",FALSE,0.36434177748561,"32","006","Cañitas de Felipe Pescador"
2478,0.666221928082524,0.469070192910695,0.83034770515988,NA,"sintetico_postestratificado",FALSE,0.361277512249185,"32","011","Trinidad García de la Cadena"
