"muni_idx","prev","prev_q025","prev_q975","n_directo","fuente","suprimir_privacidad","ancho_ic95","cve_ent","cve_mun","nomgeo"
1,0.66964115755045,0.429759418623772,0.86257591020029,2,"muestra_directa",TRUE,0.432816491576518,"01","005","Jesús María"
2,0.66928231141863,0.398036843046016,0.870853605579541,NA,"sintetico_postestratificado",FALSE,0.472816762533525,"01","008","San José de Gracia"
3,0.673733528661511,0.582706837213958,0.761742119293894,100,"muestra_directa",FALSE,0.179035282079936,"01","001","Aguascalientes"
4,0.705097592152429,0.459726955607697,0.890104766802024,1,"muestra_directa",TRUE,0.430377811194327,"01","004","Cosío"
5,0.717500917683076,0.46369096102459,0.905605299608141,NA,"sintetico_postestratificado",FALSE,0.441914338583552,"01","011","San Francisco de los Romo"
6,0.764615484509846,0.561935906000259,0.91445046825898,6,"muestra_directa",TRUE,0.35251456225872,"01","006","Pabellón de Arteaga"
7,0.675420896784254,0.448569818370002,0.87079259057392,NA,"sintetico_postestratificado",FALSE,0.422222772203918,"01","003","Calvillo"
8,0.659574402120214,0.405509622388386,0.875465417967507,NA,"sintetico_postestratificado",FALSE,0.469955795579121,"01","010","El Llano"
9,0.765956377293044,0.579675870553783,0.905456832478744,7,"muestra_directa",TRUE,0.325780961924961,"01","002","Asientos"
10,0.795910745879444,0.631662071188201,0.922237688560055,18,"muestra_directa",FALSE,0.290575617371855,"01","009","Tepezalá"
11,0.67087418599601,0.441792275278587,0.864416445732223,NA,"sintetico_postestratificado",FALSE,0.422624170453635,"01","007","Rincón de Romos"
12,0.847901406685656,0.648444739601137,0.961891424901867,7,"muestra_directa",TRUE,0.31344668530073,"02","003","Tecate"
13,0.848992461842745,0.710224132093237,0.940740122949086,39,"muestra_directa",FALSE,0.230515990855849,"02","004","Tijuana"
14,0.842254755338036,0.633331199501426,0.950071293087467,10,"muestra_directa",FALSE,0.316740093586041,"02","001","Ensenada"
15,0.748230775173289,0.451723757324315,0.939209808125285,2,"muestra_directa",TRUE,0.48748605080097,"02","006","San Quintín"
17,0.887650673621499,0.76209881049094,0.965943228533675,28,"muestra_directa",FALSE,0.203844418042735,"02","002","Mexicali"
18,0.691275436003273,0.423596169368665,0.898368214607813,6,"muestra_directa",TRUE,0.474772045239148,"02","005","Playas de Rosarito"
19,0.767856173996927,0.558005987403883,0.922087306605579,7,"muestra_directa",TRUE,0.364081319201696,"03","002","Mulegé"
20,0.783896117550771,0.512631913658358,0.956686293191079,NA,"sintetico_postestratificado",FALSE,0.44405437953272,"03","009","Loreto"
21,0.701461956218775,0.539966141808625,0.834754539358423,34,"muestra_directa",FALSE,0.294788397549798,"03","008","Los Cabos"
22,0.730294301563882,0.614970345266989,0.833694645680393,62,"muestra_directa",FALSE,0.218724300413404,"03","003","La Paz"
23,0.828847375172101,0.69220537692145,0.92522500330318,39,"muestra_directa",FALSE,0.233019626381729,"03","001","Comondú"
24,0.707864366384158,0.558710541572503,0.832673476375299,35,"muestra_directa",FALSE,0.273962934802796,"04","003","Carmen"
25,0.697039266761387,0.472402669452964,0.879864002067597,3,"muestra_directa",TRUE,0.407461332614632,"04","007","Palizada"
27,0.686709006628237,0.406594566891403,0.885387263766387,NA,"sintetico_postestratificado",FALSE,0.478792696874983,"04","005","Hecelchakán"
28,0.702374953346678,0.484109256274198,0.870159663644591,8,"muestra_directa",TRUE,0.386050407370393,"04","004","Champotón"
29,0.683565147226821,0.423182995292902,0.874455110395184,6,"muestra_directa",TRUE,0.451272115102282,"04","011","Candelaria"
30,0.555236747249935,0.276338279355305,0.810402320157451,2,"muestra_directa",TRUE,0.534064040802146,"04","012","Seybaplaya"
31,0.692085743955092,0.55338499949096,0.812821133933119,56,"muestra_directa",FALSE,0.259436134442159,"04","002","Campeche"
32,0.687693068185561,0.449986448558323,0.874729861468728,NA,"sintetico_postestratificado",FALSE,0.424743412910405,"04","006","Hopelchén"
33,0.702384109525834,0.445822691832969,0.887961854299358,6,"muestra_directa",TRUE,0.442139162466388,"04","001","Calkiní"
34,0.678190471383023,0.434688759328466,0.874420923767331,NA,"sintetico_postestratificado",FALSE,0.439732164438864,"04","010","Calakmul"
35,0.710259850362906,0.521514252592946,0.86695510082053,10,"muestra_directa",FALSE,0.345440848227584,"04","009","Escárcega"
36,0.68139941177111,0.395902334848739,0.896057952427686,2,"muestra_directa",TRUE,0.500155617578947,"04","008","Tenabo"
37,0.690888721699453,0.412083597949239,0.888522974010707,NA,"sintetico_postestratificado",FALSE,0.476439376061468,"05","005","Candela"
38,0.795024012693084,0.649113463647025,0.901401906384677,18,"muestra_directa",FALSE,0.252288442737652,"05","017","Matamoros"
39,0.720890192407662,0.48322586243929,0.899548624151922,6,"muestra_directa",TRUE,0.416322761712632,"05","018","Monclova"
40,0.652332307404641,0.344541348065032,0.885098594300917,NA,"sintetico_postestratificado",FALSE,0.540557246235885,"05","014","Jiménez"
41,0.78432534403476,0.610582779190058,0.901852939263219,25,"muestra_directa",FALSE,0.291270160073161,"05","035","Torreón"
42,0.692088164885196,0.399969522388572,0.900790892458169,NA,"sintetico_postestratificado",FALSE,0.500821370069597,"05","013","Hidalgo"
43,0.736261179774533,0.469575331523772,0.914535684838098,NA,"sintetico_postestratificado",FALSE,0.444960353314327,"05","015","Juárez"
44,0.69105470345058,0.434266103024174,0.874363451369656,NA,"sintetico_postestratificado",FALSE,0.440097348345482,"05","020","Múzquiz"
45,0.763849275556987,0.574792498426972,0.911010440587367,7,"muestra_directa",TRUE,0.336217942160395,"05","024","Parras"
46,0.733835725858074,0.474682034349947,0.913597164968759,1,"muestra_directa",TRUE,0.438915130618811,"05","026","Progreso"
47,0.740309908218826,0.574751880497825,0.873367270960443,7,"muestra_directa",TRUE,0.298615390462618,"05","027","Ramos Arizpe"
48,0.540095492447296,0.283262828423121,0.791416014184212,5,"muestra_directa",TRUE,0.508153185761091,"05","025","Piedras Negras"
49,0.707888263096114,0.44502535268264,0.900197346154863,NA,"sintetico_postestratificado",FALSE,0.455171993472223,"05","028","Sabinas"
50,0.661888512535488,0.515186725896077,0.800390308223468,21,"muestra_directa",FALSE,0.285203582327391,"05","030","Saltillo"
51,0.678198640292242,0.422590551059537,0.883599816171296,NA,"sintetico_postestratificado",FALSE,0.461009265111759,"05","031","San Buenaventura"
52,0.710941367956453,0.463258649355362,0.897280337473151,NA,"sintetico_postestratificado",FALSE,0.434021688117789,"05","016","Lamadrid"
53,0.679579880010301,0.421029337640364,0.884391157315424,NA,"sintetico_postestratificado",FALSE,0.46336181967506,"05","004","Arteaga"
54,0.631857716409724,0.437557497033029,0.803021572013499,7,"muestra_directa",TRUE,0.36546407498047,"05","002","Acuña"
55,0.668739134145802,0.359953690163356,0.903825385625092,NA,"sintetico_postestratificado",FALSE,0.543871695461736,"05","032","San Juan de Sabinas"
56,0.699579284190429,0.472794403722352,0.880844401029842,4,"muestra_directa",TRUE,0.40804999730749,"05","033","San Pedro"
57,0.741196042358301,0.50969408826902,0.912348224882317,NA,"sintetico_postestratificado",FALSE,0.402654136613297,"05","009","Francisco I. Madero"
58,0.680852731113574,0.384556184660645,0.884588239885445,NA,"sintetico_postestratificado",FALSE,0.5000320552248,"05","012","Guerrero"
59,0.671254267534896,0.42413501197933,0.874324229147807,NA,"sintetico_postestratificado",FALSE,0.450189217168477,"05","006","Castaños"
60,0.666696272738758,0.387623059332789,0.890238470801463,NA,"sintetico_postestratificado",FALSE,0.502615411468674,"05","003","Allende"
61,0.67484344349686,0.430550167904152,0.875669274931685,NA,"sintetico_postestratificado",FALSE,0.445119107027533,"05","023","Ocampo"
62,0.68908041659258,0.431377692680831,0.897208024730107,NA,"sintetico_postestratificado",FALSE,0.465830332049275,"05","008","Escobedo"
63,0.638336819497548,0.356332740737405,0.868421954009679,NA,"sintetico_postestratificado",FALSE,0.512089213272274,"05","022","Nava"
64,0.64846892653698,0.373987042338005,0.867749525225373,NA,"sintetico_postestratificado",FALSE,0.493762482887368,"05","019","Morelos"
65,0.700837967541915,0.469274793660966,0.870351463376211,NA,"sintetico_postestratificado",FALSE,0.401076669715246,"05","007","Cuatro Ciénegas"
66,0.690580629915255,0.448012141406254,0.879330834182607,NA,"sintetico_postestratificado",FALSE,0.431318692776353,"05","034","Sierra Mojada"
67,0.689279810688852,0.397543547984049,0.902244627351878,NA,"sintetico_postestratificado",FALSE,0.504701079367829,"05","037","Villa Unión"
68,0.690382697593896,0.427035345413258,0.888694321446849,NA,"sintetico_postestratificado",FALSE,0.461658976033591,"05","029","Sacramento"
69,0.645708875376318,0.364390580750206,0.866640518513402,NA,"sintetico_postestratificado",FALSE,0.502249937763195,"05","001","Abasolo"
70,0.649260946720718,0.386721369945747,0.869698350348858,2,"muestra_directa",TRUE,0.482976980403111,"05","038","Zaragoza"
71,0.688107600640675,0.452684904373619,0.878759001984162,NA,"sintetico_postestratificado",FALSE,0.426074097610543,"05","021","Nadadores"
72,0.711438883973593,0.458922658170311,0.905917331925305,NA,"sintetico_postestratificado",FALSE,0.446994673754994,"05","010","Frontera"
73,0.714400420597656,0.468228464612625,0.902471763155478,NA,"sintetico_postestratificado",FALSE,0.434243298542853,"05","011","General Cepeda"
74,0.7023393942825,0.469562362841274,0.883187651806562,NA,"sintetico_postestratificado",FALSE,0.413625288965287,"05","036","Viesca"
75,0.630628611179189,0.338028695647424,0.859062414077527,NA,"sintetico_postestratificado",FALSE,0.521033718430103,"06","006","Ixtlahuacán"
76,0.651467547593112,0.461190840663459,0.816739319575775,11,"muestra_directa",FALSE,0.355548478912316,"06","002","Colima"
77,0.660784351085845,0.415748170049586,0.858662129234423,2,"muestra_directa",TRUE,0.442913959184837,"06","005","Cuauhtémoc"
78,0.674582599487618,0.409551982604006,0.867889758866618,1,"muestra_directa",TRUE,0.458337776262612,"06","008","Minatitlán"
79,0.605920604210277,0.346748513747808,0.841580272384269,3,"muestra_directa",TRUE,0.494831758636461,"06","001","Armería"
80,0.665972258614683,0.404306527878028,0.862931254942799,1,"muestra_directa",TRUE,0.45862472706477,"06","004","Coquimatlán"
81,0.706753592401627,0.530221217959412,0.854570204247013,14,"muestra_directa",FALSE,0.324348986287601,"06","010","Villa de Álvarez"
82,0.665329074232632,0.453898858364303,0.847435494454845,12,"muestra_directa",FALSE,0.393536636090542,"06","003","Comala"
83,0.757677698562867,0.58351848412994,0.897002084676562,24,"muestra_directa",FALSE,0.313483600546623,"06","007","Manzanillo"
84,0.594473320966114,0.407477226304692,0.764772907924485,20,"muestra_directa",FALSE,0.357295681619793,"06","009","Tecomán"
85,0.513687545880993,0.290750546604345,0.744954436465298,4,"muestra_directa",TRUE,0.454203889860953,"07","019","Comitán de Domínguez"
86,0.553110889267005,0.271021970137887,0.815497326866109,NA,"sintetico_postestratificado",FALSE,0.544475356728222,"07","090","Tapalapa"
87,0.467386905930605,0.236035324469947,0.690198802638766,2,"muestra_directa",TRUE,0.454163478168819,"07","020","La Concordia"
88,0.558445015664977,0.313153280408887,0.78331309473459,NA,"sintetico_postestratificado",FALSE,0.470159814325703,"07","021","Copainalá"
89,0.531456898327889,0.268859864861823,0.78717756327504,NA,"sintetico_postestratificado",FALSE,0.518317698413217,"07","079","San Fernando"
90,0.53733043634188,0.277339016727319,0.793982852979919,NA,"sintetico_postestratificado",FALSE,0.5166438362526,"07","109","Yajalón"
91,0.554133191151113,0.312903083375377,0.783783441779277,1,"muestra_directa",TRUE,0.4708803584039,"07","108","Villaflores"
92,0.510591362048584,0.294100147910869,0.726458571414387,3,"muestra_directa",TRUE,0.432358423503518,"07","107","Villa Corzo"
93,0.498320810321678,0.258764061263962,0.746742210409171,NA,"sintetico_postestratificado",FALSE,0.487978149145209,"07","106","Venustiano Carranza"
94,0.468068513659919,0.213308809944409,0.762451109882808,NA,"sintetico_postestratificado",FALSE,0.549142299938399,"07","104","Tzimol"
95,0.417998756593485,0.221593345419273,0.630649638225835,7,"muestra_directa",TRUE,0.409056292806562,"07","103","Tuzantán"
96,0.499499748855507,0.189959788105118,0.80392564041955,NA,"sintetico_postestratificado",FALSE,0.613965852314431,"07","102","Tuxtla Chico"
97,0.669301245798913,0.43715753583986,0.851182522246306,9,"muestra_directa",TRUE,0.414024986406446,"07","101","Tuxtla Gutiérrez"
98,0.481885741762973,0.200280988268671,0.757324434944315,NA,"sintetico_postestratificado",FALSE,0.557043446675644,"07","120","Capitán Luis Ángel Vidal"
99,0.649410111495282,0.409052107774508,0.860037783361496,NA,"sintetico_postestratificado",FALSE,0.450985675586989,"07","074","Reforma"
100,0.535541225571,0.244360767315937,0.81171105355061,NA,"sintetico_postestratificado",FALSE,0.567350286234674,"07","075","Las Rosas"
101,0.490335698478674,0.239756056927397,0.760680070051012,1,"muestra_directa",TRUE,0.520924013123615,"07","057","Motozintla"
102,0.486860803848701,0.235599074135244,0.764068038495575,NA,"sintetico_postestratificado",FALSE,0.528468964360331,"07","007","Amatenango del Valle"
103,0.491253431550452,0.254236058325064,0.745519586416327,NA,"sintetico_postestratificado",FALSE,0.491283528091262,"07","111","Zinacantán"
104,0.475873660669096,0.180156994106281,0.786400839045374,NA,"sintetico_postestratificado",FALSE,0.606243844939093,"07","054","Mazatán"
105,0.582878939474549,0.337418146090924,0.806111675338217,1,"muestra_directa",TRUE,0.468693529247293,"07","076","Sabanilla"
106,0.493816591109922,0.270778764626206,0.735168983525318,NA,"sintetico_postestratificado",FALSE,0.464390218899113,"07","081","Simojovel"
107,0.485338089441209,0.241483546095769,0.754722314043574,NA,"sintetico_postestratificado",FALSE,0.513238767947805,"07","063","Osumacinta"
108,0.510742918461171,0.227267877608982,0.763712929102433,NA,"sintetico_postestratificado",FALSE,0.536445051493451,"07","110","San Lucas"
109,0.421974471250965,0.204592072496751,0.660063721202975,3,"muestra_directa",TRUE,0.455471648706224,"07","051","Mapastepec"
110,0.518000517887317,0.254008625171779,0.784235739612655,NA,"sintetico_postestratificado",FALSE,0.530227114440876,"07","070","El Porvenir"
111,0.537714621816876,0.290727780765639,0.775004103105375,NA,"sintetico_postestratificado",FALSE,0.484276322339736,"07","112","San Juan Cancuc"
112,0.596316894311854,0.292309896991338,0.85316950835331,NA,"sintetico_postestratificado",FALSE,0.560859611361972,"07","050","La Libertad"
113,0.563167344699214,0.281730376645621,0.807827632625438,NA,"sintetico_postestratificado",FALSE,0.526097255979817,"07","022","Chalchihuitán"
114,0.448140126248877,0.184542413060897,0.734823170261528,NA,"sintetico_postestratificado",FALSE,0.550280757200632,"07","053","Mazapa de Madero"
115,0.559066594493771,0.26769439766596,0.818491425817371,NA,"sintetico_postestratificado",FALSE,0.550797028151412,"07","080","Siltepec"
116,0.605893689588222,0.334218779845455,0.835447315479059,NA,"sintetico_postestratificado",FALSE,0.501228535633603,"07","049","Larráinzar"
117,0.562110062713186,0.323431245966514,0.809468021470255,NA,"sintetico_postestratificado",FALSE,0.486036775503741,"07","065","Palenque"
118,0.575550018487196,0.314391628829791,0.812403449854424,NA,"sintetico_postestratificado",FALSE,0.498011821024632,"07","086","Suchiapa"
119,0.583759230893195,0.320017828961014,0.812310460275426,NA,"sintetico_postestratificado",FALSE,0.492292631314412,"07","062","Ostuacán"
120,0.59272135831228,0.355774380548126,0.81909488140849,NA,"sintetico_postestratificado",FALSE,0.463320500860364,"07","077","Salto de Agua"
121,0.548270965274441,0.27417316042567,0.776973039624047,NA,"sintetico_postestratificado",FALSE,0.502799879198377,"07","082","Sitalá"
122,0.483125522845777,0.220622137269027,0.755711939926001,NA,"sintetico_postestratificado",FALSE,0.535089802656974,"07","024","Chanal"
123,0.533429691805594,0.2610131517628,0.806740834366494,NA,"sintetico_postestratificado",FALSE,0.545727682603694,"07","121","Rincón Chamula San Pedro"
124,0.517097347100432,0.260285626992067,0.7858414022367,NA,"sintetico_postestratificado",FALSE,0.525555775244633,"07","042","Ixhuatán"
125,0.532566008821611,0.280144444883817,0.776613710680475,NA,"sintetico_postestratificado",FALSE,0.496469265796658,"07","025","Chapultenango"
126,0.503691857143845,0.271627790807157,0.758746168923681,NA,"sintetico_postestratificado",FALSE,0.487118378116524,"07","018","Coapilla"
127,0.477800924785139,0.256231241308941,0.714222974226071,4,"muestra_directa",TRUE,0.45799173291713,"07","052","Las Margaritas"
128,0.475405947058144,0.237525617878722,0.72572763788474,NA,"sintetico_postestratificado",FALSE,0.488202020006019,"07","026","Chenalhó"
129,0.415951365793392,0.213413486413265,0.636212870901492,2,"muestra_directa",TRUE,0.422799384488228,"07","083","Socoltenango"
130,0.557992574134302,0.29561482537855,0.792336772650953,NA,"sintetico_postestratificado",FALSE,0.496721947272403,"07","084","Solosuchiapa"
131,0.446318682696399,0.219965065026583,0.695111132616456,3,"muestra_directa",TRUE,0.475146067589874,"07","089","Tapachula"
132,0.57113420585443,0.334185434704459,0.801767185201723,NA,"sintetico_postestratificado",FALSE,0.467581750497264,"07","068","Pichucalco"
133,0.532426208726157,0.317763052070399,0.736450020477127,4,"muestra_directa",TRUE,0.418686968406727,"07","027","Chiapa de Corzo"
134,0.565063057068231,0.319689335329994,0.801597707287084,NA,"sintetico_postestratificado",FALSE,0.48190837195709,"07","048","Juárez"
135,0.541135630378244,0.2988396207231,0.790213894184671,1,"muestra_directa",TRUE,0.491374273461572,"07","046","Jiquipilas"
136,0.440201312828265,0.0948063498480758,0.838352799381676,NA,"sintetico_postestratificado",FALSE,0.7435464495336,"07","105","Unión Juárez"
137,0.504732465058645,0.250969879632779,0.775650372911686,NA,"sintetico_postestratificado",FALSE,0.524680493278907,"07","100","Tumbalá"
138,0.508599521559496,0.254636367740679,0.787706883082678,NA,"sintetico_postestratificado",FALSE,0.533070515341999,"07","045","Ixtapangajoya"
139,0.474893755875598,0.179335592853109,0.795858304324966,NA,"sintetico_postestratificado",FALSE,0.616522711471857,"07","114","Benemérito de las Américas"
140,0.484044658659402,0.21637820235398,0.774452641008569,NA,"sintetico_postestratificado",FALSE,0.558074438654589,"07","028","Chiapilla"
141,0.543094499731823,0.286612736727344,0.787435019809725,NA,"sintetico_postestratificado",FALSE,0.500822283082381,"07","029","Chicoasén"
142,0.497770262910647,0.214609233712396,0.785830210021394,NA,"sintetico_postestratificado",FALSE,0.571220976308998,"07","091","Tapilula"
143,0.584233987599508,0.29657840649009,0.832454789867904,NA,"sintetico_postestratificado",FALSE,0.535876383377814,"07","073","Rayón"
144,0.538427054482149,0.277252660912828,0.771060462047018,NA,"sintetico_postestratificado",FALSE,0.49380780113419,"07","030","Chicomuselo"
145,0.612438529930168,0.338181313134123,0.84458928587024,NA,"sintetico_postestratificado",FALSE,0.506407972736117,"07","044","Ixtapa"
146,0.461612467457943,0.204492380465299,0.729765107455507,NA,"sintetico_postestratificado",FALSE,0.525272726990209,"07","008","Ángel Albino Corzo"
147,0.565835165956319,0.313986469438736,0.77794686078607,NA,"sintetico_postestratificado",FALSE,0.463960391347333,"07","009","Arriaga"
148,0.571037240320362,0.375431820834588,0.756420011506239,8,"muestra_directa",TRUE,0.380988190671651,"07","031","Chilón"
149,0.565246040244219,0.312097629551823,0.816575376259233,NA,"sintetico_postestratificado",FALSE,0.50447774670741,"07","043","Ixtacomitán"
150,0.606038612275369,0.366798699821671,0.816902098402101,NA,"sintetico_postestratificado",FALSE,0.450103398580429,"07","017","Cintalapa de Figueroa"
151,0.527684033411574,0.22736321209551,0.81874666798489,NA,"sintetico_postestratificado",FALSE,0.591383455889381,"07","119","Santiago el Pinar"
152,0.596570085219614,0.296952120028878,0.856088891352314,NA,"sintetico_postestratificado",FALSE,0.559136771323435,"07","116","Marqués de Comillas"
153,0.571264866845138,0.310272816853279,0.811857297680026,NA,"sintetico_postestratificado",FALSE,0.501584480826748,"07","060","Ocotepec"
154,0.375372043603135,0.142794083076154,0.655781458470192,1,"muestra_directa",TRUE,0.512987375394038,"07","058","Nicolás Ruíz"
155,0.535636185592456,0.255799282909447,0.78778051059174,NA,"sintetico_postestratificado",FALSE,0.531981227682293,"07","041","La Independencia"
156,0.470137245122331,0.271155573749112,0.693601577456709,4,"muestra_directa",TRUE,0.422446003707597,"07","040","Huixtla"
157,0.585009919373029,0.328274848938595,0.840099347300294,NA,"sintetico_postestratificado",FALSE,0.511824498361699,"07","056","Mitontic"
158,0.430805630754606,0.238616888264667,0.661645658597624,7,"muestra_directa",TRUE,0.423028770332957,"07","039","Huitiupán"
159,0.481825454656194,0.275916623795838,0.710396793465479,5,"muestra_directa",TRUE,0.434480169669641,"07","099","La Trinitaria"
160,0.549704661494212,0.29289576264731,0.807123311695994,NA,"sintetico_postestratificado",FALSE,0.514227549048685,"07","097","Tonalá"
161,0.604200991699279,0.343354701014984,0.825276825910616,NA,"sintetico_postestratificado",FALSE,0.481922124895632,"07","096","Tila"
162,0.557147366278775,0.274527752076428,0.824065819821689,NA,"sintetico_postestratificado",FALSE,0.549538067745261,"07","118","San Andrés Duraznal"
163,0.539252011397281,0.27509986877532,0.776292895228986,NA,"sintetico_postestratificado",FALSE,0.501193026453666,"07","122","El Parral"
164,0.482135533139166,0.258910666677674,0.741631951577656,NA,"sintetico_postestratificado",FALSE,0.482721284899982,"07","038","Huixtán"
165,0.466847054038399,0.192543122835263,0.756088243838399,NA,"sintetico_postestratificado",FALSE,0.563545121003137,"07","001","Acacoyagua"
166,0.466437808942211,0.183551558681506,0.760135749769605,NA,"sintetico_postestratificado",FALSE,0.576584191088099,"07","036","La Grandeza"
167,0.473747439144971,0.232406894300027,0.720818942906655,NA,"sintetico_postestratificado",FALSE,0.488412048606627,"07","002","Acala"
168,0.447138250731977,0.202906764225722,0.717771272971157,NA,"sintetico_postestratificado",FALSE,0.514864508745434,"07","003","Acapetahua"
169,0.451380307237469,0.192890124860398,0.753675567176467,NA,"sintetico_postestratificado",FALSE,0.560785442316069,"07","011","Bella Vista"
170,0.544232753824349,0.300062029653005,0.796860749631493,NA,"sintetico_postestratificado",FALSE,0.496798719978487,"07","012","Berriozábal"
171,0.539668714796841,0.287880998312323,0.785218142320277,NA,"sintetico_postestratificado",FALSE,0.497337144007954,"07","072","Pueblo Nuevo Solistahuacán"
172,0.48895810335457,0.22424818746584,0.762450682656991,NA,"sintetico_postestratificado",FALSE,0.538202495191151,"07","037","Huehuetán"
173,0.564496395806458,0.312518490171085,0.794966511631292,NA,"sintetico_postestratificado",FALSE,0.482448021460208,"07","023","Chamula"
174,0.452198317362837,0.204727588060516,0.715617151934892,NA,"sintetico_postestratificado",FALSE,0.510889563874375,"07","010","Bejucal de Ocampo"
175,0.518465601526306,0.253711769314936,0.77439328862798,NA,"sintetico_postestratificado",FALSE,0.520681519313044,"07","004","Altamirano"
176,0.565855175508052,0.307246711566071,0.806128909260088,NA,"sintetico_postestratificado",FALSE,0.498882197694017,"07","005","Amatán"
177,0.480193067095729,0.177582711204085,0.786280899601303,NA,"sintetico_postestratificado",FALSE,0.608698188397218,"07","035","Frontera Hidalgo"
178,0.419075348080477,0.181286486555067,0.696356314229898,NA,"sintetico_postestratificado",FALSE,0.515069827674832,"07","032","Escuintla"
179,0.390466550324915,0.200660148005861,0.606897186750995,4,"muestra_directa",TRUE,0.406237038745134,"07","013","Bochil"
180,0.52573184495186,0.281454971158613,0.784331909820864,NA,"sintetico_postestratificado",FALSE,0.502876938662251,"07","014","El Bosque"
181,0.495816792443955,0.240535409379885,0.766572954031063,NA,"sintetico_postestratificado",FALSE,0.526037544651179,"07","069","Pijijiapan"
182,0.47243514570011,0.270981592229567,0.692165312464957,7,"muestra_directa",TRUE,0.42118372023539,"07","094","Teopisca"
183,0.592433692412021,0.323240595688674,0.827408569345671,NA,"sintetico_postestratificado",FALSE,0.504167973656997,"07","092","Tecpatán"
184,0.518998081977323,0.178610080320944,0.840099214337533,NA,"sintetico_postestratificado",FALSE,0.661489134016588,"07","015","Cacahoatán"
185,0.599422588609701,0.331140198683624,0.830025467512428,NA,"sintetico_postestratificado",FALSE,0.498885268828803,"07","016","Catazajá"
186,0.508565280726565,0.257720276590948,0.765389754757796,NA,"sintetico_postestratificado",FALSE,0.507669478166848,"07","047","Jitotol"
187,0.450935779668084,0.195950288779065,0.721475849148985,NA,"sintetico_postestratificado",FALSE,0.52552556036992,"07","006","Amatenango de la Frontera"
188,0.437916100695818,0.245263784311243,0.634464287766485,5,"muestra_directa",TRUE,0.389200503455242,"07","078","San Cristóbal de las Casas"
189,0.571770885779275,0.32241534670654,0.807197700178833,NA,"sintetico_postestratificado",FALSE,0.484782353472292,"07","033","Francisco León"
190,0.455162528547875,0.171276492484218,0.774652136192416,NA,"sintetico_postestratificado",FALSE,0.603375643708198,"07","117","Montecristo de Guerrero"
191,0.444842745354463,0.197486290094531,0.70402758837936,2,"muestra_directa",TRUE,0.506541298284829,"07","115","Maravilla Tenejapa"
192,0.514312102903827,0.249318772234164,0.798997139912923,NA,"sintetico_postestratificado",FALSE,0.54967836767876,"07","071","Villa Comaltitlán"
193,0.496003245940221,0.25977699915985,0.765491288268349,NA,"sintetico_postestratificado",FALSE,0.505714289108498,"07","066","Pantelhó"
194,0.553301451820081,0.272626729746452,0.797808310372356,NA,"sintetico_postestratificado",FALSE,0.525181580625904,"07","113","Aldama"
195,0.495613129790204,0.236530568555639,0.747681673971531,NA,"sintetico_postestratificado",FALSE,0.511151105415891,"07","098","Totolapa"
196,0.526300365941267,0.272676893115712,0.762878199403207,NA,"sintetico_postestratificado",FALSE,0.490201306287495,"07","093","Tenejapa"
197,0.506511392104178,0.261528446974452,0.752548443511209,NA,"sintetico_postestratificado",FALSE,0.491019996536757,"07","064","Oxchuc"
198,0.521711229346492,0.285247419830296,0.7737453727967,NA,"sintetico_postestratificado",FALSE,0.488497952966404,"07","059","Ocosingo"
199,0.565110737825485,0.303631071769934,0.793160037386756,1,"muestra_directa",TRUE,0.489528965616822,"07","061","Ocozocoautla de Espinosa"
200,0.620175806896955,0.329324522149319,0.866182800973121,NA,"sintetico_postestratificado",FALSE,0.536858278823802,"07","088","Sunuapa"
201,0.533321103479628,0.24295996639164,0.807763209625013,2,"muestra_directa",TRUE,0.564803243233373,"07","087","Suchiate"
202,0.459653174792019,0.193612909555168,0.737175185140049,NA,"sintetico_postestratificado",FALSE,0.543562275584881,"07","085","Soyaló"
203,0.528266442257711,0.272999251929286,0.780560603856531,NA,"sintetico_postestratificado",FALSE,0.507561351927244,"07","124","Mezcalapa"
204,0.538730257787526,0.284275588808265,0.792547128975363,NA,"sintetico_postestratificado",FALSE,0.508271540167098,"07","067","Pantepec"
205,0.388764878925549,0.148335366373846,0.713122965179783,NA,"sintetico_postestratificado",FALSE,0.564787598805937,"07","125","Honduras de la Sierra"
206,0.498185295460488,0.159336513648801,0.850121167260411,NA,"sintetico_postestratificado",FALSE,0.69078465361161,"07","055","Metapa"
207,0.50518415078659,0.240037512846053,0.771309694767675,NA,"sintetico_postestratificado",FALSE,0.531272181921622,"07","123","Emiliano Zapata"
208,0.474468017525535,0.236020097809146,0.720012133104329,NA,"sintetico_postestratificado",FALSE,0.483992035295183,"07","034","Frontera Comalapa"
209,0.688087082484026,0.430623051614363,0.882846878621558,NA,"sintetico_postestratificado",FALSE,0.452223827007195,"08","067","Valle de Zaragoza"
210,0.751823377812004,0.470054186881661,0.929925156306657,NA,"sintetico_postestratificado",FALSE,0.459870969424996,"08","043","Matachí"
211,0.678669127714967,0.405760426310641,0.888281652902644,NA,"sintetico_postestratificado",FALSE,0.482521226592003,"08","058","San Francisco de Conchos"
212,0.744394483565014,0.488446050845167,0.915043842567341,NA,"sintetico_postestratificado",FALSE,0.426597791722174,"08","056","Rosario"
213,0.683242230959095,0.424338017076833,0.890194260659893,NA,"sintetico_postestratificado",FALSE,0.46585624358306,"08","054","Riva Palacio"
214,0.711027753885912,0.470512896619287,0.897117200138326,NA,"sintetico_postestratificado",FALSE,0.426604303519038,"08","018","Cusihuiriachi"
215,0.679900384923671,0.424206038402763,0.871726830908206,NA,"sintetico_postestratificado",FALSE,0.447520792505444,"08","007","Balleza"
216,0.702607170010884,0.456474120396784,0.89809979078134,NA,"sintetico_postestratificado",FALSE,0.441625670384556,"08","001","Ahumada"
217,0.698475577370828,0.446553321123567,0.894031995938587,NA,"sintetico_postestratificado",FALSE,0.44747867481502,"08","041","Maguarichi"
218,0.659526360974286,0.387696813310108,0.873214725163766,NA,"sintetico_postestratificado",FALSE,0.485517911853658,"08","057","San Francisco de Borja"
219,0.642417673040171,0.303854024184269,0.913444835082333,NA,"sintetico_postestratificado",FALSE,0.609590810898065,"08","053","Praxedis G. Guerrero"
220,0.676839504303672,0.409781189116639,0.876132246521975,NA,"sintetico_postestratificado",FALSE,0.466351057405336,"08","051","Ocampo"
221,0.751167715522818,0.538859726366191,0.896246955584369,12,"muestra_directa",FALSE,0.357387229218178,"08","050","Nuevo Casas Grandes"
222,0.682916193894224,0.438421688181609,0.878202113680571,1,"muestra_directa",TRUE,0.439780425498963,"08","031","Guerrero"
223,0.680796765459073,0.42587888625608,0.880191961244785,NA,"sintetico_postestratificado",FALSE,0.454313074988705,"08","055","Rosales"
224,0.661996416993186,0.409539841989647,0.877428280635,2,"muestra_directa",TRUE,0.467888438645353,"08","025","Gómez Farías"
225,0.647448200348102,0.406789764880171,0.845775321764076,2,"muestra_directa",TRUE,0.438985556883905,"08","023","Galeana"
226,0.710432309067798,0.449776894610895,0.906566054801949,NA,"sintetico_postestratificado",FALSE,0.456789160191053,"08","022","Dr. Belisario Domínguez"
227,0.707882294232486,0.46215415272701,0.905876139738759,NA,"sintetico_postestratificado",FALSE,0.443721987011749,"08","014","Coronado"
228,0.684484724455331,0.453837345155799,0.881732760600833,NA,"sintetico_postestratificado",FALSE,0.427895415445034,"08","003","Allende"
229,0.649117907010919,0.43130415353403,0.833915968688222,17,"muestra_directa",FALSE,0.402611815154192,"08","021","Delicias"
230,0.724990822391813,0.456003107123249,0.912817487961914,NA,"sintetico_postestratificado",FALSE,0.456814380838665,"08","020","Chínipas"
231,0.678398940187067,0.45960381401418,0.8568620357008,5,"muestra_directa",TRUE,0.397258221686619,"08","017","Cuauhtémoc"
232,0.682075110444711,0.413338667324322,0.887736879889148,NA,"sintetico_postestratificado",FALSE,0.474398212564825,"08","016","La Cruz"
233,0.706197983932511,0.434118663416962,0.898166195837266,NA,"sintetico_postestratificado",FALSE,0.464047532420305,"08","015","Coyame del Sotol"
234,0.696228847405775,0.475925730476016,0.869042836784208,3,"muestra_directa",TRUE,0.393117106308192,"08","052","Ojinaga"
235,0.737091132572056,0.496621106587924,0.903348248630478,1,"muestra_directa",TRUE,0.406727142042554,"08","013","Casas Grandes"
236,0.715345702191273,0.481869448208715,0.903419688995269,NA,"sintetico_postestratificado",FALSE,0.421550240786555,"08","012","Carichí"
237,0.660983739148217,0.43482411046516,0.853986586396015,10,"muestra_directa",FALSE,0.419162475930855,"08","011","Camargo"
238,0.676109565715511,0.433478463206482,0.873214542839931,NA,"sintetico_postestratificado",FALSE,0.439736079633449,"08","010","Buenaventura"
239,0.671774283877757,0.41229322484465,0.879495085535579,NA,"sintetico_postestratificado",FALSE,0.467201860690929,"08","009","Bocoyna"
240,0.675778065411098,0.436959834541134,0.882692423571809,NA,"sintetico_postestratificado",FALSE,0.445732589030675,"08","008","Batopilas de Manuel Gómez Morín"
241,0.673761935621871,0.400875616932564,0.88584855090313,1,"muestra_directa",TRUE,0.484972933970566,"08","006","Bachíniva"
242,0.728794714941808,0.489057996007486,0.906753104309632,1,"muestra_directa",TRUE,0.417695108302146,"08","004","Aquiles Serdán"
243,0.750218134193489,0.510214742077695,0.916797096877954,NA,"sintetico_postestratificado",FALSE,0.406582354800259,"08","005","Ascensión"
244,0.743601636374078,0.515873546810289,0.90580973692603,9,"muestra_directa",TRUE,0.389936190115741,"08","032","Hidalgo del Parral"
245,0.708337667486892,0.457844255053869,0.892859284605936,NA,"sintetico_postestratificado",FALSE,0.435015029552066,"08","042","Manuel Benavides"
246,0.691045249294983,0.427471513765422,0.892269902709666,NA,"sintetico_postestratificado",FALSE,0.464798388944244,"08","040","Madera"
247,0.701954073431601,0.441192968546801,0.900431650338047,NA,"sintetico_postestratificado",FALSE,0.459238681791246,"08","039","López"
248,0.699969575542689,0.455808658481858,0.890921294602784,NA,"sintetico_postestratificado",FALSE,0.435112636120925,"08","038","Julimes"
249,0.707104389727711,0.459984349505304,0.902344959743412,NA,"sintetico_postestratificado",FALSE,0.442360610238109,"08","035","Janos"
250,0.713000232121883,0.461145993892677,0.89757073264787,NA,"sintetico_postestratificado",FALSE,0.436424738755192,"08","034","Ignacio Zaragoza"
251,0.710458315643276,0.446051602555174,0.909167683074832,NA,"sintetico_postestratificado",FALSE,0.463116080519657,"08","033","Huejotitán"
252,0.732954026812439,0.497687544309966,0.913975978949539,NA,"sintetico_postestratificado",FALSE,0.416288434639574,"08","063","Temósachic"
253,0.696396004115091,0.454623129634736,0.890239766865834,NA,"sintetico_postestratificado",FALSE,0.435616637231098,"08","061","Satevó"
254,0.703832624571501,0.453607728094915,0.892919079721779,NA,"sintetico_postestratificado",FALSE,0.439311351626864,"08","062","Saucillo"
255,0.758912076623387,0.508727065632645,0.917913545755356,NA,"sintetico_postestratificado",FALSE,0.409186480122711,"08","030","Guazapares"
256,0.758810917147763,0.520438728423055,0.927059633153378,NA,"sintetico_postestratificado",FALSE,0.406620904730323,"08","028","Guadalupe"
257,0.7465957590921,0.524404103480776,0.909915890669693,NA,"sintetico_postestratificado",FALSE,0.385511787188917,"08","027","Guachochi"
258,0.672103498981866,0.4579738799525,0.858353402124622,NA,"sintetico_postestratificado",FALSE,0.400379522172123,"08","026","Gran Morelos"
259,0.687467921945481,0.537740155624422,0.822560565273526,40,"muestra_directa",FALSE,0.284820409649104,"08","019","Chihuahua"
260,0.728664131094918,0.504746233663116,0.898521200216226,3,"muestra_directa",TRUE,0.39377496655311,"08","064","El Tule"
261,0.719686627065753,0.476876094779283,0.90638890948345,NA,"sintetico_postestratificado",FALSE,0.429512814704166,"08","024","Santa Isabel"
262,0.757017320903373,0.614483988968645,0.868867661677656,51,"muestra_directa",FALSE,0.254383672709011,"08","037","Juárez"
263,0.71411499049222,0.476607272300631,0.897385749296786,NA,"sintetico_postestratificado",FALSE,0.420778476996155,"08","059","San Francisco del Oro"
264,0.752524359243663,0.514033776336339,0.91767760505538,NA,"sintetico_postestratificado",FALSE,0.403643828719041,"08","066","Uruachi"
265,0.726306782477413,0.49259853123043,0.905541430826878,NA,"sintetico_postestratificado",FALSE,0.412942899596448,"08","065","Urique"
266,0.701923883006121,0.456940031695586,0.90082405758957,NA,"sintetico_postestratificado",FALSE,0.443884025893984,"08","060","Santa Bárbara"
267,0.736753631338857,0.462239205196034,0.910489591105822,NA,"sintetico_postestratificado",FALSE,0.448250385909788,"08","044","Matamoros"
268,0.704414461435788,0.461017639090727,0.88340363959661,NA,"sintetico_postestratificado",FALSE,0.422386000505882,"08","045","Meoqui"
269,0.725647192645625,0.467675735473469,0.902815236481719,NA,"sintetico_postestratificado",FALSE,0.435139501008251,"08","046","Morelos"
270,0.713954968357888,0.469798094171624,0.88869064944577,NA,"sintetico_postestratificado",FALSE,0.418892555274146,"08","047","Moris"
271,0.680479973058292,0.455025272466628,0.86955045089759,NA,"sintetico_postestratificado",FALSE,0.414525178430962,"08","048","Namiquipa"
272,0.724685879602624,0.493243129582473,0.902066371028281,NA,"sintetico_postestratificado",FALSE,0.408823241445809,"08","029","Guadalupe y Calvo"
273,0.746804906796529,0.546272625753894,0.896469012715298,9,"muestra_directa",TRUE,0.350196386961404,"08","036","Jiménez"
274,0.671085457775144,0.412806747226309,0.870982407880003,NA,"sintetico_postestratificado",FALSE,0.458175660653694,"08","049","Nonoava"
275,0.693445531290929,0.490992809131795,0.865440387546757,9,"muestra_directa",TRUE,0.374447578414963,"08","002","Aldama"
276,0.759593985988576,0.622082708097313,0.873658234031626,27,"muestra_directa",FALSE,0.251575525934313,"09","012","Tlalpan"
277,0.596110282056454,0.418609669763436,0.760266045135295,12,"muestra_directa",FALSE,0.341656375371859,"09","009","Milpa Alta"
278,0.678340237569927,0.499655715727266,0.827026677804134,13,"muestra_directa",FALSE,0.327370962076868,"09","015","Cuauhtémoc"
279,0.613215085204575,0.526966376104129,0.697607907566914,106,"muestra_directa",FALSE,0.170641531462785,"09","007","Iztapalapa"
280,0.701310076773801,0.506427865392833,0.856364875003444,19,"muestra_directa",FALSE,0.349937009610611,"09","008","La Magdalena Contreras"
281,0.608203590626807,0.452229526527421,0.757846916645468,32,"muestra_directa",FALSE,0.305617390118047,"09","010","Álvaro Obregón"
282,0.616281360433363,0.392889353675766,0.797277069407458,12,"muestra_directa",FALSE,0.404387715731692,"09","003","Coyoacán"
283,0.632905894586896,0.41116036954089,0.823918014256392,9,"muestra_directa",TRUE,0.412757644715502,"09","016","Miguel Hidalgo"
284,0.654620810878793,0.405230243706167,0.8627968965896,3,"muestra_directa",TRUE,0.457566652883432,"09","004","Cuajimalpa de Morelos"
285,0.458608405055685,0.32111549650482,0.599885149981124,25,"muestra_directa",FALSE,0.278769653476304,"09","006","Iztacalco"
286,0.621673220905291,0.440138118477206,0.789857624026336,16,"muestra_directa",FALSE,0.34971950554913,"09","011","Tláhuac"
287,0.554868755409566,0.395970727625724,0.71772810125537,14,"muestra_directa",FALSE,0.321757373629646,"09","013","Xochimilco"
288,0.550014366179214,0.433667351523228,0.665649178226842,55,"muestra_directa",FALSE,0.231981826703614,"09","005","Gustavo A. Madero"
289,0.637845119049114,0.471165375606067,0.786359627114453,17,"muestra_directa",FALSE,0.315194251508386,"09","002","Azcapotzalco"
290,0.648798089877779,0.475501334544293,0.799535425847452,22,"muestra_directa",FALSE,0.32403409130316,"09","017","Venustiano Carranza"
291,0.655788487330431,0.441944507101411,0.845109651289401,5,"muestra_directa",TRUE,0.40316514418799,"09","014","Benito Juárez"
292,0.782351497318747,0.615459205011536,0.909333736745248,12,"muestra_directa",FALSE,0.293874531733712,"10","006","General Simón Bolívar"
293,0.558399261770808,0.351306746161618,0.766220016155128,13,"muestra_directa",FALSE,0.414913269993511,"10","008","Guadalupe Victoria"
294,0.692118759777338,0.441441172605747,0.885798345858233,NA,"sintetico_postestratificado",FALSE,0.444357173252486,"10","009","Guanaceví"
295,0.757824570086112,0.521893276629749,0.909603574920264,NA,"sintetico_postestratificado",FALSE,0.387710298290515,"10","010","Hidalgo"
296,0.662844497960899,0.36971498790996,0.888157040168927,NA,"sintetico_postestratificado",FALSE,0.518442052258968,"10","029","San Luis del Cordero"
297,0.69745528347635,0.461773999144252,0.891142995061679,NA,"sintetico_postestratificado",FALSE,0.429368995917427,"10","031","Santa Clara"
298,0.690224569893775,0.435568306721719,0.883840119644851,NA,"sintetico_postestratificado",FALSE,0.448271812923132,"10","011","Indé"
299,0.595557103734024,0.355560704240861,0.808476814769701,5,"muestra_directa",TRUE,0.45291611052884,"10","038","Vicente Guerrero"
300,0.679515959007175,0.447644616876671,0.871183223531236,NA,"sintetico_postestratificado",FALSE,0.423538606654565,"10","030","San Pedro del Gallo"
301,0.704809441317317,0.482599656623699,0.883298781854248,NA,"sintetico_postestratificado",FALSE,0.400699125230549,"10","023","Pueblo Nuevo"
302,0.693640260387359,0.433472426482933,0.894097915478374,NA,"sintetico_postestratificado",FALSE,0.460625488995441,"10","025","San Bernardo"
303,0.707419103883215,0.471459426457779,0.889535809766906,1,"muestra_directa",TRUE,0.418076383309127,"10","032","Santiago Papasquiaro"
304,0.725755209605958,0.500335551217749,0.905075074620816,NA,"sintetico_postestratificado",FALSE,0.404739523403068,"10","027","San Juan de Guadalupe"
305,0.704232896381023,0.56226108797506,0.837445968828872,26,"muestra_directa",FALSE,0.275184880853812,"10","007","Gómez Palacio"
306,0.674982051580464,0.437021216540601,0.864385184272344,NA,"sintetico_postestratificado",FALSE,0.427363967731743,"10","015","Nazas"
307,0.737405426133886,0.497637152362515,0.904953653835411,NA,"sintetico_postestratificado",FALSE,0.407316501472896,"10","035","Tepehuanes"
308,0.687440276480317,0.476615672186471,0.867480161199779,3,"muestra_directa",TRUE,0.390864489013309,"10","022","Poanas"
309,0.685299431844168,0.484570392321917,0.844373588478482,9,"muestra_directa",TRUE,0.359803196156565,"10","028","San Juan del Río"
310,0.698273528407406,0.465407780473457,0.881219884187057,NA,"sintetico_postestratificado",FALSE,0.4158121037136,"10","017","Ocampo"
311,0.646824590972775,0.397396915916956,0.844744875713832,NA,"sintetico_postestratificado",FALSE,0.447347959796876,"10","001","Canatlán"
312,0.75283480231918,0.614074588078949,0.856548633864365,56,"muestra_directa",FALSE,0.242474045785415,"10","005","Durango"
313,0.692660985729029,0.416447154064857,0.901228604209238,NA,"sintetico_postestratificado",FALSE,0.484781450144382,"10","037","Topia"
314,0.547461144337783,0.339286832788581,0.742841936036669,8,"muestra_directa",TRUE,0.403555103248087,"10","033","Súchil"
315,0.701686638835783,0.461090031575011,0.894626489832282,NA,"sintetico_postestratificado",FALSE,0.433536458257271,"10","036","Tlahualilo"
316,0.807994058605924,0.660846284694189,0.92104149184487,26,"muestra_directa",FALSE,0.260195207150681,"10","012","Lerdo"
317,0.592753196206436,0.339648123984487,0.830059720859211,NA,"sintetico_postestratificado",FALSE,0.490411596874724,"10","014","Mezquital"
318,0.635801186118422,0.394041021103604,0.838069002081089,NA,"sintetico_postestratificado",FALSE,0.444027980977485,"10","026","San Dimas"
319,0.678949811870598,0.400643398945931,0.899068324877813,NA,"sintetico_postestratificado",FALSE,0.498424925931882,"10","019","Otáez"
320,0.668319876221989,0.425009591604188,0.870559802179304,NA,"sintetico_postestratificado",FALSE,0.445550210575116,"10","034","Tamazula"
321,0.714601559158992,0.512439303044797,0.868715276062962,4,"muestra_directa",TRUE,0.356275973018165,"10","013","Mapimí"
322,0.698404387016789,0.495380901501436,0.860264686622187,9,"muestra_directa",TRUE,0.364883785120751,"10","016","Nombre de Dios"
323,0.725047948903946,0.519905434485805,0.899352289091302,NA,"sintetico_postestratificado",FALSE,0.379446854605497,"10","018","El Oro"
324,0.671878264873935,0.431742789177203,0.856636351391531,NA,"sintetico_postestratificado",FALSE,0.424893562214328,"10","020","Pánuco de Coronado"
325,0.702225678134249,0.459902935215632,0.894403310626538,NA,"sintetico_postestratificado",FALSE,0.434500375410906,"10","002","Canelas"
326,0.739957537831416,0.487675652423624,0.917216107957309,3,"muestra_directa",TRUE,0.429540455533685,"10","039","Nuevo Ideal"
327,0.612613386603234,0.365704397758498,0.829541531984289,2,"muestra_directa",TRUE,0.463837134225791,"10","021","Peñón Blanco"
328,0.728557664422533,0.488169906314001,0.914690210354555,NA,"sintetico_postestratificado",FALSE,0.426520304040554,"10","003","Coneto de Comonfort"
329,0.691851342347024,0.451003367050135,0.889752544494858,NA,"sintetico_postestratificado",FALSE,0.438749177444722,"10","024","Rodeo"
330,0.67641701035751,0.431294541500684,0.868754192096211,NA,"sintetico_postestratificado",FALSE,0.437459650595527,"10","004","Cuencamé"
331,0.695008101953816,0.506892545198024,0.86398868699098,7,"muestra_directa",TRUE,0.357096141792956,"11","019","Jerécuaro"
332,0.511909724746061,0.415879484303381,0.60471564236282,134,"muestra_directa",FALSE,0.188836158059439,"11","020","León"
333,0.60546797836053,0.347068659884708,0.844824797832044,NA,"sintetico_postestratificado",FALSE,0.497756137947336,"11","021","Moroleón"
334,0.47950159209431,0.327440026560071,0.645867441416515,17,"muestra_directa",FALSE,0.318427414856444,"11","023","Pénjamo"
335,0.638363617925889,0.373326406009869,0.856781052505227,NA,"sintetico_postestratificado",FALSE,0.483454646495358,"11","038","Tarandacuao"
336,0.655224407187519,0.444184772378663,0.842172230701592,10,"muestra_directa",FALSE,0.397987458322929,"11","039","Tarimoro"
337,0.684856270968798,0.440908504399395,0.875713056264352,NA,"sintetico_postestratificado",FALSE,0.434804551864957,"11","040","Tierra Blanca"
338,0.548248269002368,0.367472788612424,0.722325217881215,11,"muestra_directa",FALSE,0.354852429268792,"11","041","Uriangato"
339,0.620474475942175,0.427766340466625,0.799921705327068,10,"muestra_directa",FALSE,0.372155364860444,"11","002","Acámbaro"
340,0.60949747238104,0.366893143408765,0.847833780188333,2,"muestra_directa",TRUE,0.480940636779568,"11","012","Cuerámaro"
341,0.669951895571969,0.47035364706269,0.830020345111611,7,"muestra_directa",TRUE,0.359666698048922,"11","013","Doctor Mora"
342,0.591716071337327,0.429468866020379,0.733500434517196,19,"muestra_directa",FALSE,0.304031568496817,"11","014","Dolores Hidalgo Cuna de la Independencia Nacional"
343,0.732097604000183,0.559818028865762,0.880898160965639,9,"muestra_directa",TRUE,0.321080132099877,"11","022","Ocampo"
344,0.583749611035517,0.315003350742518,0.822699964052335,NA,"sintetico_postestratificado",FALSE,0.507696613309817,"11","024","Pueblo Nuevo"
345,0.637489075173905,0.461896952871258,0.796038774553559,14,"muestra_directa",FALSE,0.334141821682301,"11","030","San Felipe"
346,0.571006863476693,0.305298768191771,0.838768051547132,NA,"sintetico_postestratificado",FALSE,0.533469283355361,"11","036","Santiago Maravatío"
347,0.678461065993406,0.522281544312041,0.813976926589591,37,"muestra_directa",FALSE,0.29169538227755,"11","007","Celaya"
348,0.575947000902424,0.395365287396482,0.753917893490815,13,"muestra_directa",FALSE,0.358552606094333,"11","027","Salamanca"
349,0.64782167696362,0.406398578258027,0.853723725580591,2,"muestra_directa",TRUE,0.447325147322564,"11","035","Santa Cruz de Juventino Rosas"
350,0.660952413110436,0.406356331549149,0.863089442892598,2,"muestra_directa",TRUE,0.456733111343448,"11","011","Cortazar"
351,0.668080914152445,0.427856311592797,0.852064957047696,6,"muestra_directa",TRUE,0.424208645454898,"11","031","San Francisco del Rincón"
352,0.684745463120568,0.486382482985307,0.851827901577851,8,"muestra_directa",TRUE,0.365445418592544,"11","025","Purísima del Rincón"
353,0.611911116470759,0.376564313150196,0.835507281901785,2,"muestra_directa",TRUE,0.458942968751589,"11","026","Romita"
354,0.622548623263394,0.421813114349507,0.790731741213862,6,"muestra_directa",TRUE,0.368918626864355,"11","028","Salvatierra"
355,0.722610505884008,0.520472370469163,0.893233436061984,2,"muestra_directa",TRUE,0.372761065592821,"11","029","San Diego de la Unión"
356,0.547797097819411,0.345774722366349,0.746075823054611,7,"muestra_directa",TRUE,0.400301100688263,"11","032","San José Iturbide"
357,0.587602420646424,0.382104327961941,0.77180943099799,6,"muestra_directa",TRUE,0.389705103036049,"11","033","San Luis de la Paz"
358,0.671647388472542,0.409542220948134,0.865423952318177,NA,"sintetico_postestratificado",FALSE,0.455881731370043,"11","034","Santa Catarina"
359,0.471495766085123,0.322124538410198,0.615693607662873,18,"muestra_directa",FALSE,0.293569069252675,"11","037","Silao de la Victoria"
360,0.672604825178671,0.506957010855163,0.82153315890562,14,"muestra_directa",FALSE,0.314576148050458,"11","042","Valle de Santiago"
361,0.602862273088435,0.377088245282593,0.80001626218113,2,"muestra_directa",TRUE,0.422928016898536,"11","043","Victoria"
362,0.590578502560675,0.34843886576567,0.818926729660444,NA,"sintetico_postestratificado",FALSE,0.470487863894774,"11","045","Xichú"
363,0.652424378785039,0.427615126807681,0.835810190807916,8,"muestra_directa",TRUE,0.408195064000234,"11","044","Villagrán"
364,0.619055061973165,0.399469720641733,0.816707289623891,4,"muestra_directa",TRUE,0.417237568982158,"11","046","Yuriria"
365,0.568301540467564,0.330315636215001,0.77537096550985,5,"muestra_directa",TRUE,0.445055329294849,"11","001","Abasolo"
366,0.671120799203148,0.474041403413793,0.836431657611804,8,"muestra_directa",TRUE,0.362390254198011,"11","003","San Miguel de Allende"
367,0.725136149621409,0.532274773485671,0.884418117912652,11,"muestra_directa",FALSE,0.352143344426981,"11","004","Apaseo el Alto"
368,0.716301978851205,0.510697944482087,0.879570510150754,13,"muestra_directa",FALSE,0.368872565668667,"11","005","Apaseo el Grande"
369,0.57252753665874,0.301613306113886,0.833932364176572,NA,"sintetico_postestratificado",FALSE,0.532319058062686,"11","006","Atarjea"
370,0.599137809346715,0.338800826078498,0.835361993836159,1,"muestra_directa",TRUE,0.496561167757662,"11","008","Manuel Doblado"
371,0.605293907310578,0.375948006915478,0.796770587360739,7,"muestra_directa",TRUE,0.420822580445261,"11","009","Comonfort"
372,0.626282919704888,0.327077424516267,0.86742401176121,NA,"sintetico_postestratificado",FALSE,0.540346587244943,"11","010","Coroneo"
373,0.540329465332724,0.386714615948948,0.700749944082721,23,"muestra_directa",FALSE,0.314035328133773,"11","015","Guanajuato"
374,0.590388782444298,0.335607056686522,0.825641083694136,6,"muestra_directa",TRUE,0.490034027007614,"11","016","Huanímaro"
375,0.394470000537109,0.280689863483438,0.519054321451936,41,"muestra_directa",FALSE,0.238364457968498,"11","017","Irapuato"
376,0.659258327328642,0.472062376813848,0.843528851289851,9,"muestra_directa",TRUE,0.371466474476003,"11","018","Jaral del Progreso"
377,0.521643885219341,0.279190852570481,0.770923975266697,NA,"sintetico_postestratificado",FALSE,0.491733122696216,"12","033","Huamuxtitlán"
378,0.64469521265116,0.400141035616492,0.856386352352471,1,"muestra_directa",TRUE,0.456245316735978,"12","031","General Canuto A. Neri"
381,0.608842644322924,0.339934649994585,0.843545096041692,NA,"sintetico_postestratificado",FALSE,0.503610446047107,"12","073","Zirándaro"
382,0.491517278758514,0.251348380074695,0.740165193888614,NA,"sintetico_postestratificado",FALSE,0.488816813813919,"12","065","Tlalixtaquilla de Maldonado"
383,0.479381028483059,0.237920424863186,0.759640257689306,NA,"sintetico_postestratificado",FALSE,0.521719832826121,"12","047","Pedro Ascencio Alquisiras"
384,0.592286806881329,0.326098497622898,0.815671528463241,NA,"sintetico_postestratificado",FALSE,0.489573030840342,"12","054","San Miguel Totolapan"
385,0.529488806225039,0.265492897607677,0.805542910750003,1,"muestra_directa",TRUE,0.540050013142326,"12","053","San Marcos"
386,0.591872908623548,0.332124472274415,0.828478754222197,NA,"sintetico_postestratificado",FALSE,0.496354281947782,"12","066","Tlapa de Comonfort"
387,0.621004553145271,0.342560777422151,0.857986336056392,NA,"sintetico_postestratificado",FALSE,0.51542555863424,"12","048","Petatlán"
388,0.587361930309524,0.377844217249827,0.780773561219956,6,"muestra_directa",TRUE,0.402929343970129,"12","007","Arcelia"
389,0.519585392779023,0.321756226628891,0.727253034791442,6,"muestra_directa",TRUE,0.405496808162551,"12","012","Ayutla de los Libres"
390,0.58371291943286,0.336255854825782,0.812535508397102,NA,"sintetico_postestratificado",FALSE,0.47627965357132,"12","006","Apaxtla"
391,0.518630990393336,0.27689170639087,0.776796897836185,NA,"sintetico_postestratificado",FALSE,0.499905191445315,"12","010","Atlixtac"
392,0.614041010988519,0.374785731695753,0.829838378153019,2,"muestra_directa",TRUE,0.455052646457266,"12","011","Atoyac de Álvarez"
393,0.476148010221591,0.293034611759733,0.668625245509638,8,"muestra_directa",TRUE,0.375590633749905,"12","032","General Heliodoro Castillo"
394,0.5503401780263,0.302841328957272,0.78356938748694,NA,"sintetico_postestratificado",FALSE,0.480728058529668,"12","028","Chilapa de Álvarez"
395,0.519906512638555,0.335718680955887,0.693137480521391,8,"muestra_directa",TRUE,0.357418799565504,"12","029","Chilpancingo de los Bravo"
396,0.545746002048312,0.297700922976385,0.792817273991896,NA,"sintetico_postestratificado",FALSE,0.495116351015511,"12","004","Alcozauca de Guerrero"
397,0.62582874949216,0.372168368401082,0.865620183626823,NA,"sintetico_postestratificado",FALSE,0.493451815225741,"12","068","La Unión de Isidoro Montes de Oca"
398,0.578466184482095,0.361819099749682,0.795662024618519,7,"muestra_directa",TRUE,0.433842924868836,"12","039","Juan R. Escudero"
399,0.719535937203587,0.476273748481281,0.883396215915797,7,"muestra_directa",TRUE,0.407122467434516,"12","038","Zihuatanejo de Azueta"
400,0.54946540365326,0.290851138590103,0.787668926427445,NA,"sintetico_postestratificado",FALSE,0.496817787837342,"12","043","Metlatónoc"
401,0.524410621001358,0.256821910926545,0.791236228547614,NA,"sintetico_postestratificado",FALSE,0.534414317621069,"12","030","Florencio Villarreal"
402,0.510128453342476,0.258119428781238,0.753172447859887,1,"muestra_directa",TRUE,0.495053019078649,"12","064","Tlalchapa"
403,0.58622238920256,0.312356830193277,0.831868193058379,NA,"sintetico_postestratificado",FALSE,0.519511362865102,"12","067","Tlapehuala"
404,0.403806915733725,0.272638269523683,0.545177909568745,24,"muestra_directa",FALSE,0.272539640045062,"12","001","Acapulco de Juárez"
405,0.565784609780693,0.331122483426341,0.798340751023342,NA,"sintetico_postestratificado",FALSE,0.467218267597001,"12","019","Copalillo"
406,0.562427493349024,0.300564758500495,0.804756064465719,NA,"sintetico_postestratificado",FALSE,0.504191305965224,"12","045","Olinalá"
407,0.53325445315462,0.282899117496774,0.772045080915247,NA,"sintetico_postestratificado",FALSE,0.489145963418473,"12","008","Atenango del Río"
408,0.53091324460087,0.280988318060564,0.784667405100225,NA,"sintetico_postestratificado",FALSE,0.503679087039661,"12","009","Atlamajalcingo del Monte"
409,0.560437551783657,0.300608862813273,0.809182765222626,NA,"sintetico_postestratificado",FALSE,0.508573902409353,"12","046","Ometepec"
410,0.54202201268339,0.269916808580624,0.782800181877831,NA,"sintetico_postestratificado",FALSE,0.512883373297207,"12","036","Igualapa"
411,0.532218249823364,0.262532477581861,0.785864985696469,NA,"sintetico_postestratificado",FALSE,0.523332508114608,"12","044","Mochitlán"
412,0.549925885175118,0.363306316040291,0.730468906163332,6,"muestra_directa",TRUE,0.367162590123041,"12","042","Mártir de Cuilapan"
413,0.531326727251154,0.248217301021863,0.79149084065522,NA,"sintetico_postestratificado",FALSE,0.543273539633357,"12","040","Leonardo Bravo"
414,0.565909650229028,0.31621672103241,0.821308181335061,NA,"sintetico_postestratificado",FALSE,0.505091460302651,"12","076","Acatepec"
415,0.442886480693623,0.250555122826667,0.642765690906832,6,"muestra_directa",TRUE,0.392210568080165,"12","075","Eduardo Neri"
416,0.577568676809325,0.33594552643349,0.800159248526223,NA,"sintetico_postestratificado",FALSE,0.464213722092733,"12","074","Zitlala"
417,0.593185819227164,0.317933512552044,0.82688734664321,NA,"sintetico_postestratificado",FALSE,0.508953834091166,"12","072","Zapotitlán Tablas"
418,0.555273912546765,0.308614866826563,0.80707140851591,NA,"sintetico_postestratificado",FALSE,0.498456541689347,"12","071","Xochistlahuaca"
419,0.578574711067205,0.310225587494704,0.808883939835423,NA,"sintetico_postestratificado",FALSE,0.49865835234072,"12","070","Xochihuehuetlán"
420,0.531112231864485,0.272448322992019,0.786552725748906,NA,"sintetico_postestratificado",FALSE,0.514104402756887,"12","069","Xalpatláhuac"
421,0.589666269016925,0.321910509971799,0.814021398036618,NA,"sintetico_postestratificado",FALSE,0.492110888064819,"12","052","San Luis Acatlán"
422,0.548334945254163,0.293373172021977,0.775605540396192,NA,"sintetico_postestratificado",FALSE,0.482232368374215,"12","041","Malinaltepec"
423,0.525366909441002,0.29415367962651,0.760137895176765,1,"muestra_directa",TRUE,0.465984215550255,"12","062","Tlacoachistlahuaca"
424,0.54830420351693,0.275833360015684,0.799940690853691,NA,"sintetico_postestratificado",FALSE,0.524107330838007,"12","023","Cuajinicuilapa"
425,0.509948770994521,0.243319994371073,0.76653484087026,NA,"sintetico_postestratificado",FALSE,0.523214846499187,"12","013","Azoyú"
426,0.526319164345095,0.266930020086148,0.772347959891279,NA,"sintetico_postestratificado",FALSE,0.505417939805131,"12","024","Cualác"
427,0.659795299938508,0.436051649736857,0.844737299948564,9,"muestra_directa",TRUE,0.408685650211707,"12","027","Cutzamala de Pinzón"
428,0.543338048636628,0.270835375480839,0.804488482009265,NA,"sintetico_postestratificado",FALSE,0.533653106528427,"12","037","Ixcateopan de Cuauhtémoc"
429,0.574720459156218,0.323712891765827,0.7963822758327,NA,"sintetico_postestratificado",FALSE,0.472669384066873,"12","055","Taxco de Alarcón"
430,0.518994789377951,0.262848322796733,0.776111247833224,NA,"sintetico_postestratificado",FALSE,0.513262925036491,"12","025","Cuautepec"
431,0.554584290789229,0.292582517428362,0.785114651500859,NA,"sintetico_postestratificado",FALSE,0.492532134072497,"12","026","Cuetzala del Progreso"
432,0.523944865384552,0.280574595259984,0.776526264327185,NA,"sintetico_postestratificado",FALSE,0.495951669067201,"12","059","Tepecoacuilco de Trujano"
433,0.532794344285323,0.260789561231675,0.795314457652524,NA,"sintetico_postestratificado",FALSE,0.534524896420849,"12","077","Marquelia"
434,0.536192512804843,0.24263138645879,0.821940368596665,NA,"sintetico_postestratificado",FALSE,0.579308982137874,"12","078","Cochoapa el Grande"
435,0.531213955230173,0.301205758422952,0.756389544717703,6,"muestra_directa",TRUE,0.455183786294751,"12","061","Tixtla de Guerrero"
436,0.532481104318539,0.248959958637826,0.800091715763147,NA,"sintetico_postestratificado",FALSE,0.551131757125321,"12","018","Copala"
437,0.523552897580317,0.27596934309611,0.759000935904218,1,"muestra_directa",TRUE,0.483031592808109,"12","056","Tecoanapa"
438,0.566329095625041,0.313190993054889,0.810512202328993,NA,"sintetico_postestratificado",FALSE,0.497321209274105,"12","003","Ajuchitlán del Progreso"
439,0.486291175655253,0.262249264720437,0.74625767284398,NA,"sintetico_postestratificado",FALSE,0.484008408123544,"12","002","Ahuacuotzingo"
440,0.556472477881096,0.347588626555842,0.77266191213063,8,"muestra_directa",TRUE,0.425073285574788,"12","035","Iguala de la Independencia"
441,0.594625889243756,0.337937520134163,0.838230097546556,NA,"sintetico_postestratificado",FALSE,0.500292577412393,"12","016","Coahuayutla de José María Izazaga"
442,0.494893709763375,0.228816210738598,0.75906534743213,NA,"sintetico_postestratificado",FALSE,0.530249136693532,"12","017","Cocula"
443,0.5474233899601,0.280333035505682,0.801640813865947,NA,"sintetico_postestratificado",FALSE,0.521307778360265,"12","020","Copanatoyac"
444,0.574634160990388,0.29788654517064,0.818251019052685,NA,"sintetico_postestratificado",FALSE,0.520364473882045,"12","057","Técpan de Galeana"
445,0.538796503201395,0.278366865655073,0.792554670021225,NA,"sintetico_postestratificado",FALSE,0.514187804366152,"12","021","Coyuca de Benítez"
446,0.586414591369288,0.335500307914128,0.811087941932357,NA,"sintetico_postestratificado",FALSE,0.475587634018229,"12","022","Coyuca de Catalán"
447,0.587100098043258,0.309948718006772,0.828222887815494,NA,"sintetico_postestratificado",FALSE,0.518274169808721,"12","060","Tetipac"
448,0.529531578917401,0.24529182570865,0.791178824897168,NA,"sintetico_postestratificado",FALSE,0.545886999188518,"12","063","Tlacoapa"
449,0.589250822399291,0.331180327768484,0.804357958086065,NA,"sintetico_postestratificado",FALSE,0.473177630317581,"12","058","Teloloapan"
450,0.480486998637058,0.287319274612336,0.690456301038851,4,"muestra_directa",TRUE,0.403137026426515,"12","051","Quechultenango"
451,0.594563359104404,0.337424855773746,0.828413599659465,NA,"sintetico_postestratificado",FALSE,0.490988743885719,"12","050","Pungarabato"
452,0.525405815459583,0.262624668372298,0.784324194117537,NA,"sintetico_postestratificado",FALSE,0.521699525745239,"12","081","Iliatenco"
453,0.528411650132128,0.243867791846451,0.798484968997827,NA,"sintetico_postestratificado",FALSE,0.554617177151376,"12","080","Juchitán"
454,0.519208116419682,0.272362723698667,0.772266541389531,NA,"sintetico_postestratificado",FALSE,0.499903817690863,"12","005","Alpoyeca"
455,0.586008646893063,0.324320216921352,0.819211293990562,6,"muestra_directa",TRUE,0.49489107706921,"12","014","Benito Juárez"
456,0.537088308584749,0.29099469259128,0.780781098250533,NA,"sintetico_postestratificado",FALSE,0.489786405659252,"12","015","Buenavista de Cuéllar"
457,0.527719561654749,0.272108600084949,0.77876817850883,NA,"sintetico_postestratificado",FALSE,0.506659578423881,"12","049","Pilcaya"
458,0.506093349615697,0.185504397780287,0.813056325241873,NA,"sintetico_postestratificado",FALSE,0.627551927461586,"12","079","José Joaquín de Herrera"
459,0.572423160532714,0.351340891792187,0.789726383358231,NA,"sintetico_postestratificado",FALSE,0.438385491566044,"12","034","Huitzuco de los Figueroa"
462,0.578961137961481,0.317569133601078,0.839048066817631,NA,"sintetico_postestratificado",FALSE,0.521478933216553,"13","004","Agua Blanca de Iturbide"
463,0.663870412127887,0.440257015180494,0.855226408217037,6,"muestra_directa",TRUE,0.414969393036543,"13","010","Atitalaquia"
464,0.637414013884285,0.377535530170584,0.84499224653834,NA,"sintetico_postestratificado",FALSE,0.467456716367756,"13","081","Zacualtipán de Ángeles"
465,0.594394155652187,0.341768299432639,0.810961095071636,NA,"sintetico_postestratificado",FALSE,0.469192795638996,"13","034","Lolotla"
466,0.6222472867435,0.397879064107609,0.839207330637798,2,"muestra_directa",TRUE,0.441328266530188,"13","080","Yahualica"
467,0.553054309505862,0.305466709884746,0.799446242532392,NA,"sintetico_postestratificado",FALSE,0.493979532647645,"13","079","Xochicoatlán"
468,0.488309638978168,0.267432075534317,0.709627979414555,3,"muestra_directa",TRUE,0.442195903880238,"13","041","Mixquiahuala de Juárez"
469,0.592916592338137,0.277283841360386,0.851375141414961,NA,"sintetico_postestratificado",FALSE,0.574091300054575,"13","032","Jaltocán"
470,0.6075330389782,0.361918122043605,0.818450099789312,NA,"sintetico_postestratificado",FALSE,0.456531977745707,"13","019","Chilcuautla"
471,0.642210431325341,0.392047271533001,0.853921330383473,NA,"sintetico_postestratificado",FALSE,0.461874058850473,"13","082","Zapotlán de Juárez"
472,0.616628346015687,0.323895923923881,0.855395684727745,NA,"sintetico_postestratificado",FALSE,0.531499760803864,"13","050","Progreso de Obregón"
473,0.602580093503845,0.349838406841305,0.824976339011941,NA,"sintetico_postestratificado",FALSE,0.475137932170637,"13","083","Zempoala"
474,0.639791622242809,0.393530520152979,0.850469837221581,4,"muestra_directa",TRUE,0.456939317068602,"13","018","Chapulhuacán"
475,0.59910802107958,0.376995487270354,0.813345502428089,3,"muestra_directa",TRUE,0.436350015157736,"13","035","Metepec"
476,0.625870343069435,0.352088235618918,0.838028403238441,NA,"sintetico_postestratificado",FALSE,0.485940167619523,"13","036","San Agustín Metzquititlán"
477,0.6960058832132,0.505661278101368,0.857661946917997,11,"muestra_directa",FALSE,0.352000668816629,"13","037","Metztitlán"
478,0.644165212143602,0.366984941416951,0.863345369493184,NA,"sintetico_postestratificado",FALSE,0.496360428076232,"13","020","Eloxochitlán"
479,0.624424981221023,0.371176786475595,0.836853091368862,NA,"sintetico_postestratificado",FALSE,0.465676304893266,"13","022","Epazoyucan"
480,0.612174068989749,0.335709511677401,0.851783855075405,NA,"sintetico_postestratificado",FALSE,0.516074343398004,"13","023","Francisco I. Madero"
481,0.601630390795725,0.350319859685191,0.82198734244436,NA,"sintetico_postestratificado",FALSE,0.471667482759169,"13","052","San Agustín Tlaxiaca"
482,0.616030122805803,0.379603333137128,0.834798893372848,4,"muestra_directa",TRUE,0.455195560235721,"13","024","Huasca de Ocampo"
483,0.657548495890987,0.382563395775741,0.869512398919668,NA,"sintetico_postestratificado",FALSE,0.486949003143927,"13","009","El Arenal"
484,0.645591976697157,0.391177557247165,0.850770030506926,NA,"sintetico_postestratificado",FALSE,0.459592473259761,"13","038","Mineral del Chico"
485,0.65331805484442,0.396315869422105,0.862839471354801,NA,"sintetico_postestratificado",FALSE,0.466523601932696,"13","071","Tlahuiltepa"
486,0.654485357471851,0.389848060016213,0.868119765225026,NA,"sintetico_postestratificado",FALSE,0.478271705208814,"13","064","Tepetitlán"
487,0.634886830027323,0.384787220925036,0.842896960101345,NA,"sintetico_postestratificado",FALSE,0.458109739176309,"13","053","San Bartolo Tutotepec"
488,0.568590162274553,0.374255011408732,0.758986499100808,6,"muestra_directa",TRUE,0.384731487692076,"13","008","Apan"
489,0.591177879183896,0.31719293312253,0.837846585535254,NA,"sintetico_postestratificado",FALSE,0.520653652412724,"13","007","Almoloya"
490,0.61462145564295,0.35456156116984,0.847763218950684,NA,"sintetico_postestratificado",FALSE,0.493201657780845,"13","068","Tianguistengo"
491,0.608975699434074,0.38665861104209,0.822452591937425,4,"muestra_directa",TRUE,0.435793980895335,"13","069","Tizayuca"
492,0.687497562348077,0.492969036537358,0.865962860776486,11,"muestra_directa",FALSE,0.372993824239127,"13","076","Tula de Allende"
493,0.594694275057461,0.353170912164695,0.833092112764984,NA,"sintetico_postestratificado",FALSE,0.47992120060029,"13","078","Xochiatipan"
494,0.589772075547881,0.34058789923399,0.823518180261864,NA,"sintetico_postestratificado",FALSE,0.482930281027874,"13","074","Tlaxcoapan"
495,0.665472410471809,0.428095962746645,0.859702067521017,6,"muestra_directa",TRUE,0.431606104774372,"13","051","Mineral de la Reforma"
496,0.593841915033196,0.35964480024182,0.805390704499544,NA,"sintetico_postestratificado",FALSE,0.445745904257724,"13","030","Ixmiquilpan"
497,0.582206853966152,0.340108544557498,0.822043687198943,NA,"sintetico_postestratificado",FALSE,0.481935142641445,"13","031","Jacala de Ledezma"
498,0.634837684623,0.394426222151392,0.827943666061625,1,"muestra_directa",TRUE,0.433517443910233,"13","029","Huichapan"
499,0.586480408468751,0.303448246167887,0.833724301592612,NA,"sintetico_postestratificado",FALSE,0.530276055424725,"13","070","Tlahuelilpan"
500,0.605948478372621,0.341166106801102,0.859285299872675,NA,"sintetico_postestratificado",FALSE,0.518119193071572,"13","025","Huautla"
501,0.622189895826131,0.382762212594741,0.820376341380389,3,"muestra_directa",TRUE,0.437614128785648,"13","054","San Salvador"
502,0.613984395840794,0.354720388750314,0.834697353570713,NA,"sintetico_postestratificado",FALSE,0.4799769648204,"13","055","Santiago de Anaya"
503,0.666900275642376,0.452685544667604,0.85595079633003,5,"muestra_directa",TRUE,0.403265251662426,"13","006","Alfajayucan"
504,0.644199528996558,0.429629509967709,0.841915119051257,9,"muestra_directa",TRUE,0.412285609083548,"13","048","Pachuca de Soto"
505,0.596785682734224,0.32935058122313,0.836566180054989,NA,"sintetico_postestratificado",FALSE,0.507215598831859,"13","026","Huazalingo"
506,0.62097591583984,0.388399941613769,0.827636628278908,4,"muestra_directa",TRUE,0.439236686665138,"13","027","Huehuetla"
507,0.590060155861182,0.371002090686014,0.801731070223233,6,"muestra_directa",TRUE,0.430728979537219,"13","028","Huejutla de Reyes"
508,0.595677963849599,0.336833429164621,0.834571408899898,NA,"sintetico_postestratificado",FALSE,0.497737979735277,"13","043","Nicolás Flores"
509,0.604487796044072,0.341951215786523,0.832904389800858,NA,"sintetico_postestratificado",FALSE,0.490953174014335,"13","065","Tetepango"
510,0.615944486280695,0.370557636599022,0.818079341935592,1,"muestra_directa",TRUE,0.447521705336569,"13","063","Tepeji del Río de Ocampo"
511,0.641061396150967,0.372778360859796,0.872477662155469,NA,"sintetico_postestratificado",FALSE,0.499699301295673,"13","033","Juárez Hidalgo"
512,0.631377927255545,0.39257120722422,0.832388940315558,NA,"sintetico_postestratificado",FALSE,0.439817733091338,"13","013","Atotonilco de Tula"
513,0.607529875937341,0.35069340612779,0.836167196898632,NA,"sintetico_postestratificado",FALSE,0.485473790770841,"13","014","Calnali"
514,0.625063730636587,0.373649010967256,0.845787478976373,NA,"sintetico_postestratificado",FALSE,0.472138468009116,"13","015","Cardonal"
515,0.585396746729234,0.332978258260107,0.82867038754272,NA,"sintetico_postestratificado",FALSE,0.495692129282613,"13","016","Cuautepec de Hinojosa"
516,0.579403367628384,0.300140676404512,0.812093797218805,NA,"sintetico_postestratificado",FALSE,0.511953120814293,"13","021","Emiliano Zapata"
517,0.618484408926096,0.379302973891965,0.820427960586443,NA,"sintetico_postestratificado",FALSE,0.441124986694478,"13","005","Ajacuba"
518,0.611472013236405,0.370830070513594,0.840294807001059,NA,"sintetico_postestratificado",FALSE,0.469464736487465,"13","017","Chapantongo"
519,0.615381015494606,0.355511063959173,0.844425069752438,NA,"sintetico_postestratificado",FALSE,0.488914005793265,"13","066","Villa de Tezontepec"
520,0.622817227310232,0.363578995029551,0.847098333059965,NA,"sintetico_postestratificado",FALSE,0.483519338030414,"13","067","Tezontepec de Aldama"
521,0.569475526993771,0.317833966527074,0.801184271746602,NA,"sintetico_postestratificado",FALSE,0.483350305219527,"13","044","Nopala de Villagrán"
522,0.573922661447137,0.32505580450231,0.805417407339336,NA,"sintetico_postestratificado",FALSE,0.480361602837026,"13","045","Omitlán de Juárez"
523,0.56818109202098,0.369298922561831,0.765477079308079,10,"muestra_directa",FALSE,0.396178156746247,"13","046","San Felipe Orizatlán"
524,0.596952479148642,0.34695552691143,0.83847392503982,NA,"sintetico_postestratificado",FALSE,0.491518398128391,"13","039","Mineral del Monte"
525,0.627875239457244,0.383020191321366,0.834710371139943,NA,"sintetico_postestratificado",FALSE,0.451690179818576,"13","047","Pacula"
526,0.575897929776093,0.327120803214754,0.810579460101691,NA,"sintetico_postestratificado",FALSE,0.483458656886937,"13","049","Pisaflores"
527,0.582553360745558,0.348414127852211,0.794059129498787,2,"muestra_directa",TRUE,0.445645001646576,"13","077","Tulancingo de Bravo"
528,0.591920588284093,0.353978829561469,0.820793643961318,NA,"sintetico_postestratificado",FALSE,0.46681481439985,"13","062","Tepehuacán de Guerrero"
529,0.625856985266908,0.377736615197364,0.83035778701206,NA,"sintetico_postestratificado",FALSE,0.452621171814696,"13","003","Actopan"
530,0.559632974443247,0.315865405362085,0.795779569379643,NA,"sintetico_postestratificado",FALSE,0.479914164017558,"13","002","Acaxochitlán"
531,0.620826365657147,0.34421751418002,0.843368759903528,NA,"sintetico_postestratificado",FALSE,0.499151245723509,"13","001","Acatlán"
532,0.624769971655454,0.384376393599002,0.835962318514844,1,"muestra_directa",TRUE,0.451585924915843,"13","061","Tepeapulco"
533,0.635288187590574,0.356394312929706,0.854973938830478,NA,"sintetico_postestratificado",FALSE,0.498579625900772,"13","058","Tasquillo"
534,0.602543058390448,0.335186521893231,0.845179335737059,NA,"sintetico_postestratificado",FALSE,0.509992813843828,"13","073","Tlanchinol"
535,0.623210230530905,0.354862768573693,0.835302925242239,NA,"sintetico_postestratificado",FALSE,0.480440156668546,"13","072","Tlanalapa"
536,0.676076553210529,0.412291163162276,0.871584686772608,NA,"sintetico_postestratificado",FALSE,0.459293523610332,"13","059","Tecozautla"
537,0.640912597985312,0.39851801537302,0.85142296641781,NA,"sintetico_postestratificado",FALSE,0.45290495104479,"13","060","Tenango de Doria"
538,0.640003278550033,0.390288598356636,0.83769288288949,NA,"sintetico_postestratificado",FALSE,0.447404284532854,"13","012","Atotonilco el Grande"
539,0.662252011051951,0.401631305821631,0.861960177647793,NA,"sintetico_postestratificado",FALSE,0.460328871826162,"13","011","Atlapexco"
540,0.653216014511135,0.387054615667421,0.8704546250226,NA,"sintetico_postestratificado",FALSE,0.483400009355178,"13","040","La Misión"
541,0.664111688182514,0.408567306246733,0.871563994642017,NA,"sintetico_postestratificado",FALSE,0.462996688395284,"13","042","Molango de Escamilla"
542,0.586002869677376,0.328289580430125,0.828744571823516,NA,"sintetico_postestratificado",FALSE,0.500454991393392,"13","056","Santiago Tulantepec de Lugo Guerrero"
543,0.680135065527636,0.50720260984383,0.828038365682045,9,"muestra_directa",TRUE,0.320835755838215,"13","057","Singuilucan"
544,0.628363081176047,0.368186402455505,0.85305792446554,NA,"sintetico_postestratificado",FALSE,0.484871522010036,"13","084","Zimapán"
545,0.591334882932539,0.335451956348147,0.821151847514774,NA,"sintetico_postestratificado",FALSE,0.485699891166628,"13","075","Tolcayuca"
546,0.657203002110089,0.408364413402679,0.871156159879545,NA,"sintetico_postestratificado",FALSE,0.462791746476866,"14","122","Zapotitlán de Vadillo"
547,0.592359166557787,0.331239427567663,0.82499420541861,NA,"sintetico_postestratificado",FALSE,0.493754777850947,"14","019","Bolaños"
548,0.678039347424967,0.419865262522266,0.880418891959461,NA,"sintetico_postestratificado",FALSE,0.460553629437195,"14","065","Pihuamo"
549,0.57757790937472,0.370603361493921,0.761990573717803,11,"muestra_directa",FALSE,0.391387212223883,"14","101","Tonalá"
550,0.675842838741721,0.424706776869502,0.872184956588546,NA,"sintetico_postestratificado",FALSE,0.447478179719044,"14","076","San Martín de Bolaños"
551,0.664832588074397,0.431074531797192,0.862020826386772,NA,"sintetico_postestratificado",FALSE,0.430946294589581,"14","023","Zapotlán el Grande"
552,0.622369342199029,0.356492870450285,0.847365750991738,NA,"sintetico_postestratificado",FALSE,0.490872880541453,"14","074","San Julián"
553,0.650439280338623,0.392845715265565,0.868081106342324,NA,"sintetico_postestratificado",FALSE,0.475235391076759,"14","073","San Juan de los Lagos"
554,0.638342857329118,0.38348245972662,0.84213785292956,NA,"sintetico_postestratificado",FALSE,0.45865539320294,"14","062","Mixtlán"
555,0.643793992214045,0.402777488787115,0.857796899905144,NA,"sintetico_postestratificado",FALSE,0.455019411118028,"14","113","San Gabriel"
556,0.610904556283665,0.366919409424404,0.840113794240303,NA,"sintetico_postestratificado",FALSE,0.473194384815899,"14","087","Tecalitlán"
557,0.656264574726115,0.382722516029291,0.85638481373336,NA,"sintetico_postestratificado",FALSE,0.473662297704069,"14","014","Atoyac"
558,0.674396559756156,0.426302201843208,0.866753145076654,NA,"sintetico_postestratificado",FALSE,0.440450943233446,"14","015","Autlán de Navarro"
559,0.659203884977646,0.456100725038614,0.82208483347703,7,"muestra_directa",TRUE,0.365984108438416,"14","097","Tlajomulco de Zúñiga"
560,0.613405599572457,0.358675484520598,0.842352266754127,NA,"sintetico_postestratificado",FALSE,0.483676782233529,"14","055","Magdalena"
561,0.648136969911658,0.400510959001789,0.852189937196796,NA,"sintetico_postestratificado",FALSE,0.451678978195006,"14","063","Ocotlán"
562,0.688955107683917,0.423393142756245,0.889156957337495,NA,"sintetico_postestratificado",FALSE,0.465763814581251,"14","086","Tapalpa"
563,0.651173484904478,0.352059100104362,0.867888578738766,NA,"sintetico_postestratificado",FALSE,0.515829478634405,"14","043","La Huerta"
564,0.693170722906797,0.430915107730859,0.895586262617167,NA,"sintetico_postestratificado",FALSE,0.464671154886308,"14","116","Villa Hidalgo"
565,0.600265966114967,0.336597430819027,0.840728314265708,NA,"sintetico_postestratificado",FALSE,0.504130883446681,"14","012","Atenguillo"
566,0.650135549559308,0.386433146172211,0.877244532705078,NA,"sintetico_postestratificado",FALSE,0.490811386532867,"14","117","Cañadas de Obregón"
567,0.662237054640436,0.396478004343123,0.859088465541758,NA,"sintetico_postestratificado",FALSE,0.462610461198635,"14","118","Yahualica de González Gallo"
568,0.682003280319815,0.417764403578116,0.890045012497961,NA,"sintetico_postestratificado",FALSE,0.472280608919845,"14","017","Ayutla"
569,0.660234200926676,0.396511653286395,0.866291133429471,NA,"sintetico_postestratificado",FALSE,0.469779480143076,"14","119","Zacoalco de Torres"
570,0.582826401198221,0.363883286317728,0.775072261966009,10,"muestra_directa",FALSE,0.411188975648281,"14","120","Zapopan"
571,0.663691792067643,0.426940824596325,0.881687302006019,NA,"sintetico_postestratificado",FALSE,0.454746477409693,"14","121","Zapotiltic"
572,0.64750772586266,0.395803407511957,0.856666621185784,NA,"sintetico_postestratificado",FALSE,0.460863213673827,"14","123","Zapotlán del Rey"
573,0.687900873847048,0.438185894706318,0.891462538685184,NA,"sintetico_postestratificado",FALSE,0.453276643978866,"14","069","Quitupan"
574,0.681349390400322,0.417248961794733,0.880626644181616,NA,"sintetico_postestratificado",FALSE,0.463377682386883,"14","112","Valle de Juárez"
575,0.629757042249725,0.365238933350253,0.851285297014588,NA,"sintetico_postestratificado",FALSE,0.486046363664335,"14","111","Valle de Guadalupe"
576,0.672338468657021,0.421717224373081,0.885663073347057,NA,"sintetico_postestratificado",FALSE,0.463945848973976,"14","079","Gómez Farías"
577,0.650941074338318,0.400114135459579,0.851193853887701,NA,"sintetico_postestratificado",FALSE,0.451079718428122,"14","078","San Miguel el Alto"
578,0.629843249575181,0.386085101992115,0.851301721204286,NA,"sintetico_postestratificado",FALSE,0.465216619212171,"14","077","San Martín Hidalgo"
579,0.640708582579236,0.359656743010345,0.865489973349451,NA,"sintetico_postestratificado",FALSE,0.505833230339106,"14","075","San Marcos"
580,0.619299579149144,0.42301389588129,0.803841272121542,14,"muestra_directa",FALSE,0.380827376240252,"14","098","San Pedro Tlaquepaque"
581,0.596189870039163,0.342145383553453,0.832724177022785,NA,"sintetico_postestratificado",FALSE,0.490578793469332,"14","105","Tototlán"
582,0.634649074204135,0.354113914200183,0.841399182105957,NA,"sintetico_postestratificado",FALSE,0.487285267905774,"14","104","Totatiche"
583,0.66058112303934,0.397459904600249,0.878166836493865,NA,"sintetico_postestratificado",FALSE,0.480706931893617,"14","103","Tonila"
584,0.636681085376147,0.38952613093337,0.874888750007536,NA,"sintetico_postestratificado",FALSE,0.485362619074166,"14","024","Cocula"
585,0.628137465118747,0.371302105979719,0.851319555437084,NA,"sintetico_postestratificado",FALSE,0.480017449457365,"14","102","Tonaya"
586,0.621078262170917,0.355065447742311,0.83981846360267,NA,"sintetico_postestratificado",FALSE,0.484753015860359,"14","100","Tomatlán"
587,0.606388687251065,0.371415508981529,0.837060415490088,NA,"sintetico_postestratificado",FALSE,0.465644906508558,"14","099","Tolimán"
588,0.632822112237602,0.417304638209647,0.830299508239324,2,"muestra_directa",TRUE,0.412994870029677,"14","093","Tepatitlán de Morelos"
589,0.630484890235255,0.38768476906172,0.822995866092617,NA,"sintetico_postestratificado",FALSE,0.435311097030897,"14","124","Zapotlanejo"
590,0.65210450004084,0.377642926270592,0.861300266734262,NA,"sintetico_postestratificado",FALSE,0.483657340463669,"14","115","Villa Guerrero"
591,0.672128832846733,0.412631190669504,0.881838694841409,3,"muestra_directa",TRUE,0.469207504171905,"14","021","Casimiro Castillo"
592,0.592101729091648,0.329819083913323,0.827895816432026,NA,"sintetico_postestratificado",FALSE,0.498076732518703,"14","070","El Salto"
593,0.64445864108517,0.347033438478784,0.894151795692481,NA,"sintetico_postestratificado",FALSE,0.547118357213697,"14","020","Cabo Corrientes"
594,0.634466512708052,0.408100355399709,0.837513659555165,NA,"sintetico_postestratificado",FALSE,0.429413304155455,"14","018","La Barca"
595,0.703728889940014,0.458221596796955,0.884296675844217,NA,"sintetico_postestratificado",FALSE,0.426075079047262,"14","051","Juanacatlán"
596,0.673673113328656,0.425790926103209,0.868439718051219,1,"muestra_directa",TRUE,0.44264879194801,"14","044","Ixtlahuacán de los Membrillos"
597,0.589662939399083,0.414808867050323,0.754063356673722,23,"muestra_directa",FALSE,0.339254489623399,"14","039","Guadalajara"
598,0.628276329846661,0.350458392310248,0.854273001932019,NA,"sintetico_postestratificado",FALSE,0.503814609621771,"14","022","Cihuatlán"
599,0.624870880814387,0.359610562014704,0.835653810901686,NA,"sintetico_postestratificado",FALSE,0.476043248886982,"14","016","Ayotlán"
600,0.590397305469778,0.327564861356443,0.818298692913189,NA,"sintetico_postestratificado",FALSE,0.490733831556746,"14","080","San Sebastián del Oeste"
601,0.623105866198446,0.340659849678291,0.857382339195355,NA,"sintetico_postestratificado",FALSE,0.516722489517064,"14","125","San Ignacio Cerro Gordo"
602,0.611644876509404,0.351954100202904,0.849363640993577,NA,"sintetico_postestratificado",FALSE,0.497409540790673,"14","072","San Diego de Alejandría"
603,0.672595698815381,0.425383480635135,0.862847382292789,1,"muestra_directa",TRUE,0.437463901657654,"14","066","Poncitlán"
604,0.669268392487482,0.403926995890682,0.884408847987839,NA,"sintetico_postestratificado",FALSE,0.480481852097157,"14","110","Unión de Tula"
605,0.68153075669439,0.437404966767402,0.878114696465075,NA,"sintetico_postestratificado",FALSE,0.440709729697673,"14","092","Teocuitatlán de Corona"
606,0.683182105618661,0.444108238998835,0.869285873523463,NA,"sintetico_postestratificado",FALSE,0.425177634524627,"14","091","Teocaltiche"
607,0.601667062368735,0.361099047072359,0.811304861823964,3,"muestra_directa",TRUE,0.450205814751605,"14","002","Acatlán de Juárez"
608,0.62658178924292,0.361711235676895,0.853902664230585,NA,"sintetico_postestratificado",FALSE,0.49219142855369,"14","003","Ahualulco de Mercado"
609,0.594466856896314,0.344431540861774,0.837574007036313,NA,"sintetico_postestratificado",FALSE,0.493142466174539,"14","005","Amatitán"
610,0.616511910439514,0.388602965731403,0.82982587959885,NA,"sintetico_postestratificado",FALSE,0.441222913867447,"14","109","Unión de San Antonio"
611,0.597953604773818,0.344165770630097,0.829225738413949,NA,"sintetico_postestratificado",FALSE,0.485059967783852,"14","108","Tuxpan"
612,0.579791946002715,0.325563337500864,0.813517252965972,NA,"sintetico_postestratificado",FALSE,0.487953915465108,"14","088","Tecolotlán"
613,0.617280383056926,0.343829384979987,0.843930185846931,NA,"sintetico_postestratificado",FALSE,0.500100800866945,"14","090","Tenamaxtlán"
614,0.624080647425856,0.361063274313681,0.850021718809641,NA,"sintetico_postestratificado",FALSE,0.488958444495959,"14","071","San Cristóbal de la Barranca"
615,0.627233526697452,0.348855053690178,0.860904147492422,NA,"sintetico_postestratificado",FALSE,0.512049093802244,"14","068","Villa Purificación"
616,0.49903198729714,0.272994419477363,0.730014050140776,7,"muestra_directa",TRUE,0.457019630663413,"14","067","Puerto Vallarta"
617,0.636474450762887,0.37557921488187,0.847512363037464,NA,"sintetico_postestratificado",FALSE,0.471933148155594,"14","114","Villa Corona"
618,0.653213393820825,0.424853654864864,0.857987579436432,NA,"sintetico_postestratificado",FALSE,0.433133924571569,"14","107","Tuxcueca"
619,0.610861895037527,0.351632775510586,0.835317344826916,NA,"sintetico_postestratificado",FALSE,0.48368456931633,"14","106","Tuxcacuesco"
620,0.653422486707733,0.411266479577031,0.850475271114275,NA,"sintetico_postestratificado",FALSE,0.439208791537244,"14","025","Colotlán"
621,0.647445036534682,0.396500720451498,0.86234706894934,NA,"sintetico_postestratificado",FALSE,0.465846348497842,"14","027","Cuautitlán de García Barragán"
622,0.635593980667621,0.354157327744591,0.871063822848587,NA,"sintetico_postestratificado",FALSE,0.516906495103996,"14","028","Cuautla"
623,0.62973229911766,0.33552192101057,0.862251113967888,NA,"sintetico_postestratificado",FALSE,0.526729192957318,"14","011","Atengo"
624,0.717075311347205,0.476846694367859,0.897108198900674,NA,"sintetico_postestratificado",FALSE,0.420261504532815,"14","064","Ojuelos de Jalisco"
625,0.638356561347261,0.380949751759664,0.849677416588885,NA,"sintetico_postestratificado",FALSE,0.468727664829222,"14","032","Chiquilistlán"
626,0.633312564367236,0.384438427735955,0.854569574178598,NA,"sintetico_postestratificado",FALSE,0.470131146442643,"14","030","Chapala"
627,0.59714454359004,0.325200217106012,0.829490612189989,NA,"sintetico_postestratificado",FALSE,0.504290395083978,"14","029","Cuquío"
628,0.641298703249964,0.399650310644423,0.845550270565963,NA,"sintetico_postestratificado",FALSE,0.445899959921541,"14","094","Tequila"
629,0.615262862709565,0.336827437404189,0.843943135263402,NA,"sintetico_postestratificado",FALSE,0.507115697859214,"14","095","Teuchitlán"
630,0.641266973445385,0.381655819425169,0.850743596055134,NA,"sintetico_postestratificado",FALSE,0.469087776629965,"14","096","Tizapán el Alto"
631,0.644498774587688,0.371182599726438,0.859427376614814,NA,"sintetico_postestratificado",FALSE,0.488244776888376,"14","061","Mezquitic"
632,0.635120278178844,0.382942703597368,0.851902519256861,NA,"sintetico_postestratificado",FALSE,0.468959815659494,"14","060","Mexticacán"
633,0.660642829185993,0.396177964071919,0.871883720548502,NA,"sintetico_postestratificado",FALSE,0.475705756476583,"14","059","Mazamitla"
634,0.599133660145959,0.344822186494685,0.819211519255333,2,"muestra_directa",TRUE,0.474389332760648,"14","058","Mascota"
635,0.63238091417289,0.379523919086572,0.845323040359875,NA,"sintetico_postestratificado",FALSE,0.465799121273303,"14","057","La Manzanilla de la Paz"
636,0.703744377055176,0.446744680608864,0.888270023748685,NA,"sintetico_postestratificado",FALSE,0.441525343139821,"14","056","Santa María del Oro"
637,0.683542738163719,0.414859400151966,0.892306085143171,NA,"sintetico_postestratificado",FALSE,0.477446684991205,"14","054","El Limón"
638,0.644875916299486,0.405392903540555,0.834410717481604,NA,"sintetico_postestratificado",FALSE,0.429017813941049,"14","085","Tamazula de Gordiano"
639,0.655742048925812,0.389103043248136,0.874482664182533,NA,"sintetico_postestratificado",FALSE,0.485379620934397,"14","084","Talpa de Allende"
640,0.683194933583689,0.449106963953659,0.869260197101583,3,"muestra_directa",TRUE,0.420153233147925,"14","053","Lagos de Moreno"
641,0.673615329140771,0.394585870687048,0.897065124097369,NA,"sintetico_postestratificado",FALSE,0.502479253410321,"14","052","Juchitlán"
642,0.628340846106701,0.358048868082161,0.848732267971075,NA,"sintetico_postestratificado",FALSE,0.490683399888914,"14","050","Jocotepec"
643,0.67583833704829,0.430346970947012,0.863147612499039,NA,"sintetico_postestratificado",FALSE,0.432800641552027,"14","031","Chimaltitán"
644,0.618815358990072,0.372288754799127,0.84140533936075,NA,"sintetico_postestratificado",FALSE,0.469116584561623,"14","049","Jilotlán de los Dolores"
645,0.65020219496356,0.424120069251733,0.842727998417807,NA,"sintetico_postestratificado",FALSE,0.418607929166074,"14","048","Jesús María"
646,0.655513270417825,0.387002532443856,0.883789662078908,NA,"sintetico_postestratificado",FALSE,0.496787129635052,"14","047","Jamay"
647,0.69597695982686,0.494182339985438,0.867800416178037,4,"muestra_directa",TRUE,0.373618076192599,"14","046","Jalostotitlán"
648,0.623605105383839,0.384224954322256,0.834272679998895,NA,"sintetico_postestratificado",FALSE,0.450047725676639,"14","045","Ixtlahuacán del Río"
649,0.6476426082212,0.359794102025507,0.879007029937881,NA,"sintetico_postestratificado",FALSE,0.519212927912374,"14","042","Huejuquilla el Alto"
650,0.707380791306447,0.462582151440643,0.883786757464527,NA,"sintetico_postestratificado",FALSE,0.421204606023884,"14","041","Huejúcar"
651,0.665193083137933,0.399095687987277,0.868263771695848,NA,"sintetico_postestratificado",FALSE,0.469168083708571,"14","040","Hostotipaquillo"
652,0.626066364858287,0.368929378390142,0.843728918455284,NA,"sintetico_postestratificado",FALSE,0.474799540065142,"14","038","Guachinango"
653,0.650433722649501,0.402899300390218,0.85295184488569,NA,"sintetico_postestratificado",FALSE,0.450052544495472,"14","037","El Grullo"
654,0.62811460164176,0.363000677923221,0.848512401786819,NA,"sintetico_postestratificado",FALSE,0.485511723863598,"14","036","Etzatlán"
655,0.659464459968964,0.401161638586369,0.870144340412824,NA,"sintetico_postestratificado",FALSE,0.468982701826455,"14","035","Encarnación de Díaz"
656,0.640349763193074,0.378209389398742,0.855748979430111,NA,"sintetico_postestratificado",FALSE,0.477539590031369,"14","034","Ejutla"
657,0.616365857831506,0.378401006544936,0.851587731772414,NA,"sintetico_postestratificado",FALSE,0.473186725227478,"14","033","Degollado"
658,0.612313209916305,0.327098735417006,0.850331159720884,NA,"sintetico_postestratificado",FALSE,0.523232424303878,"14","010","Atemajac de Brizuela"
659,0.571172363933355,0.325226167619655,0.805569256748687,NA,"sintetico_postestratificado",FALSE,0.480343089129033,"14","013","Atotonilco el Alto"
660,0.604232315292321,0.340619386273244,0.831275327723071,NA,"sintetico_postestratificado",FALSE,0.490655941449827,"14","089","Techaluta de Montenegro"
661,0.647128980592405,0.399734453275815,0.852255691849323,NA,"sintetico_postestratificado",FALSE,0.452521238573508,"14","026","Concepción de Buenos Aires"
662,0.628050689318034,0.377193209622878,0.845436775024389,1,"muestra_directa",TRUE,0.468243565401511,"14","083","Tala"
663,0.676430644915105,0.408990163162522,0.87882040304217,NA,"sintetico_postestratificado",FALSE,0.469830239879648,"14","082","Sayula"
664,0.6614381566852,0.382343803280494,0.884081289946666,NA,"sintetico_postestratificado",FALSE,0.501737486666172,"14","081","Santa María de los Ángeles"
665,0.677395123513502,0.430509562979053,0.883620473682906,NA,"sintetico_postestratificado",FALSE,0.453110910703853,"14","009","El Arenal"
666,0.481731836413315,0.296513502267875,0.668319886439,10,"muestra_directa",FALSE,0.371806384171125,"14","008","Arandas"
667,0.639979848649546,0.369436686375518,0.842583444987678,NA,"sintetico_postestratificado",FALSE,0.47314675861216,"14","007","San Juanito de Escobedo"
668,0.643235773950883,0.422695025781194,0.856045235943806,NA,"sintetico_postestratificado",FALSE,0.433350210162612,"14","006","Ameca"
669,0.661237556683638,0.387048334304452,0.880470557074583,NA,"sintetico_postestratificado",FALSE,0.493422222770131,"14","004","Amacueca"
670,0.586701010253546,0.314167787904667,0.856634974240246,NA,"sintetico_postestratificado",FALSE,0.54246718633558,"14","001","Acatic"
671,0.55248945337927,0.328730466500942,0.775492351811983,5,"muestra_directa",TRUE,0.446761885311041,"15","021","Coatepec Harinas"
672,0.534154035630614,0.261920211552905,0.774359888844514,NA,"sintetico_postestratificado",FALSE,0.512439677291609,"15","011","Atenco"
673,0.569572149699827,0.288735456310896,0.814459831660153,NA,"sintetico_postestratificado",FALSE,0.525724375349257,"15","004","Almoloya de Alquisiras"
674,0.556192437486158,0.30330145567037,0.79565816968684,NA,"sintetico_postestratificado",FALSE,0.49235671401647,"15","002","Acolman"
675,0.588468372986073,0.293497753406393,0.828945354752723,NA,"sintetico_postestratificado",FALSE,0.53544760134633,"15","034","Ecatzingo"
676,0.58666282075313,0.31438229207459,0.839378140808156,NA,"sintetico_postestratificado",FALSE,0.524995848733565,"15","030","Chiconcuac"
677,0.556887830213654,0.337605430163956,0.784034004589569,3,"muestra_directa",TRUE,0.446428574425613,"15","068","Ozumba"
678,0.480934171133503,0.27068344646651,0.695222542591572,3,"muestra_directa",TRUE,0.424539096125062,"15","082","Tejupilco"
679,0.55739763081944,0.264553654965385,0.820008459043491,NA,"sintetico_postestratificado",FALSE,0.555454804078105,"15","028","Chiautla"
680,0.582121419961061,0.312174225426134,0.815382224130669,NA,"sintetico_postestratificado",FALSE,0.503207998704535,"15","019","Capulhuac"
681,0.593808702058785,0.408867289958675,0.764024125951721,12,"muestra_directa",FALSE,0.355156835993045,"15","118","Zinacantepec"
682,0.489900301967141,0.268174738500493,0.711848235472076,4,"muestra_directa",TRUE,0.443673496971584,"15","094","Tepetlixpa"
683,0.633328636165267,0.423748734244076,0.813227284742428,6,"muestra_directa",TRUE,0.389478550498352,"15","074","San Felipe del Progreso"
684,0.628430054131156,0.370370810234472,0.850141071081612,NA,"sintetico_postestratificado",FALSE,0.47977026084714,"15","036","Hueypoxtla"
685,0.61196359420221,0.337242161448661,0.845633442554874,NA,"sintetico_postestratificado",FALSE,0.508391281106214,"15","041","Ixtapan del Oro"
686,0.634878312616713,0.385626122138031,0.851340347154617,NA,"sintetico_postestratificado",FALSE,0.465714225016586,"15","085","Temascalcingo"
687,0.637737485727265,0.36983808584505,0.853651203785035,NA,"sintetico_postestratificado",FALSE,0.483813117939986,"15","096","Tequixquiac"
688,0.663486332298018,0.46019202802157,0.833479823594645,9,"muestra_directa",TRUE,0.373287795573075,"15","104","Tlalnepantla de Baz"
689,0.631394615755342,0.381901435472339,0.849108542877436,NA,"sintetico_postestratificado",FALSE,0.467207107405097,"15","076","San Mateo Atenco"
690,0.628374835665586,0.35067895412906,0.853405994967953,NA,"sintetico_postestratificado",FALSE,0.502727040838893,"15","010","Apaxco"
691,0.632968184124592,0.372835850417835,0.855066497051726,NA,"sintetico_postestratificado",FALSE,0.482230646633891,"15","023","Coyotepec"
692,0.600211865403476,0.398760708114359,0.784317666265684,10,"muestra_directa",FALSE,0.385556958151326,"15","025","Chalco"
693,0.583040876140084,0.345558911568812,0.806699786042414,NA,"sintetico_postestratificado",FALSE,0.461140874473603,"15","103","Tlalmanalco"
694,0.445007302063202,0.23915356556773,0.65960336323052,5,"muestra_directa",TRUE,0.42044979766279,"15","100","Tezoyuca"
695,0.468880305359527,0.246614039919209,0.689482159044967,3,"muestra_directa",TRUE,0.442868119125758,"15","040","Ixtapan de la Sal"
696,0.574598380591411,0.283139313157469,0.819238351369319,NA,"sintetico_postestratificado",FALSE,0.53609903821185,"15","107","Tonatico"
697,0.588524348251096,0.331703792525023,0.820418409601174,NA,"sintetico_postestratificado",FALSE,0.488714617076152,"15","052","Malinalco"
698,0.747240088948819,0.591722386175213,0.878851964737885,23,"muestra_directa",FALSE,0.287129578562673,"15","109","Tultitlán"
699,0.528833255964271,0.31174252984662,0.748026748810124,5,"muestra_directa",TRUE,0.436284218963504,"15","012","Atizapán"
700,0.635370448799674,0.380177397992467,0.844526647797819,NA,"sintetico_postestratificado",FALSE,0.464349249805352,"15","014","Atlacomulco"
701,0.601317599632318,0.348282426266692,0.828604537067825,NA,"sintetico_postestratificado",FALSE,0.480322110801133,"15","003","Aculco"
702,0.603834829497021,0.363416094828483,0.821227175109956,NA,"sintetico_postestratificado",FALSE,0.457811080281473,"15","015","Atlautla"
703,0.628384242581399,0.382007658360662,0.846329679419402,NA,"sintetico_postestratificado",FALSE,0.46432202105874,"15","016","Axapusco"
704,0.571054380614089,0.334133443301716,0.791142163665925,NA,"sintetico_postestratificado",FALSE,0.457008720364208,"15","005","Almoloya de Juárez"
705,0.637007737371025,0.413246947755367,0.829127793518148,6,"muestra_directa",TRUE,0.415880845762781,"15","024","Cuautitlán"
706,0.594893002153703,0.332944818529842,0.818844746941291,NA,"sintetico_postestratificado",FALSE,0.48589992841145,"15","008","Amatepec"
707,0.51594692536025,0.287868810407792,0.728487242145082,4,"muestra_directa",TRUE,0.440618431737289,"15","007","Amanalco"
708,0.673957468822763,0.436583925181286,0.852868318314815,4,"muestra_directa",TRUE,0.41628439313353,"15","120","Zumpango"
709,0.622358907129043,0.381516619250415,0.835586922187183,2,"muestra_directa",TRUE,0.454070302936768,"15","042","Ixtlahuaca"
710,0.564814763338717,0.33060855833153,0.77639752220058,2,"muestra_directa",TRUE,0.44578896386905,"15","084","Temascalapa"
711,0.581008206621572,0.323932044257196,0.833932397404522,NA,"sintetico_postestratificado",FALSE,0.510000353147326,"15","047","Jiquipilco"
712,0.571800664099293,0.299424337490874,0.817395258883842,NA,"sintetico_postestratificado",FALSE,0.517970921392968,"15","022","Cocotitlán"
713,0.539705316374489,0.310162709854302,0.76945694168412,1,"muestra_directa",TRUE,0.459294231829818,"15","020","Coacalco de Berriozábal"
714,0.597550427671075,0.367937671056712,0.809848028247613,NA,"sintetico_postestratificado",FALSE,0.441910357190902,"15","062","Ocoyoacac"
715,0.555417988031926,0.304245302056522,0.794012458723113,NA,"sintetico_postestratificado",FALSE,0.489767156666591,"15","050","Juchitepec"
716,0.599783686508798,0.321339347025027,0.8512122558144,NA,"sintetico_postestratificado",FALSE,0.529872908789373,"15","061","Nopaltepec"
717,0.592543894827903,0.306398739614472,0.804382731241914,NA,"sintetico_postestratificado",FALSE,0.497983991627442,"15","101","Tianguistenco"
718,0.669891130624672,0.461528872320435,0.858318019539331,6,"muestra_directa",TRUE,0.396789147218896,"15","057","Naucalpan de Juárez"
719,0.69344458513334,0.486472942198398,0.872612780744128,9,"muestra_directa",TRUE,0.386139838545729,"15","105","Tlatlaya"
720,0.71333294871523,0.548828217503212,0.847290151083199,15,"muestra_directa",FALSE,0.298461933579987,"15","106","Toluca"
721,0.607080115438081,0.353179191004861,0.815629361297744,NA,"sintetico_postestratificado",FALSE,0.462450170292884,"15","116","Zacazonapan"
722,0.588833259490921,0.343427841607316,0.818428411829152,NA,"sintetico_postestratificado",FALSE,0.475000570221836,"15","097","Texcaltitlán"
723,0.624343683714952,0.35484300863887,0.858891446536105,NA,"sintetico_postestratificado",FALSE,0.504048437897236,"15","079","Soyaniquilpan de Juárez"
724,0.505526025172924,0.283090890821819,0.735170952824664,1,"muestra_directa",TRUE,0.452080062002845,"15","119","Zumpahuacán"
725,0.640248272821652,0.437530253197464,0.831504590722702,4,"muestra_directa",TRUE,0.393974337525238,"15","081","Tecámac"
726,0.567315485122215,0.346254297015065,0.783949005928817,1,"muestra_directa",TRUE,0.437694708913752,"15","035","Huehuetoca"
727,0.598390270053856,0.330815693316558,0.822273953877628,NA,"sintetico_postestratificado",FALSE,0.49145826056107,"15","064","El Oro"
728,0.585725594482279,0.342170915307951,0.817428382101892,NA,"sintetico_postestratificado",FALSE,0.475257466793941,"15","083","Temamatla"
729,0.668414617690433,0.411683019230284,0.87118535763872,NA,"sintetico_postestratificado",FALSE,0.459502338408436,"15","102","Timilpan"
730,0.644423312529084,0.406821395146391,0.839524391875275,NA,"sintetico_postestratificado",FALSE,0.432702996728884,"15","087","Temoaya"
731,0.576658349054549,0.327064384696723,0.804580993958318,NA,"sintetico_postestratificado",FALSE,0.477516609261596,"15","066","Otzoloapan"
732,0.609186035314553,0.349515121790425,0.837697173420851,NA,"sintetico_postestratificado",FALSE,0.488182051630427,"15","108","Tultepec"
733,0.541546053788836,0.298342041478451,0.779943205640576,NA,"sintetico_postestratificado",FALSE,0.481601164162126,"15","089","Tenango del Aire"
734,0.587185195337799,0.358056154109876,0.784521771704077,4,"muestra_directa",TRUE,0.426465617594201,"15","051","Lerma"
735,0.582696424520765,0.346265910929187,0.804970325300153,NA,"sintetico_postestratificado",FALSE,0.458704414370966,"15","046","Jilotzingo"
736,0.544915461921757,0.374564970025709,0.71434246093817,16,"muestra_directa",FALSE,0.339777490912461,"15","037","Huixquilucan"
737,0.652651163638122,0.399166517322615,0.868181213591235,NA,"sintetico_postestratificado",FALSE,0.46901469626862,"15","038","Isidro Fabela"
738,0.610876392651454,0.412664576302343,0.802901967633733,13,"muestra_directa",FALSE,0.390237391331391,"15","039","Ixtapaluca"
739,0.577104560450668,0.335127730703005,0.792670600130405,NA,"sintetico_postestratificado",FALSE,0.4575428694274,"15","017","Ayapango"
740,0.537557951014253,0.261362090461321,0.795835368018627,NA,"sintetico_postestratificado",FALSE,0.534473277557306,"15","069","Papalotla"
741,0.573310029090868,0.309998237751021,0.809759920652996,NA,"sintetico_postestratificado",FALSE,0.499761682901975,"15","065","Otumba"
742,0.602445093088001,0.374593442071822,0.81581749366566,NA,"sintetico_postestratificado",FALSE,0.441224051593838,"15","048","Jocotitlán"
743,0.730307747032482,0.538445817977085,0.888286026994345,12,"muestra_directa",FALSE,0.349840209017261,"15","121","Cuautitlán Izcalli"
744,0.578718671691703,0.334742493464785,0.806594095163298,NA,"sintetico_postestratificado",FALSE,0.471851601698513,"15","080","Sultepec"
745,0.587498186174922,0.337729248660188,0.810423505351696,NA,"sintetico_postestratificado",FALSE,0.472694256691508,"15","071","Polotitlán"
746,0.558884518454287,0.303673496177729,0.784355389777283,NA,"sintetico_postestratificado",FALSE,0.480681893599554,"15","075","San Martín de las Pirámides"
747,0.579214225441043,0.306954548519417,0.833272252973778,NA,"sintetico_postestratificado",FALSE,0.526317704454362,"15","072","Rayón"
748,0.640567772448972,0.375102528800103,0.865447418479295,NA,"sintetico_postestratificado",FALSE,0.490344889679192,"15","056","Morelos"
749,0.541428977716334,0.319285323224842,0.759989720896589,3,"muestra_directa",TRUE,0.440704397671747,"15","067","Otzolotepec"
750,0.666097672411214,0.448305092407,0.853870587035141,5,"muestra_directa",TRUE,0.405565494628141,"15","088","Tenancingo"
751,0.513526403237228,0.315570054629024,0.719678387125204,7,"muestra_directa",TRUE,0.40410833249618,"15","070","La Paz"
752,0.643223213888279,0.378020257049169,0.87306362830079,NA,"sintetico_postestratificado",FALSE,0.495043371251621,"15","078","Santo Tomás"
753,0.652728131989958,0.376610617947204,0.866515940513446,NA,"sintetico_postestratificado",FALSE,0.489905322566242,"15","111","Villa de Allende"
754,0.652605106304712,0.395597116472716,0.848178017033877,NA,"sintetico_postestratificado",FALSE,0.452580900561161,"15","112","Villa del Carbón"
755,0.587530733570998,0.317980046673229,0.833195416139848,NA,"sintetico_postestratificado",FALSE,0.515215369466619,"15","091","Teoloyucan"
756,0.605684351196973,0.362766398431832,0.835836019259929,NA,"sintetico_postestratificado",FALSE,0.473069620828097,"15","113","Villa Guerrero"
757,0.569908308601168,0.302017426684867,0.818478962901604,NA,"sintetico_postestratificado",FALSE,0.516461536216737,"15","006","Almoloya del Río"
758,0.602809129775874,0.365691632895446,0.82479608915571,NA,"sintetico_postestratificado",FALSE,0.459104456260264,"15","123","Luvianos"
759,0.617412216380993,0.415874854233267,0.796702552449772,3,"muestra_directa",TRUE,0.380827698216505,"15","099","Texcoco"
760,0.621691887297347,0.41292052875794,0.802497398469552,9,"muestra_directa",TRUE,0.389576869711612,"15","060","Nicolás Romero"
761,0.568073117401192,0.353992248593502,0.770153444790407,9,"muestra_directa",TRUE,0.416161196196905,"15","122","Valle de Chalco Solidaridad"
762,0.610163393643519,0.354985052624581,0.831697395157122,NA,"sintetico_postestratificado",FALSE,0.476712342532542,"15","044","Jaltenco"
763,0.629411035499123,0.358142388254573,0.845399849390094,NA,"sintetico_postestratificado",FALSE,0.487257461135521,"15","110","Valle de Bravo"
764,0.671451110752297,0.44249695142493,0.870182593446187,NA,"sintetico_postestratificado",FALSE,0.427685642021257,"15","045","Jilotepec"
765,0.564645616052231,0.314579415737237,0.80387401588478,NA,"sintetico_postestratificado",FALSE,0.489294600147543,"15","098","Texcalyacac"
766,0.564266712996512,0.307709255413764,0.772720966377043,3,"muestra_directa",TRUE,0.465011710963279,"15","115","Xonacatlán"
767,0.602376212327542,0.345122999115211,0.829487816345396,NA,"sintetico_postestratificado",FALSE,0.484364817230185,"15","117","Zacualpan"
768,0.577849183175585,0.335538704271874,0.798119999170565,NA,"sintetico_postestratificado",FALSE,0.46258129489869,"15","124","San José del Rincón"
769,0.544218238177767,0.268590238471572,0.804548736726268,NA,"sintetico_postestratificado",FALSE,0.535958498254696,"15","029","Chicoloapan"
770,0.55434784756121,0.396691717491457,0.6976684272619,25,"muestra_directa",FALSE,0.300976709770443,"15","058","Nezahualcóyotl"
771,0.393397029763399,0.201555310151487,0.607189126938104,5,"muestra_directa",TRUE,0.405633816786618,"15","092","Teotihuacán"
772,0.54764896258764,0.289430211737078,0.786672701935723,NA,"sintetico_postestratificado",FALSE,0.497242490198645,"15","077","San Simón de Guerrero"
773,0.575108769195042,0.304559687556298,0.843719715626622,NA,"sintetico_postestratificado",FALSE,0.539160028070324,"15","055","Mexicaltzingo"
774,0.650417472124657,0.448830915901729,0.817648599627462,7,"muestra_directa",TRUE,0.368817683725734,"15","054","Metepec"
775,0.627946417525598,0.405924357061312,0.829416580385058,NA,"sintetico_postestratificado",FALSE,0.423492223323745,"15","049","Joquicingo"
776,0.531704445383876,0.29533490357651,0.771149727013661,2,"muestra_directa",TRUE,0.475814823437152,"15","026","Chapa de Mota"
777,0.478264172664225,0.281126607210831,0.68746842572801,7,"muestra_directa",TRUE,0.406341818517179,"15","001","Acambay de Ruíz Castañeda"
778,0.673353873401676,0.446588156443074,0.842427195170073,4,"muestra_directa",TRUE,0.395839038726999,"15","059","Nextlalpan"
779,0.56799216098736,0.326225137340558,0.806934331957624,NA,"sintetico_postestratificado",FALSE,0.480709194617066,"15","086","Temascaltepec"
780,0.610819111006862,0.347033993100486,0.839826731465944,NA,"sintetico_postestratificado",FALSE,0.492792738365458,"15","053","Melchor Ocampo"
781,0.624029798557787,0.380484818230688,0.821452799305343,NA,"sintetico_postestratificado",FALSE,0.440967981074655,"15","090","Tenango del Valle"
782,0.644737137935593,0.404052433187126,0.850068776023581,NA,"sintetico_postestratificado",FALSE,0.446016342836455,"15","032","Donato Guerra"
783,0.574597615035432,0.348453499046317,0.796181945260071,NA,"sintetico_postestratificado",FALSE,0.447728446213754,"15","125","Tonanitla"
784,0.584545640913013,0.349318316545955,0.815475902871839,NA,"sintetico_postestratificado",FALSE,0.466157586325884,"15","114","Villa Victoria"
785,0.493556858627364,0.255491626938498,0.71407059559465,NA,"sintetico_postestratificado",FALSE,0.458578968656152,"15","093","Tepetlaoxtoc"
786,0.565171094611419,0.312145944454545,0.787878540731958,NA,"sintetico_postestratificado",FALSE,0.475732596277413,"15","063","Ocuilan"
787,0.545804177365157,0.299887407020598,0.779918221268365,NA,"sintetico_postestratificado",FALSE,0.480030814247766,"15","073","San Antonio la Isla"
788,0.513559594334668,0.381261896260872,0.643500547822675,39,"muestra_directa",FALSE,0.262238651561803,"15","033","Ecatepec de Morelos"
789,0.717538170387986,0.496570227719692,0.860288817984695,10,"muestra_directa",FALSE,0.363718590265003,"15","013","Atizapán de Zaragoza"
790,0.650702650070864,0.392390534214427,0.866155405462927,NA,"sintetico_postestratificado",FALSE,0.473764871248501,"15","027","Chapultepec"
791,0.619893836298853,0.365826525698474,0.831619371669737,NA,"sintetico_postestratificado",FALSE,0.465792845971263,"15","018","Calimaya"
792,0.574163439197973,0.360623771927773,0.769606097371261,6,"muestra_directa",TRUE,0.408982325443488,"15","009","Amecameca"
793,0.414258413836827,0.217178827134781,0.643666627421701,9,"muestra_directa",TRUE,0.42648780028692,"15","031","Chimalhuacán"
794,0.531368937232657,0.287177128510781,0.785707100323496,NA,"sintetico_postestratificado",FALSE,0.498529971812715,"15","043","Xalatlaco"
795,0.533338163776383,0.303639983037118,0.74653005422024,3,"muestra_directa",TRUE,0.442890071183122,"15","095","Tepotzotlán"
796,0.622818392434049,0.372304005104571,0.834076912694295,NA,"sintetico_postestratificado",FALSE,0.461772907589724,"16","074","Cojumatlán de Régules"
797,0.661488120821866,0.41220485426674,0.878161557674727,NA,"sintetico_postestratificado",FALSE,0.465956703407988,"16","090","Tingambato"
798,0.648829743772377,0.395069339353922,0.863009632630147,NA,"sintetico_postestratificado",FALSE,0.467940293276226,"16","002","Aguililla"
799,0.624851461553934,0.374608916192228,0.82618400525879,NA,"sintetico_postestratificado",FALSE,0.451575089066562,"16","003","Álvaro Obregón"
800,0.591933184387619,0.346084649784696,0.807806652844662,NA,"sintetico_postestratificado",FALSE,0.461722003059965,"16","004","Angamacutiro"
801,0.563869641951564,0.308353046329704,0.798119963203456,NA,"sintetico_postestratificado",FALSE,0.489766916873753,"16","005","Angangueo"
802,0.629013572126395,0.367461840158733,0.835411941617764,3,"muestra_directa",TRUE,0.467950101459031,"16","006","Apatzingán"
803,0.552771319402173,0.305586206623355,0.796428221302183,NA,"sintetico_postestratificado",FALSE,0.490842014678827,"16","007","Aporo"
804,0.654336476861668,0.406778567480035,0.852485843042774,NA,"sintetico_postestratificado",FALSE,0.44570727556274,"16","008","Aquila"
805,0.649356084890017,0.410208350532095,0.856771057186173,NA,"sintetico_postestratificado",FALSE,0.446562706654077,"16","009","Ario"
806,0.648233179715981,0.3895629475982,0.879713820245215,NA,"sintetico_postestratificado",FALSE,0.490150872647014,"16","096","Tumbiscatío"
807,0.612627979195478,0.364105070658282,0.837302363057476,NA,"sintetico_postestratificado",FALSE,0.473197292399194,"16","097","Turicato"
808,0.567595403020127,0.305530563973552,0.804725135612377,NA,"sintetico_postestratificado",FALSE,0.499194571638825,"16","106","Yurécuaro"
809,0.49931353271048,0.317201099044599,0.693420996685796,8,"muestra_directa",TRUE,0.376219897641197,"16","107","Zacapu"
810,0.641495454560283,0.393402668951272,0.851837929988977,NA,"sintetico_postestratificado",FALSE,0.458435261037705,"16","108","Zamora"
811,0.569000374285179,0.284259904022088,0.816803995855595,NA,"sintetico_postestratificado",FALSE,0.532544091833507,"16","109","Zináparo"
812,0.632838310549967,0.367309028542002,0.849744047796675,NA,"sintetico_postestratificado",FALSE,0.482435019254673,"16","110","Zinapécuaro"
813,0.645429071385782,0.39409116426273,0.840364607275277,NA,"sintetico_postestratificado",FALSE,0.446273443012548,"16","010","Arteaga"
814,0.607090730843749,0.342499192767403,0.833555509261053,NA,"sintetico_postestratificado",FALSE,0.49105631649365,"16","011","Briseñas"
815,0.618844604957027,0.362937151430123,0.836550400748954,NA,"sintetico_postestratificado",FALSE,0.47361324931883,"16","098","Tuxpan"
816,0.638412345295027,0.378562011626858,0.853111348122102,NA,"sintetico_postestratificado",FALSE,0.474549336495245,"16","031","Epitacio Huerta"
817,0.626766667901109,0.379688731455497,0.834731542781272,NA,"sintetico_postestratificado",FALSE,0.455042811325776,"16","032","Erongarícuaro"
818,0.615602595334213,0.36559312225077,0.845161203793635,NA,"sintetico_postestratificado",FALSE,0.479568081542864,"16","077","San Lucas"
819,0.647672723445422,0.450240965579898,0.833341967399412,4,"muestra_directa",TRUE,0.383101001819514,"16","099","Tuzantla"
820,0.569791560874877,0.290449162956937,0.820844385706853,NA,"sintetico_postestratificado",FALSE,0.530395222749916,"16","001","Acuitzio"
821,0.547206378196045,0.28991154199481,0.790494961458259,4,"muestra_directa",TRUE,0.500583419463449,"16","043","Jacona"
822,0.602793532403314,0.351952510923444,0.826532031061087,NA,"sintetico_postestratificado",FALSE,0.474579520137643,"16","044","Jiménez"
823,0.653132785648969,0.367953967739381,0.874102031385833,NA,"sintetico_postestratificado",FALSE,0.506148063646452,"16","045","Jiquilpan"
824,0.646118933029114,0.415713645264161,0.835415737495063,7,"muestra_directa",TRUE,0.419702092230902,"16","012","Buenavista"
825,0.640849717323764,0.366781457837128,0.848730636105771,NA,"sintetico_postestratificado",FALSE,0.481949178268643,"16","013","Carácuaro"
826,0.568155997714148,0.332032526369598,0.805570072605075,NA,"sintetico_postestratificado",FALSE,0.473537546235478,"16","021","Charapan"
827,0.559974225931424,0.3132018525271,0.79658606079404,NA,"sintetico_postestratificado",FALSE,0.48338420826694,"16","020","Cuitzeo"
828,0.708398008840962,0.486825677116141,0.877386618112677,8,"muestra_directa",TRUE,0.390560940996536,"16","019","Cotija"
829,0.627038708960754,0.37667136200913,0.844016118669848,NA,"sintetico_postestratificado",FALSE,0.467344756660717,"16","018","Copándaro"
830,0.630334369398446,0.371844516149592,0.851853788708473,NA,"sintetico_postestratificado",FALSE,0.48000927255888,"16","087","Taretan"
831,0.611393146560293,0.380612090938694,0.812844174725703,NA,"sintetico_postestratificado",FALSE,0.432232083787008,"16","086","Tanhuato"
832,0.604011430850954,0.356888238106645,0.841525315303751,NA,"sintetico_postestratificado",FALSE,0.484637077197106,"16","072","Queréndaro"
833,0.629592918134843,0.406773684284661,0.826362899687664,NA,"sintetico_postestratificado",FALSE,0.419589215403002,"16","067","Penjamillo"
834,0.625998136154499,0.370084774224875,0.842519431491926,NA,"sintetico_postestratificado",FALSE,0.472434657267051,"16","022","Charo"
835,0.657354217440162,0.402601196652233,0.878613870706933,NA,"sintetico_postestratificado",FALSE,0.4760126740547,"16","079","Salvador Escalante"
836,0.573119389943847,0.323123113280436,0.795622169855831,NA,"sintetico_postestratificado",FALSE,0.472499056575395,"16","078","Santa Ana Maya"
837,0.62725140653032,0.376056273189068,0.84418276532965,2,"muestra_directa",TRUE,0.468126492140582,"16","075","Los Reyes"
838,0.626755965759712,0.364382876037923,0.86043636464745,NA,"sintetico_postestratificado",FALSE,0.496053488609528,"16","076","Sahuayo"
839,0.638447965281624,0.404423677900065,0.843206487350897,3,"muestra_directa",TRUE,0.438782809450832,"16","033","Gabriel Zamora"
840,0.622520975450569,0.379794839911806,0.839282303243295,NA,"sintetico_postestratificado",FALSE,0.45948746333149,"16","035","La Huacana"
841,0.609890712780353,0.363360434391419,0.833372804575938,NA,"sintetico_postestratificado",FALSE,0.470012370184519,"16","036","Huandacareo"
842,0.630201880507433,0.383103421814144,0.852776600501774,NA,"sintetico_postestratificado",FALSE,0.46967317868763,"16","037","Huaniqueo"
843,0.621512160636392,0.362037470871121,0.832333678754699,NA,"sintetico_postestratificado",FALSE,0.470296207883577,"16","038","Huetamo"
844,0.610482126373959,0.324669610003011,0.850640132407949,NA,"sintetico_postestratificado",FALSE,0.525970522404938,"16","039","Huiramba"
845,0.615022545084425,0.369270612713078,0.826045980537345,NA,"sintetico_postestratificado",FALSE,0.456775367824267,"16","040","Indaparapeo"
846,0.559491750997245,0.306137630924676,0.802081838870958,NA,"sintetico_postestratificado",FALSE,0.495944207946282,"16","041","Irimbo"
847,0.604348168816651,0.349020442523769,0.826074268748388,NA,"sintetico_postestratificado",FALSE,0.477053826224619,"16","042","Ixtlán"
848,0.645368967444069,0.399909912568545,0.852837448174582,NA,"sintetico_postestratificado",FALSE,0.452927535606037,"16","049","Madero"
849,0.599679784032639,0.345828777476224,0.82289250002527,NA,"sintetico_postestratificado",FALSE,0.477063722549046,"16","050","Maravatío"
850,0.673717906133852,0.430877344914214,0.869895661030273,3,"muestra_directa",TRUE,0.439018316116059,"16","051","Marcos Castellanos"
851,0.614532621162515,0.409938187755774,0.796344063571844,12,"muestra_directa",FALSE,0.38640587581607,"16","052","Lázaro Cárdenas"
852,0.72974344399051,0.521412775109507,0.884201761776839,15,"muestra_directa",FALSE,0.362788986667332,"16","053","Morelia"
853,0.603960755382843,0.334048370795148,0.836268188792074,NA,"sintetico_postestratificado",FALSE,0.502219817996925,"16","014","Coahuayana"
854,0.653191398182801,0.42189501733047,0.846082704496321,4,"muestra_directa",TRUE,0.424187687165851,"16","015","Coalcomán de Vázquez Pallares"
855,0.624950252315927,0.387966035956315,0.829906490780937,NA,"sintetico_postestratificado",FALSE,0.441940454824621,"16","016","Coeneo"
856,0.600729195263344,0.351596265214352,0.836259547329697,NA,"sintetico_postestratificado",FALSE,0.484663282115345,"16","017","Contepec"
857,0.639332259841016,0.364666161140349,0.866002445478866,NA,"sintetico_postestratificado",FALSE,0.501336284338518,"16","083","Tancítaro"
858,0.61493248204773,0.425070481917325,0.795687996645119,15,"muestra_directa",FALSE,0.370617514727794,"16","082","Tacámbaro"
859,0.565461585101797,0.297376486947305,0.822929418408011,NA,"sintetico_postestratificado",FALSE,0.525552931460706,"16","081","Susupuato"
860,0.676709866709619,0.43837162621736,0.878080929759607,NA,"sintetico_postestratificado",FALSE,0.439709303542247,"16","056","Nahuatzen"
861,0.627565655679549,0.348845389901996,0.858766453763457,NA,"sintetico_postestratificado",FALSE,0.50992106386146,"16","080","Senguio"
862,0.605590006669137,0.338049633133461,0.852482009334502,NA,"sintetico_postestratificado",FALSE,0.514432376201041,"16","057","Nocupétaro"
863,0.58095329293015,0.316145815365477,0.820089900516265,NA,"sintetico_postestratificado",FALSE,0.503944085150788,"16","034","Hidalgo"
864,0.645408361581629,0.345579200558074,0.891756578547399,NA,"sintetico_postestratificado",FALSE,0.546177377989325,"16","058","Nuevo Parangaricutiro"
865,0.685854078393423,0.442436630372902,0.873375662979119,NA,"sintetico_postestratificado",FALSE,0.430939032606217,"16","059","Nuevo Urecho"
866,0.592574545997147,0.320950572627583,0.838960129268809,NA,"sintetico_postestratificado",FALSE,0.518009556641226,"16","060","Numarán"
867,0.714979410075677,0.487156595825261,0.886004832194171,3,"muestra_directa",TRUE,0.39884823636891,"16","062","Pajacuarán"
868,0.621329571776107,0.379722649202925,0.847696857746136,NA,"sintetico_postestratificado",FALSE,0.467974208543211,"16","063","Panindícuaro"
869,0.665487540875034,0.396726079228087,0.881888000652879,NA,"sintetico_postestratificado",FALSE,0.485161921424792,"16","064","Parácuaro"
870,0.639524173842018,0.397715412057409,0.867675065904402,NA,"sintetico_postestratificado",FALSE,0.469959653846993,"16","105","Vista Hermosa"
871,0.608520065861035,0.353787395232228,0.851804328320411,NA,"sintetico_postestratificado",FALSE,0.498016933088183,"16","065","Paracho"
872,0.651989494005445,0.399482544747649,0.873544752261029,NA,"sintetico_postestratificado",FALSE,0.474062207513379,"16","089","Tepalcatepec"
873,0.581302646069663,0.317060689130764,0.826545256997147,1,"muestra_directa",TRUE,0.509484567866382,"16","061","Ocampo"
874,0.634872412727874,0.35012110834617,0.875656964523113,NA,"sintetico_postestratificado",FALSE,0.525535856176943,"16","055","Múgica"
875,0.594435731154244,0.342264098891118,0.825616947206978,NA,"sintetico_postestratificado",FALSE,0.483352848315859,"16","054","Morelos"
876,0.618806645194865,0.399248703155514,0.824370140145058,NA,"sintetico_postestratificado",FALSE,0.425121436989544,"16","030","Ecuandureo"
877,0.688821950944777,0.465872717381143,0.870060452875204,5,"muestra_directa",TRUE,0.40418773549406,"16","029","Churumuco"
878,0.603230585437158,0.332088557837331,0.854156165040272,NA,"sintetico_postestratificado",FALSE,0.522067607202941,"16","028","Churintzio"
879,0.585326084201663,0.325566434019088,0.818942623664153,NA,"sintetico_postestratificado",FALSE,0.493376189645065,"16","027","Chucándiro"
880,0.623412825286723,0.364357425980697,0.843528616398965,NA,"sintetico_postestratificado",FALSE,0.479171190418269,"16","026","Chinicuila"
881,0.598065180854862,0.333945563196734,0.847318053893654,NA,"sintetico_postestratificado",FALSE,0.513372490696919,"16","025","Chilchota"
882,0.603012205978818,0.357758140741145,0.833162303770914,NA,"sintetico_postestratificado",FALSE,0.475404163029769,"16","024","Cherán"
883,0.666096237135887,0.413777198695142,0.862047107387191,3,"muestra_directa",TRUE,0.448269908692049,"16","023","Chavinda"
884,0.653876474606331,0.400950198734787,0.865190055192309,NA,"sintetico_postestratificado",FALSE,0.464239856457521,"16","066","Pátzcuaro"
885,0.707491662892879,0.497190279280513,0.878991732732117,5,"muestra_directa",TRUE,0.381801453451604,"16","068","Peribán"
886,0.619238115365823,0.386291263234973,0.836564103173584,3,"muestra_directa",TRUE,0.450272839938611,"16","069","La Piedad"
887,0.641572284757297,0.375434797786576,0.855474565576339,NA,"sintetico_postestratificado",FALSE,0.480039767789763,"16","070","Purépero"
888,0.645477124344727,0.409013984115429,0.849754305616768,NA,"sintetico_postestratificado",FALSE,0.440740321501339,"16","071","Puruándiro"
889,0.648871242392073,0.395902678576462,0.870690912460241,2,"muestra_directa",TRUE,0.474788233883779,"16","073","Quiroga"
890,0.66356247037065,0.417488940698278,0.878089038885167,NA,"sintetico_postestratificado",FALSE,0.460600098186888,"16","091","Tingüindín"
891,0.601921419073604,0.364383921129925,0.83574139007589,NA,"sintetico_postestratificado",FALSE,0.471357468945964,"16","113","José Sixto Verduzco"
892,0.509824694469588,0.271463168718996,0.736859887250151,2,"muestra_directa",TRUE,0.465396718531155,"16","112","Zitácuaro"
893,0.680585461651895,0.424313749367416,0.878103565958813,NA,"sintetico_postestratificado",FALSE,0.453789816591398,"16","085","Tangancícuaro"
894,0.650800584769375,0.449586452486298,0.827802371766296,5,"muestra_directa",TRUE,0.378215919279998,"16","088","Tarímbaro"
895,0.658635616510527,0.420428932658009,0.843802770145469,NA,"sintetico_postestratificado",FALSE,0.42337383748746,"16","092","Tiquicheo de Nicolás Romero"
896,0.594981319204892,0.342337394545551,0.805240246282346,NA,"sintetico_postestratificado",FALSE,0.462902851736796,"16","093","Tlalpujahua"
897,0.705947631030809,0.44296725800385,0.893306645482243,NA,"sintetico_postestratificado",FALSE,0.450339387478393,"16","111","Ziracuaretiro"
898,0.650818364471322,0.410006515545575,0.842182353708448,NA,"sintetico_postestratificado",FALSE,0.432175838162873,"16","101","Tzitzio"
899,0.656571534258294,0.415152630776196,0.852170458293338,NA,"sintetico_postestratificado",FALSE,0.437017827517142,"16","100","Tzintzuntzan"
900,0.67964870180454,0.414388897705837,0.884265850768776,NA,"sintetico_postestratificado",FALSE,0.469876953062939,"16","095","Tocumbo"
901,0.675818227182916,0.425890208386666,0.874416310677154,NA,"sintetico_postestratificado",FALSE,0.448526102290488,"16","084","Tangamandapio"
902,0.692020948232192,0.511625857917165,0.85227172435507,6,"muestra_directa",TRUE,0.340645866437905,"16","102","Uruapan"
903,0.68677377476757,0.427062543880061,0.884782659567563,NA,"sintetico_postestratificado",FALSE,0.457720115687502,"16","103","Venustiano Carranza"
904,0.69033993064824,0.454917713238704,0.885045043677399,NA,"sintetico_postestratificado",FALSE,0.430127330438694,"16","104","Villamar"
905,0.664391622619101,0.405096589859315,0.863267557953992,NA,"sintetico_postestratificado",FALSE,0.458170968094677,"16","094","Tlazazalca"
906,0.665939257450353,0.408562245751035,0.862628814639195,2,"muestra_directa",TRUE,0.454066568888159,"16","047","Jungapeo"
907,0.623705820487679,0.348393441973314,0.872097293292269,NA,"sintetico_postestratificado",FALSE,0.523703851318955,"16","046","Juárez"
908,0.645110988864561,0.366437524176252,0.871704652367355,NA,"sintetico_postestratificado",FALSE,0.505267128191103,"16","048","Lagunillas"
909,0.541963569886822,0.294069977463392,0.768840785253189,NA,"sintetico_postestratificado",FALSE,0.474770807789797,"17","002","Atlatlahucan"
910,0.619842263305428,0.418717603181051,0.792259023465329,15,"muestra_directa",FALSE,0.373541420284278,"17","006","Cuautla"
911,0.554733231788712,0.352696331272978,0.751468532496816,9,"muestra_directa",TRUE,0.398772201223838,"17","028","Xochitepec"
912,0.487104700076026,0.236665652813078,0.74247834042194,NA,"sintetico_postestratificado",FALSE,0.505812687608862,"17","022","Tetela del Volcán"
913,0.589959148809087,0.340078264060083,0.81014072441928,NA,"sintetico_postestratificado",FALSE,0.470062460359197,"17","009","Huitzilac"
914,0.553777654551193,0.289366676429903,0.802402167632886,NA,"sintetico_postestratificado",FALSE,0.513035491202983,"17","016","Ocuituco"
915,0.577377872213665,0.371851836173319,0.771274867701136,9,"muestra_directa",TRUE,0.399423031527817,"17","008","Emiliano Zapata"
916,0.497179642886489,0.287621969376558,0.70743915420009,3,"muestra_directa",TRUE,0.419817184823533,"17","003","Axochiapan"
917,0.603762559019852,0.347725673234359,0.830880598498826,1,"muestra_directa",TRUE,0.483154925264467,"17","036","Hueyapan"
918,0.62611978513418,0.381028957052672,0.85448468764289,NA,"sintetico_postestratificado",FALSE,0.473455730590218,"17","035","Xoxocotla"
919,0.613871639111682,0.382713912595721,0.814062416866328,2,"muestra_directa",TRUE,0.431348504270607,"17","025","Tlaquiltenango"
920,0.615750616175896,0.332449010835671,0.840385186002851,NA,"sintetico_postestratificado",FALSE,0.50793617516718,"17","001","Amacuzac"
921,0.721036117903167,0.54180241060812,0.875679312395511,5,"muestra_directa",TRUE,0.333876901787392,"17","020","Tepoztlán"
922,0.571913045482724,0.308514783921538,0.794763916790382,NA,"sintetico_postestratificado",FALSE,0.486249132868845,"17","034","Coatetelco"
923,0.579323732638346,0.314228765957913,0.81247318772903,NA,"sintetico_postestratificado",FALSE,0.498244421771118,"17","027","Totolapan"
924,0.570245805597366,0.331741204550083,0.796853518095924,NA,"sintetico_postestratificado",FALSE,0.465112313545841,"17","030","Yecapixtla"
925,0.57380559096689,0.322832443255387,0.813569698033972,NA,"sintetico_postestratificado",FALSE,0.490737254778585,"17","026","Tlayacapan"
926,0.535137053044481,0.31900363240894,0.752338555929236,7,"muestra_directa",TRUE,0.433334923520296,"17","031","Zacatepec"
927,0.556737569048171,0.274363154467561,0.81700908326412,NA,"sintetico_postestratificado",FALSE,0.542645928796559,"17","021","Tetecala"
928,0.578044228817814,0.363397289984348,0.773477627076321,10,"muestra_directa",FALSE,0.410080337091974,"17","019","Tepalcingo"
929,0.568666988629909,0.315804843484625,0.813935469068602,NA,"sintetico_postestratificado",FALSE,0.498130625583977,"17","023","Tlalnepantla"
930,0.563735982321839,0.326179965576734,0.775266834790635,NA,"sintetico_postestratificado",FALSE,0.449086869213901,"17","017","Puente de Ixtla"
931,0.596029709075679,0.356347631354696,0.797131655016694,2,"muestra_directa",TRUE,0.440784023661999,"17","015","Miacatlán"
932,0.560555937921466,0.288215165781754,0.807262160663604,NA,"sintetico_postestratificado",FALSE,0.51904699488185,"17","013","Jonacatepec de Leandro Valle"
933,0.648381904083658,0.48671932663697,0.794515462268159,21,"muestra_directa",FALSE,0.307796135631189,"17","011","Jiutepec"
934,0.509509787483407,0.274958634747562,0.753239872991747,1,"muestra_directa",TRUE,0.478281238244185,"17","010","Jantetelco"
935,0.517452813321533,0.291561951850093,0.738954590021492,5,"muestra_directa",TRUE,0.447392638171399,"17","018","Temixco"
936,0.594733190704365,0.403152132417712,0.777234021998135,9,"muestra_directa",TRUE,0.374081889580424,"17","029","Yautepec"
937,0.626720040376622,0.389698395152733,0.839455020821781,2,"muestra_directa",TRUE,0.449756625669048,"17","012","Jojutla"
938,0.54266481815848,0.335761719811034,0.748021240360448,5,"muestra_directa",TRUE,0.412259520549413,"17","024","Tlaltizapán de Zapata"
939,0.659681774414021,0.501875055185941,0.800573696321435,25,"muestra_directa",FALSE,0.298698641135494,"17","007","Cuernavaca"
940,0.624561675628204,0.385974865895886,0.833587682715386,1,"muestra_directa",TRUE,0.4476128168195,"17","005","Coatlán del Río"
941,0.570267895649651,0.391105024510517,0.732050207175521,10,"muestra_directa",FALSE,0.340945182665005,"17","004","Ayala"
942,0.592459394332625,0.345753433465092,0.821280079451555,NA,"sintetico_postestratificado",FALSE,0.475526645986463,"17","014","Mazatepec"
943,0.579090501775431,0.332443831763209,0.805630001539365,2,"muestra_directa",TRUE,0.473186169776156,"17","032","Zacualpan de Amilpas"
944,0.541821923518215,0.291416726613463,0.80061596825324,NA,"sintetico_postestratificado",FALSE,0.509199241639777,"17","033","Temoac"
945,0.658081399651104,0.405661192591061,0.865477168115321,NA,"sintetico_postestratificado",FALSE,0.45981597552426,"18","001","Acaponeta"
946,0.580215374456307,0.344481260178371,0.819650386046424,NA,"sintetico_postestratificado",FALSE,0.475169125868053,"18","009","Del Nayar"
947,0.641183707852311,0.386916455141073,0.861511042242733,NA,"sintetico_postestratificado",FALSE,0.47459458710166,"18","010","Rosamorada"
948,0.711302929553676,0.462623720380071,0.887384440206533,6,"muestra_directa",TRUE,0.424760719826462,"18","011","Ruíz"
949,0.645439907951925,0.486045853000008,0.792875012608653,38,"muestra_directa",FALSE,0.306829159608645,"18","017","Tepic"
950,0.654760695244055,0.376912862337907,0.872111210557781,NA,"sintetico_postestratificado",FALSE,0.495198348219874,"18","018","Tuxpan"
951,0.646966954767877,0.409405263680113,0.846228323082726,NA,"sintetico_postestratificado",FALSE,0.436823059402613,"18","019","La Yesca"
952,0.63734541794748,0.413530856159827,0.852585113732107,3,"muestra_directa",TRUE,0.43905425757228,"18","004","Compostela"
953,0.684733363297388,0.441035329955691,0.876540722691872,3,"muestra_directa",TRUE,0.435505392736181,"18","013","San Pedro Lagunillas"
954,0.585627716756554,0.377442608656354,0.7680168063207,8,"muestra_directa",TRUE,0.390574197664346,"18","008","Xalisco"
955,0.680251743088049,0.446199959107468,0.867991138890533,NA,"sintetico_postestratificado",FALSE,0.421791179783066,"18","005","Huajicori"
956,0.709381961499628,0.505847566904577,0.868834615859678,16,"muestra_directa",FALSE,0.362987048955102,"18","006","Ixtlán del Río"
957,0.683750136149046,0.42707142126813,0.867027668558594,1,"muestra_directa",TRUE,0.439956247290464,"18","007","Jala"
958,0.578482765511992,0.370890889649551,0.763732780123505,10,"muestra_directa",FALSE,0.392841890473954,"18","014","Santa María del Oro"
959,0.622559609933944,0.421253663204198,0.805857145743442,8,"muestra_directa",TRUE,0.384603482539244,"18","015","Santiago Ixcuintla"
960,0.610886736588934,0.36003576487819,0.824214427435359,2,"muestra_directa",TRUE,0.464178662557169,"18","016","Tecuala"
961,0.616435144394998,0.351387517115603,0.847341603044198,NA,"sintetico_postestratificado",FALSE,0.495954085928596,"18","003","Amatlán de Cañas"
962,0.629926809793825,0.375963995704614,0.866965330417194,NA,"sintetico_postestratificado",FALSE,0.49100133471258,"18","012","San Blas"
963,0.655898692589637,0.402024917823657,0.857101574079251,7,"muestra_directa",TRUE,0.455076656255595,"18","020","Bahía de Banderas"
964,0.56221641518453,0.325004054894368,0.775758986305881,3,"muestra_directa",TRUE,0.450754931411513,"18","002","Ahuacatlán"
965,0.665866652931486,0.327245270122388,0.926271803201288,NA,"sintetico_postestratificado",FALSE,0.5990265330789,"19","029","Hualahuises"
966,0.641252164734345,0.424555026995934,0.822168957016556,12,"muestra_directa",FALSE,0.397613930020622,"19","048","Santa Catarina"
967,0.725602532817778,0.49789089205982,0.896529626742557,4,"muestra_directa",TRUE,0.398638734682737,"19","044","Sabinas Hidalgo"
968,0.707286887697825,0.457736573892952,0.89349678923121,NA,"sintetico_postestratificado",FALSE,0.435760215338258,"19","042","Los Ramones"
969,0.650205611232552,0.381872065645992,0.87531784129244,NA,"sintetico_postestratificado",FALSE,0.493445775646449,"19","023","General Treviño"
970,0.685880469912342,0.442493480747597,0.881016368655848,NA,"sintetico_postestratificado",FALSE,0.438522887908251,"19","022","General Terán"
971,0.657956526759916,0.42706000978883,0.843265337857861,4,"muestra_directa",TRUE,0.416205328069031,"19","047","Hidalgo"
972,0.691422098403937,0.458172174520672,0.872490867988593,7,"muestra_directa",TRUE,0.414318693467921,"19","049","Santiago"
973,0.689636137901661,0.494982310658728,0.851666533963863,9,"muestra_directa",TRUE,0.356684223305135,"19","009","Cadereyta Jiménez"
974,0.687491847790058,0.465451183484906,0.851763616720977,7,"muestra_directa",TRUE,0.386312433236071,"19","032","Lampazos de Naranjo"
975,0.717672664128028,0.538956811367046,0.851817570097178,17,"muestra_directa",FALSE,0.312860758730132,"19","031","Juárez"
976,0.763274028972955,0.52464812396229,0.926117466554502,NA,"sintetico_postestratificado",FALSE,0.401469342592212,"19","027","Los Herreras"
977,0.672035643178306,0.407881411293669,0.893340552049758,NA,"sintetico_postestratificado",FALSE,0.485459140756088,"19","020","General Bravo"
978,0.601590520292082,0.384561634169709,0.809080800695126,1,"muestra_directa",TRUE,0.424519166525417,"19","041","Pesquería"
979,0.69717718008928,0.442076827420335,0.895618931120662,NA,"sintetico_postestratificado",FALSE,0.453542103700327,"19","040","Parás"
980,0.394241235175147,0.295170681691752,0.507614880014441,63,"muestra_directa",FALSE,0.212444198322689,"19","039","Monterrey"
981,0.629704255901418,0.471127343606344,0.782255338714679,26,"muestra_directa",FALSE,0.311127995108335,"19","046","San Nicolás de los Garza"
982,0.592102589831328,0.307415159538798,0.856248267922035,1,"muestra_directa",TRUE,0.548833108383237,"19","019","San Pedro Garza García"
983,0.637554972538338,0.393356733265357,0.855147019470773,NA,"sintetico_postestratificado",FALSE,0.461790286205416,"19","037","Mina"
984,0.687906685729626,0.400712833557971,0.899364930999372,NA,"sintetico_postestratificado",FALSE,0.498652097441401,"19","010","El Carmen"
985,0.761457141948028,0.626855879755565,0.871379200069912,31,"muestra_directa",FALSE,0.244523320314347,"19","021","General Escobedo"
986,0.707416847318033,0.531580752437143,0.856549565104669,19,"muestra_directa",FALSE,0.324968812667527,"19","012","Ciénega de Flores"
987,0.650669863584315,0.3938489601879,0.860052155589111,NA,"sintetico_postestratificado",FALSE,0.466203195401211,"19","002","Agualeguas"
988,0.709194079422511,0.441399731372663,0.895151528239906,NA,"sintetico_postestratificado",FALSE,0.453751796867242,"19","005","Anáhuac"
989,0.667013516037557,0.409730445476765,0.862069263482593,NA,"sintetico_postestratificado",FALSE,0.452338818005828,"19","024","General Zaragoza"
990,0.712410920742193,0.574548991363705,0.835388538595886,53,"muestra_directa",FALSE,0.260839547232181,"19","026","Guadalupe"
991,0.655542847524583,0.364188309488662,0.871741332442208,NA,"sintetico_postestratificado",FALSE,0.507553022953546,"19","003","Los Aldamas"
992,0.672002983654394,0.399995411771752,0.882211876875668,NA,"sintetico_postestratificado",FALSE,0.482216465103917,"19","004","Allende"
993,0.658548448936077,0.378077856311465,0.88500110428691,NA,"sintetico_postestratificado",FALSE,0.506923247975446,"19","025","General Zuazua"
994,0.635090019738756,0.357789325008566,0.854119221483294,NA,"sintetico_postestratificado",FALSE,0.496329896474728,"19","015","Doctor Coss"
995,0.557999623359093,0.338339030334518,0.761193254329387,5,"muestra_directa",TRUE,0.422854223994869,"19","007","Aramberri"
996,0.669583472779975,0.493886457699999,0.813554798221231,11,"muestra_directa",FALSE,0.319668340521232,"19","018","García"
997,0.689181176662193,0.431452439440296,0.885981393645431,NA,"sintetico_postestratificado",FALSE,0.454528954205135,"19","051","Villaldama"
998,0.770197767193001,0.634228289003549,0.888581749521276,31,"muestra_directa",FALSE,0.254353460517727,"19","006","Apodaca"
999,0.708508638299794,0.446998375843784,0.902114626890792,NA,"sintetico_postestratificado",FALSE,0.455116251047008,"19","011","Cerralvo"
1000,0.677445344225802,0.388519675673569,0.895153309016068,NA,"sintetico_postestratificado",FALSE,0.506633633342498,"19","001","Abasolo"
1001,0.65051231757777,0.409605282160918,0.847171223604222,NA,"sintetico_postestratificado",FALSE,0.437565941443305,"19","017","Galeana"
1002,0.643250769623425,0.393878017036372,0.855070192686406,NA,"sintetico_postestratificado",FALSE,0.461192175650035,"19","016","Doctor González"
1003,0.686414783374967,0.437841056130787,0.881851853263635,NA,"sintetico_postestratificado",FALSE,0.444010797132849,"19","050","Vallecillo"
1004,0.683305189542757,0.415941797609208,0.876971482039853,NA,"sintetico_postestratificado",FALSE,0.461029684430645,"19","034","Marín"
1005,0.646138627759762,0.362025088174198,0.883592246295019,NA,"sintetico_postestratificado",FALSE,0.521567158120821,"19","035","Melchor Ocampo"
1006,0.647860767284537,0.37461243307862,0.874861623938327,NA,"sintetico_postestratificado",FALSE,0.500249190859707,"19","028","Higueras"
1007,0.638132796775777,0.398395709671434,0.847714951373801,NA,"sintetico_postestratificado",FALSE,0.449319241702367,"19","033","Linares"
1008,0.65789824291577,0.394774565253607,0.858421994275461,NA,"sintetico_postestratificado",FALSE,0.463647429021854,"19","036","Mier y Noriega"
1009,0.644568937798824,0.386730871667969,0.8483731089178,NA,"sintetico_postestratificado",FALSE,0.461642237249831,"19","043","Rayones"
1010,0.677629266234662,0.440497677384649,0.856639371603332,NA,"sintetico_postestratificado",FALSE,0.416141694218684,"19","014","Doctor Arroyo"
1011,0.648605608495368,0.397461016863581,0.856076620149575,NA,"sintetico_postestratificado",FALSE,0.458615603285994,"19","038","Montemorelos"
1012,0.688955025329283,0.434044406596755,0.893601530125993,NA,"sintetico_postestratificado",FALSE,0.459557123529238,"19","008","Bustamante"
1013,0.679460186205469,0.426006698763007,0.86968734707755,NA,"sintetico_postestratificado",FALSE,0.443680648314544,"19","013","China"
1014,0.639810464720366,0.414087341321808,0.841313865668916,NA,"sintetico_postestratificado",FALSE,0.427226524347107,"19","045","Salinas Victoria"
1015,0.669756967504942,0.397662469321556,0.86443251923718,NA,"sintetico_postestratificado",FALSE,0.466770049915624,"19","030","Iturbide"
1016,0.580016603847357,0.321073358875216,0.817283793657337,NA,"sintetico_postestratificado",FALSE,0.496210434782122,"20","125","San Carlos Yautepec"
1017,0.59246299387888,0.323512384524639,0.819575585601058,NA,"sintetico_postestratificado",FALSE,0.49606320107642,"20","481","Santiago Nuyoó"
1018,0.589546514208009,0.307203570192939,0.830407907407142,NA,"sintetico_postestratificado",FALSE,0.523204337214203,"20","517","Santo Domingo Tepuxtepec"
1019,0.460595875702625,0.208010119906033,0.736704890265581,NA,"sintetico_postestratificado",FALSE,0.528694770359548,"20","524","Santo Domingo Yodohino"
1020,0.553254999434811,0.264451896833803,0.800065275815293,NA,"sintetico_postestratificado",FALSE,0.53561337898149,"20","378","Santa Cruz Mixtepec"
1021,0.527479105287978,0.244704718542271,0.772844607274821,NA,"sintetico_postestratificado",FALSE,0.52813988873255,"20","054","Magdalena Zahuatlán"
1022,0.627752529894942,0.369446208061755,0.854050795483748,NA,"sintetico_postestratificado",FALSE,0.484604587421993,"20","542","Taniche"
1023,0.551246664992272,0.301384292249802,0.798297076989178,NA,"sintetico_postestratificado",FALSE,0.496912784739376,"20","237","San Marcos Arteaga"
1024,0.510954491821773,0.243156649633928,0.767093057327981,NA,"sintetico_postestratificado",FALSE,0.523936407694054,"20","489","Santiago Tetepec"
1025,0.582641184803719,0.331308919177113,0.803579259269029,NA,"sintetico_postestratificado",FALSE,0.472270340091916,"20","544","Teococuilco de Marcos Pérez"
1026,0.523319624325854,0.251372416890815,0.775796600845748,NA,"sintetico_postestratificado",FALSE,0.524424183954932,"20","490","Santiago Texcalcingo"
1027,0.609978864344122,0.357332610940187,0.841939863810356,NA,"sintetico_postestratificado",FALSE,0.484607252870169,"20","333","San Pedro Totolápam"
1028,0.549059681276116,0.308570140676611,0.786253645039038,NA,"sintetico_postestratificado",FALSE,0.477683504362427,"20","334","Villa de Tututepec"
1029,0.511713697309869,0.242507245818567,0.773513237815855,NA,"sintetico_postestratificado",FALSE,0.531005991997288,"20","562","Magdalena Yodocono de Porfirio Díaz"
1030,0.501879157402877,0.236747219850094,0.774897407076906,NA,"sintetico_postestratificado",FALSE,0.538150187226812,"20","133","San Esteban Atatlahuca"
1031,0.513462459030586,0.265468906538364,0.757739749033401,1,"muestra_directa",TRUE,0.492270842495037,"20","134","San Felipe Jalapa de Díaz"
1032,0.613065999504302,0.341683488561085,0.854746390243217,NA,"sintetico_postestratificado",FALSE,0.513062901682132,"20","138","San Francisco Cajonos"
1033,0.612795719474321,0.331489726744235,0.848254819637131,NA,"sintetico_postestratificado",FALSE,0.516765092892897,"20","149","San Francisco Sola"
1034,0.589715239866453,0.317372720863067,0.824408572965664,NA,"sintetico_postestratificado",FALSE,0.507035852102598,"20","161","San Jerónimo Sosola"
1035,0.580671117679525,0.311213206866533,0.815980931288395,NA,"sintetico_postestratificado",FALSE,0.504767724421862,"20","159","San Jerónimo Coatlán"
1036,0.540949862897037,0.283241673076196,0.793926194007568,NA,"sintetico_postestratificado",FALSE,0.510684520931372,"20","437","Santa María Tlahuitoltepec"
1037,0.603463217274452,0.304199759679047,0.86620078075574,NA,"sintetico_postestratificado",FALSE,0.562001021076693,"20","441","Santa María Xadani"
1038,0.525172251019976,0.246053005918949,0.788864047382349,NA,"sintetico_postestratificado",FALSE,0.5428110414634,"20","446","Santa María Yucuhiti"
1039,0.539974006945851,0.294056933095284,0.783396102216996,NA,"sintetico_postestratificado",FALSE,0.489339169121712,"20","447","Santa María Zacatepec"
1040,0.557653717841491,0.318574639481391,0.767428337436552,NA,"sintetico_postestratificado",FALSE,0.448853697955161,"20","469","Santiago Juxtlahuaca"
1041,0.547373009149979,0.304465869956184,0.786569311477874,NA,"sintetico_postestratificado",FALSE,0.48210344152169,"20","511","Santo Domingo Nuxaá"
1042,0.617596702618844,0.361658670207378,0.840989832707048,NA,"sintetico_postestratificado",FALSE,0.47933116249967,"20","513","Santo Domingo Petapa"
1043,0.528455253801059,0.284336277635305,0.793286229385262,NA,"sintetico_postestratificado",FALSE,0.508949951749956,"20","278","San Miguel Soyaltepec"
1044,0.558581421125688,0.282832917686571,0.811742898529834,NA,"sintetico_postestratificado",FALSE,0.528909980843263,"20","457","Santiago Camotlán"
1045,0.497492949341816,0.250829674333939,0.736187327399642,NA,"sintetico_postestratificado",FALSE,0.485357653065703,"20","163","San Jerónimo Tecóatl"
1046,0.577091348667782,0.29927403469613,0.852453978692081,NA,"sintetico_postestratificado",FALSE,0.553179943995951,"20","166","San José Chiltepec"
1047,0.572806850186559,0.29404855748978,0.823113071478445,NA,"sintetico_postestratificado",FALSE,0.529064513988665,"20","506","Santo Domingo Albarradas"
1048,0.513960322094767,0.239485664384632,0.787034381304356,NA,"sintetico_postestratificado",FALSE,0.547548716919723,"20","482","Santiago Pinotepa Nacional"
1049,0.620621218559115,0.368272063999174,0.853096075797516,NA,"sintetico_postestratificado",FALSE,0.484824011798342,"20","508","Santo Domingo Chihuitán"
1050,0.600030103769361,0.352497288223045,0.834832274374941,NA,"sintetico_postestratificado",FALSE,0.482334986151896,"20","205","San Juan Lalana"
1051,0.556867717372708,0.316883502425512,0.801666890665052,NA,"sintetico_postestratificado",FALSE,0.48478338823954,"20","271","San Miguel Mixtepec"
1052,0.55233999068602,0.276476151881782,0.792161756820045,NA,"sintetico_postestratificado",FALSE,0.515685604938263,"20","329","San Pedro Teozacoalco"
1053,0.596121171634683,0.311981021118026,0.823224045721934,NA,"sintetico_postestratificado",FALSE,0.511243024603907,"20","330","San Pedro Teutila"
1054,0.625860406770824,0.338492473867652,0.867142718539747,NA,"sintetico_postestratificado",FALSE,0.528650244672095,"20","246","San Mateo Cajonos"
1055,0.610566632725821,0.369251854743989,0.818849327444725,NA,"sintetico_postestratificado",FALSE,0.449597472700736,"20","277","Villa Sola de Vega"
1056,0.429479534694138,0.240018946194269,0.633422288491198,9,"muestra_directa",TRUE,0.393403342296928,"20","545","Teotitlán de Flores Magón"
1057,0.611215264696713,0.354879201130745,0.829987901614141,NA,"sintetico_postestratificado",FALSE,0.475108700483396,"20","546","Teotitlán del Valle"
1058,0.505290426465582,0.235614993720439,0.773190005625673,NA,"sintetico_postestratificado",FALSE,0.537575011905234,"20","547","Teotongo"
1059,0.59470332596386,0.32027551104371,0.836433521284317,NA,"sintetico_postestratificado",FALSE,0.516158010240607,"20","170","San José Lachiguiri"
1060,0.540873827565031,0.2318590831858,0.838734469435814,NA,"sintetico_postestratificado",FALSE,0.606875386250014,"20","230","San Lorenzo Victoria"
1061,0.567210204965879,0.308871028911687,0.815442931173528,NA,"sintetico_postestratificado",FALSE,0.50657190226184,"20","168","San José Estancia Grande"
1062,0.599832004732785,0.382976491164098,0.797457975913052,6,"muestra_directa",TRUE,0.414481484748954,"20","184","San Juan Bautista Tuxtepec"
1063,0.514044935618556,0.260347639515625,0.784846549205317,NA,"sintetico_postestratificado",FALSE,0.524498909689691,"20","185","San Juan Cacahuatepec"
1064,0.580693181315906,0.313948248104683,0.829621200646754,NA,"sintetico_postestratificado",FALSE,0.515672952542071,"20","404","Santa María Chachoápam"
1065,0.656668096771679,0.425992896679799,0.863524322684104,NA,"sintetico_postestratificado",FALSE,0.437531426004305,"20","407","Santa María Chimalapa"
1066,0.465353640266762,0.231330656470865,0.719842845474938,NA,"sintetico_postestratificado",FALSE,0.488512189004073,"20","186","San Juan Cieneguilla"
1067,0.515647339212949,0.254476287166671,0.778266489334962,NA,"sintetico_postestratificado",FALSE,0.52379020216829,"20","214","San Juan Quiotepec"
1068,0.519458378633618,0.250288085650849,0.795761337994609,NA,"sintetico_postestratificado",FALSE,0.54547325234376,"20","220","San Juan Tepeuxila"
1069,0.545882475475054,0.287808068036081,0.801091313526956,NA,"sintetico_postestratificado",FALSE,0.513283245490875,"20","227","San Lorenzo Cacaotepec"
1070,0.513014554169486,0.267361670162134,0.776166692717138,NA,"sintetico_postestratificado",FALSE,0.508805022555003,"20","261","San Miguel Amatitlán"
1071,0.445844010118572,0.185363876341843,0.735436987358496,NA,"sintetico_postestratificado",FALSE,0.550073111016653,"20","552","Tlacotepec Plumas"
1072,0.63195369354911,0.377054895268343,0.847315099983875,NA,"sintetico_postestratificado",FALSE,0.470260204715531,"20","262","San Miguel Amatlán"
1073,0.591637148244139,0.318622460381145,0.845093497936366,NA,"sintetico_postestratificado",FALSE,0.526471037555221,"20","266","San Miguel del Puerto"
1074,0.572784674808665,0.305615659785292,0.811312873088523,NA,"sintetico_postestratificado",FALSE,0.505697213303231,"20","550","San Jerónimo Tlacochahuaya"
1075,0.559416950213028,0.286761915901657,0.820142915040088,NA,"sintetico_postestratificado",FALSE,0.533380999138432,"20","253","San Mateo Piñas"
1076,0.632800200682279,0.371785073975215,0.844281381543096,NA,"sintetico_postestratificado",FALSE,0.472496307567882,"20","254","San Mateo Río Hondo"
1077,0.551803367086731,0.315671504016411,0.775286796652594,2,"muestra_directa",TRUE,0.459615292636183,"20","272","San Miguel Panixtlahuaca"
1078,0.516296144484686,0.26296135839586,0.770009693770772,NA,"sintetico_postestratificado",FALSE,0.507048335374912,"20","273","San Miguel Peras"
1079,0.60923067691107,0.351933993586591,0.838812406550063,NA,"sintetico_postestratificado",FALSE,0.486878412963472,"20","275","San Miguel Quetzaltepec"
1080,0.564269029087204,0.316633753909403,0.813489056248477,NA,"sintetico_postestratificado",FALSE,0.496855302339075,"20","551","Tlacolula de Matamoros"
1081,0.569663097466095,0.310740120788894,0.821839454130553,NA,"sintetico_postestratificado",FALSE,0.51109933334166,"20","357","Santa Ana Tavela"
1082,0.512842457238919,0.258680307516908,0.768834810438573,NA,"sintetico_postestratificado",FALSE,0.510154502921665,"20","502","Santiago Zacatepec"
1083,0.570658280039242,0.305558395328982,0.811716410463504,NA,"sintetico_postestratificado",FALSE,0.506158015134522,"20","553","Tlalixtac de Cabrera"
1084,0.614569189916615,0.360164944174241,0.841474231811647,NA,"sintetico_postestratificado",FALSE,0.481309287637405,"20","265","San Miguel Chimalapa"
1085,0.558676534410924,0.27448684396306,0.80732931047187,NA,"sintetico_postestratificado",FALSE,0.53284246650881,"20","493","Santiago Tillo"
1086,0.672207320927905,0.469792624020286,0.862747752532769,5,"muestra_directa",TRUE,0.392955128512484,"20","318","San Pedro Mixtepec"
1087,0.589708725952804,0.342020109545139,0.831227603362501,NA,"sintetico_postestratificado",FALSE,0.489207493817361,"20","327","San Pedro Tapanatepec"
1088,0.577135957554008,0.311639816303712,0.815527579805202,NA,"sintetico_postestratificado",FALSE,0.50388776350149,"20","554","Totontepec Villa de Morelos"
1089,0.516487803293411,0.240185782276997,0.79122636651968,NA,"sintetico_postestratificado",FALSE,0.551040584242683,"20","555","Trinidad Zaachila"
1090,0.432723116079458,0.196267956408427,0.712658230677134,NA,"sintetico_postestratificado",FALSE,0.516390274268708,"20","556","La Trinidad Vista Hermosa"
1091,0.486255058822916,0.235355332925887,0.748398425709188,NA,"sintetico_postestratificado",FALSE,0.513043092783302,"20","018","Concepción Buenavista"
1092,0.616583615860753,0.334717785995892,0.853620505331333,NA,"sintetico_postestratificado",FALSE,0.518902719335441,"20","036","Guevea de Humboldt"
1093,0.535641972016188,0.272275570202678,0.792437685456063,NA,"sintetico_postestratificado",FALSE,0.520162115253386,"20","338","Villa de Etla"
1094,0.622688914222287,0.348597241497303,0.854744457302638,NA,"sintetico_postestratificado",FALSE,0.506147215805335,"20","344","San Sebastián Coatlán"
1095,0.639124082654003,0.377613078606452,0.859978685345939,NA,"sintetico_postestratificado",FALSE,0.482365606739487,"20","366","Santa Catarina Loxicha"
1096,0.557791311940517,0.312844791271041,0.793709721690068,NA,"sintetico_postestratificado",FALSE,0.480864930419027,"20","377","Santa Cruz Itundujia"
1097,0.50194236701729,0.240075265831903,0.761864316562037,NA,"sintetico_postestratificado",FALSE,0.521789050730134,"20","451","Santiago Apoala"
1098,0.596783242724636,0.336624234051144,0.822937052380174,NA,"sintetico_postestratificado",FALSE,0.48631281832903,"20","005","Asunción Ixtaltepec"
1099,0.487069013721574,0.222424306598041,0.745759864128393,NA,"sintetico_postestratificado",FALSE,0.523335557530352,"20","558","Valerio Trujano"
1100,0.544955052180218,0.290929686411901,0.801504622605043,NA,"sintetico_postestratificado",FALSE,0.510574936193142,"20","561","Yaxe"
1101,0.493645655354456,0.227088160880886,0.75567407356901,NA,"sintetico_postestratificado",FALSE,0.528585912688125,"20","056","Mártires de Tacubaya"
1102,0.586729643265409,0.304962324420386,0.815353642986367,NA,"sintetico_postestratificado",FALSE,0.51039131856598,"20","563","Yogana"
1103,0.603118344420041,0.307141358613366,0.858718766073455,NA,"sintetico_postestratificado",FALSE,0.551577407460089,"20","497","Santiago Yaitepec"
1104,0.522219908623325,0.285064222509966,0.756605472900708,NA,"sintetico_postestratificado",FALSE,0.471541250390742,"20","549","Heroica Villa Tezoatlán de Segura y Luna, Cuna de la Independencia de Oaxaca"
1105,0.588400444044845,0.340776639406251,0.81461410353776,NA,"sintetico_postestratificado",FALSE,0.473837464131509,"20","564","Yutanduchi de Guerrero"
1106,0.60785378586825,0.344177701716414,0.839741058482729,NA,"sintetico_postestratificado",FALSE,0.495563356766315,"20","565","Villa de Zaachila"
1107,0.476377346877463,0.216808903776089,0.751120390760981,NA,"sintetico_postestratificado",FALSE,0.534311486984891,"20","099","San Andrés Tepetlapa"
1108,0.572667172129607,0.300213236944414,0.811647868475327,NA,"sintetico_postestratificado",FALSE,0.511434631530913,"20","491","Santiago Textitlán"
1109,0.596391303187567,0.343302168987969,0.833567255927032,NA,"sintetico_postestratificado",FALSE,0.490265086939063,"20","031","Tamazulápam del Espíritu Santo"
1110,0.645431008407583,0.339380560308823,0.872835364310986,NA,"sintetico_postestratificado",FALSE,0.533454804002163,"20","279","San Miguel Suchixtepec"
1111,0.599895583841688,0.329236520435914,0.843099802713507,NA,"sintetico_postestratificado",FALSE,0.513863282277593,"20","401","Santa María Colotepec"
1112,0.511169398771469,0.211274659781455,0.783216626708624,NA,"sintetico_postestratificado",FALSE,0.571941966927169,"20","367","Santa Catarina Mechoacán"
1113,0.467567035141392,0.239389020559714,0.697713499185784,4,"muestra_directa",TRUE,0.45832447862607,"20","500","Santiago Yosondúa"
1114,0.581051231994425,0.293935331731399,0.832541265136542,NA,"sintetico_postestratificado",FALSE,0.538605933405144,"20","503","Santiago Zoochila"
1115,0.584979325648216,0.302781238641048,0.841615762044146,NA,"sintetico_postestratificado",FALSE,0.538834523403099,"20","379","Santa Cruz Nundaco"
1116,0.558134375937308,0.2779438981586,0.808654903384175,NA,"sintetico_postestratificado",FALSE,0.530711005225576,"20","494","Santiago Tlazoyaltepec"
1117,0.510494458414821,0.246723040994383,0.779748126267557,NA,"sintetico_postestratificado",FALSE,0.533025085273173,"20","499","Santiago Yolomécatl"
1118,0.555820370220406,0.304125341970344,0.795366262266426,NA,"sintetico_postestratificado",FALSE,0.491240920296082,"20","058","Mazatlán Villa de Flores"
1119,0.579768721312177,0.311566594491049,0.810045328781352,NA,"sintetico_postestratificado",FALSE,0.498478734290303,"20","059","Miahuatlán de Porfirio Díaz"
1120,0.521790278733697,0.284264717542031,0.750565592613143,NA,"sintetico_postestratificado",FALSE,0.466300875071112,"20","177","San Juan Bautista Cuicatlán"
1121,0.545491087473401,0.274244428640956,0.794643299033359,NA,"sintetico_postestratificado",FALSE,0.520398870392403,"20","359","Santa Ana Yareni"
1122,0.556301927144245,0.300700070978703,0.810550830408769,NA,"sintetico_postestratificado",FALSE,0.509850759430066,"20","364","Santa Catarina Juquila"
1123,0.561018155685634,0.30383562082444,0.812864074157635,NA,"sintetico_postestratificado",FALSE,0.509028453333195,"20","569","Santa Inés de Zaragoza"
1124,0.560494527917989,0.314081524275213,0.785277884571728,NA,"sintetico_postestratificado",FALSE,0.471196360296515,"20","570","Zimatlán de Álvarez"
1125,0.484014568391394,0.229186441480746,0.752656614481559,NA,"sintetico_postestratificado",FALSE,0.523470173000813,"20","567","Zapotitlán Lagunas"
1126,0.637826241976174,0.397886939897953,0.837803517382722,4,"muestra_directa",TRUE,0.439916577484769,"20","057","Matías Romero Avendaño"
1127,0.537226442872847,0.282378824909465,0.771763901138852,NA,"sintetico_postestratificado",FALSE,0.489385076229387,"20","423","Santa María Nduayaco"
1128,0.555938623401078,0.283501997234484,0.79695419469002,NA,"sintetico_postestratificado",FALSE,0.513452197455537,"20","112","San Baltazar Chichicápam"
1129,0.496966144371616,0.210731341323529,0.771902591029851,NA,"sintetico_postestratificado",FALSE,0.561171249706322,"20","510","Santo Domingo Ixcatlán"
1130,0.55246170102362,0.272505703326815,0.820163874404771,NA,"sintetico_postestratificado",FALSE,0.547658171077956,"20","371","Santa Catarina Ticuá"
1131,0.602843480282118,0.338652669347361,0.83862270628344,NA,"sintetico_postestratificado",FALSE,0.499970036936079,"20","424","Santa María Ozolotepec"
1132,0.562258633452143,0.310909851380072,0.773819138601801,NA,"sintetico_postestratificado",FALSE,0.462909287221729,"20","406","Santa María Chilchotla"
1133,0.611433258221421,0.345912137928808,0.84870959613498,NA,"sintetico_postestratificado",FALSE,0.502797458206173,"20","410","Santa María Ecatepec"
1134,0.626086193352087,0.371229642511694,0.848379516414586,NA,"sintetico_postestratificado",FALSE,0.477149873902892,"20","435","Santa María Tepantlali"
1135,0.568594457730724,0.305571577574336,0.824932972099228,NA,"sintetico_postestratificado",FALSE,0.519361394524892,"20","417","Santa María Jacatepec"
1136,0.567690495154297,0.282190866260827,0.826350499245254,NA,"sintetico_postestratificado",FALSE,0.544159632984427,"20","422","Santa María Nativitas"
1137,0.591621946021585,0.309658433241849,0.82496324306676,NA,"sintetico_postestratificado",FALSE,0.515304809824911,"20","439","Santa María Tonameca"
1138,0.493299061473527,0.2419194240471,0.728810698988266,NA,"sintetico_postestratificado",FALSE,0.486891274941166,"20","450","Santiago Amoltepec"
1139,0.535834629135613,0.316690225598824,0.767733842839935,10,"muestra_directa",FALSE,0.451043617241111,"20","075","Reforma de Pineda"
1140,0.483999246603116,0.224986944864215,0.757099714379045,NA,"sintetico_postestratificado",FALSE,0.53211276951483,"20","501","Santiago Yucuyachi"
1141,0.576258610921437,0.3147115707669,0.810069427906937,NA,"sintetico_postestratificado",FALSE,0.495357857140037,"20","504","Nuevo Zoquiápam"
1142,0.590358603734944,0.326022131677234,0.832474749170949,NA,"sintetico_postestratificado",FALSE,0.506452617493715,"20","505","Santo Domingo Ingenio"
1143,0.544078662580677,0.290772500288454,0.795000554964895,NA,"sintetico_postestratificado",FALSE,0.504228054676441,"20","251","San Mateo Nejápam"
1144,0.41585174567964,0.181564092057465,0.681248018209128,NA,"sintetico_postestratificado",FALSE,0.499683926151663,"20","459","Villa de Santiago Chazumba"
1145,0.632004585172603,0.360458180485373,0.864005954230985,NA,"sintetico_postestratificado",FALSE,0.503547773745612,"20","477","Santiago Minas"
1146,0.555142927158036,0.300893176547569,0.78853852832942,NA,"sintetico_postestratificado",FALSE,0.487645351781851,"20","484","Santiago Tamazola"
1147,0.539691610104504,0.230140453745792,0.825226918550234,NA,"sintetico_postestratificado",FALSE,0.595086464804442,"20","485","Santiago Tapextla"
1148,0.567701231290673,0.291695184394191,0.813071914860133,NA,"sintetico_postestratificado",FALSE,0.521376730465942,"20","492","Santiago Tilantongo"
1149,0.568928393836215,0.277899767717867,0.826199590909432,NA,"sintetico_postestratificado",FALSE,0.548299823191565,"20","495","Santiago Xanica"
1150,0.579827808532422,0.317975898446611,0.81930924020588,NA,"sintetico_postestratificado",FALSE,0.501333341759269,"20","534","San Vicente Coatlán"
1151,0.509373003040011,0.257182886921338,0.75988243270582,NA,"sintetico_postestratificado",FALSE,0.502699545784483,"20","537","Silacayoápam"
1152,0.473421242042118,0.224521158444393,0.735768714354506,NA,"sintetico_postestratificado",FALSE,0.511247555910112,"20","543","Tataltepec de Valdés"
1153,0.515748186755144,0.289409199331162,0.754476608839081,NA,"sintetico_postestratificado",FALSE,0.46506740950792,"20","548","Tepelmeme Villa de Morelos"
1154,0.522480400938888,0.252672275122705,0.771475399530025,NA,"sintetico_postestratificado",FALSE,0.518803124407319,"20","463","Santiago Huauclilla"
1155,0.549268845011997,0.285665426711796,0.805065967810101,NA,"sintetico_postestratificado",FALSE,0.519400541098304,"20","467","Santiago Jamiltepec"
1156,0.6069582592104,0.34796031047077,0.842723277101087,NA,"sintetico_postestratificado",FALSE,0.494762966630317,"20","559","San Juan Bautista Valle Nacional"
1157,0.579543181273314,0.32113111525475,0.82071731058108,NA,"sintetico_postestratificado",FALSE,0.49958619532633,"20","169","San José Independencia"
1158,0.622097548636595,0.332911831693901,0.856150579167148,NA,"sintetico_postestratificado",FALSE,0.523238747473247,"20","117","San Bartolomé Loxicha"
1159,0.603213398275217,0.348373516741314,0.834331997313725,NA,"sintetico_postestratificado",FALSE,0.485958480572411,"20","512","Santo Domingo Ozolotepec"
1160,0.630666101445167,0.370374967658802,0.856409083610385,NA,"sintetico_postestratificado",FALSE,0.486034115951582,"20","514","Santo Domingo Roayaga"
1161,0.622186923625853,0.333437920339756,0.852292697532323,NA,"sintetico_postestratificado",FALSE,0.518854777192567,"20","118","San Bartolomé Quialana"
1162,0.397917251489483,0.147822788857727,0.707726041397721,NA,"sintetico_postestratificado",FALSE,0.559903252539995,"20","518","Santo Domingo Tlatayápam"
1163,0.567486513096831,0.280117000132505,0.854014162727304,NA,"sintetico_postestratificado",FALSE,0.5738971625948,"20","440","Santa María Totolapilla"
1164,0.477214372425177,0.17592235004515,0.777007429118514,NA,"sintetico_postestratificado",FALSE,0.601085079073364,"20","568","Zapotitlán Palmas"
1165,0.55801626805526,0.260367495113331,0.801148297972301,NA,"sintetico_postestratificado",FALSE,0.54078080285897,"20","521","Santo Domingo Tonaltepec"
1166,0.575961518290314,0.331959786685473,0.803347161423817,NA,"sintetico_postestratificado",FALSE,0.471387374738344,"20","001","Abejones"
1167,0.505588787329743,0.224603414787607,0.794883866211157,NA,"sintetico_postestratificado",FALSE,0.57028045142355,"20","256","San Mateo Tlapiltepec"
1168,0.547634996814866,0.265023320136594,0.815111170347823,NA,"sintetico_postestratificado",FALSE,0.550087850211229,"20","003","Asunción Cacalotepec"
1169,0.571355263099018,0.306046496628626,0.810354813177169,NA,"sintetico_postestratificado",FALSE,0.504308316548543,"20","263","San Miguel Coatlán"
1170,0.552407600739262,0.298596792977501,0.784385960486105,NA,"sintetico_postestratificado",FALSE,0.485789167508604,"20","004","Asunción Cuyotepeji"
1171,0.468536668625976,0.184982231374094,0.788850440780452,NA,"sintetico_postestratificado",FALSE,0.603868209406358,"20","007","Asunción Ocotlán"
1172,0.673526553499448,0.426135450754731,0.884028679297704,NA,"sintetico_postestratificado",FALSE,0.457893228542972,"20","267","San Miguel del Río"
1173,0.511181711283663,0.239375469865319,0.768575216112737,NA,"sintetico_postestratificado",FALSE,0.529199746247419,"20","011","Calihualá"
1174,0.492939528026565,0.239692859217926,0.750651512589289,NA,"sintetico_postestratificado",FALSE,0.510958653371363,"20","027","Chiquihuitlán de Benito Juárez"
1175,0.592353652195169,0.341483069284769,0.814190056464923,5,"muestra_directa",TRUE,0.472706987180154,"20","030","El Espinal"
1176,0.621740131592583,0.346702810249285,0.850995282001262,NA,"sintetico_postestratificado",FALSE,0.504292471751977,"20","519","Santo Domingo Tomaltepec"
1177,0.443578656740083,0.186292140146168,0.723653958018978,NA,"sintetico_postestratificado",FALSE,0.53736181787281,"20","034","Guadalupe de Ramírez"
1178,0.547048718101961,0.25746667576933,0.80405542003865,NA,"sintetico_postestratificado",FALSE,0.54658874426932,"20","013","Ciénega de Zimatlán"
1179,0.638525523639935,0.385240215913304,0.870672569389989,NA,"sintetico_postestratificado",FALSE,0.485432353476685,"20","460","Santiago Choápam"
1180,0.513701197929653,0.230193286725791,0.755422020043528,NA,"sintetico_postestratificado",FALSE,0.525228733317737,"20","044","Loma Bonita"
1181,0.560306718729318,0.28785740213947,0.808847572214511,NA,"sintetico_postestratificado",FALSE,0.520990170075041,"20","017","La Compañía"
1182,0.520458774826382,0.220353022446112,0.79968614487441,NA,"sintetico_postestratificado",FALSE,0.579333122428298,"20","507","Santo Domingo Armenta"
1183,0.590634474548274,0.306216575018498,0.843497836379339,NA,"sintetico_postestratificado",FALSE,0.537281261360841,"20","049","Magdalena Ocotlán"
1184,0.448815610587057,0.195876266237789,0.72808264381619,NA,"sintetico_postestratificado",FALSE,0.532206377578401,"20","520","Santo Domingo Tonalá"
1185,0.476933108735264,0.230064831411178,0.734222356834259,NA,"sintetico_postestratificado",FALSE,0.504157525423081,"20","019","Concepción Pápalo"
1186,0.424114227803044,0.167359630646508,0.720871244292028,NA,"sintetico_postestratificado",FALSE,0.553511613645519,"20","022","Cosoltepec"
1187,0.517283453362776,0.247387808154356,0.767433828197828,NA,"sintetico_postestratificado",FALSE,0.520046020043472,"20","024","Cuyamecalco Villa de Zaragoza"
1188,0.555403530511683,0.285090968732817,0.79910775045103,5,"muestra_directa",TRUE,0.514016781718213,"20","025","Chahuites"
1189,0.523401716559516,0.253402239560082,0.784124398925235,NA,"sintetico_postestratificado",FALSE,0.530722159365154,"20","026","Chalcatongo de Hidalgo"
1190,0.478314256988158,0.222905565349922,0.744553548132208,NA,"sintetico_postestratificado",FALSE,0.521647982782286,"20","029","Eloxochitlán de Flores Magón"
1191,0.476285257937668,0.246020017331356,0.732944788366558,NA,"sintetico_postestratificado",FALSE,0.486924771035202,"20","032","Fresnillo de Trujano"
1192,0.650505884699706,0.424160914140619,0.839729784317238,10,"muestra_directa",FALSE,0.41556887017662,"20","515","Santo Domingo Tehuantepec"
1193,0.482581513825828,0.261988066760477,0.701380050526911,5,"muestra_directa",TRUE,0.439391983766434,"20","516","Santo Domingo Teojomulco"
1194,0.594057493697764,0.311247686326942,0.845334198219556,NA,"sintetico_postestratificado",FALSE,0.534086511892615,"20","033","Guadalupe Etla"
1195,0.572003184088494,0.300270772120112,0.81427363143016,NA,"sintetico_postestratificado",FALSE,0.514002859310048,"20","050","Magdalena Peñasco"
1196,0.604396301536688,0.3036340704001,0.856817896712937,NA,"sintetico_postestratificado",FALSE,0.553183826312838,"20","035","Guelatao de Juárez"
1197,0.558262989794678,0.297120755534307,0.799901246785227,NA,"sintetico_postestratificado",FALSE,0.50278049125092,"20","051","Magdalena Teitipac"
1198,0.532054596974306,0.277460648368256,0.798702911363482,NA,"sintetico_postestratificado",FALSE,0.521242262995226,"20","536","San Vicente Nuñú"
1199,0.453060470229059,0.217248429068666,0.714867932441903,NA,"sintetico_postestratificado",FALSE,0.497619503373236,"20","047","Santa Magdalena Jicotlán"
1200,0.575770499876236,0.277222288346767,0.838653943818237,NA,"sintetico_postestratificado",FALSE,0.56143165547147,"20","037","Mesones Hidalgo"
1201,0.599318762212722,0.317043228679996,0.843329549039222,NA,"sintetico_postestratificado",FALSE,0.526286320359226,"20","040","Huautepec"
1202,0.563858168077532,0.307055097401657,0.81043812267,NA,"sintetico_postestratificado",FALSE,0.503383025268343,"20","041","Huautla de Jiménez"
1203,0.575721819231944,0.322833310210342,0.791173660897608,NA,"sintetico_postestratificado",FALSE,0.468340350687266,"20","042","Ixtlán de Juárez"
1204,0.529806656526953,0.262663440790012,0.792431253353095,NA,"sintetico_postestratificado",FALSE,0.529767812563083,"20","045","Magdalena Apasco"
1205,0.637223548408695,0.352246919347692,0.861158810581642,NA,"sintetico_postestratificado",FALSE,0.50891189123395,"20","053","Magdalena Tlacotepec"
1206,0.568548006784525,0.307114183146855,0.803032466523637,NA,"sintetico_postestratificado",FALSE,0.495918283376782,"20","046","Magdalena Jaltepec"
1207,0.513198601868005,0.26465248170096,0.769273806868378,NA,"sintetico_postestratificado",FALSE,0.504621325167418,"20","523","Santo Domingo Yanhuitlán"
1208,0.507719058915859,0.224722545655984,0.782013396480998,NA,"sintetico_postestratificado",FALSE,0.557290850825015,"20","048","Magdalena Mixtepec"
1209,0.650898040373245,0.369040162727447,0.880304998511712,NA,"sintetico_postestratificado",FALSE,0.511264835784264,"20","522","Santo Domingo Xagacía"
1210,0.46336146226494,0.213703617147925,0.743683511164197,NA,"sintetico_postestratificado",FALSE,0.529979894016273,"20","456","Santiago Cacaloxtepec"
1211,0.590360459776644,0.335111574618841,0.838827814202958,NA,"sintetico_postestratificado",FALSE,0.503716239584117,"20","060","Mixistlán de la Reforma"
1212,0.612723680861735,0.308691813163497,0.862766073667934,NA,"sintetico_postestratificado",FALSE,0.554074260504437,"20","061","Monjas"
1213,0.58259124038688,0.267819778965176,0.857623597425112,NA,"sintetico_postestratificado",FALSE,0.589803818459936,"20","062","Natividad"
1214,0.52319762268612,0.235426200370279,0.798772167770592,NA,"sintetico_postestratificado",FALSE,0.563345967400313,"20","063","Nazareno Etla"
1215,0.491376434454555,0.224134108794933,0.757256810390312,NA,"sintetico_postestratificado",FALSE,0.533122701595379,"20","065","Ixpantepec Nieves"
1216,0.59453946871309,0.289674730407015,0.854417378480888,NA,"sintetico_postestratificado",FALSE,0.564742648073873,"20","069","La Pe"
1217,0.515664216731693,0.23916262756436,0.795453612077189,NA,"sintetico_postestratificado",FALSE,0.55629098451283,"20","070","Pinotepa de Don Luis"
1218,0.574609413396904,0.281186317079171,0.833133979287461,NA,"sintetico_postestratificado",FALSE,0.55194766220829,"20","071","Pluma Hidalgo"
1219,0.514800690843128,0.244930753005598,0.776952037781741,NA,"sintetico_postestratificado",FALSE,0.532021284776143,"20","096","San Andrés Sinaxtla"
1220,0.58756999667971,0.322905364811605,0.818516694251726,NA,"sintetico_postestratificado",FALSE,0.495611329440121,"20","072","San José del Progreso"
1221,0.575746560390486,0.326181133205578,0.80692294195754,NA,"sintetico_postestratificado",FALSE,0.480741808751962,"20","097","San Andrés Solaga"
1222,0.577564147330889,0.310021923486531,0.816440808822969,NA,"sintetico_postestratificado",FALSE,0.506418885336438,"20","098","San Andrés Teotilálpam"
1223,0.632061112509616,0.372814779398015,0.855703729528211,NA,"sintetico_postestratificado",FALSE,0.482888950130196,"20","074","Santa Catarina Quioquitani"
1224,0.469108030291454,0.274784457020656,0.670842741392646,8,"muestra_directa",TRUE,0.396058284371989,"20","076","La Reforma"
1225,0.577573127824293,0.323917556770071,0.79684580097579,NA,"sintetico_postestratificado",FALSE,0.472928244205719,"20","190","San Juan Cotzocón"
1226,0.487295324974992,0.23958739698191,0.777029086066712,NA,"sintetico_postestratificado",FALSE,0.537441689084803,"20","078","Rojas de Cuauhtémoc"
1227,0.542334368385446,0.248694372169688,0.795992409683781,NA,"sintetico_postestratificado",FALSE,0.547298037514093,"20","077","Reyes Etla"
1228,0.547309640115487,0.2744151097708,0.811683428415967,NA,"sintetico_postestratificado",FALSE,0.537268318645166,"20","081","San Agustín Atenango"
1229,0.531043355733571,0.252023490090735,0.799054870582353,NA,"sintetico_postestratificado",FALSE,0.547031380491619,"20","094","San Andrés Nuxiño"
1230,0.468456510142904,0.203942855581019,0.750562031327527,NA,"sintetico_postestratificado",FALSE,0.546619175746507,"20","080","San Agustín Amatengo"
1231,0.531098544768833,0.287635263047186,0.779682549799867,NA,"sintetico_postestratificado",FALSE,0.492047286752681,"20","084","San Agustín Etla"
1232,0.573707250420203,0.295611293698378,0.814206076152554,NA,"sintetico_postestratificado",FALSE,0.518594782454176,"20","082","San Agustín Chayuco"
1233,0.448872597631546,0.180888642663488,0.709743732276322,NA,"sintetico_postestratificado",FALSE,0.528855089612834,"20","086","San Agustín Tlacotepec"
1234,0.493897503300027,0.245819542961709,0.751487239897011,NA,"sintetico_postestratificado",FALSE,0.505667696935302,"20","083","San Agustín de las Juntas"
1235,0.555073730201129,0.288464396685255,0.804831627782394,NA,"sintetico_postestratificado",FALSE,0.516367231097139,"20","092","San Andrés Ixtlahuaca"
1236,0.604368363299298,0.333106707686662,0.850102371125453,NA,"sintetico_postestratificado",FALSE,0.516995663438791,"20","087","San Agustín Yatareni"
1237,0.50774200265806,0.268259776768093,0.764008161674433,NA,"sintetico_postestratificado",FALSE,0.49574838490634,"20","089","San Andrés Dinicuiti"
1238,0.504851728598923,0.244576329162402,0.780670114662386,NA,"sintetico_postestratificado",FALSE,0.536093785499984,"20","090","San Andrés Huaxpaltepec"
1239,0.555113990559255,0.289318343966491,0.799212334359614,NA,"sintetico_postestratificado",FALSE,0.509893990393123,"20","091","San Andrés Huayápam"
1240,0.603631112843509,0.314787850868359,0.845772399530974,NA,"sintetico_postestratificado",FALSE,0.530984548662615,"20","095","San Andrés Paxtlán"
1241,0.577758091240715,0.283015827927958,0.818960040811753,NA,"sintetico_postestratificado",FALSE,0.535944212883794,"20","100","San Andrés Yaá"
1242,0.534799732027892,0.255891440230233,0.794709169078834,NA,"sintetico_postestratificado",FALSE,0.538817728848601,"20","101","San Andrés Zabache"
1243,0.549011093068307,0.282279144817796,0.785304691796861,NA,"sintetico_postestratificado",FALSE,0.503025546979065,"20","102","San Andrés Zautla"
1244,0.517406213827269,0.2480693201837,0.765125040633391,NA,"sintetico_postestratificado",FALSE,0.517055720449692,"20","233","San Lucas Quiaviní"
1245,0.58481190850765,0.297452230572595,0.832777667863426,NA,"sintetico_postestratificado",FALSE,0.535325437290832,"20","103","San Antonino Castillo Velasco"
1246,0.620127623461818,0.344822665566024,0.84620579712256,NA,"sintetico_postestratificado",FALSE,0.501383131556536,"20","104","San Antonino el Alto"
1247,0.439052439576374,0.199864252417634,0.710605927761614,NA,"sintetico_postestratificado",FALSE,0.51074167534398,"20","105","San Antonino Monte Verde"
1248,0.548101694541553,0.305886540320228,0.779764282342941,6,"muestra_directa",TRUE,0.473877742022713,"20","107","San Antonio de la Cal"
1249,0.574497886590438,0.323100792757944,0.800841339621921,NA,"sintetico_postestratificado",FALSE,0.477740546863976,"20","108","San Antonio Huitepec"
1250,0.49567012840499,0.238203352852153,0.750113287689521,NA,"sintetico_postestratificado",FALSE,0.511909934837368,"20","109","San Antonio Nanahuatípam"
1251,0.491221799466972,0.244290154145657,0.761599429375956,NA,"sintetico_postestratificado",FALSE,0.517309275230299,"20","110","San Antonio Sinicahua"
1252,0.513121880958985,0.253115411223231,0.773719212003072,NA,"sintetico_postestratificado",FALSE,0.520603800779841,"20","111","San Antonio Tepetlapa"
1253,0.464954096308596,0.216571449030286,0.720545723273114,NA,"sintetico_postestratificado",FALSE,0.503974274242828,"20","527","Santos Reyes Pápalo"
1254,0.524635741977176,0.243773882983507,0.794381198618991,NA,"sintetico_postestratificado",FALSE,0.550607315635483,"20","116","San Bartolomé Ayautla"
1255,0.583292579509984,0.313820673410087,0.815257700935278,NA,"sintetico_postestratificado",FALSE,0.501437027525191,"20","114","San Baltazar Yatzachi el Bajo"
1256,0.577763862825977,0.272245469264448,0.845677619838703,NA,"sintetico_postestratificado",FALSE,0.573432150574255,"20","172","San Juan Achiutla"
1257,0.577106610120001,0.302461527067725,0.822220379297346,NA,"sintetico_postestratificado",FALSE,0.51975885222962,"20","115","San Bartolo Coyotepec"
1258,0.570480301347457,0.282783148762763,0.824620771600919,NA,"sintetico_postestratificado",FALSE,0.541837622838156,"20","413","Santa María Huatulco"
1259,0.578109936450745,0.316898986185013,0.822094876632578,NA,"sintetico_postestratificado",FALSE,0.505195890447565,"20","119","San Bartolomé Yucuañe"
1260,0.626537959158895,0.342903701291802,0.869983838531761,NA,"sintetico_postestratificado",FALSE,0.527080137239959,"20","120","San Bartolomé Zoogocho"
1261,0.461172872383538,0.241381352473857,0.702170004938748,NA,"sintetico_postestratificado",FALSE,0.46078865246489,"20","121","San Bartolo Soyaltepec"
1262,0.588876821570856,0.319932713044978,0.822671927352768,NA,"sintetico_postestratificado",FALSE,0.50273921430779,"20","014","Ciudad Ixtepec"
1263,0.588451018790382,0.324082055690104,0.840979902381991,NA,"sintetico_postestratificado",FALSE,0.516897846691886,"20","015","Coatecas Altas"
1264,0.477654659745306,0.217170313107396,0.747672072988337,NA,"sintetico_postestratificado",FALSE,0.530501759880941,"20","123","San Bernardo Mixtepec"
1265,0.57186104785219,0.259867939508086,0.833733333577,NA,"sintetico_postestratificado",FALSE,0.573865394068914,"20","122","San Bartolo Yautepec"
1266,0.531507886079645,0.257420839268065,0.805826099321678,NA,"sintetico_postestratificado",FALSE,0.548405260053614,"20","528","Santos Reyes Tepejillo"
1267,0.580980750684304,0.308798159687537,0.810000071654951,NA,"sintetico_postestratificado",FALSE,0.501201911967414,"20","124","Heroica Villa de San Blas Atempa"
1268,0.493110316036915,0.240942110962658,0.744153508494587,NA,"sintetico_postestratificado",FALSE,0.50321139753193,"20","129","San Cristóbal Suchixtlahuaca"
1269,0.498991728649351,0.236636379219061,0.755357696262091,NA,"sintetico_postestratificado",FALSE,0.518721317043029,"20","206","San Juan de los Cués"
1270,0.582343271599132,0.339652997573916,0.813127996328037,NA,"sintetico_postestratificado",FALSE,0.473474998754121,"20","126","San Cristóbal Amatlán"
1271,0.456958138816245,0.223287016372825,0.730802494418617,NA,"sintetico_postestratificado",FALSE,0.507515478045792,"20","020","Constancia del Rosario"
1272,0.507787386975699,0.220174799759598,0.786501898437614,NA,"sintetico_postestratificado",FALSE,0.566327098678016,"20","127","San Cristóbal Amoltepec"
1273,0.535158082169749,0.224777785434503,0.816280136476998,NA,"sintetico_postestratificado",FALSE,0.591502351042496,"20","128","San Cristóbal Lachirioag"
1274,0.471002884120319,0.200708493922942,0.737596428977527,NA,"sintetico_postestratificado",FALSE,0.536887935054586,"20","529","Santos Reyes Yucuná"
1275,0.551711237587766,0.292611626218224,0.808198122070777,NA,"sintetico_postestratificado",FALSE,0.515586495852553,"20","131","San Dionisio Ocotepec"
1276,0.60918226498007,0.351846976849207,0.841274455091004,2,"muestra_directa",TRUE,0.489427478241798,"20","130","San Dionisio del Mar"
1277,0.469653887419319,0.210585395758274,0.751045196405264,NA,"sintetico_postestratificado",FALSE,0.54045980064699,"20","152","San Francisco Tlapancingo"
1278,0.579388265580834,0.284047729073911,0.833576174197193,NA,"sintetico_postestratificado",FALSE,0.549528445123282,"20","153","San Gabriel Mixtepec"
1279,0.592404378980706,0.29255401775992,0.844688926844804,NA,"sintetico_postestratificado",FALSE,0.552134909084884,"20","132","San Dionisio Ocotlán"
1280,0.544190068760539,0.274866217265122,0.811580850168059,NA,"sintetico_postestratificado",FALSE,0.536714632902937,"20","135","San Felipe Tejalápam"
1281,0.484242590155184,0.227365169919038,0.750767926751461,NA,"sintetico_postestratificado",FALSE,0.523402756832423,"20","136","San Felipe Usila"
1282,0.513144282676513,0.273009620085012,0.764273569581742,NA,"sintetico_postestratificado",FALSE,0.49126394949673,"20","137","San Francisco Cahuacuá"
1283,0.516040660909009,0.241795066681106,0.779440683099556,NA,"sintetico_postestratificado",FALSE,0.53764561641845,"20","139","San Francisco Chapulapa"
1284,0.514740683403771,0.231813116110559,0.762845626981908,NA,"sintetico_postestratificado",FALSE,0.53103251087135,"20","142","San Francisco Huehuetlán"
1285,0.526711965418004,0.256216685979994,0.78789820878334,NA,"sintetico_postestratificado",FALSE,0.531681522803346,"20","140","San Francisco Chindúa"
1286,0.541860807420834,0.29999576522157,0.784246357129922,NA,"sintetico_postestratificado",FALSE,0.484250591908351,"20","141","San Francisco del Mar"
1287,0.528215085647159,0.277718954960474,0.774297647727792,NA,"sintetico_postestratificado",FALSE,0.496578692767318,"20","160","San Jerónimo Silacayoapilla"
1288,0.640189693398076,0.384300914358866,0.866315580097296,NA,"sintetico_postestratificado",FALSE,0.482014665738429,"20","143","San Francisco Ixhuatán"
1289,0.58130243904837,0.306817937619933,0.831849781132469,NA,"sintetico_postestratificado",FALSE,0.525031843512536,"20","144","San Francisco Jaltepetongo"
1290,0.591916079758799,0.320256371929966,0.827963079225121,NA,"sintetico_postestratificado",FALSE,0.507706707295155,"20","145","San Francisco Lachigoló"
1291,0.525506742563246,0.225592198427674,0.788958051413717,NA,"sintetico_postestratificado",FALSE,0.563365852986043,"20","531","Santo Tomás Mazaltepec"
1292,0.621958760789226,0.349982211109688,0.867191087725926,NA,"sintetico_postestratificado",FALSE,0.517208876616238,"20","146","San Francisco Logueche"
1293,0.533157819572691,0.27506919216882,0.786103456476717,NA,"sintetico_postestratificado",FALSE,0.511034264307897,"20","147","San Francisco Nuxaño"
1294,0.629261606891181,0.282230743087978,0.90956930306659,NA,"sintetico_postestratificado",FALSE,0.627338559978612,"20","148","San Francisco Ozolotepec"
1295,0.532408654044839,0.272842074870508,0.782410298115297,NA,"sintetico_postestratificado",FALSE,0.509568223244789,"20","150","San Francisco Telixtlahuaca"
1296,0.422038665368897,0.194235219835107,0.671407898737921,NA,"sintetico_postestratificado",FALSE,0.477172678902814,"20","151","San Francisco Teopan"
1297,0.545581933909344,0.23368120867066,0.832819636995904,NA,"sintetico_postestratificado",FALSE,0.599138428325243,"20","157","San Jacinto Amilpas"
1298,0.590100716905757,0.306754674889878,0.843466236554619,NA,"sintetico_postestratificado",FALSE,0.536711561664742,"20","248","San Mateo del Mar"
1299,0.606047854528841,0.307633646421278,0.852128606250661,NA,"sintetico_postestratificado",FALSE,0.544494959829383,"20","158","San Jacinto Tlacotepec"
1300,0.632610376469348,0.341743966824631,0.863130583939826,NA,"sintetico_postestratificado",FALSE,0.521386617115195,"20","162","San Jerónimo Taviche"
1301,0.445563346476764,0.199378711133791,0.726469731427369,NA,"sintetico_postestratificado",FALSE,0.527091020293578,"20","164","San Jorge Nuchita"
1302,0.550841442316623,0.289316508992856,0.790683795719193,NA,"sintetico_postestratificado",FALSE,0.501367286726336,"20","176","San Juan Bautista Coixtlahuaca"
1303,0.50996271774253,0.236548967939318,0.770274972485109,NA,"sintetico_postestratificado",FALSE,0.53372600454579,"20","165","San José Ayuquila"
1304,0.590540300214556,0.300776666172313,0.838817649769233,NA,"sintetico_postestratificado",FALSE,0.53804098359692,"20","167","San José del Peñasco"
1305,0.547847639462688,0.295442071608956,0.801261623335864,NA,"sintetico_postestratificado",FALSE,0.505819551726908,"20","530","Santo Tomás Jalieza"
1306,0.526197305717701,0.260964936680296,0.782630799713861,NA,"sintetico_postestratificado",FALSE,0.521665863033565,"20","187","San Juan Coatzóspam"
1307,0.512296523349692,0.270741871459242,0.751717445150196,NA,"sintetico_postestratificado",FALSE,0.480975573690954,"20","171","San José Tenango"
1308,0.522317034351214,0.274393620689753,0.771219984528102,NA,"sintetico_postestratificado",FALSE,0.496826363838348,"20","188","San Juan Colorado"
1309,0.477041615536757,0.213525665998482,0.732402402701662,NA,"sintetico_postestratificado",FALSE,0.518876736703181,"20","173","San Juan Atepec"
1310,0.572260111757228,0.276270189364947,0.839682852341011,NA,"sintetico_postestratificado",FALSE,0.563412662976065,"20","174","Ánimas Trujano"
1311,0.542999517274695,0.269673076327643,0.79923371820916,NA,"sintetico_postestratificado",FALSE,0.529560641881517,"20","191","San Juan Chicomezúchil"
1312,0.528949032854161,0.272102703892915,0.799779406288271,NA,"sintetico_postestratificado",FALSE,0.527676702395356,"20","196","San Juan Evangelista Analco"
1313,0.575222842199471,0.315262829276587,0.825656776307567,NA,"sintetico_postestratificado",FALSE,0.51039394703098,"20","178","San Juan Bautista Guelache"
1314,0.600627049456755,0.328932847202919,0.838577031824867,NA,"sintetico_postestratificado",FALSE,0.509644184621947,"20","197","San Juan Guelavía"
1315,0.588739492254928,0.303635909942978,0.836510477136373,NA,"sintetico_postestratificado",FALSE,0.532874567193396,"20","180","San Juan Bautista Lo de Soto"
1316,0.541156554545624,0.253139504345494,0.812053707365488,NA,"sintetico_postestratificado",FALSE,0.558914203019994,"20","204","San Juan Lajarcia"
1317,0.395202505558306,0.174078061525124,0.653796561824322,NA,"sintetico_postestratificado",FALSE,0.479718500299198,"20","181","San Juan Bautista Suchitepec"
1318,0.49713308518299,0.221071170690115,0.770235318974032,NA,"sintetico_postestratificado",FALSE,0.549164148283916,"20","480","Santiago Nundiche"
1319,0.60072388005446,0.331415240743155,0.839797456635704,NA,"sintetico_postestratificado",FALSE,0.50838221589255,"20","182","San Juan Bautista Tlacoatzintepec"
1320,0.565804437316784,0.291355976110077,0.809615634305675,NA,"sintetico_postestratificado",FALSE,0.518259658195598,"20","183","San Juan Bautista Tlachichilco"
1321,0.602681420480147,0.336123589596463,0.844863989662285,NA,"sintetico_postestratificado",FALSE,0.508740400065822,"20","189","San Juan Comaltepec"
1322,0.507865579987452,0.215779451898095,0.791454264986277,NA,"sintetico_postestratificado",FALSE,0.575674813088182,"20","192","San Juan Chilateca"
1323,0.576674113746483,0.32613663461423,0.812989877963046,NA,"sintetico_postestratificado",FALSE,0.486853243348816,"20","193","San Juan del Estado"
1324,0.46699753846152,0.204461957920415,0.741666132895143,NA,"sintetico_postestratificado",FALSE,0.537204174974728,"20","464","Santiago Ihuitlán Plumas"
1325,0.530676384434942,0.2672652095189,0.792834433765511,NA,"sintetico_postestratificado",FALSE,0.525569224246612,"20","194","San Juan del Río"
1326,0.466615868194011,0.218077498739603,0.741492156555975,NA,"sintetico_postestratificado",FALSE,0.523414657816372,"20","195","San Juan Diuxi"
1327,0.582528923427146,0.312018463006266,0.81010665238327,NA,"sintetico_postestratificado",FALSE,0.498088189377004,"20","199","San Juan Ihualtepec"
1328,0.54339011086625,0.300496497520861,0.789739672972948,NA,"sintetico_postestratificado",FALSE,0.489243175452086,"20","200","San Juan Juquila Mixes"
1329,0.558650125188777,0.283094883724368,0.801751710283059,NA,"sintetico_postestratificado",FALSE,0.518656826558691,"20","201","San Juan Juquila Vijanos"
1330,0.579082694793183,0.315497243284333,0.815335801670372,NA,"sintetico_postestratificado",FALSE,0.499838558386039,"20","202","San Juan Lachao"
1331,0.585001290366909,0.304057432463744,0.8195629559675,NA,"sintetico_postestratificado",FALSE,0.515505523503756,"20","203","San Juan Lachigalla"
1332,0.48710945539448,0.233864810711741,0.759368259531064,NA,"sintetico_postestratificado",FALSE,0.525503448819323,"20","210","San Juan Ñumí"
1333,0.500408513706784,0.24223301347581,0.758359374784893,NA,"sintetico_postestratificado",FALSE,0.516126361309083,"20","208","San Juan Mixtepec"
1334,0.598573042282353,0.314645251808025,0.837762341477257,NA,"sintetico_postestratificado",FALSE,0.523117089669233,"20","209","San Juan Mixtepec"
1335,0.537961098572042,0.285698139940462,0.784366399092546,NA,"sintetico_postestratificado",FALSE,0.498668259152084,"20","566","San Mateo Yucutindoo"
1336,0.532157616285365,0.255240908339875,0.78485532001427,NA,"sintetico_postestratificado",FALSE,0.529614411674395,"20","215","San Juan Sayultepec"
1337,0.493813955803529,0.229687406574083,0.763964845695887,NA,"sintetico_postestratificado",FALSE,0.534277439121804,"20","218","San Juan Teita"
1338,0.539543682410494,0.283829923664899,0.802942957645331,NA,"sintetico_postestratificado",FALSE,0.519113033980432,"20","284","San Miguel Tilquiápam"
1339,0.554425638851118,0.284210803410339,0.816858151721463,NA,"sintetico_postestratificado",FALSE,0.532647348311124,"20","216","San Juan Tabaá"
1340,0.544941331697462,0.280458417623414,0.791212297536316,NA,"sintetico_postestratificado",FALSE,0.510753879912902,"20","217","San Juan Tamazola"
1341,0.601567198104388,0.330924139684405,0.84371110141286,NA,"sintetico_postestratificado",FALSE,0.512786961728454,"20","219","San Juan Teitipac"
1342,0.492839971432865,0.248694237395125,0.746135931241347,NA,"sintetico_postestratificado",FALSE,0.497441693846223,"20","221","San Juan Teposcolula"
1343,0.586148784310617,0.310483062804157,0.843470059797497,NA,"sintetico_postestratificado",FALSE,0.53298699699334,"20","222","San Juan Yaeé"
1344,0.589244540260779,0.319414462365383,0.828905998871818,NA,"sintetico_postestratificado",FALSE,0.509491536506435,"20","223","San Juan Yatzona"
1345,0.593738249699334,0.3267322496309,0.835465343369848,NA,"sintetico_postestratificado",FALSE,0.508733093738948,"20","541","Tanetze de Zaragoza"
1346,0.560742397820086,0.335651675849379,0.777925115176041,4,"muestra_directa",TRUE,0.442273439326662,"20","498","Santiago Yaveo"
1347,0.473373278942254,0.208426382056104,0.743977067622822,NA,"sintetico_postestratificado",FALSE,0.535550685566718,"20","224","San Juan Yucuita"
1348,0.551482093345501,0.272961315146913,0.809674913293488,NA,"sintetico_postestratificado",FALSE,0.536713598146575,"20","225","San Lorenzo"
1349,0.546404525981945,0.282544852351343,0.801193564421034,NA,"sintetico_postestratificado",FALSE,0.518648712069691,"20","016","Coicoyán de las Flores"
1350,0.558241751105241,0.277472511741675,0.812001905090494,NA,"sintetico_postestratificado",FALSE,0.534529393348819,"20","226","San Lorenzo Albarradas"
1351,0.485721681355455,0.190190089226802,0.775225603688175,NA,"sintetico_postestratificado",FALSE,0.585035514461374,"20","228","San Lorenzo Cuaunecuiltitla"
1352,0.57441342214538,0.269645841007609,0.841949331501368,NA,"sintetico_postestratificado",FALSE,0.572303490493759,"20","229","San Lorenzo Texmelúcan"
1353,0.551156139530528,0.310257453738384,0.788260959947672,NA,"sintetico_postestratificado",FALSE,0.478003506209289,"20","231","San Lucas Camotlán"
1354,0.57923733098774,0.335108086741522,0.807018183058837,NA,"sintetico_postestratificado",FALSE,0.471910096317315,"20","232","San Lucas Ojitlán"
1355,0.533895330484966,0.257305392626082,0.788827885031731,NA,"sintetico_postestratificado",FALSE,0.531522492405649,"20","234","San Lucas Zoquiápam"
1356,0.65608883808637,0.419945816347296,0.856720029100752,1,"muestra_directa",TRUE,0.436774212753456,"20","235","San Luis Amatlán"
1357,0.620297236450688,0.329386025334716,0.864991425356331,NA,"sintetico_postestratificado",FALSE,0.535605400021615,"20","236","San Marcial Ozolotepec"
1358,0.506332888615592,0.245299133060419,0.773878924425284,NA,"sintetico_postestratificado",FALSE,0.528579791364865,"20","239","San Martín Huamelúlpam"
1359,0.52894094225596,0.27220847517438,0.77338927202416,NA,"sintetico_postestratificado",FALSE,0.50118079684978,"20","240","San Martín Itunyoso"
1360,0.560187708612425,0.290304077447892,0.823001184500237,NA,"sintetico_postestratificado",FALSE,0.532697107052345,"20","241","San Martín Lachilá"
1361,0.477902435634659,0.233199002449026,0.750360188534753,NA,"sintetico_postestratificado",FALSE,0.517161186085727,"20","242","San Martín Peras"
1362,0.53511970552883,0.265068329517335,0.805638110248684,NA,"sintetico_postestratificado",FALSE,0.540569780731349,"20","243","San Martín Tilcajete"
1363,0.506723776185836,0.256797035429604,0.744063825225365,NA,"sintetico_postestratificado",FALSE,0.487266789795762,"20","244","San Martín Toxpalan"
1364,0.498580695403515,0.21119213491259,0.768247240793368,NA,"sintetico_postestratificado",FALSE,0.557055105880779,"20","249","San Mateo Yoloxochitlán"
1365,0.539709007601129,0.290168367879627,0.797271631753082,NA,"sintetico_postestratificado",FALSE,0.507103263873455,"20","525","Santo Domingo Zanatepec"
1366,0.5812918540061,0.328816913294904,0.81235034604447,NA,"sintetico_postestratificado",FALSE,0.483533432749566,"20","526","Santos Reyes Nopala"
1367,0.613850801150909,0.342447860901801,0.844781530845086,NA,"sintetico_postestratificado",FALSE,0.502333669943285,"20","245","San Martín Zacatepec"
1368,0.511705639420926,0.233749777156928,0.773319920429563,NA,"sintetico_postestratificado",FALSE,0.539570143272635,"20","269","San Miguel el Grande"
1369,0.457548835901678,0.207050986642016,0.741932711461155,NA,"sintetico_postestratificado",FALSE,0.534881724819139,"20","247","Capulálpam de Méndez"
1370,0.497145493158243,0.217833870860055,0.765125237982376,NA,"sintetico_postestratificado",FALSE,0.547291367122321,"20","250","San Mateo Etlatongo"
1371,0.515303372026209,0.271257771618104,0.765774917201359,NA,"sintetico_postestratificado",FALSE,0.494517145583255,"20","255","San Mateo Sindihui"
1372,0.514181387132833,0.259609967488739,0.768062931589276,NA,"sintetico_postestratificado",FALSE,0.508452964100537,"20","252","San Mateo Peñasco"
1373,0.576729714552491,0.29486835249732,0.820145014664767,NA,"sintetico_postestratificado",FALSE,0.525276662167448,"20","257","San Melchor Betaza"
1374,0.574789147735448,0.337302332205559,0.805446743596795,2,"muestra_directa",TRUE,0.468144411391236,"20","258","San Miguel Achiutla"
1375,0.509711279228241,0.256129700770614,0.770162493128976,NA,"sintetico_postestratificado",FALSE,0.514032792358362,"20","259","San Miguel Ahuehuetitlán"
1376,0.545617888826715,0.291371184441217,0.796177694094985,NA,"sintetico_postestratificado",FALSE,0.504806509653767,"20","260","San Miguel Aloápam"
1377,0.588186461857014,0.290792887071897,0.852381910411191,NA,"sintetico_postestratificado",FALSE,0.561589023339294,"20","268","San Miguel Ejutla"
1378,0.575345723873221,0.291017014156481,0.825437821791147,NA,"sintetico_postestratificado",FALSE,0.534420807634666,"20","276","San Miguel Santa Flor"
1379,0.490257971611818,0.211368879765934,0.766137758106151,NA,"sintetico_postestratificado",FALSE,0.554768878340218,"20","281","San Miguel Tecomatlán"
1380,0.575960757110412,0.303061941674479,0.814213333911291,NA,"sintetico_postestratificado",FALSE,0.511151392236813,"20","274","San Miguel Piedras"
1381,0.541594904175353,0.290298609131303,0.761680666659814,NA,"sintetico_postestratificado",FALSE,0.47138205752851,"20","532","Santo Tomás Ocotepec"
1382,0.562535258786016,0.288893089836285,0.813341944870443,NA,"sintetico_postestratificado",FALSE,0.524448855034158,"20","280","Villa Talea de Castro"
1383,0.646821937037117,0.348123249956225,0.872086075115208,NA,"sintetico_postestratificado",FALSE,0.523962825158983,"20","533","Santo Tomás Tamazulapan"
1384,0.544161363685989,0.286731086229063,0.792326808551394,NA,"sintetico_postestratificado",FALSE,0.505595722322331,"20","368","Santa Catarina Minas"
1385,0.622474159613033,0.331605048750984,0.879371236380812,NA,"sintetico_postestratificado",FALSE,0.547766187629828,"20","282","San Miguel Tenango"
1386,0.635764764527116,0.389340436124808,0.857909006971974,NA,"sintetico_postestratificado",FALSE,0.468568570847165,"20","052","Magdalena Tequisistlán"
1387,0.527360907203426,0.277596737947288,0.763013029906074,NA,"sintetico_postestratificado",FALSE,0.485416291958786,"20","283","San Miguel Tequixtepec"
1388,0.574639437374854,0.327901477207143,0.812579950230375,NA,"sintetico_postestratificado",FALSE,0.484678473023232,"20","535","San Vicente Lachixío"
1389,0.504105922117935,0.237001082457908,0.763847118409987,NA,"sintetico_postestratificado",FALSE,0.52684603595208,"20","286","San Miguel Tlacotepec"
1390,0.560166762621249,0.268562680876414,0.817813872852297,NA,"sintetico_postestratificado",FALSE,0.549251191975883,"20","285","San Miguel Tlacamama"
1391,0.575244740794392,0.297248600460954,0.825634360816116,NA,"sintetico_postestratificado",FALSE,0.528385760355162,"20","288","San Miguel Yotao"
1392,0.526733511683714,0.243240752603427,0.797485569541985,NA,"sintetico_postestratificado",FALSE,0.554244816938558,"20","289","San Nicolás"
1393,0.434012078438043,0.169765117261036,0.731430093023631,NA,"sintetico_postestratificado",FALSE,0.561664975762595,"20","290","San Nicolás Hidalgo"
1394,0.543332900593473,0.286035189605243,0.793926729884387,NA,"sintetico_postestratificado",FALSE,0.507891540279144,"20","292","San Pablo Cuatro Venados"
1395,0.597857648817773,0.323978329723633,0.846987224937188,NA,"sintetico_postestratificado",FALSE,0.523008895213554,"20","380","Santa Cruz Papalutla"
1396,0.534218089305373,0.269781705314482,0.800998769451611,NA,"sintetico_postestratificado",FALSE,0.53121706413713,"20","294","San Pablo Huitzo"
1397,0.612218356786967,0.364469298993504,0.843953591625336,NA,"sintetico_postestratificado",FALSE,0.479484292631832,"20","043","Heroica Ciudad de Juchitán de Zaragoza"
1398,0.591502171355695,0.322444014763607,0.83148257087653,NA,"sintetico_postestratificado",FALSE,0.509038556112923,"20","295","San Pablo Huixtepec"
1399,0.569916044821529,0.277293890153619,0.832749832839792,NA,"sintetico_postestratificado",FALSE,0.555455942686173,"20","538","Sitio de Xitlapehua"
1400,0.559032546497568,0.282981240604286,0.80425792160869,NA,"sintetico_postestratificado",FALSE,0.521276681004404,"20","296","San Pablo Macuiltianguis"
1401,0.566971231589149,0.301788833400268,0.801131344740317,NA,"sintetico_postestratificado",FALSE,0.499342511340049,"20","297","San Pablo Tijaltepec"
1402,0.504063186917016,0.22637320081197,0.772421789587778,NA,"sintetico_postestratificado",FALSE,0.546048588775808,"20","304","San Pedro Coxcaltepec Cántaros"
1403,0.61069278583391,0.333407763659382,0.833359219797217,NA,"sintetico_postestratificado",FALSE,0.499951456137836,"20","299","San Pablo Yaganiza"
1404,0.522617498389685,0.236719821819478,0.787937958646156,NA,"sintetico_postestratificado",FALSE,0.551218136826678,"20","300","San Pedro Amuzgos"
1405,0.610224301001774,0.312093729074077,0.870898613109209,NA,"sintetico_postestratificado",FALSE,0.558804884035131,"20","308","San Pedro Huilotepec"
1406,0.578408391682174,0.31056600188877,0.814927940847577,NA,"sintetico_postestratificado",FALSE,0.504361938958808,"20","301","San Pedro Apóstol"
1407,0.589155819654726,0.285763029987756,0.843500400517877,NA,"sintetico_postestratificado",FALSE,0.557737370530121,"20","311","San Pedro Jaltepetongo"
1408,0.496545992332201,0.224357785714617,0.763004443372869,NA,"sintetico_postestratificado",FALSE,0.538646657658253,"20","302","San Pedro Atoyac"
1409,0.537183920219354,0.263215956061163,0.80291841432769,NA,"sintetico_postestratificado",FALSE,0.539702458266528,"20","303","San Pedro Cajonos"
1410,0.597820868760088,0.33149602070131,0.827881772583869,NA,"sintetico_postestratificado",FALSE,0.496385751882559,"20","305","San Pedro Comitancillo"
1411,0.518085991411242,0.261475558177997,0.756141921040052,NA,"sintetico_postestratificado",FALSE,0.494666362862055,"20","321","San Pedro Nopala"
1412,0.503475515523685,0.248335172131575,0.780126056698431,NA,"sintetico_postestratificado",FALSE,0.531790884566856,"20","332","San Pedro Topiltepec"
1413,0.590325921713003,0.321244954121798,0.834841525576471,NA,"sintetico_postestratificado",FALSE,0.513596571454673,"20","307","San Pedro Huamelula"
1414,0.462035235638407,0.210596145952388,0.739682121616543,NA,"sintetico_postestratificado",FALSE,0.529085975664154,"20","312","San Pedro Jicayán"
1415,0.589746648855524,0.313642173631093,0.823350842835657,NA,"sintetico_postestratificado",FALSE,0.509708669204564,"20","313","San Pedro Jocotipac"
1416,0.504083474867,0.233692905482374,0.776597316585535,NA,"sintetico_postestratificado",FALSE,0.542904411103161,"20","314","San Pedro Juchatengo"
1417,0.597773695603873,0.309851021058944,0.842955811310862,NA,"sintetico_postestratificado",FALSE,0.533104790251917,"20","079","Salina Cruz"
1418,0.534887637285431,0.278080920410099,0.80110857313939,NA,"sintetico_postestratificado",FALSE,0.523027652729291,"20","331","San Pedro Tidaá"
1419,0.604216715506097,0.319484897519492,0.843847802701568,NA,"sintetico_postestratificado",FALSE,0.524362905182076,"20","315","San Pedro Mártir"
1420,0.609441371128491,0.325337660041268,0.858722695758211,NA,"sintetico_postestratificado",FALSE,0.533385035716943,"20","316","San Pedro Mártir Quiechapa"
1421,0.618117942268314,0.333932993882086,0.849380133803383,NA,"sintetico_postestratificado",FALSE,0.515447139921297,"20","207","San Juan Mazatlán"
1422,0.522232405903211,0.265292855543887,0.778415693016107,NA,"sintetico_postestratificado",FALSE,0.51312283747222,"20","317","San Pedro Mártir Yucuxaco"
1423,0.602380015529354,0.301030055155812,0.851679923696814,NA,"sintetico_postestratificado",FALSE,0.550649868541002,"20","356","Santa Ana del Valle"
1424,0.6297287985334,0.349551297524058,0.874385587382779,NA,"sintetico_postestratificado",FALSE,0.524834289858722,"20","319","San Pedro Mixtepec"
1425,0.568717413040949,0.289736094153861,0.820712499990517,NA,"sintetico_postestratificado",FALSE,0.530976405836655,"20","320","San Pedro Molinos"
1426,0.466345763992333,0.204170834111021,0.743488808605572,NA,"sintetico_postestratificado",FALSE,0.539317974494551,"20","322","San Pedro Ocopetatillo"
1427,0.509519120889443,0.2110094870437,0.804007351125923,NA,"sintetico_postestratificado",FALSE,0.592997864082222,"20","323","San Pedro Ocotepec"
1428,0.586752224819817,0.344551935636361,0.805539760220416,NA,"sintetico_postestratificado",FALSE,0.460987824584054,"20","325","San Pedro Quiatoni"
1429,0.617865597147457,0.34596891881962,0.825200507344734,NA,"sintetico_postestratificado",FALSE,0.479231588525114,"20","326","San Pedro Sochiápam"
1430,0.554988223360831,0.32328112538613,0.784119492507715,NA,"sintetico_postestratificado",FALSE,0.460838367121585,"20","328","San Pedro Taviche"
1431,0.599404180708155,0.270108783132039,0.876892353360887,NA,"sintetico_postestratificado",FALSE,0.606783570228848,"20","335","San Pedro Yaneri"
1432,0.531253837326435,0.2580345838299,0.803747775705298,NA,"sintetico_postestratificado",FALSE,0.545713191875397,"20","336","San Pedro Yólox"
1433,0.538078835603778,0.3346645881643,0.742503623443913,5,"muestra_directa",TRUE,0.407839035279613,"20","339","San Pedro y San Pablo Teposcolula"
1434,0.40683658901506,0.185918960830264,0.688968641253736,NA,"sintetico_postestratificado",FALSE,0.503049680423472,"20","340","San Pedro y San Pablo Tequixtepec"
1435,0.514050422287268,0.259291789637321,0.763875730262078,NA,"sintetico_postestratificado",FALSE,0.504583940624758,"20","341","San Pedro Yucunama"
1436,0.570700636875722,0.281491516929321,0.827967810658903,NA,"sintetico_postestratificado",FALSE,0.546476293729582,"20","342","San Raymundo Jalpan"
1437,0.611674673918033,0.346013365238185,0.845295059052073,NA,"sintetico_postestratificado",FALSE,0.499281693813888,"20","343","San Sebastián Abasolo"
1438,0.525214419868285,0.266526468481294,0.770765710412988,NA,"sintetico_postestratificado",FALSE,0.504239241931694,"20","345","San Sebastián Ixcapa"
1439,0.561864533377929,0.28769851085257,0.808640898111976,NA,"sintetico_postestratificado",FALSE,0.520942387259406,"20","346","San Sebastián Nicananduta"
1440,0.569271237239304,0.313771880743055,0.79629183275427,NA,"sintetico_postestratificado",FALSE,0.482519952011215,"20","347","San Sebastián Río Hondo"
1441,0.541891084822442,0.268279286556501,0.784801980467372,NA,"sintetico_postestratificado",FALSE,0.516522693910871,"20","539","Soledad Etla"
1442,0.646003403689949,0.375082593097842,0.865626414560785,NA,"sintetico_postestratificado",FALSE,0.490543821462943,"20","211","San Juan Ozolotepec"
1443,0.552452639084074,0.287359681648978,0.808370424598985,NA,"sintetico_postestratificado",FALSE,0.521010742950007,"20","212","San Juan Petlapa"
1444,0.566600615553282,0.285094830567713,0.815408469187016,NA,"sintetico_postestratificado",FALSE,0.530313638619303,"20","213","San Juan Quiahije"
1445,0.471556282454354,0.215461388144622,0.747336302326084,NA,"sintetico_postestratificado",FALSE,0.531874914181462,"20","348","San Sebastián Tecomaxtlahuaca"
1446,0.646074334007652,0.359831413287055,0.873845100886945,NA,"sintetico_postestratificado",FALSE,0.51401368759989,"20","349","San Sebastián Teitipac"
1447,0.490424110632189,0.225173494186892,0.755633222292207,NA,"sintetico_postestratificado",FALSE,0.530459728105315,"20","540","Villa de Tamazulápam del Progreso"
1448,0.544023992851922,0.26467368883998,0.805439884627653,NA,"sintetico_postestratificado",FALSE,0.540766195787673,"20","350","San Sebastián Tutla"
1449,0.453954569412579,0.168941998401456,0.742104849597344,NA,"sintetico_postestratificado",FALSE,0.573162851195888,"20","352","San Simón Zahuatlán"
1450,0.549771126726203,0.269542498629602,0.811119741751449,NA,"sintetico_postestratificado",FALSE,0.541577243121847,"20","353","Santa Ana"
1451,0.56411144787371,0.289107206447828,0.809461411265421,NA,"sintetico_postestratificado",FALSE,0.520354204817593,"20","354","Santa Ana Ateixtlahuaca"
1452,0.529152317364497,0.258550321847035,0.790596242853928,NA,"sintetico_postestratificado",FALSE,0.532045921006893,"20","355","Santa Ana Cuauhtémoc"
1453,0.500894327912352,0.247036319976931,0.778392649278668,NA,"sintetico_postestratificado",FALSE,0.531356329301737,"20","358","Santa Ana Tlapacoyan"
1454,0.572638779654575,0.302265177006235,0.824172997510653,NA,"sintetico_postestratificado",FALSE,0.521907820504418,"20","360","Santa Ana Zegache"
1455,0.628597999597026,0.367578110141457,0.85482101281222,NA,"sintetico_postestratificado",FALSE,0.487242902670763,"20","361","Santa Catalina Quierí"
1456,0.588632688920366,0.301715921078557,0.83559199537659,NA,"sintetico_postestratificado",FALSE,0.533876074298033,"20","362","Santa Catarina Cuixtla"
1457,0.541061339822771,0.294707618561354,0.782063444834875,NA,"sintetico_postestratificado",FALSE,0.48735582627352,"20","363","Santa Catarina Ixtepeji"
1458,0.518674714050022,0.247769871312651,0.773999126883417,NA,"sintetico_postestratificado",FALSE,0.526229255570765,"20","369","Santa Catarina Quiané"
1459,0.509550249509624,0.256927270061384,0.758815995954987,NA,"sintetico_postestratificado",FALSE,0.501888725893602,"20","370","Santa Catarina Tayata"
1460,0.467406080418062,0.202902754097195,0.756655557586078,NA,"sintetico_postestratificado",FALSE,0.553752803488883,"20","381","Santa Cruz Tacache de Mina"
1461,0.473978218104695,0.232046771165054,0.739630325418115,NA,"sintetico_postestratificado",FALSE,0.507583554253061,"20","372","Santa Catarina Yosonotú"
1462,0.568841835474235,0.288120994169596,0.825969083958172,NA,"sintetico_postestratificado",FALSE,0.537848089788575,"20","373","Santa Catarina Zapoquila"
1463,0.46441628494127,0.212867783560946,0.723022689724744,NA,"sintetico_postestratificado",FALSE,0.510154906163798,"20","374","Santa Cruz Acatepec"
1464,0.58788901377879,0.312351603599381,0.816512424599304,NA,"sintetico_postestratificado",FALSE,0.504160820999924,"20","293","San Pablo Etla"
1465,0.575866370055679,0.28965549907009,0.832018904931552,NA,"sintetico_postestratificado",FALSE,0.542363405861462,"20","375","Santa Cruz Amilpas"
1466,0.434524528096257,0.158394461171487,0.747039089331416,NA,"sintetico_postestratificado",FALSE,0.588644628159929,"20","376","Santa Cruz de Bravo"
1467,0.463083653264222,0.209951521778176,0.734154130232937,NA,"sintetico_postestratificado",FALSE,0.524202608454761,"20","382","Santa Cruz Tacahua"
1468,0.561454770172312,0.31702152061175,0.803530659803688,NA,"sintetico_postestratificado",FALSE,0.486509139191938,"20","383","Santa Cruz Tayata"
1469,0.512397413872627,0.240674497714354,0.799272978545611,NA,"sintetico_postestratificado",FALSE,0.558598480831257,"20","384","Santa Cruz Xitla"
1470,0.569091030407354,0.305105129361154,0.800058264223242,NA,"sintetico_postestratificado",FALSE,0.494953134862088,"20","386","Santa Cruz Zenzontepec"
1471,0.510876833546901,0.25456221904493,0.764807458782554,NA,"sintetico_postestratificado",FALSE,0.510245239737624,"20","387","Santa Gertrudis"
1472,0.486833260151924,0.238545986041006,0.754598822538009,NA,"sintetico_postestratificado",FALSE,0.516052836497003,"20","179","San Juan Bautista Jayacatlán"
1473,0.502722660775895,0.258571736190959,0.75066695310968,NA,"sintetico_postestratificado",FALSE,0.492095216918721,"20","388","Santa Inés del Monte"
1474,0.540883573994736,0.288754369939921,0.791206539944498,1,"muestra_directa",TRUE,0.502452170004576,"20","390","Santa Lucía del Camino"
1475,0.485260911583037,0.227194262288031,0.718516701689963,4,"muestra_directa",TRUE,0.491322439401932,"20","408","Santa María del Rosario"
1476,0.563619732654363,0.28820444040545,0.833842103741447,NA,"sintetico_postestratificado",FALSE,0.545637663335998,"20","391","Santa Lucía Miahuatlán"
1477,0.626721566438619,0.357680692430257,0.847120463834421,NA,"sintetico_postestratificado",FALSE,0.489439771404164,"20","418","Santa María Jalapa del Marqués"
1478,0.562120705875245,0.303543962508615,0.797245866177067,NA,"sintetico_postestratificado",FALSE,0.493701903668452,"20","392","Santa Lucía Monteverde"
1479,0.492202288183474,0.243197711584869,0.760209400736406,NA,"sintetico_postestratificado",FALSE,0.517011689151536,"20","393","Santa Lucía Ocotlán"
1480,0.567519839949494,0.287866969428513,0.805735766892141,NA,"sintetico_postestratificado",FALSE,0.517868797463628,"20","394","Santa María Alotepec"
1481,0.532911815039711,0.23170510069814,0.777365583512726,NA,"sintetico_postestratificado",FALSE,0.545660482814585,"20","395","Santa María Apazco"
1482,0.4959162713107,0.200159719533988,0.797771777521346,NA,"sintetico_postestratificado",FALSE,0.597612057987358,"20","396","Santa María la Asunción"
1483,0.488279899920058,0.270013523794096,0.716243859869776,4,"muestra_directa",TRUE,0.44623033607568,"20","397","Heroica Ciudad de Tlaxiaco"
1484,0.558873173095289,0.278181047818397,0.801732303048704,NA,"sintetico_postestratificado",FALSE,0.523551255230307,"20","398","Ayoquezco de Aldama"
1485,0.541022813776945,0.272766884554135,0.792173595627283,NA,"sintetico_postestratificado",FALSE,0.519406711073148,"20","399","Santa María Atzompa"
1486,0.457931391858794,0.220125523250555,0.715209591214647,NA,"sintetico_postestratificado",FALSE,0.495084067964092,"20","400","Santa María Camotlán"
1487,0.516071240457159,0.22599581268587,0.786569295047369,NA,"sintetico_postestratificado",FALSE,0.560573482361498,"20","402","Santa María Cortijo"
1488,0.515668197444274,0.236262754553481,0.784854974441725,NA,"sintetico_postestratificado",FALSE,0.548592219888243,"20","154","San Ildefonso Amatlán"
1489,0.583712350198237,0.30509416846978,0.836031495495095,NA,"sintetico_postestratificado",FALSE,0.530937327025315,"20","155","San Ildefonso Sola"
1490,0.584439421642751,0.299490748199017,0.836620004011974,NA,"sintetico_postestratificado",FALSE,0.537129255812957,"20","156","San Ildefonso Villa Alta"
1491,0.593233260579112,0.335210490882349,0.816011763637816,NA,"sintetico_postestratificado",FALSE,0.480801272755467,"20","403","Santa María Coyotepec"
1492,0.57093642617991,0.323607616598191,0.80292565063452,NA,"sintetico_postestratificado",FALSE,0.479318034036329,"20","419","Santa María Jaltianguis"
1493,0.522466745974016,0.253362585272766,0.77493142561634,NA,"sintetico_postestratificado",FALSE,0.521568840343573,"20","405","Villa de Chilapa de Díaz"
1494,0.616636463017652,0.344248697347142,0.857246393523634,NA,"sintetico_postestratificado",FALSE,0.512997696176493,"20","409","Santa María del Tule"
1495,0.457517396134976,0.214621374073785,0.728492750630498,NA,"sintetico_postestratificado",FALSE,0.513871376556713,"20","264","San Miguel Chicahua"
1496,0.607809651276264,0.316217714250517,0.860235584214613,NA,"sintetico_postestratificado",FALSE,0.544017869964096,"20","411","Santa María Guelacé"
1497,0.490073831016776,0.213898110310856,0.76682530951391,NA,"sintetico_postestratificado",FALSE,0.552927199203054,"20","106","San Antonio Acutla"
1498,0.578873466497123,0.310875778061192,0.833129029360888,NA,"sintetico_postestratificado",FALSE,0.522253251299697,"20","198","San Juan Guichicovi"
1499,0.489521374098884,0.221172281877902,0.739741003764677,NA,"sintetico_postestratificado",FALSE,0.518568721886775,"20","365","Santa Catarina Lachatao"
1500,0.531098726479354,0.329253785660683,0.738401510924376,6,"muestra_directa",TRUE,0.409147725263693,"20","002","Acatlán de Pérez Figueroa"
1501,0.517460200790998,0.259556367446105,0.759573768767139,NA,"sintetico_postestratificado",FALSE,0.500017401321034,"20","006","Asunción Nochixtlán"
1502,0.594739580342015,0.284725651517146,0.848509436742013,NA,"sintetico_postestratificado",FALSE,0.563783785224867,"20","008","Asunción Tlacolulita"
1503,0.572822967643757,0.309059160813076,0.803527033210434,NA,"sintetico_postestratificado",FALSE,0.494467872397359,"20","009","Ayotzintepec"
1504,0.5817532099367,0.342582241877786,0.821342795239757,NA,"sintetico_postestratificado",FALSE,0.478760553361971,"20","010","El Barrio de la Soledad"
1505,0.511358429884172,0.270445543926908,0.765225055872973,NA,"sintetico_postestratificado",FALSE,0.494779511946065,"20","055","Mariscala de Juárez"
1506,0.606387942645058,0.359736207257648,0.848375500457132,NA,"sintetico_postestratificado",FALSE,0.488639293199484,"20","412","Santa María Guienagati"
1507,0.510265656787463,0.234843781244256,0.782008864318223,NA,"sintetico_postestratificado",FALSE,0.547165083073968,"20","414","Santa María Huazolotitlán"
1508,0.540006850801238,0.279372596996748,0.800119521266972,NA,"sintetico_postestratificado",FALSE,0.520746924270224,"20","415","Santa María Ipalapa"
1509,0.503376444056509,0.245725381725207,0.765476783790697,NA,"sintetico_postestratificado",FALSE,0.51975140206549,"20","287","San Miguel Tulancingo"
1510,0.530613477133281,0.24837102317428,0.788800900775244,NA,"sintetico_postestratificado",FALSE,0.540429877600964,"20","291","San Pablo Coatlán"
1511,0.562812009602081,0.315737396246581,0.805573616801801,NA,"sintetico_postestratificado",FALSE,0.48983622055522,"20","298","San Pablo Villa de Mitla"
1512,0.523056167626684,0.285131323662637,0.751193477132985,3,"muestra_directa",TRUE,0.466062153470348,"20","385","Santa Cruz Xoxocotlán"
1513,0.53418989142563,0.284048343569259,0.784232135994337,NA,"sintetico_postestratificado",FALSE,0.500183792425079,"20","416","Santa María Ixcatlán"
1514,0.592642640524264,0.330315515916734,0.84167479966226,NA,"sintetico_postestratificado",FALSE,0.511359283745525,"20","420","Santa María Lachixío"
1515,0.582765943700353,0.310814282806713,0.825917867039591,2,"muestra_directa",TRUE,0.515103584232878,"20","023","Cuilápam de Guerrero"
1516,0.571054087666262,0.278055379432065,0.83023911449007,NA,"sintetico_postestratificado",FALSE,0.552183735058006,"20","306","San Pedro el Alto"
1517,0.458578627774124,0.246173198198847,0.700994044159381,5,"muestra_directa",TRUE,0.454820845960534,"20","310","San Pedro Ixtlahuaca"
1518,0.604566130781902,0.322657231418853,0.853390059431409,NA,"sintetico_postestratificado",FALSE,0.530732828012556,"20","421","Santa María Mixtequilla"
1519,0.512004529705856,0.241911618097091,0.797613799465307,NA,"sintetico_postestratificado",FALSE,0.555702181368217,"20","309","San Pedro Ixcatlán"
1520,0.594511646381961,0.336472662435742,0.835750937534448,3,"muestra_directa",TRUE,0.499278275098706,"20","324","San Pedro Pochutla"
1521,0.55543721672595,0.278306673072552,0.793438989497936,NA,"sintetico_postestratificado",FALSE,0.515132316425384,"20","337","San Pedro y San Pablo Ayutla"
1522,0.589875347493134,0.313299469421715,0.835434323772303,NA,"sintetico_postestratificado",FALSE,0.522134854350588,"20","351","San Simón Almolongas"
1523,0.512928918372335,0.226302251439349,0.786043950803974,NA,"sintetico_postestratificado",FALSE,0.559741699364626,"20","425","Santa María Pápalo"
1524,0.551472629157308,0.282041898814833,0.799460188521791,NA,"sintetico_postestratificado",FALSE,0.517418289706957,"20","426","Santa María Peñoles"
1525,0.576443702626181,0.310494112855742,0.819416188264706,NA,"sintetico_postestratificado",FALSE,0.508922075408964,"20","427","Santa María Petapa"
1526,0.563801871909415,0.280129850404906,0.834099142910842,NA,"sintetico_postestratificado",FALSE,0.553969292505936,"20","428","Santa María Quiegolani"
1527,0.556014305185004,0.288643714491407,0.800434353606632,NA,"sintetico_postestratificado",FALSE,0.511790639115224,"20","432","Santa María Temaxcalapa"
1528,0.557795668803641,0.277623536682735,0.828492709735608,NA,"sintetico_postestratificado",FALSE,0.550869173052873,"20","429","Santa María Sola"
1529,0.531005722024524,0.272136479303933,0.788009195412405,NA,"sintetico_postestratificado",FALSE,0.515872716108472,"20","430","Santa María Tataltepec"
1530,0.517550970718309,0.253126205011583,0.765104909102382,NA,"sintetico_postestratificado",FALSE,0.511978704090799,"20","431","Santa María Tecomavaca"
1531,0.556021127929403,0.287612206563754,0.807502140713978,1,"muestra_directa",TRUE,0.519889934150224,"20","021","Cosolapa"
1532,0.627015415712916,0.373225848056878,0.840279908668797,NA,"sintetico_postestratificado",FALSE,0.467054060611919,"20","175","San Juan Bautista Atatlahuca"
1533,0.462999802070306,0.220147454671784,0.743856848562099,NA,"sintetico_postestratificado",FALSE,0.523709393890314,"20","270","San Miguel Huautla"
1534,0.545156525030208,0.244191075307541,0.821361347533974,NA,"sintetico_postestratificado",FALSE,0.577170272226433,"20","433","Santa María Temaxcaltepec"
1535,0.545755604590569,0.270755933218403,0.798383001583363,NA,"sintetico_postestratificado",FALSE,0.52762706836496,"20","436","Santa María Texcatitlán"
1536,0.503421138408977,0.270999346546904,0.766139008129353,NA,"sintetico_postestratificado",FALSE,0.495139661582449,"20","452","Santiago Apóstol"
1537,0.669494306825002,0.427668389591759,0.871708896605439,NA,"sintetico_postestratificado",FALSE,0.444040507013681,"20","442","Santa María Yalina"
1538,0.516335550305028,0.232619856191782,0.774988681422431,NA,"sintetico_postestratificado",FALSE,0.542368825230649,"20","438","Santa María Tlalixtac"
1539,0.49632660091597,0.240813472972421,0.744965348069538,NA,"sintetico_postestratificado",FALSE,0.504151875097118,"20","434","Santa María Teopoxco"
1540,0.485918687493006,0.203174340202409,0.754557082608681,NA,"sintetico_postestratificado",FALSE,0.551382742406273,"20","444","Santa María Yolotepec"
1541,0.533136539783897,0.244872565390112,0.805396411602738,NA,"sintetico_postestratificado",FALSE,0.560523846212625,"20","443","Santa María Yavesía"
1542,0.485045635372783,0.202086987338726,0.762575727622941,NA,"sintetico_postestratificado",FALSE,0.560488740284215,"20","445","Santa María Yosoyúa"
1543,0.50835088848845,0.241740818744603,0.756141542214539,NA,"sintetico_postestratificado",FALSE,0.514400723469935,"20","448","Santa María Zaniza"
1544,0.652899193600867,0.407633656059534,0.851572580776776,NA,"sintetico_postestratificado",FALSE,0.443938924717241,"20","449","Santa María Zoquitlán"
1545,0.525359488141278,0.269737345901845,0.771900008473308,NA,"sintetico_postestratificado",FALSE,0.502162662571463,"20","462","Santiago Huajolotitlán"
1546,0.587956647963009,0.291241642907777,0.848182119546329,NA,"sintetico_postestratificado",FALSE,0.556940476638552,"20","453","Santiago Astata"
1547,0.590203701179159,0.310465750436035,0.842788085562428,NA,"sintetico_postestratificado",FALSE,0.532322335126393,"20","454","Santiago Atitlán"
1548,0.529587775951406,0.253996905383531,0.793823257407363,NA,"sintetico_postestratificado",FALSE,0.539826352023832,"20","455","Santiago Ayuquililla"
1549,0.615893781152967,0.359965394650058,0.845806678384125,NA,"sintetico_postestratificado",FALSE,0.485841283734066,"20","458","Santiago Comaltepec"
1550,0.505933666244836,0.209075472014583,0.783202740274619,NA,"sintetico_postestratificado",FALSE,0.574127268260036,"20","461","Santiago del Río"
1551,0.575034434341782,0.310768927513482,0.81724948113929,NA,"sintetico_postestratificado",FALSE,0.506480553625808,"20","465","Santiago Ixcuintepec"
1552,0.517996159710838,0.25484775111265,0.769399622553325,NA,"sintetico_postestratificado",FALSE,0.514551871440675,"20","466","Santiago Ixtayutla"
1553,0.587886760581426,0.321428912288258,0.819958770652471,NA,"sintetico_postestratificado",FALSE,0.498529858364212,"20","468","Santiago Jocotepec"
1554,0.620878755118128,0.36522999779576,0.852871061738576,NA,"sintetico_postestratificado",FALSE,0.487641063942816,"20","470","Santiago Lachiguiri"
1555,0.643696919345713,0.377472718843582,0.871472910455694,NA,"sintetico_postestratificado",FALSE,0.494000191612112,"20","471","Santiago Lalopa"
1556,0.619955174484397,0.352172879293346,0.858839641624847,NA,"sintetico_postestratificado",FALSE,0.506666762331501,"20","472","Santiago Laollaga"
1557,0.600370655799987,0.343214799961829,0.838661059816582,NA,"sintetico_postestratificado",FALSE,0.495446259854753,"20","473","Santiago Laxopa"
1558,0.533435296338951,0.248072918282436,0.787645363180834,NA,"sintetico_postestratificado",FALSE,0.539572444898399,"20","474","Santiago Llano Grande"
1559,0.568106980756226,0.300849036956106,0.814349959586841,NA,"sintetico_postestratificado",FALSE,0.513500922630735,"20","475","Santiago Matatlán"
1560,0.507849876805729,0.246401552319126,0.770477618392154,NA,"sintetico_postestratificado",FALSE,0.524076066073028,"20","476","Santiago Miltepec"
1561,0.541618723323047,0.252840448662429,0.827188123268245,NA,"sintetico_postestratificado",FALSE,0.574347674605816,"20","389","Santa Inés Yatzeche"
1562,0.493313090428467,0.243712556262619,0.746042277486366,NA,"sintetico_postestratificado",FALSE,0.502329721223747,"20","478","Santiago Nacaltepec"
1563,0.584744952209084,0.324338697643924,0.83455032329093,NA,"sintetico_postestratificado",FALSE,0.510211625647006,"20","479","Santiago Nejapilla"
1564,0.593366237218605,0.29634329779101,0.840929282859086,NA,"sintetico_postestratificado",FALSE,0.544585985068076,"20","012","Candelaria Loxicha"
1565,0.613716990696173,0.386554005708115,0.811186083035411,3,"muestra_directa",TRUE,0.424632077327296,"20","028","Heroica Ciudad de Ejutla de Crespo"
1566,0.330008599313239,0.156953768967537,0.529786445015871,5,"muestra_directa",TRUE,0.372832676048334,"20","039","Heroica Ciudad de Huajuapan de León"
1567,0.617487603618373,0.385398000292839,0.832585328026775,NA,"sintetico_postestratificado",FALSE,0.447187327733936,"20","064","Nejapa de Madero"
1568,0.619370957930833,0.38267873722158,0.833776635803618,NA,"sintetico_postestratificado",FALSE,0.451097898582038,"20","066","Santiago Niltepec"
1569,0.55467344889538,0.304462595989852,0.791809615998957,4,"muestra_directa",TRUE,0.487347020009105,"20","067","Oaxaca de Juárez"
1570,0.582847709773202,0.333063094690688,0.807232202131451,NA,"sintetico_postestratificado",FALSE,0.474169107440762,"20","068","Ocotlán de Morelos"
1571,0.56682818528967,0.307983673924509,0.792439017170056,NA,"sintetico_postestratificado",FALSE,0.484455343245547,"20","073","Putla Villa de Guerrero"
1572,0.65415340684693,0.364878746008267,0.875751841239937,NA,"sintetico_postestratificado",FALSE,0.51087309523167,"20","085","San Agustín Loxicha"
1573,0.574421851792027,0.328626302370799,0.807672102804191,NA,"sintetico_postestratificado",FALSE,0.479045800433393,"20","088","San Andrés Cabecera Nueva"
1574,0.532691693033612,0.266679722620907,0.771682536487751,NA,"sintetico_postestratificado",FALSE,0.505002813866844,"20","483","Santiago Suchilquitongo"
1575,0.532249777378355,0.278104606639285,0.780867704402809,NA,"sintetico_postestratificado",FALSE,0.502763097763524,"20","486","Villa Tejúpam de la Unión"
1576,0.584594190327119,0.309399207595411,0.81664161005174,NA,"sintetico_postestratificado",FALSE,0.507242402456329,"20","093","San Andrés Lagunas"
1577,0.567479926814397,0.286199413137926,0.817311804182127,NA,"sintetico_postestratificado",FALSE,0.531112391044202,"20","113","San Baltazar Loxicha"
1578,0.574447788051828,0.316802483254635,0.826204570467615,NA,"sintetico_postestratificado",FALSE,0.50940208721298,"20","487","Santiago Tenango"
1579,0.535844318410565,0.252230182513802,0.786815828074448,NA,"sintetico_postestratificado",FALSE,0.534585645560646,"20","488","Santiago Tepetlapa"
1580,0.54205143246868,0.267298724007304,0.787493867388668,NA,"sintetico_postestratificado",FALSE,0.520195143381364,"20","496","Santiago Xiacuí"
1581,0.601509738437487,0.32003506227098,0.850595846725261,NA,"sintetico_postestratificado",FALSE,0.530560784454281,"20","509","Santo Domingo de Morelos"
1582,0.552288671091582,0.296731332447878,0.804107459837882,NA,"sintetico_postestratificado",FALSE,0.507376127390004,"20","557","Unión Hidalgo"
1583,0.621118505649068,0.378045685992973,0.831232415396946,NA,"sintetico_postestratificado",FALSE,0.453186729403973,"20","560","Villa Díaz Ordaz"
1584,0.586163644826741,0.321043353970807,0.825652813038377,NA,"sintetico_postestratificado",FALSE,0.50460945906757,"20","038","Villa Hidalgo Yalálag"
1585,0.64398149639086,0.327271464357914,0.88804198053269,NA,"sintetico_postestratificado",FALSE,0.560770516174776,"20","238","Heroico San Martín de los Cansecos"
1586,0.593130169323782,0.358463652621402,0.818981210550611,NA,"sintetico_postestratificado",FALSE,0.460517557929209,"21","180","Tlahuapan"
1587,0.594050270326527,0.316457367393536,0.840835807483982,NA,"sintetico_postestratificado",FALSE,0.524378440090446,"21","080","Atlequizayan"
1588,0.547137461922225,0.294274419426266,0.792859480992856,NA,"sintetico_postestratificado",FALSE,0.49858506156659,"21","087","Jolalpan"
1589,0.615950893567105,0.348008920272839,0.850102777415816,NA,"sintetico_postestratificado",FALSE,0.502093857142977,"21","088","Jonotla"
1590,0.493344868516973,0.236676901134291,0.754811996907047,NA,"sintetico_postestratificado",FALSE,0.518135095772755,"21","081","Ixcamilpa de Guerrero"
1591,0.641151424262271,0.40854471607763,0.841662463159534,NA,"sintetico_postestratificado",FALSE,0.433117747081904,"21","083","Ixtacamaxtitlán"
1592,0.753724686842199,0.575525736030687,0.895178955922112,12,"muestra_directa",FALSE,0.319653219891424,"21","197","Xicotepec"
1593,0.543012162414594,0.288245078957789,0.789791576835149,NA,"sintetico_postestratificado",FALSE,0.501546497877359,"21","193","Tzicatlacoyan"
1594,0.647630020303939,0.40302005725257,0.858946118753996,NA,"sintetico_postestratificado",FALSE,0.455926061501426,"21","192","Tuzamapan de Galeana"
1595,0.632933243940855,0.37842071729706,0.847416470517444,NA,"sintetico_postestratificado",FALSE,0.468995753220383,"21","215","Zongozotla"
1596,0.548463456834305,0.302369569978848,0.780178864468664,NA,"sintetico_postestratificado",FALSE,0.477809294489816,"21","191","Tulcingo"
1597,0.63829119723001,0.382070601695464,0.870667347955257,NA,"sintetico_postestratificado",FALSE,0.488596746259793,"21","216","Zoquiapan"
1598,0.673557077576462,0.480504905823128,0.839393061408485,8,"muestra_directa",TRUE,0.358888155585357,"21","199","Xiutetelco"
1599,0.558971002186744,0.278745951501445,0.79550638930158,NA,"sintetico_postestratificado",FALSE,0.516760437800135,"21","198","Xicotlán"
1600,0.568705478378227,0.326533315752064,0.79606026394925,NA,"sintetico_postestratificado",FALSE,0.469526948197186,"21","178","Tlacuilotepec"
1601,0.613290200758888,0.340776983326131,0.852867266702993,NA,"sintetico_postestratificado",FALSE,0.512090283376862,"21","105","Ocotepec"
1602,0.581289218947675,0.346135675241804,0.790322508358584,3,"muestra_directa",TRUE,0.44418683311678,"21","132","San Martín Texmelucan"
1603,0.497399401983208,0.252731774009693,0.751103842901609,NA,"sintetico_postestratificado",FALSE,0.498372068891916,"21","143","San Salvador el Verde"
1604,0.539993699607265,0.292162461378042,0.777220142256866,NA,"sintetico_postestratificado",FALSE,0.485057680878823,"21","176","Tilapa"
1605,0.615553046755617,0.347551222442165,0.85723916649108,NA,"sintetico_postestratificado",FALSE,0.509687944048915,"21","174","Teziutlán"
1606,0.487698124171475,0.228460650176007,0.793853754720455,NA,"sintetico_postestratificado",FALSE,0.565393104544448,"21","171","Tepeyahualco de Cuauhtémoc"
1607,0.566219904460874,0.325191967845659,0.80594661089299,NA,"sintetico_postestratificado",FALSE,0.480754643047332,"21","103","Nicolás Bravo"
1608,0.628896098951642,0.357379028464809,0.859082027348461,2,"muestra_directa",TRUE,0.501702998883652,"21","102","Nealtican"
1609,0.615862697760465,0.380180135690865,0.824146575425408,NA,"sintetico_postestratificado",FALSE,0.443966439734544,"21","142","San Salvador el Seco"
1610,0.648669652360198,0.388335730911087,0.875755801810168,NA,"sintetico_postestratificado",FALSE,0.48742007089908,"21","101","Nauzontla"
1611,0.647695331972013,0.391548946660072,0.852222783889311,NA,"sintetico_postestratificado",FALSE,0.460673837229239,"21","100","Naupan"
1612,0.584540064251584,0.329757742561866,0.81524783788516,NA,"sintetico_postestratificado",FALSE,0.485490095323295,"21","099","Cañada Morelos"
1613,0.586596379785244,0.318340895318992,0.826719028419486,NA,"sintetico_postestratificado",FALSE,0.508378133100494,"21","098","Molcaxac"
1614,0.512472362006731,0.259776902022628,0.757136017359083,NA,"sintetico_postestratificado",FALSE,0.497359115336455,"21","001","Acajete"
1615,0.620057901890653,0.367624330906478,0.847075003584912,NA,"sintetico_postestratificado",FALSE,0.479450672678434,"21","182","Tlanepantla"
1616,0.541164987791556,0.274312397442478,0.79424792310853,NA,"sintetico_postestratificado",FALSE,0.519935525666052,"21","201","Xochiltepec"
1617,0.566178210638032,0.333535323536524,0.787297606428929,NA,"sintetico_postestratificado",FALSE,0.453762282892404,"21","110","Palmar de Bravo"
1618,0.639639242233303,0.376148271110397,0.85609380133235,NA,"sintetico_postestratificado",FALSE,0.479945530221952,"21","109","Pahuatlán"
1619,0.592331927208898,0.339139643944542,0.826935669116911,NA,"sintetico_postestratificado",FALSE,0.487796025172369,"21","067","Guadalupe Victoria"
1620,0.552995206154167,0.301604730841754,0.785589560307122,2,"muestra_directa",TRUE,0.483984829465368,"21","147","Santa Inés Ahuatempan"
1621,0.593825280097757,0.300200958558054,0.85551758993376,NA,"sintetico_postestratificado",FALSE,0.555316631375706,"21","204","Yaonáhuac"
1622,0.518916787823304,0.297756820745797,0.744503081226021,NA,"sintetico_postestratificado",FALSE,0.446746260480223,"21","108","Oriental"
1623,0.469810602965127,0.247678180275713,0.706703909772926,2,"muestra_directa",TRUE,0.459025729497213,"21","066","Guadalupe"
1624,0.629690858644168,0.374523677012015,0.868511223415025,NA,"sintetico_postestratificado",FALSE,0.49398754640301,"21","167","Tepetzintla"
1625,0.506471557225069,0.273857511097501,0.74025859454601,NA,"sintetico_postestratificado",FALSE,0.466401083448509,"21","166","Tepeojuma"
1626,0.598897695180377,0.384126656220581,0.779833328523635,8,"muestra_directa",TRUE,0.395706672303054,"21","065","General Felipe Ángeles"
1627,0.546725948589216,0.298579876171125,0.78303879956106,NA,"sintetico_postestratificado",FALSE,0.484458923389935,"21","181","Tlaltenango"
1628,0.609000947804247,0.341853659383919,0.838743439636604,NA,"sintetico_postestratificado",FALSE,0.496889780252684,"21","064","Francisco Z. Mena"
1629,0.531419515261032,0.322647604392903,0.745672019009457,4,"muestra_directa",TRUE,0.423024414616554,"21","148","Santa Isabel Cholula"
1630,0.5197342208059,0.261966894320695,0.75554265190187,NA,"sintetico_postestratificado",FALSE,0.493575757581175,"21","063","Esperanza"
1631,0.520900853295863,0.273698783222748,0.789131875053086,NA,"sintetico_postestratificado",FALSE,0.515433091830338,"21","217","Zoquitlán"
1632,0.728422307830652,0.528558382160151,0.87377963191585,6,"muestra_directa",TRUE,0.345221249755699,"21","207","Zacapoaxtla"
1633,0.49252069585809,0.253124133141752,0.741045071185978,NA,"sintetico_postestratificado",FALSE,0.487920938044226,"21","214","Zinacatepec"
1634,0.493181445235316,0.243621915576777,0.749978323688965,NA,"sintetico_postestratificado",FALSE,0.506356408112188,"21","059","Chinantla"
1635,0.62024876727978,0.36689983252354,0.835858111947818,NA,"sintetico_postestratificado",FALSE,0.468958279424279,"21","058","Chilchotla"
1636,0.631381735859158,0.362143052317718,0.863776236681002,NA,"sintetico_postestratificado",FALSE,0.501633184363284,"21","057","Honey"
1637,0.507849176405686,0.265338332811583,0.764826210693835,NA,"sintetico_postestratificado",FALSE,0.499487877882252,"21","056","Chila de la Sal"
1638,0.668135840921064,0.444492329175569,0.870034273205244,NA,"sintetico_postestratificado",FALSE,0.425541944029675,"21","107","Olintla"
1639,0.509011784355193,0.27958911786503,0.740446935436184,NA,"sintetico_postestratificado",FALSE,0.460857817571154,"21","106","Ocoyucan"
1640,0.570007166518627,0.31404402617446,0.796184600370528,2,"muestra_directa",TRUE,0.482140574196068,"21","055","Chila"
1641,0.62552765651774,0.336844023352619,0.865878398224998,NA,"sintetico_postestratificado",FALSE,0.529034374872379,"21","200","Xochiapulco"
1642,0.547361765511831,0.29395274423061,0.77824206768592,NA,"sintetico_postestratificado",FALSE,0.48428932345531,"21","051","Chietla"
1643,0.530973884150398,0.291863711294913,0.782864658196706,NA,"sintetico_postestratificado",FALSE,0.491000946901794,"21","050","Chichiquila"
1644,0.560713566282342,0.314982427858141,0.80435344407443,NA,"sintetico_postestratificado",FALSE,0.48937101621629,"21","096","Mazapiltepec de Juárez"
1645,0.492072404164545,0.224447877089437,0.77168376365775,NA,"sintetico_postestratificado",FALSE,0.547235886568313,"21","095","La Magdalena Tlatlauquitepec"
1646,0.583574675944577,0.347877407105825,0.805585196541258,NA,"sintetico_postestratificado",FALSE,0.457707789435433,"21","094","Libres"
1647,0.588928986423542,0.329484578680595,0.815974972255433,NA,"sintetico_postestratificado",FALSE,0.486490393574837,"21","093","Lafragua"
1648,0.540814195310153,0.300766686441876,0.770234333962168,NA,"sintetico_postestratificado",FALSE,0.469467647520292,"21","092","Juan N. Méndez"
1649,0.625408823991693,0.359052066152494,0.853395260355466,NA,"sintetico_postestratificado",FALSE,0.494343194202972,"21","091","Juan Galindo"
1650,0.612012015894252,0.384875830696695,0.825025445766957,NA,"sintetico_postestratificado",FALSE,0.440149615070262,"21","208","Zacatlán"
1651,0.534608303256384,0.267190616183871,0.791013299316151,NA,"sintetico_postestratificado",FALSE,0.52382268313228,"21","090","Juan C. Bonilla"
1652,0.541284571799357,0.290435821709409,0.767841676085164,NA,"sintetico_postestratificado",FALSE,0.477405854375755,"21","037","Coyotepec"
1653,0.503818520369087,0.276507511211682,0.74489843677786,NA,"sintetico_postestratificado",FALSE,0.468390925566178,"21","035","Coxcatlán"
1654,0.503846612397153,0.271348555965188,0.729383486912694,3,"muestra_directa",TRUE,0.458034930947506,"21","034","Coronango"
1655,0.533628930385628,0.278665108998488,0.777152475943011,NA,"sintetico_postestratificado",FALSE,0.498487366944522,"21","033","Cohuecan"
1656,0.57637468673826,0.311293256795736,0.8125969207424,NA,"sintetico_postestratificado",FALSE,0.501303663946664,"21","032","Cohetzala"
1657,0.541705363531617,0.275112449847579,0.780533365848743,NA,"sintetico_postestratificado",FALSE,0.505420916001164,"21","031","Coatzingo"
1658,0.597917295220821,0.305179124491712,0.859246388593298,NA,"sintetico_postestratificado",FALSE,0.554067264101587,"21","030","Coatepec"
1659,0.584497382050142,0.307345645302356,0.839030420503181,NA,"sintetico_postestratificado",FALSE,0.531684775200825,"21","029","Caxhuacan"
1660,0.61499314056439,0.359524607592468,0.858163335981431,NA,"sintetico_postestratificado",FALSE,0.498638728388963,"21","028","Camocuautla"
1661,0.540466990403168,0.283498040751698,0.789622756904295,NA,"sintetico_postestratificado",FALSE,0.506124716152598,"21","020","Atoyatempan"
1662,0.641933169486343,0.378168227982165,0.861511169591196,NA,"sintetico_postestratificado",FALSE,0.48334294160903,"21","077","Hueytlalpan"
1663,0.516177934966402,0.273680948651112,0.749249914661441,NA,"sintetico_postestratificado",FALSE,0.475568966010329,"21","074","Huejotzingo"
1664,0.478543177981644,0.246383595516996,0.72535275897309,NA,"sintetico_postestratificado",FALSE,0.478969163456095,"21","022","Atzitzihuacán"
1665,0.611225640128158,0.366074079696989,0.831380410160718,NA,"sintetico_postestratificado",FALSE,0.465306330463729,"21","025","Ayotoxco de Guerrero"
1666,0.434565041134571,0.235914207117114,0.658079928323409,4,"muestra_directa",TRUE,0.422165721206295,"21","177","Tlacotepec de Benito Juárez"
1667,0.618056728123693,0.354866857190476,0.831999156005485,NA,"sintetico_postestratificado",FALSE,0.47713229881501,"21","075","Hueyapan"
1668,0.592739659668521,0.336679171739103,0.828778927074211,NA,"sintetico_postestratificado",FALSE,0.492099755335108,"21","078","Huitzilan de Serdán"
1669,0.561578613301521,0.317881166428975,0.790463614550432,NA,"sintetico_postestratificado",FALSE,0.472582448121458,"21","079","Huitziltepec"
1670,0.584092509808173,0.292851168909604,0.840872909230221,NA,"sintetico_postestratificado",FALSE,0.548021740320618,"21","187","Tlaxco"
1671,0.523177469431732,0.270097510278772,0.772695734643474,NA,"sintetico_postestratificado",FALSE,0.502598224364703,"21","188","Tochimilco"
1672,0.485854420043667,0.218817205456921,0.745907134478397,NA,"sintetico_postestratificado",FALSE,0.527089929021477,"21","189","Tochtepec"
1673,0.485824677584792,0.243019963698392,0.7253001497631,NA,"sintetico_postestratificado",FALSE,0.482280186064708,"21","190","Totoltepec de Guerrero"
1674,0.603153105420784,0.358380568876703,0.827817560489528,NA,"sintetico_postestratificado",FALSE,0.469436991612825,"21","194","Venustiano Carranza"
1675,0.64492011200113,0.366396326521302,0.862164717731089,NA,"sintetico_postestratificado",FALSE,0.495768391209787,"21","184","Tlapacoya"
1676,0.580573722313822,0.328231114544251,0.80972316747072,NA,"sintetico_postestratificado",FALSE,0.481492052926468,"21","185","Tlapanalá"
1677,0.537557559490163,0.25257300601747,0.788607628750694,NA,"sintetico_postestratificado",FALSE,0.536034622733224,"21","082","Ixcaquixtla"
1678,0.550472414866883,0.313090806116826,0.770406842199919,2,"muestra_directa",TRUE,0.457316036083094,"21","085","Izúcar de Matamoros"
1679,0.591795232631398,0.359258122695227,0.815994327822698,NA,"sintetico_postestratificado",FALSE,0.456736205127471,"21","104","Nopalucan"
1680,0.582536262010525,0.29895467524022,0.827614930497112,NA,"sintetico_postestratificado",FALSE,0.528660255256892,"21","122","San Felipe Teotlalcingo"
1681,0.605859757605212,0.333696275822412,0.841340677947347,NA,"sintetico_postestratificado",FALSE,0.507644402124935,"21","123","San Felipe Tepatlán"
1682,0.573658991678497,0.340445475847626,0.810691550748689,NA,"sintetico_postestratificado",FALSE,0.470246074901062,"21","012","Aljojuca"
1683,0.556223542520021,0.279868566153541,0.805288875692787,NA,"sintetico_postestratificado",FALSE,0.525420309539246,"21","013","Altepexi"
1684,0.551332905575758,0.296552248281272,0.790807756467007,NA,"sintetico_postestratificado",FALSE,0.494255508185735,"21","007","Ahuatlán"
1685,0.511831393624518,0.24099712835052,0.782450822830642,NA,"sintetico_postestratificado",FALSE,0.541453694480122,"21","011","Albino Zertuche"
1686,0.503067777987053,0.245932431544945,0.753573877665007,NA,"sintetico_postestratificado",FALSE,0.507641446120061,"21","018","Atexcal"
1687,0.623005202289879,0.368402474334728,0.843041555455325,NA,"sintetico_postestratificado",FALSE,0.474639081120597,"21","054","Chignautla"
1688,0.585906344672535,0.33544796677941,0.812678641907738,NA,"sintetico_postestratificado",FALSE,0.477230675128328,"21","127","San Jerónimo Xayacatlán"
1689,0.541113671386022,0.29661556382136,0.759699813020993,NA,"sintetico_postestratificado",FALSE,0.463084249199633,"21","129","San José Miahuatlán"
1690,0.600793741136898,0.345902717483827,0.837036161208692,NA,"sintetico_postestratificado",FALSE,0.491133443724865,"21","130","San Juan Atenco"
1691,0.670961864729169,0.431839179960107,0.876221412709715,NA,"sintetico_postestratificado",FALSE,0.444382232749608,"21","213","Zihuateutla"
1692,0.561935168146946,0.28560824631432,0.798548744559928,NA,"sintetico_postestratificado",FALSE,0.512940498245608,"21","124","San Gabriel Chilac"
1693,0.575194118898531,0.335462006764246,0.811339081898705,NA,"sintetico_postestratificado",FALSE,0.475877075134458,"21","169","Tepexi de Rodríguez"
1694,0.476931351621041,0.242208413535203,0.729090184924257,NA,"sintetico_postestratificado",FALSE,0.486881771389054,"21","159","Teopantlán"
1695,0.549040610062417,0.305743717088242,0.76870709269756,5,"muestra_directa",TRUE,0.462963375609318,"21","156","Tehuacán"
1696,0.476170435638531,0.219987913048358,0.760745391717819,NA,"sintetico_postestratificado",FALSE,0.540757478669461,"21","155","Tecomatlán"
1697,0.575252754413633,0.31078551668585,0.802912919426704,NA,"sintetico_postestratificado",FALSE,0.492127402740854,"21","154","Tecamachalco"
1698,0.619672514234722,0.364159310912025,0.845520818237671,NA,"sintetico_postestratificado",FALSE,0.481361507325646,"21","172","Tetela de Ocampo"
1699,0.594564072318342,0.319508807010798,0.813151961198867,NA,"sintetico_postestratificado",FALSE,0.493643154188069,"21","179","Tlachichuca"
1700,0.536153148666208,0.283964582717614,0.774903682144283,NA,"sintetico_postestratificado",FALSE,0.490939099426669,"21","153","Tecali de Herrera"
1701,0.597898592524784,0.341139639621357,0.82554016974483,NA,"sintetico_postestratificado",FALSE,0.484400530123472,"21","151","Santo Tomás Hueyotlipan"
1702,0.53541332526625,0.299008066072166,0.786463109623997,NA,"sintetico_postestratificado",FALSE,0.487455043551832,"21","121","San Diego la Mesa Tochimiltzingo"
1703,0.60334390184378,0.359252864462582,0.831417340599657,NA,"sintetico_postestratificado",FALSE,0.472164476137075,"21","202","Xochitlán de Vicente Suárez"
1704,0.527220416755363,0.283956806977606,0.767375286185486,NA,"sintetico_postestratificado",FALSE,0.48341847920788,"21","203","Xochitlán Todos Santos"
1705,0.564974489857144,0.30632404004698,0.803243168481805,NA,"sintetico_postestratificado",FALSE,0.496919128434825,"21","073","Huehuetlán el Chico"
1706,0.515691918360959,0.248383238939877,0.78291620549934,NA,"sintetico_postestratificado",FALSE,0.534532966559463,"21","097","Mixtla"
1707,0.435265994464443,0.191812705103868,0.71513009397122,NA,"sintetico_postestratificado",FALSE,0.523317388867352,"21","036","Coyomeapan"
1708,0.61968230360731,0.385169498581962,0.834730864683424,NA,"sintetico_postestratificado",FALSE,0.449561366101461,"21","044","Cuyoaco"
1709,0.556346127327432,0.260565957606844,0.824120451481239,NA,"sintetico_postestratificado",FALSE,0.563554493874395,"21","060","Domingo Arenas"
1710,0.566929661991524,0.280641247845569,0.828273734353892,NA,"sintetico_postestratificado",FALSE,0.547632486508322,"21","061","Eloxochitlán"
1711,0.516023885929457,0.255043864799307,0.760360876553547,NA,"sintetico_postestratificado",FALSE,0.505317011754239,"21","062","Epatlán"
1712,0.594118500904455,0.320399786547484,0.838945308972301,NA,"sintetico_postestratificado",FALSE,0.518545522424818,"21","068","Hermenegildo Galeana"
1713,0.606793185050792,0.376933461660485,0.825829166531751,NA,"sintetico_postestratificado",FALSE,0.448895704871265,"21","072","Huehuetla"
1714,0.523944124310838,0.273040327670901,0.774381130935702,NA,"sintetico_postestratificado",FALSE,0.501340803264802,"21","160","Teotlalco"
1715,0.504190209121435,0.271315382757578,0.757507488308785,NA,"sintetico_postestratificado",FALSE,0.486192105551207,"21","161","Tepanco de López"
1716,0.458695887912932,0.23017168099331,0.697130722525497,NA,"sintetico_postestratificado",FALSE,0.466959041532187,"21","024","Axutla"
1717,0.597379120152897,0.334706347931492,0.836641166178915,NA,"sintetico_postestratificado",FALSE,0.501934818247423,"21","186","Tlatlauquitepec"
1718,0.583846337678912,0.328962405085356,0.814941361613118,NA,"sintetico_postestratificado",FALSE,0.485978956527762,"21","170","Tepeyahualco"
1719,0.563609986201721,0.288246662270729,0.809846953477349,NA,"sintetico_postestratificado",FALSE,0.52160029120662,"21","196","Xayacatlán de Bravo"
1720,0.625224385908873,0.333135763955248,0.866060017128446,NA,"sintetico_postestratificado",FALSE,0.532924253173199,"21","117","Rafael Lara Grajales"
1721,0.575940617252441,0.288131474733474,0.82725506352757,NA,"sintetico_postestratificado",FALSE,0.539123588794096,"21","017","Atempan"
1722,0.520378292263614,0.281788213161925,0.750424835526227,1,"muestra_directa",TRUE,0.468636622364302,"21","019","Atlixco"
1723,0.676439384724216,0.431219472209686,0.884694720679032,NA,"sintetico_postestratificado",FALSE,0.453475248469346,"21","173","Teteles de Ávila Castillo"
1724,0.599840963928664,0.349655885536573,0.821645978534137,NA,"sintetico_postestratificado",FALSE,0.471990092997564,"21","175","Tianguismanalco"
1725,0.600431820686345,0.313938155050966,0.833250625691148,NA,"sintetico_postestratificado",FALSE,0.519312470640182,"21","052","Chigmecatitlán"
1726,0.573465891791865,0.305005001208888,0.808445861730023,NA,"sintetico_postestratificado",FALSE,0.503440860521135,"21","069","Huaquechula"
1727,0.585971563273031,0.33836233264597,0.812492969657395,NA,"sintetico_postestratificado",FALSE,0.474130637011425,"21","168","Tepexco"
1728,0.542833480264971,0.330616944484563,0.763841268604324,NA,"sintetico_postestratificado",FALSE,0.433224324119761,"21","157","Tehuitzingo"
1729,0.58935566220191,0.310609539107009,0.83764084834833,NA,"sintetico_postestratificado",FALSE,0.527031309241321,"21","162","Tepango de Rodríguez"
1730,0.48448044590897,0.235423085256929,0.74131933300317,NA,"sintetico_postestratificado",FALSE,0.505896247746242,"21","209","Zapotitlán"
1731,0.595528592197875,0.337482871890498,0.838561972562738,NA,"sintetico_postestratificado",FALSE,0.50107910067224,"21","118","Los Reyes de Juárez"
1732,0.557648863097058,0.294798207048238,0.790282204101515,NA,"sintetico_postestratificado",FALSE,0.495483997053276,"21","119","San Andrés Cholula"
1733,0.527040346531138,0.272283653690081,0.779700083786438,NA,"sintetico_postestratificado",FALSE,0.507416430096357,"21","120","San Antonio Cañada"
1734,0.533544913139357,0.259716891225657,0.792564255619269,NA,"sintetico_postestratificado",FALSE,0.532847364393612,"21","125","San Gregorio Atzompa"
1735,0.531048415383664,0.307076459036116,0.761150407837336,2,"muestra_directa",TRUE,0.45407394880122,"21","126","San Jerónimo Tecuanipan"
1736,0.568889306482258,0.343224022374877,0.791613191440666,NA,"sintetico_postestratificado",FALSE,0.448389169065789,"21","128","San José Chiapa"
1737,0.592768247370417,0.337601485339544,0.80487226034245,NA,"sintetico_postestratificado",FALSE,0.467270775002905,"21","158","Tenampulco"
1738,0.594426232148167,0.322403239056805,0.803831691312194,NA,"sintetico_postestratificado",FALSE,0.481428452255389,"21","053","Chignahuapan"
1739,0.623430459023088,0.354679550601631,0.852048271350476,NA,"sintetico_postestratificado",FALSE,0.497368720748844,"21","002","Acateno"
1740,0.516373434691885,0.284133803591753,0.761831937653093,NA,"sintetico_postestratificado",FALSE,0.47769813406134,"21","003","Acatlán"
1741,0.586207785540143,0.367948389882483,0.786095128485812,NA,"sintetico_postestratificado",FALSE,0.418146738603328,"21","004","Acatzingo"
1742,0.610679780837956,0.324646286163533,0.829491872325282,NA,"sintetico_postestratificado",FALSE,0.504845586161749,"21","005","Acteopan"
1743,0.557291066185098,0.286546725626629,0.797239524119286,NA,"sintetico_postestratificado",FALSE,0.510692798492657,"21","006","Ahuacatlán"
1744,0.592382002359369,0.321833117330851,0.815633025121388,NA,"sintetico_postestratificado",FALSE,0.493799907790537,"21","008","Ahuazotepec"
1745,0.615327036230666,0.302620668738504,0.870747483575574,NA,"sintetico_postestratificado",FALSE,0.56812681483707,"21","133","San Martín Totoltepec"
1746,0.496458378165041,0.238016631072269,0.766837044715615,NA,"sintetico_postestratificado",FALSE,0.528820413643346,"21","134","San Matías Tlalancaleca"
1747,0.420436169288188,0.177210453323005,0.708818791080859,NA,"sintetico_postestratificado",FALSE,0.531608337757854,"21","135","San Miguel Ixitlán"
1748,0.589025302330977,0.328527008845372,0.810473166640735,NA,"sintetico_postestratificado",FALSE,0.481946157795363,"21","137","San Nicolás Buenos Aires"
1749,0.52427188733895,0.279802671287477,0.769912976707668,NA,"sintetico_postestratificado",FALSE,0.49011030542019,"21","138","San Nicolás de los Ranchos"
1750,0.477880481300338,0.229601949822162,0.755361443564026,NA,"sintetico_postestratificado",FALSE,0.525759493741864,"21","139","San Pablo Anicano"
1751,0.457677200620512,0.265772625666042,0.645085639564083,6,"muestra_directa",TRUE,0.379313013898041,"21","140","San Pedro Cholula"
1752,0.489324579780884,0.250573105604109,0.754916672917488,NA,"sintetico_postestratificado",FALSE,0.50434356731338,"21","141","San Pedro Yeloixtlahuaca"
1753,0.480338664140865,0.228218507185296,0.738926049352794,NA,"sintetico_postestratificado",FALSE,0.510707542167498,"21","205","Yehualtepec"
1754,0.558204191109293,0.294730784065556,0.803369675480579,NA,"sintetico_postestratificado",FALSE,0.508638891415023,"21","023","Atzitzintla"
1755,0.564478240349978,0.284182245669991,0.81210182364074,NA,"sintetico_postestratificado",FALSE,0.52791957797075,"21","116","Quimixtlán"
1756,0.507742549380295,0.307892742483054,0.718978202481424,4,"muestra_directa",TRUE,0.411085459998369,"21","115","Quecholac"
1757,0.62699164674063,0.441950816671541,0.796120971271737,17,"muestra_directa",FALSE,0.354170154600196,"21","114","Puebla"
1758,0.587376959622828,0.371905949083576,0.791567566852914,6,"muestra_directa",TRUE,0.419661617769338,"21","144","San Salvador Huixcolotla"
1759,0.513771929090116,0.266501587474127,0.757005329683588,NA,"sintetico_postestratificado",FALSE,0.490503742209461,"21","145","San Sebastián Tlacotepec"
1760,0.579607452636946,0.299055132816266,0.820775773388874,NA,"sintetico_postestratificado",FALSE,0.521720640572608,"21","146","Santa Catarina Tlaltempan"
1761,0.516920996515469,0.253479479530737,0.781140092461699,NA,"sintetico_postestratificado",FALSE,0.527660612930962,"21","149","Santiago Miahuatlán"
1762,0.541243213192149,0.295930387727101,0.78528072940506,NA,"sintetico_postestratificado",FALSE,0.489350341677959,"21","150","Huehuetlán el Grande"
1763,0.58950727393929,0.388486177330884,0.785480098257648,2,"muestra_directa",TRUE,0.396993920926764,"21","010","Ajalpan"
1764,0.633942414106795,0.3732992819374,0.857401522348656,NA,"sintetico_postestratificado",FALSE,0.484102240411256,"21","014","Amixtlán"
1765,0.601414479838441,0.345113244682657,0.83890939407328,NA,"sintetico_postestratificado",FALSE,0.493796149390623,"21","015","Amozoc"
1766,0.678293451812709,0.416869716904267,0.874258246308348,NA,"sintetico_postestratificado",FALSE,0.457388529404081,"21","016","Aquixtla"
1767,0.491214841546101,0.193849180089644,0.79056455915827,NA,"sintetico_postestratificado",FALSE,0.596715379068626,"21","021","Atzala"
1768,0.523367417345041,0.279560666501457,0.772718148905778,NA,"sintetico_postestratificado",FALSE,0.493157482404321,"21","026","Calpan"
1769,0.482746949195784,0.239869571219687,0.727981005930893,NA,"sintetico_postestratificado",FALSE,0.488111434711206,"21","027","Caltepec"
1770,0.593658677408887,0.314559999602429,0.844970346524349,NA,"sintetico_postestratificado",FALSE,0.53041034692192,"21","165","Tepemaxalco"
1771,0.568256638994102,0.298776097890136,0.809150572578132,NA,"sintetico_postestratificado",FALSE,0.510374474687996,"21","152","Soltepec"
1772,0.589847413934071,0.363295568700377,0.807094504172564,NA,"sintetico_postestratificado",FALSE,0.443798935472187,"21","206","Zacapala"
1773,0.646369158139784,0.353582168985517,0.873609178686947,NA,"sintetico_postestratificado",FALSE,0.520027009701431,"21","211","Zaragoza"
1774,0.658914664308184,0.459554904741928,0.819382844171596,12,"muestra_directa",FALSE,0.359827939429668,"21","212","Zautla"
1775,0.54043108792428,0.254844122713771,0.778995413079549,NA,"sintetico_postestratificado",FALSE,0.524151290365779,"21","163","Tepatlaxco de Hidalgo"
1776,0.614019368308754,0.352891498467009,0.848827680763802,NA,"sintetico_postestratificado",FALSE,0.495936182296794,"21","049","Chiconcuautla"
1777,0.541328472960357,0.292834532591572,0.777291771690808,NA,"sintetico_postestratificado",FALSE,0.484457239099235,"21","048","Chiautzingo"
1778,0.539226434428335,0.300831522794137,0.773801147329714,NA,"sintetico_postestratificado",FALSE,0.472969624535577,"21","047","Chiautla"
1779,0.441562583707665,0.206495822473554,0.7029730006517,NA,"sintetico_postestratificado",FALSE,0.496477178178146,"21","195","Vicente Guerrero"
1780,0.532853609620252,0.345157813329232,0.725610241304992,7,"muestra_directa",TRUE,0.380452427975761,"21","164","Tepeaca"
1781,0.502643884890389,0.261333072067625,0.765956101763193,NA,"sintetico_postestratificado",FALSE,0.504623029695568,"21","046","Chapulco"
1782,0.611434045097663,0.371474541638905,0.837225177130644,NA,"sintetico_postestratificado",FALSE,0.465750635491739,"21","210","Zapotitlán de Méndez"
1783,0.487316680072126,0.250191127566114,0.766399896472433,NA,"sintetico_postestratificado",FALSE,0.516208768906319,"21","136","San Miguel Xoxtla"
1784,0.528295656488731,0.302721078090401,0.746659522707607,NA,"sintetico_postestratificado",FALSE,0.443938444617206,"21","045","Chalchicomula de Sesma"
1785,0.65858789596144,0.426578361296911,0.850948365112369,3,"muestra_directa",TRUE,0.424370003815459,"21","043","Cuetzalan del Progreso"
1786,0.582476587110253,0.309529672250951,0.823380561239139,NA,"sintetico_postestratificado",FALSE,0.513850888988188,"21","084","Ixtepec"
1787,0.58696939387052,0.326577722081277,0.818900623596618,NA,"sintetico_postestratificado",FALSE,0.49232290151534,"21","086","Jalpan"
1788,0.587268574457786,0.330092327380646,0.83000067497309,NA,"sintetico_postestratificado",FALSE,0.499908347592444,"21","042","Cuayuca de Andrade"
1789,0.591095414753139,0.341220766290681,0.819932920664937,NA,"sintetico_postestratificado",FALSE,0.478712154374255,"21","113","Piaxtla"
1790,0.550741646176577,0.274342928482428,0.817948389201389,NA,"sintetico_postestratificado",FALSE,0.543605460718961,"21","131","San Juan Atzompa"
1791,0.603958065058407,0.345176832248767,0.833220453717384,NA,"sintetico_postestratificado",FALSE,0.488043621468617,"21","089","Jopala"
1792,0.636030169913868,0.397598376638583,0.833296424636561,2,"muestra_directa",TRUE,0.435698047997978,"21","041","Cuautlancingo"
1793,0.536526179776849,0.286922426131159,0.779117925097096,NA,"sintetico_postestratificado",FALSE,0.492195498965937,"21","040","Cuautinchán"
1794,0.562773001716857,0.286310316284555,0.830152683687377,NA,"sintetico_postestratificado",FALSE,0.543842367402822,"21","039","Cuautempan"
1795,0.524072191177954,0.25940086368153,0.770272827026658,NA,"sintetico_postestratificado",FALSE,0.510871963345128,"21","038","Cuapiaxtla de Madero"
1796,0.46254846381617,0.21842073949319,0.705734767857371,NA,"sintetico_postestratificado",FALSE,0.487314028364182,"21","112","Petlalcingo"
1797,0.580628706664288,0.32795307438011,0.801365180504419,NA,"sintetico_postestratificado",FALSE,0.473412106124309,"21","009","Ahuehuetitla"
1798,0.647493088205104,0.42504401206752,0.839930943879281,1,"muestra_directa",TRUE,0.414886931811761,"21","076","Hueytamalco"
1799,0.618301928412339,0.383679735505016,0.838869297946055,NA,"sintetico_postestratificado",FALSE,0.45518956244104,"21","183","Tlaola"
1800,0.567085801368833,0.343003323039508,0.7885764294638,5,"muestra_directa",TRUE,0.445573106424292,"21","071","Huauchinango"
1801,0.523137375932322,0.261764521857338,0.764848673662308,NA,"sintetico_postestratificado",FALSE,0.503084151804971,"21","070","Huatlatlauca"
1802,0.584929363620171,0.334552278592618,0.81883236121651,NA,"sintetico_postestratificado",FALSE,0.484280082623892,"21","111","Pantepec"
1803,0.454197160506857,0.259793972068674,0.646505540356167,6,"muestra_directa",TRUE,0.386711568287493,"22","002","Pinal de Amoles"
1804,0.637266797494906,0.367839280378712,0.853025117595347,NA,"sintetico_postestratificado",FALSE,0.485185837216635,"22","010","Landa de Matamoros"
1805,0.710419807991338,0.478900372058876,0.888660119862661,7,"muestra_directa",TRUE,0.409759747803785,"22","006","Corregidora"
1806,0.556978324530779,0.30169695455311,0.786525744083054,NA,"sintetico_postestratificado",FALSE,0.484828789529944,"22","003","Arroyo Seco"
1807,0.60318401394853,0.395079328653213,0.801559521098693,9,"muestra_directa",TRUE,0.40648019244548,"22","011","El Marqués"
1808,0.61778726972986,0.370350947170472,0.839989620979012,2,"muestra_directa",TRUE,0.46963867380854,"22","012","Pedro Escobedo"
1809,0.623868961991401,0.372426031169285,0.856486210765595,NA,"sintetico_postestratificado",FALSE,0.484060179596311,"22","015","San Joaquín"
1810,0.570631828067491,0.39619667701634,0.728243923334866,22,"muestra_directa",FALSE,0.332047246318526,"22","016","San Juan del Río"
1811,0.633645749438587,0.378845293097068,0.840271798653478,NA,"sintetico_postestratificado",FALSE,0.46142650555641,"22","017","Tequisquiapan"
1812,0.668864375732279,0.444556170023643,0.859388532436013,2,"muestra_directa",TRUE,0.41483236241237,"22","018","Tolimán"
1813,0.646014602443847,0.402880071393788,0.85714872097225,NA,"sintetico_postestratificado",FALSE,0.454268649578463,"22","007","Ezequiel Montes"
1814,0.59525813664541,0.394775796166463,0.778973036583514,8,"muestra_directa",TRUE,0.384197240417052,"22","001","Amealco de Bonfil"
1815,0.887370254796305,0.798316347238713,0.951527964508752,64,"muestra_directa",FALSE,0.153211617270039,"22","014","Querétaro"
1816,0.66420147393824,0.449670959439801,0.869157333510925,NA,"sintetico_postestratificado",FALSE,0.419486374071124,"22","005","Colón"
1817,0.632748424990897,0.395120717845712,0.825308233391138,3,"muestra_directa",TRUE,0.430187515545426,"22","004","Cadereyta de Montes"
1818,0.662883943438453,0.406057846685369,0.854581242117013,NA,"sintetico_postestratificado",FALSE,0.448523395431644,"22","013","Peñamiller"
1819,0.601398439582741,0.433165888219187,0.764294548174944,12,"muestra_directa",FALSE,0.331128659955757,"22","008","Huimilpan"
1820,0.594996406905885,0.353929027067913,0.831396049690073,NA,"sintetico_postestratificado",FALSE,0.477467022622159,"22","009","Jalpan de Serra"
1821,0.669682143541417,0.376688892268572,0.909406026831316,3,"muestra_directa",TRUE,0.532717134562744,"23","001","Cozumel"
1822,0.677297026669663,0.368160205518584,0.915651203877829,NA,"sintetico_postestratificado",FALSE,0.547490998359244,"23","003","Isla Mujeres"
1823,0.568732629790765,0.394883386962761,0.735563081217116,17,"muestra_directa",FALSE,0.340679694254355,"23","002","Felipe Carrillo Puerto"
1824,0.707012681159515,0.561635917759541,0.824431573750771,31,"muestra_directa",FALSE,0.26279565599123,"23","005","Benito Juárez"
1825,0.61608122113564,0.443523262732374,0.769769135377488,20,"muestra_directa",FALSE,0.326245872645113,"23","004","Othón P. Blanco"
1826,0.594734957251859,0.322133792316081,0.852401615521642,NA,"sintetico_postestratificado",FALSE,0.530267823205561,"23","011","Puerto Morelos"
1827,0.479826856940005,0.312867726379607,0.659434498533806,11,"muestra_directa",FALSE,0.346566772154199,"23","008","Solidaridad"
1828,0.624020907649145,0.349690264912805,0.847937964398137,NA,"sintetico_postestratificado",FALSE,0.498247699485332,"23","010","Bacalar"
1829,0.600107702902471,0.351767711372345,0.840272628755953,2,"muestra_directa",TRUE,0.488504917383608,"23","007","Lázaro Cárdenas"
1830,0.620515264628529,0.384772356678248,0.830152772068008,2,"muestra_directa",TRUE,0.445380415389761,"23","006","José María Morelos"
1831,0.673959449682064,0.441411086498617,0.858025570422008,4,"muestra_directa",TRUE,0.416614483923391,"23","009","Tulum"
1832,0.625630925759823,0.411525305021565,0.808122450764254,6,"muestra_directa",TRUE,0.396597145742689,"24","050","Villa de Reyes"
1833,0.620853105519037,0.390068251262997,0.840333006684916,3,"muestra_directa",TRUE,0.450264755421919,"24","052","Villa Juárez"
1834,0.625276874536162,0.400226143682125,0.833378565490071,7,"muestra_directa",TRUE,0.433152421807947,"24","053","Axtla de Terrazas"
1835,0.640437976227409,0.394093941506291,0.849214680404678,NA,"sintetico_postestratificado",FALSE,0.455120738898386,"24","054","Xilitla"
1836,0.700693249037864,0.470151987027473,0.886783053484419,NA,"sintetico_postestratificado",FALSE,0.416631066456946,"24","055","Zaragoza"
1837,0.691003360385351,0.433100321327386,0.893877943705797,NA,"sintetico_postestratificado",FALSE,0.460777622378411,"24","048","Villa de la Paz"
1838,0.70876779868257,0.462249542356998,0.89055948062948,NA,"sintetico_postestratificado",FALSE,0.428309938272482,"24","015","Charcas"
1839,0.577475183426427,0.421800132661685,0.733819051368842,21,"muestra_directa",FALSE,0.312018918707157,"24","013","Ciudad Valles"
1840,0.705539315684325,0.439301616643707,0.903234882943564,NA,"sintetico_postestratificado",FALSE,0.463933266299857,"24","009","Cerro de San Pedro"
1841,0.652297372880176,0.34699604456439,0.877623648621305,NA,"sintetico_postestratificado",FALSE,0.530627604056915,"24","043","Tierra Nueva"
1842,0.632781682597133,0.383867555032442,0.851127973874446,NA,"sintetico_postestratificado",FALSE,0.467260418842004,"24","042","Tanquián de Escobedo"
1843,0.659847514156321,0.398818647428469,0.878981765003019,NA,"sintetico_postestratificado",FALSE,0.480163117574551,"24","012","Tancanhuitz"
1844,0.679992155914755,0.420518767618105,0.889978074249786,NA,"sintetico_postestratificado",FALSE,0.469459306631681,"24","011","Ciudad Fernández"
1845,0.645605037873951,0.380616349555913,0.847779156404553,NA,"sintetico_postestratificado",FALSE,0.46716280684864,"24","010","Ciudad del Maíz"
1846,0.624597627275243,0.363932219460187,0.837432125110718,2,"muestra_directa",TRUE,0.473499905650531,"24","008","Cerritos"
1847,0.676859266470704,0.416475299747487,0.877839580926435,NA,"sintetico_postestratificado",FALSE,0.461364281178948,"24","007","Cedral"
1848,0.778636286856021,0.581146694821506,0.921721015365461,11,"muestra_directa",FALSE,0.340574320543956,"24","035","Soledad de Graciano Sánchez"
1849,0.61446822216007,0.360607311035438,0.829213682559009,NA,"sintetico_postestratificado",FALSE,0.468606371523571,"24","041","Tanlajás"
1850,0.635951494028213,0.374571083856228,0.85092469935008,NA,"sintetico_postestratificado",FALSE,0.476353615493853,"24","040","Tamuín"
1851,0.63518021877379,0.359877764651763,0.863148094208222,NA,"sintetico_postestratificado",FALSE,0.503270329556459,"24","039","Tampamolón Corona"
1852,0.616719821891478,0.351231795024649,0.850657001875155,NA,"sintetico_postestratificado",FALSE,0.499425206850506,"24","038","Tampacán"
1853,0.587244518343216,0.404870368469752,0.765696853607696,12,"muestra_directa",FALSE,0.360826485137943,"24","037","Tamazunchale"
1854,0.618050179621588,0.389621620245037,0.831844930034061,NA,"sintetico_postestratificado",FALSE,0.442223309789024,"24","036","Tamasopo"
1855,0.714350070882359,0.468922243012799,0.895704981691977,NA,"sintetico_postestratificado",FALSE,0.426782738679178,"24","006","Catorce"
1856,0.854903063387515,0.738147075057754,0.93874816988919,37,"muestra_directa",FALSE,0.200601094831436,"24","028","San Luis Potosí"
1857,0.615175480752469,0.318242049146486,0.850974689009201,NA,"sintetico_postestratificado",FALSE,0.532732639862714,"24","031","Santa Catarina"
1858,0.674598857120378,0.438632832578615,0.872620657692309,NA,"sintetico_postestratificado",FALSE,0.433987825113694,"24","030","San Nicolás Tolentino"
1859,0.611454197570868,0.356597178582104,0.836748892778651,NA,"sintetico_postestratificado",FALSE,0.480151714196547,"24","029","San Martín Chalchicuautla"
1860,0.609996151538747,0.340831969643892,0.864629293845862,NA,"sintetico_postestratificado",FALSE,0.52379732420197,"24","026","San Antonio"
1861,0.645573303684309,0.364424248394493,0.866468107734512,NA,"sintetico_postestratificado",FALSE,0.502043859340019,"24","005","Cárdenas"
1862,0.640097297974167,0.41034994309015,0.846989375852425,NA,"sintetico_postestratificado",FALSE,0.436639432762274,"24","024","Rioverde"
1863,0.552319057446673,0.303882493536325,0.804145540444357,NA,"sintetico_postestratificado",FALSE,0.500263046908032,"24","023","Rayón"
1864,0.690421453566655,0.437113966534121,0.894391301062298,NA,"sintetico_postestratificado",FALSE,0.457277334528176,"24","022","Moctezuma"
1865,0.675016297299097,0.463581088924963,0.850605564660727,8,"muestra_directa",TRUE,0.387024475735764,"24","021","Mexquitic de Carmona"
1866,0.672049945014956,0.413548972926238,0.864842715107481,NA,"sintetico_postestratificado",FALSE,0.451293742181242,"24","017","Guadalcázar"
1867,0.634204667487282,0.33588037910687,0.863873461585349,NA,"sintetico_postestratificado",FALSE,0.527993082478479,"24","016","Ebano"
1868,0.631552320166398,0.348493555313313,0.865936811129227,NA,"sintetico_postestratificado",FALSE,0.517443255815914,"24","014","Coxcatlán"
1869,0.660787540550017,0.427119918056026,0.859785389521448,3,"muestra_directa",TRUE,0.432665471465422,"24","033","Santo Domingo"
1870,0.709099593049888,0.443180992244761,0.894962722952428,NA,"sintetico_postestratificado",FALSE,0.451781730707667,"24","001","Ahualulco del Sonido 13"
1871,0.600152157658473,0.367232802818049,0.822540523891853,NA,"sintetico_postestratificado",FALSE,0.455307721073803,"24","057","Matlapa"
1872,0.67793468617438,0.430236456918465,0.874194913435346,NA,"sintetico_postestratificado",FALSE,0.443958456516881,"24","051","Villa Hidalgo"
1873,0.619159636928377,0.37711804423217,0.841237168753476,NA,"sintetico_postestratificado",FALSE,0.464119124521306,"24","058","El Naranjo"
1874,0.63103833702572,0.374978035462772,0.843806053497012,NA,"sintetico_postestratificado",FALSE,0.468828018034241,"24","032","Santa María del Río"
1875,0.639565269897326,0.389114055013628,0.858046153619388,NA,"sintetico_postestratificado",FALSE,0.46893209860576,"24","027","San Ciro de Acosta"
1876,0.762700010847911,0.595636455447598,0.905641433620268,8,"muestra_directa",TRUE,0.31000497817267,"24","025","Salinas"
1877,0.734653724520736,0.493499883508997,0.906733363433835,NA,"sintetico_postestratificado",FALSE,0.413233479924838,"24","056","Villa de Arista"
1878,0.681507108555429,0.445249871687047,0.883454810056484,NA,"sintetico_postestratificado",FALSE,0.438204938369437,"24","047","Villa de Guadalupe"
1880,0.622942558863069,0.363761256749495,0.846838011425322,NA,"sintetico_postestratificado",FALSE,0.483076754675827,"24","034","San Vicente Tancuayalab"
1881,0.648230630930343,0.378580252142453,0.864005781012686,NA,"sintetico_postestratificado",FALSE,0.485425528870233,"24","002","Alaquines"
1882,0.693815286251389,0.497109381258259,0.850662986345051,10,"muestra_directa",FALSE,0.353553605086792,"24","003","Aquismón"
1883,0.698217264302834,0.441774149575355,0.895922413810513,NA,"sintetico_postestratificado",FALSE,0.454148264235158,"24","004","Armadillo de los Infante"
1884,0.726410344391594,0.510936845921189,0.906460046732157,NA,"sintetico_postestratificado",FALSE,0.395523200810968,"24","046","Villa de Arriaga"
1885,0.68978983479358,0.444592722554315,0.880343081090717,NA,"sintetico_postestratificado",FALSE,0.435750358536402,"24","018","Huehuetlán"
1886,0.609734138933102,0.314585802185805,0.848687385211869,NA,"sintetico_postestratificado",FALSE,0.534101583026064,"24","019","Lagunillas"
1887,0.682198061367476,0.387444200347538,0.886911262464784,1,"muestra_directa",TRUE,0.499467062117246,"24","020","Matehuala"
1888,0.694035525676292,0.437969520571526,0.885173515838676,NA,"sintetico_postestratificado",FALSE,0.447203995267149,"24","044","Vanegas"
1889,0.694825710960675,0.431240281903213,0.893778660482557,NA,"sintetico_postestratificado",FALSE,0.462538378579344,"24","045","Venado"
1890,0.603197123935906,0.368483287156361,0.78685267648102,3,"muestra_directa",TRUE,0.41836938932466,"24","049","Villa de Ramos"
1891,0.814194629039907,0.64483308992788,0.935915974502647,11,"muestra_directa",FALSE,0.291082884574767,"25","010","El Fuerte"
1892,0.663835013452933,0.433435977346676,0.847565744015827,5,"muestra_directa",TRUE,0.414129766669151,"25","008","Elota"
1893,0.668303169574056,0.422200592299018,0.871699587030354,NA,"sintetico_postestratificado",FALSE,0.449498994731336,"25","016","San Ignacio"
1894,0.756910112438091,0.530544186885902,0.922604721692398,12,"muestra_directa",FALSE,0.392060534806496,"25","018","Navolato"
1895,0.759442038641876,0.537300321187071,0.930075166857503,NA,"sintetico_postestratificado",FALSE,0.392774845670432,"25","003","Badiraguato"
1896,0.683343493033552,0.426246067076883,0.884134614739531,NA,"sintetico_postestratificado",FALSE,0.457888547662648,"25","014","Rosario"
1897,0.811401187466878,0.663250272474626,0.921484830304723,33,"muestra_directa",FALSE,0.258234557830097,"25","001","Ahome"
1898,0.777040214881354,0.561128128535134,0.926784195061636,9,"muestra_directa",TRUE,0.365656066526502,"25","002","Angostura"
1901,0.612701253390595,0.378078134351992,0.820252888910658,8,"muestra_directa",TRUE,0.442174754558666,"25","009","Escuinapa"
1902,0.5500327092768,0.338499005031236,0.753381750512967,6,"muestra_directa",TRUE,0.414882745481731,"25","004","Concordia"
1903,0.73370486754985,0.532154550569931,0.890758285932291,7,"muestra_directa",TRUE,0.35860373536236,"25","005","Cosalá"
1904,0.724854357551784,0.561400357792879,0.848125901915127,31,"muestra_directa",FALSE,0.286725544122248,"25","012","Mazatlán"
1905,0.732584895319952,0.493423319922059,0.906236125096281,3,"muestra_directa",TRUE,0.412812805174222,"25","007","Choix"
1906,0.728933103445764,0.502175783328951,0.899464331764819,NA,"sintetico_postestratificado",FALSE,0.397288548435867,"25","013","Mocorito"
1907,0.71202955879084,0.522452544845858,0.863754771879357,19,"muestra_directa",FALSE,0.341302227033499,"25","015","Salvador Alvarado"
1908,0.723128522826667,0.579257180485591,0.847760496793302,43,"muestra_directa",FALSE,0.268503316307712,"25","006","Culiacán"
1909,0.760334019405506,0.551712675865487,0.916312900362437,5,"muestra_directa",TRUE,0.36460022449695,"25","017","Sinaloa"
1910,0.747681842980286,0.596486947168546,0.869191727951551,34,"muestra_directa",FALSE,0.272704780783006,"25","011","Guasave"
1911,0.708251458751833,0.445537709119839,0.896256101768638,NA,"sintetico_postestratificado",FALSE,0.450718392648799,"26","066","Ures"
1912,0.671510675699632,0.399202913662759,0.874819287061904,NA,"sintetico_postestratificado",FALSE,0.475616373399145,"26","038","Moctezuma"
1913,0.801040039975119,0.623311052430483,0.932225282812273,4,"muestra_directa",TRUE,0.308914230381791,"26","033","Huatabampo"
1914,0.765584065503207,0.523511061436972,0.925023604884162,NA,"sintetico_postestratificado",FALSE,0.401512543447189,"26","056","San Miguel de Horcasitas"
1915,0.664649577182743,0.401575014583131,0.881121090436049,NA,"sintetico_postestratificado",FALSE,0.479546075852917,"26","031","Huachinera"
1916,0.67947362758944,0.415648176212788,0.883620801319858,NA,"sintetico_postestratificado",FALSE,0.46797262510707,"26","032","Huásabas"
1917,0.770823180256955,0.477631867492442,0.954496192784872,NA,"sintetico_postestratificado",FALSE,0.476864325292431,"26","070","General Plutarco Elías Calles"
1918,0.766998621280965,0.511736027289918,0.933669943187681,NA,"sintetico_postestratificado",FALSE,0.421933915897763,"26","064","Trincheras"
1919,0.764605123698475,0.520081018478355,0.930394918727273,NA,"sintetico_postestratificado",FALSE,0.410313900248918,"26","062","Suaqui Grande"
1920,0.742952958419019,0.523861775226771,0.905380359805297,NA,"sintetico_postestratificado",FALSE,0.381518584578526,"26","052","Sahuaripa"
1921,0.748714284056284,0.498089106992665,0.921027571213772,NA,"sintetico_postestratificado",FALSE,0.422938464221106,"26","051","Rosario"
1922,0.795301735987511,0.58200522227087,0.93815577116962,NA,"sintetico_postestratificado",FALSE,0.35615054889875,"26","037","Mazatán"
1923,0.761500597457884,0.516233464119906,0.929475500947273,NA,"sintetico_postestratificado",FALSE,0.413242036827367,"26","021","La Colorada"
1924,0.682313844956545,0.443855325720683,0.884430668821434,4,"muestra_directa",TRUE,0.440575343100751,"26","041","Nacozari de García"
1925,0.722938037104592,0.51272666619311,0.874266155112452,21,"muestra_directa",FALSE,0.361539488919342,"26","043","Nogales"
1926,0.735865234196635,0.489272260939192,0.903489394557771,NA,"sintetico_postestratificado",FALSE,0.414217133618578,"26","034","Huépac"
1927,0.743903013799588,0.482419465779356,0.920691361311624,NA,"sintetico_postestratificado",FALSE,0.438271895532267,"26","016","Benjamín Hill"
1928,0.683910562681991,0.458753098882614,0.859722651866785,7,"muestra_directa",TRUE,0.400969552984171,"26","014","Baviácora"
1929,0.735856203640258,0.46790451054311,0.925109831709962,NA,"sintetico_postestratificado",FALSE,0.457205321166852,"26","015","Bavispe"
1930,0.704094990130909,0.450086587226682,0.904830799527414,NA,"sintetico_postestratificado",FALSE,0.454744212300732,"26","069","Yécora"
1931,0.760167216972515,0.533466484819802,0.921438261052326,NA,"sintetico_postestratificado",FALSE,0.387971776232524,"26","009","Bacanora"
1932,0.775789263294999,0.55983241282955,0.919942493831873,9,"muestra_directa",TRUE,0.360110081002324,"26","029","Guaymas"
1933,0.596395395988879,0.403264587404842,0.795254709449612,9,"muestra_directa",TRUE,0.39199012204477,"26","002","Agua Prieta"
1934,0.730871650001393,0.484348944263665,0.907198378441111,NA,"sintetico_postestratificado",FALSE,0.422849434177446,"26","057","San Pedro de la Cueva"
1935,0.872197233762922,0.693872355381933,0.971305890121496,13,"muestra_directa",FALSE,0.277433534739562,"26","055","San Luis Río Colorado"
1936,0.785630962978772,0.551966689314973,0.930726814716065,NA,"sintetico_postestratificado",FALSE,0.378760125401092,"26","024","Divisaderos"
1937,0.699403630031497,0.459871429609192,0.890445571483918,NA,"sintetico_postestratificado",FALSE,0.430574141874726,"26","023","Cumpas"
1938,0.748147796684488,0.522473961797189,0.915917898615889,NA,"sintetico_postestratificado",FALSE,0.393443936818701,"26","001","Aconchi"
1939,0.777413037262955,0.568566087382284,0.932444663456288,NA,"sintetico_postestratificado",FALSE,0.363878576074004,"26","003","Álamos"
1940,0.789065942356013,0.643373660446489,0.890612308260064,46,"muestra_directa",FALSE,0.247238647813575,"26","030","Hermosillo"
1941,0.717120522647291,0.441744228091511,0.910834431571904,NA,"sintetico_postestratificado",FALSE,0.469090203480393,"26","022","Cucurpe"
1942,0.761211395384473,0.449639767736849,0.956362328090431,1,"muestra_directa",TRUE,0.506722560353582,"26","025","Empalme"
1943,0.680807059438803,0.4141532354443,0.892783662053825,NA,"sintetico_postestratificado",FALSE,0.478630426609525,"26","027","Fronteras"
1944,0.748891365962511,0.468312776361283,0.936491995640613,NA,"sintetico_postestratificado",FALSE,0.46817921927933,"26","005","Arivechi"
1945,0.704074885233869,0.433634373323432,0.893684662754316,NA,"sintetico_postestratificado",FALSE,0.460050289430884,"26","006","Arizpe"
1946,0.674668117103705,0.449138474964184,0.850957985019032,4,"muestra_directa",TRUE,0.401819510054848,"26","035","Imuris"
1947,0.745772791103777,0.501448004048915,0.919185857978492,NA,"sintetico_postestratificado",FALSE,0.417737853929577,"26","068","Villa Pesqueira"
1948,0.756960402657907,0.485911133706641,0.937114119185423,NA,"sintetico_postestratificado",FALSE,0.451202985478782,"26","046","Oquitoa"
1949,0.734013479729571,0.483423513231037,0.918098810032684,NA,"sintetico_postestratificado",FALSE,0.434675296801647,"26","026","Etchojoa"
1950,0.741438666516409,0.492717684527666,0.909829421455776,NA,"sintetico_postestratificado",FALSE,0.41711173692811,"26","049","Quiriego"
1951,0.747800936020152,0.503445393300868,0.926458541809158,NA,"sintetico_postestratificado",FALSE,0.42301314850829,"26","071","Benito Juárez"
1952,0.761616066582412,0.532755945672302,0.931660144798399,NA,"sintetico_postestratificado",FALSE,0.398904199126097,"26","004","Altar"
1953,0.687652549356971,0.422005188242268,0.892672372669085,NA,"sintetico_postestratificado",FALSE,0.470667184426817,"26","063","Tepache"
1954,0.72489734624961,0.453005486357271,0.911558837853856,NA,"sintetico_postestratificado",FALSE,0.458553351496585,"26","028","Granados"
1955,0.785069697234736,0.528622957427837,0.95706303281559,4,"muestra_directa",TRUE,0.428440075387753,"26","048","Puerto Peñasco"
1956,0.757643560941937,0.497892644091779,0.937307969563024,NA,"sintetico_postestratificado",FALSE,0.439415325471245,"26","017","Caborca"
1957,0.747843867952325,0.485056783847593,0.936266771036382,NA,"sintetico_postestratificado",FALSE,0.45120998718879,"26","012","Bácum"
1958,0.726321193824326,0.478598215777996,0.91182785144225,NA,"sintetico_postestratificado",FALSE,0.433229635664254,"26","044","Ónavas"
1959,0.738313581914111,0.507883125024798,0.925209984691422,NA,"sintetico_postestratificado",FALSE,0.417326859666624,"26","036","Magdalena"
1960,0.721351895152036,0.468034393981159,0.910253923490245,NA,"sintetico_postestratificado",FALSE,0.442219529509086,"26","013","Banámichi"
1961,0.725474496669225,0.456705047520272,0.914339100756806,NA,"sintetico_postestratificado",FALSE,0.457634053236534,"26","010","Bacerac"
1962,0.693538621512152,0.436773863412196,0.885972613871861,NA,"sintetico_postestratificado",FALSE,0.449198750459665,"26","050","Rayón"
1963,0.778315044303472,0.497016273068944,0.956214673892995,NA,"sintetico_postestratificado",FALSE,0.45919840082405,"26","072","San Ignacio Río Muerto"
1964,0.72534221503556,0.49599939850806,0.900278708798882,NA,"sintetico_postestratificado",FALSE,0.404279310290822,"26","061","Soyopa"
1965,0.634007002635244,0.346770656077865,0.861718091531726,NA,"sintetico_postestratificado",FALSE,0.51494743545386,"26","011","Bacoachi"
1966,0.698319262918483,0.512410220765637,0.842756261443891,17,"muestra_directa",FALSE,0.330346040678254,"26","018","Cajeme"
1967,0.719635654924158,0.527341705626419,0.871648071517556,16,"muestra_directa",FALSE,0.344306365891136,"26","047","Pitiquito"
1968,0.648852457990663,0.386016844468911,0.859188299773819,2,"muestra_directa",TRUE,0.473171455304908,"26","019","Cananea"
1969,0.750652786602026,0.522986566194123,0.91251514769254,NA,"sintetico_postestratificado",FALSE,0.389528581498417,"26","020","Carbó"
1970,0.725983389628571,0.454819730880079,0.920096733824741,NA,"sintetico_postestratificado",FALSE,0.465277002944662,"26","053","San Felipe de Jesús"
1971,0.744064832229736,0.495494186009098,0.920013852493036,1,"muestra_directa",TRUE,0.424519666483938,"26","042","Navojoa"
1972,0.722241427155056,0.465783208206426,0.914262863006331,NA,"sintetico_postestratificado",FALSE,0.448479654799905,"26","008","Bacadéhuachi"
1973,0.715168204715382,0.429060442520653,0.916992732305792,NA,"sintetico_postestratificado",FALSE,0.48793228978514,"26","060","Sáric"
1974,0.726406655749576,0.472828801071986,0.905606760152988,NA,"sintetico_postestratificado",FALSE,0.432777959081002,"26","039","Naco"
1975,0.693778844247713,0.42487555641684,0.900907928173296,NA,"sintetico_postestratificado",FALSE,0.476032371756456,"26","059","Santa Cruz"
1976,0.749469654496791,0.500650693502566,0.924894277519131,NA,"sintetico_postestratificado",FALSE,0.424243584016565,"26","040","Nácori Chico"
1977,0.684846192339159,0.424004265795975,0.898921289353892,NA,"sintetico_postestratificado",FALSE,0.474917023557918,"26","067","Villa Hidalgo"
1978,0.711483569516315,0.453756591961928,0.906265215048693,NA,"sintetico_postestratificado",FALSE,0.452508623086765,"26","065","Tubutama"
1979,0.737791565920757,0.464992934107994,0.929936743870272,NA,"sintetico_postestratificado",FALSE,0.464943809762277,"26","007","Atil"
1980,0.722050091685493,0.473071008050257,0.907354527605975,NA,"sintetico_postestratificado",FALSE,0.434283519555718,"26","045","Opodepe"
1981,0.791716062191942,0.565863912039832,0.937845399921238,NA,"sintetico_postestratificado",FALSE,0.371981487881406,"26","054","San Javier"
1982,0.724159676132444,0.461160190121441,0.90607930056754,NA,"sintetico_postestratificado",FALSE,0.4449191104461,"26","058","Santa Ana"
1983,0.568090002389308,0.402133404700505,0.73849606170503,17,"muestra_directa",FALSE,0.336362657004526,"27","006","Cunduacán"
1984,0.670764933139273,0.419609493013628,0.877069969945713,3,"muestra_directa",TRUE,0.457460476932086,"27","001","Balancán"
1985,0.642404889383481,0.415807562160883,0.84226757306991,3,"muestra_directa",TRUE,0.426460010909026,"27","016","Teapa"
1986,0.549444183040376,0.290270036704005,0.798132780322826,NA,"sintetico_postestratificado",FALSE,0.50786274361882,"27","015","Tacotalpa"
1987,0.611908959222801,0.335077102175941,0.858930942444912,NA,"sintetico_postestratificado",FALSE,0.523853840268971,"27","014","Paraíso"
1988,0.601269376589874,0.39173902904731,0.786607528384331,8,"muestra_directa",TRUE,0.394868499337021,"27","012","Macuspana"
1989,0.525307653739981,0.371653857362401,0.686029469068627,26,"muestra_directa",FALSE,0.314375611706226,"27","002","Cárdenas"
1990,0.605291729292734,0.343779019235579,0.838968821182208,NA,"sintetico_postestratificado",FALSE,0.495189801946628,"27","003","Centla"
1991,0.736730991946466,0.596873382965276,0.860873074046375,33,"muestra_directa",FALSE,0.263999691081099,"27","004","Centro"
1992,0.671947491811777,0.500562449410883,0.816126880883006,18,"muestra_directa",FALSE,0.315564431472123,"27","005","Comalcalco"
1993,0.61204182534366,0.416638330367283,0.794044927140584,12,"muestra_directa",FALSE,0.377406596773301,"27","007","Emiliano Zapata"
1994,0.673501646329352,0.502858154388916,0.818586986250797,22,"muestra_directa",FALSE,0.315728831861881,"27","008","Huimanguillo"
1995,0.562171882670693,0.314756778072848,0.79416115116041,3,"muestra_directa",TRUE,0.479404373087561,"27","009","Jalapa"
1996,0.573197578704601,0.341104710190397,0.784677073446059,4,"muestra_directa",TRUE,0.443572363255662,"27","010","Jalpa de Méndez"
1997,0.667087353032032,0.473115395655346,0.837373071832059,7,"muestra_directa",TRUE,0.364257676176712,"27","011","Jonuta"
1998,0.67848104164496,0.506724416261207,0.822712245309923,16,"muestra_directa",FALSE,0.315987829048716,"27","013","Nacajuca"
1999,0.587099769941511,0.314874328559859,0.813874132252424,1,"muestra_directa",TRUE,0.498999803692565,"27","017","Tenosique"
2000,0.619815467457295,0.482416815065879,0.748377483276648,24,"muestra_directa",FALSE,0.265960668210768,"28","003","Altamira"
2001,0.711424805698781,0.477827395165305,0.897663548844825,8,"muestra_directa",TRUE,0.41983615367952,"28","041","Victoria"
2002,0.656694061586017,0.398773603575171,0.849473003892694,NA,"sintetico_postestratificado",FALSE,0.450699400317523,"28","010","Cruillas"
2003,0.686788977292485,0.424649499162326,0.89257914655049,NA,"sintetico_postestratificado",FALSE,0.467929647388164,"28","024","Mier"
2004,0.68146404628599,0.394774199242053,0.909467647056856,NA,"sintetico_postestratificado",FALSE,0.514693447814803,"28","015","Gustavo Díaz Ordaz"
2005,0.670272022062945,0.384439203471268,0.892507849396676,NA,"sintetico_postestratificado",FALSE,0.508068645925407,"28","025","Miguel Alemán"
2006,0.692611071690008,0.38873432291614,0.907413953778665,NA,"sintetico_postestratificado",FALSE,0.518679630862524,"28","040","Valle Hermoso"
2007,0.642387627974245,0.37787598488142,0.868493918978999,NA,"sintetico_postestratificado",FALSE,0.490617934097579,"28","023","Méndez"
2008,0.680023598319549,0.439302702657965,0.875596676866296,NA,"sintetico_postestratificado",FALSE,0.436293974208331,"28","031","Palmillas"
2009,0.617230530376404,0.377283189209562,0.837759851341445,NA,"sintetico_postestratificado",FALSE,0.460476662131883,"28","039","Tula"
2010,0.671788319283657,0.480806189675375,0.825234948371562,15,"muestra_directa",FALSE,0.344428758696186,"28","038","Tampico"
2011,0.637904523573082,0.368896073418664,0.872365607198022,NA,"sintetico_postestratificado",FALSE,0.503469533779358,"28","037","Soto la Marina"
2012,0.656012030074337,0.422117539018143,0.853347299898572,6,"muestra_directa",TRUE,0.431229760880429,"28","007","Camargo"
2013,0.613490642982127,0.369192718822337,0.828806803984595,NA,"sintetico_postestratificado",FALSE,0.459614085162259,"28","005","Burgos"
2014,0.756056509190234,0.559002598984538,0.909403221534652,10,"muestra_directa",FALSE,0.350400622550114,"28","032","Reynosa"
2015,0.683932879854158,0.409979038663167,0.885862266319607,1,"muestra_directa",TRUE,0.47588322765644,"28","033","Río Bravo"
2016,0.676207922075218,0.444198393010024,0.861607356744806,5,"muestra_directa",TRUE,0.417408963734782,"28","029","Ocampo"
2017,0.66952424978481,0.392776500265972,0.867079281568861,NA,"sintetico_postestratificado",FALSE,0.47430278130289,"28","030","Padilla"
2018,0.719912541655564,0.487866852307922,0.896241003080971,NA,"sintetico_postestratificado",FALSE,0.408374150773049,"28","034","San Carlos"
2019,0.699051457790619,0.463206930318657,0.880988643929426,NA,"sintetico_postestratificado",FALSE,0.417781713610769,"28","035","San Fernando"
2020,0.723885778571584,0.540013183691861,0.872432617608749,21,"muestra_directa",FALSE,0.332419433916888,"28","022","Matamoros"
2021,0.697586249309284,0.423591212969204,0.89515224607554,NA,"sintetico_postestratificado",FALSE,0.471561033106337,"28","036","San Nicolás"
2022,0.619355495773008,0.354113734540914,0.836821064722589,NA,"sintetico_postestratificado",FALSE,0.482707330181674,"28","028","Nuevo Morelos"
2023,0.637118802250882,0.387457967775199,0.848282628493189,1,"muestra_directa",TRUE,0.46082466071799,"28","021","El Mante"
2024,0.665078369115951,0.372942609724912,0.884603429216954,NA,"sintetico_postestratificado",FALSE,0.511660819492042,"28","011","Gómez Farías"
2025,0.645911342951656,0.395023814016606,0.849700271378203,NA,"sintetico_postestratificado",FALSE,0.454676457361598,"28","012","González"
2026,0.776145314851542,0.54014451496064,0.935810619765829,8,"muestra_directa",TRUE,0.395666104805189,"28","027","Nuevo Laredo"
2027,0.67504786642314,0.446773941012071,0.882502114996846,NA,"sintetico_postestratificado",FALSE,0.435728173984775,"28","013","Güémez"
2028,0.676049293146356,0.414183256557624,0.875995929948876,NA,"sintetico_postestratificado",FALSE,0.461812673391252,"28","004","Antiguo Morelos"
2029,0.690458845773449,0.445457824888727,0.893824647724068,NA,"sintetico_postestratificado",FALSE,0.448366822835342,"28","006","Bustamante"
2030,0.653529560770835,0.410249871701641,0.854919648898709,1,"muestra_directa",TRUE,0.444669777197068,"28","016","Hidalgo"
2031,0.688178548752666,0.44197826822823,0.881552064377662,NA,"sintetico_postestratificado",FALSE,0.439573796149432,"28","019","Llera"
2032,0.653357626007759,0.440018433778567,0.839116283563526,5,"muestra_directa",TRUE,0.399097849784959,"28","017","Jaumave"
2033,0.684983769659487,0.422178473892841,0.887202610763072,NA,"sintetico_postestratificado",FALSE,0.465024136870231,"28","020","Mainero"
2034,0.621538908039522,0.380962945294255,0.84006495894021,NA,"sintetico_postestratificado",FALSE,0.459102013645956,"28","008","Casas"
2035,0.68230427701329,0.425544201469402,0.884851712622055,NA,"sintetico_postestratificado",FALSE,0.459307511152653,"28","043","Xicoténcatl"
2036,0.633733975816845,0.35471257163664,0.851967526125589,NA,"sintetico_postestratificado",FALSE,0.497254954488949,"28","042","Villagrán"
2037,0.698123388468842,0.429701659591898,0.907695461815892,NA,"sintetico_postestratificado",FALSE,0.477993802223994,"28","014","Guerrero"
2038,0.68999642124492,0.454475529780184,0.880421149016314,8,"muestra_directa",TRUE,0.42594561923613,"28","009","Ciudad Madero"
2039,0.631752289437681,0.369414174555228,0.857989248640858,NA,"sintetico_postestratificado",FALSE,0.48857507408563,"28","026","Miquihuana"
2040,0.667431810578053,0.414069292262095,0.86689665673339,NA,"sintetico_postestratificado",FALSE,0.452827364471296,"28","001","Abasolo"
2041,0.669020619766649,0.391816373334713,0.874910661778337,NA,"sintetico_postestratificado",FALSE,0.483094288443624,"28","002","Aldama"
2042,0.633542417881553,0.419781584897406,0.819426794118752,7,"muestra_directa",TRUE,0.399645209221345,"28","018","Jiménez"
2043,0.602180914671206,0.334319130848163,0.845828863123367,4,"muestra_directa",TRUE,0.511509732275204,"29","019","Tepetitla de Lardizábal"
2044,0.588090086093232,0.334195975362811,0.835409252065253,NA,"sintetico_postestratificado",FALSE,0.501213276702442,"29","045","Benito Juárez"
2045,0.584721890664619,0.309252271357834,0.818700895491385,NA,"sintetico_postestratificado",FALSE,0.509448624133551,"29","047","Lázaro Cárdenas"
2046,0.497113674579564,0.339707209849432,0.671294962099682,12,"muestra_directa",FALSE,0.33158775225025,"29","033","Tlaxcala"
2047,0.550633690540934,0.296348449453914,0.788912508989342,NA,"sintetico_postestratificado",FALSE,0.492564059535428,"29","059","Santa Cruz Quilehtla"
2048,0.630103299843518,0.401028771007651,0.82823450398651,3,"muestra_directa",TRUE,0.427205732978858,"29","004","Atltzayanca"
2049,0.560335241173147,0.300429755125128,0.80155730978017,NA,"sintetico_postestratificado",FALSE,0.501127554655041,"29","054","San Lorenzo Axocomanitla"
2050,0.594670086985778,0.339629998363261,0.818375796378215,NA,"sintetico_postestratificado",FALSE,0.478745798014954,"29","042","Xicohtzinco"
2051,0.618268464505963,0.390824827118269,0.821160005235948,3,"muestra_directa",TRUE,0.430335178117678,"29","044","Zacatelco"
2052,0.613241049198964,0.36103463613973,0.83519593514898,NA,"sintetico_postestratificado",FALSE,0.47416129900925,"29","053","San Juan Huactzinco"
2053,0.601870799444464,0.333222725471327,0.828147468995655,NA,"sintetico_postestratificado",FALSE,0.494924743524329,"29","008","Cuapiaxtla"
2054,0.564226806658117,0.329404460465467,0.809887046152653,NA,"sintetico_postestratificado",FALSE,0.480482585687186,"29","029","Tepeyanco"
2055,0.628758778218316,0.378293004444037,0.860307161926558,NA,"sintetico_postestratificado",FALSE,0.482014157482521,"29","046","Emiliano Zapata"
2056,0.624259734581356,0.426015604188096,0.816886561285055,5,"muestra_directa",TRUE,0.390870957096959,"29","025","San Pablo del Monte"
2057,0.611291710136515,0.380656123524956,0.812227203314291,5,"muestra_directa",TRUE,0.431571079789335,"29","058","Santa Catarina Ayometla"
2058,0.642009146766214,0.438536383707707,0.815973225371073,7,"muestra_directa",TRUE,0.377436841663366,"29","014","Hueyotlipan"
2059,0.63142764884505,0.419031188030488,0.816370188555148,4,"muestra_directa",TRUE,0.39733900052466,"29","028","Teolocholco"
2060,0.500411223319906,0.281171335273232,0.733725021345021,NA,"sintetico_postestratificado",FALSE,0.452553686071789,"29","040","Xaltocan"
2061,0.534119809778818,0.265430123022332,0.79454717434255,NA,"sintetico_postestratificado",FALSE,0.529117051320218,"29","060","Santa Isabel Xiloxoxtla"
2062,0.583239956493923,0.364066247473714,0.792032668843831,5,"muestra_directa",TRUE,0.427966421370117,"29","015","Ixtacuixtla de Mariano Matamoros"
2063,0.552527866537878,0.25919555937985,0.815683620726537,NA,"sintetico_postestratificado",FALSE,0.556488061346686,"29","057","Santa Apolonia Teacalco"
2064,0.59183352175793,0.315904963887468,0.826563640483845,NA,"sintetico_postestratificado",FALSE,0.510658676596377,"29","056","Santa Ana Nopalucan"
2065,0.594085746483438,0.328055617129652,0.829620688599628,NA,"sintetico_postestratificado",FALSE,0.501565071469976,"29","051","San Jerónimo Zacualpan"
2066,0.586568998753343,0.360279068672661,0.792100143882367,2,"muestra_directa",TRUE,0.431821075209706,"29","041","Papalotla de Xicohténcatl"
2067,0.483089995203188,0.282000307754032,0.701402815463232,4,"muestra_directa",TRUE,0.4194025077092,"29","038","Tzompantepec"
2068,0.569196514198517,0.35501328776267,0.749977770211723,4,"muestra_directa",TRUE,0.394964482449053,"29","023","Natívitas"
2069,0.543151433149041,0.304268272649315,0.777097930399476,NA,"sintetico_postestratificado",FALSE,0.472829657750161,"29","020","Sanctórum de Lázaro Cárdenas"
2070,0.587606513187843,0.31161954145729,0.828767586444014,NA,"sintetico_postestratificado",FALSE,0.517148044986725,"29","017","Mazatecochco de José María Morelos"
2071,0.636659183987865,0.378517709621929,0.843158288782282,NA,"sintetico_postestratificado",FALSE,0.464640579160353,"29","022","Acuamanala de Miguel Hidalgo"
2072,0.467812443751998,0.246731104686472,0.724353313508604,2,"muestra_directa",TRUE,0.477622208822132,"29","001","Amaxac de Guerrero"
2073,0.507368756786186,0.284068898798357,0.735376644981932,3,"muestra_directa",TRUE,0.451307746183575,"29","006","Calpulalpan"
2074,0.545679125644418,0.279986221610132,0.803132973915743,NA,"sintetico_postestratificado",FALSE,0.523146752305612,"29","016","Ixtenco"
2075,0.575336954032869,0.315450168150733,0.813536886940863,NA,"sintetico_postestratificado",FALSE,0.498086718790131,"29","049","San Damián Texóloc"
2076,0.496173411083764,0.333262204167441,0.668750160194219,10,"muestra_directa",FALSE,0.335487956026778,"29","043","Yauhquemehcan"
2077,0.500561945990572,0.323739865503637,0.675273088704491,13,"muestra_directa",FALSE,0.351533223200855,"29","013","Huamantla"
2078,0.533112289115259,0.292869715690811,0.753251743518985,3,"muestra_directa",TRUE,0.460382027828174,"29","002","Apetatitlán de Antonio Carvajal"
2079,0.413537894862361,0.197641052411797,0.637655420004055,2,"muestra_directa",TRUE,0.440014367592258,"29","005","Apizaco"
2080,0.410404197039857,0.220334760138872,0.628839001625333,4,"muestra_directa",TRUE,0.40850424148646,"29","018","Contla de Juan Cuamatzi"
2081,0.628948437564385,0.369629925702926,0.843038485331464,1,"muestra_directa",TRUE,0.473408559628538,"29","003","Atlangatepec"
2082,0.561693397706757,0.313867002250619,0.790194818312861,NA,"sintetico_postestratificado",FALSE,0.476327816062242,"29","011","Muñoz de Domingo Arenas"
2083,0.510353109032698,0.231556409317196,0.763659491313398,NA,"sintetico_postestratificado",FALSE,0.532103081996202,"29","009","Cuaxomulco"
2084,0.535075253749994,0.270980458483699,0.768330645478168,1,"muestra_directa",TRUE,0.497350186994469,"29","010","Chiautempan"
2085,0.560451416512269,0.350214986059389,0.775758026725591,5,"muestra_directa",TRUE,0.425543040666202,"29","007","El Carmen Tequexquitla"
2086,0.581729810133302,0.307141852175517,0.83123792297829,NA,"sintetico_postestratificado",FALSE,0.524096070802773,"29","021","Nanacamilpa de Mariano Arista"
2087,0.594117622670503,0.346730583036154,0.820097635083044,NA,"sintetico_postestratificado",FALSE,0.47336705204689,"29","012","Españita"
2088,0.72758352338068,0.537156519377701,0.880872782884758,10,"muestra_directa",FALSE,0.343716263507057,"29","031","Tetla de la Solidaridad"
2089,0.607655888834038,0.384247075379724,0.809601736736746,4,"muestra_directa",TRUE,0.425354661357022,"29","032","Tetlatlahuca"
2090,0.527194819473863,0.295440124995579,0.75771937778472,NA,"sintetico_postestratificado",FALSE,0.462279252789141,"29","034","Tlaxco"
2091,0.591535383163614,0.336883626220373,0.811169566136379,1,"muestra_directa",TRUE,0.474285939916006,"29","035","Tocatlán"
2092,0.595154640500568,0.335304463886341,0.819361624785033,NA,"sintetico_postestratificado",FALSE,0.484057160898692,"29","030","Terrenate"
2093,0.542490528056786,0.274376632364658,0.784606990912491,NA,"sintetico_postestratificado",FALSE,0.510230358547833,"29","026","Santa Cruz Tlaxcala"
2094,0.554572684436613,0.298450627610036,0.783726092854265,NA,"sintetico_postestratificado",FALSE,0.485275465244229,"29","050","San Francisco Tetlanohcan"
2095,0.548242666614595,0.283123977379376,0.786598400424387,NA,"sintetico_postestratificado",FALSE,0.503474423045011,"29","052","San José Teacalco"
2096,0.481321484488371,0.241647742162786,0.71586952013296,1,"muestra_directa",TRUE,0.474221777970174,"29","027","Tenancingo"
2097,0.527614087908183,0.242595767016359,0.797181010472212,NA,"sintetico_postestratificado",FALSE,0.554585243455853,"29","055","San Lucas Tecopilco"
2098,0.528158097668579,0.276793289906074,0.764074888798695,NA,"sintetico_postestratificado",FALSE,0.487281598892621,"29","024","Panotla"
2099,0.617753857293169,0.354129492296922,0.845492480725329,NA,"sintetico_postestratificado",FALSE,0.491362988428407,"29","037","Ziltlaltépec de Trinidad Sánchez Santos"
2100,0.66745745742042,0.426285696522925,0.861055482750565,5,"muestra_directa",TRUE,0.434769786227641,"29","048","La Magdalena Tlaltelulco"
2101,0.540866325280911,0.281725070559764,0.786030879270104,NA,"sintetico_postestratificado",FALSE,0.50430580871034,"29","039","Xaloztoc"
2102,0.566956137670933,0.269491116185646,0.830585908071767,NA,"sintetico_postestratificado",FALSE,0.561094791886121,"29","036","Totolac"
2103,0.538770983874997,0.2522940724706,0.832743251802811,NA,"sintetico_postestratificado",FALSE,0.58044917933221,"30","162","Tenampa"
2104,0.541524906258701,0.284506346015695,0.797490867219661,NA,"sintetico_postestratificado",FALSE,0.512984521203966,"30","169","José Azueta"
2105,0.482313537473385,0.231006026763655,0.756977458626619,NA,"sintetico_postestratificado",FALSE,0.525971431862964,"30","185","Tlilapan"
2106,0.590297051762996,0.333205737883214,0.806826310803295,NA,"sintetico_postestratificado",FALSE,0.473620572920081,"30","187","Tonayán"
2107,0.608674598119301,0.347881417198911,0.831099095944774,NA,"sintetico_postestratificado",FALSE,0.483217678745863,"30","188","Totutla"
2108,0.592406483931845,0.330428914936575,0.822738657894287,NA,"sintetico_postestratificado",FALSE,0.492309742957712,"30","189","Tuxpan"
2109,0.582394929388023,0.31830823335286,0.806459627574514,NA,"sintetico_postestratificado",FALSE,0.488151394221655,"30","190","Tuxtilla"
2110,0.604238156645751,0.371386796723407,0.819061244179853,NA,"sintetico_postestratificado",FALSE,0.447674447456447,"30","078","Ixcatepec"
2111,0.589094865352811,0.313321091688378,0.8284828917319,NA,"sintetico_postestratificado",FALSE,0.515161800043522,"30","191","Ursulo Galván"
2112,0.690120373184876,0.487246152534893,0.85231586377156,4,"muestra_directa",TRUE,0.365069711236666,"30","079","Ixhuacán de los Reyes"
2113,0.647061084190116,0.422973742122007,0.845500494349439,6,"muestra_directa",TRUE,0.422526752227432,"30","192","Vega de Alatorre"
2114,0.665763998605028,0.398716675991296,0.887303841180493,NA,"sintetico_postestratificado",FALSE,0.488587165189197,"30","194","Villa Aldama"
2115,0.645540663194918,0.358063217870277,0.87033033774334,NA,"sintetico_postestratificado",FALSE,0.512267119873063,"30","031","Carrillo Puerto"
2116,0.565210798462563,0.301463913742521,0.810057149035405,NA,"sintetico_postestratificado",FALSE,0.508593235292884,"30","195","Xoxocotla"
2117,0.596824244586812,0.300021234993986,0.852235017404091,NA,"sintetico_postestratificado",FALSE,0.552213782410105,"30","199","Zaragoza"
2118,0.671521352592695,0.397458014714584,0.895322141228081,2,"muestra_directa",TRUE,0.497864126513497,"30","206","Nanchital de Lázaro Cárdenas del Río"
2119,0.567402157607659,0.311696910243075,0.81402327951751,NA,"sintetico_postestratificado",FALSE,0.502326369274436,"30","210","Uxpanapa"
2120,0.570811628041819,0.276534367622066,0.828610825361514,NA,"sintetico_postestratificado",FALSE,0.552076457739448,"30","211","San Rafael"
2121,0.610545773287599,0.335047758069011,0.848679250607027,NA,"sintetico_postestratificado",FALSE,0.513631492538016,"30","212","Santiago Sochiapan"
2122,0.604929577982879,0.317703697607384,0.836062726285733,NA,"sintetico_postestratificado",FALSE,0.518359028678349,"30","103","Mecatlán"
2123,0.673108096367279,0.452272213471815,0.859550865645493,3,"muestra_directa",TRUE,0.407278652173678,"30","141","San Andrés Tuxtla"
2124,0.4870359845303,0.219446027946713,0.765734441281382,NA,"sintetico_postestratificado",FALSE,0.546288413334669,"30","140","San Andrés Tenejapan"
2125,0.47182398895279,0.2132852336705,0.723628032913539,NA,"sintetico_postestratificado",FALSE,0.510342799243039,"30","138","Río Blanco"
2126,0.600587866309996,0.329091265596549,0.835573299067969,NA,"sintetico_postestratificado",FALSE,0.506482033471419,"30","136","Rafael Lucio"
2127,0.533522330294398,0.268013849286788,0.798481906216714,2,"muestra_directa",TRUE,0.530468056929926,"30","131","Poza Rica de Hidalgo"
2128,0.633284521590212,0.382979339747634,0.856074773647874,NA,"sintetico_postestratificado",FALSE,0.47309543390024,"30","116","Oluta"
2129,0.582559276401323,0.330939906476131,0.820868515572466,NA,"sintetico_postestratificado",FALSE,0.489928609096335,"30","109","Misantla"
2130,0.580686681862055,0.296449080329142,0.828178616032904,NA,"sintetico_postestratificado",FALSE,0.531729535703761,"30","107","Las Minas"
2131,0.587739891800229,0.307404166577177,0.836994074548169,NA,"sintetico_postestratificado",FALSE,0.529589907970992,"30","203","Zozocolco de Hidalgo"
2132,0.630250209523367,0.377937127161243,0.854969563553429,NA,"sintetico_postestratificado",FALSE,0.477032436392186,"30","205","El Higo"
2133,0.549799392643313,0.303838786027698,0.790512516719915,NA,"sintetico_postestratificado",FALSE,0.486673730692217,"30","071","Huatusco"
2134,0.628228308558508,0.372821136711724,0.865965322306411,2,"muestra_directa",TRUE,0.493144185594687,"30","069","Gutiérrez Zamora"
2135,0.480674576127357,0.193791983122455,0.781602670964177,NA,"sintetico_postestratificado",FALSE,0.587810687841722,"30","098","Magdalena"
2136,0.576788615436987,0.305845118771857,0.811001419179818,NA,"sintetico_postestratificado",FALSE,0.505156300407961,"30","075","Ignacio de la Llave"
2137,0.541366969118073,0.284037422762078,0.78441036245274,NA,"sintetico_postestratificado",FALSE,0.500372939690662,"30","074","Huiloapan de Cuauhtémoc"
2138,0.633256776957819,0.373753321983518,0.856827362605415,NA,"sintetico_postestratificado",FALSE,0.483074040621898,"30","073","Hueyapan de Ocampo"
2139,0.631829107856397,0.395943190951971,0.850903099153222,NA,"sintetico_postestratificado",FALSE,0.454959908201252,"30","072","Huayacocotla"
2140,0.659646040723321,0.391297470335198,0.865184097656903,NA,"sintetico_postestratificado",FALSE,0.473886627321704,"30","149","Soteapan"
2141,0.602341251700332,0.315869770875355,0.847642975143443,NA,"sintetico_postestratificado",FALSE,0.531773204268088,"30","150","Tamalín"
2142,0.573747011079369,0.308940827667893,0.794054454639969,NA,"sintetico_postestratificado",FALSE,0.485113626972076,"30","148","Soledad de Doblado"
2143,0.472319740484501,0.226331768247632,0.728124936295604,NA,"sintetico_postestratificado",FALSE,0.501793168047972,"30","147","Soledad Atzompa"
2144,0.56580166573555,0.28281614897716,0.81963204014271,NA,"sintetico_postestratificado",FALSE,0.53681589116555,"30","146","Sochiapa"
2145,0.603073351198692,0.342779448873022,0.824863093670569,NA,"sintetico_postestratificado",FALSE,0.482083644797548,"30","145","Soconusco"
2146,0.573830543695222,0.316886361690667,0.816302259822337,NA,"sintetico_postestratificado",FALSE,0.49941589813167,"30","004","Actopan"
2147,0.591328961328984,0.331071463523936,0.821666402733182,NA,"sintetico_postestratificado",FALSE,0.490594939209246,"30","070","Hidalgotitlán"
2148,0.51283038486732,0.263618759622541,0.776468507727695,NA,"sintetico_postestratificado",FALSE,0.512849748105154,"30","068","Fortín"
2149,0.658510945438162,0.407246374851655,0.859440432034305,NA,"sintetico_postestratificado",FALSE,0.45219405718265,"30","067","Filomeno Mata"
2150,0.61020999485202,0.365990552362597,0.814813731110347,NA,"sintetico_postestratificado",FALSE,0.44882317874775,"30","066","Espinal"
2151,0.595535067495448,0.336500584905286,0.803344066671215,NA,"sintetico_postestratificado",FALSE,0.466843481765929,"30","065","Emiliano Zapata"
2152,0.655486012449959,0.362420503428226,0.881246359076752,NA,"sintetico_postestratificado",FALSE,0.518825855648526,"30","064","Chumatlán"
2153,0.558792882303712,0.323124153450115,0.783328999012324,NA,"sintetico_postestratificado",FALSE,0.460204845562209,"30","173","Tezonapa"
2154,0.670602606263681,0.414335872122702,0.882000571088845,NA,"sintetico_postestratificado",FALSE,0.467664698966143,"30","209","Tatahuicapan de Juárez"
2155,0.709841815710718,0.50767267339861,0.874157158352671,9,"muestra_directa",TRUE,0.366484484954061,"30","032","Catemaco"
2156,0.589842090367643,0.359199586128185,0.809149785995473,NA,"sintetico_postestratificado",FALSE,0.449950199867287,"30","040","Coatzintla"
2157,0.638694676125045,0.390664534516617,0.851408867614369,1,"muestra_directa",TRUE,0.460744333097752,"30","039","Coatzacoalcos"
2158,0.594193229161871,0.320498238037467,0.81059023488545,NA,"sintetico_postestratificado",FALSE,0.490091996847983,"30","038","Coatepec"
2159,0.620023642948334,0.357992692438287,0.846465006023187,NA,"sintetico_postestratificado",FALSE,0.4884723135849,"30","037","Coahuitlán"
2160,0.639112357466627,0.361121725563887,0.875141037387626,NA,"sintetico_postestratificado",FALSE,0.514019311823739,"30","036","Coacoatzintla"
2161,0.603090608377216,0.339777205740753,0.839885491174243,NA,"sintetico_postestratificado",FALSE,0.50010828543349,"30","035","Citlaltépetl"
2162,0.639975895746555,0.394605230825368,0.850468563718834,NA,"sintetico_postestratificado",FALSE,0.455863332893466,"30","034","Cerro Azul"
2163,0.621007799911771,0.359380270893985,0.837295287965357,2,"muestra_directa",TRUE,0.477915017071371,"30","033","Cazones de Herrera"
2164,0.546445452487078,0.27963041030984,0.790472068322498,NA,"sintetico_postestratificado",FALSE,0.510841658012658,"30","030","Camerino Z. Mendoza"
2165,0.54795248519858,0.297904168463504,0.788892507893575,NA,"sintetico_postestratificado",FALSE,0.490988339430072,"30","029","Calcahualco"
2166,0.67763076390757,0.429992884640982,0.878096994810439,5,"muestra_directa",TRUE,0.448104110169457,"30","028","Boca del Río"
2167,0.59158441533076,0.309026655300567,0.846601073677376,NA,"sintetico_postestratificado",FALSE,0.537574418376809,"30","027","Benito Juárez"
2168,0.626351967377492,0.335386979107625,0.861268995543721,1,"muestra_directa",TRUE,0.525882016436096,"30","026","Banderilla"
2169,0.600782649511138,0.377130828682171,0.813904140961731,3,"muestra_directa",TRUE,0.436773312279559,"30","025","Ayahualulco"
2170,0.550048951170918,0.309044410724713,0.786106125067631,NA,"sintetico_postestratificado",FALSE,0.477061714342919,"30","024","Tlaltetela"
2171,0.583404112978442,0.323932484954169,0.817115303626538,NA,"sintetico_postestratificado",FALSE,0.493182818672368,"30","023","Atzalan"
2172,0.496888402401258,0.281611412204639,0.744975238554012,NA,"sintetico_postestratificado",FALSE,0.463363826349373,"30","022","Atzacan"
2173,0.532496313101952,0.288921041033297,0.749243701819729,NA,"sintetico_postestratificado",FALSE,0.460322660786432,"30","168","Tequila"
2174,0.653006568493715,0.365909890595849,0.888764855612616,NA,"sintetico_postestratificado",FALSE,0.522854965016767,"30","166","Tepetlán"
2175,0.550789854450149,0.286847484106408,0.792754337592588,NA,"sintetico_postestratificado",FALSE,0.50590685348618,"30","165","Tepatlaxco"
2176,0.578321533009543,0.332149882148013,0.799323985899051,NA,"sintetico_postestratificado",FALSE,0.467174103751037,"30","164","Teocelo"
2177,0.531080875762475,0.269321148408999,0.766386486902176,NA,"sintetico_postestratificado",FALSE,0.497065338493177,"30","126","Paso de Ovejas"
2178,0.610530625761239,0.360404883036203,0.828040912189604,NA,"sintetico_postestratificado",FALSE,0.467636029153401,"30","050","Coxquihui"
2179,0.593234714657173,0.330335897666946,0.841819763544946,NA,"sintetico_postestratificado",FALSE,0.511483865878,"30","046","Cosautlán de Carvajal"
2180,0.540420336102459,0.286303284092143,0.769397657677867,NA,"sintetico_postestratificado",FALSE,0.483094373585724,"30","021","Atoyac"
2181,0.585505757299534,0.349157365276453,0.799023588382538,NA,"sintetico_postestratificado",FALSE,0.449866223106085,"30","128","Perote"
2182,0.509793738121936,0.267956150858338,0.759898616329664,NA,"sintetico_postestratificado",FALSE,0.491942465471326,"30","020","Atlahuilco"
2183,0.514331884238698,0.25606160707939,0.761122643960023,NA,"sintetico_postestratificado",FALSE,0.505061036880633,"30","101","Mariano Escobedo"
2184,0.500891550074952,0.235223900928279,0.772307194235324,NA,"sintetico_postestratificado",FALSE,0.537083293307045,"30","018","Aquila"
2185,0.615772299629599,0.34463212726327,0.835012012636228,NA,"sintetico_postestratificado",FALSE,0.490379885372958,"30","009","Alto Lucero de Gutiérrez Barrios"
2186,0.642231859517871,0.384901764845286,0.850124372844992,NA,"sintetico_postestratificado",FALSE,0.465222607999706,"30","112","Naolinco"
2187,0.661515801675629,0.417037839903571,0.860926347563577,3,"muestra_directa",TRUE,0.443888507660006,"30","008","Alpatláhuac"
2188,0.597758331296863,0.324381656180107,0.857606700742711,NA,"sintetico_postestratificado",FALSE,0.533225044562603,"30","007","Camarón de Tejeda"
2189,0.514299253156579,0.249778133399978,0.788829902723927,NA,"sintetico_postestratificado",FALSE,0.539051769323948,"30","006","Acultzingo"
2190,0.629511603306724,0.343705042681448,0.861995877944679,NA,"sintetico_postestratificado",FALSE,0.51829083526323,"30","111","Moloacán"
2191,0.552599413639943,0.285935514862002,0.809861034114729,NA,"sintetico_postestratificado",FALSE,0.523925519252727,"30","110","Mixtla de Altamirano"
2192,0.605269522788886,0.337959474046842,0.85194765297149,NA,"sintetico_postestratificado",FALSE,0.513988178924648,"30","005","Acula"
2193,0.621809815699636,0.357343639703626,0.827558432037433,NA,"sintetico_postestratificado",FALSE,0.470214792333807,"30","051","Coyutla"
2194,0.616378121869932,0.361967476098783,0.834240246992415,NA,"sintetico_postestratificado",FALSE,0.472272770893632,"30","045","Cosamaloapan de Carpio"
2195,0.649054848811873,0.393245769199359,0.876473881617814,NA,"sintetico_postestratificado",FALSE,0.483228112418455,"30","013","Naranjos Amatlán"
2196,0.535860695110794,0.291164337502974,0.781910019894951,NA,"sintetico_postestratificado",FALSE,0.490745682391977,"30","014","Amatlán de los Reyes"
2197,0.60856692334527,0.332187706754873,0.850935906669186,NA,"sintetico_postestratificado",FALSE,0.518748199914314,"30","002","Acatlán"
2198,0.553789368930849,0.286733100322279,0.81717650861843,NA,"sintetico_postestratificado",FALSE,0.53044340829615,"30","001","Acajete"
2199,0.609957855880512,0.353292033582564,0.845056694167265,NA,"sintetico_postestratificado",FALSE,0.491764660584701,"30","003","Acayucan"
2200,0.663207861058901,0.381442043808159,0.895450908926932,NA,"sintetico_postestratificado",FALSE,0.514008865118773,"30","120","Oteapan"
2201,0.618106190943758,0.359213170044337,0.845080226700335,NA,"sintetico_postestratificado",FALSE,0.485867056655998,"30","127","La Perla"
2202,0.665892293898907,0.451341714295987,0.855785116686554,3,"muestra_directa",TRUE,0.404443402390567,"30","048","Cosoleacaque"
2203,0.651530662699408,0.409134910559892,0.855826665499706,NA,"sintetico_postestratificado",FALSE,0.446691754939813,"30","059","Chinameca"
2204,0.56575140010212,0.315748518683665,0.796758319643414,NA,"sintetico_postestratificado",FALSE,0.481009800959749,"30","100","Manlio Fabio Altamirano"
2205,0.607121063625215,0.378039154046507,0.82774617024087,4,"muestra_directa",TRUE,0.449707016194364,"30","087","Xalapa"
2206,0.613097147152149,0.344406309948704,0.850654662053445,NA,"sintetico_postestratificado",FALSE,0.506248352104741,"30","097","Lerdo de Tejada"
2207,0.577152569488941,0.354880126233855,0.804832405968275,NA,"sintetico_postestratificado",FALSE,0.449952279734419,"30","010","Altotonga"
2208,0.621975533840119,0.340404745430198,0.835474902712703,NA,"sintetico_postestratificado",FALSE,0.495070157282505,"30","108","Minatitlán"
2209,0.584248341832705,0.345750428880933,0.803069180540357,NA,"sintetico_postestratificado",FALSE,0.457318751659424,"30","011","Alvarado"
2210,0.654026693522513,0.38858638228084,0.870968328598283,NA,"sintetico_postestratificado",FALSE,0.482381946317443,"30","012","Amatitlán"
2211,0.653651664944856,0.385820833691089,0.86314804377488,NA,"sintetico_postestratificado",FALSE,0.477327210083791,"30","015","Angel R. Cabada"
2212,0.559483644042085,0.287319594018297,0.810449863847701,NA,"sintetico_postestratificado",FALSE,0.523130269829404,"30","016","La Antigua"
2213,0.605065942163461,0.334021126859076,0.843788422937404,NA,"sintetico_postestratificado",FALSE,0.509767296078328,"30","017","Apazapan"
2214,0.471746567065437,0.290905588512193,0.674524098943803,7,"muestra_directa",TRUE,0.383618510431611,"30","117","Omealca"
2215,0.530426582491247,0.269758977242552,0.777502146795899,NA,"sintetico_postestratificado",FALSE,0.507743169553347,"30","113","Naranjal"
2216,0.654878022980095,0.401047935319397,0.865136961997582,NA,"sintetico_postestratificado",FALSE,0.464089026678185,"30","114","Nautla"
2217,0.511833467573302,0.255064453644043,0.763924805031988,NA,"sintetico_postestratificado",FALSE,0.508860351387945,"30","115","Nogales"
2218,0.584241780827861,0.326445740475845,0.820488960494507,NA,"sintetico_postestratificado",FALSE,0.494043220018662,"30","163","Tenochtitlán"
2219,0.502456207555868,0.237653546506748,0.768609200643831,NA,"sintetico_postestratificado",FALSE,0.530955654137083,"30","019","Astacinga"
2220,0.627827098027883,0.334770394092309,0.874396215661591,NA,"sintetico_postestratificado",FALSE,0.539625821569282,"30","042","Colipa"
2221,0.61402133215969,0.340031724072395,0.836867482191275,NA,"sintetico_postestratificado",FALSE,0.496835758118881,"30","043","Comapa"
2222,0.557269396989851,0.320407777153788,0.77877312304123,2,"muestra_directa",TRUE,0.458365345887443,"30","044","Córdoba"
2223,0.545393773407216,0.301323311323488,0.773478745238457,NA,"sintetico_postestratificado",FALSE,0.472155433914969,"30","047","Coscomatepec"
2224,0.597990523698115,0.354622525787369,0.8232904441315,NA,"sintetico_postestratificado",FALSE,0.468667918344132,"30","049","Cotaxtla"
2225,0.543430231472547,0.296463609932222,0.792176316886937,NA,"sintetico_postestratificado",FALSE,0.495712706954715,"30","052","Cuichapa"
2226,0.534098583372209,0.278197925369359,0.770514489362582,NA,"sintetico_postestratificado",FALSE,0.492316563993223,"30","099","Maltrata"
2227,0.601698081514492,0.382955263873835,0.796952264396867,7,"muestra_directa",TRUE,0.413997000523032,"30","105","Medellín de Bravo"
2228,0.515071708736505,0.271478565330028,0.758207440417125,NA,"sintetico_postestratificado",FALSE,0.486728875087096,"30","184","Tlaquilpa"
2229,0.517962749220358,0.291157520192518,0.737417895335644,3,"muestra_directa",TRUE,0.446260375143126,"30","175","Tihuatlán"
2230,0.55402894580627,0.303642787298902,0.782868052883771,NA,"sintetico_postestratificado",FALSE,0.479225265584868,"30","178","Tlacotalpan"
2231,0.601487852941637,0.339654861814552,0.836698905504374,NA,"sintetico_postestratificado",FALSE,0.497044043689822,"30","180","Tlachichilco"
2232,0.558971358502094,0.283602968925032,0.807017653629425,NA,"sintetico_postestratificado",FALSE,0.523414684704393,"30","137","Los Reyes"
2233,0.487032953391626,0.265413167971657,0.696210787894006,5,"muestra_directa",TRUE,0.430797619922348,"30","196","Yanga"
2234,0.601931776403336,0.297791226522594,0.856605192415739,NA,"sintetico_postestratificado",FALSE,0.558813965893145,"30","197","Yecuatla"
2235,0.581768583415837,0.309228623425993,0.821505458922445,NA,"sintetico_postestratificado",FALSE,0.512276835496452,"30","198","Zacualpan"
2236,0.59574782240397,0.328309746736734,0.845406436815819,NA,"sintetico_postestratificado",FALSE,0.517096690079084,"30","139","Saltabarranca"
2237,0.540225462212511,0.287599460299425,0.79591101714069,NA,"sintetico_postestratificado",FALSE,0.508311556841266,"30","186","Tomatlán"
2238,0.530264938055034,0.247331041360801,0.791743555461873,NA,"sintetico_postestratificado",FALSE,0.544412514101072,"30","200","Zentla"
2239,0.588504668908567,0.326847266669001,0.804966435372729,NA,"sintetico_postestratificado",FALSE,0.478119168703729,"30","202","Zontecomatlán de López y Fuentes"
2240,0.605173573770322,0.358826926740032,0.829599553717381,NA,"sintetico_postestratificado",FALSE,0.470772626977349,"30","204","Agua Dulce"
2241,0.557988777598076,0.29055277902255,0.824949181902926,NA,"sintetico_postestratificado",FALSE,0.534396402880376,"30","207","Tres Valles"
2242,0.59853826211646,0.320496279248541,0.839678025531927,NA,"sintetico_postestratificado",FALSE,0.519181746283386,"30","208","Carlos A. Carrillo"
2243,0.516471139944888,0.306548236766734,0.728897212959198,4,"muestra_directa",TRUE,0.422348976192464,"30","201","Zongolica"
2244,0.578661034585527,0.313950900653225,0.816091930908458,NA,"sintetico_postestratificado",FALSE,0.502141030255234,"30","181","Tlalixcoyan"
2245,0.637748962434827,0.364552013594073,0.860351513072255,NA,"sintetico_postestratificado",FALSE,0.495799499478182,"30","182","Tlalnelhuayocan"
2246,0.642731262852534,0.383680847607242,0.861088406364467,NA,"sintetico_postestratificado",FALSE,0.477407558757225,"30","183","Tlapacoyan"
2247,0.666771082008576,0.400987875609921,0.871632127358541,NA,"sintetico_postestratificado",FALSE,0.470644251748619,"30","076","Ilamatlán"
2248,0.642924802623651,0.363598790826392,0.848005797914345,NA,"sintetico_postestratificado",FALSE,0.484407007087953,"30","077","Isla"
2249,0.596447010179438,0.32556040007,0.838633593104909,NA,"sintetico_postestratificado",FALSE,0.51307319303491,"30","080","Ixhuatlán del Café"
2250,0.447155559948189,0.1965246981952,0.693824956816703,2,"muestra_directa",TRUE,0.497300258621503,"30","081","Ixhuatlancillo"
2251,0.630942978585971,0.359816723729746,0.855404900339598,NA,"sintetico_postestratificado",FALSE,0.495588176609853,"30","082","Ixhuatlán del Sureste"
2252,0.601963325790747,0.350784828686967,0.808754394470813,NA,"sintetico_postestratificado",FALSE,0.457969565783845,"30","083","Ixhuatlán de Madero"
2253,0.552356598427946,0.294447602790948,0.807036490884484,NA,"sintetico_postestratificado",FALSE,0.512588888093536,"30","084","Ixmatlahuacan"
2254,0.475359155992241,0.225945629522276,0.73488831011489,NA,"sintetico_postestratificado",FALSE,0.508942680592615,"30","085","Ixtaczoquitlán"
2255,0.59026678134624,0.324103405064478,0.816285460689455,NA,"sintetico_postestratificado",FALSE,0.492182055624976,"30","086","Jalacingo"
2256,0.566084450855795,0.285579942936062,0.809420783647946,NA,"sintetico_postestratificado",FALSE,0.523840840711884,"30","088","Jalcomulco"
2257,0.605948537994197,0.327628575879185,0.840789150449199,NA,"sintetico_postestratificado",FALSE,0.513160574570014,"30","089","Jáltipan"
2258,0.574578907471133,0.298932688032613,0.834637775588575,NA,"sintetico_postestratificado",FALSE,0.535705087555961,"30","090","Jamapa"
2259,0.553260143155828,0.318512368630507,0.795019766073824,NA,"sintetico_postestratificado",FALSE,0.476507397443316,"30","091","Jesús Carranza"
2260,0.55214143046501,0.306745021325274,0.791400951063877,NA,"sintetico_postestratificado",FALSE,0.484655929738602,"30","092","Xico"
2261,0.483352740096339,0.250896952799953,0.751545881159424,NA,"sintetico_postestratificado",FALSE,0.500648928359471,"30","041","Coetzala"
2262,0.536095892021194,0.296869109234876,0.763311033871361,NA,"sintetico_postestratificado",FALSE,0.466441924636485,"30","053","Cuitláhuac"
2263,0.579642608974072,0.309286882416788,0.816882863738743,NA,"sintetico_postestratificado",FALSE,0.507595981321955,"30","054","Chacaltianguis"
2264,0.569026273164836,0.311677782489811,0.824754386498287,NA,"sintetico_postestratificado",FALSE,0.513076604008476,"30","055","Chalma"
2265,0.571563802201827,0.304660086707566,0.825545366149344,NA,"sintetico_postestratificado",FALSE,0.520885279441778,"30","056","Chiconamel"
2266,0.551356954701324,0.268452751754284,0.799010422607214,NA,"sintetico_postestratificado",FALSE,0.53055767085293,"30","057","Chiconquiaco"
2267,0.548244738512037,0.292747083414758,0.775736453209717,NA,"sintetico_postestratificado",FALSE,0.482989369794958,"30","058","Chicontepec"
2268,0.579989952184108,0.3085717940744,0.826407365721447,NA,"sintetico_postestratificado",FALSE,0.517835571647047,"30","060","Chinampa de Gorostiza"
2269,0.577613917657106,0.324582592070706,0.813993899371385,NA,"sintetico_postestratificado",FALSE,0.489411307300678,"30","061","Las Choapas"
2270,0.53443868786088,0.268460134388282,0.799023549275701,NA,"sintetico_postestratificado",FALSE,0.530563414887419,"30","062","Chocamán"
2271,0.544225167148393,0.295451321317789,0.78579651687492,NA,"sintetico_postestratificado",FALSE,0.490345195557131,"30","063","Chontla"
2272,0.600494646981354,0.342798034552854,0.837694809850341,NA,"sintetico_postestratificado",FALSE,0.494896775297488,"30","093","Jilotepec"
2273,0.567671381790939,0.302810809398176,0.811836995830983,NA,"sintetico_postestratificado",FALSE,0.509026186432807,"30","094","Juan Rodríguez Clara"
2274,0.579904778489651,0.302050171618667,0.846288795516613,NA,"sintetico_postestratificado",FALSE,0.544238623897946,"30","095","Juchique de Ferrer"
2275,0.583289719830406,0.302289179697421,0.842728255987488,NA,"sintetico_postestratificado",FALSE,0.540439076290067,"30","096","Landero y Coss"
2276,0.631449550705597,0.371512148781596,0.862165683083748,NA,"sintetico_postestratificado",FALSE,0.490653534302152,"30","104","Mecayapan"
2277,0.448176226391087,0.237156867107145,0.670008182337845,4,"muestra_directa",TRUE,0.432851315230701,"30","118","Orizaba"
2278,0.579301145570303,0.297033665819567,0.833836301655282,NA,"sintetico_postestratificado",FALSE,0.536802635835715,"30","119","Otatitlán"
2279,0.611942453871713,0.372990491581572,0.813826959000823,NA,"sintetico_postestratificado",FALSE,0.440836467419252,"30","121","Ozuluama de Mascareñas"
2280,0.719550330442591,0.518684091111733,0.880071638404174,15,"muestra_directa",FALSE,0.361387547292441,"30","123","Pánuco"
2281,0.602107900544393,0.374375197671314,0.80272841870058,4,"muestra_directa",TRUE,0.428353221029267,"30","124","Papantla"
2282,0.607670629624906,0.356072375329913,0.827613175088609,NA,"sintetico_postestratificado",FALSE,0.471540799758696,"30","125","Paso del Macho"
2283,0.626699580631835,0.355231645550795,0.843257588623472,NA,"sintetico_postestratificado",FALSE,0.488025943072677,"30","129","Platón Sánchez"
2284,0.619405827244929,0.365145377105835,0.83659901894294,NA,"sintetico_postestratificado",FALSE,0.471453641837106,"30","130","Playa Vicente"
2285,0.685493125079285,0.402428985631018,0.889639744064093,NA,"sintetico_postestratificado",FALSE,0.487210758433075,"30","122","Pajapan"
2286,0.587654698915749,0.323482277081622,0.831016109464309,NA,"sintetico_postestratificado",FALSE,0.507533832382687,"30","132","Las Vigas de Ramírez"
2287,0.62059588296621,0.346134248104173,0.845366106143078,NA,"sintetico_postestratificado",FALSE,0.499231858038905,"30","133","Pueblo Viejo"
2288,0.546706044242712,0.316267377864324,0.758881216349058,3,"muestra_directa",TRUE,0.442613838484734,"30","134","Puente Nacional"
2289,0.537594400120566,0.300410844672308,0.773713428141487,NA,"sintetico_postestratificado",FALSE,0.473302583469179,"30","135","Rafael Delgado"
2290,0.653998908474779,0.381063020308851,0.867451303457194,NA,"sintetico_postestratificado",FALSE,0.486388283148343,"30","106","Miahuatlán"
2291,0.669652436806092,0.445145926558733,0.86053140616355,4,"muestra_directa",TRUE,0.415385479604817,"30","102","Martínez de la Torre"
2292,0.645750459279029,0.362894923082649,0.884123849883053,NA,"sintetico_postestratificado",FALSE,0.521228926800404,"30","170","Texcatepec"
2293,0.507057419357944,0.254224359417737,0.755878902388727,NA,"sintetico_postestratificado",FALSE,0.50165454297099,"30","171","Texhuacán"
2294,0.601980507080373,0.349360452665983,0.845004641525749,NA,"sintetico_postestratificado",FALSE,0.495644188859766,"30","172","Texistepec"
2295,0.571839460882029,0.316822331351533,0.795926318445007,NA,"sintetico_postestratificado",FALSE,0.479103987093474,"30","174","Tierra Blanca"
2296,0.575994583898041,0.313007393919817,0.825705475516256,NA,"sintetico_postestratificado",FALSE,0.51269808159644,"30","176","Tlacojalpan"
2297,0.532713206145797,0.25928012310994,0.80115492281381,NA,"sintetico_postestratificado",FALSE,0.54187479970387,"30","179","Tlacotepec de Mejía"
2298,0.498503826284181,0.310559039292363,0.700956378243215,7,"muestra_directa",TRUE,0.390397338950851,"30","177","Tlacolulan"
2299,0.585008426636567,0.334021576883772,0.814036752559478,6,"muestra_directa",TRUE,0.480015175675706,"30","193","Veracruz"
2300,0.5668649454016,0.288174477591455,0.818926402420398,NA,"sintetico_postestratificado",FALSE,0.530751924828943,"30","143","Santiago Tuxtla"
2301,0.629430432667802,0.36444706965701,0.847925667688232,NA,"sintetico_postestratificado",FALSE,0.483478598031222,"30","144","Sayula de Alemán"
2302,0.618091253862946,0.362911856127374,0.84255409949022,NA,"sintetico_postestratificado",FALSE,0.479642243362847,"30","142","San Juan Evangelista"
2303,0.63029482299214,0.449564472741945,0.808464710344816,9,"muestra_directa",TRUE,0.358900237602871,"30","151","Tamiahua"
2304,0.68564931439953,0.424831747436691,0.892277944929336,NA,"sintetico_postestratificado",FALSE,0.467446197492644,"30","152","Tampico Alto"
2305,0.625632254590969,0.381137933393306,0.833322588465376,NA,"sintetico_postestratificado",FALSE,0.45218465507207,"30","153","Tancoco"
2306,0.582732693377037,0.332095191547841,0.823965898227612,NA,"sintetico_postestratificado",FALSE,0.491870706679771,"30","154","Tantima"
2307,0.52818547799432,0.313128956094372,0.75526755479846,5,"muestra_directa",TRUE,0.442138598704088,"30","155","Tantoyuca"
2308,0.613306176657422,0.35866471629152,0.841534897122714,NA,"sintetico_postestratificado",FALSE,0.482870180831193,"30","156","Tatatila"
2309,0.607873262368437,0.31974726576473,0.856166172926978,NA,"sintetico_postestratificado",FALSE,0.536418907162247,"30","157","Castillo de Teayo"
2310,0.616961549395751,0.365853229012561,0.838974556847978,NA,"sintetico_postestratificado",FALSE,0.473121327835417,"30","158","Tecolutla"
2311,0.445698498561001,0.203036366258058,0.707907704129082,2,"muestra_directa",TRUE,0.504871337871024,"30","159","Tehuipango"
2312,0.614170301315417,0.386628545364526,0.830604427493657,NA,"sintetico_postestratificado",FALSE,0.443975882129131,"30","160","Álamo Temapache"
2313,0.633009999100709,0.370210120420616,0.853946383735159,NA,"sintetico_postestratificado",FALSE,0.483736263314544,"30","161","Tempoal"
2314,0.69060288467441,0.480239673163711,0.864425454274396,11,"muestra_directa",FALSE,0.384185781110685,"30","167","Tepetzintla"
2315,0.646444423987029,0.373113830447617,0.87277830527728,NA,"sintetico_postestratificado",FALSE,0.499664474829662,"31","009","Cansahcab"
2316,0.68726172413884,0.426530617979678,0.890724646082758,NA,"sintetico_postestratificado",FALSE,0.464194028103079,"31","007","Cacalchén"
2317,0.609427371338682,0.332709020740712,0.849644779287413,NA,"sintetico_postestratificado",FALSE,0.516935758546701,"31","019","Chemax"
2318,0.759379972526685,0.548351325463926,0.909690405183789,7,"muestra_directa",TRUE,0.361339079719863,"31","101","Umán"
2319,0.682869675289545,0.405947809196045,0.891107337100638,NA,"sintetico_postestratificado",FALSE,0.485159527904594,"31","106","Yobaín"
2320,0.675962248347867,0.385098042163761,0.897313022925847,NA,"sintetico_postestratificado",FALSE,0.512214980762086,"31","105","Yaxkukul"
2321,0.758202403770027,0.507303862284446,0.924186132848299,NA,"sintetico_postestratificado",FALSE,0.416882270563853,"31","103","Xocchel"
2322,0.678861046714636,0.421325044561718,0.884977523122083,NA,"sintetico_postestratificado",FALSE,0.463652478560365,"31","097","Tunkás"
2323,0.663033986157228,0.37511182853507,0.884804449666753,NA,"sintetico_postestratificado",FALSE,0.509692621131683,"31","095","Tixpéhual"
2324,0.643123953249249,0.378399085298595,0.853600863235331,NA,"sintetico_postestratificado",FALSE,0.475201777936736,"31","081","Tekom"
2325,0.657758602686464,0.379881340471406,0.873232380592778,NA,"sintetico_postestratificado",FALSE,0.493351040121372,"31","090","Timucuy"
2326,0.731193784462268,0.471884841618377,0.929879499668043,NA,"sintetico_postestratificado",FALSE,0.457994658049665,"31","088","Teya"
2327,0.724235466235283,0.433721444615177,0.920604672427454,NA,"sintetico_postestratificado",FALSE,0.486883227812276,"31","087","Tetiz"
2328,0.684083090700383,0.40896264035814,0.887220749842237,NA,"sintetico_postestratificado",FALSE,0.478258109484096,"31","066","Santa Elena"
2329,0.674184580998827,0.395306665890962,0.891182291411177,NA,"sintetico_postestratificado",FALSE,0.495875625520215,"31","086","Tepakán"
2330,0.689248081111919,0.396478568170595,0.902842645400639,NA,"sintetico_postestratificado",FALSE,0.506364077230044,"31","083","Telchac Puerto"
2331,0.684596079356787,0.402774995704408,0.905288499004082,NA,"sintetico_postestratificado",FALSE,0.502513503299674,"31","082","Telchac Pueblo"
2332,0.695487509916844,0.446472147272815,0.897683188342446,NA,"sintetico_postestratificado",FALSE,0.451211041069632,"31","080","Tekit"
2333,0.698204361428698,0.483551149833322,0.870686126123928,6,"muestra_directa",TRUE,0.387134976290606,"31","102","Valladolid"
2334,0.750157937359864,0.507745530632049,0.924418910041825,NA,"sintetico_postestratificado",FALSE,0.416673379409776,"31","071","Sudzal"
2335,0.690954189214507,0.442086361118025,0.886204650964068,2,"muestra_directa",TRUE,0.444118289846043,"31","069","Sotuta"
2336,0.678448464645062,0.391919947265819,0.890532534441932,NA,"sintetico_postestratificado",FALSE,0.498612587176114,"31","078","Tekantó"
2337,0.668616907811381,0.395708514402292,0.8854049361102,NA,"sintetico_postestratificado",FALSE,0.489696421707909,"31","037","Huhí"
2338,0.705135518602186,0.438112322009025,0.89908097206464,NA,"sintetico_postestratificado",FALSE,0.460968650055615,"31","027","Dzidzantún"
2339,0.696487665586473,0.425107948845443,0.888144820210665,NA,"sintetico_postestratificado",FALSE,0.463036871365222,"31","058","Peto"
2340,0.680724852433681,0.41618462192571,0.888399515937532,NA,"sintetico_postestratificado",FALSE,0.472214894011822,"31","055","Opichén"
2341,0.673396400749794,0.398772654057037,0.8749727992305,NA,"sintetico_postestratificado",FALSE,0.476200145173463,"31","036","Homún"
2342,0.645696413869424,0.380455859493106,0.863086318837403,NA,"sintetico_postestratificado",FALSE,0.482630459344298,"31","032","Espita"
2343,0.676096643953737,0.394516364456006,0.897676287094597,NA,"sintetico_postestratificado",FALSE,0.503159922638591,"31","077","Tekal de Venegas"
2344,0.68812588521904,0.412622356146314,0.888228564862641,NA,"sintetico_postestratificado",FALSE,0.475606208716327,"31","074","Tahmek"
2345,0.697737089312204,0.44474245628211,0.896550471672197,NA,"sintetico_postestratificado",FALSE,0.451808015390087,"31","026","Dzemul"
2346,0.704715134271934,0.457843938411447,0.894313468810898,NA,"sintetico_postestratificado",FALSE,0.436469530399451,"31","025","Dzan"
2347,0.71094377092318,0.464183326020458,0.898615144199867,NA,"sintetico_postestratificado",FALSE,0.434431818179409,"31","001","Abalá"
2348,0.744762105968992,0.578798439789513,0.875706151754494,39,"muestra_directa",FALSE,0.296907711964981,"31","050","Mérida"
2349,0.737085603096331,0.51861976948941,0.903029242988888,5,"muestra_directa",TRUE,0.384409473499479,"31","023","Chocholá"
2350,0.695407745435875,0.439661507903241,0.880180310408337,NA,"sintetico_postestratificado",FALSE,0.440518802505097,"31","035","Hoctún"
2351,0.673095066901093,0.420384835540476,0.87589741489081,NA,"sintetico_postestratificado",FALSE,0.455512579350334,"31","034","Hocabá"
2352,0.733161513649865,0.492411747823935,0.907633889133385,NA,"sintetico_postestratificado",FALSE,0.41522214130945,"31","016","Chacsinkín"
2353,0.668223490216893,0.389999691697781,0.892149896554727,NA,"sintetico_postestratificado",FALSE,0.502150204856946,"31","015","Cuzamá"
2354,0.694624369091017,0.428540436978619,0.903895436238485,NA,"sintetico_postestratificado",FALSE,0.475354999259866,"31","013","Conkal"
2355,0.665247867947285,0.421801040865005,0.872408081178813,NA,"sintetico_postestratificado",FALSE,0.450607040313808,"31","049","Mayapán"
2356,0.66214619928284,0.350110206338261,0.890042295210918,NA,"sintetico_postestratificado",FALSE,0.539932088872657,"31","065","San Felipe"
2357,0.686755481838937,0.404034576927784,0.908032911554258,NA,"sintetico_postestratificado",FALSE,0.503998334626474,"31","064","Sanahcat"
2358,0.670991376233026,0.407807091878327,0.890896495768823,NA,"sintetico_postestratificado",FALSE,0.483089403890496,"31","073","Tahdziú"
2359,0.711688691730102,0.447887936896487,0.910177165376983,NA,"sintetico_postestratificado",FALSE,0.462289228480496,"31","072","Suma"
2360,0.652344846262589,0.394880671716124,0.881513238323186,NA,"sintetico_postestratificado",FALSE,0.486632566607062,"31","093","Tixkokob"
2361,0.66708659593614,0.360746237523052,0.899195746403358,NA,"sintetico_postestratificado",FALSE,0.538449508880306,"31","061","Río Lagartos"
2362,0.662040834243105,0.398172333312831,0.877546209251228,NA,"sintetico_postestratificado",FALSE,0.479373875938397,"31","014","Cuncunul"
2363,0.683886790587775,0.438754680345244,0.884643953932154,3,"muestra_directa",TRUE,0.445889273586909,"31","089","Ticul"
2364,0.645464078278114,0.336084729845862,0.871410374753726,NA,"sintetico_postestratificado",FALSE,0.535325644907864,"31","070","Sucilá"
2365,0.662066930247929,0.459241607080632,0.836379647299344,8,"muestra_directa",TRUE,0.377138040218712,"31","068","Sinanché"
2366,0.647674890999791,0.394488367663505,0.858735336887963,NA,"sintetico_postestratificado",FALSE,0.464246969224458,"31","012","Cenotillo"
2367,0.639157923016277,0.370865691621486,0.859186574542642,NA,"sintetico_postestratificado",FALSE,0.488320882921157,"31","010","Cantamayec"
2368,0.648988331821187,0.377454625374175,0.86776556681415,NA,"sintetico_postestratificado",FALSE,0.490310941439975,"31","002","Acanceh"
2369,0.676148558292099,0.403884192602859,0.898615118726863,NA,"sintetico_postestratificado",FALSE,0.494730926124004,"31","063","Samahil"
2370,0.704688996338355,0.44313607725053,0.904159886909915,NA,"sintetico_postestratificado",FALSE,0.461023809659385,"31","060","Quintana Roo"
2371,0.714829450659775,0.463496605507756,0.903722000571546,NA,"sintetico_postestratificado",FALSE,0.440225395063789,"31","054","Muxupip"
2372,0.719277426812614,0.465025641445877,0.911791592017211,NA,"sintetico_postestratificado",FALSE,0.446765950571334,"31","053","Muna"
2373,0.674271632643358,0.404419727661135,0.883673093082983,NA,"sintetico_postestratificado",FALSE,0.479253365421848,"31","076","Tecoh"
2374,0.680115148244277,0.444222213876399,0.871023058736849,4,"muestra_directa",TRUE,0.426800844860451,"31","098","Tzucacab"
2375,0.678811228986534,0.418683661876327,0.887600466709831,NA,"sintetico_postestratificado",FALSE,0.468916804833504,"31","042","Kantunil"
2376,0.663392815466537,0.422550783631529,0.847034638984595,6,"muestra_directa",TRUE,0.424483855353066,"31","052","Motul"
2377,0.705787588542965,0.446114172326776,0.90496200691762,NA,"sintetico_postestratificado",FALSE,0.458847834590844,"31","006","Buctzotz"
2378,0.741014983359484,0.515194421419038,0.903768215603168,4,"muestra_directa",TRUE,0.388573794184131,"31","056","Oxkutzcab"
2379,0.649872035040691,0.378129957553678,0.868960539820296,NA,"sintetico_postestratificado",FALSE,0.490830582266618,"31","057","Panabá"
2380,0.604474258832462,0.318402569508085,0.853380472154821,NA,"sintetico_postestratificado",FALSE,0.534977902646736,"31","028","Dzilam de Bravo"
2381,0.686815278556037,0.430733126882585,0.887656456307129,NA,"sintetico_postestratificado",FALSE,0.456923329424543,"31","062","Sacalum"
2382,0.716898717681934,0.432436976361454,0.909034825582756,NA,"sintetico_postestratificado",FALSE,0.476597849221302,"31","051","Mocochá"
2383,0.663647881366563,0.419932962584099,0.865151466323744,1,"muestra_directa",TRUE,0.445218503739644,"31","040","Izamal"
2384,0.63903856191075,0.363474876733092,0.871436866720058,NA,"sintetico_postestratificado",FALSE,0.507961989986966,"31","085","Temozón"
2385,0.724708810367572,0.505126289947361,0.895564789578801,1,"muestra_directa",TRUE,0.39043849963144,"31","104","Yaxcabá"
2386,0.67447169903775,0.419313342410046,0.887490702950345,NA,"sintetico_postestratificado",FALSE,0.468177360540299,"31","091","Tinum"
2387,0.722683669435231,0.468359059861194,0.909278362280498,1,"muestra_directa",TRUE,0.440919302419304,"31","048","Maxcanú"
2388,0.65287192743252,0.401873910304434,0.861105281405992,NA,"sintetico_postestratificado",FALSE,0.459231371101559,"31","096","Tizimín"
2389,0.682544063365602,0.397750740645998,0.886685820824717,NA,"sintetico_postestratificado",FALSE,0.488935080178719,"31","099","Uayma"
2390,0.66248785775728,0.405952081431573,0.875649924610879,NA,"sintetico_postestratificado",FALSE,0.469697843179306,"31","005","Bokobá"
2391,0.645315237177027,0.356697524804361,0.86180461176786,NA,"sintetico_postestratificado",FALSE,0.505107086963498,"31","047","Maní"
2392,0.699675049118577,0.457783237456687,0.89143191250082,NA,"sintetico_postestratificado",FALSE,0.433648675044132,"31","046","Mama"
2393,0.741188514396896,0.497534229765072,0.927469773018347,NA,"sintetico_postestratificado",FALSE,0.429935543253275,"31","045","Kopomá"
2394,0.657183999308035,0.376459084685144,0.896641378484107,NA,"sintetico_postestratificado",FALSE,0.520182293798963,"31","044","Kinchil"
2395,0.70653697309523,0.446959530319888,0.899677347250791,NA,"sintetico_postestratificado",FALSE,0.452717816930903,"31","100","Ucú"
2396,0.6155578898862,0.32424356217061,0.84761003369102,NA,"sintetico_postestratificado",FALSE,0.52336647152041,"31","043","Kaua"
2397,0.678455783419582,0.399225988419449,0.884909113731688,NA,"sintetico_postestratificado",FALSE,0.48568312531224,"31","020","Chicxulub Pueblo"
2398,0.643871421189661,0.386411642768317,0.862210780875549,NA,"sintetico_postestratificado",FALSE,0.475799138107233,"31","067","Seyé"
2399,0.654843775306898,0.40234114422396,0.87394636836807,NA,"sintetico_postestratificado",FALSE,0.47160522414411,"31","075","Teabo"
2400,0.693992314639971,0.449626029468345,0.898735936775797,NA,"sintetico_postestratificado",FALSE,0.449109907307452,"31","004","Baca"
2401,0.696649671244186,0.43747372091043,0.90463434808683,NA,"sintetico_postestratificado",FALSE,0.4671606271764,"31","003","Akil"
2402,0.625228939895249,0.374549700592117,0.839245879584296,NA,"sintetico_postestratificado",FALSE,0.464696178992178,"31","022","Chikindzonot"
2403,0.640564671913996,0.351615851542934,0.884180067236795,NA,"sintetico_postestratificado",FALSE,0.53256421569386,"31","033","Halachó"
2404,0.663024248563725,0.444911731069081,0.841784007971363,6,"muestra_directa",TRUE,0.396872276902282,"31","079","Tekax"
2405,0.700535633974286,0.439229589617128,0.899945912577392,NA,"sintetico_postestratificado",FALSE,0.460716322960264,"31","059","Progreso"
2406,0.649869954560495,0.355798363293276,0.875911180265976,NA,"sintetico_postestratificado",FALSE,0.5201128169727,"31","094","Tixméhuac"
2407,0.729785076346676,0.489056655302911,0.918853891820512,NA,"sintetico_postestratificado",FALSE,0.429797236517601,"31","084","Temax"
2408,0.689471380714085,0.455693102025823,0.866381491579946,5,"muestra_directa",TRUE,0.410688389554124,"31","029","Dzilam González"
2409,0.643765491347978,0.415408590197519,0.838065567568625,7,"muestra_directa",TRUE,0.422656977371106,"31","041","Kanasín"
2410,0.687658236370959,0.443762000885742,0.878574386952599,6,"muestra_directa",TRUE,0.434812386066857,"31","038","Hunucmá"
2411,0.667705665311466,0.408351824019077,0.870646435715417,NA,"sintetico_postestratificado",FALSE,0.46229461169634,"31","030","Dzitás"
2412,0.668547260899764,0.399478194436948,0.878762188578855,NA,"sintetico_postestratificado",FALSE,0.479283994141907,"31","021","Chichimilá"
2413,0.688178697785929,0.433804275054091,0.887606989054803,NA,"sintetico_postestratificado",FALSE,0.453802714000712,"31","039","Ixil"
2414,0.67576583189904,0.427760362865862,0.869750016515591,4,"muestra_directa",TRUE,0.441989653649729,"31","092","Tixcacalcupul"
2415,0.679518100540756,0.438197048284589,0.885068996648504,NA,"sintetico_postestratificado",FALSE,0.446871948363914,"31","018","Chapab"
2416,0.694375974545008,0.424554368906935,0.884041171408915,NA,"sintetico_postestratificado",FALSE,0.45948680250198,"31","017","Chankom"
2417,0.654863793958733,0.410327410952455,0.863458010386068,NA,"sintetico_postestratificado",FALSE,0.453130599433613,"31","024","Chumayel"
2418,0.650578201662448,0.335608391383254,0.902540505010908,NA,"sintetico_postestratificado",FALSE,0.566932113627653,"31","031","Dzoncauich"
2419,0.708987335325917,0.447766667612744,0.905831571998445,NA,"sintetico_postestratificado",FALSE,0.458064904385701,"31","011","Celestún"
2420,0.673193980956217,0.368921442841223,0.888598642037573,NA,"sintetico_postestratificado",FALSE,0.51967719919635,"31","008","Calotmul"
2421,0.674469539933594,0.430405332994345,0.879307810287595,NA,"sintetico_postestratificado",FALSE,0.44890247729325,"32","027","Melchor Ocampo"
2422,0.558442340840622,0.32086873502716,0.768714664007924,2,"muestra_directa",TRUE,0.447845928980764,"32","019","Jalpa"
2423,0.603452807197029,0.322983049140822,0.844513242128553,NA,"sintetico_postestratificado",FALSE,0.521530192987731,"32","003","Atolinga"
2424,0.626783467406638,0.363105905716793,0.851885140951964,NA,"sintetico_postestratificado",FALSE,0.48877923523517,"32","058","Santa María de la Paz"
2425,0.712681690291672,0.509543066064698,0.877953719531138,5,"muestra_directa",TRUE,0.36841065346644,"32","036","Ojocaliente"
2426,0.759211122733831,0.546360675544188,0.913087020154022,2,"muestra_directa",TRUE,0.366726344609833,"32","035","Noria de Ángeles"
2427,0.669992982846305,0.414336658989985,0.871405816083719,NA,"sintetico_postestratificado",FALSE,0.457069157093733,"32","037","Pánuco"
2428,0.521215710956979,0.299289721444596,0.734628038366417,7,"muestra_directa",TRUE,0.435338316921821,"32","040","Sain Alto"
2429,0.605840804201227,0.346093142701161,0.828610593109229,NA,"sintetico_postestratificado",FALSE,0.482517450408068,"32","033","Moyahua de Estrada"
2430,0.69763301558319,0.522098118041281,0.852606484400336,9,"muestra_directa",TRUE,0.330508366359055,"32","020","Jerez"
2431,0.680237002711717,0.500493029197127,0.824619090850513,14,"muestra_directa",FALSE,0.324126061653387,"32","010","Fresnillo"
2432,0.627869363486847,0.36659176772779,0.842782957821964,NA,"sintetico_postestratificado",FALSE,0.476191190094173,"32","034","Nochistlán de Mejía"
2433,0.729416502759606,0.523592619962109,0.891057430608312,3,"muestra_directa",TRUE,0.367464810646204,"32","005","Calera"
2434,0.621030273305471,0.360663398935197,0.847053254330997,NA,"sintetico_postestratificado",FALSE,0.4863898553958,"32","045","Tepechitlán"
2435,0.6976642570258,0.450361278853807,0.888558634865332,NA,"sintetico_postestratificado",FALSE,0.438197356011526,"32","038","Pinos"
2436,0.668504497163559,0.431729395717214,0.863004822868457,2,"muestra_directa",TRUE,0.431275427151243,"32","051","Villa de Cos"
2437,0.673580078122313,0.400452406560824,0.883211621972347,NA,"sintetico_postestratificado",FALSE,0.482759215411523,"32","050","Vetagrande"
2438,0.649423383452416,0.413887719138125,0.846155065609063,NA,"sintetico_postestratificado",FALSE,0.432267346470938,"32","049","Valparaíso"
2439,0.733870650908566,0.539275293167918,0.887430411505181,9,"muestra_directa",TRUE,0.348155118337263,"32","048","Tlaltenango de Sánchez Román"
2440,0.637722291305651,0.376484541042118,0.849325310389925,NA,"sintetico_postestratificado",FALSE,0.472840769347807,"32","046","Tepetongo"
2441,0.662519934161004,0.430945674004098,0.863975857751761,2,"muestra_directa",TRUE,0.433030183747663,"32","025","Luis Moya"
2442,0.629514327921305,0.357705280505993,0.84300982513157,NA,"sintetico_postestratificado",FALSE,0.485304544625577,"32","044","Tabasco"
2443,0.656122950869965,0.380135511695296,0.870402229382755,NA,"sintetico_postestratificado",FALSE,0.490266717687459,"32","043","Susticacán"
2444,0.665500910640731,0.419246223455407,0.881953307775001,NA,"sintetico_postestratificado",FALSE,0.462707084319594,"32","054","Villa Hidalgo"
2445,0.625697824197984,0.385087331093446,0.828058443133931,NA,"sintetico_postestratificado",FALSE,0.442971112040485,"32","042","Sombrerete"
2446,0.672605635846489,0.424440678350174,0.866158938800055,NA,"sintetico_postestratificado",FALSE,0.441718260449881,"32","041","El Salvador"
2447,0.648698032909836,0.38671056979458,0.858708979148616,NA,"sintetico_postestratificado",FALSE,0.471998409354037,"32","016","General Pánfilo Natera"
2448,0.667255046147486,0.418750768978111,0.869389472449442,NA,"sintetico_postestratificado",FALSE,0.450638703471331,"32","014","General Francisco R. Murguía"
2449,0.674447962535632,0.412418445572142,0.897084034454252,NA,"sintetico_postestratificado",FALSE,0.48466558888211,"32","013","General Enrique Estrada"
2450,0.662157167405526,0.390549003096052,0.873143859848142,NA,"sintetico_postestratificado",FALSE,0.48259485675209,"32","009","Chalchihuites"
2451,0.703870828208351,0.508361793907612,0.842594329226341,20,"muestra_directa",FALSE,0.334232535318729,"32","017","Guadalupe"
2452,0.68568848401525,0.421715681917441,0.888689072913612,NA,"sintetico_postestratificado",FALSE,0.466973390996171,"32","057","Trancoso"
2453,0.63258759233431,0.347805568954908,0.873358933087078,NA,"sintetico_postestratificado",FALSE,0.52555336413217,"32","030","Momax"
2454,0.65642548581988,0.388368009349446,0.864349831381878,NA,"sintetico_postestratificado",FALSE,0.475981822032432,"32","032","Morelos"
2455,0.565704998415175,0.380161156124581,0.746416307191136,12,"muestra_directa",FALSE,0.366255151066556,"32","056","Zacatecas"
2456,0.634471147376548,0.422226028429978,0.848003304494283,NA,"sintetico_postestratificado",FALSE,0.425777276064304,"32","018","Huanusco"
2457,0.689280648930071,0.425739216811293,0.891179119814468,NA,"sintetico_postestratificado",FALSE,0.465439903003175,"32","022","Juan Aldama"
2458,0.662483808915951,0.420446210476932,0.85550448512105,NA,"sintetico_postestratificado",FALSE,0.435058274644117,"32","002","Apulco"
2459,0.678473112130003,0.429056912449775,0.877344168028768,NA,"sintetico_postestratificado",FALSE,0.448287255578993,"32","001","Apozol"
2460,0.65348089312277,0.393543666365249,0.86344588396334,NA,"sintetico_postestratificado",FALSE,0.46990221759809,"32","015","El Plateado de Joaquín Amaro"
2461,0.644418986243162,0.412545859890743,0.842053526507396,NA,"sintetico_postestratificado",FALSE,0.429507666616652,"32","028","Mezquital del Oro"
2462,0.737642641400483,0.504821561282299,0.900213186885481,NA,"sintetico_postestratificado",FALSE,0.395391625603182,"32","026","Mazapil"
2463,0.811427251467343,0.640603054069427,0.934296814988039,11,"muestra_directa",FALSE,0.293693760918611,"32","052","Villa García"
2464,0.777501784389233,0.598938889386822,0.904832151042357,8,"muestra_directa",TRUE,0.305893261655534,"32","024","Loreto"
2465,0.681639135110225,0.437862460314288,0.877814175285446,NA,"sintetico_postestratificado",FALSE,0.439951714971158,"32","004","Benito Juárez"
2466,0.79164204606615,0.616528306865557,0.919537740907615,6,"muestra_directa",TRUE,0.303009434042058,"32","029","Miguel Auza"
2467,0.743999189015206,0.544441192508382,0.903924427846681,8,"muestra_directa",TRUE,0.359483235338299,"32","053","Villa González Ortega"
2468,0.702828633992025,0.484066176973998,0.872591888841041,6,"muestra_directa",TRUE,0.388525711867042,"32","023","Juchipila"
2469,0.71768294899174,0.52286430621811,0.873369518763407,6,"muestra_directa",TRUE,0.350505212545298,"32","039","Río Grande"
2470,0.678042089411413,0.446832112166668,0.868163701224875,NA,"sintetico_postestratificado",FALSE,0.421331589058207,"32","055","Villanueva"
2471,0.732861572313522,0.534862365013353,0.892920818630938,6,"muestra_directa",TRUE,0.358058453617585,"32","031","Monte Escobedo"
2472,0.634701756443029,0.364505333636687,0.837516630633046,NA,"sintetico_postestratificado",FALSE,0.473011296996358,"32","021","Jiménez del Teul"
2473,0.556627187245823,0.341841802664406,0.756810981965418,8,"muestra_directa",TRUE,0.414969179301011,"32","008","Cuauhtémoc"
2474,0.710013662962245,0.483124950328346,0.902082273606455,NA,"sintetico_postestratificado",FALSE,0.418957323278109,"32","007","Concepción del Oro"
2475,0.658677867618589,0.407012475207363,0.871063227247354,NA,"sintetico_postestratificado",FALSE,0.464050752039991,"32","047","Teúl de González Ortega"
2476,0.72655197461415,0.487561557819083,0.903136470691008,NA,"sintetico_postestratificado",FALSE,0.415574912871925,"32","012","Genaro Codina"
2477,0.684731710398586,0.392310129532683,0.896472079531558,NA,"sintetico_postestratificado",FALSE,0.504161949998875,"32","006","Cañitas de Felipe Pescador"
2478,0.655277332318048,0.389948226763709,0.870821633482452,NA,"sintetico_postestratificado",FALSE,0.480873406718743,"32","011","Trinidad García de la Cadena"
